radar_key,distance,x,thickness,easting,northing,elevation,time,part_idx,elevation_date,antenna,date_str,temperate,thickness_user_lower,thickness_user_upper,thickness_user_std,thickness_user_nmad,thickness_user_count,thickness_gpr_uncertainty,thickness_gnss_uncertainty,thickness_nmad,thickness_std,thickness_lower,thickness_upper,temperate_user_lower,temperate_user_upper,temperate_user_std,temperate_user_nmad,temperate_user_count,temperate_user_temperate_line_count,temperate_gpr_uncertainty,temperate_gnss_uncertainty,temperate_nmad,temperate_std,temperate_lower,temperate_upper,temperate_frac,temperate_frac_std,bed_type,bed_elevation,temperate_elevation,geometry,glacier
dronbreen-20220328-DAT_0226_A1_1,0.0,0,159.1394500732422,540086.0823874965,8670678.580294669,563.7811889648438,2022-03-28 10:37:21+00:00,0,2022-05-03,100 MHz,20220328,0.0,159.1394500732422,159.1394500732422,0.221078765052984,0.2317693634033203,2,3.1938543842582394,1.0728420649852382,3.3771900985967234,3.3764732702340057,155.7702222797786,162.50867786670577,0.0,0.0,0.221078765052984,0.2317693634033203,2.0,0.0,3.1938543842582394,0.9599397415802902,0.0,0.0,0.0,0.0,0.0,0.0,certain_cold,404.64173889160156,404.64173889160156,POINT (540086.0823874965 8670678.580294669),dronbreen
dronbreen-20220328-DAT_0226_A1_1,5.0,51,159.9731903076172,540089.8635283344,8670682.166500304,563.3969116210938,2022-03-28 10:37:36.333333248+00:00,0,2022-05-03,100 MHz,20220328,0.0,159.8689727783203,160.07740783691406,0.6493168681707981,0.15451290893554687,11,3.2104717171903014,1.580632527669271,3.581815471717201,3.6369135581831094,156.29049155936653,163.65588905586785,0.104217529296875,0.0,0.7253724983929795,0.15451290893554687,9.0,0.0,3.2083945179603655,1.354827880859375,0.0,0.0,0.0,0.0,0.0,0.0,certain_cold,403.42372131347656,403.42372131347656,POINT (540089.8635283344 8670682.166500304),dronbreen
dronbreen-20220328-DAT_0226_A1_1,10.0,60,160.59849548339844,540093.1720129141,8670685.304437457,563.0908203125,2022-03-28 10:37:39+00:00,0,2022-05-03,100 MHz,20220328,0.0,160.2858428955078,160.8069305419922,0.7089299457048053,0.30902581787109373,11,3.222935106484842,1.1290067036946614,3.4289158335705534,3.487771280562555,156.8708806940186,164.2218927434814,0.312652587890625,0.0,0.7904594068183612,0.30902581787109373,9.0,0.0,3.218780606569668,1.1290232340494792,0.0,0.0,0.0,0.0,0.0,0.0,certain_cold,402.49232482910156,402.49232482910156,POINT (540093.1720129141 8670685.304437457),dronbreen
dronbreen-20220328-DAT_0226_A1_1,15.0,68,161.01535034179688,540096.7349718971,8670688.915182965,562.7552286783854,2022-03-28 10:37:41.333333248+00:00,0,2022-05-03,100 MHz,20220328,0.0,160.59849548339844,161.53643798828125,0.7763338931241892,0.6180290130615234,11,3.2312439119132796,0.7903162638346355,3.3834149725010043,3.415879290720258,157.27200528874008,164.8629281829396,0.4168548583984375,0.0,0.8600956939124234,0.7725645446777343,9.0,0.0,3.2291669249898067,0.9032185872395834,0.0,0.0,0.0,0.0,0.0,0.0,certain_cold,401.7398783365885,401.7398783365885,POINT (540096.7349718971 8670688.915182965),dronbreen
dronbreen-20220328-DAT_0226_A1_1,20.0,74,161.32801818847656,540100.2688075267,8670692.21492231,562.4169108072916,2022-03-28 10:37:43.333333248+00:00,0,2022-05-03,100 MHz,20220328,0.0,160.91114807128906,162.0575408935547,0.8262421963392025,0.7725871673583984,11,3.2374761437033897,0.7903162638346355,3.4209271417405223,3.4334425501151955,157.57860376131657,165.39008520352718,0.4168701171875,0.0,0.9121887124082637,0.9270774536132812,9.0,0.0,3.2353988254303925,0.7903162638346355,0.0,0.0,0.0,0.0,0.0,0.0,certain_cold,401.08889261881507,401.08889261881507,POINT (540100.2688075267 8670692.21492231),dronbreen
dronbreen-20220328-DAT_0226_A1_1,25.0,81,161.744873046875,540104.4385978144,8670696.060861778,561.9713439941406,2022-03-28 10:37:45.500000+00:00,0,2022-05-03,100 MHz,20220328,0.0,161.53643798828125,162.68283081054688,0.8528211903613047,0.7725645446777343,11,3.245785202809928,1.2419255574544272,3.5601062693031356,3.5783801720565758,158.06116811774768,166.15810068108044,0.20843505859375,0.0,0.9395599574460266,0.6180290130615234,9.0,0.0,3.2437081526570126,0.9032185872395834,0.0,0.0,0.0,0.0,0.0,0.0,certain_cold,400.2264709472656,400.2264709472656,POINT (540104.4385978144 8670696.060861778),dronbreen
dronbreen-20220328-DAT_0226_A1_1,30.0,87,162.4744110107422,540108.0470617486,8670699.491336381,561.5466831752232,2022-03-28 10:37:47.285714432+00:00,0,2022-05-03,100 MHz,20220328,0.0,162.0575408935547,163.20391845703125,0.8087265000725957,0.9270548309326171,11,3.2603272371519756,1.580632527669271,3.7399951257183055,3.7124347041747217,158.43426435417197,166.82719499641397,0.4168701171875,0.0,0.89195258059235,0.6180516357421875,9.0,0.0,3.2520176235971507,1.2419090270996094,0.0,0.0,0.0,0.0,0.0,0.0,certain_cold,399.072272164481,399.072272164481,POINT (540108.0470617486 8670699.491336381),dronbreen
dronbreen-20220328-DAT_0226_A1_1,35.0,93,163.20391845703125,540111.5663709441,8670702.786243357,561.126953125,2022-03-28 10:37:49+00:00,0,2022-05-03,100 MHz,20220328,0.0,162.68283081054688,163.72500610351562,0.8090973566019423,0.7725645446777343,11,3.274869096603973,1.2419090270996094,3.5866365312331743,3.5946827626291964,159.1803880013802,167.2274489126823,0.521087646484375,0.0,0.8931406895472178,0.7725645446777343,9.0,0.0,3.266559236089168,1.5806159973144531,0.0,0.0,0.0,0.0,0.0,0.0,certain_cold,397.92303466796875,397.92303466796875,POINT (540111.5663709441 8670702.786243357),dronbreen
dronbreen-20220328-DAT_0226_A1_1,40.0,98,163.62078857421875,540114.9057715761,8670705.95617422,560.7362365722656,2022-03-28 10:37:50.500000+00:00,0,2022-05-03,100 MHz,20220328,0.0,163.20391845703125,164.24607849121094,0.7907015387686641,0.6180063903808594,11,3.2831790967688126,1.1290067036946614,3.526450484126885,3.560776606564682,159.73204272215145,167.71795422609074,0.4168701171875,0.0,0.8688228437435821,0.6180063903808594,9.0,0.0,3.281101583693439,1.5806159973144531,0.0,0.0,0.0,0.0,0.0,0.0,certain_cold,397.1154479980469,397.1154479980469,POINT (540114.9057715761 8670705.95617422),dronbreen
dronbreen-20220328-DAT_0226_A1_1,45.0,103,164.24607849121094,540118.3984884016,8670709.130680285,560.3536987304688,2022-03-28 10:37:52+00:00,0,2022-05-03,100 MHz,20220328,0.0,163.82923889160156,164.6629638671875,0.7206648054987954,0.4635387268066406,11,3.2956440523661548,1.4677136739095051,3.6373508628845346,3.678968729190555,160.22154528647414,168.27065747231492,0.416839599609375,0.0,0.790260997771959,0.4635387268066406,9.0,0.0,3.2956440523661548,1.5806159973144531,0.0,0.0,0.0,0.0,0.0,0.0,certain_cold,396.1076202392578,396.1076202392578,POINT (540118.3984884016 8670709.130680285),dronbreen
dronbreen-20220328-DAT_0226_A1_1,50.0,108,164.97560119628906,540122.2140960647,8670712.842067463,559.9426472981771,2022-03-28 10:37:53.666666752+00:00,0,2022-05-03,100 MHz,20220328,0.0,164.55874633789062,165.079833984375,0.6404326084392075,0.15453553161621092,11,3.310187244859542,1.5806490580240886,3.6714673185519637,3.7237004399676796,160.89053273442323,168.7480475878424,0.3126373291015625,0.0,0.6999679415886431,0.15453553161621092,9.0,0.0,3.310187244859542,1.5806490580240886,0.0,0.0,0.0,0.0,0.0,0.0,certain_cold,394.96704610188806,394.96704610188806,POINT (540122.2140960647 8670712.842067463),dronbreen
dronbreen-20220328-DAT_0226_A1_1,55.0,115,165.70513916015625,540126.1049239059,8670716.710782059,559.530517578125,2022-03-28 10:37:55.500000+00:00,0,2022-05-03,100 MHz,20220328,0.0,165.60092163085938,165.80935668945312,0.6260906026505101,0.15451290893554687,11,3.324731155692848,1.2419420878092449,3.5524824624668327,3.603921038235156,162.05180097820374,169.35847734210876,0.104217529296875,0.0,0.6736137544548977,0.15451290893554687,9.0,0.0,3.324731155692848,1.2419420878092449,0.0,0.0,0.0,0.0,0.0,0.0,certain_cold,393.82537841796875,393.82537841796875,POINT (540126.1049239059 8670716.710782059),dronbreen
dronbreen-20220328-DAT_0226_A1_1,60.0,120,166.12200927734375,540129.461926624,8670720.253451342,559.1489868164062,2022-03-28 10:37:57+00:00,0,2022-05-03,100 MHz,20220328,0.0,166.12200927734375,166.4346466064453,0.6546145836401784,0.46351610412597655,11,3.3330419719134583,0.7902997334798177,3.45667320324892,3.487443577807307,162.69655420461618,169.86010167917289,0.0,0.0,0.6971621487415803,0.46351610412597655,9.0,0.0,3.3330419719134583,0.7902997334798177,0.0,0.0,0.0,0.0,0.0,0.0,certain_cold,393.0269775390625,393.0269775390625,POINT (540129.461926624 8670720.253451342),dronbreen
dronbreen-20220328-DAT_0226_A1_1,65.0,123,166.4346466064453,540132.5369575334,8670723.601638539,558.7948455810547,2022-03-28 10:37:58.249999872+00:00,0,2022-05-03,100 MHz,20220328,0.0,166.22621154785156,166.74729919433594,0.65053003656342,0.4635387268066406,11,3.33927486685432,0.9032020568847656,3.4901860614035076,3.5199033964637456,162.76694419883592,170.20656654335158,0.104217529296875,0.0,0.6862595929113919,0.4635387268066406,9.0,0.0,3.33927486685432,0.9032020568847656,0.0,0.0,0.0,0.0,0.0,0.0,certain_cold,392.3601989746094,392.3601989746094,POINT (540132.5369575334 8670723.601638539),dronbreen
dronbreen-20220328-DAT_0226_A1_1,70.0,129,166.9557342529297,540136.186726653,8670727.618273154,558.4011688232422,2022-03-28 10:37:59.750000128+00:00,0,2022-05-03,100 MHz,20220328,0.0,166.64308166503906,167.16416931152344,0.695002855319292,0.4635387268066406,11,3.3496636965483493,1.0161209106445312,3.5309512509057024,3.5687221177789947,163.1426890320587,170.6645619445038,0.312652587890625,0.0,0.7216222547996746,0.4635387268066406,9.0,0.0,3.3496636965483493,1.0161209106445312,0.0,0.0,0.0,0.0,0.0,0.0,certain_cold,391.4454345703125,391.4454345703125,POINT (540136.186726653 8670727.618273154),dronbreen
dronbreen-20220328-DAT_0226_A1_1,75.0,134,167.3726043701172,540139.6052091337,8670731.348892562,558.112060546875,2022-03-28 10:38:01.333333248+00:00,0,2022-05-03,100 MHz,20220328,0.0,166.74729919433594,167.47682189941406,0.680355052314513,0.6180290130615234,11,3.3579749072103424,0.7903162638346355,3.5046476478130644,3.5161738113389287,163.2975752525783,170.9265458411717,0.4168701171875,0.0,0.6993236025669823,0.6180290130615234,9.0,0.0,3.3579749072103424,0.7903162638346355,0.0,0.0,0.0,0.0,0.0,0.0,certain_cold,390.7394561767578,390.7394561767578,POINT (540139.6052091337 8670731.348892562),dronbreen
dronbreen-20220328-DAT_0226_A1_1,80.0,140,167.6852569580078,540142.873121589,8670734.981985185,557.841552734375,2022-03-28 10:38:03+00:00,0,2022-05-03,100 MHz,20220328,0.0,166.8515167236328,167.89369201660156,0.6624138580271601,0.3090484405517578,11,3.3642084002673265,0.22580464680989584,3.385911522405401,3.4362302044910513,163.47973886930282,171.26546987093155,0.4168701171875,0.0,0.6836172207566638,0.3090484405517578,9.0,0.0,3.3642084002673265,0.22580464680989584,0.0,0.0,0.0,0.0,0.0,0.0,certain_cold,390.1562957763672,390.1562957763672,POINT (540142.873121589 8670734.981985185),dronbreen
dronbreen-20220328-DAT_0226_A1_1,85.0,145,167.58103942871094,540145.9530486381,8670738.485425359,557.5880330403646,2022-03-28 10:38:04.666666752+00:00,0,2022-05-03,100 MHz,20220328,0.0,167.05996704101562,168.1021270751953,0.6253011067948285,0.7725645446777343,11,3.3621305611773713,0.22580464680989584,3.4571325726122972,3.42723082430738,163.6902623582691,171.47183175794183,0.0,0.0,0.6226430314901817,0.7725645446777343,9.0,0.0,3.3621305611773713,0.22580464680989584,0.0,0.0,0.0,0.0,0.0,0.0,certain_cold,390.0069936116537,390.0069936116537,POINT (540145.9530486381 8670738.485425359),dronbreen
dronbreen-20220328-DAT_0226_A1_1,90.0,151,167.89369201660156,540149.7291611349,8670742.443836074,557.261962890625,2022-03-28 10:38:06.500000+00:00,0,2022-05-03,100 MHz,20220328,0.0,167.3726043701172,168.41477966308594,0.6408988027437644,0.9270774536132812,11,3.3683641025854354,0.6774139404296875,3.5586850070317753,3.4950704784929663,163.93679786010026,171.85058617310287,0.20843505859375,0.0,0.6165561015902401,0.7725645446777343,9.0,0.0,3.3683641025854354,0.6774139404296875,0.0,0.0,0.0,0.0,0.0,0.0,certain_cold,389.36827087402344,389.36827087402344,POINT (540149.7291611349 8670742.443836074),dronbreen
dronbreen-20220328-DAT_0226_A1_1,95.0,157,168.2063446044922,540153.247683806,8670746.217351263,556.9129202706473,2022-03-28 10:38:08.142856960+00:00,0,2022-05-03,100 MHz,20220328,0.0,167.78945922851562,168.7274169921875,0.6287651974260401,0.7725645446777343,11,3.374597716185156,0.4516092936197917,3.4912342625293644,3.462254521790685,164.38477705536556,172.13209916533756,0.312652587890625,0.0,0.5836252863564442,0.6180516357421875,9.0,0.0,3.374597716185156,0.4516092936197917,0.0,0.0,0.0,0.0,0.0,0.0,certain_cold,388.7065756661551,388.7065756661551,POINT (540153.247683806 8670746.217351263),dronbreen
dronbreen-20220328-DAT_0226_A1_1,100.0,162,168.31056213378906,540156.4245658257,8670749.71484487,556.5840250651041,2022-03-28 10:38:09.666666752+00:00,0,2022-05-03,100 MHz,20220328,0.0,167.89369201660156,168.7274169921875,0.5523582576589485,0.7725645446777343,11,3.3766756033585503,0.22580464680989584,3.471279568765801,3.428997741854287,164.5094748443684,172.11163416442065,0.104217529296875,0.0,0.5325368869378301,0.46351610412597655,9.0,0.0,3.3766756033585503,0.22580464680989584,0.0,0.0,0.0,0.0,0.0,0.0,certain_cold,388.27346293131507,388.27346293131507,POINT (540156.4245658257 8670749.71484487),dronbreen
dronbreen-20220328-DAT_0226_A1_1,105.0,167,168.41477966308594,540159.9611248192,8670753.449039184,556.2298431396484,2022-03-28 10:38:11.249999872+00:00,0,2022-05-03,100 MHz,20220328,0.0,167.89369201660156,168.9358673095703,0.509009213024678,0.7725645446777343,11,3.3787534984941288,0.11290232340494792,3.4677915326486493,3.418744289525111,164.51305270750387,172.316506618668,0.0,0.0,0.5055107138704328,0.7725645446777343,9.0,0.0,3.3787534984941288,0.11290232340494792,0.0,0.0,0.0,0.0,0.0,0.0,certain_cold,387.8150634765625,387.8150634765625,POINT (540159.9611248192 8670753.449039184),dronbreen
dronbreen-20220328-DAT_0226_A1_1,110.0,172,168.41477966308594,540163.2759133829,8670757.114599517,555.8852945963541,2022-03-28 10:38:12.666666752+00:00,0,2022-05-03,100 MHz,20220328,0.0,167.99790954589844,168.83164978027344,0.4827212799379417,0.46356134948730465,11,3.3787534984941288,0.0,3.410405302647298,3.4130624133893654,164.61915604740432,172.21040327876756,0.0,0.0,0.48166829672734673,0.46356134948730465,9.0,0.0,3.3787534984941288,0.0,0.0,0.0,0.0,0.0,0.0,0.0,certain_cold,387.4705149332682,387.4705149332682,POINT (540163.2759133829 8670757.114599517),dronbreen
dronbreen-20220328-DAT_0226_A1_1,115.0,176,168.41477966308594,540166.1312951411,8670760.425302843,555.58837890625,2022-03-28 10:38:14+00:00,0,2022-05-03,100 MHz,20220328,0.0,168.1021270751953,168.7274169921875,0.47716468206185375,0.30902581787109373,11,3.3787534984941288,0.0,3.3928560475942997,3.412280958155923,164.7233735767012,172.10617049068162,0.0,0.0,0.4955600590878836,0.30902581787109373,9.0,0.0,3.3787534984941288,0.0,0.0,0.0,0.0,0.0,0.0,0.0,certain_cold,387.17359924316406,387.17359924316406,POINT (540166.1312951411 8670760.425302843),dronbreen
dronbreen-20220328-DAT_0226_A1_1,120.0,182,168.41477966308594,540169.9831795,8670764.68732137,555.2137451171875,2022-03-28 10:38:15.714285568+00:00,0,2022-05-03,100 MHz,20220328,0.0,168.2063446044922,168.6232147216797,0.4092176128930364,0.30902581787109373,11,3.3787534984941288,0.0,3.3928560475942997,3.403444469693635,164.82759110599807,172.0019682201738,0.104217529296875,0.0,0.41831249152227673,0.30902581787109373,9.0,0.0,3.3787534984941288,0.0,0.0,0.0,0.0,0.0,0.0,0.0,certain_cold,386.79896545410156,386.79896545410156,POINT (540169.9831795 8670764.68732137),dronbreen
dronbreen-20220328-DAT_0226_A1_1,125.0,187,168.41477966308594,540172.8529145782,8670767.8832697,554.9260864257812,2022-03-28 10:38:17+00:00,0,2022-05-03,100 MHz,20220328,0.0,168.31056213378906,168.6232147216797,0.3552261116189103,0.3090031951904297,11,3.3787534984941288,0.0,3.3928539871654086,3.3973755744636485,164.93180863529494,172.0019682201738,0.0,0.0,0.35256000012404676,0.3090031951904297,9.0,0.0,3.3787534984941288,0.0,0.0,0.0,0.0,0.0,0.0,0.0,certain_cold,386.5113067626953,386.5113067626953,POINT (540172.8529145782 8670767.8832697),dronbreen
dronbreen-20220328-DAT_0226_A1_1,130.0,192,168.41477966308594,540176.281194696,8670771.70732435,554.6145629882812,2022-03-28 10:38:18.666666752+00:00,0,2022-05-03,100 MHz,20220328,0.0,168.31056213378906,168.6232147216797,0.333728232709868,0.30902581787109373,11,3.3787534984941288,0.11290232340494792,3.394734024091939,3.39707177897733,164.92992282469137,172.00385403077738,0.0,0.0,0.34345629260919364,0.30902581787109373,9.0,0.0,3.3787534984941288,0.0,0.0,0.0,0.0,0.0,0.0,0.0,certain_cold,386.1997833251953,386.1997833251953,POINT (540176.281194696 8670771.70732435),dronbreen
dronbreen-20220328-DAT_0226_A1_1,135.0,197,168.31056213378906,540179.9428489937,8670775.485183934,554.3282209123884,2022-03-28 10:38:20.285714432+00:00,0,2022-05-03,100 MHz,20220328,0.0,168.31056213378906,168.41477966308594,0.34962348097648394,0.15451290893554687,11,3.3766756033585503,0.22580464680989584,3.3877426271583113,3.402229040980029,164.9263449615559,171.7989968353191,0.0,0.0,0.35639037286949043,0.15451290893554687,9.0,0.0,3.3787534984941288,0.22580464680989584,0.0,0.0,0.0,0.0,0.0,0.0,certain_cold,386.0176587785993,386.0176587785993,POINT (540179.9428489937 8670775.485183934),dronbreen
dronbreen-20220328-DAT_0226_A1_1,140.0,202,168.2063446044922,540183.4264725145,8670779.045067651,554.0812029157366,2022-03-28 10:38:21.714285568+00:00,0,2022-05-03,100 MHz,20220328,0.0,168.2063446044922,168.51898193359375,0.40191654632687907,0.15451290893554687,11,3.374597716185156,0.11290232340494792,3.3800193667699645,3.4003225715987058,164.829858756645,171.89546778144094,0.0,0.0,0.41287050564711175,0.30902581787109373,9.0,0.0,3.374597716185156,0.11290232340494792,0.0,0.0,0.0,0.0,0.0,0.0,certain_cold,385.87485831124445,385.87485831124445,POINT (540183.4264725145 8670779.045067651),dronbreen
dronbreen-20220328-DAT_0226_A1_1,145.0,206,168.2063446044922,540186.8053198277,8670782.44232809,553.8574829101562,2022-03-28 10:38:23+00:00,0,2022-05-03,100 MHz,20220328,0.0,168.1021270751953,168.6232147216797,0.445271005605179,0.30902581787109373,11,3.374597716185156,0.22580464680989584,3.3962323890914634,3.4113287371690904,164.71998315682,172.005358640055,0.0,0.0,0.45160728848259696,0.4635387268066406,9.0,0.0,3.3766756033585503,0.22580464680989584,0.0,0.0,0.0,0.0,0.0,0.0,certain_cold,385.65113830566406,385.65113830566406,POINT (540186.8053198277 8670782.44232809),dronbreen
dronbreen-20220328-DAT_0226_A1_1,150.0,211,168.41477966308594,540190.3923922301,8670786.085072258,553.6767578125,2022-03-28 10:38:24.333333248+00:00,0,2022-05-03,100 MHz,20220328,0.0,168.31056213378906,168.7274169921875,0.4622406674782257,0.46351610412597655,11,3.3787534984941288,0.22580464680989584,3.417866311149601,3.417693575611771,164.92427169407375,172.1137074319028,0.0,0.0,0.4740924153754195,0.30902581787109373,9.0,0.0,3.3787534984941288,0.33870697021484375,0.0,0.0,0.0,0.0,0.0,0.0,certain_cold,385.26197814941406,385.26197814941406,POINT (540190.3923922301 8670786.085072258),dronbreen
dronbreen-20220328-DAT_0226_A1_1,155.0,215,168.41477966308594,540193.9903733173,8670789.790180152,553.5188802083334,2022-03-28 10:38:25.666666752+00:00,0,2022-05-03,100 MHz,20220328,0.0,168.41477966308594,168.7274169921875,0.4954383799230536,0.30902581787109373,11,3.3787534984941288,0.22580464680989584,3.400361730495471,3.422341615094559,165.02848922337063,172.1137074319028,0.0,0.0,0.5236804037615491,0.30902581787109373,9.0,0.0,3.382909312593153,0.33869043986002606,0.0,0.0,0.0,0.0,0.0,0.0,certain_cold,385.10410054524743,385.10410054524743,POINT (540193.9903733173 8670789.790180152),dronbreen
dronbreen-20220328-DAT_0226_A1_1,160.0,220,168.6232147216797,540197.5585487414,8670793.636192137,553.3779994419643,2022-03-28 10:38:27.142856960+00:00,0,2022-05-03,100 MHz,20220328,0.0,168.51898193359375,168.83164978027344,0.5451599451433788,0.30902581787109373,11,3.382909312593153,0.4516092936197917,3.426882450190573,3.456186588872478,165.1060614289067,172.24457028496047,0.0,0.0,0.5843989433128591,0.46351610412597655,9.0,0.0,3.384986927292661,0.22580464680989584,0.0,0.0,0.0,0.0,0.0,0.0,certain_cold,384.75478472028465,384.75478472028465,POINT (540197.5585487414 8670793.636192137),dronbreen
dronbreen-20220328-DAT_0226_A1_1,165.0,225,168.83164978027344,540200.6424275273,8670796.998100031,553.2623901367188,2022-03-28 10:38:28.500000+00:00,0,2022-05-03,100 MHz,20220328,0.0,168.6232147216797,168.9358673095703,0.5149862522233128,0.30902581787109373,11,3.3870651583652123,0.451592763264974,3.4309828572809504,3.455626896935471,165.2061770556823,172.3529049755677,0.0,0.0,0.5376144705602096,0.46351610412597655,9.0,0.0,3.3870651583652123,0.33870697021484375,0.0,0.0,0.0,0.0,0.0,0.0,certain_cold,384.4307403564453,384.4307403564453,POINT (540200.6424275273 8670796.998100031),dronbreen
dronbreen-20220328-DAT_0226_A1_1,170.0,230,169.04006958007812,540203.9866681295,8670800.633631801,553.1525268554688,2022-03-28 10:38:30+00:00,0,2022-05-03,100 MHz,20220328,0.0,168.7274169921875,169.144287109375,0.5068664329957699,0.4635387268066406,11,3.391220731455719,0.22578811645507815,3.4301933581413326,3.436316618690025,165.32868806463424,172.54301603692826,0.2084197998046875,0.0,0.5231054445663944,0.4635387268066406,9.0,0.0,3.391220731455719,0.22578811645507815,0.0,0.0,0.0,0.0,0.0,0.0,certain_cold,384.1124572753906,384.1124572753906,POINT (540203.9866681295 8670800.633631801),dronbreen
dronbreen-20220328-DAT_0226_A1_1,175.0,235,169.04006958007812,540208.0115740123,8670804.599645004,553.0771687825521,2022-03-28 10:38:31.666666752+00:00,0,2022-05-03,100 MHz,20220328,0.0,168.7274169921875,169.24850463867188,0.4867960039531282,0.6180290130615234,11,3.391220731455719,0.11290232340494792,3.4489251724372183,3.4278412059997807,165.33431737913673,172.64160425172264,0.2084197998046875,0.0,0.49647403775169646,0.6180290130615234,9.0,0.0,3.391220731455719,0.11290232340494792,0.0,0.0,0.0,0.0,0.0,0.0,certain_cold,384.037099202474,384.037099202474,POINT (540208.0115740123 8670804.599645004),dronbreen
dronbreen-20220328-DAT_0226_A1_1,180.0,240,169.144287109375,540211.1538533017,8670807.839265972,553.0222080775669,2022-03-28 10:38:33.142856960+00:00,0,2022-05-03,100 MHz,20220328,0.0,168.9358673095703,169.45693969726562,0.47259252870664314,0.4635387268066406,11,3.3932986819163844,0.22580464680989584,3.432248801364192,3.4334832723352173,165.53506392166085,172.8577430851751,0.2084197998046875,0.0,0.46897577360205683,0.4635387268066406,9.0,0.0,3.3932986819163844,0.22580464680989584,0.0,0.0,0.0,0.0,0.0,0.0,certain_cold,383.8779209681919,383.8779209681919,POINT (540211.1538533017 8670807.839265972),dronbreen
dronbreen-20220328-DAT_0226_A1_1,185.0,246,169.24850463867188,540214.5464442788,8670811.230365042,552.9739074707031,2022-03-28 10:38:34.750000128+00:00,0,2022-05-03,100 MHz,20220328,0.0,169.144287109375,169.66537475585938,0.4423807856264332,0.6180516357421875,11,3.395376640222792,0.6774139404296875,3.5170243104224745,3.490440220824667,165.68199420211556,173.1276676631188,0.0,0.0,0.41614575501177775,0.6180516357421875,9.0,0.0,3.395376640222792,0.6774139404296875,0.0,0.0,0.0,0.0,0.0,0.0,certain_cold,383.72540283203125,383.72540283203125,POINT (540214.5464442788 8670811.230365042),dronbreen
dronbreen-20220328-DAT_0226_A1_1,190.0,251,169.76959228515625,540218.2763098641,8670814.582811246,552.9404296875,2022-03-28 10:38:36.333333248+00:00,0,2022-05-03,100 MHz,20220328,0.0,169.24850463867188,169.87380981445312,0.45274388351332195,0.15451290893554687,11,3.405766548938326,0.6774139404296875,3.475918536384804,3.501872707083237,165.7760220350357,173.3462924180893,0.4168548583984375,0.0,0.4102999785030173,0.15451290893554687,9.0,0.0,3.405766548938326,0.6774139404296875,0.0,0.0,0.0,0.0,0.0,0.0,certain_cold,383.17083740234375,383.17083740234375,POINT (540218.2763098641 8670814.582811246),dronbreen
dronbreen-20220328-DAT_0226_A1_1,195.0,256,169.87380981445312,540221.6579059969,8670818.141968312,552.8653564453125,2022-03-28 10:38:37.750000128+00:00,0,2022-05-03,100 MHz,20220328,0.0,169.24850463867188,170.08224487304688,0.4549226091650412,0.30902581787109373,11,3.407844554018096,0.11290232340494792,3.4236892959338365,3.4399281997318725,165.83879036340173,173.49195914831702,0.4168701171875,0.0,0.4017597394179554,0.30902581787109373,9.0,0.0,3.407844554018096,0.11290232340494792,0.0,0.0,0.0,0.0,0.0,0.0,certain_cold,382.9915466308594,382.9915466308594,POINT (540221.6579059969 8670818.141968312),dronbreen
dronbreen-20220328-DAT_0226_A1_1,200.0,260,169.87380981445312,540224.7910869932,8670822.096905714,552.74658203125,2022-03-28 10:38:39+00:00,0,2022-05-03,100 MHz,20220328,0.0,169.3527374267578,170.08224487304688,0.44036123952644884,0.30902581787109373,11,3.407844554018096,0.0,3.421827210783983,3.4361784769752672,165.94489287273973,173.49008942706496,0.312652587890625,0.0,0.3551165969566711,0.30902581787109373,9.0,0.0,3.407844554018096,0.0,0.0,0.0,0.0,0.0,0.0,0.0,certain_cold,382.8727722167969,382.8727722167969,POINT (540224.7910869932 8670822.096905714),dronbreen
dronbreen-20220328-DAT_0226_A1_1,205.0,264,169.87380981445312,540227.888553007,8670826.283397978,552.6282552083334,2022-03-28 10:38:40.333333248+00:00,0,2022-05-03,100 MHz,20220328,0.0,169.5611572265625,170.18646240234375,0.43834300847140634,0.6180516357421875,11,3.407844554018096,0.11290232340494792,3.4652762174788645,3.437774866400765,166.15144295129235,173.5961766776139,0.312652587890625,0.0,0.3447734709030732,0.30902581787109373,9.0,0.0,3.407844554018096,0.11290232340494792,0.0,0.0,0.0,0.0,0.0,0.0,certain_cold,382.75444539388025,382.75444539388025,POINT (540227.888553007 8670826.283397978),dronbreen
dronbreen-20220328-DAT_0226_A1_1,210.0,268,169.76959228515625,540230.8967584822,8670830.033020293,552.5441487630209,2022-03-28 10:38:41.666666752+00:00,0,2022-05-03,100 MHz,20220328,0.0,169.5611572265625,170.18646240234375,0.44482920112556495,0.6180516357421875,11,3.405766548938326,0.11290232340494792,3.4632326726544242,3.4365485212159483,166.15351981620066,173.5940998127056,0.104217529296875,0.0,0.349556219932334,0.4635387268066406,9.0,0.0,3.405766548938326,0.11290232340494792,0.0,0.0,0.0,0.0,0.0,0.0,certain_cold,382.7745564778646,382.7745564778646,POINT (540230.8967584822 8670830.033020293),dronbreen
dronbreen-20220328-DAT_0226_A1_1,215.0,274,169.76959228515625,540234.6952250676,8670833.868293876,552.5006103515625,2022-03-28 10:38:43.333333248+00:00,0,2022-05-03,100 MHz,20220328,0.0,169.66537475585938,170.08224487304688,0.4354090608409062,0.4635387268066406,11,3.405766548938326,0.11290232340494792,3.4390203360473217,3.4353418710166057,166.25773734549753,173.48988228340872,0.0,0.0,0.3473952611483752,0.30902581787109373,9.0,0.0,3.405766548938326,0.11290232340494792,0.0,0.0,0.0,0.0,0.0,0.0,certain_cold,382.73101806640625,382.73101806640625,POINT (540234.6952250676 8670833.868293876),dronbreen
dronbreen-20220328-DAT_0226_A1_1,220.0,280,169.87380981445312,540238.4573811096,8670837.206255969,552.4863891601562,2022-03-28 10:38:45+00:00,0,2022-05-03,100 MHz,20220328,0.0,169.66537475585938,170.18646240234375,0.4306180445184159,0.30902581787109373,11,3.407844554018096,0.11290232340494792,3.4236892959338365,3.436798414112457,166.25566048058923,173.5961766776139,0.104217529296875,0.0,0.3447764817248963,0.30902581787109373,9.0,0.0,3.407844554018096,0.11290232340494792,0.0,0.0,0.0,0.0,0.0,0.0,certain_cold,382.6125793457031,382.6125793457031,POINT (540238.4573811096 8670837.206255969),dronbreen
dronbreen-20220328-DAT_0226_A1_1,225.0,284,169.87380981445312,540241.3544305357,8670840.394317767,552.4404500325521,2022-03-28 10:38:46.333333248+00:00,0,2022-05-03,100 MHz,20220328,0.0,169.66537475585938,170.08224487304688,0.39573001252541296,0.15451290893554687,11,3.407844554018096,0.11290232340494792,3.413213394736514,3.4326015908920158,166.25566048058923,173.49195914831702,0.0,0.0,0.3038476252731693,0.15451290893554687,9.0,0.0,3.407844554018096,0.11290232340494792,0.0,0.0,0.0,0.0,0.0,0.0,certain_cold,382.566640218099,382.566640218099,POINT (540241.3544305357 8670840.394317767),dronbreen
dronbreen-20220328-DAT_0226_A1_1,230.0,289,169.97802734375,540245.1015457719,8670844.662293686,552.3546142578125,2022-03-28 10:38:48+00:00,0,2022-05-03,100 MHz,20220328,0.0,169.76959228515625,169.97802734375,0.3677940626276997,0.15451290893554687,11,3.409922566843571,0.0,3.413421472788963,3.4297003344859793,166.3596697183127,173.38794991059356,0.104217529296875,0.0,0.25409516974329344,0.15451290893554687,9.0,0.0,3.409922566843571,0.0,0.0,0.0,0.0,0.0,0.0,0.0,certain_cold,382.3765869140625,382.3765869140625,POINT (540245.1015457719 8670844.662293686),dronbreen
dronbreen-20220328-DAT_0226_A1_1,235.0,294,169.87380981445312,540248.0814200062,8670848.287052827,552.26171875,2022-03-28 10:38:49.249999872+00:00,0,2022-05-03,100 MHz,20220328,0.0,169.66537475585938,169.97802734375,0.3439322014116949,0.30902581787109373,11,3.407844554018096,0.22580464680989584,3.429269484741996,3.432591091586592,166.25005745832,173.3933446412894,0.0,0.0,0.2317392109120235,0.30902581787109373,9.0,0.0,3.407844554018096,0.22580464680989584,0.0,0.0,0.0,0.0,0.0,0.0,certain_cold,382.3879089355469,382.3879089355469,POINT (540248.0814200062 8670848.287052827),dronbreen
dronbreen-20220328-DAT_0226_A1_1,240.0,299,169.76959228515625,540251.2890130006,8670852.849071465,552.1094156901041,2022-03-28 10:38:50.666666752+00:00,0,2022-05-03,100 MHz,20220328,0.0,169.76959228515625,169.97802734375,0.3707353924118061,0.30902581787109373,11,3.405766548938326,0.22580464680989584,3.4272044701912834,3.4333188397780585,166.3563484432387,173.39127118566756,0.0,0.0,0.28593950967011456,0.15451290893554687,9.0,0.0,3.405766548938326,0.11290232340494792,0.0,0.0,0.0,0.0,0.0,0.0,certain_cold,382.3398234049479,382.3398234049479,POINT (540251.2890130006 8670852.849071465),dronbreen
dronbreen-20220328-DAT_0226_A1_1,245.0,302,169.66537475585938,540253.4796037968,8670856.14010177,551.9871622721354,2022-03-28 10:38:51.666666752+00:00,0,2022-05-03,100 MHz,20220328,0.0,169.66537475585938,169.87380981445312,0.3949763778092203,0.15451290893554687,11,3.403688551618447,0.22580464680989584,3.41466802690498,3.4339612452627817,166.25420435628396,173.28498021402854,0.0,0.0,0.335459440053389,0.30902581787109373,9.0,0.0,3.405766548938326,0.11290232340494792,0.0,0.0,0.0,0.0,0.0,0.0,certain_cold,382.321787516276,382.321787516276,POINT (540253.4796037968 8670856.14010177),dronbreen
dronbreen-20220328-DAT_0226_A1_1,250.0,306,169.5611572265625,540256.3687844956,8670860.444493512,551.8235473632812,2022-03-28 10:38:53+00:00,0,2022-05-03,100 MHz,20220328,0.0,169.5611572265625,169.87380981445312,0.4227500989416399,0.30902581787109373,11,3.4016105620726806,0.22580464680989584,3.4230745114058294,3.4352088438231125,166.15206025602538,173.28290678499025,0.0,0.0,0.38683909706755487,0.30902581787109373,9.0,0.0,3.403688551618447,0.33870697021484375,0.0,0.0,0.0,0.0,0.0,0.0,certain_cold,382.26239013671875,382.26239013671875,POINT (540256.3687844956 8670860.444493512),dronbreen
dronbreen-20220328-DAT_0226_A1_1,255.0,311,169.45693969726562,540259.2981215277,8670864.68806615,551.6524047851562,2022-03-28 10:38:54.333333248+00:00,0,2022-05-03,100 MHz,20220328,0.0,169.3527374267578,169.87380981445312,0.5072622160005685,0.6180516357421875,11,3.399532580315283,0.22578811645507815,3.4626275951365333,3.4445779123049642,165.94571496746033,173.2808322737506,0.1042022705078125,0.0,0.5099685302186518,0.6180290130615234,9.0,0.0,3.399532580315283,0.33869043986002606,0.0,0.0,0.0,0.0,0.0,0.0,certain_cold,382.1954650878906,382.1954650878906,POINT (540259.2981215277 8670864.68806615),dronbreen
dronbreen-20220328-DAT_0226_A1_1,260.0,316,169.3527374267578,540262.5715157758,8670868.864394993,551.4675140380859,2022-03-28 10:38:55.750000128+00:00,0,2022-05-03,100 MHz,20220328,0.0,169.04006958007812,169.87380981445312,0.5958717854840563,0.6180516357421875,11,3.3974549106021334,0.22580464680989584,3.460588885224462,3.4566965144240607,165.6351191240369,173.27876027049436,0.1042327880859375,0.0,0.6143526275962746,0.6180516357421875,9.0,0.0,3.3974549106021334,0.22580464680989584,0.0,0.0,0.0,0.0,0.0,0.0,certain_cold,382.1147766113281,382.1147766113281,POINT (540262.5715157758 8670868.864394993),dronbreen
dronbreen-20220328-DAT_0226_A1_1,265.0,320,169.24850463867188,540265.606148409,8670872.258221943,551.3074951171875,2022-03-28 10:38:57+00:00,0,2022-05-03,100 MHz,20220328,0.0,168.9358673095703,169.87380981445312,0.6644957597867279,0.46351610412597655,11,3.395376640222792,0.22582117716471353,3.4343012261318595,3.4671504651227947,165.5329894491371,173.27668767488635,0.0,0.0,0.6993236025669832,0.7725419219970703,9.0,0.0,3.395376640222792,0.0,0.0,0.0,0.0,0.0,0.0,0.0,certain_cold,382.0589904785156,382.0589904785156,POINT (540265.606148409 8670872.258221943),dronbreen
dronbreen-20220328-DAT_0226_A1_1,270.0,325,169.144287109375,540269.5966588241,8670876.719641589,551.074951171875,2022-03-28 10:38:58.666666752+00:00,0,2022-05-03,100 MHz,20220328,0.0,168.9358673095703,169.87380981445312,0.7210815154989573,0.6180516357421875,11,3.3932986819163844,0.22580464680989584,3.4565085719060504,3.476409388321618,165.53506392166085,173.2746132023626,0.0,0.0,0.7607001337092079,0.7725419219970703,9.0,0.0,3.3974549106021334,0.0,0.0,0.0,0.0,0.0,0.0,0.0,certain_cold,381.9306640625,381.9306640625,POINT (540269.5966588241 8670876.719641589),dronbreen
dronbreen-20220328-DAT_0226_A1_1,275.0,329,169.04006958007812,540272.3866112942,8670880.276748,550.8680419921875,2022-03-28 10:39:00+00:00,0,2022-05-03,100 MHz,20220328,0.0,168.9358673095703,169.87380981445312,0.738931810435908,0.46351610412597655,11,3.391220731455719,0.11290232340494792,3.424612702608781,3.472627996857623,165.54276769651955,173.2669094275039,0.0,0.0,0.7748423985678974,0.7725419219970703,9.0,0.0,3.395376640222792,0.33872350056966144,0.0,0.0,0.0,0.0,0.0,0.0,certain_cold,381.8279724121094,381.8279724121094,POINT (540272.3866112942 8670880.276748),dronbreen
dronbreen-20220328-DAT_0226_A1_1,280.0,335,169.04006958007812,540275.503983431,8670884.215833144,550.6349487304688,2022-03-28 10:39:01.666666752+00:00,0,2022-05-03,100 MHz,20220328,0.0,168.9358673095703,169.87380981445312,0.7705912441950943,0.4635387268066406,11,3.391220731455719,0.0,3.422754183505526,3.4776700411461126,165.5446465781146,173.26503054590884,0.0,0.0,0.8022019223400396,0.7725419219970703,9.0,0.0,3.391220731455719,0.11290232340494792,0.0,0.0,0.0,0.0,0.0,0.0,certain_cold,381.5948791503906,381.5948791503906,POINT (540275.503983431 8670884.215833144),dronbreen
dronbreen-20220328-DAT_0226_A1_1,285.0,340,169.04006958007812,540278.6924309592,8670888.343141925,550.3896077473959,2022-03-28 10:39:03.333333248+00:00,0,2022-05-03,100 MHz,20220328,0.0,168.83164978027344,169.87380981445312,0.8143207730748755,0.46351610412597655,11,3.391220731455719,0.11290232340494792,3.424612702608781,3.4894474212325597,165.43855016722267,173.2669094275039,0.2084197998046875,0.0,0.8489716589882851,0.9270548309326171,9.0,0.0,3.3932986819163844,0.11290232340494792,0.0,0.0,0.0,0.0,0.0,0.0,certain_cold,381.34953816731775,381.34953816731775,POINT (540278.6924309592 8670888.343141925),dronbreen
dronbreen-20220328-DAT_0226_A1_1,290.0,345,169.144287109375,540281.4964978528,8670891.854168963,550.1967468261719,2022-03-28 10:39:04.750000128+00:00,0,2022-05-03,100 MHz,20220328,0.0,168.9358673095703,169.87380981445312,0.8008760288390808,0.3090031951904297,11,3.3932986819163844,0.33872350056966144,3.4241338363404448,3.50294332927364,165.52570462217054,173.2839725018529,0.0,0.0,0.8328313111909709,0.9270548309326171,9.0,0.0,3.3932986819163844,0.33870697021484375,0.0,0.0,0.0,0.0,0.0,0.0,certain_cold,381.0524597167969,381.0524597167969,POINT (540281.4964978528 8670891.854168963),dronbreen
dronbreen-20220328-DAT_0226_A1_1,295.0,351,169.3527374267578,540284.6151048864,8670895.9638962,549.9755249023438,2022-03-28 10:39:06.333333248+00:00,0,2022-05-03,100 MHz,20220328,0.0,169.144287109375,169.97802734375,0.7322238210593145,0.4635387268066406,11,3.3974549106021334,0.33870697021484375,3.445619020219181,3.4919298396980105,165.72999036169082,173.39232409143418,0.0,0.0,0.7587137557140612,0.6180516357421875,9.0,0.0,3.399532580315283,0.5645116170247396,0.0,0.0,0.0,0.0,0.0,0.0,certain_cold,380.62278747558594,380.62278747558594,POINT (540284.6151048864 8670895.9638962),dronbreen
dronbreen-20220328-DAT_0226_A1_1,300.0,356,169.45693969726562,540287.719621821,8670899.902629714,549.7707458496094,2022-03-28 10:39:07.900000+00:00,0,2022-05-03,100 MHz,20220328,0.0,169.24850463867188,170.08224487304688,0.7217631460442352,0.6180516357421875,11,3.399532580315283,0.22578811645507815,3.4626275951365333,3.48263464594624,165.8414821793744,173.48926733234435,0.0,0.0,0.7460813037771482,0.6180516357421875,9.0,0.0,3.403688551618447,0.33870697021484375,0.0,0.0,0.0,0.0,0.0,0.0,certain_cold,380.3138061523438,380.3138061523438,POINT (540287.719621821 8670899.902629714),dronbreen
dronbreen-20220328-DAT_0226_A1_1,305.0,361,169.5611572265625,540290.6745288647,8670903.712831885,549.5779663085938,2022-03-28 10:39:09.400000+00:00,0,2022-05-03,100 MHz,20220328,0.0,169.45693969726562,170.29067993164062,0.6894393176599183,0.4635387268066406,11,3.4016105620726806,0.22580464680989584,3.440466582569126,3.478112811175154,166.0478427267285,173.69977690217775,0.0,0.0,0.7106663761660874,0.6180516357421875,9.0,0.0,3.405766548938326,0.22580464680989584,0.0,0.0,0.0,0.0,0.0,0.0,certain_cold,380.0168090820313,380.0168090820313,POINT (540290.6745288647 8670903.712831885),dronbreen
dronbreen-20220328-DAT_0226_A1_1,310.0,367,169.66537475585938,540293.5416409888,8670907.892590245,549.3538208007812,2022-03-28 10:39:11+00:00,0,2022-05-03,100 MHz,20220328,0.0,169.66537475585938,170.3948974609375,0.6512932344829063,0.6180516357421875,11,3.403688551618447,0.22580464680989584,3.4667090041396635,3.4727894223840625,166.25420435628396,173.8060678605129,0.0,0.0,0.6774139404296885,0.9270774536132812,9.0,0.0,3.407844554018096,0.22580464680989584,0.0,0.0,0.0,0.0,0.0,0.0,certain_cold,379.6884460449219,379.6884460449219,POINT (540293.5416409888 8670907.892590245),dronbreen
dronbreen-20220328-DAT_0226_A1_1,315.0,371,169.76959228515625,540296.1771200957,8670911.693247335,549.1455688476562,2022-03-28 10:39:12.333333248+00:00,0,2022-05-03,100 MHz,20220328,0.0,169.76959228515625,170.49911499023438,0.6512932344829044,0.6180516357421875,11,3.405766548938326,0.33870697021484375,3.477924096639113,3.483984941819152,166.34702479896413,173.9216824764265,0.0,0.0,0.6834000415188997,0.9270774536132812,9.0,0.0,3.409922566843571,0.33870697021484375,0.0,0.0,0.0,0.0,0.0,0.0,certain_cold,379.3759765625,379.3759765625,POINT (540296.1771200957 8670911.693247335),dronbreen
dronbreen-20220328-DAT_0226_A1_1,320.0,377,169.97802734375,540299.5440861235,8670916.26016076,548.8851318359375,2022-03-28 10:39:14+00:00,0,2022-05-03,100 MHz,20220328,0.0,169.97802734375,170.6033477783203,0.6004931964058934,0.4635387268066406,11,3.409922566843571,0.4516092936197917,3.4707911226696337,3.4917209145180235,166.53832926601805,174.04304585605226,0.0,0.0,0.6305873785429557,0.7725645446777343,9.0,0.0,3.4140786156750615,0.33870697021484375,0.0,0.0,0.0,0.0,0.0,0.0,certain_cold,378.9071044921875,378.9071044921875,POINT (540299.5440861235 8670916.26016076),dronbreen
dronbreen-20220328-DAT_0226_A1_1,325.0,381,170.18646240234375,540302.4259731281,8670919.944147816,548.6602376302084,2022-03-28 10:39:15.333333248+00:00,0,2022-05-03,100 MHz,20220328,0.0,170.08224487304688,170.70755004882812,0.5704730068105022,0.46356134948730465,11,3.4140786156750615,0.33870697021484375,3.4620144902094725,3.477944027321498,166.65140602435667,174.13838889751833,0.104217529296875,0.0,0.600943290003005,0.7725871673583984,9.0,0.0,3.416156651652876,0.33870697021484375,0.0,0.0,0.0,0.0,0.0,0.0,certain_cold,378.4737752278646,378.4737752278646,POINT (540302.4259731281 8670919.944147816),dronbreen
dronbreen-20220328-DAT_0226_A1_1,330.0,386,170.29067993164062,540305.5086015807,8670923.649655588,548.4324798583984,2022-03-28 10:39:16.750000128+00:00,0,2022-05-03,100 MHz,20220328,0.0,170.18646240234375,170.811767578125,0.551646269723705,0.4635387268066406,11,3.416156651652876,0.22580464680989584,3.454849078961721,3.467769832911811,166.76285115000314,174.2353788304656,0.104217529296875,0.0,0.5766071606928899,0.7725871673583984,9.0,0.0,3.4203127466623964,0.4516092936197917,0.0,0.0,0.0,0.0,0.0,0.0,certain_cold,378.1417999267578,378.1417999267578,POINT (540305.5086015807 8670923.649655588),dronbreen
dronbreen-20220328-DAT_0226_A1_1,335.0,391,170.3948974609375,540308.8316772217,8670927.331354946,548.2050018310547,2022-03-28 10:39:18.249999872+00:00,0,2022-05-03,100 MHz,20220328,0.0,170.3948974609375,170.91598510742188,0.5199473719081625,0.4635387268066406,11,3.4182346953199927,0.5645116170247396,3.49540697906478,3.503333707713191,166.93036260066472,174.38051996769465,0.0,0.0,0.5314049711917406,0.4635387268066406,9.0,0.0,3.4244688723171746,0.33870697021484375,0.0,0.0,0.0,0.0,0.0,0.0,certain_cold,377.8101043701172,377.8101043701172,POINT (540308.8316772217 8670927.331354946),dronbreen
dronbreen-20220328-DAT_0226_A1_1,340.0,397,170.811767578125,540312.6280871815,8670931.538981223,547.947021484375,2022-03-28 10:39:20+00:00,0,2022-05-03,100 MHz,20220328,0.0,170.6033477783203,171.12442016601562,0.4972307303184783,0.3090031951904297,11,3.426546946601689,0.6773974100748698,3.506504556261034,3.528077327329228,167.11048487971672,174.61728306461922,0.0,0.0,0.4854138795928537,0.46351610412597655,9.0,0.0,3.426546946601689,0.33869043986002606,0.0,0.0,0.0,0.0,0.0,0.0,certain_cold,377.13525390625,377.13525390625,POINT (540312.6280871815 8670931.538981223),dronbreen
dronbreen-20220328-DAT_0226_A1_1,345.0,401,171.0201873779297,540315.5540123674,8670934.604019478,547.7767333984375,2022-03-28 10:39:21.333333248+00:00,0,2022-05-03,100 MHz,20220328,0.0,170.70755004882812,171.2286376953125,0.47613040260426504,0.46351610412597655,11,3.4307028137559326,0.5645116170247396,3.5075978020367273,3.5092870105411524,167.23071310095887,174.70547464318176,0.0,0.0,0.4485908284282327,0.46351610412597655,9.0,0.0,3.4307028137559326,0.5645116170247396,0.0,0.0,0.0,0.0,0.0,0.0,certain_cold,376.7565460205078,376.7565460205078,POINT (540315.5540123674 8670934.604019478),dronbreen
dronbreen-20220328-DAT_0226_A1_1,350.0,406,171.33285522460938,540319.14032277,8670938.247104254,547.5816650390625,2022-03-28 10:39:23+00:00,0,2022-05-03,100 MHz,20220328,0.0,170.811767578125,171.54127502441406,0.5029581602652662,0.6180516357421875,11,3.43693743204132,0.4516258239746094,3.521149332404282,3.502780568009499,167.34528451936825,175.0077580831708,0.0,0.0,0.4602098448346563,0.30902581787109373,9.0,0.0,3.43693743204132,0.5645116170247396,0.0,0.0,0.0,0.0,0.0,0.0,certain_cold,376.2488098144531,376.2488098144531,POINT (540319.14032277 8670938.247104254),dronbreen
dronbreen-20220328-DAT_0226_A1_1,355.0,411,171.43707275390625,540322.497472561,8670942.06942843,547.3568725585938,2022-03-28 10:39:24.500000+00:00,0,2022-05-03,100 MHz,20220328,0.0,170.91598510742188,171.74972534179688,0.5502091515492328,0.7725645446777343,11,3.439015551836202,0.22578811645507815,3.5319490674409084,3.490062800259061,167.46956548130208,175.19614496791667,0.0,0.0,0.5064036370335931,0.30902581787109373,9.0,0.0,3.441093374902905,0.33870697021484375,0.0,0.0,0.0,0.0,0.0,0.0,certain_cold,375.9197998046875,375.9197998046875,POINT (540322.497472561 8670942.06942843),dronbreen
dronbreen-20220328-DAT_0226_A1_1,360.0,416,171.54127502441406,540325.9640143198,8670946.081126716,547.0742797851562,2022-03-28 10:39:26+00:00,0,2022-05-03,100 MHz,20220328,0.0,171.0201873779297,171.85394287109375,0.5259893249634093,0.6180290130615234,11,3.441093374902905,0.22580464680989584,3.503437057277811,3.488377290847002,167.57169330756773,175.3024369414557,0.0,0.0,0.4769504424758995,0.3090484405517578,9.0,0.0,3.443171814023285,0.11291885375976564,0.0,0.0,0.0,0.0,0.0,0.0,certain_cold,375.5330047607422,375.5330047607422,POINT (540325.9640143198 8670946.081126716),dronbreen
dronbreen-20220328-DAT_0226_A1_1,365.0,421,171.6455078125,540329.0242259676,8670950.027496478,546.7397199358259,2022-03-28 10:39:27.428571392+00:00,0,2022-05-03,100 MHz,20220328,0.0,171.12442016601562,172.06236267089844,0.5321468808003817,0.6180516357421875,11,3.443171814023285,0.22582117716471353,3.505483585667468,3.4913618614640956,167.67385103253338,175.51293180438068,0.0,0.0,0.4854118775401388,0.30902581787109373,9.0,0.0,3.443171814023285,0.11290232340494792,0.0,0.0,0.0,0.0,0.0,0.0,certain_cold,375.09421212332586,375.09421212332586,POINT (540329.0242259676 8670950.027496478),dronbreen
dronbreen-20220328-DAT_0226_A1_1,370.0,426,171.74972534179688,540332.2454967434,8670954.085032716,546.3818969726562,2022-03-28 10:39:29+00:00,0,2022-05-03,100 MHz,20220328,0.0,171.2286376953125,172.16659545898438,0.5400669874212655,0.7725645446777343,11,3.4452499563882246,0.11290232340494792,3.532612372213574,3.4891498316245437,167.7815383064606,175.61369484783629,0.0,0.0,0.4998067957634204,0.6180516357421875,9.0,0.0,3.4452499563882246,0.33869043986002606,0.0,0.0,0.0,0.0,0.0,0.0,certain_cold,374.6321716308594,374.6321716308594,POINT (540332.2454967434 8670954.085032716),dronbreen
dronbreen-20220328-DAT_0226_A1_1,375.0,431,171.74972534179688,540334.8443019877,8670957.822643356,546.0395914713541,2022-03-28 10:39:30.333333248+00:00,0,2022-05-03,100 MHz,20220328,0.0,171.33285522460938,172.27081298828125,0.5254232475047816,0.7725645446777343,11,3.4452499563882246,0.11290232340494792,3.532612372213574,3.4869132173946875,167.88575583575746,175.71791237713316,0.0,0.0,0.4835448518974645,0.6180742584228516,9.0,0.0,3.4494059593234376,0.22578811645507815,0.0,0.0,0.0,0.0,0.0,0.0,certain_cold,374.28986612955725,374.28986612955725,POINT (540334.8443019877 8670957.822643356),dronbreen
dronbreen-20220328-DAT_0226_A1_1,380.0,437,171.85394287109375,540338.0997526675,8670962.262259332,545.6551513671875,2022-03-28 10:39:32+00:00,0,2022-05-03,100 MHz,20220328,0.0,171.54127502441406,172.37503051757812,0.4874046615616632,0.6180742584228516,11,3.4473281062493113,0.22578811645507815,3.5095679412990073,3.488927435442135,168.08656065913453,175.82974488285765,0.0,0.0,0.4634755626415395,0.7725645446777343,9.0,0.0,3.4494059593234376,0.11290232340494792,0.0,0.0,0.0,0.0,0.0,0.0,certain_cold,373.80120849609375,373.80120849609375,POINT (540338.0997526675 8670962.262259332),dronbreen
dronbreen-20220328-DAT_0226_A1_1,385.0,441,171.95814514160156,540340.6929512339,8670966.185805196,545.345703125,2022-03-28 10:39:33.333333248+00:00,0,2022-05-03,100 MHz,20220328,0.0,171.54127502441406,172.27081298828125,0.4667089688437298,0.7725645446777343,11,3.4494059593234376,0.11288579305013022,3.5366651877413724,3.482665923698077,168.0900224004399,175.72206561225542,0.0,0.0,0.4289977491287766,0.7725645446777343,9.0,0.0,3.451484124135111,0.22582117716471353,0.0,0.0,0.0,0.0,0.0,0.0,certain_cold,373.38755798339844,373.38755798339844,POINT (540340.6929512339 8670966.185805196),dronbreen
dronbreen-20220328-DAT_0226_A1_1,390.0,446,171.95814514160156,540343.3969946243,8670970.143689957,545.0413360595703,2022-03-28 10:39:34.750000128+00:00,0,2022-05-03,100 MHz,20220328,0.0,171.6455078125,172.27081298828125,0.438343173420973,0.7725419219970703,11,3.4494059593234376,0.11290232340494792,3.5366607736803384,3.4789787502270046,168.1942546478008,175.72206615298046,0.0,0.0,0.4117706781881572,0.46351610412597655,9.0,0.0,3.453562600674126,0.11291885375976564,0.0,0.0,0.0,0.0,0.0,0.0,certain_cold,373.08319091796875,373.08319091796875,POINT (540343.3969946243 8670970.143689957),dronbreen
dronbreen-20220328-DAT_0226_A1_1,395.0,451,172.06236267089844,540346.2660525724,8670974.354646737,544.7171427408854,2022-03-28 10:39:36.333333248+00:00,0,2022-05-03,100 MHz,20220328,0.0,171.74972534179688,172.27081298828125,0.39095220329259656,0.6180516357421875,11,3.451484124135111,0.11290232340494792,3.508201450634006,3.475389649959596,168.29639512390764,175.72414320617048,0.0,0.0,0.36886827782997617,0.46351610412597655,9.0,0.0,3.453562600674126,0.11291885375976564,0.0,0.0,0.0,0.0,0.0,0.0,certain_cold,372.65478006998694,372.65478006998694,POINT (540346.2660525724 8670974.354646737),dronbreen
dronbreen-20220328-DAT_0226_A1_1,400.0,456,172.06236267089844,540349.1183643199,8670978.270465773,544.4078979492188,2022-03-28 10:39:37.750000128+00:00,0,2022-05-03,100 MHz,20220328,0.0,171.74972534179688,172.37503051757812,0.36725280816636485,0.46351610412597655,11,3.451484124135111,0.0,3.482468928496109,3.470967773440542,168.29824121766177,175.82651464171323,0.0,0.0,0.34998422328614054,0.3090484405517578,9.0,0.0,3.451484124135111,0.0,0.0,0.0,0.0,0.0,0.0,0.0,certain_cold,372.3455352783203,372.3455352783203,POINT (540349.1183643199 8670978.270465773),dronbreen
dronbreen-20220328-DAT_0226_A1_1,405.0,461,172.06236267089844,540352.4166251799,8670982.664881336,544.0193176269531,2022-03-28 10:39:39.333333248+00:00,0,2022-05-03,100 MHz,20220328,0.0,171.85394287109375,172.37503051757812,0.34650365425277035,0.4635387268066406,11,3.451484124135111,0.11290232340494792,3.4843016151068884,3.4706705945965934,168.40061265320452,175.82836073546736,0.0,0.0,0.33546029601755023,0.3090484405517578,9.0,0.0,3.453562600674126,0.22582117716471353,0.0,0.0,0.0,0.0,0.0,0.0,certain_cold,371.9569549560547,371.9569549560547,POINT (540352.4166251799 8670982.664881336),dronbreen
dronbreen-20220328-DAT_0226_A1_1,410.0,466,171.95814514160156,540355.3938079558,8670986.786053583,543.6093139648438,2022-03-28 10:39:41+00:00,0,2022-05-03,100 MHz,20220328,0.0,171.85394287109375,172.47923278808594,0.37654824869594256,0.6180516357421875,11,3.4494059593234376,0.11290232340494792,3.5061569034043347,3.4717340034113016,168.40268970639454,175.93048595278515,0.0,0.0,0.3651748615096251,0.6180516357421875,9.0,0.0,3.455640780384638,0.11290232340494792,0.0,0.0,0.0,0.0,0.0,0.0,certain_cold,371.6511688232422,371.6511688232422,POINT (540355.3938079558 8670986.786053583),dronbreen
dronbreen-20220328-DAT_0226_A1_1,415.0,471,171.95814514160156,540358.1019972113,8670990.495977618,543.2227783203125,2022-03-28 10:39:42.500000+00:00,0,2022-05-03,100 MHz,20220328,0.0,171.95814514160156,172.5834503173828,0.39221942252651076,0.46356134948730465,11,3.4494059593234376,0.11290232340494792,3.48224604696233,3.4734686528387315,168.50689197690235,176.03470348208202,0.0,0.0,0.3829212109712711,0.46356134948730465,9.0,0.0,3.455640780384638,0.0,0.0,0.0,0.0,0.0,0.0,0.0,certain_cold,371.26463317871094,371.26463317871094,POINT (540358.1019972113 8670990.495977618),dronbreen
dronbreen-20220328-DAT_0226_A1_1,420.0,476,172.06236267089844,540361.0672973637,8670994.585793268,542.8041381835938,2022-03-28 10:39:44+00:00,0,2022-05-03,100 MHz,20220328,0.0,171.95814514160156,172.5834503173828,0.39347576365508447,0.46356134948730465,11,3.451484124135111,0.22582117716471353,3.4897889603744323,3.481172365711977,168.49928147513353,176.04231398385085,0.0,0.0,0.37856250723459584,0.46356134948730465,9.0,0.0,3.455640780384638,0.11290232340494792,0.0,0.0,0.0,0.0,0.0,0.0,certain_cold,370.7417755126953,370.7417755126953,POINT (540361.0672973637 8670994.585793268),dronbreen
dronbreen-20220328-DAT_0226_A1_1,425.0,481,172.16659545898438,540364.0858807833,8670998.81678203,542.3876647949219,2022-03-28 10:39:45.500000+00:00,0,2022-05-03,100 MHz,20220328,0.0,172.06236267089844,172.6876678466797,0.39547972822930283,0.46356134948730465,11,3.453562600674126,0.11291885375976564,3.486364070066111,3.477966290772493,168.60695454676758,176.14307597081054,0.0,0.0,0.39264507958163647,0.3090484405517578,9.0,0.0,3.4577189675238786,0.11290232340494792,0.0,0.0,0.0,0.0,0.0,0.0,certain_cold,370.2210693359375,370.2210693359375,POINT (540364.0858807833 8670998.81678203),dronbreen
dronbreen-20220328-DAT_0226_A1_1,430.0,487,172.16659545898438,540367.1838868399,8671002.957111899,541.9860229492188,2022-03-28 10:39:47+00:00,0,2022-05-03,100 MHz,20220328,0.0,172.06236267089844,172.6876678466797,0.4383446245494506,0.46356134948730465,11,3.453562600674126,0.11290232340494792,3.486363534708301,3.483100282977317,168.60695508692152,176.1430754306566,0.0,0.0,0.4435181224565653,0.46356134948730465,9.0,0.0,3.4577189675238786,0.11288579305013022,0.0,0.0,0.0,0.0,0.0,0.0,certain_cold,369.8194274902344,369.8194274902344,POINT (540367.1838868399 8671002.957111899),dronbreen
dronbreen-20220328-DAT_0226_A1_1,435.0,491,172.27081298828125,540370.0544805004,8671006.578885727,541.6585286458334,2022-03-28 10:39:48.333333248+00:00,0,2022-05-03,100 MHz,20220328,0.0,172.06236267089844,172.79190063476562,0.45988945475487447,0.6180516357421875,11,3.455640780384638,0.22580464680989584,3.517730627268365,3.4934136961105864,168.5993522837384,176.25491102192566,0.0,0.0,0.45757983330907975,0.4635387268066406,9.0,0.0,3.4597968578034597,0.11288579305013022,0.0,0.0,0.0,0.0,0.0,0.0,certain_cold,369.3877156575521,369.3877156575521,POINT (540370.0544805004 8671006.578885727),dronbreen
dronbreen-20220328-DAT_0226_A1_1,440.0,495,172.37503051757812,540372.9322587627,8671010.386971181,541.3015543619791,2022-03-28 10:39:49.666666752+00:00,0,2022-05-03,100 MHz,20220328,0.0,172.16659545898438,172.79190063476562,0.4616047494000479,0.46356134948730465,11,3.4577189675238786,0.22578811645507815,3.4959533544721704,3.4956944484001187,168.7015123817831,176.2569837119669,0.0,0.0,0.4663984161294715,0.46351610412597655,9.0,0.0,3.4597968578034597,0.0,0.0,0.0,0.0,0.0,0.0,0.0,certain_cold,368.926523844401,368.926523844401,POINT (540372.9322587627 8671010.386971181),dronbreen
dronbreen-20220328-DAT_0226_A1_1,445.0,501,172.47923278808594,540376.38002816,8671014.983100465,540.8608834402902,2022-03-28 10:39:51.285714432+00:00,0,2022-05-03,100 MHz,20220328,0.0,172.16659545898438,172.79190063476562,0.48170643433645316,0.46356134948730465,11,3.4597968578034597,0.11288579305013022,3.4925387076276966,3.494993360282733,168.70495747971225,176.25353861403775,0.0,0.0,0.49435197232827793,0.4635387268066406,9.0,0.0,3.4597968578034597,0.11290232340494792,0.0,0.0,0.0,0.0,0.0,0.0,certain_cold,368.38165065220426,368.38165065220426,POINT (540376.38002816 8671014.983100465),dronbreen
dronbreen-20220328-DAT_0226_A1_1,450.0,506,172.47923278808594,540379.3578082662,8671018.927121578,540.4747488839286,2022-03-28 10:39:52.714285568+00:00,0,2022-05-03,100 MHz,20220328,0.0,172.27081298828125,172.79190063476562,0.5070653324827535,0.46351610412597655,11,3.4597968578034597,0.11290232340494792,3.492533236875642,3.498579209236626,168.80917446990634,176.25353915314054,0.0,0.0,0.528273478691194,0.3090484405517578,9.0,0.0,3.461875059758947,0.11290232340494792,0.0,0.0,0.0,0.0,0.0,0.0,certain_cold,367.9955160958426,367.9955160958426,POINT (540379.3578082662 8671018.927121578),dronbreen
dronbreen-20220328-DAT_0226_A1_1,455.0,510,172.5834503173828,540381.9447762908,8671022.380909784,540.1490478515625,2022-03-28 10:39:54+00:00,0,2022-05-03,100 MHz,20220328,0.0,172.27081298828125,172.6876678466797,0.5321465548040453,0.46351610412597655,11,3.461875059758947,0.0,3.492767685971275,3.502536064792314,168.8089379285223,176.14954290643863,0.0,0.0,0.5679057471190059,0.3090484405517578,9.0,0.0,3.461875059758947,0.0,0.0,0.0,0.0,0.0,0.0,0.0,certain_cold,367.5655975341797,367.5655975341797,POINT (540381.9447762908 8671022.380909784),dronbreen
dronbreen-20220328-DAT_0226_A1_1,460.0,515,172.47923278808594,540384.9893634398,8671026.380116588,539.7683715820312,2022-03-28 10:39:55.500000+00:00,0,2022-05-03,100 MHz,20220328,0.0,172.37503051757812,172.79190063476562,0.5521805431094279,0.3090484405517578,11,3.4597968578034597,0.22578811645507815,3.480902973282435,3.510851452708822,168.907873963455,176.25905718888876,0.0,0.0,0.5731928276745348,0.3090484405517578,9.0,0.0,3.461875059758947,0.0,0.0,0.0,0.0,0.0,0.0,0.0,certain_cold,367.2891387939453,367.2891387939453,POINT (540384.9893634398 8671026.380116588),dronbreen
dronbreen-20220328-DAT_0226_A1_1,465.0,520,172.37503051757812,540388.0666801793,8671030.566401955,539.3744506835938,2022-03-28 10:39:57+00:00,0,2022-05-03,100 MHz,20220328,0.0,172.37503051757812,172.6876678466797,0.6102741804001505,0.3090031951904297,11,3.4577189675238786,0.11288579305013022,3.4733336487134157,3.512975695320141,168.91546932276643,176.14722904149139,0.0,0.0,0.6209402325726788,0.3090031951904297,9.0,0.0,3.461875059758947,0.22578811645507815,0.0,0.0,0.0,0.0,0.0,0.0,certain_cold,366.9994201660156,366.9994201660156,POINT (540388.0666801793 8671030.566401955),dronbreen
dronbreen-20220328-DAT_0226_A1_1,470.0,525,172.37503051757812,540391.0443861611,8671034.51044953,539.0001307896206,2022-03-28 10:39:58.428571392+00:00,0,2022-05-03,100 MHz,20220328,0.0,172.27081298828125,172.47923278808594,0.6336138496047995,0.15451290893554687,11,3.4577189675238786,0.11290232340494792,3.4630104868498965,3.5171058988059554,168.81125125404313,175.93879452232406,0.104217529296875,0.0,0.6327318398460319,0.15451290893554687,9.0,0.0,3.4577189675238786,0.33869043986002606,0.0,0.0,0.0,0.0,0.0,0.0,certain_cold,366.62510027204246,366.62510027204246,POINT (540391.0443861611 8671034.51044953),dronbreen
dronbreen-20220328-DAT_0226_A1_1,475.0,530,172.27081298828125,540394.3034770935,8671038.755370438,538.581298828125,2022-03-28 10:40:00+00:00,0,2022-05-03,100 MHz,20220328,0.0,171.95814514160156,172.47923278808594,0.6395091242473795,0.6180516357421875,11,3.455640780384638,0.22580464680989584,3.517730627268365,3.521563979480416,168.49513475444152,175.94224317524598,0.104217529296875,0.0,0.6370128696198565,0.6180516357421875,9.0,0.0,3.455640780384638,0.22580464680989584,0.0,0.0,0.0,0.0,0.0,0.0,certain_cold,366.31048583984375,366.31048583984375,POINT (540394.3034770935 8671038.755370438),dronbreen
dronbreen-20220328-DAT_0226_A1_1,480.0,534,172.16659545898438,540397.0552292783,8671042.497701349,538.2012329101562,2022-03-28 10:40:01.333333248+00:00,0,2022-05-03,100 MHz,20220328,0.0,171.74972534179688,172.47923278808594,0.6364160773958432,0.46351610412597655,11,3.453562600674126,0.22582117716471353,3.491838630236972,3.5189650842824514,168.2887876305933,175.9401704992895,0.1042327880859375,0.0,0.5941314404223434,0.46351610412597655,9.0,0.0,3.453562600674126,0.22582117716471353,0.0,0.0,0.0,0.0,0.0,0.0,certain_cold,366.0346374511719,366.0346374511719,POINT (540397.0552292783 8671042.497701349),dronbreen
dronbreen-20220328-DAT_0226_A1_1,485.0,539,172.06236267089844,540399.9806930551,8671046.415833194,537.790283203125,2022-03-28 10:40:02.750000128+00:00,0,2022-05-03,100 MHz,20220328,0.0,171.43707275390625,172.37503051757812,0.6631593249755747,0.6180290130615234,11,3.451484124135111,0.33870697021484375,3.5227013685259543,3.530898661974157,167.9690091629626,175.84309410852177,0.3126373291015625,0.0,0.5459683258047717,0.6180290130615234,9.0,0.0,3.451484124135111,0.33870697021484375,0.0,0.0,0.0,0.0,0.0,0.0,certain_cold,365.72792053222656,365.72792053222656,POINT (540399.9806930551 8671046.415833194),dronbreen
dronbreen-20220328-DAT_0226_A1_1,490.0,544,171.85394287109375,540403.1897190287,8671050.683645431,537.3460693359375,2022-03-28 10:40:04.333333248+00:00,0,2022-05-03,100 MHz,20220328,0.0,171.12442016601562,172.06236267089844,0.6276674674503692,0.46356134948730465,11,3.4473281062493113,0.5645116170247396,3.5238662804696266,3.549184538395814,167.63117748365124,175.55560535326282,0.3126678466796875,0.0,0.48261036959710374,0.46356134948730465,9.0,0.0,3.4473281062493113,0.5645116170247396,0.0,0.0,0.0,0.0,0.0,0.0,certain_cold,365.49212646484375,365.49212646484375,POINT (540403.1897190287 8671050.683645431),dronbreen
dronbreen-20220328-DAT_0226_A1_1,495.0,548,171.54127502441406,540405.8410874095,8671054.3609525,536.9864095052084,2022-03-28 10:40:05.666666752+00:00,0,2022-05-03,100 MHz,20220328,0.0,170.91598510742188,172.06236267089844,0.6497698580213155,0.7725645446777343,11,3.441093374902905,0.7903162638346355,3.614219056362704,3.5899755263894546,167.3853019707354,175.5930458075849,0.1042022705078125,0.0,0.4778951604852253,0.7725645446777343,9.0,0.0,3.441093374902905,0.7903162638346355,0.0,0.0,0.0,0.0,0.0,0.0,certain_cold,365.4451344807943,365.4451344807943,POINT (540405.8410874095 8671054.3609525),dronbreen
dronbreen-20220328-DAT_0226_A1_1,500.0,554,171.12442016601562,540409.2400460533,8671059.115213225,536.5110066731771,2022-03-28 10:40:07.333333248+00:00,0,2022-05-03,100 MHz,20220328,0.0,170.811767578125,171.6455078125,0.6404388611551163,0.7725645446777343,11,3.432781215117273,0.7902997334798177,3.6063023327632155,3.5803243532504085,167.28918890056502,175.16808649005998,0.20843505859375,0.0,0.4844838684138118,0.7725645446777343,9.0,0.0,3.432781215117273,0.7902997334798177,0.0,0.0,0.0,0.0,0.0,0.0,certain_cold,365.3865865071615,365.3865865071615,POINT (540409.2400460533 8671059.115213225),dronbreen
dronbreen-20220328-DAT_0226_A1_1,505.0,558,170.811767578125,540411.6397410296,8671062.44381443,536.15966796875,2022-03-28 10:40:08.500000+00:00,0,2022-05-03,100 MHz,20220328,0.0,170.3948974609375,171.43707275390625,0.6702690691640888,0.7725645446777343,11,3.426546946601689,0.4516092936197917,3.541472985502253,3.5205731857791593,166.93871822204534,174.8932519927984,0.104217529296875,0.0,0.5415282096612559,0.7725645446777343,9.0,0.0,3.426546946601689,0.4516092936197917,0.0,0.0,0.0,0.0,0.0,0.0,certain_cold,365.347900390625,365.347900390625,POINT (540411.6397410296 8671062.44381443),dronbreen
dronbreen-20220328-DAT_0226_A1_1,510.0,563,170.70755004882812,540414.7907375136,8671066.725424143,535.6833801269531,2022-03-28 10:40:10+00:00,0,2022-05-03,100 MHz,20220328,0.0,169.87380981445312,171.12442016601562,0.7205324161551959,0.6180516357421875,11,3.4244688723171746,0.33870697021484375,3.496240451339835,3.51580381020782,166.43263131441256,174.5655986660562,0.20843505859375,0.0,0.613121691432482,0.6180516357421875,9.0,0.0,3.4244688723171746,0.33870697021484375,0.0,0.0,0.0,0.0,0.0,0.0,certain_cold,364.975830078125,364.975830078125,POINT (540414.7907375136 8671066.725424143),dronbreen
dronbreen-20220328-DAT_0226_A1_1,515.0,568,170.49911499023438,540417.9608814347,8671071.007614065,535.1869201660156,2022-03-28 10:40:11.500000+00:00,0,2022-05-03,100 MHz,20220328,0.0,169.3527374267578,170.91598510742188,0.8100704688757481,0.46351610412597655,11,3.4203127466623964,0.4516092936197917,3.4809966127316407,3.5438262377844665,165.90273884138637,174.36598369279332,0.4168701171875,0.0,0.7266202743428988,0.46351610412597655,9.0,0.0,3.4203127466623964,0.4516092936197917,0.0,0.0,0.0,0.0,0.0,0.0,certain_cold,364.68780517578125,364.68780517578125,POINT (540417.9608814347 8671071.007614065),dronbreen
dronbreen-20220328-DAT_0226_A1_1,520.0,573,170.29067993164062,540421.1693244178,8671075.29096286,534.6817016601562,2022-03-28 10:40:13+00:00,0,2022-05-03,100 MHz,20220328,0.0,169.144287109375,170.6033477783203,0.8536364090271314,0.46356134948730465,11,3.416156651652876,0.5645116170247396,3.4933778437390033,3.5661596645698315,165.68180250516545,174.06583238252986,0.521087646484375,0.0,0.8001319787808903,0.46356134948730465,9.0,0.0,3.416156651652876,0.5645116170247396,0.0,0.0,0.0,0.0,0.0,0.0,certain_cold,364.3910217285156,364.3910217285156,POINT (540421.1693244178 8671075.29096286),dronbreen
dronbreen-20220328-DAT_0226_A1_1,525.0,577,169.97802734375,540423.786921754,8671078.812220324,534.3091430664062,2022-03-28 10:40:14.249999872+00:00,0,2022-05-03,100 MHz,20220328,0.0,168.9358673095703,170.3948974609375,0.8498061756354239,0.6180516357421875,11,3.409922566843571,0.7903162638346355,3.5544562922047835,3.601991427654804,165.43555707921206,173.89520769129575,0.521087646484375,0.0,0.8147034903401453,0.6180516357421875,9.0,0.0,3.409922566843571,0.7903162638346355,0.0,0.0,0.0,0.0,0.0,0.0,certain_cold,364.33111572265625,364.33111572265625,POINT (540423.786921754 8671078.812220324),dronbreen
dronbreen-20220328-DAT_0226_A1_1,530.0,583,169.5611572265625,540427.1407426702,8671083.17970484,533.9315272739956,2022-03-28 10:40:15.857143040+00:00,0,2022-05-03,100 MHz,20220328,0.0,168.6232147216797,169.97802734375,0.8735265534367577,0.7725645446777343,11,3.4016105620726806,0.4516092936197917,3.5173514674796578,3.5408973452568895,165.1917565228831,173.40948554254658,0.521087646484375,0.0,0.8669123945009269,0.7725645446777343,9.0,0.0,3.4016105620726806,0.4516092936197917,0.0,0.0,0.0,0.0,0.0,0.0,certain_cold,364.3703700474331,364.3703700474331,POINT (540427.1407426702 8671083.17970484),dronbreen
dronbreen-20220328-DAT_0226_A1_1,535.0,588,169.5611572265625,540430.2466830589,8671087.225170122,533.4899088541666,2022-03-28 10:40:17.333333248+00:00,0,2022-05-03,100 MHz,20220328,0.0,168.41477966308594,169.76959228515625,0.8781459916690542,1.081567739868164,11,3.4016105620726806,0.11290232340494792,3.5712028963023346,3.5149454808459097,165.011295955084,173.1730759931582,0.6252899169921875,0.0,0.8819173942807992,1.081567739868164,9.0,0.0,3.4016105620726806,0.11290232340494792,0.0,0.0,0.0,0.0,0.0,0.0,certain_cold,363.92875162760413,363.92875162760413,POINT (540430.2466830589 8671087.225170122),dronbreen
dronbreen-20220328-DAT_0226_A1_1,540.0,592,169.45693969726562,540433.0075379842,8671090.657703778,533.0067952473959,2022-03-28 10:40:18.666666752+00:00,0,2022-05-03,100 MHz,20220328,0.0,168.31056213378906,169.45693969726562,0.8773557715858272,0.9270548309326171,11,3.399532580315283,0.4516092936197917,3.552492558509357,3.539848283280488,164.8811638310676,172.8863379999871,0.6252899169921875,0.0,0.8936384714750428,0.9270548309326171,9.0,0.0,3.399532580315283,0.4516092936197917,0.0,0.0,0.0,0.0,0.0,0.0,certain_cold,363.54985555013025,363.54985555013025,POINT (540433.0075379842 8671090.657703778),dronbreen
dronbreen-20220328-DAT_0226_A1_1,545.0,597,169.144287109375,540435.7920656488,8671094.152983956,532.5966796875,2022-03-28 10:40:20+00:00,0,2022-05-03,100 MHz,20220328,0.0,168.1021270751953,169.24850463867188,0.9130942775315788,0.9270548309326171,11,3.3932986819163844,0.6773974100748698,3.5822861213793513,3.5786986958296065,164.64187517744688,172.7087565364203,0.5210723876953125,0.0,0.9477116442361287,0.9270548309326171,9.0,0.0,3.3932986819163844,0.6773974100748698,0.0,0.0,0.0,0.0,0.0,0.0,certain_cold,363.452392578125,363.452392578125,POINT (540435.7920656488 8671094.152983956),dronbreen
dronbreen-20220328-DAT_0226_A1_1,550.0,602,168.83164978027344,540439.1893148579,8671098.349007757,532.1152692522321,2022-03-28 10:40:21.571428608+00:00,0,2022-05-03,100 MHz,20220328,0.0,167.99790954589844,169.144287109375,0.9623739302579845,0.9270548309326171,11,3.3870651583652123,0.5644950866699219,3.5567254250843634,3.5660943161288152,164.5641266334408,172.57807002183264,0.4168701171875,0.0,0.9970468212634572,0.9270548309326171,9.0,0.0,3.3870651583652123,0.5644950866699219,0.0,0.0,0.0,0.0,0.0,0.0,certain_cold,363.2836194719587,363.2836194719587,POINT (540439.1893148579 8671098.349007757),dronbreen
dronbreen-20220328-DAT_0226_A1_1,555.0,607,168.6232147216797,540442.2254544725,8671102.162008846,531.6966552734375,2022-03-28 10:40:23+00:00,0,2022-05-03,100 MHz,20220328,0.0,167.89369201660156,169.144287109375,0.974708931900099,0.9270548309326171,11,3.382909312593153,0.22580464680989584,3.5148959892585614,3.527764257667489,164.50325500114906,172.5347241248275,0.312652587890625,0.0,1.0092246304837225,0.9270548309326171,9.0,0.0,3.382909312593153,0.22580464680989584,0.0,0.0,0.0,0.0,0.0,0.0,certain_cold,363.0734405517578,363.0734405517578,POINT (540442.2254544725 8671102.162008846),dronbreen
dronbreen-20220328-DAT_0226_A1_1,560.0,612,168.6232147216797,540445.4201648232,8671106.25891951,531.2544860839844,2022-03-28 10:40:24.500000+00:00,0,2022-05-03,100 MHz,20220328,0.0,167.6852569580078,169.144287109375,1.011790434759596,1.0815903625488281,11,3.382909312593153,0.33870697021484375,3.5677213373889085,3.547184476845348,164.28543375247173,172.54411031491108,0.521087646484375,0.0,1.0344724184789762,1.0815903625488281,9.0,0.0,3.382909312593153,0.33870697021484375,0.0,0.0,0.0,0.0,0.0,0.0,certain_cold,362.6312713623047,362.6312713623047,POINT (540445.4201648232 8671106.25891951),dronbreen
dronbreen-20220328-DAT_0226_A1_1,565.0,617,168.31056213378906,540448.8336125765,8671110.73458796,530.7667846679688,2022-03-28 10:40:26+00:00,0,2022-05-03,100 MHz,20220328,0.0,167.6852569580078,169.144287109375,1.0416006689170396,1.0815903625488281,11,3.3766756033585503,0.5645116170247396,3.5903271728954205,3.5784834007664674,164.26171909549296,172.56782497188985,0.4168701171875,0.0,1.0638014129723767,1.0815903625488281,9.0,0.0,3.3766756033585503,0.5645116170247396,0.0,0.0,0.0,0.0,0.0,0.0,certain_cold,362.4562225341797,362.4562225341797,POINT (540448.8336125765 8671110.73458796),dronbreen
dronbreen-20220328-DAT_0226_A1_1,570.0,622,168.1021270751953,540451.7747976345,8671114.544763077,530.3258327907986,2022-03-28 10:40:27.333333248+00:00,0,2022-05-03,100 MHz,20220328,0.0,167.6852569580078,169.04006958007812,1.0535712691201342,1.0815903625488281,11,3.372519836988664,0.33870697021484375,3.5578715793171445,3.5494541667233253,164.2957713830932,172.42955515499273,0.3126678466796875,0.0,1.0602514485736656,1.0815903625488281,9.0,0.0,3.372519836988664,0.33870697021484375,0.0,0.0,0.0,0.0,0.0,0.0,certain_cold,362.2237057156033,362.2237057156033,POINT (540451.7747976345 8671114.544763077),dronbreen
dronbreen-20220328-DAT_0226_A1_1,575.0,626,167.99790954589844,540454.6776425346,8671118.353793867,529.881117078993,2022-03-28 10:40:28.666666752+00:00,0,2022-05-03,100 MHz,20220328,0.0,167.6852569580078,169.04006958007812,1.0677200912308273,1.2360806488037108,11,3.370441965783827,0.33872350056966144,3.6058990591670637,3.5517092853685086,164.2978371944481,172.42748934363783,0.312652587890625,0.0,1.0802642653138326,1.2360806488037108,9.0,0.0,3.370441965783827,0.33872350056966144,0.0,0.0,0.0,0.0,0.0,0.0,certain_cold,361.8832075330946,361.8832075330946,POINT (540454.6776425346 8671118.353793867),dronbreen
dronbreen-20220328-DAT_0226_A1_1,580.0,630,167.78945922851562,540457.5804874346,8671122.162824659,529.4364013671875,2022-03-28 10:40:30+00:00,0,2022-05-03,100 MHz,20220328,0.0,167.6852569580078,169.04006958007812,1.064201214183255,1.2360806488037108,11,3.366285943184132,0.22582117716471353,3.5931562206063545,3.537711192226445,164.31140511547898,172.41392142260696,0.1042022705078125,0.0,1.0794275146850152,1.2360806488037108,9.0,0.0,3.366285943184132,0.22582117716471353,0.0,0.0,0.0,0.0,0.0,0.0,certain_cold,361.6469421386719,361.6469421386719,POINT (540457.5804874346 8671122.162824659),dronbreen
dronbreen-20220328-DAT_0226_A1_1,585.0,634,167.78945922851562,540460.6730448729,8671126.039598875,528.9998575846354,2022-03-28 10:40:31.333333248+00:00,0,2022-05-03,100 MHz,20220328,0.0,167.6852569580078,169.04006958007812,1.0180152166531788,1.081567739868164,11,3.366285943184132,0.0,3.5357700472743714,3.5168503000009115,164.3189710148237,172.40635552326225,0.0,0.0,1.0256843895059695,1.081567739868164,9.0,0.0,3.366285943184132,0.0,0.0,0.0,0.0,0.0,0.0,0.0,certain_cold,361.21039835611975,361.21039835611975,POINT (540460.6730448729 8671126.039598875),dronbreen
dronbreen-20220328-DAT_0226_A1_1,590.0,639,167.78945922851562,540464.0026279287,8671130.218147349,528.5438537597656,2022-03-28 10:40:32.750000128+00:00,0,2022-05-03,100 MHz,20220328,0.0,167.6852569580078,169.04006958007812,1.001588130204408,1.081567739868164,11,3.366285943184132,0.11291885375976564,3.5375726840217756,3.513945147747737,164.31707766960682,172.40824886847912,0.0,0.0,1.0063832580443044,1.081567739868164,9.0,0.0,3.366285943184132,0.11291885375976564,0.0,0.0,0.0,0.0,0.0,0.0,certain_cold,360.75439453125,360.75439453125,POINT (540464.0026279287 8671130.218147349),dronbreen
dronbreen-20220328-DAT_0226_A1_1,595.0,643,167.89369201660156,540466.9730701654,8671133.796623098,528.154541015625,2022-03-28 10:40:34+00:00,0,2022-05-03,100 MHz,20220328,0.0,167.6852569580078,169.04006958007812,0.9975358431087378,1.081567739868164,11,3.3683641025854354,0.22582117716471353,3.5449486184662495,3.5202201195278833,164.3093316135071,172.41599492457883,0.0,0.0,1.0002156124811343,1.081567739868164,9.0,0.0,3.3683641025854354,0.22582117716471353,0.0,0.0,0.0,0.0,0.0,0.0,certain_cold,360.26084899902344,360.26084899902344,POINT (540466.9730701654 8671133.796623098),dronbreen
dronbreen-20220328-DAT_0226_A1_1,600.0,648,167.99790954589844,540470.1612932025,8671138.013032284,527.6790335518973,2022-03-28 10:40:35.428571392+00:00,0,2022-05-03,100 MHz,20220328,0.0,167.78945922851562,168.9358673095703,0.9230978892610215,0.9270548309326171,11,3.370441965783827,0.11290232340494792,3.4974357233411006,3.4963889504037073,164.41712680431024,172.3081997337757,0.0,0.0,0.9100357185423009,0.9270548309326171,9.0,0.0,3.370441965783827,0.11290232340494792,0.0,0.0,0.0,0.0,0.0,0.0,certain_cold,359.68112400599887,359.68112400599887,POINT (540470.1612932025 8671138.013032284),dronbreen
dronbreen-20220328-DAT_0226_A1_1,605.0,652,167.99790954589844,540472.8368590161,8671141.602594925,527.2552693684896,2022-03-28 10:40:36.666666752+00:00,0,2022-05-03,100 MHz,20220328,0.0,167.78945922851562,168.9358673095703,0.9002468314466822,0.9270774536132812,11,3.370441965783827,0.11290232340494792,3.4974417199354546,3.4904255237544857,164.41712680431024,172.3081997337757,0.0,0.0,0.8824337216779898,0.7725871673583984,9.0,0.0,3.370441965783827,0.11290232340494792,0.0,0.0,0.0,0.0,0.0,0.0,certain_cold,359.2573598225912,359.2573598225912,POINT (540472.8368590161 8671141.602594925),dronbreen
dronbreen-20220328-DAT_0226_A1_1,610.0,657,168.1021270751953,540475.6701330944,8671145.595669596,526.7564086914062,2022-03-28 10:40:38+00:00,0,2022-05-03,100 MHz,20220328,0.0,167.99790954589844,168.9358673095703,0.8729606492448813,0.9270774536132812,11,3.372519836988664,0.22580464680989584,3.5049037639286293,3.490979530809803,164.61783886773162,172.31593798773713,0.0,0.0,0.8590440267811708,0.7725871673583984,9.0,0.0,3.372519836988664,0.22580464680989584,0.0,0.0,0.0,0.0,0.0,0.0,certain_cold,358.65428161621094,358.65428161621094,POINT (540475.6701330944 8671145.595669596),dronbreen
dronbreen-20220328-DAT_0226_A1_1,615.0,662,168.2063446044922,540479.2437002731,8671150.479433069,526.1062418619791,2022-03-28 10:40:39.666666752+00:00,0,2022-05-03,100 MHz,20220328,0.0,168.1021270751953,168.9358673095703,0.8356293863386728,0.9270774536132812,11,3.374597716185156,0.11290232340494792,3.5014467418069337,3.478352074190457,164.72564122734812,172.3123531574175,0.0,0.0,0.8271971494921622,0.7725871673583984,9.0,0.0,3.374597716185156,0.11290232340494792,0.0,0.0,0.0,0.0,0.0,0.0,certain_cold,357.89989725748694,357.89989725748694,POINT (540479.2437002731 8671150.479433069),dronbreen
dronbreen-20220328-DAT_0226_A1_1,620.0,666,168.2063446044922,540481.9893091383,8671154.106570203,525.627458844866,2022-03-28 10:40:40.857143040+00:00,0,2022-05-03,100 MHz,20220328,0.0,168.2063446044922,168.83164978027344,0.7874487137507101,0.6180516357421875,11,3.374597716185156,0.11290232340494792,3.4325856879553496,3.46709275294157,164.829858756645,172.20813562812063,0.0,0.0,0.7885449160085954,0.6180516357421875,9.0,0.0,3.374597716185156,0.11290232340494792,0.0,0.0,0.0,0.0,0.0,0.0,certain_cold,357.42111424037387,357.42111424037387,POINT (540481.9893091383 8671154.106570203),dronbreen
dronbreen-20220328-DAT_0226_A1_1,625.0,670,168.31056213378906,540484.6680069689,8671157.589914119,525.1702880859375,2022-03-28 10:40:42+00:00,0,2022-05-03,100 MHz,20220328,0.0,168.2063446044922,168.83164978027344,0.7635101320582708,0.46356134948730465,11,3.3766756033585503,0.11290232340494792,3.4102161499948296,3.4637599204769813,164.82778203071217,172.21021235405345,0.0,0.0,0.7517185270501081,0.46356134948730465,9.0,0.0,3.3766756033585503,0.11290232340494792,0.0,0.0,0.0,0.0,0.0,0.0,certain_cold,356.85972595214844,356.85972595214844,POINT (540484.6680069689 8671157.589914119),dronbreen
dronbreen-20220328-DAT_0226_A1_1,630.0,674,168.31056213378906,540487.7619908365,8671161.838979257,524.6523844401041,2022-03-28 10:40:43.333333248+00:00,0,2022-05-03,100 MHz,20220328,0.0,168.31056213378906,168.83164978027344,0.7469052540378097,0.4635387268066406,11,3.3766756033585503,0.11290232340494792,3.4102130748967268,3.460137645160428,164.93199956000905,172.21021235405345,0.0,0.0,0.7438502795399304,0.4635387268066406,9.0,0.0,3.3766756033585503,0.11290232340494792,0.0,0.0,0.0,0.0,0.0,0.0,certain_cold,356.34182230631507,356.34182230631507,POINT (540487.7619908365 8671161.838979257),dronbreen
dronbreen-20220328-DAT_0226_A1_1,635.0,679,168.41477966308594,540490.925345229,8671166.012599617,524.114990234375,2022-03-28 10:40:44.750000128+00:00,0,2022-05-03,100 MHz,20220328,0.0,168.31056213378906,168.83164978027344,0.7118454646089316,0.6180516357421875,11,3.3787534984941288,0.22578811645507815,3.442229408619106,3.460300484438158,164.92427279631085,172.21793911775165,0.0,0.0,0.7087495619625841,0.6180516357421875,9.0,0.0,3.3787534984941288,0.22578811645507815,0.0,0.0,0.0,0.0,0.0,0.0,certain_cold,355.70021057128906,355.70021057128906,POINT (540490.925345229 8671166.012599617),dronbreen
dronbreen-20220328-DAT_0226_A1_1,640.0,683,168.51898193359375,540493.8134013783,8671169.774752006,523.6005249023438,2022-03-28 10:40:46+00:00,0,2022-05-03,100 MHz,20220328,0.0,168.41477966308594,168.83164978027344,0.6718848203416184,0.46356134948730465,11,3.380831097344846,0.11288579305013022,3.4143302763184766,3.4487956336744574,165.03206446504657,172.2143649783128,0.0,0.0,0.6688941818459921,0.46356134948730465,9.0,0.0,3.380831097344846,0.11288579305013022,0.0,0.0,0.0,0.0,0.0,0.0,certain_cold,355.08154296875,355.08154296875,POINT (540493.8134013783 8671169.774752006),dronbreen
dronbreen-20220328-DAT_0226_A1_1,645.0,688,168.51898193359375,540497.4892978094,8671174.22743556,522.9734090169271,2022-03-28 10:40:47.666666752+00:00,0,2022-05-03,100 MHz,20220328,0.0,168.41477966308594,168.9358673095703,0.6774464953313358,0.46356134948730465,11,3.380831097344846,0.11291885375976564,3.414331369543218,3.449884538697648,165.0320633616045,172.31858361105176,0.0,0.0,0.6652763868462954,0.46356134948730465,9.0,0.0,3.380831097344846,0.11291885375976564,0.0,0.0,0.0,0.0,0.0,0.0,certain_cold,354.45442708333337,354.45442708333337,POINT (540497.4892978094 8671174.22743556),dronbreen
dronbreen-20220328-DAT_0226_A1_1,650.0,694,168.6232147216797,540500.3171111394,8671177.972283097,522.4868774414062,2022-03-28 10:40:49+00:00,0,2022-05-03,100 MHz,20220328,0.0,168.51898193359375,169.04006958007812,0.6278224331058967,0.46351610412597655,11,3.382909312593153,0.11291885375976564,3.4163830674483826,3.4425262660254177,165.13418857435246,172.4248629393194,0.0,0.0,0.6076841288928797,0.46351610412597655,9.0,0.0,3.382909312593153,0.11291885375976564,0.0,0.0,0.0,0.0,0.0,0.0,certain_cold,353.86366271972656,353.86366271972656,POINT (540500.3171111394 8671177.972283097),dronbreen
dronbreen-20220328-DAT_0226_A1_1,655.0,697,168.6232147216797,540503.3185597603,8671181.65147109,522.0134626116071,2022-03-28 10:40:50.285714432+00:00,0,2022-05-03,100 MHz,20220328,0.0,168.6232147216797,169.04006958007812,0.5975224748213026,0.4635387268066406,11,3.382909312593153,0.11288579305013022,3.4163850442758283,3.437128412995157,165.23842246520337,172.42486183655444,0.0,0.0,0.5825873308991915,0.4635387268066406,9.0,0.0,3.382909312593153,0.11288579305013022,0.0,0.0,0.0,0.0,0.0,0.0,certain_cold,353.3902478899274,353.3902478899274,POINT (540503.3185597603 8671181.65147109),dronbreen
dronbreen-20220328-DAT_0226_A1_1,660.0,702,168.7274169921875,540506.6747740462,8671185.74010508,521.4942278180804,2022-03-28 10:40:51.714285568+00:00,0,2022-05-03,100 MHz,20220328,0.0,168.7274169921875,169.144287109375,0.6109253698396253,0.3090484405517578,11,3.384986927292661,0.22580464680989584,3.406557672353519,3.4470790597224243,165.3349069720898,172.5367971294727,0.0,0.0,0.5836266865682396,0.3090484405517578,9.0,0.0,3.384986927292661,0.22580464680989584,0.0,0.0,0.0,0.0,0.0,0.0,certain_cold,352.7668108258929,352.7668108258929,POINT (540506.6747740462 8671185.74010508),dronbreen
dronbreen-20220328-DAT_0226_A1_1,665.0,707,168.83164978027344,540509.6051492679,8671189.231076756,521.0955810546875,2022-03-28 10:40:53+00:00,0,2022-05-03,100 MHz,20220328,0.0,168.7274169921875,169.24850463867188,0.6114092872024635,0.46351610412597655,11,3.3870651583652123,0.22582117716471353,3.4260841743675448,3.449206706990035,165.3328322471756,172.6430893836838,0.0,0.0,0.5708198988661427,0.3090484405517578,9.0,0.0,3.3870651583652123,0.22582117716471353,0.0,0.0,0.0,0.0,0.0,0.0,certain_cold,352.26393127441406,352.26393127441406,POINT (540509.6051492679 8671189.231076756),dronbreen
dronbreen-20220328-DAT_0226_A1_1,670.0,711,168.9358673095703,540512.6372608751,8671192.982100653,520.7487589518229,2022-03-28 10:40:54.333333248+00:00,0,2022-05-03,100 MHz,20220328,0.0,168.83164978027344,169.3527374267578,0.6237205773082125,0.46356134948730465,11,3.3891430930922195,0.11290232340494792,3.4225614625340803,3.447907365148116,165.44062665441822,172.74376055261303,0.104217529296875,0.0,0.5726663084678802,0.4635387268066406,9.0,0.0,3.3891430930922195,0.11290232340494792,0.0,0.0,0.0,0.0,0.0,0.0,certain_cold,351.81289164225257,351.81289164225257,POINT (540512.6372608751 8671192.982100653),dronbreen
dronbreen-20220328-DAT_0226_A1_1,675.0,716,168.9358673095703,540516.3002578656,8671197.434450945,520.1658935546875,2022-03-28 10:40:56+00:00,0,2022-05-03,100 MHz,20220328,0.0,168.83164978027344,169.45693969726562,0.6323653714702678,0.46356134948730465,11,3.3891430930922195,0.0,3.4206987634390122,3.447633517137433,165.4425066871812,172.84608279035785,0.0,0.0,0.5708172290623301,0.3090031951904297,9.0,0.0,3.3891430930922195,0.0,0.0,0.0,0.0,0.0,0.0,0.0,certain_cold,351.2300262451172,351.2300262451172,POINT (540516.3002578656 8671197.434450945),dronbreen
dronbreen-20220328-DAT_0226_A1_1,680.0,721,168.9358673095703,540519.0487762842,8671200.890066952,519.7231979370117,2022-03-28 10:40:57.249999872+00:00,0,2022-05-04,100 MHz,20220328,0.0,168.9358673095703,169.5611572265625,0.6471810470325893,0.46351610412597655,11,3.3891430930922195,0.11288579305013022,3.4225547894097144,3.4522278915745774,165.54484473404426,172.95217980208855,0.0,0.0,0.5766014916520283,0.3090484405517578,9.0,0.0,3.3891430930922195,0.11288579305013022,0.0,0.0,0.0,0.0,0.0,0.0,certain_cold,350.7873306274414,350.7873306274414,POINT (540519.0487762842 8671200.890066952),dronbreen
dronbreen-20220328-DAT_0226_A1_1,685.0,726,169.04006958007812,540522.1273017678,8671204.743307788,519.2241007486979,2022-03-28 10:40:58.666666752+00:00,0,2022-05-04,100 MHz,20220328,0.0,168.9358673095703,169.66537475585938,0.6734990563923523,0.3090484405517578,11,3.391220731455719,0.22578811645507815,3.412750981480317,3.46481735477482,165.53713838201705,173.06410368341264,0.0,0.0,0.5936198469392202,0.3090031951904297,9.0,0.0,3.391220731455719,0.22578811645507815,0.0,0.0,0.0,0.0,0.0,0.0,certain_cold,350.18403116861975,350.18403116861975,POINT (540522.1273017678 8671204.743307788),dronbreen
dronbreen-20220328-DAT_0226_A1_1,690.0,731,169.144287109375,540525.5294670152,8671208.93971335,518.6669108072916,2022-03-28 10:41:00.333333248+00:00,0,2022-05-04,100 MHz,20220328,0.0,169.04006958007812,169.76959228515625,0.6839748298664506,0.4635387268066406,11,3.3932986819163844,0.11290232340494792,3.426673464247101,3.463386268843911,165.64489316649875,173.16476869873563,0.104217529296875,0.0,0.58749278161477,0.15451290893554687,9.0,0.0,3.3932986819163844,0.11290232340494792,0.0,0.0,0.0,0.0,0.0,0.0,certain_cold,349.52262369791663,349.52262369791663,POINT (540525.5294670152 8671208.93971335),dronbreen
dronbreen-20220328-DAT_0226_A1_1,695.0,736,169.144287109375,540528.3321899379,8671212.451256074,518.1874847412109,2022-03-28 10:41:01.750000128+00:00,0,2022-05-04,100 MHz,20220328,0.0,169.04006958007812,169.87380981445312,0.683397249196464,0.30902581787109373,11,3.3932986819163844,0.11290232340494792,3.409211028293292,3.463272250276464,165.64489316649875,173.2689862280325,0.0,0.0,0.597422940341759,0.30902581787109373,9.0,0.0,3.3932986819163844,0.11290232340494792,0.0,0.0,0.0,0.0,0.0,0.0,certain_cold,349.04319763183594,349.04319763183594,POINT (540528.3321899379 8671212.451256074),dronbreen
dronbreen-20220328-DAT_0226_A1_1,700.0,742,169.24850463867188,540531.9022701554,8671216.619505284,517.5711233956473,2022-03-28 10:41:03.428571392+00:00,0,2022-05-04,100 MHz,20220328,0.0,169.144287109375,169.97802734375,0.7179277925304623,0.4635387268066406,11,3.395376640222792,0.22582117716471353,3.4343042795122556,3.4777863718627593,165.74140924894178,173.38090520418322,0.104217529296875,0.0,0.6255523758518533,0.30902581787109373,9.0,0.0,3.395376640222792,0.22582117716471353,0.0,0.0,0.0,0.0,0.0,0.0,certain_cold,348.32261875697543,348.32261875697543,POINT (540531.9022701554 8671216.619505284),dronbreen
dronbreen-20220328-DAT_0226_A1_1,705.0,747,169.3527374267578,540535.3186484735,8671220.523935389,517.0092163085938,2022-03-28 10:41:05+00:00,0,2022-05-04,100 MHz,20220328,0.0,169.24850463867188,170.08224487304688,0.7103197010526382,0.46356134948730465,11,3.3974549106021334,0.11291885375976564,3.430792861985034,3.4727517352688024,165.84917374317067,173.48157576854808,0.1042327880859375,0.0,0.6204622781903422,0.3090031951904297,9.0,0.0,3.3974549106021334,0.11291885375976564,0.0,0.0,0.0,0.0,0.0,0.0,certain_cold,347.65647888183594,347.65647888183594,POINT (540535.3186484735 8671220.523935389),dronbreen
dronbreen-20220328-DAT_0226_A1_1,710.0,752,169.3527374267578,540538.4090249138,8671224.245762028,516.5117492675781,2022-03-28 10:41:06.500000+00:00,0,2022-05-04,100 MHz,20220328,0.0,169.24850463867188,170.18646240234375,0.7324897375861523,0.46356134948730465,11,3.3974549106021334,0.11288579305013022,3.430791774005761,3.4773530576454466,165.84917484121956,173.58579219979606,0.0,0.0,0.6586682212748741,0.46351610412597655,9.0,0.0,3.3974549106021334,0.11288579305013022,0.0,0.0,0.0,0.0,0.0,0.0,certain_cold,347.1590118408203,347.1590118408203,POINT (540538.4090249138 8671224.245762028),dronbreen
dronbreen-20220328-DAT_0226_A1_1,715.0,757,169.45693969726562,540541.4610679769,8671227.966439806,516.0381469726562,2022-03-28 10:41:08+00:00,0,2022-05-04,100 MHz,20220328,0.0,169.3527374267578,170.29067993164062,0.7254493244427843,0.4635387268066406,11,3.399532580315283,0.11288579305013022,3.432846212423033,3.477907659675877,165.95133110482305,173.69208625357538,0.1042022705078125,0.0,0.65499438497076,0.15451290893554687,9.0,0.0,3.399532580315283,0.11288579305013022,0.0,0.0,0.0,0.0,0.0,0.0,certain_cold,346.5812072753906,346.5812072753906,POINT (540541.4610679769 8671227.966439806),dronbreen
dronbreen-20220328-DAT_0226_A1_1,720.0,762,169.45693969726562,540544.2274265895,8671231.833597844,515.6019795735677,2022-03-28 10:41:09.333333248+00:00,0,2022-05-04,100 MHz,20220328,0.0,169.3527374267578,170.29067993164062,0.7212133229223685,0.4635387268066406,11,3.399532580315283,0.0,3.4309896408871023,3.475193580476606,165.95320484644253,173.6902125119559,0.0,0.0,0.6695697835144233,0.15451290893554687,9.0,0.0,3.399532580315283,0.0,0.0,0.0,0.0,0.0,0.0,0.0,certain_cold,346.1450398763021,346.1450398763021,POINT (540544.2274265895 8671231.833597844),dronbreen
dronbreen-20220328-DAT_0226_A1_1,725.0,766,169.45693969726562,540547.0456478529,8671235.888414076,515.1671244303385,2022-03-28 10:41:10.666666752+00:00,0,2022-05-04,100 MHz,20220328,0.0,169.24850463867188,170.3948974609375,0.7461121510149112,0.4635387268066406,11,3.399532580315283,0.11290232340494792,3.4328467560473546,3.4822768472864736,165.847097768088,173.79630433152138,0.0,0.0,0.6873586329847874,0.30902581787109373,9.0,0.0,3.399532580315283,0.11290232340494792,0.0,0.0,0.0,0.0,0.0,0.0,certain_cold,345.7101847330729,345.7101847330729,POINT (540547.0456478529 8671235.888414076),dronbreen
dronbreen-20220328-DAT_0226_A1_1,730.0,771,169.5611572265625,540550.4755561793,8671240.6439938,514.6324462890625,2022-03-28 10:41:12.333333248+00:00,0,2022-05-04,100 MHz,20220328,0.0,169.3527374267578,170.49911499023438,0.751259378177635,0.6180516357421875,11,3.4016105620726806,0.11290232340494792,3.459145729089517,3.485411310582225,165.94925371875587,173.90259869823632,0.0,0.0,0.6967332187092575,0.6180516357421875,9.0,0.0,3.4016105620726806,0.11290232340494792,0.0,0.0,0.0,0.0,0.0,0.0,certain_cold,345.0712890625,345.0712890625,POINT (540550.4755561793 8671240.6439938),dronbreen
dronbreen-20220328-DAT_0226_A1_1,735.0,776,169.5611572265625,540553.2670167584,8671244.418881316,514.2027282714844,2022-03-28 10:41:13.750000128+00:00,0,2022-05-04,100 MHz,20220328,0.0,169.45693969726562,170.6033477783203,0.7786258593256923,0.9270774536132812,11,3.4016105620726806,0.22580464680989584,3.532904578321278,3.4968843823232176,166.0478427267285,174.01244474885743,0.0,0.0,0.7383622998436205,0.7725645446777343,9.0,0.0,3.4016105620726806,0.22580464680989584,0.0,0.0,0.0,0.0,0.0,0.0,certain_cold,344.6415710449219,344.6415710449219,POINT (540553.2670167584 8671244.418881316),dronbreen
dronbreen-20220328-DAT_0226_A1_1,740.0,781,169.76959228515625,540556.2826922963,8671248.298007771,513.758771623884,2022-03-28 10:41:15.285714432+00:00,0,2022-05-04,100 MHz,20220328,0.0,169.5611572265625,170.811767578125,0.8330250013264834,1.2360806488037108,11,3.405766548938326,0.4516092936197917,3.6511768117003105,3.5351276345821,166.12557914711923,174.24734565756827,0.104217529296875,0.0,0.7971077477054955,0.9270774536132812,9.0,0.0,3.405766548938326,0.4516092936197917,0.0,0.0,0.0,0.0,0.0,0.0,certain_cold,343.9891793387277,343.9891793387277,POINT (540556.2826922963 8671248.298007771),dronbreen
dronbreen-20220328-DAT_0226_A1_1,745.0,786,169.97802734375,540559.1305576584,8671251.97270179,513.3482230050223,2022-03-28 10:41:16.714285568+00:00,0,2022-05-04,100 MHz,20220328,0.0,169.66537475585938,170.91598510742188,0.845845770654127,1.236103271484375,11,3.409922566843571,0.4516092936197917,3.655061444589843,3.542171358600017,166.22567667812743,174.35568318515382,0.0,0.0,0.7978629977835611,0.7725871673583984,9.0,0.0,3.409922566843571,0.4516092936197917,0.0,0.0,0.0,0.0,0.0,0.0,certain_cold,343.3701956612723,343.3701956612723,POINT (540559.1305576584 8671251.97270179),dronbreen
dronbreen-20220328-DAT_0226_A1_1,750.0,791,170.18646240234375,540562.0557857773,8671255.988683319,512.9040832519531,2022-03-28 10:41:18.249999872+00:00,0,2022-05-04,100 MHz,20220328,0.0,169.76959228515625,170.91598510742188,0.8408112219866933,0.9270774536132812,11,3.4140786156750615,0.5645116170247396,3.5824682503497107,3.5611191598687606,166.30915789627304,174.3764194963051,0.0,0.0,0.793880835915639,0.7725645446777343,9.0,0.0,3.4140786156750615,0.5645116170247396,0.0,0.0,0.0,0.0,0.0,0.0,certain_cold,342.7176208496094,342.7176208496094,POINT (540562.0557857773 8671255.988683319),dronbreen
dronbreen-20220328-DAT_0226_A1_1,755.0,796,170.49911499023438,540564.869998135,8671259.748775987,512.4885864257812,2022-03-28 10:41:19.666666752+00:00,0,2022-05-04,100 MHz,20220328,0.0,169.87380981445312,171.0201873779297,0.7802683000659139,0.9270774536132812,11,3.4203127466623964,0.6774139404296875,3.607894335574121,3.5729886022428747,166.38705933131416,174.50693786106865,0.104217529296875,0.0,0.7313761101746317,0.6180516357421875,9.0,0.0,3.4203127466623964,0.6774139404296875,0.0,0.0,0.0,0.0,0.0,0.0,certain_cold,341.9894714355469,341.9894714355469,POINT (540564.869998135 8671259.748775987),dronbreen
dronbreen-20220328-DAT_0226_A1_1,760.0,801,170.811767578125,540567.9978389557,8671264.069952281,512.0273699079241,2022-03-28 10:41:21.285714432+00:00,0,2022-05-04,100 MHz,20220328,0.0,170.08224487304688,171.2286376953125,0.7135104567030496,0.9271000762939453,11,3.426546946601689,0.6774139404296875,3.61381075534097,3.564998007822505,166.58937876854847,174.7215037998109,0.2084197998046875,0.0,0.6391429598939836,0.6180063903808594,9.0,0.0,3.426546946601689,0.6774139404296875,0.0,0.0,0.0,0.0,0.0,0.0,certain_cold,341.21560232979914,341.21560232979914,POINT (540567.9978389557 8671264.069952281),dronbreen
dronbreen-20220328-DAT_0226_A1_1,765.0,807,171.12442016601562,540571.1572566126,8671268.312335072,511.62506103515625,2022-03-28 10:41:23+00:00,0,2022-05-04,100 MHz,20220328,0.0,170.3948974609375,171.54127502441406,0.6901524099221648,1.0815903625488281,11,3.432781215117273,0.5645116170247396,3.643143964898507,3.5466844496711687,166.91600967363854,175.02016281171302,0.1042327880859375,0.0,0.6076833656425674,0.6180290130615234,9.0,0.0,3.432781215117273,0.5645116170247396,0.0,0.0,0.0,0.0,0.0,0.0,certain_cold,340.5006408691406,340.5006408691406,POINT (540571.1572566126 8671268.312335072),dronbreen
dronbreen-20220328-DAT_0226_A1_1,770.0,812,171.33285522460938,540573.6563139488,8671271.923380574,511.3135477701823,2022-03-28 10:41:24.333333248+00:00,0,2022-05-04,100 MHz,20220328,0.0,170.70755004882812,171.85394287109375,0.6791958401348309,0.7725419219970703,11,3.43693743204132,0.5645116170247396,3.567636934830336,3.54859398449289,167.22456106269527,175.3369318572266,0.20843505859375,0.0,0.6143515490398747,0.6180516357421875,9.0,0.0,3.43693743204132,0.5645116170247396,0.0,0.0,0.0,0.0,0.0,0.0,certain_cold,339.98069254557294,339.98069254557294,POINT (540573.6563139488 8671271.923380574),dronbreen
dronbreen-20220328-DAT_0226_A1_1,775.0,817,171.6455078125,540577.0413276497,8671276.677681059,510.9343566894531,2022-03-28 10:41:26+00:00,0,2022-05-04,100 MHz,20220328,0.0,171.12442016601562,172.27081298828125,0.7073899031646856,0.6180516357421875,11,3.443171814023285,0.5645116170247396,3.5434578212649686,3.5601272423523898,167.6352790816454,175.75995407265148,0.20843505859375,0.0,0.6313045010583623,0.6180516357421875,9.0,0.0,3.443171814023285,0.5645116170247396,0.0,0.0,0.0,0.0,0.0,0.0,certain_cold,339.2888488769531,339.2888488769531,POINT (540577.0413276497 8671276.677681059),dronbreen
dronbreen-20220328-DAT_0226_A1_1,780.0,821,171.85394287109375,540579.9085675207,8671280.79608104,510.65537516276044,2022-03-28 10:41:27.333333248+00:00,0,2022-05-04,100 MHz,20220328,0.0,171.6455078125,172.47923278808594,0.6576236683187326,0.6180516357421875,11,3.4473281062493113,0.451592763264974,3.5312879973762197,3.5384284626233073,168.16872667242666,175.95601392815928,0.20843505859375,0.0,0.5726638786809903,0.6180290130615234,9.0,0.0,3.4473281062493113,0.451592763264974,0.0,0.0,0.0,0.0,0.0,0.0,certain_cold,338.8014322916667,338.8014322916667,POINT (540579.9085675207 8671280.79608104),dronbreen
dronbreen-20220328-DAT_0226_A1_1,785.0,825,172.06236267089844,540582.846819319,8671285.102717435,510.40456136067706,2022-03-28 10:41:28.666666752+00:00,0,2022-05-04,100 MHz,20220328,0.0,171.95814514160156,172.79190063476562,0.6751149788520716,0.7725645446777343,11,3.451484124135111,0.4516092936197917,3.565606482624463,3.5457684425115685,168.4772410042774,176.27280477208978,0.104217529296875,0.0,0.5623046576997464,0.46356134948730465,9.0,0.0,3.451484124135111,0.4516092936197917,0.0,0.0,0.0,0.0,0.0,0.0,certain_cold,338.3421986897786,338.3421986897786,POINT (540582.846819319 8671285.102717435),dronbreen
dronbreen-20220328-DAT_0226_A1_1,790.0,829,172.27081298828125,540585.2916106982,8671288.603597358,510.2325439453125,2022-03-28 10:41:29.750000128+00:00,0,2022-05-04,100 MHz,20220328,0.0,172.06236267089844,173.0003204345703,0.6790497456685552,0.7725645446777343,11,3.455640780384638,0.5645116170247396,3.585663473404378,3.566684051875883,168.5609163170593,176.50176678840944,0.104217529296875,0.0,0.5647117651699041,0.6180516357421875,9.0,0.0,3.455640780384638,0.5645116170247396,0.0,0.0,0.0,0.0,0.0,0.0,certain_cold,337.96173095703125,337.96173095703125,POINT (540585.2916106982 8671288.603597358),dronbreen
dronbreen-20220328-DAT_0226_A1_1,795.0,834,172.5834503173828,540588.2569282058,8671292.647434253,510.0630798339844,2022-03-28 10:41:31+00:00,0,2022-05-04,100 MHz,20220328,0.0,172.16659545898438,173.20875549316406,0.6998104904582114,0.7725645446777343,11,3.461875059758947,0.5645116170247396,3.5916720717278765,3.576728535644306,168.65899623798765,176.7163547141608,0.104217529296875,0.0,0.580251109086439,0.7725645446777343,9.0,0.0,3.461875059758947,0.5645116170247396,0.0,0.0,0.0,0.0,0.0,0.0,certain_cold,337.47962951660156,337.47962951660156,POINT (540588.2569282058 8671292.647434253),dronbreen
dronbreen-20220328-DAT_0226_A1_1,800.0,838,172.79190063476562,540591.331878509,8671297.082274323,509.88751220703125,2022-03-28 10:41:32.333333248+00:00,0,2022-05-04,100 MHz,20220328,0.0,172.16659545898438,173.4171905517578,0.7341075741954454,0.9270774536132812,11,3.4660317901008764,0.4516092936197917,3.616185826125607,3.571588057792328,168.67126610052992,176.91251991021227,0.0,0.0,0.6269861163292757,0.9270774536132812,9.0,0.0,3.4660317901008764,0.4516092936197917,0.0,0.0,0.0,0.0,0.0,0.0,certain_cold,337.0956115722656,337.0956115722656,POINT (540591.331878509 8671297.082274323),dronbreen
dronbreen-20220328-DAT_0226_A1_1,805.0,842,173.0003204345703,540594.051375571,8671301.010160064,509.71348063151044,2022-03-28 10:41:33.666666752+00:00,0,2022-05-04,100 MHz,20220328,0.0,172.47923278808594,173.62564086914062,0.7762076835433844,1.0815903625488281,11,3.470187941334821,0.6773974100748698,3.6974192772419316,3.619885352791374,168.94354733836593,177.16132631886063,0.0,0.0,0.6508340878319339,1.0815903625488281,9.0,0.0,3.470187941334821,0.6773974100748698,0.0,0.0,0.0,0.0,0.0,0.0,certain_cold,336.7131601969401,336.7131601969401,POINT (540594.051375571 8671301.010160064),dronbreen
dronbreen-20220328-DAT_0226_A1_1,810.0,847,173.4171905517578,540596.9527735888,8671305.32458147,509.4933122907366,2022-03-28 10:41:35.142856960+00:00,0,2022-05-04,100 MHz,20220328,0.0,172.8961181640625,173.8340606689453,0.8049352643846513,1.081567739868164,11,3.478500940282448,0.7903162638346355,3.727513563268541,3.6568414469699664,169.32896683724337,177.40121199576444,0.104217529296875,0.0,0.6960796981781883,1.081567739868164,9.0,0.0,3.478500940282448,0.7903162638346355,0.0,0.0,0.0,0.0,0.0,0.0,certain_cold,336.07612173897877,336.07612173897877,POINT (540596.9527735888 8671305.32458147),dronbreen
dronbreen-20220328-DAT_0226_A1_1,815.0,852,173.72984313964844,540599.8983930688,8671309.746678727,509.2716064453125,2022-03-28 10:41:36.666666752+00:00,0,2022-05-04,100 MHz,20220328,0.0,173.31297302246094,174.04248046875,0.8493375606599483,0.9271000762939453,11,3.484735766013076,0.9032020568847656,3.7173474233592763,3.698720266043298,169.71309006401748,177.64236342719346,0.0,0.0,0.7291043611410686,0.9271000762939453,9.0,0.0,3.484735766013076,0.9032020568847656,0.0,0.0,0.0,0.0,0.0,0.0,certain_cold,335.54176330566406,335.54176330566406,POINT (540599.8983930688 8671309.746678727),dronbreen
dronbreen-20220328-DAT_0226_A1_1,820.0,857,174.25091552734375,540602.5066312181,8671313.547166381,509.1023254394531,2022-03-28 10:41:38+00:00,0,2022-05-04,100 MHz,20220328,0.0,173.72984313964844,174.45936584472656,0.8623800807402202,0.7725645446777343,11,3.495126982649843,1.1290067036946614,3.753321827065672,3.772832909829428,170.05689217865884,178.13231680571616,0.20843505859375,0.0,0.7209935614301932,0.7725645446777343,9.0,0.0,3.495126982649843,1.1290067036946614,0.0,0.0,0.0,0.0,0.0,0.0,certain_cold,334.8514099121094,334.8514099121094,POINT (540602.5066312181 8671313.547166381),dronbreen
dronbreen-20220328-DAT_0226_A1_1,825.0,862,174.77200317382812,540605.3498800019,8671317.819976578,508.91961669921875,2022-03-28 10:41:39.500000+00:00,0,2022-05-04,100 MHz,20220328,0.0,174.146728515625,174.876220703125,0.8717144929120023,0.9270322082519531,11,3.5055186830706,0.9032351175944011,3.736828017202464,3.723490442067179,170.52671540584035,178.49623381290965,0.4168548583984375,0.0,0.7134209180238134,0.9270322082519531,9.0,0.0,3.5055186830706,0.9032351175944011,0.0,0.0,0.0,0.0,0.0,0.0,certain_cold,334.1476135253906,334.1476135253906,POINT (540605.3498800019 8671317.819976578),dronbreen
dronbreen-20220328-DAT_0226_A1_1,830.0,867,175.0846710205078,540607.9964652698,8671321.52858893,508.76673671177457,2022-03-28 10:41:40.857143040+00:00,0,2022-05-04,100 MHz,20220328,0.0,174.56358337402344,175.39732360839844,0.9193417006069986,0.7725645446777343,11,3.5117540931198152,0.7903162638346355,3.6815584448869516,3.7151319989874225,170.96399775795243,178.99690922446945,0.4168701171875,0.0,0.7660279820563305,0.7725645446777343,9.0,0.0,3.5117540931198152,0.7903162638346355,0.0,0.0,0.0,0.0,0.0,0.0,certain_cold,333.68206569126676,333.68206569126676,POINT (540607.9964652698 8671321.52858893),dronbreen
dronbreen-20220328-DAT_0226_A1_1,835.0,872,175.50152587890625,540610.9037903673,8671325.462177292,508.60779825846356,2022-03-28 10:41:42.333333248+00:00,0,2022-05-04,100 MHz,20220328,0.0,174.98045349121094,175.9184112548828,0.968815670414286,0.7725419219970703,11,3.5200673621863774,0.7902997334798177,3.6894808475327476,3.735512241488216,171.37276061305903,179.52610413303472,0.5210723876953125,0.0,0.7864364717266815,0.6180290130615234,9.0,0.0,3.5200673621863774,0.7902997334798177,0.0,0.0,0.0,0.0,0.0,0.0,certain_cold,333.1062723795573,333.1062723795573,POINT (540610.9037903673 8671325.462177292),dronbreen
dronbreen-20220328-DAT_0226_A1_1,840.0,877,175.81417846679688,540614.3617379209,8671329.908629976,508.43438720703125,2022-03-28 10:41:44+00:00,0,2022-05-04,100 MHz,20220328,0.0,175.2930908203125,176.4394989013672,0.9623711212105934,0.9271000762939453,11,3.5263026160529503,0.6774139404296875,3.7085326394862155,3.717506955152941,171.70231099043286,180.03027873124682,0.4168548583984375,0.0,0.7276572947116593,0.6180516357421875,9.0,0.0,3.5263026160529503,0.6774139404296875,0.0,0.0,0.0,0.0,0.0,0.0,certain_cold,332.6202087402344,332.6202087402344,POINT (540614.3617379209 8671329.908629976),dronbreen
dronbreen-20220328-DAT_0226_A1_1,845.0,882,176.1268310546875,540617.3533595148,8671333.28650572,508.3163146972656,2022-03-28 10:41:45.333333248+00:00,0,2022-05-04,100 MHz,20220328,0.0,175.70997619628906,176.75213623046875,0.940684983381954,0.7725645446777343,11,3.5325379328390194,0.6774304707845054,3.6789390135454823,3.717879036178315,172.11306970741646,180.34904271934136,0.312652587890625,0.0,0.6391401608075705,0.7725419219970703,9.0,0.0,3.5325379328390194,0.6774304707845054,0.0,0.0,0.0,0.0,0.0,0.0,certain_cold,332.1894836425781,332.1894836425781,POINT (540617.3533595148 8671333.28650572),dronbreen
dronbreen-20220328-DAT_0226_A1_1,850.0,886,176.4394989013672,540620.558339892,8671336.794890253,508.1975504557292,2022-03-28 10:41:46.666666752+00:00,0,2022-05-04,100 MHz,20220328,0.0,176.1268310546875,177.0647735595703,0.9612406432960464,0.7725645446777343,11,3.5387736165268073,0.5645116170247396,3.66584888538456,3.7101988692125794,172.5433143357671,180.64829027849072,0.2084503173828125,0.0,0.6197291171802386,0.9270774536132812,9.0,0.0,3.5387736165268073,0.9032185872395834,0.0,0.0,0.0,0.0,0.0,0.0,certain_cold,331.758051554362,331.758051554362,POINT (540620.558339892 8671336.794890253),dronbreen
dronbreen-20220328-DAT_0226_A1_1,855.0,890,176.64791870117188,540623.9056685372,8671340.245544452,508.08502197265625,2022-03-28 10:41:48+00:00,0,2022-05-04,100 MHz,20220328,0.0,176.543701171875,177.27322387695312,0.9373222124584707,0.6180516357421875,11,3.542930266401292,0.5644950866699219,3.640466645898628,3.708042948163472,172.95608224346904,180.86084280535908,0.0,0.0,0.5966649494165042,0.7725645446777343,9.0,0.0,3.5491657493530147,1.2419090270996094,0.0,0.0,0.0,0.0,0.0,0.0,certain_cold,331.4371032714844,331.4371032714844,POINT (540623.9056685372 8671340.245544452),dronbreen
dronbreen-20220328-DAT_0226_A1_1,860.0,894,176.9605712890625,540627.3694657468,8671344.07190744,507.90952555338544,2022-03-28 10:41:49.333333248+00:00,0,2022-05-04,100 MHz,20220328,0.0,176.85635375976562,177.6901092529297,0.9734942533738732,0.9270774536132812,11,3.5491657493530147,0.7903162638346355,3.7524192087585533,3.764155731982145,173.22026007103014,181.32620294166517,0.0,0.0,0.637009575822809,0.9270774536132812,9.0,0.0,3.5616369000664148,1.0161209106445312,0.0,0.0,0.0,0.0,0.0,0.0,certain_cold,330.94895426432294,330.94895426432294,POINT (540627.3694657468 8671344.07190744),dronbreen
dronbreen-20220328-DAT_0226_A1_1,865.0,899,177.37744140625,540630.906050765,8671348.133089975,507.6804885864258,2022-03-28 10:41:50.750000128+00:00,0,2022-05-04,100 MHz,20220328,0.0,177.27322387695312,178.00274658203125,0.9712599589195483,0.9270774536132812,11,3.5574798225613398,1.1290232340494792,3.845754640633317,3.8566438853950475,173.54088464385083,181.73508581513354,0.0,0.0,0.6722726284834964,0.9270774536132812,9.0,0.0,3.567872567182106,0.7902997334798177,0.0,0.0,0.0,0.0,0.0,0.0,certain_cold,330.3030471801758,330.3030471801758,POINT (540630.906050765 8671348.133089975),dronbreen
dronbreen-20220328-DAT_0226_A1_1,870.0,905,178.00274658203125,540634.3988479151,8671352.161945514,507.44446818033856,2022-03-28 10:41:52.333333248+00:00,0,2022-05-04,100 MHz,20220328,0.0,177.6901092529297,178.52383422851562,1.0097366359345887,0.9270322082519531,11,3.569951136402113,1.1290067036946614,3.8572783109885544,3.877985988529964,173.94588606870494,182.26805741274038,0.0,0.0,0.7654394557458326,0.9270774536132812,9.0,0.0,3.5761865801087436,0.6774139404296875,0.0,0.0,0.0,0.0,0.0,0.0,certain_cold,329.4417215983073,329.4417215983073,POINT (540634.3988479151 8671352.161945514),dronbreen
dronbreen-20220328-DAT_0226_A1_1,875.0,909,178.4196014404297,540637.2134402908,8671355.472494444,507.2506612141927,2022-03-28 10:41:53.666666752+00:00,0,2022-05-04,100 MHz,20220328,0.0,178.00274658203125,178.8364715576172,1.0277620633441118,0.7725645446777343,11,3.5782651762082573,0.7903162638346355,3.745055065528325,3.8059001992952464,174.33824368693809,182.50097445271035,0.0,0.0,0.8239076494552305,0.9270774536132812,9.0,0.0,3.5803440833333617,0.6774139404296875,0.0,0.0,0.0,0.0,0.0,0.0,certain_cold,328.831059773763,328.831059773763,POINT (540637.2134402908 8671355.472494444),dronbreen
dronbreen-20220328-DAT_0226_A1_1,880.0,914,178.73226928710938,540640.6309765398,8671359.452571392,507.02466583251953,2022-03-28 10:41:55.249999872+00:00,0,2022-05-04,100 MHz,20220328,0.0,178.3153839111328,179.25335693359375,1.0492569595091596,0.9270774536132812,11,3.5845013089421394,0.4516092936197917,3.7298891663010263,3.762119184046418,174.70254561031007,182.8661952344165,0.0,0.0,0.8992024166389595,0.9270774536132812,9.0,0.0,3.588658256836371,0.9032185872395834,0.0,0.0,0.0,0.0,0.0,0.0,certain_cold,328.29239654541016,328.29239654541016,POINT (540640.6309765398 8671359.452571392),dronbreen
dronbreen-20220328-DAT_0226_A1_1,885.0,919,178.8364715576172,540643.6172366249,8671363.109484335,506.8180236816406,2022-03-28 10:41:56.666666752+00:00,0,2022-05-04,100 MHz,20220328,0.0,178.73226928710938,179.6702117919922,1.0346579887429659,0.9270774536132812,11,3.5865796273986965,0.33869043986002606,3.719910918654106,3.748170459223218,175.12973342500834,183.27274765409322,0.0,0.0,0.923037718919942,0.9271000762939453,9.0,0.0,3.596973145143642,0.7903162638346355,0.0,0.0,0.0,0.0,0.0,0.0,certain_cold,327.98155212402344,327.98155212402344,POINT (540643.6172366249 8671363.109484335),dronbreen
dronbreen-20220328-DAT_0226_A1_1,890.0,924,179.04490661621094,540646.845723239,8671367.316484801,506.5928497314453,2022-03-28 10:41:58.249999872+00:00,0,2022-05-04,100 MHz,20220328,0.0,179.04490661621094,179.98287963867188,1.0083689262803235,0.9270774536132812,11,3.5907368929069534,0.5645281473795573,3.7512072814315345,3.7721202731029946,175.41006363978585,183.61772261509697,0.0,0.0,0.9174668761574154,1.2360806488037108,9.0,0.0,3.603208847978664,0.5645116170247396,0.0,0.0,0.0,0.0,0.0,0.0,certain_cold,327.5479431152344,327.5479431152344,POINT (540646.845723239 8671367.316484801),dronbreen
dronbreen-20220328-DAT_0226_A1_1,895.0,929,179.35757446289062,540649.47933989,8671371.084608596,506.39954049246654,2022-03-28 10:41:59.571428608+00:00,0,2022-05-04,100 MHz,20220328,0.0,179.25335693359375,180.5039520263672,0.9755217155747365,0.9270774536132812,11,3.596973145143642,0.6774139404296875,3.775788402250728,3.787974138128572,175.59315127631533,184.1641576836456,0.0,0.0,0.9145018477098397,1.0815903625488281,9.0,0.0,3.6073665232276415,0.4516092936197917,0.0,0.0,0.0,0.0,0.0,0.0,certain_cold,327.0419660295759,327.0419660295759,POINT (540649.47933989 8671371.084608596),dronbreen
dronbreen-20220328-DAT_0226_A1_1,900.0,934,179.6702117919922,540652.3420150767,8671375.158728642,506.2033996582031,2022-03-28 10:42:01+00:00,0,2022-05-04,100 MHz,20220328,0.0,179.35757446289062,180.71238708496094,0.9006805810382302,0.9270774536132812,11,3.603208847978664,0.7902997334798177,3.803572041632456,3.7972244047395156,175.66871452099937,184.4012470268522,0.0,0.0,0.8762529758301183,0.7725645446777343,9.0,0.0,3.6115236159030495,0.451592763264974,0.0,0.0,0.0,0.0,0.0,0.0,certain_cold,326.53318786621094,326.53318786621094,POINT (540652.3420150767 8671375.158728642),dronbreen
dronbreen-20220328-DAT_0226_A1_1,905.0,939,180.0870819091797,540655.3354134338,8671379.529233899,505.8440399169922,2022-03-28 10:42:02.500000+00:00,0,2022-05-03,100 MHz,20220328,0.0,179.5659942626953,180.71238708496094,0.7920781546871264,0.7725645446777343,11,3.6115236159030495,0.7903162638346355,3.7768450591466007,3.7808848737087377,175.8690086493737,184.40937269828254,0.0,0.0,0.7887399764652809,0.7725645446777343,9.0,0.0,3.6156810389566543,0.33870697021484375,0.0,0.0,0.0,0.0,0.0,0.0,certain_cold,325.7569580078125,325.7569580078125,POINT (540655.3354134338 8671379.529233899),dronbreen
dronbreen-20220328-DAT_0226_A1_1,910.0,944,180.3997344970703,540658.3614912844,8671384.086824125,505.47467041015625,2022-03-28 10:42:04+00:00,0,2022-05-03,100 MHz,20220328,0.0,179.77442932128906,180.71238708496094,0.7257230818205431,0.9270774536132812,11,3.6177597602170026,0.5645281473795573,3.7770822491477816,3.7327672983078233,176.1128889744092,184.3739274318408,0.0,0.0,0.7479014712890782,0.7725645446777343,9.0,0.0,3.6177597602170026,0.33872350056966144,0.0,0.0,0.0,0.0,0.0,0.0,certain_cold,325.07493591308594,325.07493591308594,POINT (540658.3614912844 8671384.086824125),dronbreen
dronbreen-20220328-DAT_0226_A1_1,915.0,948,180.60818481445312,540661.0824756598,8671387.952872688,505.28648376464844,2022-03-28 10:42:05.333333248+00:00,0,2022-05-03,100 MHz,20220328,0.0,179.878662109375,180.8166046142578,0.6945722895044005,0.6180516357421875,11,3.6219175265028696,0.4516092936197917,3.70192184511181,3.7154633880876577,176.228698065323,184.46656865830982,0.1042327880859375,0.0,0.7313756571770011,0.6180516357421875,9.0,0.0,3.6219175265028696,0.4516092936197917,0.0,0.0,0.0,0.0,0.0,0.0,certain_cold,324.6782989501953,324.6782989501953,POINT (540661.0824756598 8671387.952872688),dronbreen
dronbreen-20220328-DAT_0226_A1_1,920.0,952,180.8166046142578,540663.8744558799,8671392.007162003,505.0793914794922,2022-03-28 10:42:06.666666752+00:00,0,2022-05-03,100 MHz,20220328,0.0,180.0870819091797,181.02503967285156,0.6628610381988898,0.46351610412597655,11,3.6260747098883024,0.451592763264974,3.683368160299613,3.713723008180193,176.43299463250924,184.67912694952201,0.2084197998046875,0.0,0.6980290586048401,0.46351610412597655,9.0,0.0,3.6260747098883024,0.451592763264974,0.0,0.0,0.0,0.0,0.0,0.0,certain_cold,324.2627868652344,324.2627868652344,POINT (540663.8744558799 8671392.007162003),dronbreen
dronbreen-20220328-DAT_0226_A1_1,925.0,957,181.02503967285156,540666.6224908024,8671396.246220827,504.86541748046875,2022-03-28 10:42:08+00:00,0,2022-05-03,100 MHz,20220328,0.0,180.3997344970703,181.33767700195312,0.6613672800879142,0.3090484405517578,11,3.6302322233464617,0.33870697021484375,3.659073563855008,3.705497953887709,176.75373553833552,184.98367596068792,0.312652587890625,0.0,0.6991072271611337,0.3090484405517578,9.0,0.0,3.6302322233464617,0.33870697021484375,0.0,0.0,0.0,0.0,0.0,0.0,certain_cold,323.8403778076172,323.8403778076172,POINT (540666.6224908024 8671396.246220827),dronbreen
dronbreen-20220328-DAT_0226_A1_1,930.0,961,181.12925720214844,540669.3524526949,8671400.236618297,504.6892801920573,2022-03-28 10:42:09.333333248+00:00,0,2022-05-03,100 MHz,20220328,0.0,180.60818481445312,181.54612731933594,0.6284500339829012,0.3090484405517578,11,3.6323109896924874,0.33869043986002606,3.661134425079318,3.7018027750146962,176.9601176083982,185.19419452539086,0.312652587890625,0.0,0.6620932451097277,0.3090484405517578,9.0,0.0,3.6323109896924874,0.33869043986002606,0.0,0.0,0.0,0.0,0.0,0.0,certain_cold,323.5600229899089,323.5600229899089,POINT (540669.3524526949 8671400.236618297),dronbreen
dronbreen-20220328-DAT_0226_A1_1,935.0,965,181.33767700195312,540672.0497043984,8671404.039942728,504.5445861816406,2022-03-28 10:42:10.666666752+00:00,0,2022-05-03,100 MHz,20220328,0.0,180.8166046142578,181.6503448486328,0.636262409500581,0.4635387268066406,11,3.636468237202942,0.4516092936197917,3.6936053315858155,3.7192313786605324,177.1522012256733,185.31474823721732,0.4168548583984375,0.0,0.6715989565089054,0.4635387268066406,9.0,0.0,3.636468237202942,0.4516092936197917,0.0,0.0,0.0,0.0,0.0,0.0,certain_cold,323.2069091796875,323.2069091796875,POINT (540672.0497043984 8671404.039942728),dronbreen
dronbreen-20220328-DAT_0226_A1_1,940.0,971,181.54612731933594,540675.1568853961,8671408.5535039,504.38193130493164,2022-03-28 10:42:12.249999872+00:00,0,2022-05-03,100 MHz,20220328,0.0,181.12925720214844,181.85879516601562,0.6024694348210186,0.46356134948730465,11,3.64062611893331,0.4516258239746094,3.6977038209514093,3.7176731758767767,177.46072555818785,185.52732680997622,0.4168701171875,0.0,0.6482871433813018,0.46356134948730465,9.0,0.0,3.64062611893331,0.4516258239746094,0.0,0.0,0.0,0.0,0.0,0.0,certain_cold,322.8358039855957,322.8358039855957,POINT (540675.1568853961 8671408.5535039),dronbreen
dronbreen-20220328-DAT_0226_A1_1,945.0,976,181.7545623779297,540677.8412501372,8671412.465004025,504.2421162923177,2022-03-28 10:42:13.666666752+00:00,0,2022-05-03,100 MHz,20220328,0.0,181.23345947265625,181.96298217773438,0.583985621803153,0.4635387268066406,11,3.644783721714787,0.33872350056966144,3.689722230624519,3.706780435146931,177.5729701627531,185.62347148763752,0.5211029052734375,0.0,0.618750550861063,0.4635387268066406,9.0,0.0,3.644783721714787,0.33872350056966144,0.0,0.0,0.0,0.0,0.0,0.0,certain_cold,322.487553914388,322.487553914388,POINT (540677.8412501372 8671412.465004025),dronbreen
dronbreen-20220328-DAT_0226_A1_1,950.0,981,181.85879516601562,540680.9227670449,8671417.086356321,504.08852132161456,2022-03-28 10:42:15.333333248+00:00,0,2022-05-03,100 MHz,20220328,0.0,181.33767700195312,182.1714324951172,0.557520891577835,0.3090484405517578,11,3.6468628369728866,0.11291885375976564,3.661675867391299,3.690960412111473,177.6890664144516,185.82004308261872,0.5211181640625,0.0,0.5872335847538012,0.3090484405517578,9.0,0.0,3.6468628369728866,0.11291885375976564,0.0,0.0,0.0,0.0,0.0,0.0,certain_cold,322.22972615559894,322.22972615559894,POINT (540680.9227670449 8671417.086356321),dronbreen
dronbreen-20220328-DAT_0226_A1_1,955.0,986,181.85879516601562,540683.7114303852,8671421.140590698,503.94246673583984,2022-03-28 10:42:16.750000128+00:00,0,2022-05-03,100 MHz,20220328,0.0,181.44190979003906,182.27565002441406,0.5598208556561339,0.46356134948730465,11,3.6468628369728866,0.11291885375976564,3.6779407749400805,3.691308522686219,177.79329920253753,185.9242606119156,0.4168853759765625,0.0,0.5898010311714672,0.46356134948730465,9.0,0.0,3.6468628369728866,0.11291885375976564,0.0,0.0,0.0,0.0,0.0,0.0,certain_cold,322.0836715698242,322.0836715698242,POINT (540683.7114303852 8671421.140590698),dronbreen
dronbreen-20220328-DAT_0226_A1_1,960.0,991,181.7545623779297,540686.5649590632,8671425.374023119,503.78956386021207,2022-03-28 10:42:18.142856960+00:00,0,2022-05-03,100 MHz,20220328,0.0,181.54612731933594,182.37986755371094,0.539701744553846,0.6180516357421875,11,3.644783721714787,0.11291885375976564,3.6985384775685524,3.6862551483430956,177.89959485059094,186.02640002245593,0.20843505859375,0.0,0.5647097704934865,0.6180516357421875,9.0,0.0,3.644783721714787,0.11291885375976564,0.0,0.0,0.0,0.0,0.0,0.0,certain_cold,322.0350014822824,322.0350014822824,POINT (540686.5649590632 8671425.374023119),dronbreen
dronbreen-20220328-DAT_0226_A1_1,965.0,995,181.7545623779297,540688.9992803666,8671428.992205435,503.6618957519531,2022-03-28 10:42:19.333333248+00:00,0,2022-05-03,100 MHz,20220328,0.0,181.6503448486328,182.48406982421875,0.5411610500760271,0.7725645446777343,11,3.644783721714787,0.11291885375976564,3.7274730074548663,3.6864690867727212,178.00381237988782,186.13060229296374,0.104217529296875,0.0,0.5660422091969985,0.7725645446777343,9.0,0.0,3.644783721714787,0.11291885375976564,0.0,0.0,0.0,0.0,0.0,0.0,certain_cold,321.90733337402344,321.90733337402344,POINT (540688.9992803666 8671428.992205435),dronbreen
dronbreen-20220328-DAT_0226_A1_1,970.0,999,181.85879516601562,540691.688920427,8671433.04346403,503.5191345214844,2022-03-28 10:42:20.666666752+00:00,0,2022-05-03,100 MHz,20220328,0.0,181.7545623779297,182.58828735351562,0.5592845496571455,0.7725419219970703,11,3.6468628369728866,0.4516092936197917,3.7550473401836926,3.7170362808644866,178.07984340829708,186.26300632314823,0.1042327880859375,0.0,0.5731909781267234,0.7725419219970703,9.0,0.0,3.6468628369728866,0.4516092936197917,0.0,0.0,0.0,0.0,0.0,0.0,certain_cold,321.66033935546875,321.66033935546875,POINT (540691.688920427 8671433.04346403),dronbreen
dronbreen-20220328-DAT_0226_A1_1,975.0,1005,182.1714324951172,540695.001738388,8671438.044027017,503.3422546386719,2022-03-28 10:42:22.333333248+00:00,0,2022-05-03,100 MHz,20220328,0.0,181.96298217773438,182.6925048828125,0.5424359512892991,0.6180516357421875,11,3.6530990031655612,0.5644950866699219,3.7477693171068163,3.7360438689949595,178.26652616828375,186.38896089226313,0.2084503173828125,0.0,0.5588016377137704,0.6180516357421875,9.0,0.0,3.6530990031655612,0.5644950866699219,0.0,0.0,0.0,0.0,0.0,0.0,certain_cold,321.1708221435547,321.1708221435547,POINT (540695.001738388 8671438.044027017),dronbreen
dronbreen-20220328-DAT_0226_A1_1,980.0,1009,182.37986755371094,540697.6950890626,8671441.971350744,503.24354044596356,2022-03-28 10:42:23.666666752+00:00,0,2022-05-03,100 MHz,20220328,0.0,182.0672149658203,182.79673767089844,0.5391511103586415,0.7725419219970703,11,3.657256681662316,0.5644950866699219,3.780344185346232,3.7396343482002483,178.36664999024725,186.4973026464715,0.20843505859375,0.0,0.5514616825002463,0.7725419219970703,9.0,0.0,3.657256681662316,0.5644950866699219,0.0,0.0,0.0,0.0,0.0,0.0,certain_cold,320.8636728922526,320.8636728922526,POINT (540697.6950890626 8671441.971350744),dronbreen
dronbreen-20220328-DAT_0226_A1_1,985.0,1013,182.6925048828125,540700.1445213271,8671445.510261206,503.24645560128346,2022-03-28 10:42:24.857143040+00:00,0,2022-05-04,100 MHz,20220328,0.0,182.27565002441406,182.9009552001953,0.5323299527620905,0.6180290130615234,11,3.6634929420080207,0.6773974100748698,3.776507334602241,3.7634323384281023,178.55005640898594,186.62654881562344,0.3126373291015625,0.0,0.5316851124528075,0.6180290130615234,9.0,0.0,3.6634929420080207,0.6773974100748698,0.0,0.0,0.0,0.0,0.0,0.0,certain_cold,320.55395071847096,320.55395071847096,POINT (540700.1445213271 8671445.510261206),dronbreen
dronbreen-20220328-DAT_0226_A1_1,990.0,1018,183.00515747070312,540703.1839059,8671449.82910297,503.2277018229167,2022-03-28 10:42:26.333333248+00:00,0,2022-05-04,100 MHz,20220328,0.0,182.48406982421875,183.4220428466797,0.5435265753128984,0.7725419219970703,11,3.6697295628357605,0.4516258239746094,3.77726117318811,3.737151600792086,178.78665438242274,187.1194582884757,0.4168701171875,0.0,0.5222398101575182,0.6180063903808594,9.0,0.0,3.6697295628357605,0.4516258239746094,0.0,0.0,0.0,0.0,0.0,0.0,certain_cold,320.22254435221356,320.22254435221356,POINT (540703.1839059 8671449.82910297),dronbreen
dronbreen-20220328-DAT_0226_A1_1,995.0,1023,183.10939025878906,540706.6246931214,8671454.399354924,503.0099182128906,2022-03-28 10:42:28+00:00,0,2022-05-04,100 MHz,20220328,0.0,182.79673767089844,183.52622985839844,0.5025630437520691,0.6180063903808594,11,3.6718087532411325,0.33870697021484375,3.738827868544084,3.7214878133611644,179.1093399527169,187.21362757657997,0.312652587890625,0.0,0.4750470481561494,0.6180516357421875,9.0,0.0,3.6718087532411325,0.33870697021484375,0.0,0.0,0.0,0.0,0.0,0.0,certain_cold,319.90052795410156,319.90052795410156,POINT (540706.6246931214 8671454.399354924),dronbreen
dronbreen-20220328-DAT_0226_A1_1,1000.0,1028,183.31781005859375,540709.4696961673,8671457.959108433,502.8403625488281,2022-03-28 10:42:29.333333248+00:00,0,2022-05-04,100 MHz,20220328,0.0,183.10939025878906,183.73468017578125,0.506480359579951,0.6180516357421875,11,3.675966239490165,0.33870697021484375,3.7429183840937776,3.7261203094081408,179.41785261093233,187.42621782363798,0.2084197998046875,0.0,0.4506024116998838,0.6180063903808594,9.0,0.0,3.675966239490165,0.33870697021484375,0.0,0.0,0.0,0.0,0.0,0.0,certain_cold,319.5225524902344,319.5225524902344,POINT (540709.4696961673 8671457.959108433),dronbreen
dronbreen-20220328-DAT_0226_A1_1,1005.0,1032,183.4220428466797,540712.4844494191,8671461.39994262,502.6830546061198,2022-03-28 10:42:30.666666752+00:00,0,2022-05-04,100 MHz,20220328,0.0,183.31781005859375,183.83889770507812,0.5207077028946387,0.6180290130615234,11,3.6780454484440077,0.22578811645507815,3.7364365985973604,3.721576964971412,179.63284077861977,187.5238669850521,0.1042327880859375,0.0,0.4542714905304336,0.6180516357421875,9.0,0.0,3.6780454484440077,0.33872350056966144,0.0,0.0,0.0,0.0,0.0,0.0,certain_cold,319.2610117594401,319.2610117594401,POINT (540712.4844494191 8671461.39994262),dronbreen
dronbreen-20220328-DAT_0226_A1_1,1010.0,1037,183.52622985839844,540716.0050496527,8671465.336822962,502.4870300292969,2022-03-28 10:42:32.249999872+00:00,0,2022-05-04,100 MHz,20220328,0.0,183.52622985839844,184.04733276367188,0.543531841656312,0.6180290130615234,11,3.6801237504213193,0.338690439860026,3.7469963828983683,3.735431554099467,179.83055373183274,187.74300889023758,0.0,0.0,0.45427236574944574,0.6180516357421875,9.0,0.0,3.6822032760682357,0.451592763264974,0.0,0.0,0.0,0.0,0.0,0.0,certain_cold,318.96080017089844,318.96080017089844,POINT (540716.0050496527 8671465.336822962),dronbreen
dronbreen-20220328-DAT_0226_A1_1,1015.0,1042,183.73468017578125,540718.969536516,8671468.853689784,502.26938883463544,2022-03-28 10:42:33.666666752+00:00,0,2022-05-04,100 MHz,20220328,0.0,183.63047790527344,184.25576782226562,0.5709953609518542,0.6180516357421875,11,3.684281894714172,0.5645281473795573,3.778175873797571,3.77076395590217,179.90319670996465,187.98304901757442,0.0,0.0,0.44758184392250877,0.46356134948730465,9.0,0.0,3.686360823870511,0.5645116170247396,0.0,0.0,0.0,0.0,0.0,0.0,certain_cold,318.5347086588542,318.5347086588542,POINT (540718.969536516 8671468.853689784),dronbreen
dronbreen-20220328-DAT_0226_A1_1,1020.0,1048,184.04733276367188,540722.6168842968,8671473.352697875,501.92530059814453,2022-03-28 10:42:35.500000+00:00,0,2022-05-03,100 MHz,20220328,0.0,183.73468017578125,184.46420288085938,0.601312427740008,0.6180742584228516,11,3.690518700530957,0.5645116170247396,3.784259165761451,3.7815576526716046,180.00123650475518,188.19764655188544,0.0,0.0,0.4634758485668657,0.30902581787109373,9.0,0.0,3.692597952399549,0.4516092936197917,0.0,0.0,0.0,0.0,0.0,0.0,certain_cold,317.87796783447266,317.87796783447266,POINT (540722.6168842968 8671473.352697875),dronbreen
dronbreen-20220328-DAT_0226_A1_1,1025.0,1053,184.25576782226562,540725.1009003979,8671476.800764365,501.7309226989746,2022-03-28 10:42:36.750000128+00:00,0,2022-05-03,100 MHz,20220328,0.0,183.83889770507812,184.56842041015625,0.6604720389804158,0.6180516357421875,11,3.694676601586269,0.33870697021484375,3.7612957111113685,3.7684984962523376,180.12872822081178,188.2785898944226,0.0,0.0,0.5426417769972509,0.4635387268066406,9.0,0.0,3.694676601586269,0.33869043986002606,0.0,0.0,0.0,0.0,0.0,0.0,certain_cold,317.475154876709,317.475154876709,POINT (540725.1009003979 8671476.800764365),dronbreen
dronbreen-20220328-DAT_0226_A1_1,1030.0,1058,184.3599853515625,540728.29275564,8671481.355789343,501.45484415690106,2022-03-28 10:42:38.333333248+00:00,0,2022-05-03,100 MHz,20220328,0.0,184.04733276367188,184.67263793945312,0.6950058090370189,0.6180516357421875,11,3.696755561236276,0.11290232340494792,3.7497648511080217,3.763214276221429,180.34885353375026,188.37111716937474,0.0,0.0,0.5890326696636745,0.46356134948730465,9.0,0.0,3.6988345269541782,0.11290232340494792,0.0,0.0,0.0,0.0,0.0,0.0,certain_cold,317.09485880533856,317.09485880533856,POINT (540728.29275564 8671481.355789343),dronbreen
dronbreen-20220328-DAT_0226_A1_1,1035.0,1062,184.3599853515625,540730.9310852885,8671485.405581556,501.20875040690106,2022-03-28 10:42:39.666666752+00:00,0,2022-05-03,100 MHz,20220328,0.0,184.04733276367188,184.56842041015625,0.7564965683717274,0.4635387268066406,11,3.696755561236276,0.11290232340494792,3.7274142197253974,3.7750543932663767,180.34885353375026,188.26689964007787,0.0,0.0,0.6915175925716444,0.7725645446777343,9.0,0.0,3.696755561236276,0.0,0.0,0.0,0.0,0.0,0.0,0.0,certain_cold,316.84876505533856,316.84876505533856,POINT (540730.9310852885 8671485.405581556),dronbreen
dronbreen-20220328-DAT_0226_A1_1,1040.0,1067,184.25576782226562,540733.4856355055,8671489.26675177,500.9922180175781,2022-03-28 10:42:41+00:00,0,2022-05-03,100 MHz,20220328,0.0,184.25576782226562,184.67263793945312,0.7705897808620584,0.30902581787109373,11,3.694676601586269,0.22578811645507815,3.714446448658574,3.7809289961873693,180.55419849779778,188.37420726392097,0.0,0.0,0.7068337365997779,0.4635387268066406,9.0,0.0,3.6988345269541782,0.11290232340494792,0.0,0.0,0.0,0.0,0.0,0.0,certain_cold,316.7364501953125,316.7364501953125,POINT (540733.4856355055 8671489.26675177),dronbreen
dronbreen-20220328-DAT_0226_A1_1,1045.0,1073,184.1515655517578,540736.5918380185,8671494.145974366,500.7229745047433,2022-03-28 10:42:42.714285568+00:00,0,2022-05-03,100 MHz,20220328,0.0,184.04733276367188,184.67263793945312,0.7788760081107668,0.6180516357421875,11,3.692597952399549,0.22580464680989584,3.750767281641168,3.780597203167358,180.34783720662816,188.37213349649684,0.0,0.0,0.7541242788404805,0.46351610412597655,9.0,0.0,3.6988345269541782,0.11290232340494792,0.0,0.0,0.0,0.0,0.0,0.0,certain_cold,316.5714089529855,316.5714089529855,POINT (540736.5918380185 8671494.145974366),dronbreen
dronbreen-20220328-DAT_0226_A1_1,1050.0,1077,184.04733276367188,540739.017253515,8671497.808294153,500.5020446777344,2022-03-28 10:42:44+00:00,0,2022-05-03,100 MHz,20220328,0.0,184.04733276367188,184.56842041015625,0.821685110252076,0.4635387268066406,11,3.690518700530957,0.22582117716471353,3.7263643990187383,3.787623252573404,180.34991157005263,188.2658416037755,0.0,0.0,0.8207853544939647,0.4635387268066406,9.0,0.0,3.696755561236276,0.22580464680989584,0.0,0.0,0.0,0.0,0.0,0.0,certain_cold,316.4547119140625,316.4547119140625,POINT (540739.017253515 8671497.808294153),dronbreen
dronbreen-20220328-DAT_0226_A1_1,1055.0,1082,183.943115234375,540741.8895217858,8671502.361434422,500.2135314941406,2022-03-28 10:42:45.500000+00:00,0,2022-05-03,100 MHz,20220328,0.0,183.943115234375,184.3599853515625,0.8197600679612635,0.4635387268066406,11,3.68843975914622,0.22580464680989584,3.724304464812334,3.7851792777087088,180.24777010903534,188.05533047690216,0.0,0.0,0.827921937328668,0.6180290130615234,9.0,0.0,3.694676601586269,0.22578811645507815,0.0,0.0,0.0,0.0,0.0,0.0,certain_cold,316.2704162597656,316.2704162597656,POINT (540741.8895217858 8671502.361434422),dronbreen
dronbreen-20220328-DAT_0226_A1_1,1060.0,1086,183.83889770507812,540744.2900092221,8671506.031872096,499.9750569661458,2022-03-28 10:42:46.666666752+00:00,0,2022-05-03,100 MHz,20220328,0.0,183.83889770507812,184.3599853515625,0.814082563479104,0.46356134948730465,11,3.686360823870511,0.22580464680989584,3.722248377933249,3.781927323792582,180.14562762799355,188.05325542864708,0.0,0.0,0.8337354660402079,0.6180516357421875,9.0,0.0,3.692597952399549,0.4516092936197917,0.0,0.0,0.0,0.0,0.0,0.0,certain_cold,316.1361592610677,316.1361592610677,POINT (540744.2900092221 8671506.031872096),dronbreen
dronbreen-20220328-DAT_0226_A1_1,1065.0,1090,183.73468017578125,540747.0165041785,8671510.332490897,499.67848205566406,2022-03-28 10:42:48+00:00,0,2022-05-03,100 MHz,20220328,0.0,183.73468017578125,184.1515655517578,0.7951817578086722,0.46356134948730465,11,3.684281894714172,0.22578811645507815,3.7201885003302553,3.7758743863114237,180.04348614765823,187.84275957988083,0.0,0.0,0.826280280415207,0.6180742584228516,9.0,0.0,3.686360823870511,0.5645116170247396,0.0,0.0,0.0,0.0,0.0,0.0,certain_cold,315.9438018798828,315.9438018798828,POINT (540747.0165041785 8671510.332490897),dronbreen
dronbreen-20220328-DAT_0226_A1_1,1070.0,1095,183.63047790527344,540750.0554857046,8671515.076788537,499.34242248535156,2022-03-28 10:42:49.500000+00:00,0,2022-05-03,100 MHz,20220328,0.0,183.4220428466797,184.04733276367188,0.8233717450505166,0.6180290130615234,11,3.6822032760682357,0.22582117716471353,3.740531517221785,3.779888516992431,179.73292151899966,187.7364540913519,0.0,0.0,0.8731554415770717,0.4635387268066406,9.0,0.0,3.6822032760682357,0.33872350056966155,0.0,0.0,0.0,0.0,0.0,0.0,certain_cold,315.7119445800781,315.7119445800781,POINT (540750.0554857046 8671515.076788537),dronbreen
dronbreen-20220328-DAT_0226_A1_1,1075.0,1099,183.52622985839844,540752.3793073647,8671518.744920693,499.08299763997394,2022-03-28 10:42:50.666666752+00:00,0,2022-05-03,100 MHz,20220328,0.0,183.21359252929688,183.943115234375,0.8262446109624388,0.6180063903808594,11,3.6801237504213193,0.22580464680989584,3.738479698418543,3.7784889458724753,179.5265478378216,187.63015992585028,0.0,0.0,0.8890771825166541,0.7725645446777343,9.0,0.0,3.6801237504213193,0.22580464680989584,0.0,0.0,0.0,0.0,0.0,0.0,certain_cold,315.5567677815755,315.5567677815755,POINT (540752.3793073647 8671518.744920693),dronbreen
dronbreen-20220328-DAT_0226_A1_1,1080.0,1104,183.4220428466797,540755.511673767,8671523.569598868,498.74449920654297,2022-03-28 10:42:52.249999872+00:00,0,2022-05-03,100 MHz,20220328,0.0,183.10939025878906,183.943115234375,0.8295885233981088,0.6180742584228516,11,3.6780454484440077,0.22578811645507815,3.7364440827178145,3.7771968061653696,179.42442097881508,187.62808451434898,0.0,0.0,0.8901014050602882,0.7725419219970703,9.0,0.0,3.6780454484440077,0.22578811645507815,0.0,0.0,0.0,0.0,0.0,0.0,certain_cold,315.3224563598633,315.3224563598633,POINT (540755.511673767 8671523.569598868),dronbreen
dronbreen-20220328-DAT_0226_A1_1,1085.0,1109,183.31781005859375,540758.2716149184,8671527.607624805,498.4620869954427,2022-03-28 10:42:53.666666752+00:00,0,2022-05-03,100 MHz,20220328,0.0,183.10939025878906,183.83889770507812,0.821212155010968,0.6180290130615234,11,3.675966239490165,0.22582117716471353,3.7343918994815373,3.773342338228176,179.42649425185002,187.52179371201717,0.0,0.0,0.8858510186251519,0.9270322082519531,9.0,0.0,3.675966239490165,0.22582117716471353,0.0,0.0,0.0,0.0,0.0,0.0,certain_cold,315.14427693684894,315.14427693684894,POINT (540758.2716149184 8671527.607624805),dronbreen
dronbreen-20220328-DAT_0226_A1_1,1090.0,1113,183.21359252929688,540760.7767991431,8671531.405326327,498.21453857421875,2022-03-28 10:42:55+00:00,0,2022-05-03,100 MHz,20220328,0.0,183.00515747070312,183.73468017578125,0.822293546826948,0.6180290130615234,11,3.673887341086617,0.22578811645507815,3.7323435438762367,3.771550761382122,179.32433847643992,187.41549917004446,0.0,0.0,0.8827795068536121,0.7725871673583984,9.0,0.0,3.673887341086617,0.22578811645507815,0.0,0.0,0.0,0.0,0.0,0.0,certain_cold,315.0009460449219,315.0009460449219,POINT (540760.7767991431 8671531.405326327),dronbreen
dronbreen-20220328-DAT_0226_A1_1,1095.0,1119,183.10939025878906,540763.9007422079,8671535.873095402,497.89171600341797,2022-03-28 10:42:56.750000128+00:00,0,2022-05-03,100 MHz,20220328,0.0,183.10939025878906,183.63047790527344,0.7796332231631785,0.6180063903808594,11,3.6718087532411325,0.22580464680989584,3.730294781575676,3.760451465124759,179.43064492119106,187.30922324287144,0.0,0.0,0.8246380336798281,0.6180063903808594,9.0,0.0,3.6718087532411325,0.22582117716471353,0.0,0.0,0.0,0.0,0.0,0.0,certain_cold,314.7823257446289,314.7823257446289,POINT (540763.9007422079 8671535.873095402),dronbreen
dronbreen-20220328-DAT_0226_A1_1,1100.0,1125,183.00515747070312,540766.7422258815,8671539.960132606,497.5917663574219,2022-03-28 10:42:58.333333248+00:00,0,2022-05-03,100 MHz,20220328,0.0,183.00515747070312,183.52622985839844,0.7512564147744427,0.6180742584228516,11,3.6697295628357605,0.22580464680989584,3.728259458755069,3.752637606219315,179.32848740080678,187.20289992829478,0.0,0.0,0.7833632041896709,0.7725419219970703,9.0,0.0,3.6780454484440077,0.33870697021484375,0.0,0.0,0.0,0.0,0.0,0.0,certain_cold,314.58660888671875,314.58660888671875,POINT (540766.7422258815 8671539.960132606),dronbreen
dronbreen-20220328-DAT_0226_A1_1,1105.0,1130,182.9009552001953,540769.6482904512,8671544.23522587,497.2761993408203,2022-03-28 10:43:00+00:00,0,2022-05-03,100 MHz,20220328,0.0,182.9009552001953,183.52622985839844,0.7549258137769843,0.7725645446777343,11,3.667650987383824,0.22578811645507815,3.7549300944868453,3.751340696750525,179.22636079553106,187.20082426306269,0.0,0.0,0.7816250272036155,0.9270322082519531,9.0,0.0,3.6780454484440077,0.11291885375976564,0.0,0.0,0.0,0.0,0.0,0.0,certain_cold,314.375244140625,314.375244140625,POINT (540769.6482904512 8671544.23522587),dronbreen
dronbreen-20220328-DAT_0226_A1_1,1110.0,1135,182.79673767089844,540772.2037371391,8671547.848381694,497.0075225830078,2022-03-28 10:43:01.500000+00:00,0,2022-05-03,100 MHz,20220328,0.0,182.79673767089844,183.52622985839844,0.7403989659240768,0.7725419219970703,11,3.6655721137701414,0.22582117716471353,3.752896900602025,3.746412250947138,179.124216176706,187.19875135259088,0.0,0.0,0.7618832129862356,0.7725419219970703,9.0,0.0,3.675966239490165,0.4516258239746094,0.0,0.0,0.0,0.0,0.0,0.0,certain_cold,314.2107849121094,314.2107849121094,POINT (540772.2037371391 8671547.848381694),dronbreen
dronbreen-20220328-DAT_0226_A1_1,1115.0,1142,182.6925048828125,540775.2618769206,8671552.376215974,496.67481486002606,2022-03-28 10:43:03.333333248+00:00,0,2022-05-03,100 MHz,20220328,0.0,182.58828735351562,183.52622985839844,0.7310087056478448,0.7725419219970703,11,3.6634929420080207,0.22582117716471353,3.7508661348336023,3.742532493904572,178.91784109451677,187.1966761173973,0.0,0.0,0.7493113297427477,0.7725645446777343,9.0,0.0,3.6697295628357605,0.5644950866699219,0.0,0.0,0.0,0.0,0.0,0.0,certain_cold,313.98230997721356,313.98230997721356,POINT (540775.2618769206 8671552.376215974),dronbreen
dronbreen-20220328-DAT_0226_A1_1,1120.0,1147,182.58828735351562,540777.994561639,8671556.677089663,496.3634948730469,2022-03-28 10:43:05+00:00,0,2022-05-03,100 MHz,20220328,0.0,182.48406982421875,183.4220428466797,0.7420033568827775,0.7725645446777343,11,3.6614140808540077,0.22580464680989584,3.7488393918238287,3.7426607903498614,178.8156995034909,187.09041316740755,0.0,0.0,0.7648544615554634,0.7725645446777343,9.0,0.0,3.6655721137701414,0.4516092936197917,0.0,0.0,0.0,0.0,0.0,0.0,certain_cold,313.77520751953125,313.77520751953125,POINT (540777.994561639 8671556.677089663),dronbreen
dronbreen-20220328-DAT_0226_A1_1,1125.0,1152,182.48406982421875,540780.3526194589,8671560.20452987,496.0963352748326,2022-03-28 10:43:06.428571392+00:00,0,2022-05-03,100 MHz,20220328,0.0,182.37986755371094,183.31781005859375,0.7172365710773262,0.6180290130615234,11,3.6593352259452994,0.33869043986002606,3.726580922357988,3.744312194353921,178.7048919742143,186.9927856380904,0.0,0.0,0.7369286774336351,0.7725419219970703,9.0,0.0,3.6614140808540077,0.5645116170247396,0.0,0.0,0.0,0.0,0.0,0.0,certain_cold,313.61226545061385,313.61226545061385,POINT (540780.3526194589 8671560.20452987),dronbreen
dronbreen-20220328-DAT_0226_A1_1,1130.0,1158,182.27565002441406,540783.3960294607,8671564.749660596,495.7373733520508,2022-03-28 10:43:08.249999872+00:00,0,2022-05-03,100 MHz,20220328,0.0,182.27565002441406,183.21359252929688,0.7326204200023684,0.46351610412597655,11,3.6551778392752756,0.33869043986002606,3.699984247205084,3.7432297458994013,178.60481411814126,186.88442843556967,0.0,0.0,0.7589046387429204,0.9270774536132812,9.0,0.0,3.6551778392752756,0.451592763264974,0.0,0.0,0.0,0.0,0.0,0.0,certain_cold,313.4617233276367,313.4617233276367,POINT (540783.3960294607 8671564.749660596),dronbreen
dronbreen-20220328-DAT_0226_A1_1,1135.0,1163,182.1714324951172,540786.0419059407,8671568.644724177,495.41689046223956,2022-03-28 10:43:09.666666752+00:00,0,2022-05-03,100 MHz,20220328,0.0,181.96298217773438,183.00515747070312,0.7281600314680682,0.46351610412597655,11,3.6530990031655612,0.11290232340494792,3.684118136046071,3.726673623083598,178.30813891685992,186.66000073157758,0.0,0.0,0.752319783493917,0.7725645446777343,9.0,0.0,3.6530990031655612,0.11290232340494792,0.0,0.0,0.0,0.0,0.0,0.0,certain_cold,313.2454579671224,313.2454579671224,POINT (540786.0419059407 8671568.644724177),dronbreen
dronbreen-20220328-DAT_0226_A1_1,1140.0,1167,182.1714324951172,540788.6689886738,8671572.632267889,495.07745361328125,2022-03-28 10:43:11+00:00,0,2022-05-03,100 MHz,20220328,0.0,181.7545623779297,182.9009552001953,0.7096230448732628,0.6180516357421875,11,3.6530990031655612,0.11290232340494792,3.7067326698863847,3.72309604057895,178.09971911705523,186.55579846106977,0.104217529296875,0.0,0.7359017208949117,0.7725645446777343,9.0,0.0,3.6530990031655612,0.11290232340494792,0.0,0.0,0.0,0.0,0.0,0.0,certain_cold,312.90602111816406,312.90602111816406,POINT (540788.6689886738 8671572.632267889),dronbreen
dronbreen-20220328-DAT_0226_A1_1,1145.0,1172,182.0672149658203,540791.9392021437,8671577.538756384,494.68186950683594,2022-03-28 10:43:12.666666752+00:00,0,2022-05-03,100 MHz,20220328,0.0,181.6503448486328,182.79673767089844,0.7210782275141946,0.6180516357421875,11,3.651020173343896,0.22582117716471353,3.7098424945897293,3.728390714559723,177.99234764931455,186.4547348702167,0.1042327880859375,0.0,0.7571186840658212,0.9270774536132812,9.0,0.0,3.651020173343896,0.22582117716471353,0.0,0.0,0.0,0.0,0.0,0.0,certain_cold,312.6146545410156,312.6146545410156,POINT (540791.9392021437 8671577.538756384),dronbreen
dronbreen-20220328-DAT_0226_A1_1,1150.0,1177,181.96298217773438,540794.5390236379,8671581.37041029,494.36907958984375,2022-03-28 10:43:14+00:00,0,2022-05-03,100 MHz,20220328,0.0,181.54612731933594,182.58828735351562,0.7381344881895522,0.7725419219970703,11,3.64894104545494,0.22578811645507815,3.7366525190310442,3.72969081150073,177.890207322025,186.24420735082657,0.10418701171875,0.0,0.7689851403485976,0.7725645446777343,9.0,0.0,3.64894104545494,0.22578811645507815,0.0,0.0,0.0,0.0,0.0,0.0,certain_cold,312.4060974121094,312.4060974121094,POINT (540794.5390236379 8671581.37041029),dronbreen
dronbreen-20220328-DAT_0226_A1_1,1155.0,1181,181.85879516601562,540797.1660527092,8671585.357972397,494.02728271484375,2022-03-28 10:43:15.333333248+00:00,0,2022-05-03,100 MHz,20220328,0.0,181.54612731933594,182.37986755371094,0.7272092328261904,0.7725419219970703,11,3.6468628369728866,0.22578811645507815,3.7346231197363395,3.725509642120648,177.89228156106614,186.03371331198073,0.1042327880859375,0.0,0.7577088054796696,0.7725419219970703,9.0,0.0,3.6468628369728866,0.22578811645507815,0.0,0.0,0.0,0.0,0.0,0.0,certain_cold,312.1684875488281,312.1684875488281,POINT (540797.1660527092 8671585.357972397),dronbreen
dronbreen-20220328-DAT_0226_A1_1,1160.0,1185,181.7545623779297,540799.76039574,8671589.158456827,493.69801839192706,2022-03-28 10:43:16.666666752+00:00,0,2022-05-03,100 MHz,20220328,0.0,181.44190979003906,182.27565002441406,0.7250429210110764,0.7725645446777343,11,3.644783721714787,0.22582117716471353,3.7325995710531643,3.7230539640786064,177.79013712705287,185.92742268740025,0.0,0.0,0.7569224777445007,0.7725645446777343,9.0,0.0,3.644783721714787,0.22582117716471353,0.0,0.0,0.0,0.0,0.0,0.0,certain_cold,311.9434560139974,311.9434560139974,POINT (540799.76039574 8671589.158456827),dronbreen
dronbreen-20220328-DAT_0226_A1_1,1165.0,1191,181.6503448486328,540802.9217132071,8671593.860071896,493.29149627685547,2022-03-28 10:43:18.249999872+00:00,0,2022-05-03,100 MHz,20220328,0.0,181.33767700195312,181.96298217773438,0.725582669568261,0.46356134948730465,11,3.6427049171530337,0.33870697021484375,3.687670084194287,3.7296771623695277,177.67925910276188,185.62140007692562,0.104217529296875,0.0,0.7517198198367032,0.46356134948730465,9.0,0.0,3.6427049171530337,0.33870697021484375,0.0,0.0,0.0,0.0,0.0,0.0,certain_cold,311.64115142822266,311.64115142822266,POINT (540802.9217132071 8671593.860071896),dronbreen
dronbreen-20220328-DAT_0226_A1_1,1170.0,1196,181.44190979003906,540805.7797527787,8671598.025240378,492.95093790690106,2022-03-28 10:43:19.666666752+00:00,0,2022-05-03,100 MHz,20220328,0.0,181.33767700195312,181.7545623779297,0.7008008559182384,0.3090484405517578,11,3.6385473270664863,0.33872350056966144,3.6673248015069935,3.7208711481045094,177.68339728343938,185.40884209644344,0.0,0.0,0.7106643249929362,0.3090484405517578,9.0,0.0,3.6385473270664863,0.33872350056966144,0.0,0.0,0.0,0.0,0.0,0.0,certain_cold,311.509028116862,311.509028116862,POINT (540805.7797527787 8671598.025240378),dronbreen
dronbreen-20220328-DAT_0226_A1_1,1175.0,1200,181.33767700195312,540808.4870888775,8671601.891199755,492.6323547363281,2022-03-28 10:43:21+00:00,0,2022-05-03,100 MHz,20220328,0.0,181.23345947265625,181.6503448486328,0.7254464150133076,0.3090484405517578,11,3.636468237202942,0.22582117716471353,3.6565567659820903,3.7149924556178564,177.5899863433136,185.29381797797546,0.0,0.0,0.7203654537664429,0.3090484405517578,9.0,0.0,3.636468237202942,0.22582117716471353,0.0,0.0,0.0,0.0,0.0,0.0,certain_cold,311.294677734375,311.294677734375,POINT (540808.4870888775 8671601.891199755),dronbreen
dronbreen-20220328-DAT_0226_A1_1,1180.0,1205,181.23345947265625,540811.4574706723,8671606.354433764,492.2716064453125,2022-03-28 10:43:22.500000+00:00,0,2022-05-03,100 MHz,20220328,0.0,181.12925720214844,181.44190979003906,0.7346474126044751,0.3090031951904297,11,3.6343894580755616,0.22578811645507815,3.6544835450636524,3.714764303068171,177.4878609031303,185.0833060890572,0.0,0.0,0.7228752209630684,0.3090031951904297,9.0,0.0,3.6343894580755616,0.22578811645507815,0.0,0.0,0.0,0.0,0.0,0.0,certain_cold,311.03814697265625,311.03814697265625,POINT (540811.4574706723 8671606.354433764),dronbreen
dronbreen-20220328-DAT_0226_A1_1,1185.0,1210,181.12925720214844,540814.4717798978,8671610.63291438,491.9062194824219,2022-03-28 10:43:24+00:00,0,2022-05-03,100 MHz,20220328,0.0,181.02503967285156,181.23345947265625,0.7520441503360016,0.3090031951904297,11,3.6323109896924874,0.11288579305013022,3.647178265831171,3.7110640970169153,177.3909749612492,184.8675241842586,0.0,0.0,0.7328191485541276,0.3090031951904297,9.0,0.0,3.6323109896924874,0.11288579305013022,0.0,0.0,0.0,0.0,0.0,0.0,certain_cold,310.77696228027344,310.77696228027344,POINT (540814.4717798978 8671610.63291438),dronbreen
dronbreen-20220328-DAT_0226_A1_1,1190.0,1214,181.12925720214844,540816.9143089679,8671613.897141863,491.61314610072543,2022-03-28 10:43:25.142856960+00:00,0,2022-05-03,100 MHz,20220328,0.0,180.9208221435547,181.12925720214844,0.7841830781082533,0.30902581787109373,11,3.6323109896924874,0.22580464680989584,3.652419447499514,3.722850247371373,177.28149928560958,184.76858006009354,0.104217529296875,0.0,0.7800828073620861,0.30902581787109373,9.0,0.0,3.6323109896924874,0.22580464680989584,0.0,0.0,0.0,0.0,0.0,0.0,certain_cold,310.483888898577,310.483888898577,POINT (540816.9143089679 8671613.897141863),dronbreen
dronbreen-20220328-DAT_0226_A1_1,1195.0,1219,180.9208221435547,540820.1710049179,8671618.249448575,491.21947224934894,2022-03-28 10:43:26.666666752+00:00,0,2022-05-03,100 MHz,20220328,0.0,180.60818481445312,181.02503967285156,0.8432751331265417,0.46351610412597655,11,3.628153463408059,0.4516092936197917,3.6854166232473347,3.752140916633229,176.95203266935252,184.68119181795217,0.0,0.0,0.8516397448718959,0.46351610412597655,9.0,0.0,3.628153463408059,0.4516092936197917,0.0,0.0,0.0,0.0,0.0,0.0,certain_cold,310.29865010579425,310.29865010579425,POINT (540820.1710049179 8671618.249448575),dronbreen
dronbreen-20220328-DAT_0226_A1_1,1200.0,1224,180.71238708496094,540823.0915673057,8671622.245968217,490.8683776855469,2022-03-28 10:43:28+00:00,0,2022-05-03,100 MHz,20220328,0.0,180.3997344970703,180.9208221435547,0.8896507324156425,0.4635387268066406,11,3.6239959627982343,0.4516092936197917,3.681326641811507,3.758826428308357,176.74770797848345,184.57284866214155,0.0,0.0,0.9052116705779822,0.6180290130615234,9.0,0.0,3.6239959627982343,0.4516092936197917,0.0,0.0,0.0,0.0,0.0,0.0,certain_cold,310.15599060058594,310.15599060058594,POINT (540823.0915673057 8671622.245968217),dronbreen
dronbreen-20220328-DAT_0226_A1_1,1205.0,1228,180.5039520263672,540825.9846919832,8671626.30369501,490.53261311848956,2022-03-28 10:43:29.333333248+00:00,0,2022-05-03,100 MHz,20220328,0.0,180.29551696777344,180.9208221435547,0.8902087225669053,0.6180516357421875,11,3.6198384879514753,0.4516092936197917,3.699887762808783,3.754950492705968,176.64761597776032,184.5687231335678,0.0,0.0,0.9102010550935943,0.46356134948730465,9.0,0.0,3.6198384879514753,0.33870697021484375,0.0,0.0,0.0,0.0,0.0,0.0,certain_cold,310.0286610921224,310.0286610921224,POINT (540825.9846919832 8671626.30369501),dronbreen
dronbreen-20220328-DAT_0226_A1_1,1210.0,1232,180.29551696777344,540828.7165370937,8671630.0197982,490.21065848214283,2022-03-28 10:43:30.571428608+00:00,0,2022-05-03,100 MHz,20220328,0.0,180.0870819091797,180.71238708496094,0.8945265688698906,0.4635387268066406,11,3.6156810389566543,0.4516092936197917,3.673141500242532,3.75196989752964,176.4433063494677,184.35616264467293,0.0,0.0,0.9097088641605108,0.6180516357421875,9.0,0.0,3.6177597602170026,0.33870697021484375,0.0,0.0,0.0,0.0,0.0,0.0,certain_cold,309.9151415143694,309.9151415143694,POINT (540828.7165370937 8671630.0197982),dronbreen
dronbreen-20220328-DAT_0226_A1_1,1215.0,1237,180.0870819091797,540831.9297569505,8671634.2378933,489.8223876953125,2022-03-28 10:43:32+00:00,0,2022-05-03,100 MHz,20220328,0.0,179.878662109375,180.5039520263672,0.8546755417996171,0.4635387268066406,11,3.6115236159030495,0.5645116170247396,3.684649826677,3.7539641015507583,176.2232857684244,184.15932836731778,0.0,0.0,0.8625524584201955,0.4635387268066406,9.0,0.0,3.613602324181604,0.451592763264974,0.0,0.0,0.0,0.0,0.0,0.0,certain_cold,309.7353057861328,309.7353057861328,POINT (540831.9297569505 8671634.2378933),dronbreen
dronbreen-20220328-DAT_0226_A1_1,1220.0,1243,179.77442932128906,540835.1307625897,8671638.677166948,489.4097900390625,2022-03-28 10:43:33.666666752+00:00,0,2022-05-03,100 MHz,20220328,0.0,179.5659942626953,180.29551696777344,0.8356316872848134,0.6180290130615234,11,3.605287530158734,0.5645116170247396,3.701179731093824,3.743668235523604,175.91677906749595,183.9447321629728,0.0,0.0,0.8447022612946672,0.6180290130615234,9.0,0.0,3.6094452184804604,0.4516092936197917,0.0,0.0,0.0,0.0,0.0,0.0,certain_cold,309.63536071777344,309.63536071777344,POINT (540835.1307625897 8671638.677166948),dronbreen
dronbreen-20220328-DAT_0226_A1_1,1225.0,1247,179.5659942626953,540837.66856908,8671642.227892458,489.08172607421875,2022-03-28 10:43:35+00:00,0,2022-05-03,100 MHz,20220328,0.0,179.35757446289062,180.0870819091797,0.8038284525765603,0.6180290130615234,11,3.6011301723514704,0.5644950866699219,3.6971276799808273,3.732684476655674,175.71246908429117,183.73218728777914,0.0,0.0,0.8006940127884955,0.6180290130615234,9.0,0.0,3.605287530158734,0.4516258239746094,0.0,0.0,0.0,0.0,0.0,0.0,certain_cold,309.51573181152344,309.51573181152344,POINT (540837.66856908 8671642.227892458),dronbreen
dronbreen-20220328-DAT_0226_A1_1,1230.0,1252,179.25335693359375,540840.3827036049,8671646.032099627,488.71400146484376,2022-03-28 10:43:36.400000+00:00,0,2022-05-03,100 MHz,20220328,0.0,179.1491241455078,179.878662109375,0.7601381427620111,0.6180516357421875,11,3.5948944892423405,0.5645116170247396,3.6910604951672665,3.7174924008829544,175.5101765291576,183.5176097257252,0.0,0.0,0.7408015581633811,0.6180516357421875,9.0,0.0,3.6011301723514704,0.33869043986002606,0.0,0.0,0.0,0.0,0.0,0.0,certain_cold,309.46064453125,309.46064453125,POINT (540840.3827036049 8671646.032099627),dronbreen
dronbreen-20220328-DAT_0226_A1_1,1235.0,1256,179.04490661621094,540843.5875543705,8671650.595571281,488.26910400390625,2022-03-28 10:43:38+00:00,0,2022-05-03,100 MHz,20220328,0.0,179.04490661621094,179.6702117919922,0.7285742601703495,0.6180742584228516,11,3.5907368929069534,0.4516258239746094,3.6714265766713603,3.6916361916562956,175.42587949294096,183.28923891526216,0.0,0.0,0.7076887053331687,0.6180742584228516,9.0,0.0,3.5990518076319593,0.33869043986002606,0.0,0.0,0.0,0.0,0.0,0.0,certain_cold,309.2241973876953,309.2241973876953,POINT (540843.5875543705 8671650.595571281),dronbreen
dronbreen-20220328-DAT_0226_A1_1,1240.0,1261,178.8364715576172,540846.2600240257,8671654.445047773,487.88057708740234,2022-03-28 10:43:39.249999872+00:00,0,2022-05-03,100 MHz,20220328,0.0,178.73226928710938,179.4617919921875,0.7247660942421728,0.6180742584228516,11,3.5865796273986965,0.5644950866699219,3.6829640122421523,3.7023633017180946,175.10153821382045,183.09252306547643,0.0,0.0,0.7108766234482677,0.6180742584228516,9.0,0.0,3.5948944892423405,0.5645281473795573,0.0,0.0,0.0,0.0,0.0,0.0,certain_cold,309.04410552978516,309.04410552978516,POINT (540846.2600240257 8671654.445047773),dronbreen
dronbreen-20220328-DAT_0226_A1_1,1245.0,1266,178.52383422851562,540849.4242072614,8671659.146870842,487.40746053059894,2022-03-28 10:43:40.666666752+00:00,0,2022-05-03,100 MHz,20220328,0.0,178.52383422851562,179.25335693359375,0.7069723821817575,0.6180290130615234,11,3.5803440833333617,0.4516092936197917,3.661253142044371,3.677312151328974,174.91512050903827,182.8620706530711,0.0,0.0,0.6921684323961401,0.7725419219970703,9.0,0.0,3.588658256836371,0.4516258239746094,0.0,0.0,0.0,0.0,0.0,0.0,certain_cold,308.8836263020833,308.8836263020833,POINT (540849.4242072614 8671659.146870842),dronbreen
dronbreen-20220328-DAT_0226_A1_1,1250.0,1269,178.4196014404297,540851.7140900512,8671662.441977339,487.0798746744792,2022-03-28 10:43:41.666666752+00:00,0,2022-05-03,100 MHz,20220328,0.0,178.4196014404297,179.04490661621094,0.7026319702202958,0.6180516357421875,11,3.5782651762082573,0.33870697021484375,3.647011366500031,3.6622937851178032,174.82534156071358,182.63916649592704,0.0,0.0,0.6893327201440919,0.7725645446777343,9.0,0.0,3.5865796273986965,0.33869043986002606,0.0,0.0,0.0,0.0,0.0,0.0,certain_cold,308.6602732340495,308.6602732340495,POINT (540851.7140900512 8671662.441977339),dronbreen
dronbreen-20220328-DAT_0226_A1_1,1255.0,1274,178.211181640625,540855.0095818043,8671667.132292505,486.63433837890625,2022-03-28 10:43:43.249999872+00:00,0,2022-05-03,100 MHz,20220328,0.0,178.10696411132812,178.8364715576172,0.6932923539528226,0.7725645446777343,11,3.574108295043553,0.451592763264974,3.6844323991933337,3.6686292285514317,174.50443914562248,182.43899652332283,0.0,0.0,0.674956044217149,0.7725645446777343,9.0,0.0,3.5824226928039486,0.4516092936197917,0.0,0.0,0.0,0.0,0.0,0.0,certain_cold,308.42315673828125,308.42315673828125,POINT (540855.0095818043 8671667.132292505),dronbreen
dronbreen-20220328-DAT_0226_A1_1,1260.0,1279,178.00274658203125,540857.6561455535,8671671.306668589,486.2611490885417,2022-03-28 10:43:44.666666752+00:00,0,2022-05-03,100 MHz,20220328,0.0,177.89852905273438,178.6280517578125,0.667016917588603,0.7725419219970703,11,3.569951136402113,0.4516258239746094,3.6803991661805395,3.6597033444705436,174.30012426711346,182.22645654343341,0.0,0.0,0.646880982554799,0.7725419219970703,9.0,0.0,3.5782651762082573,0.4516092936197917,0.0,0.0,0.0,0.0,0.0,0.0,certain_cold,308.25840250651044,308.25840250651044,POINT (540857.6561455535 8671671.306668589),dronbreen
dronbreen-20220328-DAT_0226_A1_1,1265.0,1283,177.79429626464844,540860.2061917781,8671675.292026417,485.9089050292969,2022-03-28 10:43:46+00:00,0,2022-05-03,100 MHz,20220328,0.0,177.6901092529297,178.4196014404297,0.6595748595425951,0.7725419219970703,11,3.565793700383778,0.5645116170247396,3.691934330496068,3.669958729303799,174.07990730851543,182.02980338484394,0.0,0.0,0.6313050608842278,0.7725645446777343,9.0,0.0,3.574108295043553,0.451592763264974,0.0,0.0,0.0,0.0,0.0,0.0,certain_cold,308.11460876464844,308.11460876464844,POINT (540860.2061917781 8671675.292026417),dronbreen
dronbreen-20220328-DAT_0226_A1_1,1270.0,1289,177.48165893554688,540863.0755381753,8671680.004871503,485.50442940848217,2022-03-28 10:43:47.571428608+00:00,0,2022-05-03,100 MHz,20220328,0.0,177.37744140625,178.211181640625,0.6441274223461693,0.9270774536132812,11,3.559558357915419,0.5644950866699219,3.72136843261697,3.661148800922781,173.77340056210298,181.81522248477202,0.0,0.0,0.6101612947067463,0.7725645446777343,9.0,0.0,3.569951136402113,0.4516258239746094,0.0,0.0,0.0,0.0,0.0,0.0,certain_cold,308.0227704729353,308.0227704729353,POINT (540863.0755381753 8671680.004871503),dronbreen
dronbreen-20220328-DAT_0226_A1_1,1275.0,1294,177.27322387695312,540865.6865897987,8671684.204770038,485.1335754394531,2022-03-28 10:43:49+00:00,0,2022-05-03,100 MHz,20220328,0.0,177.16900634765625,177.89852905273438,0.6102765729162518,0.9270548309326171,11,3.555401294016097,0.33870697021484375,3.6898552048446236,3.623263483189411,173.5975079543816,181.47002744600903,0.0,0.0,0.5684342668352317,0.7725419219970703,9.0,0.0,3.565793700383778,0.4516092936197917,0.0,0.0,0.0,0.0,0.0,0.0,certain_cold,307.8603515625,307.8603515625,POINT (540865.6865897987 8671684.204770038),dronbreen
dronbreen-20220328-DAT_0226_A1_1,1280.0,1298,177.16900634765625,540868.2200511737,8671688.313703194,484.77972412109375,2022-03-28 10:43:50.333333248+00:00,0,2022-05-03,100 MHz,20220328,0.0,176.9605712890625,177.79429626464844,0.6042645889974283,0.7725871673583984,11,3.55332277229164,0.22582117716471353,3.643348577793412,3.611403275966094,173.40008004091396,181.35478751279697,0.0,0.0,0.5459697821449075,0.6180742584228516,9.0,0.0,3.5616369000664148,0.451592763264974,0.0,0.0,0.0,0.0,0.0,0.0,certain_cold,307.6107177734375,307.6107177734375,POINT (540868.2200511737 8671688.313703194),dronbreen
dronbreen-20220328-DAT_0226_A1_1,1285.0,1303,177.0647735595703,540871.0399038952,8671692.881062731,484.3721237182617,2022-03-28 10:43:51.750000128+00:00,0,2022-05-03,100 MHz,20220328,0.0,176.64791870117188,177.58587646484375,0.5968629116130649,0.7725645446777343,11,3.551243953079085,0.11291885375976564,3.6360610910033264,3.6028224515058205,173.0948799620339,181.13891520398172,0.0,0.0,0.5291295346130129,0.6180742584228516,9.0,0.0,3.5574798225613398,0.33870697021484375,0.0,0.0,0.0,0.0,0.0,0.0,certain_cold,307.3073501586914,307.3073501586914,POINT (540871.0399038952 8671692.881062731),dronbreen
dronbreen-20220328-DAT_0226_A1_1,1290.0,1307,177.0647735595703,540873.5820707099,8671696.912732506,484.017822265625,2022-03-28 10:43:53+00:00,0,2022-05-03,100 MHz,20220328,0.0,176.4394989013672,177.37744140625,0.5938766596574989,0.9270774536132812,11,3.551243953079085,0.11288579305013022,3.671995291602565,3.6023279005997315,172.88646121277546,180.93047909484173,0.0,0.0,0.5288439468183845,0.3090484405517578,9.0,0.0,3.555401294016097,0.33872350056966144,0.0,0.0,0.0,0.0,0.0,0.0,certain_cold,306.9530487060547,306.9530487060547,POINT (540873.5820707099 8671696.912732506),dronbreen
dronbreen-20220328-DAT_0226_A1_1,1295.0,1311,176.9605712890625,540876.2931588074,8671701.062525604,483.6368931361607,2022-03-28 10:43:54.285714432+00:00,0,2022-05-03,100 MHz,20220328,0.0,176.23104858398438,177.16900634765625,0.6024658354646545,0.9270322082519531,11,3.5491657493530147,0.22578811645507815,3.675179792207365,3.6070102401871553,172.67470807864566,180.72534685299496,0.0,0.0,0.5288460767962861,0.30902581787109373,9.0,0.0,3.551243953079085,0.4516092936197917,0.0,0.0,0.0,0.0,0.0,0.0,certain_cold,306.6763218470982,306.6763218470982,POINT (540876.2931588074 8671701.062525604),dronbreen
dronbreen-20220328-DAT_0226_A1_1,1300.0,1315,176.85635375976562,540878.634904591,8671704.749165315,483.30079868861606,2022-03-28 10:43:55.428571392+00:00,0,2022-05-03,100 MHz,20220328,0.0,176.02261352539062,177.0647735595703,0.595045476802571,0.9270774536132812,11,3.5470872481628843,0.33870697021484375,3.681850480770498,3.6125654979827093,172.45939161849907,180.62799546646187,0.0,0.0,0.5291330826513215,0.15451290893554687,9.0,0.0,3.5470872481628843,0.451592763264974,0.0,0.0,0.0,0.0,0.0,0.0,certain_cold,306.44444492885043,306.44444492885043,POINT (540878.634904591 8671704.749165315),dronbreen
dronbreen-20220328-DAT_0226_A1_1,1305.0,1320,176.64791870117188,540881.3383001868,8671709.151286587,482.918701171875,2022-03-28 10:43:56.750000128+00:00,0,2022-05-03,100 MHz,20220328,0.0,175.81417846679688,176.85635375976562,0.61205872570259,0.9270774536132812,11,3.542930266401292,0.451592763264974,3.6899544037038874,3.623659307954364,172.24258345946254,180.42794876709996,0.0,0.0,0.5489999018248318,0.15451290893554687,9.0,0.0,3.542930266401292,0.451592763264974,0.0,0.0,0.0,0.0,0.0,0.0,certain_cold,306.2707824707031,306.2707824707031,POINT (540881.3383001868 8671709.151286587),dronbreen
dronbreen-20220328-DAT_0226_A1_1,1310.0,1324,176.4394989013672,540883.898142966,8671713.230039086,482.58563232421875,2022-03-28 10:43:58+00:00,0,2022-05-03,100 MHz,20220328,0.0,175.60574340820312,176.64791870117188,0.6249897016854015,0.9271000762939453,11,3.5387736165268073,0.6774139404296875,3.720392843125432,3.6568320282626465,172.00271574306998,180.25094636630502,0.0,0.0,0.5631063920383161,0.15451290893554687,9.0,0.0,3.5387736165268073,0.5645116170247396,0.0,0.0,0.0,0.0,0.0,0.0,certain_cold,306.14613342285156,306.14613342285156,POINT (540883.898142966 8671713.230039086),dronbreen
dronbreen-20220328-DAT_0226_A1_1,1315.0,1329,176.02261352539062,540887.1304902727,8671717.887507085,482.18670654296875,2022-03-28 10:43:59.500000+00:00,0,2022-05-03,100 MHz,20220328,0.0,175.39732360839844,176.4394989013672,0.6462709417881116,0.7725645446777343,11,3.5304594869398533,0.7903162638346355,3.699405352417908,3.6751068169516983,171.77948668755675,180.05733582220887,0.0,0.0,0.59362449773455,0.3090484405517578,9.0,0.0,3.5325379328390194,0.5645116170247396,0.0,0.0,0.0,0.0,0.0,0.0,certain_cold,306.1640930175781,306.1640930175781,POINT (540887.1304902727 8671717.887507085),dronbreen
dronbreen-20220328-DAT_0226_A1_1,1320.0,1334,175.70997619628906,540890.144289313,8671722.166159183,481.7945556640625,2022-03-28 10:44:01+00:00,0,2022-05-03,100 MHz,20220328,0.0,175.2930908203125,176.23104858398438,0.6464197032761778,0.9271000762939453,11,3.52422449539756,0.6773974100748698,3.706553668382608,3.6464892674900318,171.70435489451128,179.8197845097856,0.0,0.0,0.6143490684398261,0.46351610412597655,9.0,0.0,3.5283813523167864,0.33870697021484375,0.0,0.0,0.0,0.0,0.0,0.0,certain_cold,306.08457946777344,306.08457946777344,POINT (540890.144289313 8671722.166159183),dronbreen
dronbreen-20220328-DAT_0226_A1_1,1325.0,1338,175.39732360839844,540892.7106727083,8671726.028019944,481.4348449707031,2022-03-28 10:44:02.333333248+00:00,0,2022-05-03,100 MHz,20220328,0.0,175.0846710205078,176.02261352539062,0.6723269267588,1.081567739868164,11,3.517989262575385,0.7903162638346355,3.76439065778258,3.667815663977972,171.4790021160634,179.62828242983502,0.0,0.0,0.6419669025197463,0.7725645446777343,9.0,0.0,3.5263026160529503,0.33872350056966144,0.0,0.0,0.0,0.0,0.0,0.0,certain_cold,306.0375213623047,306.0375213623047,POINT (540892.7106727083 8671726.028019944),dronbreen
dronbreen-20220328-DAT_0226_A1_1,1330.0,1343,174.98045349121094,540895.4074918089,8671730.328065922,481.0221252441406,2022-03-28 10:44:03.750000128+00:00,0,2022-05-03,100 MHz,20220328,0.0,174.876220703125,175.81417846679688,0.7087884502998956,1.0815903625488281,11,3.5096757174411333,0.6774304707845054,3.734511132223568,3.6440522432618576,171.3017647047466,179.38863446517527,0.0,0.0,0.6822932654399466,0.9270774536132812,9.0,0.0,3.5221457731302195,0.33870697021484375,0.0,0.0,0.0,0.0,0.0,0.0,certain_cold,306.0416717529297,306.0416717529297,POINT (540895.4074918089 8671730.328065922),dronbreen
dronbreen-20220328-DAT_0226_A1_1,1335.0,1347,174.77200317382812,540897.8973918182,8671734.49776721,480.6319885253906,2022-03-28 10:44:05+00:00,0,2022-05-03,100 MHz,20220328,0.0,174.6678009033203,175.60574340820312,0.7119838550550645,1.0815903625488281,11,3.5055186830706,0.4516092936197917,3.6962751390824935,3.605486541550235,171.133311945714,179.14023236580942,0.1042022705078125,0.0,0.6960811577589741,0.9270774536132812,9.0,0.0,3.5200673621863774,0.451592763264974,0.0,0.0,0.0,0.0,0.0,0.0,certain_cold,305.8599853515625,305.8599853515625,POINT (540897.8973918182 8671734.49776721),dronbreen
dronbreen-20220328-DAT_0226_A1_1,1340.0,1351,174.56358337402344,540900.3527594294,8671738.586672138,480.2557067871094,2022-03-28 10:44:06.285714432+00:00,0,2022-05-03,100 MHz,20220328,0.0,174.3551483154297,175.39732360839844,0.7549245307207347,1.0815903625488281,11,3.5013622857613367,0.33869043986002606,3.680229175277395,3.597799343666674,170.83744322969488,178.91502869413324,0.104217529296875,0.0,0.7478956241192467,1.0815903625488281,9.0,0.0,3.5138324758767814,0.9032020568847656,0.0,0.0,0.0,0.0,0.0,0.0,certain_cold,305.69212341308594,305.69212341308594,POINT (540900.3527594294 8671738.586672138),dronbreen
dronbreen-20220328-DAT_0226_A1_1,1345.0,1356,174.45936584472656,540903.1510481194,8671742.925265735,479.8522644042969,2022-03-28 10:44:07.714285568+00:00,0,2022-05-03,100 MHz,20220328,0.0,174.04248046875,175.0846710205078,0.7420005902504876,0.7725645446777343,11,3.4992839456634064,0.33872350056966144,3.5995246516601243,3.5930887295122416,170.52684087655405,178.60031061270377,0.2084503173828125,0.0,0.7577185994309724,0.9270774536132812,9.0,0.0,3.5034406330007615,1.016137440999349,0.0,0.0,0.0,0.0,0.0,0.0,certain_cold,305.3928985595703,305.3928985595703,POINT (540903.1510481194 8671742.925265735),dronbreen
dronbreen-20220328-DAT_0226_A1_1,1350.0,1361,174.25091552734375,540905.68864577,8671746.830587037,479.50909423828125,2022-03-28 10:44:09+00:00,0,2022-05-03,100 MHz,20220328,0.0,173.62564086914062,174.876220703125,0.7956780532182202,0.9270322082519531,11,3.495126982649843,0.5645116170247396,3.6597779585296393,3.6287311218904077,170.0852191441758,178.41664242808983,0.3126373291015625,0.0,0.8251858659209186,0.7725645446777343,9.0,0.0,3.495126982649843,0.7903162638346355,0.0,0.0,0.0,0.0,0.0,0.0,certain_cold,305.2581787109375,305.2581787109375,POINT (540905.68864577 8671746.830587037),dronbreen
dronbreen-20220328-DAT_0226_A1_1,1355.0,1365,173.9382781982422,540908.3713019345,8671751.068200914,479.16565958658856,2022-03-28 10:44:10.333333248+00:00,0,2022-05-03,100 MHz,20220328,0.0,173.52139282226562,174.77200317382812,0.8256464925553434,0.7725645446777343,11,3.488892352742864,0.6773808797200521,3.637041473633627,3.648685631279693,169.96735079870456,178.3260451973892,0.20843505859375,0.0,0.8731541262297344,1.081567739868164,9.0,0.0,3.488892352742864,0.6773808797200521,0.0,0.0,0.0,0.0,0.0,0.0,certain_cold,305.2273813883464,305.2273813883464,POINT (540908.3713019345 8671751.068200914),dronbreen
dronbreen-20220328-DAT_0226_A1_1,1360.0,1370,173.62564086914062,540911.5401516292,8671756.127001552,478.78594970703125,2022-03-28 10:44:12+00:00,0,2022-05-03,100 MHz,20220328,0.0,173.20875549316406,174.56358337402344,0.8636370277007429,0.6180742584228516,11,3.4826577877948215,0.9032020568847656,3.650574613862008,3.7000740719699876,169.61088400818176,178.16145485900574,0.104248046875,0.0,0.9131806043108681,0.9271000762939453,9.0,0.0,3.4826577877948215,0.9032020568847656,0.0,0.0,0.0,0.0,0.0,0.0,certain_cold,305.1603088378906,305.1603088378906,POINT (540911.5401516292 8671756.127001552),dronbreen
dronbreen-20220328-DAT_0226_A1_1,1365.0,1375,173.10455322265625,540913.9717128628,8671759.690164369,478.5137519836426,2022-03-28 10:44:13.249999872+00:00,0,2022-05-03,100 MHz,20220328,0.0,173.0003204345703,174.25091552734375,0.9254497019170235,0.30902581787109373,11,3.4722664843825237,1.016137440999349,3.6310696486955156,3.734384418929736,169.3824246597356,177.86881130217847,0.0,0.0,0.9929537475136427,0.9270774536132812,9.0,0.0,3.4722664843825237,1.016137440999349,0.0,0.0,0.0,0.0,0.0,0.0,certain_cold,305.4091987609863,305.4091987609863,POINT (540913.9717128628 8671759.690164369),dronbreen
dronbreen-20220328-DAT_0226_A1_1,1370.0,1380,172.6876678466797,540916.6508684901,8671763.726088878,478.20909627278644,2022-03-28 10:44:14.666666752+00:00,0,2022-05-03,100 MHz,20220328,0.0,172.6876678466797,174.04248046875,1.0126669078459947,0.3090484405517578,11,3.4639532691031016,0.6774304707845054,3.543077085230415,3.6719720259723863,169.1580950264538,177.5720532889759,0.0,0.0,1.0819410919891714,1.2360806488037108,9.0,0.0,3.4639532691031016,0.6774304707845054,0.0,0.0,0.0,0.0,0.0,0.0,certain_cold,305.52142842610675,305.52142842610675,POINT (540916.6508684901 8671763.726088878),dronbreen
dronbreen-20220328-DAT_0226_A1_1,1375.0,1385,172.47923278808594,540919.7817766028,8671768.349543424,477.86144002278644,2022-03-28 10:44:16.333333248+00:00,0,2022-05-03,100 MHz,20220328,0.0,172.16659545898438,173.8340606689453,1.0854238585559837,0.6180516357421875,11,3.4597968578034597,0.5644950866699219,3.5596118924097286,3.6697403113658784,168.66104999498862,177.33960613294107,0.3126373291015625,0.0,1.1637579125714572,1.3906161804199217,9.0,0.0,3.4597968578034597,0.5644950866699219,0.0,0.0,0.0,0.0,0.0,0.0,certain_cold,305.3822072347005,305.3822072347005,POINT (540919.7817766028 8671768.349543424),dronbreen
dronbreen-20220328-DAT_0226_A1_1,1380.0,1390,172.16659545898438,540922.6156680904,8671772.653818205,477.53196716308594,2022-03-28 10:44:17.750000128+00:00,0,2022-05-03,100 MHz,20220328,0.0,171.74972534179688,173.62564086914062,1.1599157818848354,0.7725645446777343,11,3.453562600674126,0.4516092936197917,3.567618472672199,3.6710284951120045,168.2667602844271,177.1086059265104,0.4168701171875,0.0,1.2397002533389045,1.3906161804199217,9.0,0.0,3.453562600674126,0.4516092936197917,0.0,0.0,0.0,0.0,0.0,0.0,certain_cold,305.36537170410156,305.36537170410156,POINT (540922.6156680904 8671772.653818205),dronbreen
dronbreen-20220328-DAT_0226_A1_1,1385.0,1394,172.06236267089844,540925.2220402358,8671776.454933874,477.2523193359375,2022-03-28 10:44:19+00:00,0,2022-05-03,100 MHz,20220328,0.0,171.54127502441406,173.52139282226562,1.2172339540342894,1.081567739868164,11,3.451484124135111,0.33870697021484375,3.6328024783563944,3.675475965053068,168.07321143347042,176.98945641320927,0.521087646484375,0.0,1.289090237829314,1.3906161804199217,9.0,0.0,3.451484124135111,0.33870697021484375,0.0,0.0,0.0,0.0,0.0,0.0,certain_cold,305.18995666503906,305.18995666503906,POINT (540925.2220402358 8671776.454933874),dronbreen
dronbreen-20220328-DAT_0226_A1_1,1390.0,1398,171.85394287109375,540928.1580300715,8671780.762328317,476.94468180338544,2022-03-28 10:44:20.333333248+00:00,0,2022-05-03,100 MHz,20220328,0.0,171.33285522460938,173.31297302246094,1.2199085596938664,1.0815903625488281,11,3.4473281062493113,0.33869043986002606,3.6288593247117675,3.6724595546041625,167.86892937577989,176.77689887129043,0.4168701171875,0.0,1.2922484686421152,1.5451290893554686,9.0,0.0,3.4473281062493113,0.33869043986002606,0.0,0.0,0.0,0.0,0.0,0.0,certain_cold,305.0907389322917,305.0907389322917,POINT (540928.1580300715 8671780.762328317),dronbreen
dronbreen-20220328-DAT_0226_A1_1,1395.0,1402,171.74972534179688,540931.0211755208,8671784.943449745,476.6356913248698,2022-03-28 10:44:21.666666752+00:00,0,2022-05-03,100 MHz,20220328,0.0,171.33285522460938,173.10455322265625,1.182091547259756,0.9270774536132812,11,3.4452499563882246,0.22580464680989584,3.574941622671913,3.6493938437248685,167.88021348233232,176.5571949649333,0.4168701171875,0.0,1.2608151350136605,1.3906161804199217,9.0,0.0,3.4452499563882246,0.22580464680989584,0.0,0.0,0.0,0.0,0.0,0.0,certain_cold,304.88596598307294,304.88596598307294,POINT (540931.0211755208 8671784.943449745),dronbreen
dronbreen-20220328-DAT_0226_A1_1,1400.0,1406,171.6455078125,540933.2468351856,8671788.655463062,476.36488342285156,2022-03-28 10:44:22.750000128+00:00,0,2022-05-03,100 MHz,20220328,0.0,171.2286376953125,173.0003204345703,1.1254425769143868,0.9271000762939453,11,3.443171814023285,0.33870697021484375,3.581852747394951,3.6382379727676164,167.76884658130626,176.46011154857655,0.4168701171875,0.0,1.203525150682187,1.0816129852294922,9.0,0.0,3.443171814023285,0.33870697021484375,0.0,0.0,0.0,0.0,0.0,0.0,certain_cold,304.71937561035156,304.71937561035156,POINT (540933.2468351856 8671788.655463062),dronbreen
dronbreen-20220328-DAT_0226_A1_1,1405.0,1410,171.43707275390625,540935.7936311762,8671793.152633738,476.0512390136719,2022-03-28 10:44:24+00:00,0,2022-05-03,100 MHz,20220328,0.0,171.12442016601562,172.79190063476562,1.0854208618412002,0.6180742584228516,11,3.439015551836202,0.33870697021484375,3.510493721169194,3.622111100554961,167.66876532540388,176.24755547537737,0.312652587890625,0.0,1.15399267165924,0.9271000762939453,9.0,0.0,3.439015551836202,0.22580464680989584,0.0,0.0,0.0,0.0,0.0,0.0,certain_cold,304.6141662597656,304.6141662597656,POINT (540935.7936311762 8671793.152633738),dronbreen
dronbreen-20220328-DAT_0226_A1_1,1410.0,1415,171.33285522460938,540938.5820020857,8671797.269469215,475.77025349934894,2022-03-28 10:44:25.333333248+00:00,0,2022-05-03,100 MHz,20220328,0.0,171.2286376953125,172.5834503173828,0.9511227333671279,0.4635387268066406,11,3.43693743204132,0.33870697021484375,3.484555850418877,3.5821635609456277,167.77505096215538,176.03703705053994,0.0,0.0,0.99689291949789,0.6180290130615234,9.0,0.0,3.439015551836202,0.0,0.0,0.0,0.0,0.0,0.0,0.0,certain_cold,304.43739827473956,304.43739827473956,POINT (540938.5820020857 8671797.269469215),dronbreen
dronbreen-20220328-DAT_0226_A1_1,1415.0,1419,171.12442016601562,540941.3429366275,8671801.447506314,475.5027567545573,2022-03-28 10:44:26.666666752+00:00,0,2022-05-03,100 MHz,20220328,0.0,171.12442016601562,172.47923278808594,0.9291750227521797,0.4635387268066406,11,3.432781215117273,0.11290232340494792,3.4657758087824693,3.5581034313800903,167.68978280444566,175.9138701496559,0.0,0.0,0.9551652713338696,0.7725645446777343,9.0,0.0,3.439015551836202,0.0,0.0,0.0,0.0,0.0,0.0,0.0,certain_cold,304.3783365885417,304.3783365885417,POINT (540941.3429366275 8671801.447506314),dronbreen
dronbreen-20220328-DAT_0226_A1_1,1420.0,1424,171.2286376953125,540944.582187238,8671806.074320477,475.2073669433594,2022-03-28 10:44:28.249999872+00:00,0,2022-05-03,100 MHz,20220328,0.0,171.0201873779297,172.16659545898438,0.8528245806729726,0.6180742584228516,11,3.434859319797106,0.11290232340494792,3.4918506941666667,3.540948354159844,167.58347303405017,175.6033098028639,0.0,0.0,0.8590450037812553,0.7725645446777343,9.0,0.0,3.439015551836202,0.11290232340494792,0.0,0.0,0.0,0.0,0.0,0.0,certain_cold,303.9787292480469,303.9787292480469,POINT (540944.582187238 8671806.074320477),dronbreen
dronbreen-20220328-DAT_0226_A1_1,1425.0,1428,171.2286376953125,540946.7866981046,8671809.429037975,475.00079345703125,2022-03-28 10:44:29.333333248+00:00,0,2022-05-03,100 MHz,20220328,0.0,170.91598510742188,172.06236267089844,0.8172299681430165,0.7725645446777343,11,3.434859319797106,0.0,3.5206696127995527,3.5307397762548396,167.48112578762476,175.49722199069555,0.0,0.0,0.801824226057911,0.7725645446777343,9.0,0.0,3.43693743204132,0.11290232340494792,0.0,0.0,0.0,0.0,0.0,0.0,certain_cold,303.77215576171875,303.77215576171875,POINT (540946.7866981046 8671809.429037975),dronbreen
dronbreen-20220328-DAT_0226_A1_1,1430.0,1433,171.2286376953125,540950.0787342292,8671814.50941262,474.6923304966518,2022-03-28 10:44:30.857143040+00:00,0,2022-05-03,100 MHz,20220328,0.0,170.811767578125,171.85394287109375,0.7492803944501457,0.7725645446777343,11,3.434859319797106,0.11290232340494792,3.52247944736664,3.5174460324125287,167.37505323424548,175.29065721497327,0.0,0.0,0.7203608853770617,0.6180290130615234,9.0,0.0,3.43693743204132,0.0,0.0,0.0,0.0,0.0,0.0,0.0,certain_cold,303.4636928013393,303.4636928013393,POINT (540950.0787342292 8671814.50941262),dronbreen
dronbreen-20220328-DAT_0226_A1_1,1435.0,1437,171.12442016601562,540952.5449239293,8671818.412656473,474.4581298828125,2022-03-28 10:44:32+00:00,0,2022-05-03,100 MHz,20220328,0.0,170.70755004882812,171.6455078125,0.7225870162547614,0.7725645446777343,11,3.432781215117273,0.11290232340494792,3.5204530647610364,3.50982418385198,167.27291268725816,175.08014517406997,0.0,0.0,0.6789709602420881,0.4635387268066406,9.0,0.0,3.43693743204132,0.11290232340494792,0.0,0.0,0.0,0.0,0.0,0.0,certain_cold,303.3337097167969,303.3337097167969,POINT (540952.5449239293 8671818.412656473),dronbreen
dronbreen-20220328-DAT_0226_A1_1,1440.0,1441,171.12442016601562,540955.3011610984,8671822.637105428,474.2128372192383,2022-03-28 10:44:33.249999872+00:00,0,2022-05-03,100 MHz,20220328,0.0,170.6033477783203,171.43707275390625,0.6855582584509514,0.7725645446777343,11,3.432781215117273,0.22580464680989584,3.5258801149608137,3.507843316785011,167.16314798624674,174.87727254597982,0.0,0.0,0.6327355747996245,0.4635387268066406,9.0,0.0,3.434859319797106,0.22580464680989584,0.0,0.0,0.0,0.0,0.0,0.0,certain_cold,303.08841705322266,303.08841705322266,POINT (540955.3011610984 8671822.637105428),dronbreen
dronbreen-20220328-DAT_0226_A1_1,1445.0,1446,170.91598510742188,540958.239672007,8671826.960154917,473.9558919270833,2022-03-28 10:44:34.666666752+00:00,0,2022-05-03,100 MHz,20220328,0.0,170.49911499023438,171.43707275390625,0.651595419071655,0.6180290130615234,11,3.4286250285057687,0.33870697021484375,3.50030739489464,3.5063896799875893,167.0538004911257,174.8823872530149,0.0,0.0,0.6009468182489608,0.4635387268066406,9.0,0.0,3.432781215117273,0.33870697021484375,0.0,0.0,0.0,0.0,0.0,0.0,certain_cold,303.03990681966144,303.03990681966144,POINT (540958.239672007 8671826.960154917),dronbreen
dronbreen-20220328-DAT_0226_A1_1,1450.0,1450,170.811767578125,540960.9423067115,8671830.950369118,473.6941833496094,2022-03-28 10:44:36+00:00,0,2022-05-03,100 MHz,20220328,0.0,170.3948974609375,171.43707275390625,0.6851303451296255,0.7725645446777343,11,3.426546946601689,0.22580464680989584,3.519810746542975,3.501658936219194,166.96091846918662,174.87105174565713,0.0,0.0,0.6381986958519458,0.6180742584228516,9.0,0.0,3.4286250285057687,0.4516092936197917,0.0,0.0,0.0,0.0,0.0,0.0,certain_cold,302.8824157714844,302.8824157714844,POINT (540960.9423067115 8671830.950369118),dronbreen
dronbreen-20220328-DAT_0226_A1_1,1455.0,1455,170.70755004882812,540963.7675480166,8671835.289923312,473.42689296177457,2022-03-28 10:44:37.428571392+00:00,0,2022-05-03,100 MHz,20220328,0.0,170.29067993164062,171.2286376953125,0.6232461726584562,0.7725645446777343,11,3.4244688723171746,0.33870697021484375,3.5268350464452536,3.4971624584618306,166.84950143160006,174.66981619535306,0.0,0.0,0.5890280950915372,0.6180516357421875,9.0,0.0,3.4244688723171746,0.4516092936197917,0.0,0.0,0.0,0.0,0.0,0.0,certain_cold,302.71934291294644,302.71934291294644,POINT (540963.7675480166 8671835.289923312),dronbreen
dronbreen-20220328-DAT_0226_A1_1,1460.0,1460,170.49911499023438,540966.4340907614,8671839.445204226,473.1782760620117,2022-03-28 10:44:38.750000128+00:00,0,2022-05-03,100 MHz,20220328,0.0,170.08224487304688,171.12442016601562,0.6322148349959987,0.9270774536132812,11,3.4203127466623964,0.4516092936197917,3.572388954756063,3.507447196559636,166.63224628767543,174.57441875138707,0.0,0.0,0.5943851768920659,0.6180516357421875,9.0,0.0,3.4203127466623964,0.4516092936197917,0.0,0.0,0.0,0.0,0.0,0.0,certain_cold,302.67916107177734,302.67916107177734,POINT (540966.4340907614 8671839.445204226),dronbreen
dronbreen-20220328-DAT_0226_A1_1,1465.0,1464,170.29067993164062,540969.0770863522,8671843.294050323,473.0133056640625,2022-03-28 10:44:40+00:00,0,2022-05-03,100 MHz,20220328,0.0,169.97802734375,170.91598510742188,0.6149546460394478,0.9270774536132812,11,3.416156651652876,0.4516092936197917,3.5684099859340774,3.5003209052030444,166.53214904892937,174.3618634022425,0.0,0.0,0.5812962377301248,0.46356134948730465,9.0,0.0,3.416156651652876,0.33870697021484375,0.0,0.0,0.0,0.0,0.0,0.0,certain_cold,302.7226257324219,302.7226257324219,POINT (540969.0770863522 8671843.294050323),dronbreen
dronbreen-20220328-DAT_0226_A1_1,1470.0,1468,170.08224487304688,540971.7062430386,8671847.282051774,472.91297912597656,2022-03-28 10:44:41.249999872+00:00,0,2022-05-03,100 MHz,20220328,0.0,169.76959228515625,170.70755004882812,0.619116239844241,0.7725645446777343,11,3.412000587400599,0.4516092936197917,3.5274005922490455,3.4969992680789446,166.32783416429623,174.14930816968814,0.0,0.0,0.5734595263227685,0.4635387268066406,9.0,0.0,3.4140786156750615,0.22580464680989584,0.0,0.0,0.0,0.0,0.0,0.0,certain_cold,302.8307342529297,302.8307342529297,POINT (540971.7062430386 8671847.282051774),dronbreen
dronbreen-20220328-DAT_0226_A1_1,1475.0,1473,169.87380981445312,540974.4599955576,8671851.584007163,472.763916015625,2022-03-28 10:44:42.666666752+00:00,0,2022-05-03,100 MHz,20220328,0.0,169.66537475585938,170.3948974609375,0.5804273897480919,0.6180516357421875,11,3.407844554018096,0.4516092936197917,3.4927558292669354,3.4862947972316323,166.22773669195058,173.8325355248463,0.0,0.0,0.5517402066304917,0.46356134948730465,9.0,0.0,3.412000587400599,0.5645116170247396,0.0,0.0,0.0,0.0,0.0,0.0,certain_cold,302.8901062011719,302.8901062011719,POINT (540974.4599955576 8671851.584007163),dronbreen
dronbreen-20220328-DAT_0226_A1_1,1480.0,1477,169.66537475585938,540976.943611394,8671855.629616827,472.5814208984375,2022-03-28 10:44:44+00:00,0,2022-05-03,100 MHz,20220328,0.0,169.5611572265625,170.18646240234375,0.6011501473225325,0.7725645446777343,11,3.403688551618447,0.4516092936197917,3.5193611190378524,3.485746435145298,166.1276391021743,173.61998052673195,0.0,0.0,0.5849162606587167,0.7725645446777343,9.0,0.0,3.403688551618447,0.5645116170247396,0.0,0.0,0.0,0.0,0.0,0.0,certain_cold,302.9160461425781,302.9160461425781,POINT (540976.943611394 8671855.629616827),dronbreen
dronbreen-20220328-DAT_0226_A1_1,1485.0,1482,169.45693969726562,540979.6886995272,8671859.900304455,472.39710998535156,2022-03-28 10:44:45.500000+00:00,0,2022-05-03,100 MHz,20220328,0.0,169.3527374267578,169.97802734375,0.5675248066603718,0.6180516357421875,11,3.399532580315283,0.33869043986002606,3.471818083241295,3.463180241461966,165.93637489056854,173.39438987993927,0.1042022705078125,0.0,0.5660427944748458,0.6180516357421875,9.0,0.0,3.4016105620726806,0.22580464680989584,0.0,0.0,0.0,0.0,0.0,0.0,certain_cold,302.94017028808594,302.94017028808594,POINT (540979.6886995272 8671859.900304455),dronbreen
dronbreen-20220328-DAT_0226_A1_1,1490.0,1487,169.3527374267578,540982.6196073028,8671864.362749338,472.19219970703125,2022-03-28 10:44:47+00:00,0,2022-05-03,100 MHz,20220328,0.0,169.04006958007812,169.87380981445312,0.5735815221036253,0.6180516357421875,11,3.3974549106021334,0.22580464680989584,3.460588885224462,3.452923887170727,165.6351191240369,173.27876027049436,0.0,0.0,0.5694992202193755,0.6180516357421875,9.0,0.0,3.399532580315283,0.11290232340494792,0.0,0.0,0.0,0.0,0.0,0.0,certain_cold,302.83946228027344,302.83946228027344,POINT (540982.6196073028 8671864.362749338),dronbreen
dronbreen-20220328-DAT_0226_A1_1,1495.0,1491,169.24850463867188,540985.2563669843,8671868.413042312,472.0059509277344,2022-03-28 10:44:48.333333248+00:00,0,2022-05-03,100 MHz,20220328,0.0,168.83164978027344,169.66537475585938,0.54769275578103,0.7725645446777343,11,3.395376640222792,0.22582117716471353,3.4894747038372103,3.4466715955776364,165.42877191984022,173.0682526162926,0.0,0.0,0.5465189095425059,0.7725645446777343,9.0,0.0,3.399532580315283,0.33870697021484375,0.0,0.0,0.0,0.0,0.0,0.0,certain_cold,302.7574462890625,302.7574462890625,POINT (540985.2563669843 8671868.413042312),dronbreen
dronbreen-20220328-DAT_0226_A1_1,1500.0,1496,169.144287109375,540987.7844837034,8671872.56858458,471.81150817871094,2022-03-28 10:44:49.750000128+00:00,0,2022-05-03,100 MHz,20220328,0.0,168.6232147216797,169.5611572265625,0.5500306900394603,0.7725419219970703,11,3.3932986819163844,0.33869043986002606,3.4965709173404416,3.4542323197395586,165.21305531796438,172.9713166302778,0.0,0.0,0.544029038870483,0.7725419219970703,9.0,0.0,3.3932986819163844,0.5644950866699219,0.0,0.0,0.0,0.0,0.0,0.0,certain_cold,302.66722106933594,302.66722106933594,POINT (540987.7844837034 8671872.56858458),dronbreen
dronbreen-20220328-DAT_0226_A1_1,1505.0,1501,168.9358673095703,540990.4329214104,8671876.758812884,471.60145060221356,2022-03-28 10:44:51.333333248+00:00,0,2022-05-03,100 MHz,20220328,0.0,168.31056213378906,169.3527374267578,0.5321449247994897,0.9270548309326171,11,3.3891430930922195,0.5644950866699219,3.5587042962129747,3.476797927593583,164.87472954061326,172.78857001993362,0.0,0.0,0.5265535423518791,0.7725645446777343,9.0,0.0,3.3891430930922195,0.5644950866699219,0.0,0.0,0.0,0.0,0.0,0.0,certain_cold,302.66558329264325,302.66558329264325,POINT (540990.4329214104 8671876.758812884),dronbreen
dronbreen-20220328-DAT_0226_A1_1,1510.0,1507,168.6232147216797,540993.3812409233,8671881.066737656,471.38555908203125,2022-03-28 10:44:53+00:00,0,2022-05-03,100 MHz,20220328,0.0,168.1021270751953,169.144287109375,0.53028632353034,0.7725645446777343,11,3.382909312593153,0.6774139404296875,3.535508597021236,3.490582852310095,164.65205967528587,172.59435450928444,0.0,0.0,0.5299809572408547,0.6180290130615234,9.0,0.0,3.382909312593153,0.5645116170247396,0.0,0.0,0.0,0.0,0.0,0.0,certain_cold,302.76234436035156,302.76234436035156,POINT (540993.3812409233 8671881.066737656),dronbreen
dronbreen-20220328-DAT_0226_A1_1,1515.0,1512,168.31056213378906,540995.8474734984,8671885.049826989,471.1792755126953,2022-03-28 10:44:54.333333248+00:00,0,2022-05-03,100 MHz,20220328,0.0,167.99790954589844,168.9358673095703,0.49861967877349067,0.6180516357421875,11,3.3766756033585503,0.5645116170247396,3.4788790321763576,3.4596579426487954,164.5743716833836,172.35940517208516,0.0,0.0,0.5072963381423649,0.6180290130615234,9.0,0.0,3.3787534984941288,0.5645116170247396,0.0,0.0,0.0,0.0,0.0,0.0,certain_cold,302.86871337890625,302.86871337890625,POINT (540995.8474734984 8671885.049826989),dronbreen
dronbreen-20220328-DAT_0226_A1_1,1520.0,1516,168.1021270751953,540998.3924449179,8671889.59359758,470.93128967285156,2022-03-28 10:44:55.666666752+00:00,0,2022-05-03,100 MHz,20220328,0.0,167.78945922851562,168.6232147216797,0.5220347450438464,0.46356134948730465,11,3.372519836988664,0.4516092936197917,3.4340544738987915,3.4424353704897364,164.38683656284053,172.02583738735478,0.0,0.0,0.5359293759839102,0.6180516357421875,9.0,0.0,3.372519836988664,0.5645116170247396,0.0,0.0,0.0,0.0,0.0,0.0,certain_cold,302.82916259765625,302.82916259765625,POINT (540998.3924449179 8671889.59359758),dronbreen
dronbreen-20220328-DAT_0226_A1_1,1525.0,1520,167.89369201660156,541001.0388141252,8671893.954369787,470.6724548339844,2022-03-28 10:44:57+00:00,0,2022-05-03,100 MHz,20220328,0.0,167.6852569580078,168.41477966308594,0.5207050375840554,0.4635387268066406,11,3.3683641025854354,0.6774139404296875,3.46693445647941,3.4750395840105295,164.24945044799088,171.85058617310287,0.0,0.0,0.5415253954628352,0.6180516357421875,9.0,0.0,3.3683641025854354,0.5645116170247396,0.0,0.0,0.0,0.0,0.0,0.0,certain_cold,302.7787628173828,302.7787628173828,POINT (541001.0388141252 8671893.954369787),dronbreen
dronbreen-20220328-DAT_0226_A1_1,1530.0,1525,167.47682189941406,541003.7061999259,8671898.253759604,470.38665771484375,2022-03-28 10:44:58.333333248+00:00,0,2022-05-03,100 MHz,20220328,0.0,167.47682189941406,167.99790954589844,0.5619297299772977,0.4635387268066406,11,3.3600527301533862,0.6774139404296875,3.458859949079931,3.473414604899919,164.0491632238602,171.4255682214523,0.0,0.0,0.5941285407671033,0.6180516357421875,9.0,0.0,3.3621305611773713,0.5645116170247396,0.0,0.0,0.0,0.0,0.0,0.0,certain_cold,302.9098358154297,302.9098358154297,POINT (541003.7061999259 8671898.253759604),dronbreen
dronbreen-20220328-DAT_0226_A1_1,1535.0,1529,167.2683868408203,541006.4156454597,8671902.430374509,470.12062581380206,2022-03-28 10:44:59.666666752+00:00,0,2022-05-03,100 MHz,20220328,0.0,167.2683868408203,167.78945922851562,0.580765701638304,0.4635387268066406,11,3.3558970923632514,0.451592763264974,3.4177257744902443,3.435588758650379,163.88224134507365,171.17560472426229,0.0,0.0,0.6145955002898823,0.6180516357421875,9.0,0.0,3.3579749072103424,0.4516092936197917,0.0,0.0,0.0,0.0,0.0,0.0,certain_cold,302.85223897298175,302.85223897298175,POINT (541006.4156454597 8671902.430374509),dronbreen
dronbreen-20220328-DAT_0226_A1_1,1540.0,1534,167.05996704101562,541009.3730423842,8671906.915847074,469.8775198800223,2022-03-28 10:45:01.142856960+00:00,0,2022-05-03,100 MHz,20220328,0.0,167.05996704101562,167.3726043701172,0.6009831805750528,0.30902581787109373,11,3.351741791233043,0.4516092936197917,3.396118511667806,3.43501161170031,163.67793747444145,170.75463393669136,0.0,0.0,0.6334486615108789,0.46351610412597655,9.0,0.0,3.3538192856271594,0.4516092936197917,0.0,0.0,0.0,0.0,0.0,0.0,certain_cold,302.8175528390067,302.8175528390067,POINT (541009.3730423842 8671906.915847074),dronbreen
dronbreen-20220328-DAT_0226_A1_1,1545.0,1539,166.8515167236328,541012.040402791,8671910.944974631,469.6776885986328,2022-03-28 10:45:02.500000+00:00,0,2022-05-03,100 MHz,20220328,0.0,166.8515167236328,167.05996704101562,0.6076868765886844,0.15453553161621092,11,3.3475859142359123,0.4516258239746094,3.381446224413947,3.432139373342747,163.47360356043998,170.43788020420845,0.0,0.0,0.6482825780929471,0.3090484405517578,9.0,0.0,3.3496636965483493,0.4516092936197917,0.0,0.0,0.0,0.0,0.0,0.0,certain_cold,302.826171875,302.826171875,POINT (541012.040402791 8671910.944974631),dronbreen
dronbreen-20220328-DAT_0226_A1_1,1550.0,1543,166.64308166503906,541014.403908845,8671914.521768345,469.5163981119792,2022-03-28 10:45:03.666666752+00:00,0,2022-05-03,100 MHz,20220328,0.0,166.64308166503906,166.8515167236328,0.6438197341368104,0.15451290893554687,11,3.343430374140959,0.33870697021484375,3.36409323851587,3.4216593822974932,163.28253869129205,170.21205969737983,0.0,0.0,0.6873592113701334,0.30902581787109373,9.0,0.0,3.3455081400950375,0.4516092936197917,0.0,0.0,0.0,0.0,0.0,0.0,certain_cold,302.8733164469401,302.8733164469401,POINT (541014.403908845 8671914.521768345),dronbreen
dronbreen-20220328-DAT_0226_A1_1,1555.0,1547,166.5388641357422,541017.3009994753,8671918.828189677,469.3671875,2022-03-28 10:45:05+00:00,0,2022-05-03,100 MHz,20220328,0.0,166.4346466064453,166.74729919433594,0.680794397473376,0.30902581787109373,11,3.3413526163889493,0.4516092936197917,3.385865504895896,3.439777503380732,163.0629128890333,170.11903291174795,0.0,0.0,0.7220402231259428,0.30902581787109373,9.0,0.0,3.3413526163889493,0.5645116170247396,0.0,0.0,0.0,0.0,0.0,0.0,certain_cold,302.8283233642578,302.8283233642578,POINT (541017.3009994753 8671918.828189677),dronbreen
dronbreen-20220328-DAT_0226_A1_1,1560.0,1552,166.22621154785156,541020.3288146182,8671923.665866397,469.29779052734375,2022-03-28 10:45:06.333333248+00:00,0,2022-05-03,100 MHz,20220328,0.0,166.12200927734375,166.4346466064453,0.6609219547061411,0.30902581787109373,11,3.3351193924986315,0.451592763264974,3.379712168538119,3.4298360334375055,162.75645473372782,169.80020115006124,0.0,0.0,0.7051245732789359,0.3090031951904297,9.0,0.0,3.3351193924986315,0.451592763264974,0.0,0.0,0.0,0.0,0.0,0.0,certain_cold,303.0715789794922,303.0715789794922,POINT (541020.3288146182 8671923.665866397),dronbreen
dronbreen-20220328-DAT_0226_A1_1,1565.0,1555,166.12200927734375,541022.6118974128,8671927.364286667,469.0284423828125,2022-03-28 10:45:07.333333248+00:00,0,2022-05-03,100 MHz,20220328,0.0,165.91355895996094,166.33042907714844,0.6745231034989674,0.3090484405517578,11,3.3330419719134583,0.33870697021484375,3.3644319188856158,3.417436556157664,162.5633513248719,169.6806367122375,0.1042327880859375,0.0,0.7209896403464053,0.3090484405517578,9.0,0.0,3.3330419719134583,0.33870697021484375,0.0,0.0,0.0,0.0,0.0,0.0,certain_cold,302.90643310546875,302.90643310546875,POINT (541022.6118974128 8671927.364286667),dronbreen
dronbreen-20220328-DAT_0226_A1_1,1570.0,1559,165.91355895996094,541025.71793454,8671932.3594378,468.62770589192706,2022-03-28 10:45:08.666666752+00:00,0,2022-05-03,100 MHz,20220328,0.0,165.70513916015625,166.0177764892578,0.6555216396058053,0.3090031951904297,11,3.328886242980402,0.5645116170247396,3.390522077659716,3.4394571671197687,162.32872730961728,169.39418833979678,0.1042022705078125,0.0,0.7031979296615056,0.3090031951904297,9.0,0.0,3.328886242980402,0.5645116170247396,0.0,0.0,0.0,0.0,0.0,0.0,certain_cold,302.7141469319661,302.7141469319661,POINT (541025.71793454 8671932.3594378),dronbreen
dronbreen-20220328-DAT_0226_A1_1,1575.0,1563,165.60092163085938,541028.1567832578,8671936.186679564,468.3728561401367,2022-03-28 10:45:09.750000128+00:00,0,2022-05-03,100 MHz,20220328,0.0,165.39248657226562,165.80935668945312,0.6309601519194412,0.4635387268066406,11,3.322653472451801,0.6774139404296875,3.42254056161998,3.4492066418228253,162.001481449196,169.20036181252274,0.0,0.0,0.6733877403553594,0.4635387268066406,9.0,0.0,3.322653472451801,0.6774139404296875,0.0,0.0,0.0,0.0,0.0,0.0,certain_cold,302.77193450927734,302.77193450927734,POINT (541028.1567832578 8671936.186679564),dronbreen
dronbreen-20220328-DAT_0226_A1_1,1580.0,1568,165.2882537841797,541031.0254124294,8671940.585311007,468.1323649088542,2022-03-28 10:45:11.333333248+00:00,0,2022-05-03,100 MHz,20220328,0.0,165.079833984375,165.60092163085938,0.6135048835555508,0.4635387268066406,11,3.3164201687375736,0.5645116170247396,3.395906985271352,3.419605875464562,161.7157120928013,168.96504352243306,0.0,0.0,0.6403191845771827,0.4635387268066406,9.0,0.0,3.3164201687375736,0.5645116170247396,0.0,0.0,0.0,0.0,0.0,0.0,certain_cold,302.8441111246745,302.8441111246745,POINT (541031.0254124294 8671940.585311007),dronbreen
dronbreen-20220328-DAT_0226_A1_1,1585.0,1572,165.079833984375,541033.3157650727,8671944.252956675,467.9386393229167,2022-03-28 10:45:12.666666752+00:00,0,2022-05-03,100 MHz,20220328,0.0,164.76718139648438,165.39248657226562,0.6353256505773994,0.4635387268066406,11,3.3122651819145648,0.5644950866699219,3.3918466193870747,3.4195605010702184,161.40715828076063,168.75250968798937,0.0,0.0,0.642668921676914,0.4635387268066406,9.0,0.0,3.3122651819145648,0.5644950866699219,0.0,0.0,0.0,0.0,0.0,0.0,certain_cold,302.8588053385417,302.8588053385417,POINT (541033.3157650727 8671944.252956675),dronbreen
dronbreen-20220328-DAT_0226_A1_1,1590.0,1578,164.76718139648438,541036.1069354146,8671948.571700275,467.713134765625,2022-03-28 10:45:14.249999872+00:00,0,2022-05-03,100 MHz,20220328,0.0,164.35031127929688,165.079833984375,0.6404337822356103,0.4635387268066406,11,3.3060323086952423,0.6774139404296875,3.4064068201074855,3.434951921388985,160.97559065784904,168.45455460582284,0.104217529296875,0.0,0.6209418331541371,0.4635387268066406,9.0,0.0,3.3060323086952423,0.6774139404296875,0.0,0.0,0.0,0.0,0.0,0.0,certain_cold,302.9459533691406,302.9459533691406,POINT (541036.1069354146 8671948.571700275),dronbreen
dronbreen-20220328-DAT_0226_A1_1,1595.0,1583,164.45452880859375,541038.772553492,8671952.607480647,467.5095723470052,2022-03-28 10:45:15.666666752+00:00,0,2022-05-03,100 MHz,20220328,0.0,164.03765869140625,164.87139892578125,0.6374994006323803,0.4635387268066406,11,3.299799511828353,0.6774139404296875,3.4003580129452007,3.428406619810106,160.6690437735281,168.2400138436594,0.104217529296875,0.0,0.6121351603260183,0.4635387268066406,9.0,0.0,3.299799511828353,0.6774139404296875,0.0,0.0,0.0,0.0,0.0,0.0,certain_cold,303.05504353841144,303.05504353841144,POINT (541038.772553492 8671952.607480647),dronbreen
dronbreen-20220328-DAT_0226_A1_1,1600.0,1587,164.14187622070312,541041.5200709527,8671956.78533401,467.27996826171875,2022-03-28 10:45:17+00:00,0,2022-05-03,100 MHz,20220328,0.0,163.82923889160156,164.6629638671875,0.6237231037072871,0.6180742584228516,11,3.293566791747368,0.5645116170247396,3.3982747632264663,3.3993067068970384,160.48764412600582,168.00455863278324,0.104217529296875,0.0,0.6032012426643937,0.6180063903808594,9.0,0.0,3.293566791747368,0.5645116170247396,0.0,0.0,0.0,0.0,0.0,0.0,certain_cold,303.1380920410156,303.1380920410156,POINT (541041.5200709527 8671956.78533401),dronbreen
dronbreen-20220328-DAT_0226_A1_1,1605.0,1591,163.93344116210938,541044.3374244331,8671960.872278422,467.0375442504883,2022-03-28 10:45:18.249999872+00:00,0,2022-05-03,100 MHz,20220328,0.0,163.62078857421875,164.45452880859375,0.6323669717427399,0.6180516357421875,11,3.289411687901092,0.5645116170247396,3.394243721758912,3.3968795394019025,160.28328911830027,167.79202826451223,0.1042022705078125,0.0,0.6071854823435369,0.4635387268066406,9.0,0.0,3.289411687901092,0.5645116170247396,0.0,0.0,0.0,0.0,0.0,0.0,certain_cold,303.1041030883789,303.1041030883789,POINT (541044.3374244331 8671960.872278422),dronbreen
dronbreen-20220328-DAT_0226_A1_1,1610.0,1596,163.62078857421875,541047.2098428068,8671965.457158055,466.75177001953125,2022-03-28 10:45:19.666666752+00:00,0,2022-05-03,100 MHz,20220328,0.0,163.412353515625,164.03765869140625,0.6249849598467485,0.4635387268066406,11,3.2831790967688126,0.5645116170247396,3.3634515751627942,3.3894755563730214,160.08099668285917,167.36901552417208,0.0,0.0,0.5964107385789686,0.4635387268066406,9.0,0.0,3.2831790967688126,0.5645116170247396,0.0,0.0,0.0,0.0,0.0,0.0,certain_cold,303.1309814453125,303.1309814453125,POINT (541047.2098428068 8671965.457158055),dronbreen
dronbreen-20220328-DAT_0226_A1_1,1615.0,1600,163.412353515625,541049.7185447162,8671969.503681548,466.48797607421875,2022-03-28 10:45:21+00:00,0,2022-05-03,100 MHz,20220328,0.0,163.20391845703125,163.72500610351562,0.6155958119429202,0.6180516357421875,11,3.279024079296497,0.4516092936197917,3.367185425712935,3.36673552129829,159.89394113585666,167.0349834246902,0.0,0.0,0.5731938680182304,0.30902581787109373,9.0,0.0,3.279024079296497,0.4516092936197917,0.0,0.0,0.0,0.0,0.0,0.0,certain_cold,303.07562255859375,303.07562255859375,POINT (541049.7185447162 8671969.503681548),dronbreen
dronbreen-20220328-DAT_0226_A1_1,1620.0,1606,163.20391845703125,541052.5293451148,8671974.117707916,466.20423380533856,2022-03-28 10:45:22.666666752+00:00,0,2022-05-03,100 MHz,20220328,0.0,162.8912811279297,163.3081512451172,0.6241991839746498,0.46351610412597655,11,3.274869096603973,0.6774139404296875,3.376167120473203,3.401952655145985,159.54708357895322,166.65234879409365,0.20843505859375,0.0,0.5671088114967965,0.30902581787109373,9.0,0.0,3.274869096603973,0.6774139404296875,0.0,0.0,0.0,0.0,0.0,0.0,certain_cold,303.0003153483073,303.0003153483073,POINT (541052.5293451148 8671974.117707916),dronbreen
dronbreen-20220328-DAT_0226_A1_1,1625.0,1612,162.78704833984375,541055.2748806195,8671978.35756354,465.9549051920573,2022-03-28 10:45:24.333333248+00:00,0,2022-05-03,100 MHz,20220328,0.0,162.4744110107422,163.09970092773438,0.6471838392609587,0.6180516357421875,11,3.266559236089168,0.7902997334798177,3.4171582837295253,3.422547272634562,159.11361007768804,166.46050186078853,0.104217529296875,0.0,0.6011938576452851,0.3090484405517578,9.0,0.0,3.266559236089168,0.7902997334798177,0.0,0.0,0.0,0.0,0.0,0.0,certain_cold,303.16785685221356,303.16785685221356,POINT (541055.2748806195 8671978.35756354),dronbreen
dronbreen-20220328-DAT_0226_A1_1,1630.0,1617,162.4744110107422,541057.9087484396,8671982.487679092,465.7403041294643,2022-03-28 10:45:25.857143040+00:00,0,2022-05-03,100 MHz,20220328,0.0,162.26596069335938,162.8912811279297,0.6791984582035002,0.46356134948730465,11,3.2603272371519756,0.7902997334798177,3.3866202159072687,3.422808482471568,158.91121668493588,166.24602513635318,0.1042327880859375,0.0,0.6284356347616156,0.4635387268066406,9.0,0.0,3.2603272371519756,0.7902997334798177,0.0,0.0,0.0,0.0,0.0,0.0,certain_cold,303.2658931187221,303.2658931187221,POINT (541057.9087484396 8671982.487679092),dronbreen
dronbreen-20220328-DAT_0226_A1_1,1635.0,1622,162.0575408935547,541060.5928562352,8671986.645916717,465.5353495279948,2022-03-28 10:45:27.333333248+00:00,0,2022-05-03,100 MHz,20220328,0.0,161.95330810546875,162.78704833984375,0.7059963872746507,0.7725645446777343,11,3.2520176235971507,0.7903327941894532,3.4346907466977115,3.42033265174641,158.60663146292353,166.13372498238897,0.1042327880859375,0.0,0.668217731836424,0.4635387268066406,9.0,0.0,3.2520176235971507,0.7903327941894532,0.0,0.0,0.0,0.0,0.0,0.0,certain_cold,303.4778086344401,303.4778086344401,POINT (541060.5928562352 8671986.645916717),dronbreen
dronbreen-20220328-DAT_0226_A1_1,1640.0,1627,161.744873046875,541063.289642047,8671990.806763854,465.3172912597656,2022-03-28 10:45:28.750000128+00:00,0,2022-05-03,100 MHz,20220328,0.0,161.53643798828125,162.57862854003906,0.7191644271598495,0.9271000762939453,11,3.245785202809928,0.6774304707845054,3.4428982234436503,3.3928205226359025,158.2207127847206,165.8943537435997,0.1042022705078125,0.0,0.6873641276493903,0.6180516357421875,9.0,0.0,3.245785202809928,0.6774304707845054,0.0,0.0,0.0,0.0,0.0,0.0,certain_cold,303.5724182128906,303.5724182128906,POINT (541063.289642047 8671990.806763854),dronbreen
dronbreen-20220328-DAT_0226_A1_1,1645.0,1632,161.43222045898438,541066.1674859455,8671995.314313898,465.00335693359375,2022-03-28 10:45:30.333333248+00:00,0,2022-05-03,100 MHz,20220328,0.0,161.1195831298828,162.37017822265625,0.7732759955840947,0.9271000762939453,11,3.239553166862253,0.5644950866699219,3.416558791425368,3.378063822539223,157.83121584142464,165.65854551111443,0.1042022705078125,0.0,0.7571164378321874,0.9270548309326171,9.0,0.0,3.239553166862253,0.5644950866699219,0.0,0.0,0.0,0.0,0.0,0.0,certain_cold,303.5711364746094,303.5711364746094,POINT (541066.1674859455 8671995.314313898),dronbreen
dronbreen-20220328-DAT_0226_A1_1,1650.0,1636,161.2238006591797,541068.4647297473,8671999.168330079,464.68316650390625,2022-03-28 10:45:31.666666752+00:00,0,2022-05-03,100 MHz,20220328,0.0,160.8069305419922,162.26596069335938,0.8008787184249485,1.236103271484375,11,3.2353988254303925,0.4516092936197917,3.492808012395543,3.3635046061074627,157.54016509071164,165.53272614463992,0.104217529296875,0.0,0.7921734880467554,1.236103271484375,9.0,0.0,3.2353988254303925,0.4516092936197917,0.0,0.0,0.0,0.0,0.0,0.0,certain_cold,303.45936584472656,303.45936584472656,POINT (541068.4647297473 8671999.168330079),dronbreen
dronbreen-20220328-DAT_0226_A1_1,1655.0,1640,161.01535034179688,541070.7728391753,8672003.084711503,464.30377197265625,2022-03-28 10:45:33+00:00,0,2022-05-03,100 MHz,20220328,0.0,160.7027130126953,162.0575408935547,0.8129883828268526,1.2360806488037108,11,3.2312439119132796,0.5645116170247396,3.5053538985927686,3.379432007696551,157.42252847763748,165.33772542861252,0.2084197998046875,0.0,0.818027006458509,1.2360806488037108,9.0,0.0,3.2312439119132796,0.5645116170247396,0.0,0.0,0.0,0.0,0.0,0.0,certain_cold,303.2884216308594,303.2884216308594,POINT (541070.7728391753 8672003.084711503),dronbreen
dronbreen-20220328-DAT_0226_A1_1,1660.0,1645,160.7027130126953,541073.6399888196,8672007.731522463,463.875,2022-03-28 10:45:34.500000+00:00,0,2022-05-03,100 MHz,20220328,0.0,160.49427795410156,161.84910583496094,0.8381083589109386,1.0815903625488281,11,3.2250123701865525,0.6773974100748698,3.4683439494074015,3.400293760884317,157.1988914761551,165.1444923129074,0.20843505859375,0.0,0.8434509768337823,1.0815903625488281,9.0,0.0,3.2250123701865525,0.6773974100748698,0.0,0.0,0.0,0.0,0.0,0.0,certain_cold,303.1722869873047,303.1722869873047,POINT (541073.6399888196 8672007.731522463),dronbreen
dronbreen-20220328-DAT_0226_A1_1,1665.0,1650,160.3900604248047,541076.0564480386,8672011.759777062,463.56949615478516,2022-03-28 10:45:35.750000128+00:00,0,2022-05-03,100 MHz,20220328,0.0,160.18162536621094,161.53643798828125,0.8573277944662203,1.0815903625488281,11,3.218780606569668,0.6774139404296875,3.4625533861986852,3.399183605968026,156.89233391668606,164.82572943780613,0.20843505859375,0.0,0.8505760387601239,1.0815903625488281,9.0,0.0,3.218780606569668,0.6774139404296875,0.0,0.0,0.0,0.0,0.0,0.0,certain_cold,303.17943572998047,303.17943572998047,POINT (541076.0564480386 8672011.759777062),dronbreen
dronbreen-20220328-DAT_0226_A1_1,1670.0,1655,160.07740783691406,541079.0151532544,8672016.85912064,463.29514567057294,2022-03-28 10:45:37.333333248+00:00,0,2022-05-03,100 MHz,20220328,0.0,159.76475524902344,161.2238006591797,0.8909835357225245,1.2360806488037108,11,3.2125489256841346,0.5645116170247396,3.488128342824727,3.3812713033116384,156.50298518268366,164.48557072551947,0.312652587890625,0.0,0.8890739281440041,1.2360806488037108,9.0,0.0,3.2125489256841346,0.5645116170247396,0.0,0.0,0.0,0.0,0.0,0.0,certain_cold,303.2177378336589,303.2177378336589,POINT (541079.0151532544 8672016.85912064),dronbreen
dronbreen-20220328-DAT_0226_A1_1,1675.0,1659,159.8689727783203,541081.4905521247,8672021.152817793,462.9940185546875,2022-03-28 10:45:38.666666752+00:00,0,2022-05-03,100 MHz,20220328,0.0,159.5563201904297,161.01535034179688,0.8489908379816544,1.236103271484375,11,3.2083945179603655,0.5645116170247396,3.4843105553908917,3.3664898918028556,156.2986417611439,164.27302877108266,0.312652587890625,0.0,0.854640230051232,1.236103271484375,9.0,0.0,3.2083945179603655,0.5645116170247396,0.0,0.0,0.0,0.0,0.0,0.0,certain_cold,303.1250457763672,303.1250457763672,POINT (541081.4905521247 8672021.152817793),dronbreen
dronbreen-20220328-DAT_0226_A1_1,1680.0,1664,159.5563201904297,541083.9659355667,8672025.44651849,462.6264953613281,2022-03-28 10:45:40+00:00,0,2022-05-03,100 MHz,20220328,0.0,159.24366760253906,160.49427795410156,0.7975397953839166,1.3905935577392576,11,3.2021629760342254,0.7903162638346355,3.579413075462489,3.3933047678018733,155.94541844245944,163.79252711418118,0.312652587890625,0.0,0.8139597145918632,1.3905935577392576,9.0,0.0,3.2021629760342254,0.7903162638346355,0.0,0.0,0.0,0.0,0.0,0.0,certain_cold,303.07017517089844,303.07017517089844,POINT (541083.9659355667 8672025.44651849),dronbreen
dronbreen-20220328-DAT_0226_A1_1,1685.0,1668,159.1394500732422,541086.4923605848,8672029.7417849,462.32469685872394,2022-03-28 10:45:41.333333248+00:00,0,2022-05-03,100 MHz,20220328,0.0,158.9310302734375,160.07740783691406,0.7361210451669523,1.236103271484375,11,3.1938543842582394,0.7902997334798177,3.5147163177642406,3.371520975720237,155.64085102352058,163.36758708683098,0.2084197998046875,0.0,0.7517207306549551,1.236103271484375,9.0,0.0,3.1938543842582394,0.7902997334798177,0.0,0.0,0.0,0.0,0.0,0.0,certain_cold,303.18524678548175,303.18524678548175,POINT (541086.4923605848 8672029.7417849),dronbreen
dronbreen-20220328-DAT_0226_A1_1,1690.0,1672,158.82681274414062,541088.6646745305,8672033.498976048,462.09657287597656,2022-03-28 10:45:42.500000+00:00,0,2022-05-03,100 MHz,20220328,0.0,158.61837768554688,159.5563201904297,0.6807876872281952,0.7725645446777343,11,3.187623343273939,0.9032020568847656,3.4019953718132703,3.3823347571207836,155.30526486915414,162.86943300682242,0.20843505859375,0.0,0.696078333793675,0.7725645446777343,9.0,0.0,3.187623343273939,0.9032020568847656,0.0,0.0,0.0,0.0,0.0,0.0,certain_cold,303.26976013183594,303.26976013183594,POINT (541088.6646745305 8672033.498976048),dronbreen
dronbreen-20220328-DAT_0226_A1_1,1695.0,1677,158.30572509765625,541091.3267521538,8672037.953471819,461.9512023925781,2022-03-28 10:45:44+00:00,0,2022-05-03,100 MHz,20220328,0.0,158.2014923095703,158.82681274414062,0.622294373516369,0.7725645446777343,11,3.177237957641493,0.9032185872395834,3.3922707485556147,3.361234169635178,154.89836578220067,162.12993927151027,0.0,0.0,0.6381959964576484,0.6180290130615234,9.0,0.0,3.177237957641493,0.9032185872395834,0.0,0.0,0.0,0.0,0.0,0.0,certain_cold,303.6454772949219,303.6454772949219,POINT (541091.3267521538 8672037.953471819),dronbreen
dronbreen-20220328-DAT_0226_A1_1,1700.0,1682,157.99307250976562,541093.6942140382,8672042.013496852,461.65110560825894,2022-03-28 10:45:45.428571392+00:00,0,2022-05-03,100 MHz,20220328,0.0,157.78463745117188,158.40994262695312,0.6219801381638153,0.6180290130615234,11,3.1710068408047345,0.6774139404296875,3.3009292467583577,3.3016712924501097,154.54208073908202,161.65249933904298,0.20843505859375,0.0,0.6370161287584066,0.6180290130615234,9.0,0.0,3.1710068408047345,0.6774139404296875,0.0,0.0,0.0,0.0,0.0,0.0,certain_cold,303.6580330984933,303.6580330984933,POINT (541093.6942140382 8672042.013496852),dronbreen
dronbreen-20220328-DAT_0226_A1_1,1705.0,1687,157.680419921875,541096.3175582599,8672046.480112385,461.31585693359375,2022-03-28 10:45:47+00:00,0,2022-05-03,100 MHz,20220328,0.0,157.2635498046875,158.0972900390625,0.581108841875035,0.6180516357421875,11,3.1647758104951973,1.0161209106445312,3.3808719970132257,3.3743140224125483,153.93965034234742,161.42118950140258,0.4168701171875,0.0,0.6004453353838086,0.6180516357421875,9.0,0.0,3.1647758104951973,1.0161209106445312,0.0,0.0,0.0,0.0,0.0,0.0,certain_cold,303.63543701171875,303.63543701171875,POINT (541096.3175582599 8672046.480112385),dronbreen
dronbreen-20220328-DAT_0226_A1_1,1710.0,1693,157.05511474609375,541099.0348849121,8672051.215453286,460.95119222005206,2022-03-28 10:45:48.666666752+00:00,0,2022-05-03,100 MHz,20220328,0.0,156.63824462890625,157.680419921875,0.5650858574895495,0.7725645446777343,11,3.1523140115101906,1.1290232340494792,3.436369169032939,3.395747210338502,153.28984544568644,161.0288191050948,0.312652587890625,0.0,0.5755601177016337,0.7725645446777343,9.0,0.0,3.1523140115101906,1.1290232340494792,0.0,0.0,0.0,0.0,0.0,0.0,certain_cold,303.8960774739583,303.8960774739583,POINT (541099.0348849121 8672051.215453286),dronbreen
dronbreen-20220328-DAT_0226_A1_1,1715.0,1697,156.63824462890625,541101.2260294827,8672055.190351445,460.6534118652344,2022-03-28 10:45:50+00:00,0,2022-05-03,100 MHz,20220328,0.0,156.22137451171875,157.2635498046875,0.5638595809906044,0.7725645446777343,11,3.144006340987567,1.0161043802897136,3.3932432803303523,3.3518922433289635,152.9172492138806,160.56767510252564,0.312652587890625,0.0,0.5734572539784663,0.7725645446777343,9.0,0.0,3.144006340987567,1.0161043802897136,0.0,0.0,0.0,0.0,0.0,0.0,certain_cold,304.0151672363281,304.0151672363281,POINT (541101.2260294827 8672055.190351445),dronbreen
dronbreen-20220328-DAT_0226_A1_1,1720.0,1702,156.11717224121094,541103.7767839413,8672059.521843486,460.34631783621654,2022-03-28 10:45:51.428571392+00:00,0,2022-05-03,100 MHz,20220328,0.0,155.8045196533203,156.74246215820312,0.5601670191120987,0.9270548309326171,11,3.1336222789986623,1.1290067036946614,3.4574087672677294,3.3775778027641628,152.47371723882253,160.0732645727009,0.312652587890625,0.0,0.5660395168642709,0.9270548309326171,9.0,0.0,3.1336222789986623,1.1290067036946614,0.0,0.0,0.0,0.0,0.0,0.0,certain_cold,304.2291455950056,304.2291455950056,POINT (541103.7767839413 8672059.521843486),dronbreen
dronbreen-20220328-DAT_0226_A1_1,1725.0,1707,155.59608459472656,541106.1894025505,8672063.66967185,460.06131744384766,2022-03-28 10:45:52.750000128+00:00,0,2022-05-03,100 MHz,20220328,0.0,155.28343200683594,156.22137451171875,0.5804234046287171,0.6180516357421875,11,3.1232381619856855,1.1290232340494792,3.378061264090819,3.371379748433579,151.9623914952632,159.54241502329148,0.1042327880859375,0.0,0.5859452281879356,0.6180516357421875,9.0,0.0,3.1232381619856855,1.1290232340494792,0.0,0.0,0.0,0.0,0.0,0.0,certain_cold,304.4652328491211,304.4652328491211,POINT (541106.1894025505 8672063.66967185),dronbreen
dronbreen-20220328-DAT_0226_A1_1,1730.0,1712,155.0749969482422,541108.9920992806,8672068.640259739,459.7202860514323,2022-03-28 10:45:54.333333248+00:00,0,2022-05-03,100 MHz,20220328,0.0,154.86656188964844,155.8045196533203,0.6170388342977277,0.6180290130615234,11,3.112854296525767,0.7903162638346355,3.2705384158065267,3.270351447675305,151.65494832816873,159.01613321480002,0.0,0.0,0.6153318706395804,0.6180290130615234,9.0,0.0,3.112854296525767,0.7903162638346355,0.0,0.0,0.0,0.0,0.0,0.0,certain_cold,304.6452891031901,304.6452891031901,POINT (541108.9920992806 8672068.640259739),dronbreen
dronbreen-20220328-DAT_0226_A1_1,1735.0,1716,154.86656188964844,541111.1543587523,8672072.304137694,459.3598327636719,2022-03-28 10:45:55.666666752+00:00,0,2022-05-03,100 MHz,20220328,0.0,154.44969177246094,155.3876495361328,0.6155979255254451,0.7725871673583984,11,3.108700821341308,0.6774139404296875,3.2741107761441843,3.240659076362065,151.26803961622252,158.56930169237123,0.2084503173828125,0.0,0.6076855463544428,0.7725871673583984,9.0,0.0,3.108700821341308,0.6774139404296875,0.0,0.0,0.0,0.0,0.0,0.0,certain_cold,304.49327087402344,304.49327087402344,POINT (541111.1543587523 8672072.304137694),dronbreen
dronbreen-20220328-DAT_0226_A1_1,1740.0,1722,154.44969177246094,541113.9387039645,8672077.112453686,458.96399361746654,2022-03-28 10:45:57.428571392+00:00,0,2022-05-03,100 MHz,20220328,0.0,154.03282165527344,154.76234436035156,0.5873597581653486,0.6180516357421875,11,3.100393993582634,0.7903162638346355,3.258685400091332,3.2530038730128905,150.83328376483914,157.96188225078586,0.2084503173828125,0.0,0.5742459562796736,0.6180516357421875,9.0,0.0,3.100393993582634,0.7903162638346355,0.0,0.0,0.0,0.0,0.0,0.0,certain_cold,304.5143018450056,304.5143018450056,POINT (541113.9387039645 8672077.112453686),dronbreen
dronbreen-20220328-DAT_0226_A1_1,1745.0,1727,154.1370391845703,541116.4048852805,8672081.521140372,458.62860107421875,2022-03-28 10:45:59+00:00,0,2022-05-03,100 MHz,20220328,0.0,153.61595153808594,154.24124145507812,0.5727216662356363,0.46351610412597655,11,3.0941639806956425,0.7903162638346355,3.2269641639007958,3.2444507460110352,150.42245024071406,157.43474275245,0.20843505859375,0.0,0.5376160316768102,0.46351610412597655,9.0,0.0,3.0941639806956425,0.7903162638346355,0.0,0.0,0.0,0.0,0.0,0.0,certain_cold,304.49156188964844,304.49156188964844,POINT (541116.4048852805 8672081.521140372),dronbreen
dronbreen-20220328-DAT_0226_A1_1,1750.0,1732,153.7201690673828,541118.6540627559,8672085.683937106,458.31468200683594,2022-03-28 10:46:00.500000+00:00,0,2022-05-03,100 MHz,20220328,0.0,153.19908142089844,153.7201690673828,0.5431686889931757,0.30902581787109373,11,3.0858574418209765,1.0161209106445312,3.263512649339952,3.2939414203949555,149.95023272385345,156.9690177644278,0.104217529296875,0.0,0.5019179879788391,0.30902581787109373,9.0,0.0,3.0858574418209765,0.9032020568847656,0.0,0.0,0.0,0.0,0.0,0.0,certain_cold,304.5945129394531,304.5945129394531,POINT (541118.6540627559 8672085.683937106),dronbreen
dronbreen-20220328-DAT_0226_A1_1,1755.0,1737,153.19908142089844,541120.8706169601,8672089.659646848,458.0263671875,2022-03-28 10:46:02+00:00,0,2022-05-03,100 MHz,20220328,0.0,152.78221130371094,153.4075164794922,0.5293593959400246,0.3090031951904297,11,3.0754745031105086,1.1290232340494792,3.2907020310177386,3.3186530780387944,149.50604939038823,156.6836783928149,0.0,0.0,0.4998093145997622,0.30902581787109373,9.0,0.0,3.0775513738983196,1.0161209106445312,0.0,0.0,0.0,0.0,0.0,0.0,certain_cold,304.82728576660156,304.82728576660156,POINT (541120.8706169601 8672089.659646848),dronbreen
dronbreen-20220328-DAT_0226_A1_1,1760.0,1743,152.67799377441406,541123.6182527624,8672094.442493629,457.71202087402344,2022-03-28 10:46:03.750000128+00:00,0,2022-05-03,100 MHz,20220328,0.0,152.4695587158203,152.9906463623047,0.50000476892033,0.4635387268066406,11,3.0650918278563872,0.9032185872395834,3.2288480733500915,3.234284541976811,149.2741570619547,156.1860480161703,0.0,0.0,0.4625009618499338,0.4635387268066406,9.0,0.0,3.0671683417022795,1.016137440999349,0.0,0.0,0.0,0.0,0.0,0.0,certain_cold,305.0340270996094,305.0340270996094,POINT (541123.6182527624 8672094.442493629),dronbreen
dronbreen-20220328-DAT_0226_A1_1,1765.0,1748,152.36534118652344,541126.2576203645,8672099.00492684,457.45261637369794,2022-03-28 10:46:05.333333248+00:00,0,2022-05-03,100 MHz,20220328,0.0,152.1569061279297,152.67799377441406,0.4553605892845186,0.4635387268066406,11,3.0588623502789853,0.6773974100748698,3.1670766142264286,3.165889984728459,149.02393531269212,155.81096458965163,0.0,0.0,0.4289986758420183,0.30902581787109373,9.0,0.0,3.0588623502789853,0.7902997334798177,0.0,0.0,0.0,0.0,0.0,0.0,certain_cold,305.0872751871745,305.0872751871745,POINT (541126.2576203645 8672099.00492684),dronbreen
dronbreen-20220328-DAT_0226_A1_1,1770.0,1752,152.05270385742188,541128.7071755436,8672103.2979301,457.1382242838542,2022-03-28 10:46:06.666666752+00:00,0,2022-05-03,100 MHz,20220328,0.0,151.94847106933594,152.26112365722656,0.4241480066411441,0.3090031951904297,11,3.0526332731170203,0.6774139404296875,3.142123887033658,3.155528652756502,148.82157811516728,155.38801661139522,0.0,0.0,0.3899433997551461,0.30902581787109373,9.0,0.0,3.0526332731170203,0.6774139404296875,0.0,0.0,0.0,0.0,0.0,0.0,certain_cold,305.0855204264323,305.0855204264323,POINT (541128.7071755436 8672103.2979301),dronbreen
dronbreen-20220328-DAT_0226_A1_1,1775.0,1756,151.7400360107422,541130.7907152496,8672107.130022392,456.8395004272461,2022-03-28 10:46:07.750000128+00:00,0,2022-05-03,100 MHz,20220328,0.0,151.63583374023438,151.84425354003906,0.3838188368749883,0.15451290893554687,11,3.04640368490726,0.6774304707845054,3.1246378499262235,3.144328919452276,148.51501854958886,154.96506873068458,0.0,0.0,0.36143710637058124,0.3090031951904297,9.0,0.0,3.04640368490726,0.6774304707845054,0.0,0.0,0.0,0.0,0.0,0.0,certain_cold,305.0994644165039,305.0994644165039,POINT (541130.7907152496 8672107.130022392),dronbreen
dronbreen-20220328-DAT_0226_A1_1,1780.0,1761,151.42738342285156,541133.1599907643,8672111.436088106,456.4799499511719,2022-03-28 10:46:09+00:00,0,2022-05-03,100 MHz,20220328,0.0,151.21896362304688,151.5316162109375,0.38943597167398686,0.3090031951904297,11,3.040174498300471,0.6773974100748698,3.130017764475236,3.1389789115771904,148.104235989482,154.64634384450238,0.1042022705078125,0.0,0.362685092219358,0.3090031951904297,9.0,0.0,3.040174498300471,0.5644950866699219,0.0,0.0,0.0,0.0,0.0,0.0,certain_cold,305.0525665283203,305.0525665283203,POINT (541133.1599907643 8672111.436088106),dronbreen
dronbreen-20220328-DAT_0226_A1_1,1785.0,1765,151.11474609375,541135.631233314,8672115.853832224,456.1137186686198,2022-03-28 10:46:10.333333248+00:00,0,2022-05-03,100 MHz,20220328,0.0,150.90631103515625,151.21896362304688,0.3527149347619401,0.3090031951904297,11,3.033945713883393,0.6773974100748698,3.123968120932966,3.1285942004631524,147.79766280063893,154.3276118575642,0.1042327880859375,0.0,0.33365412792099286,0.3090031951904297,9.0,0.0,3.036022065745134,0.5644950866699219,0.0,0.0,0.0,0.0,0.0,0.0,certain_cold,304.9989725748698,304.9989725748698,POINT (541135.631233314 8672115.853832224),dronbreen
dronbreen-20220328-DAT_0226_A1_1,1790.0,1769,150.80209350585938,541138.0788332281,8672120.208825693,455.7352701822917,2022-03-28 10:46:11.666666752+00:00,0,2022-05-03,100 MHz,20220328,0.0,150.4894256591797,151.01051330566406,0.38227450200224794,0.15451290893554687,11,3.0277167242494767,0.7903162638346355,3.1329766354394097,3.152427977617028,147.36026149615125,154.1396774686925,0.0,0.0,0.3473930995481695,0.15451290893554687,9.0,0.0,3.0297930431129663,0.7903327941894532,0.0,0.0,0.0,0.0,0.0,0.0,certain_cold,304.9331766764323,304.9331766764323,POINT (541138.0788332281 8672120.208825693),dronbreen
dronbreen-20220328-DAT_0226_A1_1,1795.0,1775,150.38522338867188,541140.9572689646,8672125.30586635,455.2369613647461,2022-03-28 10:46:13.249999872+00:00,0,2022-05-03,100 MHz,20220328,0.0,150.17678833007812,150.4894256591797,0.3612900270064397,0.3090484405517578,11,3.0194115594705364,0.7903162638346355,3.1363923384923176,3.1419701535756426,147.0556593736994,153.6105546155584,0.104217529296875,0.0,0.32121690443395473,0.3090484405517578,9.0,0.0,3.0214875300242277,0.9032185872395834,0.0,0.0,0.0,0.0,0.0,0.0,certain_cold,304.8517379760742,304.8517379760742,POINT (541140.9572689646 8672125.30586635),dronbreen
dronbreen-20220328-DAT_0226_A1_1,1800.0,1779,150.07257080078125,541142.9267117322,8672128.793318978,454.9010823567708,2022-03-28 10:46:14.333333248+00:00,0,2022-05-03,100 MHz,20220328,0.0,149.8641357421875,150.17678833007812,0.3939708302049772,0.30902581787109373,11,3.0131828027357055,0.7903162638346355,3.1303941214637234,3.1399177401065996,146.7490321484713,153.29189192379434,0.20843505859375,0.0,0.34345777166230124,0.46351610412597655,9.0,0.0,3.0131828027357055,0.9032020568847656,0.0,0.0,0.0,0.0,0.0,0.0,certain_cold,304.82851155598956,304.82851155598956,POINT (541142.9267117322 8672128.793318978),dronbreen
dronbreen-20220328-DAT_0226_A1_1,1805.0,1784,149.65570068359375,541145.9622865475,8672133.972718282,454.5205535888672,2022-03-28 10:46:16+00:00,0,2022-05-03,100 MHz,20220328,0.0,149.447265625,149.8641357421875,0.4046100758006106,0.4635387268066406,11,3.004877950739258,0.7902997334798177,3.1414540134827305,3.133300892192866,146.3401986531474,152.9712027140401,0.104217529296875,0.0,0.34565044125561567,0.4635387268066406,9.0,0.0,3.004877950739258,0.7902997334798177,0.0,0.0,0.0,0.0,0.0,0.0,certain_cold,304.86485290527344,304.86485290527344,POINT (541145.9622865475 8672133.972718282),dronbreen
dronbreen-20220328-DAT_0226_A1_1,1810.0,1788,149.3430633544922,541148.2049311608,8672137.716659252,454.27262115478516,2022-03-28 10:46:17.249999872+00:00,0,2022-05-03,100 MHz,20220328,0.0,149.13461303710938,149.55148315429688,0.4065559263134293,0.4635387268066406,11,2.998649734270668,0.7903162638346355,3.135501264068093,3.127584970379487,146.0335648230819,152.65253136832436,0.1042327880859375,0.0,0.34213765841250027,0.4635387268066406,9.0,0.0,2.998649734270668,0.7903162638346355,0.0,0.0,0.0,0.0,0.0,0.0,certain_cold,304.92955780029297,304.92955780029297,POINT (541148.2049311608 8672137.716659252),dronbreen
dronbreen-20220328-DAT_0226_A1_1,1815.0,1793,148.92617797851562,541150.6049591552,8672141.744560322,453.9568684895833,2022-03-28 10:46:18.666666752+00:00,0,2022-05-03,100 MHz,20220328,0.0,148.71774291992188,149.23883056640625,0.43110179105239466,0.46356134948730465,9,2.990344895645886,0.9032185872395834,3.1579828270573236,3.1533815445484956,145.59396853446276,152.36260495186536,0.20843505859375,0.0,0.37782062901642,0.4635387268066406,7.0,0.0,2.990344895645886,0.9032185872395834,0.0,0.0,0.0,0.0,0.0,0.0,certain_cold,305.0306905110677,305.0306905110677,POINT (541150.6049591552 8672141.744560322),dronbreen
dronbreen-20220328-DAT_0226_A1_1,1820.0,1799,148.5093231201172,541153.4802331136,8672146.732980127,453.5760091145833,2022-03-28 10:46:20.333333248+00:00,0,2022-05-03,100 MHz,20220328,0.0,148.4051055908203,148.8219757080078,0.43839090423511085,0.3090484405517578,9,2.982040848385238,0.6774139404296875,3.07359206901861,3.089278856471637,145.34709034100115,151.87999095782698,0.104217529296875,0.0,0.38393192386579905,0.46351610412597655,7.0,0.0,2.982040848385238,0.6774139404296875,0.0,0.0,0.0,0.0,0.0,0.0,certain_cold,305.0666859944661,305.0666859944661,POINT (541153.4802331136 8672146.732980127),dronbreen
dronbreen-20220328-DAT_0226_A1_1,1825.0,1803,148.30087280273438,541155.8204177615,8672150.836599872,453.23692830403644,2022-03-28 10:46:21.666666752+00:00,0,2022-05-03,100 MHz,20220328,0.0,147.9882354736328,148.5093231201172,0.4886219190766257,0.38628227233886714,8,2.97788843807506,0.5645116170247396,3.0554389061639387,3.070056073621316,144.95731269081946,151.54024590293054,0.2084197998046875,0.0,0.4405134965026367,0.540783869934082,6.0,0.0,2.97788843807506,0.5645116170247396,0.0,0.0,0.0,0.0,0.0,0.0,certain_cold,304.93605550130206,304.93605550130206,POINT (541155.8204177615 8672150.836599872),dronbreen
dronbreen-20220328-DAT_0226_A1_1,1830.0,1807,147.9882354736328,541158.1204062218,8672155.001023967,452.8948669433594,2022-03-28 10:46:23+00:00,0,2022-05-03,100 MHz,20220328,0.0,147.6755828857422,148.1966552734375,0.5225686961011572,0.4635387268066406,8,2.971660669632345,0.6773974100748698,3.0829373230517385,3.0923635667173355,144.6276927324368,151.2445454267429,0.1042327880859375,0.0,0.4726266354814811,0.4635387268066406,6.0,0.0,2.971660669632345,0.6773974100748698,0.0,0.0,0.0,0.0,0.0,0.0,certain_cold,304.90663146972656,304.90663146972656,POINT (541158.1204062218 8672155.001023967),dronbreen
dronbreen-20220328-DAT_0226_A1_1,1835.0,1812,147.6755828857422,541160.9620699135,8672159.833356248,452.4880828857422,2022-03-28 10:46:24.500000+00:00,0,2022-05-03,100 MHz,20220328,0.0,147.36293029785156,147.77980041503906,0.661321962897434,0.6952967788696288,10,2.9654327023652867,0.6774139404296875,3.120275367600181,3.1128808999954494,144.32110835057293,150.8216223623177,0.0,0.0,0.46334089127259465,0.30902581787109373,6.0,0.0,2.9654327023652867,0.6774139404296875,0.0,0.0,0.0,0.0,0.0,0.0,certain_cold,304.8125,304.8125,POINT (541160.9620699135 8672159.833356248),dronbreen
dronbreen-20220328-DAT_0226_A1_1,1840.0,1816,147.36293029785156,541163.210530533,8672163.593011634,452.17877197265625,2022-03-28 10:46:25.666666752+00:00,0,2022-05-03,100 MHz,20220328,0.0,147.05027770996094,148.0924530029297,0.7144762310699212,0.7725645446777343,9,2.9592048408969234,0.6774139404296875,3.1325131943488085,3.1186951152429345,144.0145269070991,151.12820380579151,0.0,0.0,0.5679616310619278,0.4635387268066406,5.0,0.0,2.9592048408969234,0.6774139404296875,0.0,0.0,0.0,0.0,0.0,0.0,certain_cold,304.8158416748047,304.8158416748047,POINT (541163.210530533 8672163.593011634),dronbreen
dronbreen-20220328-DAT_0226_A1_1,1845.0,1820,147.05027770996094,541165.6981321694,8672167.887255074,451.8280334472656,2022-03-28 10:46:27+00:00,0,2022-05-03,100 MHz,20220328,0.0,146.8418426513672,147.9882354736328,0.7295204344391867,0.7725645446777343,9,2.9529770858966473,0.6774139404296875,3.126630661304953,3.1162739579156824,143.81216225295563,151.01791587204437,0.0,0.0,0.6049957547092408,0.4635387268066406,5.0,0.0,2.9529770858966473,0.6774139404296875,0.0,0.0,0.0,0.0,0.0,0.0,certain_cold,304.7777557373047,304.7777557373047,POINT (541165.6981321694 8672167.887255074),dronbreen
dronbreen-20220328-DAT_0226_A1_1,1850.0,1825,146.7376251220703,541168.3951105309,8672172.43603573,451.57861328125,2022-03-28 10:46:28.500000+00:00,0,2022-05-03,100 MHz,20220328,0.0,146.3207550048828,146.946044921875,0.6721788447090198,0.9270548309326171,11,2.9467494380394976,0.7903162638346355,3.188630224253533,3.1240608903704143,143.2698646352583,149.9969352914995,0.4168701171875,0.0,2.026211089853112,1.0043339080810547,6.0,1.0,2.9467494380394976,0.9032185872395834,0.0,0.0,0.0,0.0,0.0,0.0,certain_cold,304.8409881591797,304.8409881591797,POINT (541168.3951105309 8672172.43603573),dronbreen
dronbreen-20220328-DAT_0226_A1_1,1855.0,1831,146.3207550048828,541171.0920720027,8672176.984822309,451.35040283203125,2022-03-28 10:46:30+00:00,0,2022-05-03,100 MHz,20220328,0.104217529296875,146.21653747558594,146.7376251220703,0.617356146755969,0.38628227233886714,12,2.9384460754078128,0.7903162638346355,3.0672918232350166,3.104866139932363,143.17366627637932,149.78049632127693,0.729522705078125,0.0,4.3049193407229005,1.0815903625488281,7.0,2.0,2.9363702648916354,4.403174082438151,1.0815903625488281,4.3049193407229005,0.729522705078125,0.0,0.0007122539061078327,0.02942111213531698,certain_cold,305.02964782714844,305.1338653564453,POINT (541171.0920720027 8672176.984822309),dronbreen
dronbreen-20220328-DAT_0226_A1_1,1860.0,1835,146.0081024169922,541173.5668559475,8672181.278689168,451.056640625,2022-03-28 10:46:31.333333248+00:00,0,2022-05-03,100 MHz,20220328,3.3349456787109375,146.0081024169922,146.63340759277344,0.6319023986858389,0.4635387268066406,11,2.932218680208615,0.5644950866699219,3.021825481838479,3.0521896620137734,143.02204128375348,149.61946872601214,3.4391632080078125,0.0,5.139759752118124,4.789877554321289,9.0,5.0,2.8658003875822313,6.887008666992188,8.864909882569753,9.058743320692189,10.898633714732256,0.0,0.022840826115159633,0.03520188035482589,uncertain_temperate,305.0485382080078,308.38348388671875,POINT (541173.5668559475 8672181.278689168),dronbreen
dronbreen-20220328-DAT_0226_A1_1,1865.0,1839,145.7996826171875,541176.041624418,8672185.572561063,450.71990966796875,2022-03-28 10:46:32.666666752+00:00,0,2022-05-03,100 MHz,20220328,5.9403839111328125,145.7996826171875,146.52920532226562,0.6370349849912642,0.6180516357421875,11,2.928067448080567,0.4516092936197917,3.026469520586058,3.0304031921009504,142.83699297184953,149.4918949676036,10.10906982421875,0.0,7.134685589972883,7.725622824096679,9.0,5.0,2.8097703418286293,6.887008666992188,10.724315631929565,10.30676652596788,17.547194436850987,0.0,0.04074346256795304,0.04893484993863639,uncertain_temperate,304.92022705078125,310.86061096191406,POINT (541176.041624418 8672185.572561063),dronbreen
dronbreen-20220328-DAT_0226_A1_1,1870.0,1844,145.5912322998047,541178.4780871046,8672189.865264673,450.3487548828125,2022-03-28 10:46:34+00:00,0,2022-05-03,100 MHz,20220328,9.275314331054688,145.4870147705078,146.3207550048828,0.6096340810502086,0.6180516357421875,11,2.9239156569624707,0.5645116170247396,3.0413720520892795,3.0396726546725548,142.5091033992971,149.29866637609354,17.091583251953125,0.104217529296875,9.582451955902627,12.901760028076172,10.0,6.0,2.7392283213827193,8.354738871256512,15.612829507351119,13.004938250169888,25.883911351128546,0.0,0.06370791828971373,0.06581750703346084,uncertain_temperate,304.7575225830078,314.0328369140625,POINT (541178.4780871046 8672189.865264673),dronbreen
dronbreen-20220328-DAT_0226_A1_1,1875.0,1849,145.27859497070312,541181.0981690657,8672194.59781418,449.91758510044644,2022-03-28 10:46:35.428571392+00:00,0,2022-05-03,100 MHz,20220328,13.131362915039062,145.27859497070312,146.21653747558594,0.6009860671536846,0.46351610412597655,11,2.917688822109829,0.5645116170247396,3.0077281471576933,3.0319574009760397,142.3067972944774,149.18833515181166,24.074142456054688,0.0,14.202999447325483,18.695994113159177,11.0,7.0,2.6562598472268126,8.128917694091797,20.559066494677978,16.57890866595374,32.62604395533005,0.0,0.09038745809516627,0.09776388221671375,uncertain_temperate,304.6389901297433,317.7703530447824,POINT (541181.0981690657 8672194.59781418),dronbreen
dronbreen-20220328-DAT_0226_A1_1,1880.0,1853,145.0701446533203,541183.3325046314,8672198.6362148,449.56935628255206,2022-03-28 10:46:36.666666752+00:00,0,2022-05-03,100 MHz,20220328,16.257843017578125,145.0701446533203,146.11233520507812,0.599179739419516,0.4635387268066406,11,2.9135371540267183,0.4516092936197917,2.984546507130924,3.0085986874471504,142.12181466806123,149.0606651903372,29.701858520507812,10.421707153320312,15.071914011726918,22.01798772125244,10.0,7.0,2.589904172180695,8.128934224446615,23.613109887087756,17.31905791962567,38.233398548337405,1.8901671254907342,0.11206884129350057,0.10389397520588987,certain_temperate,304.49921162923175,320.7570546468099,POINT (541183.3325046314 8672198.6362148),dronbreen
dronbreen-20220328-DAT_0226_A1_1,1885.0,1858,144.86172485351562,541185.7376986088,8672203.11406964,449.2424621582031,2022-03-28 10:46:38+00:00,0,2022-05-03,100 MHz,20220328,20.218124389648438,144.86172485351562,145.7996826171875,0.5742710727239443,0.46351610412597655,11,2.909386143332347,0.4516092936197917,2.980490876329293,2.999710977755281,141.91749682479605,148.74391064590708,34.600067138671875,12.506057739257812,15.82510209552294,23.33134744720459,10.0,7.0,2.506984414518459,8.128942489624023,24.833776405461037,17.966594924692263,43.10681016137177,3.999314716557933,0.1395684361075573,0.10924281145710024,certain_temperate,304.3807373046875,324.59886169433594,POINT (541185.7376986088 8672203.11406964),dronbreen
dronbreen-20220328-DAT_0226_A1_1,1890.0,1862,144.6532745361328,541188.2199744679,8672207.16007119,449.0131022135417,2022-03-28 10:46:39.333333248+00:00,0,2022-05-03,100 MHz,20220328,23.34461212158203,144.6532745361328,145.4870147705078,0.5652606911872682,0.4635387268066406,11,2.905234574627378,0.4516092936197917,2.9764420100085287,2.993970363362937,141.71314887764572,148.4271404289949,35.850669860839844,14.069305419921875,16.20498237844611,20.704639306640622,10.0,7.0,2.4406713483635967,8.128925959269207,22.37673798166506,18.293107110815065,44.33809078135532,5.581884499406385,0.16138322617612644,0.11202637776719174,certain_temperate,304.3598276774089,327.7044397989909,POINT (541188.2199744679 8672207.16007119),dronbreen
dronbreen-20220328-DAT_0226_A1_1,1895.0,1867,144.44485473632812,541190.851420834,8672211.698035281,448.70533970424106,2022-03-28 10:46:40.857143040+00:00,0,2022-05-03,100 MHz,20220328,27.30487823486328,144.44485473632812,145.0701446533203,0.5424362177171751,0.3090031951904297,11,2.9010836637228468,0.4516092936197917,2.9522398873806375,2.9857117121876753,141.50883065979139,148.00616872985705,37.518150329589844,16.153656005859375,16.815697139430558,17.459885186004637,10.0,7.0,2.357810348163205,9.03213628133138,19.798645058460753,19.23295156047301,46.85296449177048,6.81884184367874,0.18903323544965328,0.11641603413376124,certain_temperate,304.26048496791293,331.5653632027762,POINT (541190.851420834 8672211.698035281),dronbreen
dronbreen-20220328-DAT_0226_A1_1,1900.0,1872,144.2364044189453,541193.280845697,8672215.859844437,448.41380310058594,2022-03-28 10:46:42.249999872+00:00,0,2022-05-03,100 MHz,20220328,31.265098571777344,144.1322021484375,144.75750732421875,0.5578731207571546,0.4635387268066406,11,2.8969321952510763,0.4516092936197917,2.968338802969686,2.9845250069029934,141.20028006591792,147.68942940673833,39.18560791015625,18.133750915527344,17.553240880498514,15.5284907913208,10.0,7.0,2.2749871159911534,9.032152811686199,18.107715953363957,19.871376806864212,48.49986315636765,8.819495669315927,0.21676288103359503,0.12169771529740735,certain_temperate,304.1773986816406,335.44249725341797,POINT (541193.280845697 8672215.859844437),dronbreen
dronbreen-20220328-DAT_0226_A1_1,1905.0,1877,144.02798461914062,541195.9133370476,8672220.422219142,448.0809733072917,2022-03-28 10:46:43.666666752+00:00,0,2022-05-03,100 MHz,20220328,35.225379943847656,143.92376708984375,144.44485473632812,0.559993822105631,0.30902581787109373,11,2.892781384996205,0.33869043986002606,2.928889262424245,2.9658874618281814,141.01122604198997,147.3573957841819,40.64466094970703,20.218109130859375,18.387297106109887,11.588411613464356,10.0,7.0,2.1922049889668695,7.22572390238444,13.83141830580713,19.877362589023175,48.195611130124135,12.667158950442285,0.24457316428467452,0.12766475317093554,certain_temperate,304.05298868815106,339.2783686319987,POINT (541195.9133370476 8672220.422219142),dronbreen
dronbreen-20220328-DAT_0226_A1_1,1910.0,1881,143.92376708984375,541198.3043093242,8672224.52747647,447.7723388671875,2022-03-28 10:46:45+00:00,0,2022-05-03,100 MHz,20220328,37.62236022949219,143.71531677246094,144.2364044189453,0.5652582104079958,0.3090484405517578,11,2.890705846905326,0.22580464680989584,2.915935350871321,2.9540962875788646,140.81580508394276,147.1359161074635,41.791046142578125,21.885581970214844,19.12845754432123,9.502509965515136,10.0,7.0,2.142558199955371,3.3870366414388022,10.31311148467617,19.543808760718694,45.79886011663494,17.877767996158028,0.2614047769192048,0.13290687098525136,certain_temperate,303.84857177734375,341.47093200683594,POINT (541198.3043093242 8672224.52747647),dronbreen
dronbreen-20220328-DAT_0226_A1_1,1915.0,1885,143.81954956054688,541200.6467954613,8672228.755316293,447.425053914388,2022-03-28 10:46:46.333333248+00:00,0,2022-05-03,100 MHz,20220328,38.14344024658203,143.50689697265625,144.1322021484375,0.5573425924115184,0.4635387268066406,11,2.8886303215052354,0.33870697021484375,2.9451274500844744,2.961340627369224,140.59847686098195,147.0406222601118,42.93742370605469,23.553054809570312,19.847231106553327,9.425247855377197,10.0,7.0,2.1301492980293233,2.4838428497314458,9.977089178179641,20.115158312352275,46.20958069098937,20.28089782463563,0.2652173530172541,0.1380009266278351,certain_temperate,303.6055043538411,341.74894460042316,POINT (541200.6467954613 8672228.755316293),dronbreen
dronbreen-20220328-DAT_0226_A1_1,1920.0,1889,143.61111450195312,541203.0523976345,8672232.799000522,447.0886484781901,2022-03-28 10:46:47.666666752+00:00,0,2022-05-03,100 MHz,20220328,39.60248565673828,143.40267944335938,144.02798461914062,0.5638571196970493,0.46356134948730465,11,2.884479308887002,0.33870697021484375,2.941059744345199,2.958526347102964,140.49838205929737,146.93228200320263,43.97959899902344,24.907875061035156,20.39558755569052,9.038971238708495,10.0,7.0,2.09706412627384,5.306392669677735,10.689175934968684,21.17865606822945,49.68534006522283,19.202133994835762,0.27576198258805157,0.1420195618314287,certain_temperate,303.477533976237,343.0800196329753,POINT (541203.0523976345 8672232.799000522),dronbreen
dronbreen-20220328-DAT_0226_A1_1,1925.0,1895,143.50689697265625,541206.0721436223,8672237.85400136,446.63270060221356,2022-03-28 10:46:49.333333248+00:00,0,2022-05-03,100 MHz,20220328,42.72899627685547,143.19424438476562,143.92376708984375,0.5299186770014535,0.4635387268066406,11,2.882403821723846,0.22580464680989584,2.928157728207054,2.9393967636649774,140.3030094358192,146.81500203879017,45.647071838378906,27.200653076171875,21.119656742952255,7.957375220489501,10.0,7.0,2.0329864995766878,4.4031823476155605,9.318844847591073,21.669355085787465,50.49692223749581,22.350802677054972,0.2977487297004062,0.1471682350359536,certain_temperate,303.1258036295573,345.8547999064128,POINT (541206.0721436223 8672237.85400136),dronbreen
dronbreen-20220328-DAT_0226_A1_1,1930.0,1899,143.40267944335938,541208.0943998707,8672241.482748676,446.29840087890625,2022-03-28 10:46:50.500000+00:00,0,2022-05-03,100 MHz,20220328,43.458526611328125,143.19424438476562,143.81954956054688,0.5278600435127804,0.4635387268066406,11,2.8803283473614525,0.33870697021484375,2.936985180680283,2.9478212336950467,140.29406959688023,146.71972434843227,46.58502197265625,28.763916015625,21.522902162862323,7.493836493682861,10.0,7.0,2.016455671252152,1.919331232706706,7.994217363133269,21.702194436671885,49.36889083719862,25.98004715108263,0.30305240306540576,0.15008716884793882,certain_temperate,302.8957214355469,346.354248046875,POINT (541208.0943998707 8672241.482748676),dronbreen
dronbreen-20220328-DAT_0226_A1_1,1935.0,1904,143.19424438476562,541210.5967844101,8672246.118708808,445.8449401855469,2022-03-28 10:46:52+00:00,0,2022-05-03,100 MHz,20220328,44.18803405761719,143.09002685546875,143.61111450195312,0.49941444949964753,0.4635387268066406,11,2.8761774371498,0.33870697021484375,2.932914457138365,2.9387980287884274,140.19397453176296,146.5071668256589,46.79345703125,30.535606384277344,21.69718495863212,6.9530413124084465,10.0,7.0,1.997861825386686,2.1451193491617837,7.545712185575612,21.89431031169006,49.724837063843125,27.60422635168422,0.30858805985862886,0.15152274486907014,certain_temperate,302.65069580078125,346.83872985839844,POINT (541210.5967844101 8672246.118708808),dronbreen
dronbreen-20220328-DAT_0226_A1_1,1940.0,1909,143.09002685546875,541213.0282682646,8672250.566408865,445.41932678222656,2022-03-28 10:46:53.500000+00:00,0,2022-05-03,100 MHz,20220328,45.12598419189453,143.09002685546875,143.50689697265625,0.4896296965358474,0.6180516357421875,11,2.8741020013561642,0.22580464680989584,2.9484636469124124,2.9242413191202665,140.20706829650186,146.38985553162314,47.00189208984375,32.4114990234375,21.819369676900983,5.794211462402344,10.0,7.0,1.9772054678247872,2.2580382029215498,6.525409141110167,22.024826244152656,50.00323811918615,29.4101529940951,0.31536778057547665,0.15248700525397288,certain_temperate,302.3292999267578,347.45528411865234,POINT (541213.0282682646 8672250.566408865),dronbreen
dronbreen-20220328-DAT_0226_A1_1,1945.0,1914,142.98580932617188,541215.5363142991,8672255.016458258,445.0439453125,2022-03-28 10:46:55+00:00,0,2022-05-03,100 MHz,20220328,46.063941955566406,142.98580932617188,143.50689697265625,0.4549252785109948,0.6180516357421875,11,2.8720265784745362,0.11290232340494792,2.9399441196284632,2.910024159886425,140.11156445106218,146.38114184776595,46.897674560546875,34.28741455078125,21.939415041685617,4.558108190917968,10.0,7.0,1.956552925387426,1.1290232340494792,5.087154714865581,22.0554012700791,49.15661077320664,32.02847833812149,0.3221574376691306,0.15343770927392208,certain_temperate,302.0581359863281,348.12207794189453,POINT (541215.5363142991 8672255.016458258),dronbreen
dronbreen-20220328-DAT_0226_A1_1,1950.0,1918,142.98580932617188,541217.9782092705,8672259.123315586,444.73277791341144,2022-03-28 10:46:56.333333248+00:00,0,2022-05-03,100 MHz,20220328,46.063941955566406,142.881591796875,143.40267944335938,0.4577381607807593,0.4635387268066406,11,2.8720265784745362,0.0,2.909193155965013,2.9082745556943386,140.00956521840047,146.2747060218339,46.689247131347656,35.850669860839844,21.999692579148363,4.249076717376709,10.0,7.0,1.956552925387426,0.0,4.6779004157843,22.08652469101641,48.645800056735084,33.894116935452416,0.3221574376691306,0.15385927234893496,certain_temperate,301.74696858723956,347.81091054280597,POINT (541217.9782092705 8672259.123315586),dronbreen
dronbreen-20220328-DAT_0226_A1_1,1955.0,1923,142.98580932617188,541220.4201657304,8672263.54033526,444.4222640991211,2022-03-28 10:46:57.750000128+00:00,0,2022-05-03,100 MHz,20220328,46.063941955566406,142.881591796875,143.2984619140625,0.5007965043841526,0.30902581787109373,11,2.8720265784745362,0.0,2.8886040960254573,2.9153616939013824,140.00956521840047,146.17048849253703,46.58502197265625,37.93501281738281,22.093951289266904,3.7855493019104003,10.0,7.0,1.956552925387426,0.11289405822753908,4.262772329766099,22.180701701946308,48.54482921272482,35.97520557731424,0.3221574376691306,0.1545184895856855,certain_temperate,301.4364547729492,347.5003967285156,POINT (541220.4201657304 8672263.54033526),dronbreen
dronbreen-20220328-DAT_0226_A1_1,1960.0,1928,142.98580932617188,541222.9983696305,8672268.245107686,444.084716796875,2022-03-28 10:46:59.285714432+00:00,0,2022-05-03,100 MHz,20220328,46.16815185546875,142.77737426757812,143.2984619140625,0.5176656548407721,0.30902581787109373,11,2.8720265784745362,0.11290232340494792,2.890809671736499,2.9204899130618673,139.90312939246843,146.1727067891722,46.689247131347656,39.915138244628906,22.244738107219945,3.3220162307739254,10.0,7.0,1.9544880453064324,0.11289405822753908,3.855977233484949,22.330721932943234,48.64699292373972,37.957392452236846,0.32288625055198544,0.15557304750764736,certain_temperate,301.0989074707031,347.2670593261719,POINT (541222.9983696305 8672268.245107686),dronbreen
dronbreen-20220328-DAT_0226_A1_1,1965.0,1933,142.881591796875,541225.4034133016,8672272.838237751,443.7369689941406,2022-03-28 10:47:00.714285568+00:00,0,2022-05-03,100 MHz,20220328,46.063934326171875,142.77737426757812,143.2984619140625,0.535110446517694,0.30902581787109373,11,2.8699511685329293,0.22580464680989584,2.895359114927778,2.9281309120763086,139.89855377156167,146.17728241007896,46.58502960205078,41.47838592529297,22.379544307716955,2.858483159637451,10.0,7.0,1.9544880453064324,0.11290232340494792,3.464635107454593,22.465012216220636,48.542775871074426,39.520639656269324,0.3223923652226511,0.15663000409130676,certain_temperate,300.8553771972656,346.9193115234375,POINT (541225.4034133016 8672272.838237751),dronbreen
dronbreen-20220328-DAT_0226_A1_1,1970.0,1937,142.77737426757812,541227.4779185525,8672276.783205722,443.4574890136719,2022-03-28 10:47:02+00:00,0,2022-05-03,100 MHz,20220328,46.063934326171875,142.67315673828125,143.2984619140625,0.5973612218962729,0.30902581787109373,11,2.8678757715594365,0.11290232340494792,2.886685873426267,2.9316034529167276,139.80305946192843,146.16855919041532,46.58502197265625,41.582611083984375,22.46225162407888,2.472200887298584,10.0,7.0,1.952423055108702,0.11290232340494792,3.152218258292109,22.547227118743105,48.54070669181479,39.626926364825835,0.32262768917324225,0.15732360774461734,certain_temperate,300.68011474609375,346.7440490722656,POINT (541227.4779185525 8672276.783205722),dronbreen
dronbreen-20220328-DAT_0226_A1_1,1975.0,1943,142.77737426757812,541230.2396292352,8672281.70629698,443.1826985677083,2022-03-28 10:47:03.666666752+00:00,0,2022-05-03,100 MHz,20220328,46.063934326171875,142.56893920898438,143.2984619140625,0.621978464667648,0.4635387268066406,11,2.8678757715594365,0.11290232340494792,2.9072885180142323,2.936718506469116,139.69884193263155,146.16855919041532,46.689239501953125,41.999473571777344,22.512556997921887,2.317682322692871,10.0,7.0,1.952423055108702,0.225796381632487,3.0388470084888026,22.598189360582854,48.654675787381464,40.034037286349005,0.32262768917324225,0.15767594209801936,certain_temperate,300.4053243001302,346.46925862630206,POINT (541230.2396292352 8672281.70629698),dronbreen
dronbreen-20220328-DAT_0226_A1_1,1980.0,1947,142.67315673828125,541232.3846254805,8672285.493925463,442.96673583984375,2022-03-28 10:47:05+00:00,0,2022-05-03,100 MHz,20220328,45.75128936767578,142.56893920898438,143.2984619140625,0.649927361114114,0.30902581787109373,11,2.8658003875822313,0.33870697021484375,2.902245894001658,2.9580297239654882,139.68319246452833,146.18420865851854,46.58502197265625,42.207908630371094,22.52882704273306,2.6267194519042967,10.0,7.0,1.956552925387426,0.0,3.2753250875072695,22.613627468215324,48.54157489804368,40.251355704983666,0.32067201997641126,0.15790515579647402,certain_temperate,300.2935791015625,346.0448684692383,POINT (541232.3846254805 8672285.493925463),dronbreen
dronbreen-20220328-DAT_0226_A1_1,1985.0,1952,142.4647216796875,541234.8757160278,8672289.956789887,442.73240443638394,2022-03-28 10:47:06.428571392+00:00,0,2022-05-03,100 MHz,20220328,45.75128173828125,142.4647216796875,143.2984619140625,0.6904433660978131,0.30902581787109373,11,2.861649658729791,0.33870697021484375,2.898147362901229,2.963186329404367,139.58309693295513,146.18008666079487,46.3765869140625,42.31212615966797,22.537245697414658,2.9357452697753903,10.0,7.0,1.952423055108702,0.33870697021484375,3.5419314627475074,22.624193285583193,48.3581716833298,40.33054139040067,0.3211411302311513,0.15819527411204706,certain_temperate,300.26768275669644,346.0189644949777,POINT (541234.8757160278 8672289.956789887),dronbreen
dronbreen-20220328-DAT_0226_A1_1,1990.0,1957,142.36050415039062,541237.2596993628,8672294.296742126,442.4999694824219,2022-03-28 10:47:07.750000128+00:00,0,2022-05-03,100 MHz,20220328,45.75128936767578,142.36050415039062,143.2984619140625,0.7351853207393353,0.30902581787109373,11,2.859574313911313,0.11290232340494792,2.8784386648880482,2.954726662018365,139.49870188758288,146.16026417687024,46.272369384765625,42.62477111816406,22.565618542204785,2.9357339584350584,10.0,7.0,1.9503579549336814,0.2258129119873047,3.5317731380005224,22.650872561910052,48.23575615858104,40.66138434434865,0.3213762808773408,0.15851038654911132,certain_temperate,300.13946533203125,345.89075469970703,POINT (541237.2596993628 8672294.296742126),dronbreen
dronbreen-20220328-DAT_0226_A1_1,1995.0,1961,142.36050415039062,541239.6219566582,8672298.184090754,442.2916259765625,2022-03-28 10:47:09+00:00,0,2022-05-03,100 MHz,20220328,45.855506896972656,142.36050415039062,143.2984619140625,0.7429329457701482,0.30902581787109373,11,2.859574313911313,0.11288579305013022,2.878438016557732,2.956663291780892,139.49870253968209,146.16026352477104,46.272369384765625,42.833213806152344,22.589130276674027,2.858471848297119,10.0,7.0,1.9482930472474833,0.5645033518473307,3.505049377641762,22.68002020476946,48.300794841172575,40.804788349745394,0.3221083485945693,0.15867554285148297,certain_temperate,299.9311218261719,345.78662872314453,POINT (541239.6219566582 8672298.184090754),dronbreen
dronbreen-20220328-DAT_0226_A1_1,2000.0,1966,142.2563018798828,541242.6293216618,8672303.424898744,442.05028279622394,2022-03-28 10:47:10.666666752+00:00,0,2022-05-03,100 MHz,20220328,46.16816711425781,142.2563018798828,143.2984619140625,0.7719997324595044,0.30902581787109373,11,2.8574992860569783,0.11288579305013022,2.876376597074798,2.9620987422782252,139.39657368089453,146.15819011305078,46.27239227294922,43.14586639404297,22.641266385886187,2.6267081405639647,10.0,7.0,1.9400339834896614,0.4516010284423828,3.2965544135794245,22.728717933544882,48.26429471684173,41.153963950150455,0.32454215738885794,0.15915826635929162,certain_temperate,299.7939809163411,345.96214803059894,POINT (541242.6293216618 8672303.424898744),dronbreen
dronbreen-20220328-DAT_0226_A1_1,2005.0,1970,142.2563018798828,541244.6933985861,8672306.87332766,441.87681797572543,2022-03-28 10:47:11.857143040+00:00,0,2022-05-03,100 MHz,20220328,46.16816711425781,142.15206909179688,143.2984619140625,0.8038300352343729,0.30902581787109373,11,2.8574992860569783,0.11288579305013022,2.876376597074798,2.9705535002139904,139.2923408928086,146.15819011305078,46.689247131347656,43.041656494140625,22.705811198219866,3.0902355560302732,10.0,7.0,1.9400339834896614,0.6774139404296875,3.7110884246453857,22.79860705554157,48.744148954740496,40.986754670747786,0.32454215738885794,0.15961198834897317,certain_temperate,299.6205160958426,345.78868321010043,POINT (541244.6933985861 8672306.87332766),dronbreen
dronbreen-20220328-DAT_0226_A1_1,2010.0,1976,142.36050415039062,541247.7438234441,8672312.017989663,441.6071065266927,2022-03-28 10:47:13.666666752+00:00,0,2022-05-03,100 MHz,20220328,46.897674560546875,142.15206909179688,143.19424438476562,0.8035813398931828,0.30902581787109373,11,2.859574313911313,0.33869043986002606,2.896096239240822,2.98958516196787,139.27250723782777,146.07380623873473,47.522979736328125,43.87537384033203,23.1112425217862,2.9357396141052243,10.0,7.0,1.9276464233151833,0.9032103220621746,3.6263172366777523,23.209074529589024,49.65173750065911,41.74661607600105,0.32942897217478134,0.162343078648916,certain_temperate,299.24660237630206,346.14427693684894,POINT (541247.7438234441 8672312.017989663),dronbreen
dronbreen-20220328-DAT_0226_A1_1,2015.0,1981,142.56893920898438,541249.9270047811,8672315.806820428,441.3817443847656,2022-03-28 10:47:15+00:00,0,2022-05-03,100 MHz,20220328,47.314537048339844,142.2563018798828,143.19424438476562,0.7655747961926621,0.6180516357421875,11,2.8637250166295702,0.33870697021484375,2.9491746653912756,2.983579754440559,139.37261615107286,146.07793011357558,48.356719970703125,44.50068664550781,23.4459194467348,2.6267137962341307,10.0,7.0,1.9235177286400873,1.4677219390869143,3.571239772151471,23.570432046223647,50.776250533202756,42.08115608300818,0.33187128494365753,0.16445320822908452,certain_temperate,298.81280517578125,346.1273422241211,POINT (541249.9270047811 8672315.806820428),dronbreen
dronbreen-20220328-DAT_0226_A1_1,2020.0,1985,142.67315673828125,541252.3303882462,8672319.912566226,441.0935770670573,2022-03-28 10:47:16.333333248+00:00,0,2022-05-03,100 MHz,20220328,48.565147399902344,142.2563018798828,143.19424438476562,0.747695330989415,0.6180290130615234,11,2.8658003875822313,0.22580464680989584,2.9403672323322487,2.970327912532685,139.3816193582837,146.06892690636474,48.8778076171875,44.813331604003906,23.68659969379602,2.008650849151611,10.0,7.0,1.9008121865805059,2.0322418212890625,3.431875875180619,23.849488439859392,51.660449130003926,42.03069009118748,0.3403944267455296,0.16602001550471454,certain_temperate,298.42042032877606,346.9855677286784,POINT (541252.3303882462 8672319.912566226),dronbreen
dronbreen-20220328-DAT_0226_A1_1,2025.0,1989,142.77737426757812,541254.9832991547,8672324.212064127,440.7335917154948,2022-03-28 10:47:17.666666752+00:00,0,2022-05-03,100 MHz,20220328,49.398887634277344,142.36050415039062,143.19424438476562,0.7129491188272423,0.6180516357421875,11,2.8678757715594365,0.22580464680989584,2.9423947736600824,2.963780630487877,139.48375265267336,146.0709958824829,49.50310516357422,45.230201721191406,23.921594655557584,1.8541435958862305,10.0,7.0,1.8863660054109896,1.580632527669271,3.0813348354345207,24.047857841369105,51.96415694968039,42.76914993508524,0.3459854048142055,0.16754471622882125,certain_temperate,297.9562174479167,347.35510508219403,POINT (541254.9832991547 8672324.212064127),dronbreen
dronbreen-20220328-DAT_0226_A1_1,2030.0,1994,142.881591796875,541257.7000047107,8672328.513524005,440.3462829589844,2022-03-28 10:47:19+00:00,0,2022-05-03,100 MHz,20220328,50.232627868652344,142.4647216796875,143.19424438476562,0.7179201607083634,0.6180516357421875,11,2.8699511685329293,0.11290232340494792,2.9379166885460446,2.960536438138414,139.59255061159394,146.0664154528592,50.33683776855469,45.647071838378906,24.21207658519318,1.6996250312805175,10.0,7.0,1.8719220621567667,1.0161043802897136,2.724937717708147,24.30557987141416,52.46675802960513,43.51715157732846,0.3515682267878471,0.1694555350392081,certain_temperate,297.4646911621094,347.6973190307617,POINT (541257.7000047107 8672328.513524005),dronbreen
dronbreen-20220328-DAT_0226_A1_1,2035.0,1998,142.881591796875,541260.3854620031,8672333.00012588,439.94727579752606,2022-03-28 10:47:20.333333248+00:00,0,2022-05-03,100 MHz,20220328,50.44104766845703,142.4647216796875,143.19424438476562,0.6996728328167149,0.6180516357421875,11,2.8699511685329293,0.0,2.935746503737528,2.9540077492696755,139.59477051115456,146.06419555329856,50.96214294433594,45.95972442626953,24.410190202723197,2.2404315238952637,10.0,7.0,1.867795941612251,0.4516010284423828,2.951633205812854,24.48570993256101,52.88375819416963,44.03810917643584,0.3530269157426915,0.17084209306280335,certain_temperate,297.06568400065106,347.5067316691081,POINT (541260.3854620031 8672333.00012588),dronbreen
dronbreen-20220328-DAT_0226_A1_1,2040.0,2003,142.881591796875,541263.1514789013,8672337.566744426,439.5525588989258,2022-03-28 10:47:21.750000128+00:00,0,2022-05-03,100 MHz,20220328,50.64949035644531,142.56893920898438,143.2984619140625,0.6872855895356929,0.6180516357421875,11,2.8699511685329293,0.11290232340494792,2.9379166885460446,2.9532572062008398,139.6967681408908,146.17063298215606,50.96214294433594,46.272377014160156,24.54602350465383,2.472195231628418,10.0,7.0,1.863669556130347,0.45161755879720056,3.1287332735705218,24.620814213280585,52.87975151593261,44.35476844256348,0.35448576488740574,0.1717927634761323,certain_temperate,296.6709671020508,347.3204574584961,POINT (541263.1514789013 8672337.566744426),dronbreen
dronbreen-20220328-DAT_0226_A1_1,2045.0,2007,142.77737426757812,541265.6088836218,8672341.782727992,439.2610168457031,2022-03-28 10:47:23+00:00,0,2022-05-03,100 MHz,20220328,50.75370788574219,142.67315673828125,143.2984619140625,0.6878600103448586,0.6180516357421875,11,2.8678757715594365,0.0,2.933717652662101,2.9492139350900373,139.80528096672182,146.16633768562193,50.85792541503906,46.480812072753906,24.581891264268027,2.2404258682250977,10.0,7.0,1.8595435111183003,0.33870697021484375,2.9312339641226997,24.65445198356092,52.748064161643214,44.590673326149755,0.3554744450659598,0.17216937480723848,certain_temperate,296.483642578125,347.2373504638672,POINT (541265.6088836218 8672341.782727992),dronbreen
dronbreen-20220328-DAT_0226_A1_1,2050.0,2012,142.881591796875,541268.0721748547,8672346.014405364,439.02549235026044,2022-03-28 10:47:24.333333248+00:00,0,2022-05-03,100 MHz,20220328,50.96214294433594,142.77737426757812,143.2984619140625,0.6677590643412782,0.6180516357421875,11,2.8699511685329293,0.22580464680989584,2.944417645771072,2.9552511934342243,139.89855377156167,146.17728241007896,51.170570373535156,46.897682189941406,24.69789521382514,1.7768871414184568,10.0,7.0,1.85748056004412,0.11290232340494792,2.572996089952394,24.76790279693981,53.03147901330554,45.03677355017102,0.3566739585095422,0.1728556835294532,certain_temperate,296.14390055338544,347.1060434977214,POINT (541268.0721748547 8672346.014405364),dronbreen
dronbreen-20220328-DAT_0226_A1_1,2055.0,2016,142.98580932617188,541270.3497274496,8672350.054293882,438.83070882161456,2022-03-28 10:47:25.666666752+00:00,0,2022-05-03,100 MHz,20220328,51.06636047363281,142.77737426757812,143.2984619140625,0.6549191869335077,0.4635387268066406,11,2.8720265784745362,0.22580464680989584,2.9179432066499533,2.954393939101341,139.89648475112924,146.1793514305114,51.170570373535156,47.314544677734375,24.737512131108385,1.6996306869506834,10.0,7.0,1.85748056004412,0.5645198822021485,2.5802444070994124,24.81357336550054,53.11194018074433,45.373174870525204,0.35714285714285715,0.17300676373190604,certain_temperate,295.8448994954427,346.9112599690755,POINT (541270.3497274496 8672350.054293882),dronbreen
dronbreen-20220328-DAT_0226_A1_1,2060.0,2022,143.09002685546875,541272.9764436843,8672354.787245931,438.5853678385417,2022-03-28 10:47:27.333333248+00:00,0,2022-05-03,100 MHz,20220328,50.64948272705078,142.881591796875,143.2984619140625,0.6447412819224927,0.30902581787109373,11,2.8741020013561642,0.22580464680989584,2.8994735744323226,2.9541735516613628,139.9986332379081,146.1814204730294,51.27478790283203,47.83562469482422,24.821811991651966,2.1631750694274903,10.0,7.0,1.867795941612251,0.4516092936197917,2.893430319634394,24.89608328999773,53.19640509509145,45.9140075025648,0.3539693425189612,0.17346989540175142,certain_temperate,295.49534098307294,346.1448237101237,POINT (541272.9764436843 8672354.787245931),dronbreen
dronbreen-20220328-DAT_0226_A1_1,2065.0,2027,143.19424438476562,541275.111482905,8672358.68320039,438.35213470458984,2022-03-28 10:47:28.750000128+00:00,0,2022-05-03,100 MHz,20220328,50.85792541503906,142.98580932617188,143.40267944335938,0.644894408936151,0.30902581787109373,11,2.8761774371498,0.11290232340494792,2.8949335986703955,2.9497512409145514,140.10741679133585,146.2810719781954,51.48322296142578,48.25249481201172,24.92158375031241,2.858483159637451,10.0,7.0,1.865732649752272,0.5645198822021485,3.459850718121241,24.997699446980892,53.43248975120936,46.30322802222814,0.3551673856274758,0.1740404012562659,certain_temperate,295.1578903198242,346.0158157348633,POINT (541275.111482905 8672358.68320039),dronbreen
dronbreen-20220328-DAT_0226_A1_1,2070.0,2032,143.19424438476562,541277.5197525622,8672363.070502209,438.0353785923549,2022-03-28 10:47:30.285714432+00:00,0,2022-05-03,100 MHz,20220328,51.27479553222656,143.09002685546875,143.40267944335938,0.6430544781995605,0.30902581787109373,11,2.8761774371498,0.11290232340494792,2.8949335986703955,2.9493495293932757,140.21163432063273,146.2810719781954,51.48322296142578,48.66937255859375,25.026482362175994,3.090241211700439,10.0,7.0,1.85748056004412,0.4516092936197917,3.633700005712825,25.099382550360314,53.394815225750364,46.75778029426917,0.35807860680803777,0.17477296290575314,certain_temperate,294.8411342075893,346.11592973981584,POINT (541277.5197525622 8672363.070502209),dronbreen
dronbreen-20220328-DAT_0226_A1_1,2075.0,2038,143.2984619140625,541280.3215836153,8672368.10127724,437.6829528808594,2022-03-28 10:47:32+00:00,0,2022-05-03,100 MHz,20220328,51.37901306152344,143.09002685546875,143.40267944335938,0.6102815948610375,0.30902581787109373,11,2.8782528858275134,0.11290232340494792,2.8969956101995638,2.944406601410677,140.2095604679883,146.28314583083983,51.79588317871094,49.190452575683594,25.20218694202545,3.3220105751037594,10.0,7.0,1.85748056004412,0.225796381632487,3.812738162790798,25.271554061784528,53.66703737783514,47.31929837655939,0.3585454608182462,0.17587199894119904,certain_temperate,294.3844909667969,345.7635040283203,POINT (541280.3215836153 8672368.10127724),dronbreen
dronbreen-20220328-DAT_0226_A1_1,2080.0,2043,143.2984619140625,541282.6625896497,8672372.360246804,437.47898864746094,2022-03-28 10:47:33.500000+00:00,0,2022-05-03,100 MHz,20220328,51.587440490722656,143.09002685546875,143.40267944335938,0.6170394668351664,0.30902581787109373,11,2.8782528858275134,0.0,2.894794747626385,2.943650349210421,140.21177396964123,146.2809323291869,52.212745666503906,49.50311279296875,25.375528030100025,3.399267029571533,10.0,7.0,1.8533549525670792,0.4516092936197917,3.897934308402434,25.44712750666921,54.12032935648678,47.59552910298588,0.3599999595366219,0.17708164966430678,certain_temperate,294.18052673339844,345.7679672241211,POINT (541282.6625896497 8672372.360246804),dronbreen
dronbreen-20220328-DAT_0226_A1_1,2085.0,2048,143.2984619140625,541284.9652966327,8672376.618044764,437.3205871582031,2022-03-28 10:47:35+00:00,0,2022-05-03,100 MHz,20220328,51.79588317871094,143.19424438476562,143.50689697265625,0.6237212494426001,0.30902581787109373,11,2.8782528858275134,0.0,2.894794747626385,2.945058211951106,140.3159914989381,146.38514985848377,52.62962341308594,49.81575012207031,25.64558616416377,3.4765291397094726,10.0,7.0,1.8492292356783906,1.467730204264323,4.2023964089369965,25.75402823680493,54.99053017079524,47.45484336436101,0.3614545647375716,0.178966234679781,certain_temperate,294.0221252441406,345.81800842285156,POINT (541284.9652966327 8672376.618044764),dronbreen
dronbreen-20220328-DAT_0226_A1_1,2090.0,2053,143.2984619140625,541287.4240957116,8672381.407906517,437.108642578125,2022-03-28 10:47:36.666666752+00:00,0,2022-05-03,100 MHz,20220328,52.94226837158203,143.19424438476562,143.50689697265625,0.6155947316769033,0.15451290893554687,11,2.8782528858275134,0.0,2.8823972512133254,2.943347847000549,140.3159914989381,146.38514985848377,53.671783447265625,50.232627868652344,26.04028437714061,3.4765234840393067,10.0,7.0,1.8265422756110725,1.5806242624918623,4.233301935705652,26.15207525582101,56.08728127251251,47.817130043405456,0.36945454727442945,0.1817206132523406,certain_temperate,293.8101806640625,346.75244903564453,POINT (541287.4240957116 8672381.407906517),dronbreen
dronbreen-20220328-DAT_0226_A1_1,2095.0,2057,143.2984619140625,541289.450100187,8672385.316046035,436.90399169921875,2022-03-28 10:47:38+00:00,0,2022-05-03,100 MHz,20220328,53.254920959472656,143.19424438476562,143.50689697265625,0.6347033223641431,0.30902581787109373,11,2.8782528858275134,0.11290232340494792,2.8969956101995638,2.9495652080984285,140.31377799728517,146.3873633601367,54.713958740234375,50.44105529785156,26.35234340596217,3.553785594177246,10.0,7.0,1.8203559286733897,0.7903079986572266,4.0703408320655,26.42696133545353,56.69846937003658,48.45654466804936,0.3716363752139235,0.18389829907431895,certain_temperate,293.60552978515625,346.8604507446289,POINT (541289.450100187 8672385.316046035),dronbreen
dronbreen-20220328-DAT_0226_A1_1,2100.0,2062,143.40267944335938,541291.9576179844,8672389.766240185,436.57948303222656,2022-03-28 10:47:39.500000+00:00,0,2022-05-03,100 MHz,20220328,53.7760009765625,143.19424438476562,143.50689697265625,0.6117304650765996,0.30902581787109373,11,2.8803283473614525,0.11290232340494792,2.8990576536790518,2.9467359035290257,140.31170412949697,146.3894372279249,55.65191650390625,50.962135314941406,26.68595267577987,3.553791249847412,10.0,7.0,1.8121083293214666,0.7903079986572266,4.066663937114777,26.759080581064453,57.6288644875259,48.985187331321754,0.374999973398703,0.18609103246442604,certain_temperate,293.1768035888672,346.9528045654297,POINT (541291.9576179844 8672389.766240185),dronbreen
dronbreen-20220328-DAT_0226_A1_1,2105.0,2067,143.40267944335938,541294.465120095,8672394.216437384,436.2428894042969,2022-03-28 10:47:41+00:00,0,2022-05-03,100 MHz,20220328,54.088653564453125,143.19424438476562,143.50689697265625,0.6479493498091546,0.30902581787109373,11,2.8803283473614525,0.0,2.8968583577256335,2.9523092230543977,140.31391603740417,146.3872253200177,56.172996520996094,50.54527282714844,26.9571257489743,4.558113846588134,10.0,7.0,1.805923056910004,0.9032185872395834,4.98533486761649,27.032643055199532,58.19219485296209,48.52607449518244,0.3771802157003409,0.18798202274610717,certain_temperate,292.8402099609375,346.9288635253906,POINT (541294.465120095 8672394.216437384),dronbreen
dronbreen-20220328-DAT_0226_A1_1,2110.0,2072,143.40267944335938,541296.9400274943,8672398.479546243,435.9507293701172,2022-03-28 10:47:42.500000+00:00,0,2022-05-03,100 MHz,20220328,54.6097412109375,143.2984619140625,143.61111450195312,0.642132535821234,0.30902581787109373,11,2.8803283473614525,0.11290232340494792,2.8990576536790518,2.9531969993219893,140.41592165879385,146.49365475722178,56.58985900878906,49.71154022216797,27.237299468391594,5.948718715667725,10.0,7.0,1.7956153129160697,1.1290232340494792,6.315550821039895,27.319762263713923,58.710926620866104,47.59047261009093,0.3808139528697373,0.18993577786773277,certain_temperate,292.5480499267578,347.1577911376953,POINT (541296.9400274943 8672398.479546243),dronbreen
dronbreen-20220328-DAT_0226_A1_1,2115.0,2077,143.50689697265625,541299.6006332139,8672402.934456514,435.6582336425781,2022-03-28 10:47:44+00:00,0,2022-05-03,100 MHz,20220328,55.23504638671875,143.2984619140625,143.61111450195312,0.6381218338489543,0.3090031951904297,11,2.882403821723846,0.11290232340494792,2.901117319371342,2.9543524165124952,140.41384777589454,146.4957286401211,57.11094665527344,48.87779998779297,27.54292987910386,7.262072785949707,10.0,7.0,1.7853088926979637,1.2419255574544272,7.580726091941079,27.628657101962755,59.285735595057005,46.7030110480094,0.3848947162256823,0.1919275690585929,certain_temperate,292.1513366699219,347.3863830566406,POINT (541299.6006332139 8672402.934456514),dronbreen
dronbreen-20220328-DAT_0226_A1_1,2120.0,2082,143.50689697265625,541302.1223557544,8672406.919872938,435.3882344563802,2022-03-28 10:47:45.333333248+00:00,0,2022-05-03,100 MHz,20220328,55.8603515625,143.2984619140625,143.61111450195312,0.6409010358692808,0.3090031951904297,11,2.882403821723846,0.0,2.89891958600547,2.9527962898355433,140.41605809233866,146.49351832367697,57.52782440185547,48.0440673828125,27.773016537541515,8.80719621963501,10.0,7.0,1.7729429683252176,1.1290149688720703,9.054540674160354,27.85244063207793,59.62972867390761,45.94216311076036,0.38925203415933113,0.19353088334725385,certain_temperate,291.88133748372394,347.74168904622394,POINT (541302.1223557544 8672406.919872938),dronbreen
dronbreen-20220328-DAT_0226_A1_1,2125.0,2086,143.50689697265625,541304.5604439018,8672410.716631195,435.12720743815106,2022-03-28 10:47:46.666666752+00:00,0,2022-05-03,100 MHz,20220328,56.27721405029297,143.2984619140625,143.61111450195312,0.6257785508251409,0.3090031951904297,11,2.882403821723846,0.0,2.89891958600547,2.9495509126239954,140.41605809233866,146.49351832367697,58.04890441894531,47.314544677734375,27.958121741772164,9.96604303665161,10.0,7.0,1.7647002672109544,0.6774139404296875,10.14372074182718,28.021949040128103,59.939157491891606,45.42429160478808,0.39215685961780644,0.19482075308965321,certain_temperate,291.6203104654948,347.8975245157878,POINT (541304.5604439018 8672410.716631195),dronbreen
dronbreen-20220328-DAT_0226_A1_1,2130.0,2093,143.50689697265625,541307.793742056,8672415.654383454,434.8135681152344,2022-03-28 10:47:48.500000+00:00,0,2022-05-03,100 MHz,20220328,56.48565673828125,143.40267944335938,143.61111450195312,0.6171937046545771,0.15451290893554687,11,2.882403821723846,0.11290232340494792,2.8887493773510697,2.9499028450414615,140.5180653051914,146.4957286401211,58.77842712402344,46.16815185546875,28.190373305986135,11.897443087005614,10.0,7.0,1.7605790242904527,0.33870697021484375,12.031770980241493,28.247327449571213,60.57129100966664,44.37528796982555,0.3936093520929799,0.19643915310465893,certain_temperate,291.3066711425781,347.7923278808594,POINT (541307.793742056 8672415.654383454),dronbreen
dronbreen-20220328-DAT_0226_A1_1,2135.0,2098,143.61111450195312,541310.2885558641,8672419.266800279,434.6069641113281,2022-03-28 10:47:50+00:00,0,2022-05-03,100 MHz,20220328,56.06877899169922,143.40267944335938,143.71531677246094,0.588532036144419,0.30902581787109373,11,2.884479308887002,0.11290232340494792,2.9031818362166657,2.946071583583089,140.51599140721353,146.60200480860678,59.50794219970703,45.33442687988281,28.210025459655007,13.365304410552978,10.0,7.0,1.7708823232038722,1.1290232340494792,13.529304477777355,28.288093857664627,61.60811306553188,43.23425601405796,0.39042088898305066,0.1964334415026864,certain_temperate,290.995849609375,347.0646286010742,POINT (541310.2885558641 8672419.266800279),dronbreen
dronbreen-20220328-DAT_0226_A1_1,2140.0,2103,143.61111450195312,541312.9755456885,8672423.69153527,434.42725626627606,2022-03-28 10:47:51.666666752+00:00,0,2022-05-03,100 MHz,20220328,55.547698974609375,143.40267944335938,143.71531677246094,0.5883667958789336,0.3090031951904297,11,2.884479308887002,0.0,2.900983257110446,2.9438743807931207,140.51820013447238,146.59979608134793,61.071197509765625,44.50067901611328,28.136464114274975,13.59708508529663,10.0,7.0,1.781186700415384,1.4677136739095051,13.791574685550364,28.230965664394144,63.379185700878736,42.19269082500017,0.38679247889169416,0.19592121551213446,certain_temperate,290.81614176432294,346.3638407389323,POINT (541312.9755456885 8672423.69153527),dronbreen
dronbreen-20220328-DAT_0226_A1_1,2145.0,2108,143.61111450195312,541315.3147232886,8672427.795432739,434.2847900390625,2022-03-28 10:47:53+00:00,0,2022-05-03,100 MHz,20220328,54.713966369628906,143.40267944335938,143.71531677246094,0.5734086960325716,0.3090031951904297,11,2.884479308887002,0.0,2.900983257110446,2.940921354963953,140.51820013447238,146.59979608134793,61.279632568359375,43.666961669921875,27.9748655374635,14.137868955230712,10.0,7.0,1.7976766056285425,2.4838428497314458,14.466528784606988,28.142391837222174,64.34575658421167,40.60083765406958,0.3809869908702978,0.19479596432686302,certain_temperate,290.6736755371094,345.3876419067383,POINT (541315.3147232886 8672427.795432739),dronbreen
dronbreen-20220328-DAT_0226_A1_1,2150.0,2113,143.61111450195312,541318.0784632737,8672432.45293974,434.09659249441967,2022-03-28 10:47:54.571428608+00:00,0,2022-05-03,100 MHz,20220328,53.254920959472656,143.40267944335938,143.71531677246094,0.5671756656556898,0.15453553161621092,11,2.884479308887002,0.11288579305013022,2.8908208723823927,2.941879046014939,140.51599205369112,146.6020041621292,59.71638488769531,42.72898864746094,27.667321592479603,14.755926246643066,10.0,7.0,1.8265422756110725,3.274159113566081,15.224773692305314,27.920190878416832,63.465568076810285,38.979805458345965,0.37082729386344526,0.1926544591512332,certain_temperate,290.48547799246654,343.7403989519392,POINT (541318.0784632737 8672432.45293974),dronbreen
dronbreen-20220328-DAT_0226_A1_1,2155.0,2118,143.71531677246094,541320.5265293176,8672436.515884325,433.8963317871094,2022-03-28 10:47:56+00:00,0,2022-05-03,100 MHz,20220328,51.795867919921875,143.40267944335938,143.71531677246094,0.5647334935355266,0.15453553161621092,11,2.8865545049424437,0.11288579305013022,2.8928915193639697,2.943444246286468,140.5139184438518,146.60407777196852,58.361541748046875,41.99945831298828,27.397385618788817,15.373972226715088,10.0,7.0,1.85748056004412,3.2741508483886723,15.828118013104179,27.654783249079397,62.125887349734654,38.2351127113005,0.3604060380142245,0.1906365044038143,certain_temperate,290.18101501464844,341.9768829345703,POINT (541320.5265293176 8672436.515884325),dronbreen
dronbreen-20220328-DAT_0226_A1_1,2160.0,2123,143.71531677246094,541323.1324050564,8672440.876118,433.60472106933594,2022-03-28 10:47:57.500000+00:00,0,2022-05-03,100 MHz,20220328,50.336830139160156,143.40267944335938,143.81954956054688,0.5404319032490252,0.3090484405517578,11,2.8865545049424437,0.11288579305013022,2.9052454372881384,2.9388784858046506,140.5139184438518,146.70831056005446,56.79828643798828,41.16572570800781,27.066321326809145,15.992018206787108,10.0,7.0,1.8863660054109896,3.1612485249837246,16.410256404739457,27.31551974810594,60.47957275435678,37.48443939163931,0.350253760487176,0.1883328926565443,certain_temperate,289.889404296875,340.22623443603516,POINT (541323.1324050564 8672440.876118),dronbreen
dronbreen-20220328-DAT_0226_A1_1,2165.0,2128,143.61111450195312,541325.6559855456,8672445.419921257,433.2344970703125,2022-03-28 10:47:59+00:00,0,2022-05-03,100 MHz,20220328,48.773590087890625,143.40267944335938,143.81954956054688,0.5727224991781761,0.30902581787109373,11,2.884479308887002,0.11288579305013022,2.9031811934119256,2.9429534734233718,140.51599205369112,146.70623695021513,55.130828857421875,40.332008361816406,26.71832659208679,16.53280773239136,10.0,7.0,1.915260403912523,2.9354521433512373,16.900261335758096,26.947246196635987,58.63583979901685,36.82699742022143,0.3396226695756706,0.18604637032966845,certain_temperate,289.6233825683594,338.39697265625,POINT (541325.6559855456 8672445.419921257),dronbreen
dronbreen-20220328-DAT_0226_A1_1,2170.0,2132,143.61111450195312,541327.8317584819,8672449.64288665,432.91541544596356,2022-03-28 10:48:00.333333248+00:00,0,2022-05-03,100 MHz,20220328,47.522979736328125,143.40267944335938,143.81954956054688,0.5503911798978537,0.3090484405517578,11,2.884479308887002,0.11290232340494792,2.9031842443487714,2.9386898898891705,140.51599140721353,146.70623759669272,53.880218505859375,39.81092834472656,26.370830759160285,16.301044024658204,10.0,7.0,1.9400339834896614,2.9354521433512373,16.676469873352843,26.604535817624676,57.39882776848006,36.29231908210588,0.3309143578555113,0.1836266701962099,certain_temperate,289.30430094401044,336.82728068033856,POINT (541327.8317584819 8672449.64288665),dronbreen
dronbreen-20220328-DAT_0226_A1_1,2175.0,2137,143.50689697265625,541330.5825284999,8672454.689933037,432.49127197265625,2022-03-28 10:48:02+00:00,0,2022-05-03,100 MHz,20220328,45.95972442626953,143.40267944335938,143.81954956054688,0.5601710708959966,0.3090484405517578,11,2.882403821723846,0.11290232340494792,2.9011221388845283,2.938501379068459,140.5180653051914,146.70416369871484,52.21275329589844,39.18561553955078,25.853916453463754,15.760248843383788,10.0,7.0,1.968943967896958,2.935435612996419,16.151748084716573,26.09441546709658,55.7473710385639,35.65099779688532,0.32026143269634405,0.18015800633184864,certain_temperate,288.984375,334.94409942626953,POINT (541330.5825284999 8672454.689933037),dronbreen
dronbreen-20220328-DAT_0226_A1_1,2180.0,2141,143.50689697265625,541332.7350825088,8672458.524496762,432.2067337036133,2022-03-28 10:48:03.249999872+00:00,0,2022-05-03,100 MHz,20220328,44.709129333496094,143.40267944335938,143.81954956054688,0.5165161465571856,0.3090484405517578,11,2.882403821723846,0.0,2.898924409172427,2.9283170458716583,140.52027562163553,146.70195338227072,51.06635284423828,38.664527893066406,25.413120813924902,15.451211714172363,10.0,7.0,1.9937300610144275,2.5967286427815752,15.79423637396288,25.623127613614578,54.34018228396705,35.390698453337635,0.3115469031569608,0.17708640734366313,certain_temperate,288.69983673095703,333.4089660644531,POINT (541332.7350825088 8672458.524496762),dronbreen
dronbreen-20220328-DAT_0226_A1_1,2185.0,2147,143.50689697265625,541335.4361505568,8672463.213347113,431.91971588134766,2022-03-28 10:48:04.750000128+00:00,0,2022-05-03,100 MHz,20220328,43.562744140625,143.50689697265625,143.81954956054688,0.5126787337764492,0.3090031951904297,11,2.882403821723846,0.0,2.89891958600547,2.9276426140420306,140.6244931509324,146.70195338227072,49.607322692871094,37.935020446777344,24.601678327338774,14.446883461761473,10.0,7.0,2.016455671252152,2.0322418212890625,14.727815250472094,24.76769421678513,52.47020590640274,35.0721372332457,0.30355854010922856,0.1714320276329741,certain_temperate,288.4128189086914,331.9755630493164,POINT (541335.4361505568 8672463.213347113),dronbreen
dronbreen-20220328-DAT_0226_A1_1,2190.0,2151,143.50689697265625,541337.7853752136,8672467.193534464,431.7301330566406,2022-03-28 10:48:06+00:00,0,2022-05-03,100 MHz,20220328,42.833213806152344,143.50689697265625,143.92376708984375,0.48087758770671307,0.3090484405517578,11,2.882403821723846,0.0,2.898924409172427,2.9222414420863414,140.6244931509324,146.8061709115676,48.66937255859375,37.41393280029297,23.991877243041476,13.674335884094237,10.0,7.0,2.030920036073268,1.467730204264323,13.902026111918397,24.122376371133196,51.175139536074624,34.908165822812094,0.2984749493560144,0.16718274695614718,certain_temperate,288.2232360839844,331.0564498901367,POINT (541337.7853752136 8672467.193534464),dronbreen
dronbreen-20220328-DAT_0226_A1_1,2195.0,2155,143.50689697265625,541340.25390637,8672471.239426272,431.55809529622394,2022-03-28 10:48:07.333333248+00:00,0,2022-05-03,100 MHz,20220328,42.207916259765625,143.50689697265625,143.92376708984375,0.4667062119745489,0.30902581787109373,11,2.882403821723846,0.11290232340494792,2.9011197290407313,2.922124811573609,140.6222828344883,146.8083812280117,47.83563232421875,36.89283752441406,23.406575349593112,12.82451488494873,10.0,7.0,2.0433192108401066,1.5806242624918623,13.082114068102209,23.548700517284303,50.41894927274949,34.309520575883326,0.29411768458632276,0.16310418414282202,certain_temperate,288.0511983235677,330.2591145833333,POINT (541340.25390637 8672471.239426272),dronbreen
dronbreen-20220328-DAT_0226_A1_1,2200.0,2160,143.61111450195312,541342.7498947554,8672475.53429215,431.35762786865234,2022-03-28 10:48:08.750000128+00:00,0,2022-05-03,100 MHz,20220328,41.4783935546875,143.50689697265625,143.92376708984375,0.461600740597081,0.30902581787109373,11,2.884479308887002,0.0,2.900985666891192,2.921180605015207,140.62241766376926,146.80824639873074,46.897674560546875,36.37175750732422,22.69289438766306,11.82018663253784,10.0,7.0,2.059853653839712,1.8064371744791667,12.133549537072955,22.857682910352192,49.63742132632234,33.632010741548754,0.288824397042914,0.1580162821405751,certain_temperate,287.7465133666992,329.2249069213867,POINT (541342.7498947554 8672475.53429215),dronbreen
dronbreen-20220328-DAT_0226_A1_1,2205.0,2165,143.50689697265625,541345.4237116546,8672479.94983239,431.07254900251115,2022-03-28 10:48:10.285714432+00:00,0,2022-05-03,100 MHz,20220328,40.540435791015625,143.50689697265625,143.92376708984375,0.43313329139981904,0.3090484405517578,11,2.882403821723846,0.11290232340494792,2.9011221388845283,2.916951006485592,140.6222828344883,146.8083812280117,45.647071838378906,35.642242431640625,22.00059397292019,10.275068854522704,10.0,7.0,2.076390341748902,1.806420644124349,10.637273727793662,22.172069988075513,48.399262310498656,32.890051959520875,0.2824981700965925,0.15330687539785753,certain_temperate,287.5656520298549,328.1060878208705,POINT (541345.4237116546 8672479.94983239),dronbreen
dronbreen-20220328-DAT_0226_A1_1,2210.0,2170,143.50689697265625,541347.8989428936,8672484.013668606,430.7481907435826,2022-03-28 10:48:11.714285568+00:00,0,2022-05-03,100 MHz,20220328,39.70671081542969,143.50689697265625,143.92376708984375,0.4215807321175267,0.30902581787109373,11,2.882403821723846,0.0,2.89892199750168,2.9130709063084925,140.6244931509324,146.8061709115676,44.50068664550781,35.016929626464844,21.336403948714963,8.807190563964843,10.0,7.0,2.092928918647252,1.806420644124349,9.230932381510545,21.51477725807934,47.26537595934194,32.25224031263072,0.2766885191796419,0.14867859593382743,certain_temperate,287.24129377092635,326.94800458635603,POINT (541347.8989428936 8672484.013668606),dronbreen
dronbreen-20220328-DAT_0226_A1_1,2215.0,2175,143.50689697265625,541350.5344448168,8672488.42804132,430.35516357421875,2022-03-28 10:48:13.249999872+00:00,0,2022-05-03,100 MHz,20220328,38.87297058105469,143.40267944335938,143.81954956054688,0.3962222624709272,0.15451290893554687,11,2.882403821723846,0.0,2.8865422273917902,2.909509215102405,140.52027562163553,146.70195338227072,42.10369110107422,34.391639709472656,20.65888915615707,7.493842149353027,10.0,7.0,2.109469938361113,1.8064371744791667,7.991917720147618,20.84473026576678,44.880934101999685,31.61439670854719,0.2708787619347768,0.14395746540386423,certain_temperate,286.8482666015625,325.7212371826172,POINT (541350.5344448168 8672488.42804132),dronbreen
dronbreen-20220328-DAT_0226_A1_1,2220.0,2180,143.50689697265625,541353.0010326369,8672492.846087612,429.941162109375,2022-03-28 10:48:14.666666752+00:00,0,2022-05-03,100 MHz,20220328,38.03923034667969,143.40267944335938,143.81954956054688,0.4280848113441467,0.30902581787109373,11,2.882403821723846,0.11290232340494792,2.9011197290407313,2.916205639494928,140.5180653051914,146.70416369871484,40.540435791015625,33.87055206298828,20.08851639133046,6.721283260345459,10.0,7.0,2.126013048269284,1.5806242624918623,7.224538269425201,20.26244791098405,43.189644076634025,31.22134377736988,0.2650690046899116,0.13998293333008321,certain_temperate,286.43426513671875,324.47349548339844,POINT (541353.0010326369 8672492.846087612),dronbreen
dronbreen-20220328-DAT_0226_A1_1,2225.0,2184,143.40267944335938,541355.3342400093,8672497.135973463,429.5393371582031,2022-03-28 10:48:16+00:00,0,2022-05-03,100 MHz,20220328,37.309715270996094,143.2984619140625,143.71531677246094,0.41377905208590704,0.15451290893554687,11,2.8803283473614525,0.11290232340494792,2.8866784653424626,2.9120871256178624,140.41592165879385,146.5978570277296,39.081398010253906,33.24525451660156,19.578155095250466,6.103225968933105,10.0,7.0,2.13842157180275,2.032225290934245,6.778801787906441,19.799165219411297,42.0314465610178,30.295205965837667,0.26017446407431,0.13652572721267295,certain_temperate,286.13665771484375,323.44637298583984,POINT (541355.3342400093 8672497.135973463),dronbreen
dronbreen-20220328-DAT_0226_A1_1,2230.0,2189,143.40267944335938,541357.788983057,8672501.863823995,429.14088657924106,2022-03-28 10:48:17.428571392+00:00,0,2022-05-03,100 MHz,20220328,36.059112548828125,143.2984619140625,143.71531677246094,0.4016696850060958,0.30902581787109373,11,2.8803283473614525,0.11290232340494792,2.8990576536790518,2.910391186609987,140.41592165879385,146.5978570277296,37.518150329589844,32.61994171142578,18.981101800813388,5.71695500793457,10.0,7.0,2.1632421365756267,2.9354438781738286,6.780857015607441,19.328183382723935,41.16457972056459,28.973512320451036,0.2514535480703526,0.13236225344248514,certain_temperate,285.7382071358817,321.7973196847098,POINT (541357.788983057 8672501.863823995),dronbreen
dronbreen-20220328-DAT_0226_A1_1,2235.0,2194,143.2984619140625,541360.0229764953,8672506.026604537,428.8110122680664,2022-03-28 10:48:18.750000128+00:00,0,2022-05-03,100 MHz,20220328,34.49585723876953,143.19424438476562,143.61111450195312,0.42414916542116077,0.30902581787109373,11,2.8782528858275134,0.22580464680989584,2.903588188673843,2.918086689566096,140.30714767469593,146.49821121202282,35.74645233154297,31.890426635742188,18.37067457821586,5.3306670799255365,10.0,7.0,2.1922049889668695,3.274159113566081,6.6288680882637045,18.78849555108938,39.68674173901027,27.950137228274883,0.2407273377397242,0.12819868638389806,certain_temperate,285.5125503540039,320.00840759277344,POINT (541360.0229764953 8672506.026604537),dronbreen
dronbreen-20220328-DAT_0226_A1_1,2240.0,2199,143.19424438476562,541362.6611422497,8672510.574010342,428.4688720703125,2022-03-28 10:48:20.333333248+00:00,0,2022-05-03,100 MHz,20220328,32.82837677001953,143.09002685546875,143.61111450195312,0.40897911750635163,0.30902581787109373,11,2.8761774371498,0.33870697021484375,2.912493093168224,2.924787681216875,140.19397453176296,146.5071668256589,34.600067138671875,31.16089630126953,17.77336044467528,5.2534162811279295,10.0,7.0,2.223243102708803,3.161265055338542,6.521870074347301,18.188698362999887,38.46483189785798,27.29613154208343,0.2292576556485683,0.12412063432464454,certain_temperate,285.2746276855469,318.1030044555664,POINT (541362.6611422497 8672510.574010342),dronbreen
dronbreen-20220328-DAT_0226_A1_1,2245.0,2205,142.98580932617188,541365.1978680767,8672515.304395959,428.1839294433594,2022-03-28 10:48:22+00:00,0,2022-05-03,100 MHz,20220328,31.265113830566406,142.98580932617188,143.50689697265625,0.4189913447084252,0.15451290893554687,11,2.8720265784745362,0.22580464680989584,2.8850300942993328,2.91119874844121,140.104919809723,146.38778648910514,33.349464416503906,30.222946166992188,17.056625402927033,5.407934845733642,10.0,7.0,2.250147888652815,2.032233556111654,6.1999111318707705,17.32401826607126,36.3814833391683,27.190927244327796,0.21865885837136492,0.1192889384149887,certain_temperate,285.1981201171875,316.4632339477539,POINT (541365.1978680767 8672515.304395959),dronbreen
dronbreen-20220328-DAT_0226_A1_1,2250.0,2208,142.98580932617188,541367.181644156,8672518.826774832,428.03960571289065,2022-03-28 10:48:23.200000+00:00,0,2022-05-03,100 MHz,20220328,30.744033813476562,142.881591796875,143.40267944335938,0.4518729198725905,0.30902581787109373,11,2.8720265784745362,0.11290232340494792,2.890809671736499,2.909548545360357,140.0073469217653,146.27692431846907,32.82838439941406,29.806076049804688,16.681763504702253,5.485191300201416,10.0,7.0,2.2604969515787707,1.354827880859375,6.08545221447479,16.888654140625498,35.46379803959482,27.17066240962393,0.21501458052627345,0.11666726637640433,certain_temperate,285.0537963867188,315.79783020019534,POINT (541367.181644156 8672518.826774832),dronbreen
dronbreen-20220328-DAT_0226_A1_1,2255.0,2213,142.881591796875,541369.723223297,8672523.585232694,427.8750228881836,2022-03-28 10:48:24.750000128+00:00,0,2022-05-03,100 MHz,20220328,29.91028594970703,142.77737426757812,143.40267944335938,0.4694523588690253,0.6180516357421875,11,2.8699511685329293,0.11290232340494792,2.9379166885460446,2.9102838627256715,139.90520319948456,146.27485051145294,31.786209106445312,28.55547332763672,16.125001196474397,5.021652573394775,10.0,7.0,2.2749871159911534,1.919331232706706,5.837498893074975,16.397410232871223,34.762683322488385,25.578999111593646,0.20933617531521095,0.11285569396090023,certain_temperate,284.9934310913086,314.9037170410156,POINT (541369.723223297 8672523.585232694),dronbreen
dronbreen-20220328-DAT_0226_A1_1,2260.0,2219,142.881591796875,541372.3318383578,8672528.364369122,427.72060139973956,2022-03-28 10:48:26.333333248+00:00,0,2022-05-03,100 MHz,20220328,28.868125915527344,142.67315673828125,143.2984619140625,0.473223121122159,0.6180516357421875,11,2.8699511685329293,0.11290232340494792,2.9379166885460446,2.9108944959854455,139.80098567018769,146.17063298215606,30.535606384277344,26.992218017578125,15.454671461819407,4.3263501388549805,10.0,7.0,2.2956890383740762,1.80641237894694,5.220212578783947,15.728324253921611,33.45679002173043,24.07103438012504,0.2020423033680027,0.108164188734615,certain_temperate,284.83900960286456,313.7071355183919,POINT (541372.3318383578 8672528.364369122),dronbreen
dronbreen-20220328-DAT_0226_A1_1,2265.0,2223,142.77737426757812,541374.4887657505,8672532.15261803,427.54591878255206,2022-03-28 10:48:27.666666752+00:00,0,2022-05-03,100 MHz,20220328,28.13861083984375,142.56893920898438,143.19424438476562,0.4428269589981627,0.4635387268066406,11,2.8678757715594365,0.22580464680989584,2.9138578089653064,2.9106347924867073,139.6921877112671,146.0709958824829,29.597640991210938,25.8458251953125,15.016678373397536,4.09458077545166,10.0,7.0,2.308111442737551,1.580632527669271,4.9589685768635885,15.275025597022331,32.39510012757418,23.048366058949256,0.19708032161390898,0.1051754765097086,certain_temperate,284.76854451497394,312.9071553548177,POINT (541374.4887657505 8672532.15261803),dronbreen
dronbreen-20220328-DAT_0226_A1_1,2270.0,2228,142.67315673828125,541377.0981163869,8672536.6991692,427.2413787841797,2022-03-28 10:48:29.249999872+00:00,0,2022-05-03,100 MHz,20220328,27.200645446777344,142.4647216796875,143.09002685546875,0.46565106263252576,0.4635387268066406,11,2.8658003875822313,0.11290232340494792,2.9052412890061685,2.905579065905367,139.59669817976692,145.95805035538933,29.38921356201172,24.386795043945312,14.516026525147804,4.249082373046875,10.0,7.0,2.3246763958853713,1.6935431162516277,5.130975506190566,14.79821728151687,32.26535831361757,21.510650292339463,0.19065005687561842,0.10174322105857596,certain_temperate,284.56822204589844,311.7688674926758,POINT (541377.0981163869 8672536.6991692),dronbreen
dronbreen-20220328-DAT_0226_A1_1,2275.0,2233,142.67315673828125,541379.5683343648,8672540.9933186,426.85426839192706,2022-03-28 10:48:30.666666752+00:00,0,2022-05-03,100 MHz,20220328,26.47112274169922,142.4647216796875,142.98580932617188,0.45622207456323577,0.4635387268066406,11,2.8658003875822313,0.0,2.9030466776674446,2.901887393195203,139.59892129210527,145.8516097137541,28.868125915527344,23.03197479248047,14.034157858581993,4.558102535247802,10.0,7.0,2.3391718795285485,1.3548196156819663,5.299392417517899,14.29212538682097,31.571320557615437,20.328780150392376,0.18553681257826013,0.09836579059035026,certain_temperate,284.1811116536458,310.65223439534503,POINT (541379.5683343648 8672540.9933186),dronbreen
dronbreen-20220328-DAT_0226_A1_1,2280.0,2237,142.67315673828125,541381.9855548487,8672545.037716227,426.4643249511719,2022-03-28 10:48:32+00:00,0,2022-05-03,100 MHz,20220328,25.950042724609375,142.36050415039062,142.881591796875,0.4349460051144451,0.4635387268066406,11,2.8658003875822313,0.11290232340494792,2.9052412890061685,2.900816578734636,139.49248065047004,145.74961529679558,27.930160522460938,21.885574340820312,13.654446327661681,5.2534162811279295,10.0,7.0,2.3495263646146767,1.2419090270996094,5.887358897878654,13.910661978662429,30.587718079619563,19.228016783661687,0.18188454869763604,0.0957043822385546,certain_temperate,283.7911682128906,309.7412109375,POINT (541381.9855548487 8672545.037716227),dronbreen
dronbreen-20220328-DAT_0226_A1_1,2285.0,2242,142.56893920898438,541384.4523689449,8672549.367218342,426.0865173339844,2022-03-28 10:48:33.428571392+00:00,0,2022-05-03,100 MHz,20220328,25.22052764892578,142.2563018798828,142.77737426757812,0.45859533739070024,0.46351610412597655,11,2.8637250166295702,0.22580464680989584,2.9097690437859662,2.9089892390429126,139.38368831217292,145.64998783528802,26.6795654296875,20.426544189453125,13.119762618528776,5.794205806732178,10.0,7.0,2.361952556311739,1.4677219390869143,6.426962618493552,13.411234049679756,29.4603976016721,17.645712017468526,0.17690057728462386,0.0920239898769058,certain_temperate,283.517578125,308.7381057739258,POINT (541384.4523689449 8672549.367218342),dronbreen
dronbreen-20220328-DAT_0226_A1_1,2290.0,2248,142.4647216796875,541387.0701519421,8672554.126729183,425.71917724609375,2022-03-28 10:48:35+00:00,0,2022-05-03,100 MHz,20220328,24.38678741455078,142.15206909179688,142.67315673828125,0.44571269649896644,0.4635387268066406,11,2.861649658729791,0.22580464680989584,2.9077301558223714,2.9049417060673783,139.28152445569918,145.54370137437894,25.63739776611328,18.759063720703125,12.54595539573794,6.335012299346923,10.0,7.0,2.376451014460172,1.5806242624918623,6.948256854505561,12.866502604637851,28.49149876000027,15.904962726816137,0.17117772826160532,0.08806359390464265,certain_temperate,283.25445556640625,307.64124298095703,POINT (541387.0701519421 8672554.126729183),dronbreen
dronbreen-20220328-DAT_0226_A1_1,2295.0,2252,142.36050415039062,541389.3322947532,8672558.2284009,425.4740804036458,2022-03-28 10:48:36.333333248+00:00,0,2022-05-03,100 MHz,20220328,23.553054809570312,142.04786682128906,142.56893920898438,0.42274517464551437,0.4635387268066406,11,2.859574313911313,0.11290232340494792,2.8990999193993146,2.892857700284903,139.18606455848132,145.43074147179212,24.907867431640625,17.508460998535156,12.185531700130687,6.798534059143066,10.0,7.0,2.3909504402117236,1.8064371744791667,7.429665175915884,12.54858725465854,27.90450876368037,14.511819666495413,0.16544655380461917,0.0855962949334445,certain_temperate,283.1135762532552,306.6666310628255,POINT (541389.3322947532 8672558.2284009),dronbreen
dronbreen-20220328-DAT_0226_A1_1,2300.0,2257,142.36050415039062,541391.9091633306,8672562.78949166,425.24088287353516,2022-03-28 10:48:37.750000128+00:00,0,2022-05-03,100 MHz,20220328,22.615089416503906,142.04786682128906,142.4647216796875,0.3907015593887218,0.46351610412597655,11,2.859574313911313,0.11288579305013022,2.899095658621501,2.888348345951833,139.18606521058052,145.32652329039604,24.074142456054688,16.15363311767578,11.737703474592605,6.7985453704833985,10.0,7.0,2.4095945177386615,1.8064371744791667,7.4356963466630175,12.117881162262643,27.085680436100176,13.142095137630292,0.15885789075748966,0.08245056130310421,certain_temperate,282.88037872314453,305.49546813964844,POINT (541391.9091633306 8672562.78949166),dronbreen
dronbreen-20220328-DAT_0226_A1_1,2305.0,2262,142.2563018798828,541394.6009300776,8672567.6775763,424.9958975655692,2022-03-28 10:48:39.285714432+00:00,0,2022-05-03,100 MHz,20220328,21.7813720703125,142.04786682128906,142.36050415039062,0.3593715831710525,0.30902581787109373,11,2.8574992860569783,0.22580464680989584,2.8830169726257213,2.888847147761188,139.1814596784817,145.226911293198,23.136199951171875,14.694610595703125,11.293575019074684,6.489508241271972,10.0,7.0,2.4240964265161478,1.4677136739095051,7.081253005447986,11.643679127539414,25.970000740505753,11.860809806369247,0.15311358289563912,0.07938892597257771,certain_temperate,282.73959568568637,304.52096775599887,POINT (541394.6009300776 8672567.6775763),dronbreen
dronbreen-20220328-DAT_0226_A1_1,2310.0,2267,142.15206909179688,541397.0403191802,8672572.006259015,424.74085780552457,2022-03-28 10:48:40.714285568+00:00,0,2022-05-03,100 MHz,20220328,21.051841735839844,142.04786682128906,142.2563018798828,0.3107486902118552,0.1544902862548828,11,2.855423663632351,0.22580464680989584,2.8685012264072074,2.881145047688665,139.18352884588313,145.12063985528874,22.198226928710938,13.235565185546875,10.764971668343302,5.639698553466797,10.0,7.0,2.4365274523932197,1.2419172922770183,6.26779262269405,11.106918546894834,24.933007465997704,10.500784648260122,0.14809381158036675,0.07572856123108315,certain_temperate,282.5887887137277,303.64063044956754,POINT (541397.0403191802 8672572.006259015),dronbreen
dronbreen-20220328-DAT_0226_A1_1,2315.0,2271,142.04786682128906,541399.2414810063,8672575.716158597,424.4852294921875,2022-03-28 10:48:42+00:00,0,2022-05-03,100 MHz,20220328,20.426551818847656,142.04786682128906,142.15206909179688,0.3033528086588777,0.1544902862548828,11,2.853348662079605,0.33870697021484375,2.8775316240852518,2.8893500870584754,139.17448536400505,145.0254505490809,21.468727111816406,12.089187622070312,10.37514455795565,4.867139664459228,10.0,7.0,2.4468873503226973,1.467730204264323,5.641855915479525,10.760349169806515,24.322056685784162,9.235858048102557,0.14380048272422405,0.07303977729569609,certain_temperate,282.43736267089844,302.8639144897461,POINT (541399.2414810063 8672575.716158597),dronbreen
dronbreen-20220328-DAT_0226_A1_1,2320.0,2277,141.83941650390625,541402.1001563069,8672580.766692005,424.1648763020833,2022-03-28 10:48:43.666666752+00:00,0,2022-05-03,100 MHz,20220328,19.384361267089844,141.83941650390625,142.04786682128906,0.33402496372135715,0.15453553161621092,11,2.849197787038913,0.4516092936197917,2.8889029430361814,2.9040405748095637,138.95464979171769,144.93263353347763,19.592796325683594,0.0,9.621326417955272,2.9357226470947264,9.0,6.0,2.4634642723653823,3.0483462015787763,4.896890671289826,10.388984205722158,23.512116520041346,0.0,0.13666413571685837,0.06783252959652651,uncertain_temperate,282.32545979817706,301.7098210652669,POINT (541402.1001563069 8672580.766692005),dronbreen
dronbreen-20220328-DAT_0226_A1_1,2325.0,2282,141.63099670410156,541404.3372843076,8672584.433400897,423.9093933105469,2022-03-28 10:48:45+00:00,0,2022-05-03,100 MHz,20220328,17.195823669433594,141.5267791748047,141.94363403320312,0.37364923610189177,0.3090031951904297,11,2.8450475727057523,0.33869043986002606,2.8817511828139093,2.8893979747779635,138.66164271993705,144.80877048807076,18.550643920898438,0.104217529296875,9.022004001866867,3.0902355560302732,9.0,6.0,2.502839370648285,3.0483462015787763,5.010606277857061,9.846480370652683,22.494831984359266,0.0,0.12141285502183867,0.063700773219268,uncertain_temperate,282.2783966064453,299.4742202758789,POINT (541404.3372843076 8672584.433400897),dronbreen
dronbreen-20220328-DAT_0226_A1_1,2330.0,2286,141.5267791748047,541406.639503559,8672588.474307979,423.61939493815106,2022-03-28 10:48:46.333333248+00:00,0,2022-05-03,100 MHz,20220328,16.25786590576172,141.31834411621094,141.83941650390625,0.4538361783465586,0.4635387268066406,11,2.84297233356879,0.33870697021484375,2.900358986808221,2.898824137109028,138.45526638392533,144.70249423619185,17.92534637451172,0.20843505859375,8.587973023374888,4.789877554321289,9.0,6.0,2.519420618444408,2.032233556111654,5.78103627947619,9.177730336496264,21.162235850417403,0.0,0.11487483853272078,0.060680904867958456,uncertain_temperate,282.0926157633464,298.3504816691081,POINT (541406.639503559 8672588.474307979),dronbreen
dronbreen-20220328-DAT_0226_A1_1,2335.0,2291,141.31834411621094,541409.6455166991,8672593.715489037,423.23382568359375,2022-03-28 10:48:48+00:00,0,2022-05-03,100 MHz,20220328,15.00726318359375,141.1099090576172,141.63099670410156,0.4817007921453273,0.46351610412597655,11,2.8388218953465754,0.33872350056966144,2.896289098505432,2.899254907125402,138.25095061732162,144.48995514439713,17.091598510742188,0.20843505859375,8.122431869502925,7.416597006225586,9.0,6.0,2.5401487489016206,1.6935183207194011,8.020366021692093,8.677226483380247,20.144524970576867,0.0,0.10619472848657752,0.0574761324886709,uncertain_temperate,281.9154815673828,296.92274475097656,POINT (541409.6455166991 8672593.715489037),dronbreen
dronbreen-20220328-DAT_0226_A1_1,2340.0,2294,141.214111328125,541411.5712430779,8672597.12449545,422.9666442871094,2022-03-28 10:48:49+00:00,0,2022-05-03,100 MHz,20220328,14.381950378417969,140.90147399902344,141.5267791748047,0.5068679446408968,0.6180516357421875,11,2.83674639248503,0.22580464680989584,2.912062097250223,2.8905073857546637,138.05575478697918,144.37249838684895,16.570510864257812,0.3126373291015625,7.886908914438064,9.270729290771484,9.0,6.0,2.550513442518772,1.5806242624918623,9.744224620892894,8.438413601162809,19.571092787759795,0.0,0.10184499440711049,0.055850713786754984,uncertain_temperate,281.7525329589844,296.13448333740234,POINT (541411.5712430779 8672597.12449545),dronbreen
dronbreen-20220328-DAT_0226_A1_1,2345.0,2299,141.1099090576172,541414.4492621771,8672601.95854433,422.57379150390625,2022-03-28 10:48:50.500000+00:00,0,2022-05-03,100 MHz,20220328,13.339790344238281,140.79725646972656,141.42254638671875,0.5269223730232944,0.6180290130615234,11,2.834671510722115,0.22578811645507815,2.910034829382241,2.892056367781311,137.95360690495386,144.26619595149145,15.736785888671875,0.312652587890625,7.575375256457608,10.35230834197998,9.0,6.0,2.569171324457047,1.919331232706706,10.837654805477248,8.226225376891032,18.943727371651548,0.0,0.09453475261465483,0.053684218968382116,uncertain_temperate,281.46388244628906,294.80367279052734,POINT (541414.4492621771 8672601.95854433),dronbreen
dronbreen-20220328-DAT_0226_A1_1,2350.0,2303,141.0056915283203,541416.6068971405,8672605.71587422,422.25217692057294,2022-03-28 10:48:51.666666752+00:00,0,2022-05-03,100 MHz,20220328,12.401840209960938,140.6930389404297,141.31834411621094,0.5530737202942703,0.4635387268066406,11,2.8325963385826665,0.33870697021484375,2.890189021547478,2.9058931448186787,137.8402640756666,144.17111898097403,15.111480712890625,0.312652587890625,7.391334091582807,10.352297030639647,9.0,6.0,2.585757186892434,9.59665616353353,14.351027961830553,12.386031220857076,25.050391606477106,0.0,0.08795276329303409,0.05241869325606827,uncertain_temperate,281.2464853922526,293.64832560221356,POINT (541416.6068971405 8672605.71587422),dronbreen
dronbreen-20220328-DAT_0226_A1_1,2355.0,2308,140.79725646972656,541419.2294348952,8672610.25406238,421.8888462611607,2022-03-28 10:48:53.142856960+00:00,0,2022-05-03,100 MHz,20220328,4.1686859130859375,140.6930389404297,141.214111328125,0.6202297106863276,0.46351610412597655,11,2.828446034797338,0.33870697021484375,2.88611790511355,2.9153926455026515,137.8443849804983,144.0627652880564,14.17352294921875,0.833740234375,7.076059414884287,4.789888865661621,10.0,6.0,2.7454519695198405,2.2580464680989585,5.964839957150881,7.918768667665896,17.728277563680138,0.0,0.029607721184412888,0.050257083073246826,uncertain_temperate,281.09158979143416,285.2602757045201,POINT (541419.2294348952 8672610.25406238),dronbreen
dronbreen-20220328-DAT_0226_A1_1,2360.0,2314,140.6930389404297,541421.9983675765,8672614.985073932,421.57044219970703,2022-03-28 10:48:54.750000128+00:00,0,2022-05-03,100 MHz,20220328,10.004837036132812,140.5888214111328,141.0056915283203,0.6081723961789554,0.4635387268066406,11,2.826370903210919,0.22580464680989584,2.8730172941156775,2.899867908114489,137.75344485394712,143.841068085506,13.13134765625,0.0,7.009343824271468,2.9357452697753903,9.0,5.0,2.6272271403118737,5.757985432942709,6.976769953336595,9.443919712684151,19.460385394545753,0.0,0.0711111019527336,0.04982011815978521,uncertain_temperate,280.87740325927734,290.88224029541016,POINT (541421.9983675765 8672614.985073932),dronbreen
dronbreen-20220328-DAT_0226_A1_1,2365.0,2319,140.5888214111328,541424.5916082418,8672619.732833605,421.30438232421875,2022-03-28 10:48:56.333333248+00:00,0,2022-05-03,100 MHz,20220328,9.275314331054688,140.38038635253906,140.90147399902344,0.6183183064973831,0.4635387268066406,11,2.824295785201784,0.33870697021484375,2.8820543446004274,2.9109597424441427,137.5358531581501,143.7460071934124,12.297622680664062,0.0,6.797918194793705,2.7812323608398435,9.0,4.0,2.6396694597369366,1.1290232340494792,3.997224257490966,7.379311627977148,15.168606539847431,0.0,0.06597476412388648,0.048353191431302504,uncertain_temperate,280.71556091308594,289.9908752441406,POINT (541424.5916082418 8672619.732833605),dronbreen
dronbreen-20220328-DAT_0226_A1_1,2370.0,2323,140.38038635253906,541426.8171481075,8672623.771416714,421.07049560546875,2022-03-28 10:48:57.666666752+00:00,0,2022-05-03,100 MHz,20220328,8.650009155273438,140.2761688232422,140.79725646972656,0.640901216307013,0.6180516357421875,11,2.8201455900352475,0.33870697021484375,2.906876568606064,2.911820380746584,137.4357562545002,143.63766903846854,11.568084716796875,0.0,6.548374395209554,2.7812323608398435,9.0,4.0,2.647964673218574,1.1290067036946614,4.002702398703132,7.153151771592515,14.446690811350464,0.0,0.06161835980099498,0.04664735982963131,uncertain_temperate,280.6901092529297,289.3401184082031,POINT (541426.8171481075 8672623.771416714),dronbreen
dronbreen-20220328-DAT_0226_A1_1,2375.0,2328,140.2761688232422,541429.1970902426,8672628.186949793,420.7865905761719,2022-03-28 10:48:59+00:00,0,2022-05-03,100 MHz,20220328,7.920501708984375,140.17193603515625,140.5888214111328,0.6345534772718954,0.4635387268066406,11,2.8180705129380095,0.33870697021484375,2.875954098870901,2.9084191484517268,137.33358372658657,143.4271737197025,10.734359741210938,0.1042327880859375,6.245226424713945,2.7812323608398435,9.0,4.0,2.660407684341648,1.1290067036946614,4.010944854878255,6.88151714957079,13.624416000852193,0.0,0.05646363010501636,0.044520936643082744,uncertain_temperate,280.5104217529297,288.43092346191406,POINT (541429.1970902426 8672628.186949793),dronbreen
dronbreen-20220328-DAT_0226_A1_1,2380.0,2332,140.06773376464844,541431.2884312564,8672632.07962096,420.4759041922433,2022-03-28 10:49:00.142856960+00:00,0,2022-05-03,100 MHz,20220328,7.295196533203125,139.96351623535156,140.48458862304688,0.6144723914792826,0.4635387268066406,11,2.8139203998666655,0.33870697021484375,2.8718876335447763,2.900077024554376,137.12928434144135,143.3188205169571,9.900634765625,0.0,5.995902079789643,2.6267194519042967,9.0,4.0,2.6687035536286556,1.1290232340494792,3.9110519300037643,6.659392905558248,12.798335944175633,0.0,0.05208334808544145,0.04280716135426576,uncertain_temperate,280.4081704275949,287.703366960798,POINT (541431.2884312564 8672632.07962096),dronbreen
dronbreen-20220328-DAT_0226_A1_1,2385.0,2337,139.96351623535156,541434.0385985636,8672637.268672174,420.0699971516927,2022-03-28 10:49:01.666666752+00:00,0,2022-05-03,100 MHz,20220328,6.565673828125,139.75509643554688,140.38038635253906,0.6173560296629437,0.4635387268066406,11,2.811845363953254,0.22580464680989584,2.85872878051694,2.8876617801722455,136.9341990447674,143.20128374331853,9.06689453125,0.0,5.734889954135976,2.626696829223633,9.0,4.0,2.6811478406759486,1.1290232340494792,3.9195386768391933,6.430568403542146,11.976060598456343,0.0,0.046909894840628914,0.04097417747416862,uncertain_temperate,280.1064809163411,286.6721547444661,POINT (541434.0385985636 8672637.268672174),dronbreen
dronbreen-20220328-DAT_0226_A1_1,2390.0,2341,139.8592987060547,541436.4019120027,8672641.807770193,419.7352294921875,2022-03-28 10:49:03+00:00,0,2022-05-03,100 MHz,20220328,6.044586181640625,139.54664611816406,140.2761688232422,0.6226075679365124,0.6180516357421875,11,2.8097703418286293,0.22578811645507815,2.8857888820555977,2.886768059786571,136.72781841017053,143.09499653123572,8.44158935546875,0.0,5.526068621518219,2.626696829223633,9.0,4.0,2.6894443506413426,0.9032185872395834,3.8663226668483306,6.2117911379295405,11.278650287407231,0.0,0.04321905112898258,0.03951162827673315,uncertain_temperate,279.8759307861328,285.92051696777344,POINT (541436.4019120027 8672641.807770193),dronbreen
dronbreen-20220328-DAT_0226_A1_1,2395.0,2345,139.75509643554688,541438.1743854728,8672645.212096648,419.5028381347656,2022-03-28 10:49:04+00:00,0,2022-05-03,100 MHz,20220328,5.5235137939453125,139.4424285888672,140.06773376464844,0.5873620963673332,0.6180516357421875,11,2.8076956373303004,0.33870697021484375,2.8947996524801702,2.888402921305258,136.61437674995835,142.89578560355727,7.712066650390625,0.0,5.296421220146054,2.317693634033203,9.0,4.0,2.6977411127437048,1.1290232340494792,3.7315150214958566,6.05017175918375,10.636532511776466,0.0,0.03952280764582121,0.03789787532069495,uncertain_temperate,279.74774169921875,285.27125549316406,POINT (541438.1743854728 8672645.212096648),dronbreen
dronbreen-20220328-DAT_0226_A1_1,2400.0,2350,139.54664611816406,541441.0723271383,8672650.636122786,419.20044962565106,2022-03-28 10:49:05.666666752+00:00,0,2022-05-03,100 MHz,20220328,4.68975830078125,139.23399353027344,139.96351623535156,0.5897092891850177,0.6180516357421875,11,2.8035453584936425,0.4516258239746094,2.9061693492388883,2.9002740401146734,136.39430473358954,142.80320503203546,6.878326416015625,0.0,5.041884635289389,2.3176710113525387,9.0,4.0,2.7101867235886297,1.1290232340494792,3.7405085826132676,5.834415670425517,9.81427695029572,0.0,0.03360710150504154,0.03613046085693859,uncertain_temperate,279.653803507487,284.34356180826825,POINT (541441.0723271383 8672650.636122786),dronbreen
dronbreen-20220328-DAT_0226_A1_1,2405.0,2354,139.3382110595703,541443.3883778931,8672655.04971381,418.9914245605469,2022-03-28 10:49:07+00:00,0,2022-05-03,100 MHz,20220328,4.064453125,139.23399353027344,139.8592987060547,0.5891996738659779,0.7725645446777343,11,2.7993954391104774,0.4516092936197917,2.938949090115279,2.8961564243459095,136.39840438891386,142.69488784741426,6.044586181640625,0.0,4.885560071686427,2.3176710113525387,9.0,4.0,2.7184841059488076,1.1290067036946614,3.746519836881646,5.70381531830585,8.988191449213673,0.0,0.02916969504698429,0.03506260080802772,uncertain_temperate,279.65321350097656,283.71766662597656,POINT (541443.3883778931 8672655.04971381),dronbreen
dronbreen-20220328-DAT_0226_A1_1,2410.0,2359,139.12977600097656,541445.5825480137,8672659.273459936,418.85255940755206,2022-03-28 10:49:08.333333248+00:00,0,2022-05-03,100 MHz,20220328,3.2307281494140625,139.12977600097656,139.75509643554688,0.5709921961480419,0.7725871673583984,11,2.795245575621714,0.22580464680989584,2.9088273406513117,2.8618905734873357,136.325424816379,142.55944762014443,5.10662841796875,0.0,4.641203771587687,2.163158102416992,9.0,4.0,2.7309303328324783,1.1290067036946614,3.6622246785013446,5.502127685647777,8.061731905119757,0.0,0.02322096852503655,0.033358810062018,uncertain_temperate,279.7227834065755,282.95351155598956,POINT (541445.5825480137 8672659.273459936),dronbreen
dronbreen-20220328-DAT_0226_A1_1,2415.0,2363,139.12977600097656,541447.7097018692,8672663.18498517,418.7191162109375,2022-03-28 10:49:09.666666752+00:00,0,2022-05-03,100 MHz,20220328,2.8138580322265625,138.9213409423828,139.65086364746094,0.5770179533809507,0.7725645446777343,11,2.795245575621714,0.22580464680989584,2.908821332128672,2.8630988954413796,136.11698975778526,142.4552148320585,4.585540771484375,0.0,4.503429170765087,2.16320334777832,9.0,4.0,2.7392283213827193,1.2419255574544272,3.704753650482446,5.415406280513181,7.593156253377572,0.0,0.020224700370442713,0.032368550429733155,uncertain_temperate,279.58934020996094,282.4031982421875,POINT (541447.7097018692 8672663.18498517),dronbreen
dronbreen-20220328-DAT_0226_A1_1,2420.0,2369,138.9213409423828,541450.3478841801,8672667.918678714,418.5301208496094,2022-03-28 10:49:11.333333248+00:00,0,2022-05-03,100 MHz,20220328,1.8759002685546875,138.71290588378906,139.4424285888672,0.582298868406489,0.6180516357421875,11,2.791095768276665,0.4516092936197917,2.894158662931123,2.8867349226978134,135.88551016656524,142.269824306091,3.4391632080078125,0.0,4.35257563586366,1.6996193756103515,9.0,4.0,2.753750374270242,1.2419090270996094,3.4661484644104785,5.298150037635678,6.460004010728966,0.0,0.013503326816667507,0.03133122388783216,uncertain_temperate,279.60877990722656,281.48468017578125,POINT (541450.3478841801 8672667.918678714),dronbreen
dronbreen-20220328-DAT_0226_A1_1,2425.0,2373,138.71290588378906,541452.6025984184,8672671.834145702,418.3458964029948,2022-03-28 10:49:12.666666752+00:00,0,2022-05-03,100 MHz,20220328,1.2506103515625,138.6086883544922,139.3382110595703,0.6099575447094426,0.6180516357421875,11,2.7869460173261285,0.33870697021484375,2.874678823730693,2.872949481196991,135.80123568077494,142.14566373328756,2.7096405029296875,0.0,4.2419678012020245,1.3905935577392576,9.0,4.0,2.7620487101417455,1.0161209106445312,3.255021539878143,5.162916385985685,5.652668668313908,0.0,0.009015818272960389,0.030580916564143364,uncertain_cold,279.63299051920575,280.88360087076825,POINT (541452.6025984184 8672671.834145702),dronbreen
dronbreen-20220328-DAT_0226_A1_1,2430.0,2378,138.6086883544922,541455.3609211016,8672676.65684821,418.1327781677246,2022-03-28 10:49:14.249999872+00:00,0,2022-05-03,100 MHz,20220328,0.6252899169921875,138.50448608398438,139.23399353027344,0.6396613793284918,0.6180290130615234,11,2.784871163077584,0.11290232340494792,2.8548579983174527,2.859619032279608,135.71732725650946,142.02115235774835,3.1265106201171875,0.0,4.438628871782319,1.62237423248291,8.0,3.0,2.7724226405338617,0.4516092936197917,3.2438212654295593,5.252780645833985,5.935474530855174,0.0,0.004511188471771743,0.03202273194037094,uncertain_cold,279.5240898132324,280.1493797302246,POINT (541455.3609211016 8672676.65684821),dronbreen
dronbreen-20220328-DAT_0226_A1_1,2435.0,2383,138.6086883544922,541457.5153665065,8672680.56147919,417.9833755493164,2022-03-28 10:49:15.500000+00:00,0,2022-05-03,100 MHz,20220328,0.729522705078125,138.50448608398438,139.12977600097656,0.6591280818480165,0.6180516357421875,11,2.784871163077584,0.11288579305013022,2.8548622421506167,2.8640356885860023,135.7173279260727,141.91693415888824,2.3969879150390625,0.0,4.38753704011356,1.0043452194213867,8.0,3.0,2.77034758253751,0.22578811645507815,2.955421344136628,5.193870163950213,5.176521329409866,0.0,0.005263181650001393,0.031654127112814304,uncertain_cold,279.3746871948242,280.10420989990234,POINT (541457.5153665065 8672680.56147919),dronbreen
dronbreen-20220328-DAT_0226_A1_1,2440.0,2388,138.50448608398438,541460.1169603218,8672685.340588475,417.823974609375,2022-03-28 10:49:17+00:00,0,2022-05-03,100 MHz,20220328,0.3126678466796875,138.1918182373047,139.0255584716797,0.729249640574876,0.6180516357421875,11,2.7827966268046698,0.11288579305013022,2.8528386026678056,2.878976433857455,135.40673291214353,141.81064379684085,1.66748046875,0.0,4.318502175269904,0.6952967788696288,8.0,3.0,2.7765718883351287,0.0,2.86230485130417,5.134083412733357,4.444052357085127,0.0,0.0022574564587756127,0.031179511201184576,uncertain_cold,279.3194885253906,279.6321563720703,POINT (541460.1169603218 8672685.340588475),dronbreen
dronbreen-20220328-DAT_0226_A1_1,2445.0,2392,138.50448608398438,541462.4111825229,8672689.629481582,417.68398030598956,2022-03-28 10:49:18.333333248+00:00,0,2022-05-03,100 MHz,20220328,0.6253204345703125,138.1918182373047,138.9213409423828,0.7474127679027393,0.7725645446777343,10,2.7827966268046698,0.11290232340494792,2.8902525800488093,2.8836313645141463,135.40673224208197,141.70642693760553,1.146392822265625,0.0,4.601196256014745,0.7725645446777343,7.0,2.0,2.77034758253751,0.0,0.7725645446777343,4.601196256014745,1.146392822265625,0.0,0.004514802749357444,0.033220557587028174,certain_cold,279.1794942220052,279.8048146565755,POINT (541462.4111825229 8672689.629481582),dronbreen
dronbreen-20220328-DAT_0226_A1_1,2450.0,2397,138.4002685546875,541464.7674411791,8672694.183926594,417.49310302734375,2022-03-28 10:49:19.750000128+00:00,0,2022-05-03,100 MHz,20220328,0.0,138.1918182373047,138.71290588378906,0.7614908557083641,0.6180516357421875,10,2.7807218009725188,0.0,2.848578866531071,2.8831028524371627,135.41109643633217,141.49362768476158,0.4168701171875,0.0,5.009650778733676,0.46352741546630855,6.0,1.0,2.7765718883351287,0.4516092936197917,0.0,0.0,0.0,0.0,0.0,0.0,certain_cold,279.09283447265625,279.09283447265625,POINT (541464.7674411791 8672694.183926594),dronbreen
dronbreen-20220328-DAT_0226_A1_1,2455.0,2402,138.50448608398438,541467.1464182924,8672698.770093242,417.30801827566967,2022-03-28 10:49:21.142856960+00:00,0,2022-05-03,100 MHz,20220328,0.0,138.29603576660156,138.6086883544922,0.7614878392599927,0.4635387268066406,10,2.7827966268046698,0.0,2.821138992925547,2.8851032556039136,135.5132391397969,141.39148498129686,0.4168701171875,0.0,4.9599734314590425,0.38627096099853514,6.0,1.0,2.7786466856192527,0.22582117716471353,0.0,0.0,0.0,0.0,0.0,0.0,certain_cold,278.8035321916853,278.8035321916853,POINT (541467.1464182924 8672698.770093242),dronbreen
dronbreen-20220328-DAT_0226_A1_1,2460.0,2406,138.4002685546875,541469.1859566193,8672702.678954212,417.14947509765625,2022-03-28 10:49:22.333333248+00:00,0,2022-05-03,100 MHz,20220328,0.0,138.29603576660156,138.817138671875,0.8068872831834035,0.4635387268066406,9,2.7807218009725188,0.11290232340494792,2.8213523034678962,2.8976245023807308,135.51302289041251,141.60015154806405,0.312652587890625,0.0,4.947698621888416,0.46352741546630855,6.0,1.0,2.7807218009725188,0.11291885375976564,0.0,0.0,0.0,0.0,0.0,0.0,certain_cold,278.74920654296875,278.74920654296875,POINT (541469.1859566193 8672702.678954212),dronbreen
dronbreen-20220328-DAT_0226_A1_1,2465.0,2410,138.4002685546875,541471.4329069391,8672706.842343323,416.97174072265625,2022-03-28 10:49:23.666666752+00:00,0,2022-05-03,100 MHz,20220328,0.0,138.1918182373047,138.71290588378906,0.873610154759624,0.30902581787109373,8,2.7807218009725188,0.11290232340494792,2.800117430599114,2.9169085298536905,135.40880536111564,141.4959187599781,0.2084503173828125,0.0,4.933771172955537,0.38628227233886714,6.0,1.0,2.7807218009725188,0.0,0.0,0.0,0.0,0.0,0.0,0.0,certain_cold,278.57147216796875,278.57147216796875,POINT (541471.4329069391 8672706.842343323),dronbreen
dronbreen-20220328-DAT_0226_A1_1,2470.0,2416,138.50448608398438,541474.2291270824,8672711.82909049,416.7687479654948,2022-03-28 10:49:25.333333248+00:00,0,2022-05-03,100 MHz,20220328,0.0,138.4002685546875,138.817138671875,0.8656919123178706,0.3090484405517578,9,2.7827966268046698,0.33869043986002606,2.820315446685973,2.93395479979849,135.59693691533263,141.62047031122987,0.2084503173828125,0.0,4.546471112372578,0.4635387268066406,7.0,1.0,2.7807218009725188,0.0,0.0,0.0,0.0,0.0,0.0,0.0,certain_cold,278.26426188151044,278.26426188151044,POINT (541474.2291270824 8672711.82909049),dronbreen
dronbreen-20220328-DAT_0226_A1_1,2475.0,2420,138.71290588378906,541476.4364786084,8672715.619078591,416.6593424479167,2022-03-28 10:49:26.666666752+00:00,0,2022-05-03,100 MHz,20220328,0.0,138.4002685546875,138.9213409423828,0.8526308235831965,0.46351610412597655,10,2.7869460173261285,0.22578811645507815,2.834236326738902,2.923187934147659,135.60419123511596,141.71741826195435,0.4168701171875,0.0,4.223204063286524,0.4635387268066406,8.0,1.0,2.7807218009725188,0.22578811645507815,0.0,0.0,0.0,0.0,0.0,0.0,certain_cold,277.9464365641276,277.9464365641276,POINT (541476.4364786084 8672715.619078591),dronbreen
dronbreen-20220328-DAT_0226_A1_1,2480.0,2425,138.71290588378906,541479.1854427565,8672720.170157269,416.5665817260742,2022-03-28 10:49:28.249999872+00:00,0,2022-05-03,100 MHz,20220328,0.0,138.6086883544922,139.0255584716797,0.8314906182345436,0.30902581787109373,10,2.7869460173261285,0.22580464680989584,2.813103765971282,2.917093157618209,135.81260970001716,141.8216371261547,0.2084197998046875,0.0,4.163375784073363,0.38627096099853514,8.0,1.0,2.784871163077584,0.4516092936197917,0.0,0.0,0.0,0.0,0.0,0.0,certain_cold,277.85367584228516,277.85367584228516,POINT (541479.1854427565 8672720.170157269),dronbreen
dronbreen-20220328-DAT_0226_A1_1,2485.0,2430,138.9213409423828,541481.7914870231,8672724.592770362,416.5417785644531,2022-03-28 10:49:29.666666752+00:00,0,2022-05-03,100 MHz,20220328,0.0,138.71290588378906,139.12977600097656,0.8387142792541386,0.38628227233886714,10,2.791095768276665,0.33870697021484375,2.8379837901734577,2.9340040288978497,135.90133372583827,141.94134815892735,0.20843505859375,0.0,4.083979064526892,0.30902581787109373,8.0,1.0,2.789021189524854,0.33870697021484375,0.0,0.0,0.0,0.0,0.0,0.0,certain_cold,277.6204376220703,277.6204376220703,POINT (541481.7914870231 8672724.592770362),dronbreen
dronbreen-20220328-DAT_0226_A1_1,2490.0,2434,139.0255584716797,541484.1423384077,8672728.697357096,416.524658203125,2022-03-28 10:49:31+00:00,0,2022-05-03,100 MHz,20220328,0.0,138.817138671875,139.23399353027344,0.8271224488348211,0.46351610412597655,10,2.7931706649155847,0.4516092936197917,2.8671589590067827,2.9478610657212543,135.9876946774781,142.06343752467035,0.2084197998046875,0.0,3.976056363537353,0.3090145065307617,8.0,1.0,2.791095768276665,0.5644950866699219,0.0,0.0,0.0,0.0,0.0,0.0,certain_cold,277.4990997314453,277.4990997314453,POINT (541484.1423384077 8672728.697357096),dronbreen
dronbreen-20220328-DAT_0226_A1_1,2495.0,2440,139.3382110595703,541486.8353802096,8672733.299898876,416.48682948521207,2022-03-28 10:49:32.571428608+00:00,0,2022-05-03,100 MHz,20220328,0.0,139.12977600097656,139.4424285888672,0.7939952666361705,0.38628227233886714,10,2.7993954391104774,0.5645116170247396,2.881753317720257,2.964070963001573,136.2740294803154,142.29817510952836,0.312652587890625,0.0,3.873268722509676,0.38628227233886714,8.0,1.0,2.7993954391104774,0.5645116170247396,0.0,0.0,0.0,0.0,0.0,0.0,certain_cold,277.14861842564176,277.14861842564176,POINT (541486.8353802096 8672733.299898876),dronbreen
dronbreen-20220328-DAT_0226_A1_1,2500.0,2445,139.54664611816406,541489.2044234219,8672737.22782317,416.4175109863281,2022-03-28 10:49:34+00:00,0,2022-05-03,100 MHz,20220328,0.0,139.3382110595703,139.75509643554688,0.7764807300458773,0.3090371292114258,10,2.8035453584936425,0.33870697021484375,2.840790899738065,2.9287388604885796,136.51427958221407,142.57902791290311,0.4168701171875,0.0,3.79212836380715,0.46355003814697265,8.0,1.0,2.801470391830785,0.22580464680989584,0.0,0.0,0.0,0.0,0.0,0.0,certain_cold,276.87086486816406,276.87086486816406,POINT (541489.2044234219 8672737.22782317),dronbreen
dronbreen-20220328-DAT_0226_A1_1,2505.0,2450,139.65086364746094,541491.8901375035,8672741.652916001,416.32750447591144,2022-03-28 10:49:35.666666752+00:00,0,2022-05-03,100 MHz,20220328,0.0,139.54664611816406,139.8592987060547,0.788812219254842,0.30902581787109373,10,2.8056203390681165,0.22582117716471353,2.831606901948017,2.923136228145123,136.7319524063992,142.67399241781956,0.312652587890625,0.0,3.7051010178567907,0.3090371292114258,8.0,1.0,2.8035453584936425,0.33872350056966144,0.0,0.0,0.0,0.0,0.0,0.0,certain_cold,276.6766408284505,276.6766408284505,POINT (541491.8901375035 8672741.652916001),dronbreen
dronbreen-20220328-DAT_0226_A1_1,2510.0,2456,139.75509643554688,541494.4865263678,8672746.075258946,416.1831563313802,2022-03-28 10:49:37.333333248+00:00,0,2022-05-03,100 MHz,20220328,0.0,139.65086364746094,140.06773376464844,0.7725019426322587,0.38627096099853514,10,2.8076956373303004,0.33870697021484375,2.854309453942661,2.9316610402511296,136.8228118085521,142.89578560355727,0.3126678466796875,0.0,3.5773446237083477,0.38628227233886714,8.0,1.0,2.8076956373303004,0.4516092936197917,0.0,0.0,0.0,0.0,0.0,0.0,certain_cold,276.4280598958333,276.4280598958333,POINT (541494.4865263678 8672746.075258946),dronbreen
dronbreen-20220328-DAT_0226_A1_1,2515.0,2461,139.96351623535156,541496.9935906838,8672750.49484927,416.04180908203125,2022-03-28 10:49:39+00:00,0,2022-05-03,100 MHz,20220328,0.0,139.75509643554688,140.2761688232422,0.7534428852513182,0.46352741546630855,10,2.811845363953254,0.4515762329101563,2.885351470757698,2.945856688002756,136.90722083346824,143.12404442532082,0.312652587890625,0.0,3.4956560597515085,0.4635387268066406,8.0,1.0,2.811845363953254,0.4515762329101563,0.0,0.0,0.0,0.0,0.0,0.0,certain_cold,276.0782928466797,276.0782928466797,POINT (541496.9935906838 8672750.49484927),dronbreen
dronbreen-20220328-DAT_0226_A1_1,2520.0,2466,140.17193603515625,541499.3229300015,8672754.82034486,415.9342346191406,2022-03-28 10:49:40.428571392+00:00,0,2022-05-03,100 MHz,20220328,0.0,139.96351623535156,140.48458862304688,0.7643371776878263,0.4635387268066406,10,2.8159951457233685,0.4516092936197917,2.889402665962441,2.9526244149937417,137.11153804209317,143.33656681630526,0.416839599609375,0.0,3.384559011088178,0.54077255859375,8.0,1.0,2.8159951457233685,0.33870697021484375,0.0,0.0,0.0,0.0,0.0,0.0,certain_cold,275.7622985839844,275.7622985839844,POINT (541499.3229300015 8672754.82034486),dronbreen
dronbreen-20220328-DAT_0226_A1_1,2525.0,2471,140.38038635253906,541501.5593732656,8672758.963526584,415.85803985595703,2022-03-28 10:49:41.750000128+00:00,0,2022-05-03,100 MHz,20220328,0.0,140.2761688232422,140.79725646972656,0.73864439659462,0.38628227233886714,10,2.8201455900352475,0.4516258239746094,2.882082758665906,2.9500478942716555,137.42008986182043,143.65333543114832,0.4168701171875,0.0,3.303154910188569,0.6180516357421875,8.0,1.0,2.8180705129380095,0.33870697021484375,0.0,0.0,0.0,0.0,0.0,0.0,certain_cold,275.47765350341797,275.47765350341797,POINT (541501.5593732656 8672758.963526584),dronbreen
dronbreen-20220328-DAT_0226_A1_1,2530.0,2476,140.5888214111328,541504.479595951,8672764.062726878,415.7861836751302,2022-03-28 10:49:43.333333248+00:00,0,2022-05-03,100 MHz,20220328,0.0,140.48458862304688,140.90147399902344,0.6775426367826319,0.3862935836791992,10,2.824295785201784,0.5645116170247396,2.9059495489179032,2.958780842293462,137.60442889690938,143.78163372516093,0.20843505859375,0.0,3.22568277346755,0.4635387268066406,8.0,1.0,2.8222203769788576,0.5645116170247396,0.0,0.0,0.0,0.0,0.0,0.0,certain_cold,275.1973622639974,275.1973622639974,POINT (541504.479595951 8672764.062726878),dronbreen
dronbreen-20220328-DAT_0226_A1_1,2535.0,2480,140.90147399902344,541507.1052386462,8672768.361936526,415.6769714355469,2022-03-28 10:49:44.666666752+00:00,0,2022-05-03,100 MHz,20220328,0.0,140.79725646972656,141.1099090576172,0.6314446168818459,0.3090145065307617,10,2.8305211799311785,0.5645116170247396,2.902759631978047,2.9545297121511465,137.91099183948302,143.99617368786073,0.312652587890625,0.0,3.183924505696023,0.46352741546630855,8.0,1.0,2.828446034797338,0.4516258239746094,0.0,0.0,0.0,0.0,0.0,0.0,certain_cold,274.77549743652344,274.77549743652344,POINT (541507.1052386462 8672768.361936526),dronbreen
dronbreen-20220328-DAT_0226_A1_1,2540.0,2483,141.1099090576172,541509.2109666101,8672771.714625865,415.59096272786456,2022-03-28 10:49:45.666666752+00:00,0,2022-05-03,100 MHz,20220328,0.0,140.90147399902344,141.214111328125,0.6116428508388776,0.38627096099853514,10,2.834671510722115,0.4516092936197917,2.89629397387318,2.934862944800945,138.03105355459664,144.0845317725518,0.312652587890625,0.0,3.122509229148504,0.46352741546630855,8.0,1.0,2.8305211799311785,0.33870697021484375,0.0,0.0,0.0,0.0,0.0,0.0,certain_cold,274.4810536702474,274.4810536702474,POINT (541509.2109666101 8672771.714625865),dronbreen
dronbreen-20220328-DAT_0226_A1_1,2545.0,2487,141.31834411621094,541512.0585723664,8672776.268823741,415.47857666015625,2022-03-28 10:49:47+00:00,0,2022-05-03,100 MHz,20220328,0.0,141.1099090576172,141.31834411621094,0.5703939187961522,0.30902581787109373,10,2.8388218953465754,0.4516092936197917,2.8910824380660243,2.9305647800692824,138.23538984432554,144.1928633295026,0.4168701171875,0.0,3.070900473754322,0.5407951812744141,8.0,1.0,2.834671510722115,0.6774139404296875,0.0,0.0,0.0,0.0,0.0,0.0,certain_cold,274.1602325439453,274.1602325439453,POINT (541512.0585723664 8672776.268823741),dronbreen
dronbreen-20220328-DAT_0226_A1_1,2550.0,2492,141.5267791748047,541514.8764892844,8672780.54297097,415.3982467651367,2022-03-28 10:49:48.249999872+00:00,0,2022-05-03,100 MHz,20220328,0.0,141.5267791748047,141.63099670410156,0.53094637107865,0.2317693634033203,10,2.84297233356879,0.5644950866699219,2.9077247858290223,2.9467016206724495,138.62830606085106,144.5294698180552,0.4168701171875,0.0,2.932271018562634,0.6180403244018554,8.0,1.0,2.84297233356879,0.7902997334798177,0.0,0.0,0.0,0.0,0.0,0.0,certain_cold,273.87146759033203,273.87146759033203,POINT (541514.8764892844 8672780.54297097),dronbreen
dronbreen-20220328-DAT_0226_A1_1,2555.0,2497,141.83941650390625,541517.9106342028,8672785.258023122,415.27280680338544,2022-03-28 10:49:49.666666752+00:00,0,2022-05-03,100 MHz,20220328,0.0,141.73519897460938,141.94363403320312,0.5273006747872075,0.38627096099853514,10,2.849197787038913,0.5645116170247396,2.9301547144705613,2.9520581628847307,138.83061614820843,144.84821685960407,0.5210723876953125,0.0,2.837744002081329,0.6953080902099609,8.0,1.0,2.849197787038913,0.5645116170247396,0.0,0.0,0.0,0.0,0.0,0.0,certain_cold,273.4333902994792,273.4333902994792,POINT (541517.9106342028 8672785.258023122),dronbreen
dronbreen-20220328-DAT_0226_A1_1,2560.0,2500,142.04786682128906,541519.8925602196,8672788.482843708,415.1862386067708,2022-03-28 10:49:50.666666752+00:00,0,2022-05-03,100 MHz,20220328,0.0,141.83941650390625,142.15206909179688,0.541416347600189,0.4635387268066406,10,2.853348662079605,0.4516258239746094,2.9258217005692155,2.939165890813403,138.95054743932886,145.04093815637427,0.6253204345703125,0.0,2.789073325776201,0.8498209991455078,8.0,1.0,2.853348662079605,0.6774139404296875,0.0,0.0,0.0,0.0,0.0,0.0,certain_cold,273.13837178548175,273.13837178548175,POINT (541519.8925602196 8672788.482843708),dronbreen
dronbreen-20220328-DAT_0226_A1_1,2565.0,2505,142.2563018798828,541522.6619876018,8672793.025793243,415.0767081124442,2022-03-28 10:49:52.142856960+00:00,0,2022-05-03,100 MHz,20220328,0.0,142.04786682128906,142.4647216796875,0.5408572128314174,0.46352741546630855,10,2.8574992860569783,0.451592763264974,2.9298627712809884,2.9430876164873525,139.15490325538482,145.35768524559174,0.62530517578125,0.0,2.694715919415468,1.0043339080810547,8.0,1.0,2.861649658729791,0.6773974100748698,0.0,0.0,0.0,0.0,0.0,0.0,certain_cold,272.82040623256137,272.82040623256137,POINT (541522.6619876018 8672793.025793243),dronbreen
dronbreen-20220328-DAT_0226_A1_1,2570.0,2510,142.4647216796875,541525.5180619113,8672797.7752412,414.95546468098956,2022-03-28 10:49:53.666666752+00:00,0,2022-05-03,100 MHz,20220328,0.0,142.2563018798828,142.77737426757812,0.549710894787354,0.540783869934082,10,2.861649658729791,0.451592763264974,2.9471040000520015,2.948755137509647,139.35923874747758,145.67443739998336,0.62530517578125,0.0,2.562342448326141,1.0043225967407226,8.0,1.0,2.8658003875822313,0.4516092936197917,0.0,0.0,0.0,0.0,0.0,0.0,certain_cold,272.49074300130206,272.49074300130206,POINT (541525.5180619113 8672797.7752412),dronbreen
dronbreen-20220328-DAT_0226_A1_1,2575.0,2515,142.67315673828125,541528.1620677623,8672801.88896804,414.8260803222656,2022-03-28 10:49:55+00:00,0,2022-05-03,100 MHz,20220328,0.0,142.36050415039062,142.98580932617188,0.5669979294251861,0.6952967788696288,10,2.8658003875822313,0.4516092936197917,2.9833203693630885,2.9560530217712064,139.45933838202262,145.88697509453988,0.6252899169921875,0.0,2.461659531117828,1.0043225967407226,8.0,1.0,2.8699511685329293,0.4516092936197917,0.0,0.0,0.0,0.0,0.0,0.0,certain_cold,272.1529235839844,272.1529235839844,POINT (541528.1620677623 8672801.88896804),dronbreen
dronbreen-20220328-DAT_0226_A1_1,2580.0,2519,142.881591796875,541530.9967766389,8672806.442814028,414.6657307942708,2022-03-28 10:49:56.333333248+00:00,0,2022-05-03,100 MHz,20220328,0.0,142.56893920898438,143.09002685546875,0.5315160979956811,0.6953080902099609,10,2.8699511685329293,0.4516092936197917,2.987310496777782,2.9534860802576755,139.6636731860792,145.99529287837393,0.6252899169921875,0.0,2.366658873575211,0.9270661422729491,8.0,1.0,2.8741020013561642,0.33870697021484375,0.0,0.0,0.0,0.0,0.0,0.0,certain_cold,271.7841389973958,271.7841389973958,POINT (541530.9967766389 8672806.442814028),dronbreen
dronbreen-20220328-DAT_0226_A1_1,2585.0,2523,143.09002685546875,541533.5584568232,8672810.562872287,414.5565883091518,2022-03-28 10:49:57.571428608+00:00,0,2022-05-03,100 MHz,20220328,0.0,142.67315673828125,143.19424438476562,0.5524512149485544,0.6953080902099609,10,2.8741020013561642,0.4516092936197917,2.991298482029953,2.9613536791780564,139.76379026630093,146.10361085674595,0.62530517578125,0.0,2.293959181070209,1.0043339080810547,8.0,1.0,2.8761774371498,0.33870697021484375,0.0,0.0,0.0,0.0,0.0,0.0,certain_cold,271.466561453683,271.466561453683,POINT (541533.5584568232 8672810.562872287),dronbreen
dronbreen-20220328-DAT_0226_A1_1,2590.0,2527,143.2984619140625,541535.8088467455,8672814.247957174,414.48348563058033,2022-03-28 10:49:58.714285568+00:00,0,2022-05-03,100 MHz,20220328,0.0,142.881591796875,143.40267944335938,0.5354793610368842,0.7725645446777343,10,2.8782528858275134,0.4516092936197917,3.014157694041785,2.9622675056373025,139.96812468210294,146.31614655813144,0.521087646484375,0.0,0.6059828035847449,0.9270774536132812,7.0,0.0,2.8803283473614525,0.33870697021484375,0.0,0.0,0.0,0.0,0.0,0.0,certain_cold,271.18502371651783,271.18502371651783,POINT (541535.8088467455 8672814.247957174),dronbreen
dronbreen-20220328-DAT_0226_A1_1,2595.0,2533,143.50689697265625,541538.9790201158,8672819.219821362,414.3800862630208,2022-03-28 10:50:00.333333248+00:00,0,2022-05-03,100 MHz,20220328,0.0,143.09002685546875,143.61111450195312,0.535477447224182,0.6180516357421875,10,2.882403821723846,0.451592763264974,2.9823104532836817,2.966298014665292,140.17246146368717,146.5286798937347,0.4168701171875,0.0,0.6008379198726902,0.9270548309326171,7.0,0.0,2.882403821723846,0.4516092936197917,0.0,0.0,0.0,0.0,0.0,0.0,certain_cold,270.87318929036456,270.87318929036456,POINT (541538.9790201158 8672819.219821362),dronbreen
dronbreen-20220328-DAT_0226_A1_1,2600.0,2537,143.71531677246094,541541.6376108238,8672823.271996925,414.25722249348956,2022-03-28 10:50:01.666666752+00:00,0,2022-05-03,100 MHz,20220328,0.0,143.2984619140625,143.81954956054688,0.5381747089483929,0.7725532333374023,10,2.8865545049424437,0.4516092936197917,3.0220831163995734,2.9708214152720407,140.37679323604863,146.74121823856075,0.5210723876953125,0.0,0.6029851509922484,0.9270774536132812,7.0,0.0,2.8886303215052354,0.5645116170247396,0.0,0.0,0.0,0.0,0.0,0.0,certain_cold,270.5419057210286,270.5419057210286,POINT (541541.6376108238 8672823.271996925),dronbreen
dronbreen-20220328-DAT_0226_A1_1,2605.0,2542,143.92376708984375,541544.347215671,8672827.325753191,414.0798034667969,2022-03-28 10:50:03+00:00,0,2022-05-03,100 MHz,20220328,0.0,143.50689697265625,144.02798461914062,0.521781967440558,0.6953080902099609,10,2.890705846905326,0.4516258239746094,3.0072578071267526,2.971935833721772,140.58112422375495,146.95375736804192,0.4168701171875,0.0,0.5824827190880627,0.7725645446777343,7.0,0.0,2.892781384996205,0.451592763264974,0.0,0.0,0.0,0.0,0.0,0.0,certain_cold,270.1560363769531,270.1560363769531,POINT (541544.347215671 8672827.325753191),dronbreen
dronbreen-20220328-DAT_0226_A1_1,2610.0,2546,144.1322021484375,541547.1390898093,8672831.195964657,413.8484853108724,2022-03-28 10:50:04.333333248+00:00,0,2022-05-03,100 MHz,20220328,0.0,143.71531677246094,144.2364044189453,0.519927364971288,0.7725645446777343,10,2.894856935750577,0.4516092936197917,3.030017097021088,2.9756465007444977,140.7854451656244,147.16627602578185,0.521087646484375,0.0,0.5864625373780947,0.9270548309326171,7.0,0.0,2.8969321952510763,0.33870697021484375,0.0,0.0,0.0,0.0,0.0,0.0,certain_cold,269.7162831624349,269.7162831624349,POINT (541547.1390898093 8672831.195964657),dronbreen
dronbreen-20220328-DAT_0226_A1_1,2615.0,2550,144.34063720703125,541549.9252043042,8672835.252099095,413.594477335612,2022-03-28 10:50:05.666666752+00:00,0,2022-05-03,100 MHz,20220328,0.0,143.92376708984375,144.44485473632812,0.5106746301413929,0.6953080902099609,10,2.899008075141,0.33870697021484375,3.000403901429984,2.9630657787627483,141.0050395877626,147.36358223840926,0.521087646484375,0.0,0.5762297391603376,0.7725419219970703,7.0,0.0,2.899008075141,0.33872350056966144,0.0,0.0,0.0,0.0,0.0,0.0,certain_cold,269.25384012858075,269.25384012858075,POINT (541549.9252043042 8672835.252099095),dronbreen
dronbreen-20220328-DAT_0226_A1_1,2620.0,2554,144.44485473632812,541552.7878483832,8672839.310603073,413.37969970703125,2022-03-28 10:50:07+00:00,0,2022-05-03,100 MHz,20220328,0.0,144.1322021484375,144.549072265625,0.5014904180909227,0.6180516357421875,10,2.9010836637228468,0.4516092936197917,3.0003708441535917,2.9785449497095646,141.19617807190076,147.48509634216174,0.4168701171875,0.0,0.567179722019054,0.7725645446777343,7.0,0.0,2.9031592648597755,0.4516092936197917,0.0,0.0,0.0,0.0,0.0,0.0,certain_cold,268.9348449707031,268.9348449707031,POINT (541552.7878483832 8672839.310603073),dronbreen
dronbreen-20220328-DAT_0226_A1_1,2625.0,2559,144.75750732421875,541555.8485150337,8672843.778443355,413.20062255859375,2022-03-28 10:50:08.500000+00:00,0,2022-05-03,100 MHz,20220328,0.0,144.34063720703125,144.75750732421875,0.5286754277868452,0.6953194015502929,10,2.90731050469132,0.5644950866699219,3.042133814238821,3.0084226401070353,141.37903138019288,147.71911315105712,0.5211029052734375,0.0,0.6038474233854528,0.7725871673583984,7.0,0.0,2.90731050469132,0.451592763264974,0.0,0.0,0.0,0.0,0.0,0.0,certain_cold,268.443115234375,268.443115234375,POINT (541555.8485150337 8672843.778443355),dronbreen
dronbreen-20220328-DAT_0226_A1_1,2630.0,2563,144.96592712402344,541558.1450311542,8672847.354224242,413.0502115885417,2022-03-28 10:50:09.666666752+00:00,0,2022-05-03,100 MHz,20220328,0.0,144.549072265625,144.96592712402344,0.5087777696118091,0.6952854675292969,10,2.911461490518305,0.33869043986002606,3.012431095673573,2.9749242080555294,141.61797703946402,147.89702235018441,0.5210723876953125,0.0,0.5798069300351176,0.7725419219970703,7.0,0.0,2.911461490518305,0.33869043986002606,0.0,0.0,0.0,0.0,0.0,0.0,certain_cold,268.08428446451825,268.08428446451825,POINT (541558.1450311542 8672847.354224242),dronbreen
dronbreen-20220328-DAT_0226_A1_1,2635.0,2568,145.0701446533203,541560.6867747875,8672851.46486053,412.854248046875,2022-03-28 10:50:11+00:00,0,2022-05-03,100 MHz,20220328,0.0,144.86172485351562,145.1743621826172,0.5016161154080714,0.540783869934082,10,2.9135371540267183,0.33872350056966144,2.982596109384098,2.9757437868488203,141.92856404003604,148.10752299609678,0.4168701171875,0.0,0.5855822309238929,0.7725645446777343,7.0,0.0,2.9135371540267183,0.33872350056966144,0.0,0.0,0.0,0.0,0.0,0.0,certain_cold,267.7841033935547,267.7841033935547,POINT (541560.6867747875 8672851.46486053),dronbreen
dronbreen-20220328-DAT_0226_A1_1,2640.0,2572,145.27859497070312,541563.21191105,8672855.699052442,412.63037109375,2022-03-28 10:50:12.333333248+00:00,0,2022-05-03,100 MHz,20220328,0.0,144.96592712402344,145.38279724121094,0.5246602991333565,0.6180516357421875,10,2.917688822109829,0.5645116170247396,3.0353861785387575,3.0177557651187135,141.99412944779772,148.35459491743666,0.4168701171875,0.0,0.605976055603095,0.7725645446777343,7.0,0.0,2.917688822109829,0.5645116170247396,0.0,0.0,0.0,0.0,0.0,0.0,certain_cold,267.3517761230469,267.3517761230469,POINT (541563.21191105 8672855.699052442),dronbreen
dronbreen-20220328-DAT_0226_A1_1,2645.0,2577,145.5912322998047,541565.8966478533,8672860.139787186,412.30525970458984,2022-03-28 10:50:13.750000128+00:00,0,2022-05-03,100 MHz,20220328,0.0,145.27859497070312,145.69544982910156,0.4758127452393789,0.540783869934082,10,2.9239156569624707,0.6773974100748698,3.0496880519468377,3.0388398754687045,142.277236941376,148.69680785842868,0.4168701171875,0.0,0.5477046625817548,0.6180742584228516,7.0,0.0,2.9239156569624707,0.6773974100748698,0.0,0.0,0.0,0.0,0.0,0.0,certain_cold,266.71402740478516,266.71402740478516,POINT (541565.8966478533 8672860.139787186),dronbreen
dronbreen-20220328-DAT_0226_A1_1,2650.0,2582,145.9038848876953,541568.796245962,8672865.300537387,411.92335728236606,2022-03-28 10:50:15.285714432+00:00,0,2022-05-03,100 MHz,20220328,0.0,145.4870147705078,146.11233520507812,0.5029338301253444,0.5407951812744141,10,2.930142906093274,0.5645281473795573,3.0326372858293094,3.026114987371941,142.50298570239997,149.09636427318597,0.521087646484375,0.0,0.5721733906308678,0.3090484405517578,7.0,0.0,2.930142906093274,0.5645281473795573,0.0,0.0,0.0,0.0,0.0,0.0,certain_cold,266.01947239467074,266.01947239467074,POINT (541568.796245962 8672865.300537387),dronbreen
dronbreen-20220328-DAT_0226_A1_1,2655.0,2586,146.11233520507812,541570.9556753257,8672869.089216331,411.68416922433033,2022-03-28 10:50:16.428571392+00:00,0,2022-05-03,100 MHz,20220328,0.0,145.69544982910156,146.3207550048828,0.518651463992728,0.540783869934082,10,2.934294770406076,0.33870697021484375,3.0028745237331256,2.9989677478102967,142.7416711963492,149.2745336376352,0.5211029052734375,0.0,0.5956536843619535,0.3090484405517578,7.0,0.0,2.934294770406076,0.33870697021484375,0.0,0.0,0.0,0.0,0.0,0.0,certain_cold,265.5718340192522,265.5718340192522,POINT (541570.9556753257 8672869.089216331),dronbreen
dronbreen-20220328-DAT_0226_A1_1,2660.0,2590,146.21653747558594,541573.2459357022,8672873.130070176,411.4350992838542,2022-03-28 10:50:17.666666752+00:00,0,2022-05-03,100 MHz,20220328,0.0,145.9038848876953,146.4249725341797,0.5011345039860502,0.46355003814697265,10,2.9363702648916354,0.4516092936197917,3.006842184832719,3.0128652604636814,142.93298918326147,149.39586823861353,0.4168548583984375,0.0,0.5829247618297035,0.30902581787109373,7.0,0.0,2.9363702648916354,0.4516092936197917,0.0,0.0,0.0,0.0,0.0,0.0,certain_cold,265.21856180826825,265.21856180826825,POINT (541573.2459357022 8672873.130070176),dronbreen
dronbreen-20220328-DAT_0226_A1_1,2665.0,2595,146.52920532226562,541575.8143522755,8672877.613753494,411.15203857421875,2022-03-28 10:50:19+00:00,0,2022-05-03,100 MHz,20220328,0.0,146.11233520507812,146.63340759277344,0.5020945200323693,0.38628227233886714,10,2.9425980365911126,0.5645116170247396,3.021054545126426,3.038034805223978,143.1160781115186,149.62966468633297,0.5211029052734375,0.0,0.579809085005389,0.30902581787109373,7.0,0.0,2.9425980365911126,0.5645116170247396,0.0,0.0,0.0,0.0,0.0,0.0,certain_cold,264.6228332519531,264.6228332519531,POINT (541575.8143522755 8672877.613753494),dronbreen
dronbreen-20220328-DAT_0226_A1_1,2670.0,2599,146.7376251220703,541578.4376098643,8672881.97507519,410.8708089192708,2022-03-28 10:50:20.333333248+00:00,0,2022-05-03,100 MHz,20220328,0.0,146.3207550048828,146.8418426513672,0.4943462534975894,0.38627096099853514,10,2.9467494380394976,0.33869043986002606,2.991195199238827,3.007061968597551,143.35460540234442,149.80799225390558,0.521087646484375,0.0,0.5690070300027685,0.3090031951904297,7.0,0.0,2.9467494380394976,0.4515762329101563,0.0,0.0,0.0,0.0,0.0,0.0,certain_cold,264.1331837972005,264.1331837972005,POINT (541578.4376098643 8672881.97507519),dronbreen
dronbreen-20220328-DAT_0226_A1_1,2675.0,2603,146.8418426513672,541580.8495517073,8672886.090602225,410.6227591378348,2022-03-28 10:50:21.571428608+00:00,0,2022-05-03,100 MHz,20220328,0.0,146.63340759277344,147.05027770996094,0.49556464965821184,0.3090484405517578,9,2.9488253087118523,0.22578811645507815,2.9735604775150204,2.9986889296528827,143.67595075034413,150.00773455239025,0.0,0.0,0.5724068029537283,0.2317693634033203,6.0,0.0,2.9509008874024696,0.4516092936197917,0.0,0.0,0.0,0.0,0.0,0.0,certain_cold,263.7809164864676,263.7809164864676,POINT (541580.8495517073 8672886.090602225),dronbreen
dronbreen-20220328-DAT_0226_A1_1,2680.0,2608,146.946044921875,541583.6075342768,8672890.695366642,410.3467712402344,2022-03-28 10:50:23+00:00,0,2022-05-03,100 MHz,20220328,0.0,146.8418426513672,147.2587127685547,0.4854136065498142,0.3090484405517578,9,2.9509008874024696,0.5645116170247396,3.0202649472581116,3.043372435712111,143.83743099298405,150.26312442693782,0.0,0.0,0.5774402611354091,0.23178067474365233,6.0,0.0,2.9550529923587323,0.5645281473795573,0.0,0.0,0.0,0.0,0.0,0.0,certain_cold,263.4007263183594,263.4007263183594,POINT (541583.6075342768 8672890.695366642),dronbreen
dronbreen-20220328-DAT_0226_A1_1,2685.0,2613,147.36293029785156,541586.1950479097,8672894.559345545,410.0868225097656,2022-03-28 10:50:24.333333248+00:00,0,2022-05-03,100 MHz,20220328,0.0,147.05027770996094,147.46714782714844,0.5099682703034409,0.15451290893554687,9,2.9592048408969234,0.6774304707845054,3.039684123747536,3.078290592171471,144.0145232183831,150.50290231872629,0.0,0.0,0.5983816837995852,0.07725645446777343,6.0,0.0,2.961280782923095,0.4516092936197917,0.0,0.0,0.0,0.0,0.0,0.0,certain_cold,262.72389221191406,262.72389221191406,POINT (541586.1950479097 8672894.559345545),dronbreen
dronbreen-20220328-DAT_0226_A1_1,2690.0,2617,147.5713653564453,541588.7984749653,8672898.733980844,409.8166809082031,2022-03-28 10:50:25.666666752+00:00,0,2022-05-03,100 MHz,20220328,0.0,147.2587127685547,147.6755828857422,0.49281494405329757,0.30902581787109373,9,2.963356736754147,0.4516092936197917,3.0134583221708664,3.037811823077955,144.261141401039,150.67315425325788,0.0,0.0,0.5685935892792253,0.15451290893554687,6.0,0.0,2.963356736754147,0.33870697021484375,0.0,0.0,0.0,0.0,0.0,0.0,certain_cold,262.2453155517578,262.2453155517578,POINT (541588.7984749653 8672898.733980844),dronbreen
dronbreen-20220328-DAT_0226_A1_1,2695.0,2622,147.77980041503906,541591.5001059722,8672903.035722688,409.5565490722656,2022-03-28 10:50:27+00:00,0,2022-05-03,100 MHz,20220328,0.0,147.46714782714844,147.88400268554688,0.44555097267894184,0.1544902862548828,9,2.96750867973179,0.22580464680989584,2.9800944198718886,3.009254255136911,144.49106054637113,150.86008996632418,0.0,0.0,0.4961693427046752,0.0772451431274414,6.0,0.0,2.96750867973179,0.33869043986002606,0.0,0.0,0.0,0.0,0.0,0.0,certain_cold,261.77674865722656,261.77674865722656,POINT (541591.5001059722 8672903.035722688),dronbreen
dronbreen-20220328-DAT_0226_A1_1,2700.0,2626,147.77980041503906,541594.7068167081,8672908.345609365,409.2360900878906,2022-03-28 10:50:28.600000+00:00,0,2022-05-03,100 MHz,20220328,0.0,147.6755828857422,147.9882354736328,0.417227962394961,0.15453553161621092,9,2.96750867973179,0.11288579305013022,2.9736731826291827,2.9988214583666566,144.70592786090242,150.95789049847258,0.0,0.0,0.4680083794801687,0.15451290893554687,6.0,0.0,2.9695843648765954,0.11288579305013022,0.0,0.0,0.0,0.0,0.0,0.0,certain_cold,261.45628967285154,261.45628967285154,POINT (541594.7068167081 8672908.345609365),dronbreen
dronbreen-20220328-DAT_0226_A1_1,2705.0,2630,147.88400268554688,541596.9233639619,8672912.22914822,408.9957809448242,2022-03-28 10:50:29.750000128+00:00,0,2022-05-03,100 MHz,20220328,0.0,147.77980041503906,148.0924530029297,0.38800379440646965,0.3090484405517578,9,2.9695843648765954,0.11290232340494794,2.9877565451952814,2.996952648812388,144.80807057624992,151.06418284171883,0.1042022705078125,0.0,0.44541668342436125,0.2317693634033203,6.0,0.0,2.9695843648765954,0.22578811645507815,0.0,0.0,0.0,0.0,0.0,0.0,certain_cold,261.11177825927734,261.11177825927734,POINT (541596.9233639619 8672912.22914822),dronbreen
dronbreen-20220328-DAT_0226_A1_1,2710.0,2634,147.6755828857422,541599.3139866302,8672916.6763638,408.69970703125,2022-03-28 10:50:31+00:00,0,2022-05-03,100 MHz,20220328,0.0,147.6755828857422,148.1966552734375,0.3821280508813442,0.4635387268066406,9,2.9654327023652867,0.22578811645507815,3.0099235101642265,2.9984651462140084,144.70156684916978,151.1706713100099,0.312652587890625,0.0,1.1895647959086904,0.7725419219970703,7.0,1.0,2.9654327023652867,0.33869043986002606,0.0,0.0,0.0,0.0,0.0,0.0,certain_cold,261.0241241455078,261.0241241455078,POINT (541599.3139866302 8672916.6763638),dronbreen
dronbreen-20220328-DAT_0226_A1_1,2715.0,2639,147.6755828857422,541601.8733026563,8672921.035758829,408.34814453125,2022-03-28 10:50:32.333333248+00:00,0,2022-05-03,100 MHz,20220328,0.104217529296875,147.5713653564453,148.30087280273438,0.4051223709914395,0.6180516357421875,9,2.9654327023652867,0.0,3.0291548221741786,2.992977655736042,144.60593265408002,151.26630550509967,1.354827880859375,0.0,1.45257787309937,1.0043225967407226,8.0,2.0,2.963356736754147,0.0,1.0043225967407226,1.45257787309937,1.354827880859375,0.0,0.0007057194375695064,0.009836276551034449,certain_cold,260.6725616455078,260.7767791748047,POINT (541601.8733026563 8672921.035758829),dronbreen
dronbreen-20220328-DAT_0226_A1_1,2720.0,2643,147.6755828857422,541604.3337173776,8672925.702256138,407.97975667317706,2022-03-28 10:50:33.666666752+00:00,0,2022-05-03,100 MHz,20220328,0.0,147.46714782714844,148.1966552734375,0.5537603110272289,0.6180516357421875,10,2.9654327023652867,0.22578811645507815,3.0375580998942904,3.0251317108282727,144.49313179057603,151.1706713100099,4.2729034423828125,0.0,2.4576754674549695,1.0043225967407226,8.0,2.0,2.9654327023652867,0.11290232340494792,3.1329222660659415,3.8531424513269332,7.240484620192063,0.0,0.0,0.016642395577043317,uncertain_cold,260.3041737874349,260.3041737874349,POINT (541604.3337173776 8672925.702256138),dronbreen
dronbreen-20220328-DAT_0226_A1_1,2725.0,2647,147.88400268554688,541606.3169180343,8672929.594099442,407.69242095947266,2022-03-28 10:50:34.750000128+00:00,0,2022-05-03,100 MHz,20220328,0.2084197998046875,147.46714782714844,148.1966552734375,0.5729279323417616,0.7725645446777343,10,2.9695843648765954,0.33870697021484375,3.0870713771282916,3.043254857459207,144.47830963952575,151.1854934610602,5.210845947265625,0.0,3.757601523817974,0.8498209991455078,8.0,2.0,2.9654327023652867,0.0,3.084799319703983,4.78679019010199,8.176278649630916,0.0,0.0014093464879217593,0.025409114275923066,uncertain_cold,259.8084182739258,260.01683807373047,POINT (541606.3169180343 8672929.594099442),dronbreen
dronbreen-20220328-DAT_0226_A1_1,2730.0,2651,147.9882354736328,541608.7022244228,8672933.901598455,407.36981201171875,2022-03-28 10:50:36+00:00,0,2022-05-03,100 MHz,20220328,0.312652587890625,147.6755828857422,148.1966552734375,0.585944700470585,0.6180516357421875,10,2.971660669632345,0.22582117716471353,3.0436409387342995,3.0372839069644737,144.6953543140558,151.17688384512388,6.0446014404296875,0.0,5.163591878854588,0.7725532333374023,8.0,2.0,2.9654327023652867,0.11290232340494792,3.0664925477208973,5.955604011203294,9.012182618238938,0.0,0.0021126854232026474,0.0348919078758432,uncertain_cold,259.38157653808594,259.69422912597656,POINT (541608.7022244228 8672933.901598455),dronbreen
dronbreen-20220328-DAT_0226_A1_1,2735.0,2655,148.0924530029297,541611.050682087,8672938.161438195,407.0623474121094,2022-03-28 10:50:37.249999872+00:00,0,2022-05-03,100 MHz,20220328,0.312652587890625,147.77980041503906,148.30087280273438,0.6045959733207183,0.6180403244018554,10,2.973736682117295,0.33869043986002606,3.05610780425189,3.0534173248310132,144.7868384926915,151.29383472508195,6.77410888671875,0.0,6.55816704765304,0.6952967788696288,8.0,2.0,2.96750867973179,0.33870697021484375,3.06663786363211,7.206274016499638,9.760884769833467,0.0,0.002111198656993276,0.04428427590110416,uncertain_cold,258.9698944091797,259.2825469970703,POINT (541611.050682087 8672938.161438195),dronbreen
dronbreen-20220328-DAT_0226_A1_1,2740.0,2660,148.30087280273438,541613.6216894761,8672942.862394044,406.74106852213544,2022-03-28 10:50:38.666666752+00:00,0,2022-05-03,100 MHz,20220328,0.3126373291015625,147.88400268554688,148.30087280273438,0.5584223862151778,0.30902581787109373,10,2.97788843807506,0.22578811645507815,3.0023818510083538,3.0381960740840452,144.8975667121576,151.28730877612364,7.9204864501953125,0.0,8.330242689868033,0.3862935836791992,8.0,2.0,2.971660669632345,0.451592763264974,3.0304992809873377,8.855938483942447,10.926264745291775,0.0,0.002108128719629478,0.05617123171586917,uncertain_cold,258.44019571940106,258.7528330485026,POINT (541613.6216894761 8672942.862394044),dronbreen
dronbreen-20220328-DAT_0226_A1_1,2745.0,2664,148.30087280273438,541615.7843072006,8672946.775316197,406.48590087890625,2022-03-28 10:50:39.857143040+00:00,0,2022-05-03,100 MHz,20220328,0.104217529296875,147.9882354736328,148.4051055908203,0.5124461140114683,0.15453553161621092,10,2.97788843807506,0.11290232340494792,2.9840321236178506,3.02376710479111,145.0082075401645,151.38513352428862,8.650009155273438,0.0,9.793355027576142,0.23179198608398435,8.0,2.0,2.9758124023018704,0.22578811645507815,2.993353846781018,10.237980387917183,11.634375038878517,0.0,0.0007027438701288171,0.06603706938800681,uncertain_cold,258.1850280761719,258.28924560546875,POINT (541615.7843072006 8672946.775316197),dronbreen
dronbreen-20220328-DAT_0226_A1_1,2750.0,2669,148.1966552734375,541618.5085738194,8672951.636106076,406.17458089192706,2022-03-28 10:50:41.333333248+00:00,0,2022-05-03,100 MHz,20220328,0.0,148.0924530029297,148.4051055908203,0.49483136533333527,0.2317693634033203,10,2.9758124023018704,0.22578811645507815,2.9933520950663888,3.0251112057813034,145.1080871193246,151.3894714744254,9.3795166015625,0.0,11.584512912567275,0.3090484405517578,8.0,2.0,2.9758124023018704,0.11288579305013022,2.9939461575942974,11.961151369220444,12.35746936411033,0.0,0.0,0.07816986753980852,uncertain_cold,257.97792561848956,257.97792561848956,POINT (541618.5085738194 8672951.636106076),dronbreen
dronbreen-20220328-DAT_0226_A1_1,2755.0,2673,148.0924530029297,541620.7705781928,8672955.490080804,405.9183044433594,2022-03-28 10:50:42.500000+00:00,0,2022-05-03,100 MHz,20220328,0.0,148.0924530029297,148.4051055908203,0.4732659765915075,0.30902581787109373,10,2.973736682117295,0.22578811645507815,2.9982640117596726,3.0196143483401023,145.11015688615953,151.38740170759047,10.004837036132812,0.0,12.986756199576533,0.4635387268066406,8.0,2.0,2.973736682117295,0.33870697021484375,3.028646631334137,13.327177827787908,12.997800829138356,0.0,0.0,0.08769357206419977,uncertain_cold,257.8258514404297,257.8258514404297,POINT (541620.7705781928 8672955.490080804),dronbreen
dronbreen-20220328-DAT_0226_A1_1,2760.0,2678,147.9882354736328,541623.7723218296,8672960.607601287,405.5511779785156,2022-03-28 10:50:44+00:00,0,2022-05-03,100 MHz,20220328,0.1042327880859375,147.88400268554688,148.4051055908203,0.43514170241453604,0.46355003814697265,10,2.971660669632345,0.11290232340494792,3.009716383305253,3.005472071281018,144.9101980399674,151.37891023639978,10.734359741210938,0.0,14.724503140991583,0.6953194015502929,8.0,2.0,2.9695843648765954,0.22582117716471353,3.058250410667486,15.022663520602682,13.712517981495637,0.0,0.0007043315825230495,0.09949779517179973,uncertain_cold,257.5629425048828,257.66717529296875,POINT (541623.7723218296 8672960.607601287),dronbreen
dronbreen-20220328-DAT_0226_A1_1,2765.0,2681,147.9882354736328,541625.7352017354,8672964.01810063,405.292236328125,2022-03-28 10:50:45+00:00,0,2022-05-03,100 MHz,20220328,0.1042327880859375,147.77980041503906,148.30087280273438,0.41410956294291323,0.4635387268066406,10,2.971660669632345,0.22580464680989584,3.0160608457407188,3.008860515889939,144.79957309586345,151.28110012191,11.255447387695312,0.0,15.800981829244405,0.6180516357421875,8.0,2.0,2.9695843648765954,0.22578811645507815,3.041611316078282,16.079192714242954,14.233603121308306,0.0,0.0007043315825230495,0.1067718780393167,uncertain_cold,257.3040008544922,257.4082336425781,POINT (541625.7352017354 8672964.01810063),dronbreen
dronbreen-20220328-DAT_0226_A1_1,2770.0,2686,147.77980041503906,541628.4149584745,8672968.487621982,404.9315185546875,2022-03-28 10:50:46.428571392+00:00,0,2022-05-03,100 MHz,20220328,0.104217529296875,147.5713653564453,148.1966552734375,0.40452418007725705,0.54077255859375,10,2.96750867973179,0.4516092936197917,3.0499989636875795,3.028811405590394,144.56968937153835,151.19833125834447,11.984970092773438,0.0,17.52661763503428,0.7725419219970703,8.0,2.0,2.9654327023652867,0.33869043986002606,3.0830704415489754,17.77894338961134,14.969681523768088,0.0,0.0007052217488735296,0.11859954869211378,uncertain_cold,257.15171813964844,257.2559356689453,POINT (541628.4149584745 8672968.487621982),dronbreen
dronbreen-20220328-DAT_0226_A1_1,2775.0,2692,147.5713653564453,541631.2373749338,8672973.121075448,404.5512390136719,2022-03-28 10:50:48+00:00,0,2022-05-03,100 MHz,20220328,0.0,147.36293029785156,147.9882354736328,0.36500679117837376,0.4635387268066406,10,2.963356736754147,0.33870697021484375,3.018455517675857,3.0049019149623906,144.38027953704528,150.9708862344391,12.818695068359375,0.0,19.607987898819513,0.6953080902099609,8.0,2.0,2.963356736754147,0.33870697021484375,3.0626228793714922,19.833542169798886,15.801345829165655,0.0,0.0,0.13287122370561652,uncertain_cold,256.97987365722656,256.97987365722656,POINT (541631.2373749338 8672973.121075448),dronbreen
dronbreen-20220328-DAT_0226_A1_1,2780.0,2696,147.46714782714844,541633.4967635812,8672976.850929528,404.25998942057294,2022-03-28 10:50:49.333333248+00:00,0,2022-05-03,100 MHz,20220328,0.104217529296875,147.36293029785156,147.77980041503906,0.377519514732054,0.46352741546630855,10,2.961280782923095,0.22580464680989584,3.005832543359566,2.9937756425347053,144.39305292431735,150.74967778857328,13.444000244140625,0.0,21.006966820263802,0.6180403244018554,8.0,2.0,2.9592048408969234,0.33870697021484375,3.041971325414928,21.217074979594244,16.42252600398558,0.0,0.0007067169253116099,0.14245184184945942,uncertain_cold,256.7928415934245,256.8970591227214,POINT (541633.4967635812 8672976.850929528),dronbreen
dronbreen-20220328-DAT_0226_A1_1,2785.0,2701,147.36293029785156,541636.2267524722,8672981.4638094,403.9027404785156,2022-03-28 10:50:51+00:00,0,2022-05-03,100 MHz,20220328,0.104217529296875,147.2587127685547,147.6755828857422,0.4110403385457725,0.38628227233886714,10,2.9592048408969234,0.33870697021484375,3.0034696096320306,3.0067540408173943,144.28018700870973,150.65410864558714,14.17352294921875,0.0,22.73959061608383,0.6180516357421875,8.0,2.0,2.957128910700492,0.33870697021484375,3.039954215217129,22.933563072345752,17.149986254245846,0.0,0.0007072167273426865,0.15431011428805277,uncertain_cold,256.53981018066406,256.64402770996094,POINT (541636.2267524722 8672981.4638094),dronbreen
dronbreen-20220328-DAT_0226_A1_1,2790.0,2706,147.1544952392578,541638.820320757,8672986.063610027,403.5741533551897,2022-03-28 10:50:52.428571392+00:00,0,2022-05-03,100 MHz,20220328,0.104217529296875,147.05027770996094,147.46714782714844,0.45771040918533673,0.4635387268066406,10,2.9550529923587323,0.4516258239746094,3.025090448859102,3.024202852191905,144.06091254783553,150.45651298927385,14.798828125,0.0,24.447414023840437,0.5407951812744141,8.0,2.0,2.9529770858966473,0.4516092936197917,3.0358662770293505,24.6292524668733,17.786138725509176,0.0,0.0007082184552189738,0.16613433374285644,uncertain_cold,256.4196581159319,256.52387564522877,POINT (541638.820320757 8672986.063610027),dronbreen
dronbreen-20220328-DAT_0226_A1_1,2795.0,2710,146.946044921875,541641.0680707833,8672990.05010599,403.2823791503906,2022-03-28 10:50:53.666666752+00:00,0,2022-05-03,100 MHz,20220328,0.1042022705078125,146.8418426513672,147.36293029785156,0.5116175394334656,0.5407951812744141,10,2.9509008874024696,0.4516092936197917,3.0338468038854693,3.0287818521663796,143.8565843708567,150.34818857836206,15.31988525390625,0.0,25.8254670816608,0.5407951812744141,8.0,2.0,2.9488253087118523,0.4516092936197917,3.0318280102065396,25.997197380512556,18.30309186012434,0.0,0.0007091192591349596,0.17574795630185971,uncertain_cold,256.3363342285156,256.44053649902344,POINT (541641.0680707833 8672990.05010599),dronbreen
dronbreen-20220328-DAT_0226_A1_1,2800.0,2715,146.7376251220703,541643.4504396236,8672994.342075536,402.9454650878906,2022-03-28 10:50:55+00:00,0,2022-05-03,100 MHz,20220328,0.104217529296875,146.63340759277344,147.1544952392578,0.5436392706604859,0.5407951812744141,10,2.9467494380394976,0.33869043986002606,3.0150460846773637,3.0155575141659856,143.66725799023504,150.1206448417962,15.945205688476562,0.0,25.70507521780328,0.5407951812744141,8.0,2.0,2.9446735793475263,0.4516092936197917,3.0277900969322107,25.87713170727999,18.924308480088683,0.0,0.0007102304484632142,0.1751771244520235,uncertain_cold,256.2078399658203,256.3120574951172,POINT (541643.4504396236 8672994.342075536),dronbreen
dronbreen-20220328-DAT_0226_A1_1,2805.0,2720,146.63340759277344,541646.3926795399,8672999.519841358,402.5500895182292,2022-03-28 10:50:56.666666752+00:00,0,2022-05-03,100 MHz,20220328,0.20843505859375,146.4249725341797,147.05027770996094,0.6072834550476741,0.6180516357421875,10,2.9446735793475263,0.11290232340494792,3.010952880398696,3.0087609772649357,143.47813534432044,149.9971148998202,16.778945922851562,0.0,24.401022689039475,0.6180516357421875,8.0,2.0,2.9405218980062213,0.4516092936197917,3.0385206616347813,24.58171125568269,19.753945080286385,0.0,0.001421470468534773,0.16640834506693983,uncertain_cold,255.91668192545575,256.1251169840495,POINT (541646.3926795399 8672999.519841358),dronbreen
dronbreen-20220328-DAT_0226_A1_1,2810.0,2724,146.63340759277344,541648.74950127,8673003.811029239,402.2724609375,2022-03-28 10:50:58+00:00,0,2022-05-03,100 MHz,20220328,0.4168701171875,146.21653747558594,146.8418426513672,0.666861680313967,0.6180516357421875,10,2.9446735793475263,0.11288579305013022,3.0109522606018717,3.0213490681897546,143.2697009190087,149.78867920794443,17.508468627929688,0.0,23.387650525089935,0.6180516357421875,8.0,2.0,2.9363702648916354,0.4516092936197917,3.0345031077702216,23.575589459658545,20.479364332363545,0.0,0.002842940937069546,0.1594974222384678,uncertain_cold,255.63905334472656,256.05592346191406,POINT (541648.74950127 8673003.811029239),dronbreen
dronbreen-20220328-DAT_0226_A1_1,2815.0,2729,146.52920532226562,541651.0170154251,8673008.099455168,402.02618408203125,2022-03-28 10:50:59.333333248+00:00,0,2022-05-03,100 MHz,20220328,0.5211029052734375,146.0081024169922,146.7376251220703,0.7122732542945703,0.6180290130615234,10,2.9425980365911126,0.33870697021484375,3.0258164976759234,3.0464633274348416,143.04607513544633,149.69965240361617,18.238006591796875,0.0,22.121314733010323,0.5407951812744141,8.0,2.0,2.932218680208615,0.22580464680989584,2.9902096172634653,22.315946308502916,21.178906815722414,0.0,0.003556307455072604,0.15096863921672352,uncertain_cold,255.49697875976562,256.01808166503906,POINT (541651.0170154251 8673008.099455168),dronbreen
dronbreen-20220328-DAT_0226_A1_1,2820.0,2733,146.3207550048828,541653.2806744714,8673012.511830153,401.79994710286456,2022-03-28 10:51:00.666666752+00:00,0,2022-05-03,100 MHz,20220328,0.312652587890625,145.9038848876953,146.63340759277344,0.6874495941466022,0.6953080902099609,10,2.9384460754078128,0.33872350056966144,3.038527980491403,3.0367393520699255,142.94598040175975,149.591312078709,18.759063720703125,0.0,21.096297546370156,0.5407951812744141,8.0,2.0,2.932218680208615,0.0,2.981671648027995,21.29910036958246,21.691282400911746,0.0,0.0021367617183234984,0.1441784355586886,uncertain_cold,255.47919209798175,255.79184468587238,POINT (541653.2806744714 8673012.511830153),dronbreen
dronbreen-20220328-DAT_0226_A1_1,2825.0,2737,146.21653747558594,541655.5462396058,8673016.862235453,401.5754699707031,2022-03-28 10:51:02+00:00,0,2022-05-03,100 MHz,20220328,0.20843505859375,145.9038848876953,146.52920532226562,0.6757606481080475,0.6180516357421875,10,2.9363702648916354,0.22578811645507815,3.009192321955461,3.021572944610723,142.95884658470635,149.4742436252546,19.28015899658203,0.0,20.09425136131683,0.6180629470825195,8.0,2.0,2.932218680208615,0.0,2.996649494872679,20.30706389807122,22.212377676790652,0.0,0.0014255231466451105,0.13742803453181215,uncertain_cold,255.3589324951172,255.56736755371094,POINT (541655.5462396058 8673016.862235453),dronbreen
dronbreen-20220328-DAT_0226_A1_1,2830.0,2742,146.11233520507812,541657.5667577022,8673020.879384175,401.33692932128906,2022-03-28 10:51:03.249999872+00:00,0,2022-05-03,100 MHz,20220328,0.1042327880859375,145.9038848876953,146.4249725341797,0.5996891022395975,0.5407951812744141,10,2.934294770406076,0.22580464680989584,2.992245472257083,3.003448111337754,142.960914697878,149.367942723997,20.113906860351562,0.0,18.899401115144084,0.46352741546630855,8.0,2.0,2.932218680208615,0.11290232340494792,2.9707761592020807,19.125846800450535,23.048298334438584,0.0,0.0007133743221586325,0.12934842967650576,uncertain_cold,255.22459411621094,255.32882690429688,POINT (541657.5667577022 8673020.879384175),dronbreen
dronbreen-20220328-DAT_0226_A1_1,2835.0,2747,146.0081024169922,541659.6984920768,8673025.42725536,401.0382893880208,2022-03-28 10:51:04.666666752+00:00,0,2022-05-03,100 MHz,20220328,0.104217529296875,145.7996826171875,146.3207550048828,0.5645498527383431,0.46351610412597655,10,2.932218680208615,0.22582117716471353,2.977204858823882,2.9945981581586696,142.85878112400206,149.26165649806825,20.843414306640625,0.0,17.756832001301063,0.4635387268066406,8.0,2.0,2.930142906093274,0.11290232340494792,2.9687291112542575,17.997321109187013,23.77573154472367,0.0,0.0007137790819254311,0.12161538782682345,uncertain_cold,255.03018697102863,255.1344045003255,POINT (541659.6984920768 8673025.42725536),dronbreen
dronbreen-20220328-DAT_0226_A1_1,2840.0,2751,145.9038848876953,541661.5832692011,8673029.703838648,400.747802734375,2022-03-28 10:51:06+00:00,0,2022-05-03,100 MHz,20220328,0.0,145.9038848876953,146.3207550048828,0.49483486464849125,0.38627096099853514,10,2.930142906093274,0.11290232340494792,2.9576493436629208,2.973776374919719,142.97156764961227,149.25307224296586,21.468711853027344,0.0,16.85602477415085,0.5407951812744141,8.0,2.0,2.930142906093274,0.0,2.979630325764987,17.10880792565385,24.398854759120624,0.0,0.0,0.11552827936778529,uncertain_cold,254.8439178466797,254.8439178466797,POINT (541661.5832692011 8673029.703838648),dronbreen
dronbreen-20220328-DAT_0226_A1_1,2845.0,2756,145.9038848876953,541663.7648273734,8673034.702992713,400.3807067871094,2022-03-28 10:51:07.500000+00:00,0,2022-05-03,100 MHz,20220328,0.0,145.69544982910156,146.21653747558594,0.4529434451300136,0.4635387268066406,10,2.930142906093274,0.11290232340494792,2.9687291112542575,2.967093215462773,142.76313259101852,149.14885471366898,22.302452087402344,0.0,15.74677261618842,0.3862935836791992,8.0,2.0,2.930142906093274,0.0,2.9554966051275473,16.017071682304174,25.232594993495624,0.0,0.0,0.10792565686862263,uncertain_cold,254.47682189941406,254.47682189941406,POINT (541663.7648273734 8673034.702992713),dronbreen
dronbreen-20220328-DAT_0226_A1_1,2850.0,2760,146.0081024169922,541666.240975404,8673040.083472883,400.0185546875,2022-03-28 10:51:09+00:00,0,2022-05-03,100 MHz,20220328,0.104217529296875,145.69544982910156,146.11233520507812,0.4204734204058258,0.38628227233886714,10,2.932218680208615,0.0,2.957553107297928,2.9622127347359988,142.76323114889294,149.04455388528675,22.927749633789062,0.0,14.88444187128293,0.3862935836791992,8.0,2.0,2.930142906093274,0.0,2.9554966051275473,15.170113620857597,25.857892539882343,0.0,0.0007137790819254311,0.10194257458927637,uncertain_cold,254.0104522705078,254.1146697998047,POINT (541666.240975404 8673040.083472883),dronbreen
dronbreen-20220328-DAT_0226_A1_1,2855.0,2764,145.9038848876953,541667.9624978622,8673043.858751515,399.8040466308594,2022-03-28 10:51:10+00:00,0,2022-05-03,100 MHz,20220328,0.0,145.7996826171875,146.0081024169922,0.38994175719161306,0.2317693634033203,10,2.930142906093274,0.11290232340494792,2.9414624632266437,2.958130990804947,142.86736537910446,148.94041965507523,23.136184692382812,0.0,14.017511243089773,0.38628227233886714,8.0,2.0,2.930142906093274,0.11288579305013022,2.9576501899860594,14.320932305633928,26.068501294048005,0.0,0.0,0.09607359840952343,uncertain_cold,253.90016174316406,253.90016174316406,POINT (541667.9624978622 8673043.858751515),dronbreen
dronbreen-20220328-DAT_0226_A1_1,2860.0,2768,145.9038848876953,541670.1889933198,8673048.642199675,399.54613240559894,2022-03-28 10:51:11.333333248+00:00,0,2022-05-03,100 MHz,20220328,0.1042022705078125,145.69544982910156,146.0081024169922,0.37431380741280734,0.3090371292114258,10,2.930142906093274,0.11288579305013022,2.9485563585647356,2.956110870522479,142.76313322743638,148.94041901865737,23.553054809570312,0.0,13.233607753064936,0.5408064926147461,8.0,2.0,2.928067448080567,0.33870697021484375,2.996793795815025,13.557900853530445,26.50064728346848,0.0,0.0007141843453175956,0.09070085942708837,uncertain_cold,253.64224751790363,253.74644978841144,POINT (541670.1889933198 8673048.642199675),dronbreen
dronbreen-20220328-DAT_0226_A1_1,2865.0,2772,145.7996826171875,541672.1084703614,8673052.826828085,399.3068389892578,2022-03-28 10:51:12.500000+00:00,0,2022-05-03,100 MHz,20220328,0.2084503173828125,145.5912322998047,145.9038848876953,0.3869948209343983,0.3862935836791992,10,2.928067448080567,0.22580464680989584,2.962058313372933,2.962149846051011,142.65447103626454,148.84064615123546,23.761497497558594,0.0,12.431730805801468,0.6180516357421875,8.0,2.0,2.9239156569624707,0.33872350056966144,3.0076575940941206,12.775443131523136,26.704967622915476,0.0,0.001429703505803376,0.08526582899663981,uncertain_cold,253.5071563720703,253.71560668945312,POINT (541672.1084703614 8673052.826828085),dronbreen
dronbreen-20220328-DAT_0226_A1_1,2870.0,2776,145.69544982910156,541674.0151765654,8673057.011064472,399.0411682128906,2022-03-28 10:51:13.666666752+00:00,0,2022-05-03,100 MHz,20220328,0.20843505859375,145.4870147705078,145.7996826171875,0.3811861322960053,0.38628227233886714,10,2.9259913944442317,0.33872350056966144,2.970752975951239,2.9700946310942102,142.54148268781037,148.74521469988494,23.96991729736328,0.0,11.681445254955065,0.6180516357421875,8.0,2.0,2.9218399317439663,0.33869043986002606,3.0056359768324836,12.046079156526341,26.911321689959806,0.0,0.0014306216071829354,0.08017714533060033,uncertain_cold,253.34571838378906,253.5541534423828,POINT (541674.0151765654 8673057.011064472),dronbreen
dronbreen-20220328-DAT_0226_A1_1,2875.0,2781,145.4870147705078,541676.2218852733,8673061.607813086,398.77362060546875,2022-03-28 10:51:15+00:00,0,2022-05-03,100 MHz,20220328,0.2084197998046875,145.27859497070312,145.69544982910156,0.397453503808652,0.3862596496582031,10,2.9218399317439663,0.22580464680989584,2.955897975608868,2.9573815467308746,142.34804274880798,148.6260020509967,22.302452087402344,0.0,10.859453400663858,0.7725645446777343,8.0,2.0,2.917688822109829,0.33870697021484375,3.0371839671033887,11.249682601545992,25.239734926070895,0.0,0.0014325663368201641,0.07464208003575874,uncertain_cold,253.28660583496094,253.49502563476562,POINT (541676.2218852733 8673061.607813086),dronbreen
dronbreen-20220328-DAT_0226_A1_1,2880.0,2785,145.4870147705078,541678.4575801545,8673066.298513608,398.5118662516276,2022-03-28 10:51:16.333333248+00:00,0,2022-05-03,100 MHz,20220328,0.312652587890625,145.1743621826172,145.5912322998047,0.4086822893864533,0.46355003814697265,10,2.9218399317439663,0.0,2.958382535203932,2.9502830034408123,142.25252225087323,148.51307223154865,19.384361267089844,0.0,10.307020386264155,0.8498096878051757,8.0,2.0,2.915612829929908,0.33872350056966144,3.05576639967416,10.71681860566628,22.319583879412463,0.0,0.0021490068263741975,0.07084495068183588,uncertain_cold,253.0248514811198,253.33750406901044,POINT (541678.4575801545 8673066.298513608),dronbreen
dronbreen-20220328-DAT_0226_A1_1,2885.0,2789,145.4870147705078,541680.6445102409,8673070.708561236,398.261235555013,2022-03-28 10:51:17.666666752+00:00,0,2022-05-03,100 MHz,20220328,0.521087646484375,145.0701446533203,145.4870147705078,0.40749836467434364,0.5407951812744141,10,2.9218399317439663,0.11290232340494792,2.9736097506992154,2.952278855151743,142.14612421540204,148.41103520842609,16.362075805664062,0.0,9.81379833753146,0.9270774536132812,8.0,2.0,2.911461490518305,0.451592763264974,3.0886917359300283,10.246520474987577,19.30835210543711,0.0,0.003581678043956996,0.06745480586712024,uncertain_cold,252.7742207845052,253.29530843098956,POINT (541680.6445102409 8673070.708561236),dronbreen
dronbreen-20220328-DAT_0226_A1_1,2890.0,2794,145.38279724121094,541683.1269371372,8673075.779111365,397.95825958251953,2022-03-28 10:51:19.249999872+00:00,0,2022-05-03,100 MHz,20220328,0.6252899169921875,144.86172485351562,145.38279724121094,0.4170112795210061,0.5407951812744141,10,2.9197642188148722,0.22578811645507815,2.9779964397382312,2.9580232883213915,141.93324344380787,148.3112786509187,12.50604248046875,0.0,9.345230010020776,1.0043225967407226,8.0,2.0,2.90731050469132,0.451592763264974,3.1088670400719653,9.797434068913896,15.448216913523623,0.0,0.0043009897240781645,0.06428016372883305,uncertain_cold,252.5754623413086,253.20075225830078,POINT (541683.1269371372 8673075.779111365),dronbreen
dronbreen-20220328-DAT_0226_A1_1,2895.0,2799,145.27859497070312,541685.2468706962,8673080.187090252,397.68988037109375,2022-03-28 10:51:20.666666752+00:00,0,2022-05-03,100 MHz,20220328,0.729522705078125,144.75750732421875,145.27859497070312,0.401529373923765,0.3862596496582031,10,2.917688822109829,0.22580464680989584,2.9517947621980194,2.9538316877082207,141.83109385357153,148.20500844135034,8.6500244140625,0.0,9.08192236126299,0.9270774536132812,8.0,2.0,2.9031592648597755,0.33870697021484375,3.0663543066337517,9.540669258748151,11.572875099406048,0.0,0.005021542954935932,0.06251383669489954,uncertain_cold,252.41128540039062,253.14080810546875,POINT (541685.2468706962 8673080.187090252),dronbreen
dronbreen-20220328-DAT_0226_A1_1,2900.0,2803,145.1743621826172,541687.2010186426,8673084.279771535,397.44586181640625,2022-03-28 10:51:22+00:00,0,2022-05-03,100 MHz,20220328,0.7295074462890625,144.6532745361328,145.1743621826172,0.4123550040750967,0.38628227233886714,10,2.915612829929908,0.33872350056966144,2.960531333698958,2.9640459566740565,141.71805192381018,148.10958479493982,5.52349853515625,0.0,9.002815653841276,0.9270661422729491,8.0,2.0,2.9010836637228468,0.33872350056966144,3.0643876494181654,9.464761472472894,8.444289529691417,0.0,0.005025043232987676,0.062013812345987705,uncertain_cold,252.27149963378906,253.00100708007812,POINT (541687.2010186426 8673084.279771535),dronbreen
dronbreen-20220328-DAT_0226_A1_1,2905.0,2808,144.96592712402344,541689.2514260315,8673088.561537536,397.1825866699219,2022-03-28 10:51:23.333333248+00:00,0,2022-05-03,100 MHz,20220328,0.729522705078125,144.44485473632812,145.0701446533203,0.4256072084239861,0.46355003814697265,10,2.911461490518305,0.33869043986002606,2.9675238605089107,2.961834013020667,141.51375951016715,148.0012398794813,1.5632476806640625,0.0,9.116630848044478,1.0043225967407226,8.0,2.0,2.8969321952510763,0.33870697021484375,3.0847370121095197,9.571828277558604,4.479913337806522,0.0,0.005032373603584743,0.06288809397428184,uncertain_cold,252.21665954589844,252.94618225097656,POINT (541689.2514260315 8673088.561537536),dronbreen
dronbreen-20220328-DAT_0226_A1_1,2910.0,2813,144.86172485351562,541691.5763126267,8673093.255028747,396.88734436035156,2022-03-28 10:51:24.750000128+00:00,0,2022-05-03,100 MHz,20220328,0.0,144.2364044189453,144.96592712402344,0.4295551146233362,0.3862596496582031,10,2.909386143332347,0.33870697021484375,2.9543944658153665,2.9603661495135114,141.30736871709968,147.89496282586907,0.833740234375,0.0,9.94302780594475,0.9271000762939453,7.0,1.0,2.894856935750577,0.33869043986002606,0.0,0.0,0.0,0.0,0.0,0.0,certain_cold,252.02561950683594,252.02561950683594,POINT (541691.5763126267 8673093.255028747),dronbreen
dronbreen-20220328-DAT_0226_A1_1,2915.0,2818,144.6532745361328,541694.0874395784,8673097.706172634,396.6014099121094,2022-03-28 10:51:26.333333248+00:00,0,2022-05-03,100 MHz,20220328,0.0,144.02798461914062,144.75750732421875,0.4116246280647934,0.30902581787109373,10,2.905234574627378,0.4516092936197917,2.9563213363579046,2.968800047514748,141.08785896065353,147.69763298270584,0.7295074462890625,0.0,10.027431483232728,0.9270548309326171,7.0,1.0,2.890705846905326,0.33870697021484375,0.0,0.0,0.0,0.0,0.0,0.0,certain_cold,251.94813537597656,251.94813537597656,POINT (541694.0874395784 8673097.706172634),dronbreen
dronbreen-20220328-DAT_0226_A1_1,2920.0,2824,144.44485473632812,541696.7435674178,8673102.62706024,396.3010559082031,2022-03-28 10:51:28+00:00,0,2022-05-03,100 MHz,20220328,0.0,143.81954956054688,144.549072265625,0.399273506633209,0.3090145065307617,10,2.9010836637228468,0.33869043986002606,2.9370882865890504,2.9479513176223473,140.89876239987046,147.4698594263014,0.7295379638671875,0.0,10.158612300800826,0.9270774536132812,7.0,1.0,2.8886303215052354,0.22582117716471353,0.0,0.0,0.0,0.0,0.0,0.0,certain_cold,251.856201171875,251.856201171875,POINT (541696.7435674178 8673102.62706024),dronbreen
dronbreen-20220328-DAT_0226_A1_1,2925.0,2828,144.34063720703125,541698.7240017978,8673106.516756345,396.0737043108259,2022-03-28 10:51:29.285714432+00:00,0,2022-05-03,100 MHz,20220328,0.0,143.71531677246094,144.44485473632812,0.3749621176929332,0.38627096099853514,10,2.899008075141,0.22582117716471353,2.9333339869676474,2.931866233901805,140.8075267140508,147.35264479473827,0.6253204345703125,0.0,10.282486567383451,0.9271000762939453,7.0,1.0,2.8865545049424437,0.22580464680989584,0.0,0.0,0.0,0.0,0.0,0.0,certain_cold,251.73306710379467,251.73306710379467,POINT (541698.7240017978 8673106.516756345),dronbreen
dronbreen-20220328-DAT_0226_A1_1,2930.0,2833,144.2364044189453,541700.8606982307,8673110.836666614,395.81234305245533,2022-03-28 10:51:30.714285568+00:00,0,2022-05-03,100 MHz,20220328,0.0,143.61111450195312,144.34063720703125,0.3756007002289397,0.23179198608398435,10,2.8969321952510763,0.33870697021484375,2.925861596242566,2.940750659536916,140.69444884481067,147.2573028641737,0.7295074462890625,0.0,10.387161403984004,1.0815903625488281,7.0,1.0,2.884479308887002,0.22578811645507815,0.0,0.0,0.0,0.0,0.0,0.0,certain_cold,251.57593863351002,251.57593863351002,POINT (541700.8606982307 8673110.836666614),dronbreen
dronbreen-20220328-DAT_0226_A1_1,2935.0,2838,144.02798461914062,541703.2360590823,8673115.576053789,395.5266418457031,2022-03-28 10:51:32.249999872+00:00,0,2022-05-03,100 MHz,20220328,0.0,143.50689697265625,144.1322021484375,0.3535879303302133,0.3090145065307617,10,2.892781384996205,0.451592763264974,2.944080523773137,2.9490921636478333,140.57907864406857,147.06002047702518,0.62530517578125,0.0,10.54357290855662,0.7725645446777343,7.0,1.0,2.882403821723846,0.22580464680989584,0.0,0.0,0.0,0.0,0.0,0.0,certain_cold,251.4986572265625,251.4986572265625,POINT (541703.2360590823 8673115.576053789),dronbreen
dronbreen-20220328-DAT_0226_A1_1,2940.0,2843,143.81954956054688,541705.4740936346,8673120.390941203,395.2195231119792,2022-03-28 10:51:33.666666752+00:00,0,2022-05-03,100 MHz,20220328,0.0,143.40267944335938,143.92376708984375,0.3251408759559238,0.30902581787109373,10,2.8886303215052354,0.33872350056966144,2.9247932747919982,2.926539822619024,140.494257406557,146.8321891266461,0.521087646484375,0.0,10.640330066826614,0.6180516357421875,7.0,1.0,2.8803283473614525,0.22580464680989584,0.0,0.0,0.0,0.0,0.0,0.0,certain_cold,251.3999735514323,251.3999735514323,POINT (541705.4740936346 8673120.390941203),dronbreen
dronbreen-20220328-DAT_0226_A1_1,2945.0,2847,143.71531677246094,541707.5804648969,8673124.922603138,394.9170837402344,2022-03-28 10:51:35+00:00,0,2022-05-03,100 MHz,20220328,0.0,143.2984619140625,143.81954956054688,0.31071550268138837,0.38628227233886714,10,2.8865545049424437,0.33870697021484375,2.931916321384175,2.9229203624598092,140.3921034843991,146.7259079902103,0.5210723876953125,0.0,10.712241330234963,0.46351610412597655,7.0,1.0,2.8782528858275134,0.22580464680989584,0.0,0.0,0.0,0.0,0.0,0.0,certain_cold,251.20176696777344,251.20176696777344,POINT (541707.5804648969 8673124.922603138),dronbreen
dronbreen-20220328-DAT_0226_A1_1,2950.0,2852,143.50689697265625,541709.8646011314,8673129.778808009,394.63006591796875,2022-03-28 10:51:36.428571392+00:00,0,2022-05-03,100 MHz,20220328,0.0,143.19424438476562,143.61111450195312,0.31534149182656074,0.38628227233886714,10,2.882403821723846,0.33869043986002606,2.927828034476084,2.919315546837685,140.29201024439362,146.51334864232513,0.521087646484375,0.0,10.849922257192718,0.4635387268066406,7.0,1.0,2.8761774371498,0.11290232340494792,0.0,0.0,0.0,0.0,0.0,0.0,certain_cold,251.1231689453125,251.1231689453125,POINT (541709.8646011314 8673129.778808009),dronbreen
dronbreen-20220328-DAT_0226_A1_1,2955.0,2856,143.40267944335938,541711.5872628128,8673133.421259955,394.4168243408203,2022-03-28 10:51:37.500000+00:00,0,2022-05-03,100 MHz,20220328,0.0,143.19424438476562,143.50689697265625,0.2955872109721324,0.30902581787109373,10,2.8803283473614525,0.33870697021484375,2.9165923191966634,2.9151990668865753,140.29406959688023,146.40707176054164,0.521087646484375,0.0,10.927841948836514,0.4635387268066406,7.0,1.0,2.8761774371498,0.22580464680989584,0.0,0.0,0.0,0.0,0.0,0.0,certain_cold,251.01414489746094,251.01414489746094,POINT (541711.5872628128 8673133.421259955),dronbreen
dronbreen-20220328-DAT_0226_A1_1,2960.0,2861,143.19424438476562,541714.046769481,8673138.708276778,394.0903625488281,2022-03-28 10:51:39+00:00,0,2022-05-03,100 MHz,20220328,0.0,142.98580932617188,143.2984619140625,0.2681900419477891,0.30902581787109373,10,2.8761774371498,0.4516092936197917,2.9277712615852107,2.9237430637204285,140.0743925569591,146.20987868327526,0.4168701171875,0.0,11.065299909606965,0.4635387268066406,7.0,1.0,2.8720265784745362,0.33870697021484375,0.0,0.0,0.0,0.0,0.0,0.0,certain_cold,250.8961181640625,250.8961181640625,POINT (541714.046769481 8673138.708276778),dronbreen
dronbreen-20220328-DAT_0226_A1_1,2965.0,2865,142.98580932617188,541716.1020598193,8673143.238369225,393.7628580729167,2022-03-28 10:51:40.333333248+00:00,0,2022-05-03,100 MHz,20220328,0.0,142.881591796875,143.09002685546875,0.2514694094114814,0.30902581787109373,10,2.8720265784745362,0.33870697021484375,2.9083940646424047,2.9028427348042865,139.98966180478732,145.98195684755643,0.312652587890625,0.0,11.137048294308487,0.4635387268066406,7.0,1.0,2.8699511685329293,0.33870697021484375,0.0,0.0,0.0,0.0,0.0,0.0,certain_cold,250.7770487467448,250.7770487467448,POINT (541716.1020598193 8673143.238369225),dronbreen
dronbreen-20220328-DAT_0226_A1_1,2970.0,2869,142.881591796875,541718.1337486374,8673147.705701007,393.4331563313802,2022-03-28 10:51:41.666666752+00:00,0,2022-05-03,100 MHz,20220328,0.0,142.67315673828125,143.09002685546875,0.26931265063036236,0.38628227233886714,10,2.8699511685329293,0.33870697021484375,2.9155713188599806,2.902390639666755,139.78328786211478,145.97989573163522,0.312652587890625,0.0,11.24928211569128,0.4635387268066406,7.0,1.0,2.8658003875822313,0.33870697021484375,0.0,0.0,0.0,0.0,0.0,0.0,certain_cold,250.5515645345052,250.5515645345052,POINT (541718.1337486374 8673147.705701007),dronbreen
dronbreen-20220328-DAT_0226_A1_1,2975.0,2873,142.67315673828125,541720.1418439707,8673152.110270338,393.1007385253906,2022-03-28 10:51:43+00:00,0,2022-05-03,100 MHz,20220328,0.0,142.56893920898438,142.98580932617188,0.2798606682077396,0.38628227233886714,10,2.8658003875822313,0.33870697021484375,2.9114855773405206,2.8992854752073427,139.68319246452833,145.87155607062792,0.20843505859375,0.0,11.321786112216744,0.6180516357421875,7.0,1.0,2.8637250166295702,0.33870697021484375,0.0,0.0,0.0,0.0,0.0,0.0,certain_cold,250.42758178710938,250.42758178710938,POINT (541720.1418439707 8673152.110270338),dronbreen
dronbreen-20220328-DAT_0226_A1_1,2980.0,2878,142.56893920898438,541722.1549804915,8673156.76312934,392.7275695800781,2022-03-28 10:51:44.333333248+00:00,0,2022-05-03,100 MHz,20220328,0.0,142.36050415039062,142.77737426757812,0.28328722772401094,0.38628227233886714,10,2.8637250166295702,0.33870697021484375,2.909442794843272,2.8975670891169556,139.47681842158067,145.66105999638808,0.3126373291015625,0.0,11.407748215194383,0.6180516357421875,7.0,1.0,2.859574313911313,0.33869043986002606,0.0,0.0,0.0,0.0,0.0,0.0,certain_cold,250.15863037109375,250.15863037109375,POINT (541722.1549804915 8673156.76312934),dronbreen
dronbreen-20220328-DAT_0226_A1_1,2985.0,2882,142.36050415039062,541723.9781066487,8673161.161965184,392.4270324707031,2022-03-28 10:51:45.500000+00:00,0,2022-05-03,100 MHz,20220328,0.0,142.2563018798828,142.56893920898438,0.2717625562462756,0.1544902862548828,11,2.859574313911313,0.33869043986002606,2.8837031260830317,2.8923574049227465,139.3767400259137,145.44850106295348,0.20843505859375,0.0,10.768189374064109,0.30902581787109373,8.0,1.0,2.8574992860569783,0.22580464680989584,0.0,0.0,0.0,0.0,0.0,0.0,certain_cold,250.0665283203125,250.0665283203125,POINT (541723.9781066487 8673161.161965184),dronbreen
dronbreen-20220328-DAT_0226_A1_1,2990.0,2886,142.2563018798828,541725.8012202955,8673165.56080267,392.1643981933594,2022-03-28 10:51:46.666666752+00:00,0,2022-05-03,100 MHz,20220328,0.0,142.15206909179688,142.36050415039062,0.2458174814602361,0.30902581787109373,11,2.8574992860569783,0.22580464680989584,2.8830169726257213,2.8769282477198725,139.2856619489895,145.226911293198,0.20843505859375,0.0,10.825251547530307,0.3090031951904297,8.0,1.0,2.855423663632351,0.33872350056966144,0.0,0.0,0.0,0.0,0.0,0.0,certain_cold,249.90809631347656,249.90809631347656,POINT (541725.8012202955 8673165.56080267),dronbreen
dronbreen-20220328-DAT_0226_A1_1,2995.0,2890,142.15206909179688,541727.8410353806,8673170.586691966,391.83953857421875,2022-03-28 10:51:48+00:00,0,2022-05-03,100 MHz,20220328,0.0,141.94363403320312,142.15206909179688,0.2688429597951997,0.30902581787109373,11,2.855423663632351,0.33872350056966144,2.8920018784192827,2.887984495405265,139.06819008336342,145.02751304163658,0.312652587890625,0.0,10.915380190441187,0.2317693634033203,8.0,1.0,2.8512730660216956,0.33870697021484375,0.0,0.0,0.0,0.0,0.0,0.0,certain_cold,249.68746948242188,249.68746948242188,POINT (541727.8410353806 8673170.586691966),dronbreen
dronbreen-20220328-DAT_0226_A1_1,3000.0,2895,141.94363403320312,541729.8247576513,8673175.36271435,391.5371500651042,2022-03-28 10:51:49.333333248+00:00,0,2022-05-03,100 MHz,20220328,0.0,141.83941650390625,141.94363403320312,0.2728531191763424,0.15451290893554687,11,2.8512730660216956,0.4516092936197917,2.8909485104602353,2.899682374976402,138.9526000824647,144.83045045464468,0.3126373291015625,0.0,11.005040687187327,0.23175805206298827,8.0,1.0,2.849197787038913,0.33869043986002606,0.0,0.0,0.0,0.0,0.0,0.0,certain_cold,249.59351603190106,249.59351603190106,POINT (541729.8247576513 8673175.36271435),dronbreen
dronbreen-20220328-DAT_0226_A1_1,3005.0,2899,141.73519897460938,541731.723035365,8673180.012023754,391.25921630859375,2022-03-28 10:51:50.666666752+00:00,0,2022-05-03,100 MHz,20220328,0.0,141.63099670410156,141.73519897460938,0.3000812922740875,0.1544902862548828,11,2.84712252130969,0.451592763264974,2.886851212606784,2.8982911270531515,138.74828224110283,144.6179134376081,0.312652587890625,0.0,11.090428912483933,0.2317693634033203,8.0,1.0,2.8450475727057523,0.33869043986002606,0.0,0.0,0.0,0.0,0.0,0.0,certain_cold,249.52401733398438,249.52401733398438,POINT (541731.723035365 8673180.012023754),dronbreen
dronbreen-20220328-DAT_0226_A1_1,3010.0,2903,141.5267791748047,541733.574132055,8673184.535806788,390.92779541015625,2022-03-28 10:51:52+00:00,0,2022-05-03,100 MHz,20220328,0.0,141.5267791748047,141.63099670410156,0.2994198799826437,0.15451290893554687,11,2.84297233356879,0.33870697021484375,2.867244032191438,2.8786917802429826,138.66370144251908,144.49407443638717,0.20843505859375,0.0,11.153352490640664,0.2317693634033203,8.0,1.0,2.84297233356879,0.33870697021484375,0.0,0.0,0.0,0.0,0.0,0.0,certain_cold,249.40101623535156,249.40101623535156,POINT (541733.574132055 8673184.535806788),dronbreen
dronbreen-20220328-DAT_0226_A1_1,3015.0,2908,141.42254638671875,541735.4507218191,8673189.06038479,390.5764668782552,2022-03-28 10:51:53.333333248+00:00,0,2022-05-03,100 MHz,20220328,0.0,141.214111328125,141.5267791748047,0.33373005210847384,0.30902581787109373,11,2.8408968039338296,0.33872350056966144,2.8776596769858855,2.880417332283629,138.3530925829156,144.3877979200141,0.4168548583984375,0.0,11.264942649366215,0.38628227233886714,8.0,1.0,2.8388218953465754,0.33872350056966144,0.0,0.0,0.0,0.0,0.0,0.0,certain_cold,249.15392049153644,249.15392049153644,POINT (541735.4507218191 8673189.06038479),dronbreen
dronbreen-20220328-DAT_0226_A1_1,3020.0,2912,141.214111328125,541737.2719465565,8673193.370565495,390.2192949567522,2022-03-28 10:51:54.571428608+00:00,0,2022-05-03,100 MHz,20220328,0.0,141.0056915283203,141.42254638671875,0.34593510732726324,0.4635387268066406,11,2.83674639248503,0.451592763264974,2.9096278577095815,2.8932226353309995,138.13322462353096,144.2950132915081,0.3126373291015625,0.0,11.322892830569787,0.3862596496582031,8.0,1.0,2.83674639248503,0.4516092936197917,0.0,0.0,0.0,0.0,0.0,0.0,certain_cold,249.0051836286272,249.0051836286272,POINT (541737.2719465565 8673193.370565495),dronbreen
dronbreen-20220328-DAT_0226_A1_1,3025.0,2917,141.0056915283203,541739.3836253429,8673198.48732263,389.8188171386719,2022-03-28 10:51:56+00:00,0,2022-05-03,100 MHz,20220328,0.0,140.79725646972656,141.214111328125,0.3825290802843368,0.4635387268066406,11,2.8325963385826665,0.5644950866699219,2.9252563770507245,2.913517670701448,137.90895996136277,144.1024078364888,0.312652587890625,0.0,11.298294234770742,0.38627096099853514,8.0,1.0,2.8305211799311785,0.6773974100748698,0.0,0.0,0.0,0.0,0.0,0.0,certain_cold,248.81312561035156,248.81312561035156,POINT (541739.3836253429 8673198.48732263),dronbreen
dronbreen-20220328-DAT_0226_A1_1,3030.0,2921,140.6930389404297,541741.2949452326,8673202.919940913,389.51090240478516,2022-03-28 10:51:57.249999872+00:00,0,2022-05-03,100 MHz,20220328,0.0,140.5888214111328,141.1099090576172,0.4204064965000744,0.4635387268066406,11,2.826370903210919,0.5645281473795573,2.9192349448015693,2.9126973982891817,137.70662354982954,143.99210691892046,0.2084503173828125,0.0,11.189770849673028,0.46355003814697265,8.0,1.0,2.824295785201784,0.5645116170247396,0.0,0.0,0.0,0.0,0.0,0.0,certain_cold,248.81786346435547,248.81786346435547,POINT (541741.2949452326 8673202.919940913),dronbreen
dronbreen-20220328-DAT_0226_A1_1,3035.0,2926,140.48458862304688,541743.3732577484,8673207.729940675,389.17152913411456,2022-03-28 10:51:58.666666752+00:00,0,2022-05-03,100 MHz,20220328,0.0,140.38038635253906,140.90147399902344,0.44059081927169524,0.4635387268066406,11,2.8222203769788576,0.5645281473795573,2.9152166363184744,2.911655912954857,137.50225850871098,143.77960184285152,0.2084197998046875,0.0,11.117257892497426,0.4635387268066406,8.0,1.0,2.8201455900352475,0.4516258239746094,0.0,0.0,0.0,0.0,0.0,0.0,certain_cold,248.6869405110677,248.6869405110677,POINT (541743.3732577484 8673207.729940675),dronbreen
dronbreen-20220328-DAT_0226_A1_1,3040.0,2930,140.17193603515625,541745.2695125978,8673212.441241592,388.8384704589844,2022-03-28 10:52:00+00:00,0,2022-05-03,100 MHz,20220328,0.0,140.17193603515625,140.79725646972656,0.48272951564142313,0.46356134948730465,11,2.8159951457233685,0.5644950866699219,2.909187599373844,2.9123034094825115,137.29991873652938,143.66927376835343,0.1042022705078125,0.0,11.050861274762273,0.5407951812744141,8.0,1.0,2.8159951457233685,0.4516092936197917,0.0,0.0,0.0,0.0,0.0,0.0,certain_cold,248.66653442382812,248.66653442382812,POINT (541745.2695125978 8673212.441241592),dronbreen
dronbreen-20220328-DAT_0226_A1_1,3045.0,2934,139.96351623535156,541746.8494808538,8673216.531262891,388.56590488978793,2022-03-28 10:52:01.142856960+00:00,0,2022-05-03,100 MHz,20220328,0.0,139.96351623535156,140.6930389404297,0.5210842895765269,0.6180516357421875,11,2.811845363953254,0.5644950866699219,2.9337888264330623,2.914902724020712,137.09556765602522,143.56098751975603,0.104217529296875,0.0,10.995446707319944,0.6180516357421875,8.0,1.0,2.811845363953254,0.5644950866699219,0.0,0.0,0.0,0.0,0.0,0.0,certain_cold,248.60238865443637,248.60238865443637,POINT (541746.8494808538 8673216.531262891),dronbreen
dronbreen-20220328-DAT_0226_A1_1,3050.0,2939,139.65086364746094,541748.7256872196,8673221.388164535,388.23377990722656,2022-03-28 10:52:02.500000+00:00,0,2022-05-03,100 MHz,20220328,0.0,139.65086364746094,140.48458862304688,0.5807679917222561,0.4635387268066406,11,2.8056203390681165,0.5645116170247396,2.899145909401267,2.9201832670155623,136.78901479527664,143.34643747523117,0.104217529296875,0.0,10.914857931557284,0.6952967788696288,8.0,1.0,2.8056203390681165,0.5645116170247396,0.0,0.0,0.0,0.0,0.0,0.0,certain_cold,248.58291625976562,248.58291625976562,POINT (541748.7256872196 8673221.388164535),dronbreen
dronbreen-20220328-DAT_0226_A1_1,3055.0,2943,139.4424285888672,541750.3168951686,8673225.43866154,387.934326171875,2022-03-28 10:52:03.666666752+00:00,0,2022-05-03,100 MHz,20220328,0.0,139.4424285888672,140.2761688232422,0.6042617898574442,0.6180063903808594,11,2.801470391830785,0.4516092936197917,2.9041555070174665,2.9012617291568197,136.60479096041843,143.11380645169095,0.20843505859375,0.0,10.800137070170596,0.7725645446777343,8.0,1.0,2.801470391830785,0.4516092936197917,0.0,0.0,0.0,0.0,0.0,0.0,certain_cold,248.4918975830078,248.4918975830078,POINT (541750.3168951686 8673225.43866154),dronbreen
dronbreen-20220328-DAT_0226_A1_1,3060.0,2948,139.23399353027344,541752.496382098,8673230.996204857,387.49800872802734,2022-03-28 10:52:05.249999872+00:00,0,2022-05-03,100 MHz,20220328,0.0,139.23399353027344,140.06773376464844,0.6205477910619633,0.6180516357421875,11,2.797320500363748,0.4516092936197917,2.9001621955129764,2.9006951747522414,136.40045282369465,142.90127447122723,0.4168548583984375,0.0,10.706747353405962,0.9270661422729491,8.0,1.0,2.797320500363748,0.4516092936197917,0.0,0.0,0.0,0.0,0.0,0.0,certain_cold,248.2640151977539,248.2640151977539,POINT (541752.496382098 8673230.996204857),dronbreen
dronbreen-20220328-DAT_0226_A1_1,3065.0,2952,139.0255584716797,541753.9728429709,8673234.732982099,387.20160420735675,2022-03-28 10:52:06.333333248+00:00,0,2022-05-03,100 MHz,20220328,0.0,139.0255584716797,139.8592987060547,0.6065496180803852,0.6180742584228516,11,2.7931706649155847,0.33870697021484375,2.8807187582167835,2.878268092831269,136.2119265172448,142.67293066048958,0.312652587890625,0.0,10.637350430401483,0.8498209991455078,8.0,1.0,2.7931706649155847,0.451592763264974,0.0,0.0,0.0,0.0,0.0,0.0,certain_cold,248.17604573567706,248.17604573567706,POINT (541753.9728429709 8673234.732982099),dronbreen
dronbreen-20220328-DAT_0226_A1_1,3070.0,2956,138.9213409423828,541755.7140485059,8673239.501515932,386.8400522867839,2022-03-28 10:52:07.666666752+00:00,0,2022-05-03,100 MHz,20220328,0.0,138.817138671875,139.75509643554688,0.6249878974712747,0.7725645446777343,11,2.791095768276665,0.4516092936197917,2.9310446119888365,2.895647840080219,135.98974295465118,142.5824921527707,0.312652587890625,0.0,10.580357931077685,0.8498323104858398,8.0,1.0,2.789021189524854,0.4516092936197917,0.0,0.0,0.0,0.0,0.0,0.0,certain_cold,247.91871134440106,247.91871134440106,POINT (541755.7140485059 8673239.501515932),dronbreen
dronbreen-20220328-DAT_0226_A1_1,3075.0,2961,138.6086883544922,541757.7353326257,8673245.116186235,386.4233093261719,2022-03-28 10:52:09.249999872+00:00,0,2022-05-03,100 MHz,20220328,0.0,138.6086883544922,139.4424285888672,0.6096322077466155,0.6180516357421875,11,2.784871163077584,0.451592763264974,2.888153604505478,2.8863636027874944,135.7874397977758,142.26367714558359,0.2084197998046875,0.0,10.468414476335024,0.7725532333374023,8.0,1.0,2.784871163077584,0.33870697021484375,0.0,0.0,0.0,0.0,0.0,0.0,certain_cold,247.8146209716797,247.8146209716797,POINT (541757.7353326257 8673245.116186235),dronbreen
dronbreen-20220328-DAT_0226_A1_1,3080.0,2965,138.50448608398438,541759.0874161492,8673248.849105539,386.13645426432294,2022-03-28 10:52:10.333333248+00:00,0,2022-05-03,100 MHz,20220328,0.0,138.4002685546875,139.3382110595703,0.588532650242627,0.4635387268066406,11,2.7827966268046698,0.11288579305013022,2.8233966104105046,2.8465893537406504,135.61518322952634,142.12329638473147,0.2084503173828125,0.0,10.414175900511385,0.7725645446777343,8.0,1.0,2.7827966268046698,0.33870697021484375,0.0,0.0,0.0,0.0,0.0,0.0,certain_cold,247.63196818033856,247.63196818033856,POINT (541759.0874161492 8673248.849105539),dronbreen
dronbreen-20220328-DAT_0226_A1_1,3085.0,2969,138.50448608398438,541760.697196893,8673253.737627365,385.76416015625,2022-03-28 10:52:11.666666752+00:00,0,2022-05-03,100 MHz,20220328,0.0,138.1918182373047,139.12977600097656,0.5656066947491571,0.6180290130615234,11,2.7827966268046698,0.22582117716471353,2.8595300542566964,2.848659896048767,135.399874063398,141.92172017488326,0.4168701171875,0.0,10.3435098413403,0.7725532333374023,8.0,1.0,2.7786466856192527,0.4516092936197917,0.0,0.0,0.0,0.0,0.0,0.0,certain_cold,247.25967407226562,247.25967407226562,POINT (541760.697196893 8673253.737627365),dronbreen
dronbreen-20220328-DAT_0226_A1_1,3090.0,2973,138.29603576660156,541762.3726583244,8673258.566160424,385.39410400390625,2022-03-28 10:52:13+00:00,0,2022-05-03,100 MHz,20220328,0.0,138.08761596679688,138.9213409423828,0.5511047106060143,0.6180516357421875,11,2.7786466856192527,0.5645116170247396,2.901988730802092,2.8884714247004215,135.25220580788533,141.75675110129436,0.4168701171875,0.0,10.290610075587189,0.7725645446777343,8.0,1.0,2.7744974091459214,0.4516092936197917,0.0,0.0,0.0,0.0,0.0,0.0,certain_cold,247.0980682373047,247.0980682373047,POINT (541762.3726583244 8673258.566160424),dronbreen
dronbreen-20220328-DAT_0226_A1_1,3095.0,2978,137.9833984375,541763.9862641725,8673263.330741903,385.02162679036456,2022-03-28 10:52:14.333333248+00:00,0,2022-05-03,100 MHz,20220328,0.0,137.87916564941406,138.71290588378906,0.5569894566966457,0.7725871673583984,11,2.7724226405338617,0.4516092936197917,2.9132746494272372,2.8636542226148296,135.07020173867608,141.52186979452705,0.3126678466796875,0.0,10.19075430743519,0.7725645446777343,8.0,1.0,2.77034758253751,0.4516258239746094,0.0,0.0,0.0,0.0,0.0,0.0,certain_cold,247.03822835286456,247.03822835286456,POINT (541763.9862641725 8673263.330741903),dronbreen
dronbreen-20220328-DAT_0226_A1_1,3100.0,2982,137.87916564941406,541765.5449936248,8673268.217684366,384.6322021484375,2022-03-28 10:52:15.666666752+00:00,0,2022-05-03,100 MHz,20220328,0.0,137.6707305908203,138.50448608398438,0.5578771114829453,0.9270774536132812,11,2.77034758253751,0.33872350056966144,2.940923654722726,2.846188013716969,134.87975238633544,141.29546428846925,0.3126373291015625,0.0,10.132399133729802,0.6953080902099609,8.0,1.0,2.7661981173741137,0.4516092936197917,0.0,0.0,0.0,0.0,0.0,0.0,certain_cold,246.75303649902344,246.75303649902344,POINT (541765.5449936248 8673268.217684366),dronbreen
dronbreen-20220328-DAT_0226_A1_1,3105.0,2987,137.6707305908203,541767.131143775,8673273.043448428,384.2269592285156,2022-03-28 10:52:17+00:00,0,2022-05-03,100 MHz,20220328,0.0,137.46229553222656,138.29603576660156,0.543166825945195,0.7725871673583984,11,2.7661981173741137,0.4516092936197917,2.9073517003993055,2.8549664060116777,134.65947499236893,141.0988563064592,0.3126373291015625,0.0,10.05248088339209,0.6952967788696288,8.0,1.0,2.7620487101417455,0.33869043986002606,0.0,0.0,0.0,0.0,0.0,0.0,certain_cold,246.5562286376953,246.5562286376953,POINT (541767.131143775 8673273.043448428),dronbreen
dronbreen-20220328-DAT_0226_A1_1,3110.0,2991,137.46229553222656,541768.7098234384,8673277.698395597,383.82335662841797,2022-03-28 10:52:18.249999872+00:00,0,2022-05-03,100 MHz,20220328,0.0,137.25387573242188,138.08761596679688,0.5460704565436933,0.7725645446777343,11,2.7620487101417455,0.451592763264974,2.9033954392610886,2.851498210509488,134.45515296997667,140.88633872924208,0.3126373291015625,0.0,9.989545091121139,0.7725645446777343,8.0,1.0,2.759974332090429,0.33869043986002606,0.0,0.0,0.0,0.0,0.0,0.0,certain_cold,246.3610610961914,246.3610610961914,POINT (541768.7098234384 8673277.698395597),dronbreen
dronbreen-20220328-DAT_0226_A1_1,3115.0,2996,137.25387573242188,541770.4800201592,8673282.762505557,383.4161682128906,2022-03-28 10:52:19.666666752+00:00,0,2022-05-03,100 MHz,20220328,0.0,137.04544067382812,137.87916564941406,0.5289813761639812,0.7725645446777343,11,2.757899664858829,0.33869043986002606,2.884021107962654,2.828523125556756,134.266821992634,140.6577843306082,0.3126678466796875,0.0,9.86741467572817,0.6953194015502929,8.0,1.0,2.75582501224109,0.33870697021484375,0.0,0.0,0.0,0.0,0.0,0.0,certain_cold,246.16229248046875,246.16229248046875,POINT (541770.4800201592 8673282.762505557),dronbreen
dronbreen-20220328-DAT_0226_A1_1,3120.0,3000,137.149658203125,541772.1190733933,8673287.527889363,383.0455017089844,2022-03-28 10:52:21+00:00,0,2022-05-03,100 MHz,20220328,0.0,136.9412078857422,137.6707305908203,0.507066130770849,0.6180742584228516,11,2.75582501224109,0.4516092936197917,2.8601640234612997,2.8382456752635585,134.14862441300994,140.46331406355256,0.4168701171875,0.0,9.79224196201321,0.6952967788696288,8.0,1.0,2.753750374270242,0.33870697021484375,0.0,0.0,0.0,0.0,0.0,0.0,certain_cold,245.89584350585938,245.89584350585938,POINT (541772.1190733933 8673287.527889363),dronbreen
dronbreen-20220328-DAT_0226_A1_1,3125.0,3005,136.83700561523438,541773.6873705011,8673292.104979927,382.68849690755206,2022-03-28 10:52:22.333333248+00:00,0,2022-05-03,100 MHz,20220328,0.0,136.7327880859375,137.46229553222656,0.5199452588536878,0.3090031951904297,11,2.7496011424018345,0.5645116170247396,2.8239091314508076,2.8547018899103613,133.92583603646224,140.26924758170182,0.3126373291015625,0.0,9.703692810005924,0.6952854675292969,8.0,1.0,2.7496011424018345,0.5644950866699219,0.0,0.0,0.0,0.0,0.0,0.0,certain_cold,245.8514912923177,245.8514912923177,POINT (541773.6873705011 8673292.104979927),dronbreen
dronbreen-20220328-DAT_0226_A1_1,3130.0,3010,136.62857055664062,541775.4288347096,8673297.168204246,382.2833786010742,2022-03-28 10:52:23.750000128+00:00,0,2022-05-03,100 MHz,20220328,0.0,136.5243682861328,137.25387573242188,0.5248576337632609,0.4635387268066406,11,2.7454519695198405,0.33869043986002606,2.804832594334726,2.815615965772413,133.75810406683038,140.0201399517243,0.312652587890625,0.0,9.614630364882812,0.6953080902099609,8.0,1.0,2.7433777090242333,0.5645116170247396,0.0,0.0,0.0,0.0,0.0,0.0,certain_cold,245.6548080444336,245.6548080444336,POINT (541775.4288347096 8673297.168204246),dronbreen
dronbreen-20220328-DAT_0226_A1_1,3135.0,3014,136.5243682861328,541776.8448535751,8673301.81810573,381.9172058105469,2022-03-28 10:52:25+00:00,0,2022-05-03,100 MHz,20220328,0.0,136.31591796875,137.04544067382812,0.5343665239003713,0.6180516357421875,11,2.7433777090242333,0.33870697021484375,2.8324603246094666,2.8153847424301595,133.55171036691485,139.80964827566328,0.4168853759765625,0.0,9.509158677938764,0.6953080902099609,8.0,1.0,2.7392283213827193,0.33872350056966144,0.0,0.0,0.0,0.0,0.0,0.0,certain_cold,245.39283752441406,245.39283752441406,POINT (541776.8448535751 8673301.81810573),dronbreen
dronbreen-20220328-DAT_0226_A1_1,3140.0,3018,136.31591796875,541778.0682062592,8673306.10976704,381.5962829589844,2022-03-28 10:52:26.142856960+00:00,0,2022-05-03,100 MHz,20220328,0.0,136.21170043945312,136.83700561523438,0.5113298986322923,0.4635387268066406,11,2.7392283213827193,0.33872350056966144,2.798744996914309,2.807056050694155,133.45160888182258,139.59709717286492,0.312652587890625,0.0,9.455610845458626,0.6180516357421875,8.0,1.0,2.7371538017880774,0.33870697021484375,0.0,0.0,0.0,0.0,0.0,0.0,certain_cold,245.28036499023438,245.28036499023438,POINT (541778.0682062592 8673306.10976704),dronbreen
dronbreen-20220328-DAT_0226_A1_1,3145.0,3022,136.21170043945312,541779.3425287115,8673310.580247818,381.2624104817708,2022-03-28 10:52:27.333333248+00:00,0,2022-05-03,100 MHz,20220328,0.0,136.00326538085938,136.7327880859375,0.5310354720800409,0.4635387268066406,11,2.7371538017880774,0.33870697021484375,2.7967126233427284,2.808688665360103,133.24523468010293,139.49081878669395,0.4168701171875,0.0,9.392717887685613,0.6953080902099609,8.0,1.0,2.7330048074788644,0.4516092936197917,0.0,0.0,0.0,0.0,0.0,0.0,certain_cold,245.0507100423177,245.0507100423177,POINT (541779.3425287115 8673310.580247818),dronbreen
dronbreen-20220328-DAT_0226_A1_1,3150.0,3027,136.00326538085938,541780.8833162816,8673316.040451212,380.8698043823242,2022-03-28 10:52:28.750000128+00:00,0,2022-05-03,100 MHz,20220328,0.0,135.79483032226562,136.42013549804688,0.5174736515027658,0.4635387268066406,11,2.7330048074788644,0.4516092936197917,2.8085822727910026,2.817986020509321,133.0247642162338,139.1902016040787,0.4168701171875,0.0,9.233824149682702,0.6180516357421875,8.0,1.0,2.728855873237201,0.4516092936197917,0.0,0.0,0.0,0.0,0.0,0.0,certain_cold,244.86653900146484,244.86653900146484,POINT (541780.8833162816 8673316.040451212),dronbreen
dronbreen-20220328-DAT_0226_A1_1,3155.0,3031,135.79483032226562,541782.2294504727,8673320.78123639,380.5362854003906,2022-03-28 10:52:30+00:00,0,2022-05-03,100 MHz,20220328,0.0,135.58639526367188,136.31591796875,0.4964370936512039,0.4635387268066406,11,2.728855873237201,0.4516092936197917,2.8045451471200202,2.8101699448499176,132.8204224997089,139.08189073271296,0.312652587890625,0.0,9.143221078152056,0.6180516357421875,8.0,1.0,2.724706999337482,0.33870697021484375,0.0,0.0,0.0,0.0,0.0,0.0,certain_cold,244.741455078125,244.741455078125,POINT (541782.2294504727 8673320.78123639),dronbreen
dronbreen-20220328-DAT_0226_A1_1,3160.0,3035,135.58639526367188,541783.5814663777,8673325.537713185,380.1971384684245,2022-03-28 10:52:31.333333248+00:00,0,2022-05-03,100 MHz,20220328,0.0,135.482177734375,136.10748291015625,0.51556157415035,0.4635387268066406,11,2.724706999337482,0.4516092936197917,2.800508406981124,2.809587678479321,132.7202980870474,138.86936255748384,0.3126373291015625,0.0,9.007210899493503,0.6180403244018554,8.0,1.0,2.7226325851020574,0.33869043986002606,0.0,0.0,0.0,0.0,0.0,0.0,certain_cold,244.61074320475262,244.61074320475262,POINT (541783.5814663777 8673325.537713185),dronbreen
dronbreen-20220328-DAT_0226_A1_1,3165.0,3039,135.37796020507812,541784.9908605864,8673330.295976501,379.8492177327474,2022-03-28 10:52:32.666666752+00:00,0,2022-05-03,100 MHz,20220328,0.0,135.2737579345703,135.8990478515625,0.49063440014915416,0.46351610412597655,11,2.720558186055775,0.4516092936197917,2.79646830423357,2.8010908432981205,132.5159711774408,138.656834608692,0.20843505859375,0.0,8.87411619766146,0.5407951812744141,8.0,1.0,2.7184841059488076,0.33870697021484375,0.0,0.0,0.0,0.0,0.0,0.0,certain_cold,244.47125752766925,244.47125752766925,POINT (541784.9908605864 8673330.295976501),dronbreen
dronbreen-20220328-DAT_0226_A1_1,3170.0,3044,135.16952514648438,541786.4135938477,8673335.240751822,379.4951171875,2022-03-28 10:52:34+00:00,0,2022-05-03,100 MHz,20220328,0.0,135.0653076171875,135.58639526367188,0.5080423854499305,0.4635387268066406,11,2.7164094336698263,0.33870697021484375,2.776413293126956,2.784189233586001,132.3278630747351,138.32383980612428,0.20843505859375,0.0,8.726005265658694,0.4635387268066406,8.0,1.0,2.7164094336698263,0.22582117716471353,0.0,0.0,0.0,0.0,0.0,0.0,certain_cold,244.32559204101562,244.32559204101562,POINT (541786.4135938477 8673335.240751822),dronbreen
dronbreen-20220328-DAT_0226_A1_1,3175.0,3048,135.0653076171875,541787.8102124267,8673339.99862132,379.12352498372394,2022-03-28 10:52:35.333333248+00:00,0,2022-05-03,100 MHz,20220328,0.0,134.96109008789062,135.37796020507812,0.5037423266899118,0.30902581787109373,11,2.714335080400022,0.22580464680989584,2.7411858060558454,2.7699023446522624,132.23737889409435,138.1016713988744,0.3126373291015625,0.0,8.59493951296185,0.46352741546630855,8.0,1.0,2.714335080400022,0.22580464680989584,0.0,0.0,0.0,0.0,0.0,0.0,certain_cold,244.05821736653644,244.05821736653644,POINT (541787.8102124267 8673339.99862132),dronbreen
dronbreen-20220328-DAT_0226_A1_1,3180.0,3052,134.96109008789062,541789.2489326027,8673344.633736739,378.6858825683594,2022-03-28 10:52:36.666666752+00:00,0,2022-05-03,100 MHz,20220328,0.0,134.75267028808594,135.16952514648438,0.5068698841035115,0.46351610412597655,11,2.712260742459082,0.33869043986002606,2.7723485942286175,2.779925651622427,132.01934455756327,137.90285087700704,0.312652587890625,0.0,8.498999809765408,0.38628227233886714,8.0,1.0,2.712260742459082,0.33869043986002606,0.0,0.0,0.0,0.0,0.0,0.0,certain_cold,243.72479248046875,243.72479248046875,POINT (541789.2489326027 8673344.633736739),dronbreen
dronbreen-20220328-DAT_0226_A1_1,3185.0,3057,134.75267028808594,541790.6857155404,8673349.330826715,378.24371337890625,2022-03-28 10:52:38+00:00,0,2022-05-03,100 MHz,20220328,0.0,134.5442352294922,134.96109008789062,0.5068685436059058,0.4635387268066406,11,2.708112416408861,0.33870697021484375,2.768296122677175,2.7758802193317225,131.8150237551685,137.6903015622143,0.3126678466796875,0.0,8.3517629874428,0.38627096099853514,8.0,1.0,2.708112416408861,0.33870697021484375,0.0,0.0,0.0,0.0,0.0,0.0,certain_cold,243.4910430908203,243.4910430908203,POINT (541790.6857155404 8673349.330826715),dronbreen
dronbreen-20220328-DAT_0226_A1_1,3190.0,3062,134.6484375,541792.0950538494,8673354.08909727,377.9043680826823,2022-03-28 10:52:39.333333248+00:00,0,2022-05-03,100 MHz,20220328,0.0,134.33580017089844,134.6484375,0.5047195969856206,0.46351610412597655,11,2.7060378209619618,0.33872350056966144,2.7662648964079435,2.773466453717451,131.60864518844608,137.37559248245236,0.4168548583984375,0.0,8.167537142656657,0.38628227233886714,8.0,1.0,2.7060378209619618,0.33872350056966144,0.0,0.0,0.0,0.0,0.0,0.0,certain_cold,243.2559305826823,243.2559305826823,POINT (541792.0950538494 8673354.08909727),dronbreen
dronbreen-20220328-DAT_0226_A1_1,3195.0,3066,134.44000244140625,541793.5770417397,8673358.97369305,377.5199279785156,2022-03-28 10:52:40.666666752+00:00,0,2022-05-03,100 MHz,20220328,0.0,134.23158264160156,134.5442352294922,0.4898297219587657,0.3090031951904297,11,2.701889283923035,0.5645116170247396,2.77747404001764,2.8033573130887572,131.47135093604965,137.3044669350441,0.4168548583984375,0.0,8.061798163902848,0.3090145065307617,8.0,1.0,2.701889283923035,0.5645116170247396,0.0,0.0,0.0,0.0,0.0,0.0,certain_cold,243.07992553710938,243.07992553710938,POINT (541793.5770417397 8673358.97369305),dronbreen
dronbreen-20220328-DAT_0226_A1_1,3200.0,3070,134.12734985351562,541795.0169069751,8673363.981044907,377.1427917480469,2022-03-28 10:52:42+00:00,0,2022-05-03,100 MHz,20220328,0.0,134.0231475830078,134.33580017089844,0.521650946248883,0.4635387268066406,11,2.695666595017075,0.5644950866699219,2.7928732956607525,2.8031041372178427,131.26901013284933,137.08993762105692,0.2084197998046875,0.0,7.936689471754692,0.38627096099853514,8.0,1.0,2.695666595017075,0.5644950866699219,0.0,0.0,0.0,0.0,0.0,0.0,certain_cold,243.01544189453125,243.01544189453125,POINT (541795.0169069751 8673363.981044907),dronbreen
dronbreen-20220328-DAT_0226_A1_1,3205.0,3075,133.91893005371094,541796.354740224,8673368.985225603,376.8418884277344,2022-03-28 10:52:43.333333248+00:00,0,2022-05-03,100 MHz,20220328,0.0,133.81471252441406,134.23158264160156,0.5195687647541745,0.46351610412597655,11,2.6915185176201724,0.4516092936197917,2.7682250745848287,2.7781602880475122,131.08556927335962,136.960725892656,0.2084503173828125,0.0,7.783942066773962,0.30902581787109373,8.0,1.0,2.6915185176201724,0.4516092936197917,0.0,0.0,0.0,0.0,0.0,0.0,certain_cold,242.92295837402344,242.92295837402344,POINT (541796.354740224 8673368.985225603),dronbreen
dronbreen-20220328-DAT_0226_A1_1,3210.0,3079,133.71047973632812,541797.6325270418,8673373.633071462,376.4631565638951,2022-03-28 10:52:44.571428608+00:00,0,2022-05-03,100 MHz,20220328,0.0,133.6062774658203,134.0231475830078,0.5218421883523442,0.4635387268066406,11,2.6873698957396255,0.33870697021484375,2.748007918374553,2.7584413420886964,130.89764693210043,136.7317781167277,0.2084197998046875,0.0,7.647603737981946,0.38628227233886714,8.0,1.0,2.6873698957396255,0.33870697021484375,0.0,0.0,0.0,0.0,0.0,0.0,certain_cold,242.75267682756697,242.75267682756697,POINT (541797.6325270418 8673373.633071462),dronbreen
dronbreen-20220328-DAT_0226_A1_1,3215.0,3083,133.6062774658203,541798.8120166842,8673377.92339077,376.09399850027904,2022-03-28 10:52:45.714285568+00:00,0,2022-05-03,100 MHz,20220328,0.0,133.50205993652344,133.91893005371094,0.5165166223501483,0.4635387268066406,11,2.6852960639954593,0.33869043986002606,2.74597784343057,2.7554156830732617,130.79548901275993,136.62550097747445,0.20843505859375,0.0,7.556326217243201,0.30902581787109373,8.0,1.0,2.6852960639954593,0.33869043986002606,0.0,0.0,0.0,0.0,0.0,0.0,certain_cold,242.48772103445873,242.48772103445873,POINT (541798.8120166842 8673377.92339077),dronbreen
dronbreen-20220328-DAT_0226_A1_1,3220.0,3088,133.39784240722656,541800.4519916247,8673383.4576016,375.69564056396484,2022-03-28 10:52:47.249999872+00:00,0,2022-05-03,100 MHz,20220328,0.0,133.2936248779297,133.71047973632812,0.5165175460239,0.4635387268066406,11,2.6811478406759486,0.4516092936197917,2.7581466329574633,2.7675431474496692,130.5747087891831,136.42939582507472,0.20843505859375,0.0,7.372298237388331,0.3090145065307617,8.0,1.0,2.6811478406759486,0.4516092936197917,0.0,0.0,0.0,0.0,0.0,0.0,certain_cold,242.29779815673828,242.29779815673828,POINT (541800.4519916247 8673383.4576016),dronbreen
dronbreen-20220328-DAT_0226_A1_1,3225.0,3093,133.1894073486328,541801.9509255844,8673388.513324223,375.26671346028644,2022-03-28 10:52:48.666666752+00:00,0,2022-05-03,100 MHz,20220328,0.0,133.08518981933594,133.50205993652344,0.5165165663971919,0.4635387268066406,11,2.6769996809771976,0.33870697021484375,2.7378673917620002,2.747333082643399,130.38684779067756,136.2004019651818,0.2084197998046875,0.0,7.225079535890957,0.30902581787109373,8.0,1.0,2.6769996809771976,0.33870697021484375,0.0,0.0,0.0,0.0,0.0,0.0,certain_cold,242.07730611165363,242.07730611165363,POINT (541801.9509255844 8673388.513324223),dronbreen
dronbreen-20220328-DAT_0226_A1_1,3230.0,3097,133.08518981933594,541803.2581592118,8673393.268433064,374.8587341308594,2022-03-28 10:52:50+00:00,0,2022-05-03,100 MHz,20220328,0.0,132.8767547607422,133.2936248779297,0.5431654153053327,0.6180516357421875,11,2.6749256250781013,0.33870697021484375,2.7662135376386225,2.750450541230546,130.1804703708138,135.98990926785808,0.20843505859375,0.0,7.141489687267246,0.30902581787109373,8.0,1.0,2.6749256250781013,0.33870697021484375,0.0,0.0,0.0,0.0,0.0,0.0,certain_cold,241.77354431152344,241.77354431152344,POINT (541803.2581592118 8673393.268433064),dronbreen
dronbreen-20220328-DAT_0226_A1_1,3235.0,3101,132.8767547607422,541804.4037992982,8673397.238684183,374.53697422572543,2022-03-28 10:52:51.142856960+00:00,0,2022-05-03,100 MHz,20220328,0.0,132.7725372314453,133.1894073486328,0.5302912033581845,0.4635387268066406,11,2.670777561366459,0.33870697021484375,2.7317839126146506,2.7438994067439424,130.08036799568566,135.88157658439246,0.20843505859375,0.0,7.004273928002823,0.30902581787109373,8.0,1.0,2.670777561366459,0.33870697021484375,0.0,0.0,0.0,0.0,0.0,0.0,certain_cold,241.66021946498324,241.66021946498324,POINT (541804.4037992982 8673397.238684183),dronbreen
dronbreen-20220328-DAT_0226_A1_1,3240.0,3106,132.7725372314453,541805.7627966302,8673401.999836639,374.15716552734375,2022-03-28 10:52:52.500000+00:00,0,2022-05-03,100 MHz,20220328,0.0,132.56410217285156,132.98098754882812,0.5310357171117861,0.3090484405517578,11,2.6687035536286556,0.33870697021484375,2.7078057551142414,2.7420247996089975,129.8739904523421,135.6710992693376,0.312652587890625,0.0,6.856847771410769,0.3090371292114258,8.0,1.0,2.6687035536286556,0.33870697021484375,0.0,0.0,0.0,0.0,0.0,0.0,certain_cold,241.38462829589844,241.38462829589844,POINT (541805.7627966302 8673401.999836639),dronbreen
dronbreen-20220328-DAT_0226_A1_1,3245.0,3111,132.56410217285156,541807.2678766735,8673407.164313877,373.75433349609375,2022-03-28 10:52:54+00:00,0,2022-05-03,100 MHz,20220328,0.0,132.3556671142578,132.7725372314453,0.5404350597174616,0.30902581787109373,11,2.6645555865768107,0.5645116170247396,2.7411725220832923,2.7767966964625614,129.63196928966096,135.49623505604217,0.20843505859375,0.0,6.708958471492726,0.30902581787109373,8.0,1.0,2.6645555865768107,0.5645116170247396,0.0,0.0,0.0,0.0,0.0,0.0,certain_cold,241.1902313232422,241.1902313232422,POINT (541807.2678766735 8673407.164313877),dronbreen
dronbreen-20220328-DAT_0226_A1_1,3250.0,3116,132.25144958496094,541808.7920701236,8673412.329388658,373.34095764160156,2022-03-28 10:52:55.500000+00:00,0,2022-05-03,100 MHz,20220328,0.0,132.14723205566406,132.66831970214844,0.5252373828390519,0.30902581787109373,11,2.658333757625138,0.4516092936197917,2.7140718997705373,2.7471009499734027,129.45081047864514,135.36474127916736,0.104217529296875,0.0,6.562468830162846,0.2317693634033203,8.0,1.0,2.658333757625138,0.4516092936197917,0.0,0.0,0.0,0.0,0.0,0.0,certain_cold,241.08950805664062,241.08950805664062,POINT (541808.7920701236 8673412.329388658),dronbreen
dronbreen-20220328-DAT_0226_A1_1,3255.0,3120,132.14723205566406,541810.2070040873,8673416.821118843,372.9694091796875,2022-03-28 10:52:56.800000+00:00,0,2022-05-03,100 MHz,20220328,0.0,131.9387969970703,132.4598846435547,0.5237357529153145,0.4635387268066406,11,2.6562598472268126,0.33870697021484375,2.71759212151328,2.728504705244853,129.26102949639713,135.13765214422787,0.20843505859375,0.0,6.430406479960711,0.38628227233886714,8.0,1.0,2.6562598472268126,0.33870697021484375,0.0,0.0,0.0,0.0,0.0,0.0,certain_cold,240.82217712402343,240.82217712402343,POINT (541810.2070040873 8673416.821118843),dronbreen
dronbreen-20220328-DAT_0226_A1_1,3260.0,3124,131.9387969970703,541811.8310878407,8673421.728769757,372.55619049072266,2022-03-28 10:52:58.249999872+00:00,0,2022-05-03,100 MHz,20220328,0.0,131.73037719726562,132.3556671142578,0.5191842289801859,0.46351610412597655,11,2.6521120755378442,0.5644950866699219,2.750854475044483,2.7607798586105856,129.0188549008262,135.06718941069724,0.2084197998046875,0.0,6.3004710403669275,0.30902581787109373,8.0,1.0,2.6521120755378442,0.5644950866699219,0.0,0.0,0.0,0.0,0.0,0.0,certain_cold,240.61739349365234,240.61739349365234,POINT (541811.8310878407 8673421.728769757),dronbreen
dronbreen-20220328-DAT_0226_A1_1,3265.0,3129,131.62615966796875,541813.2091273009,8673426.05186855,372.1906280517578,2022-03-28 10:52:59.500000+00:00,0,2022-05-03,100 MHz,20220328,0.0,131.52194213867188,132.14723205566406,0.5460633085571253,0.46351610412597655,11,2.645890844984925,0.5645116170247396,2.744860453304512,2.759999432297638,128.81650100471037,134.85267318962556,0.104217529296875,0.0,6.148617336586731,0.23175805206298827,8.0,1.0,2.645890844984925,0.5645116170247396,0.0,0.0,0.0,0.0,0.0,0.0,certain_cold,240.56446838378906,240.56446838378906,POINT (541813.2091273009 8673426.05186855),dronbreen
dronbreen-20220328-DAT_0226_A1_1,3270.0,3134,131.41770935058594,541814.8231266146,8673431.405841663,371.73345947265625,2022-03-28 10:53:01+00:00,0,2022-05-03,100 MHz,20220328,0.0,131.31350708007812,131.9387969970703,0.5301008549769483,0.30902581787109373,11,2.6417429345759658,0.4516258239746094,2.6978266388657515,2.7319916789240177,128.63343774939602,134.61886632775241,0.1042022705078125,0.0,5.996505910659011,0.2317693634033203,8.0,1.0,2.6417429345759658,0.4516258239746094,0.0,0.0,0.0,0.0,0.0,0.0,certain_cold,240.3157501220703,240.3157501220703,POINT (541814.8231266146 8673431.405841663),dronbreen
dronbreen-20220328-DAT_0226_A1_1,3275.0,3138,131.2092742919922,541816.2430994501,8673436.226506844,371.32579549153644,2022-03-28 10:53:02.333333248+00:00,0,2022-05-03,100 MHz,20220328,0.0,131.2092742919922,131.83457946777344,0.5299170947419727,0.30902581787109373,11,2.6375953943113597,0.451592763264974,2.6937599083876593,2.7279401780877754,128.5332986777674,134.51055508199823,0.1042022705078125,0.0,5.8554628196549885,0.23175805206298827,8.0,1.0,2.6375953943113597,0.451592763264974,0.0,0.0,0.0,0.0,0.0,0.0,certain_cold,240.11652119954425,240.11652119954425,POINT (541816.2430994501 8673436.226506844),dronbreen
dronbreen-20220328-DAT_0226_A1_1,3280.0,3142,131.0008544921875,541817.4661590795,8673440.606820554,370.96055603027344,2022-03-28 10:53:03.500000+00:00,0,2022-05-03,100 MHz,20220328,0.0,131.0008544921875,131.62615966796875,0.5598187897382665,0.7725645446777343,11,2.6334482244907176,0.33870697021484375,2.7652536842826096,2.713515992230274,128.34571382496375,134.2813003351925,0.4168853759765625,0.0,5.73336228006444,0.4635387268066406,8.0,1.0,2.6334482244907176,0.33870697021484375,0.0,0.0,0.0,0.0,0.0,0.0,certain_cold,239.95970153808594,239.95970153808594,POINT (541817.4661590795 8673440.606820554),dronbreen
dronbreen-20220328-DAT_0226_A1_1,3285.0,3146,130.89662170410156,541818.7402164018,8673444.988722665,370.59002685546875,2022-03-28 10:53:04.666666752+00:00,0,2022-05-03,100 MHz,20220328,0.0,130.89662170410156,131.52194213867188,0.5742717272571042,0.7725645446777343,11,2.6313742093093997,0.22580464680989584,2.7517219960658683,2.7027589579291877,128.25557684118468,134.16298700158876,0.729522705078125,0.0,5.600911977752461,0.46355003814697265,8.0,1.0,2.6313742093093997,0.22580464680989584,0.0,0.0,0.0,0.0,0.0,0.0,certain_cold,239.6934051513672,239.6934051513672,POINT (541818.7402164018 8673444.988722665),dronbreen
dronbreen-20220328-DAT_0226_A1_1,3290.0,3150,130.79241943359375,541820.2181311076,8673449.997291842,370.1622009277344,2022-03-28 10:53:06+00:00,0,2022-05-03,100 MHz,20220328,0.0,130.68820190429688,131.31350708007812,0.5802572753382489,0.7725645446777343,11,2.629300818186699,0.33870697021484375,2.7613042534067986,2.7137877053617023,128.0371747063622,133.9645342780128,0.833740234375,0.0,5.465684996306018,0.540783869934082,8.0,1.0,2.629300818186699,0.33870697021484375,0.0,0.0,0.0,0.0,0.0,0.0,certain_cold,239.36978149414062,239.36978149414062,POINT (541820.2181311076 8673449.997291842),dronbreen
dronbreen-20220328-DAT_0226_A1_1,3295.0,3155,130.58396911621094,541821.7381442807,8673454.883110294,369.71852620442706,2022-03-28 10:53:07.333333248+00:00,0,2022-05-03,100 MHz,20220328,0.0,130.47976684570312,131.10507202148438,0.5829740165382303,0.7725871673583984,11,2.6251531757323066,0.4516092936197917,2.7734943809764703,2.7267634393360747,127.8160513672518,133.7687874999357,0.8337249755859375,0.0,5.316891572020744,0.5408064926147461,8.0,1.0,2.6251531757323066,0.4516092936197917,0.0,0.0,0.0,0.0,0.0,0.0,certain_cold,239.13455708821613,239.13455708821613,POINT (541821.7381442807 8673454.883110294),dronbreen
dronbreen-20220328-DAT_0226_A1_1,3300.0,3159,130.37554931640625,541823.2021038459,8673459.519056048,369.29054768880206,2022-03-28 10:53:08.666666752+00:00,0,2022-05-03,100 MHz,20220328,0.0,130.27133178710938,130.89662170410156,0.5336311273253228,0.6180290130615234,11,2.621006208276102,0.4516092936197917,2.7304915965612193,2.7126346377564623,127.61170314801225,133.55625034319868,0.62530517578125,0.0,5.1809742377169625,0.5407951812744141,8.0,1.0,2.621006208276102,0.4516092936197917,0.0,0.0,0.0,0.0,0.0,0.0,certain_cold,238.91499837239581,238.91499837239581,POINT (541823.2021038459 8673459.519056048),dronbreen
dronbreen-20220328-DAT_0226_A1_1,3305.0,3164,130.16709899902344,541824.7937013787,8673464.681820279,368.8410906110491,2022-03-28 10:53:10.142856960+00:00,0,2022-05-03,100 MHz,20220328,0.0,130.06289672851562,130.68820190429688,0.48067461901289343,0.6180516357421875,11,2.6168587017125375,0.4516092936197917,2.7265157698527966,2.6986938522506745,127.40735527359303,133.34374335921947,0.3126373291015625,0.0,5.049634875094673,0.38628227233886714,8.0,1.0,2.6168587017125375,0.4516092936197917,0.0,0.0,0.0,0.0,0.0,0.0,certain_cold,238.67399161202565,238.67399161202565,POINT (541824.7937013787 8673464.681820279),dronbreen
dronbreen-20220328-DAT_0226_A1_1,3310.0,3169,129.95867919921875,541826.218122689,8673469.445035206,368.4295196533203,2022-03-28 10:53:11.500000+00:00,0,2022-05-03,100 MHz,20220328,0.0,129.85446166992188,130.47976684570312,0.4633081083609636,0.46351610412597655,11,2.6127118707737718,0.451592763264974,2.6916624086797363,2.6916265986924137,127.20300936156039,133.1312191540646,0.104217529296875,0.0,4.915749199723717,0.3090145065307617,8.0,1.0,2.6127118707737718,0.451592763264974,0.0,0.0,0.0,0.0,0.0,0.0,certain_cold,238.47084045410156,238.47084045410156,POINT (541826.218122689 8673469.445035206),dronbreen
dronbreen-20220328-DAT_0226_A1_1,3315.0,3173,129.750244140625,541827.4351134155,8673473.608058086,368.0608723958333,2022-03-28 10:53:12.666666752+00:00,0,2022-05-03,100 MHz,20220328,0.0,129.750244140625,130.27133178710938,0.44659936435051495,0.30902581787109373,11,2.6085648049877386,0.33870697021484375,2.6485523800000137,2.6681048978125133,127.11978168062052,132.90179424711386,0.0,0.0,4.782625814678531,0.2317693634033203,8.0,1.0,2.6085648049877386,0.33870697021484375,0.0,0.0,0.0,0.0,0.0,0.0,certain_cold,238.31062825520831,238.31062825520831,POINT (541827.4351134155 8673473.608058086),dronbreen
dronbreen-20220328-DAT_0226_A1_1,3320.0,3177,129.64602661132812,541828.869668961,8673478.367161125,367.6319274902344,2022-03-28 10:53:14+00:00,0,2022-05-03,100 MHz,20220328,0.0,129.54180908203125,130.06289672851562,0.4503409405770548,0.4635387268066406,11,2.6064912979793506,0.22580464680989584,2.657000710615739,2.6547300404603944,126.92555515227538,132.67915065827148,0.104217529296875,0.0,4.688092055040174,0.30902581787109373,8.0,1.0,2.6064912979793506,0.22580464680989584,0.0,0.0,0.0,0.0,0.0,0.0,certain_cold,237.98590087890625,237.98590087890625,POINT (541828.869668961 8673478.367161125),dronbreen
dronbreen-20220328-DAT_0226_A1_1,3325.0,3182,129.54180908203125,541830.5925010609,8673483.910643023,367.1367645263672,2022-03-28 10:53:15.500000+00:00,0,2022-05-03,100 MHz,20220328,0.0,129.3333740234375,129.85446166992188,0.4356313280032039,0.4635387268066406,11,2.6044178082823373,0.33870697021484375,2.666942572126332,2.662233871339655,126.70702398359698,132.4808117097624,0.20843505859375,0.0,4.545704584537904,0.38628227233886714,8.0,1.0,2.6044178082823373,0.33870697021484375,0.0,0.0,0.0,0.0,0.0,0.0,certain_cold,237.59495544433594,237.59495544433594,POINT (541830.5925010609 8673483.910643023),dronbreen
dronbreen-20220328-DAT_0226_A1_1,3330.0,3187,129.3333740234375,541832.0330087796,8673488.37528269,366.74808502197266,2022-03-28 10:53:16.750000128+00:00,0,2022-05-03,100 MHz,20220328,0.0,129.12493896484375,129.54180908203125,0.44282695899816077,0.4635387268066406,11,2.600270880988085,0.5645116170247396,2.700916542864655,2.6974391069838806,126.46409661320575,132.20265143366925,0.20843505859375,0.0,4.357844345654549,0.30902581787109373,8.0,1.0,2.600270880988085,0.5645116170247396,0.0,0.0,0.0,0.0,0.0,0.0,certain_cold,237.41471099853516,237.41471099853516,POINT (541832.0330087796 8673488.37528269),dronbreen
dronbreen-20220328-DAT_0226_A1_1,3335.0,3192,129.02072143554688,541833.8908559846,8673493.783400016,366.26036580403644,2022-03-28 10:53:18.333333248+00:00,0,2022-05-03,100 MHz,20220328,0.0,128.91650390625,129.3333740234375,0.4333611959600866,0.30902581787109373,11,2.594050620920801,0.5644950866699219,2.672685967876693,2.689898743993542,126.26174340353529,131.9881345261522,0.104217529296875,0.0,4.200940197458049,0.23178067474365233,8.0,1.0,2.594050620920801,0.5644950866699219,0.0,0.0,0.0,0.0,0.0,0.0,certain_cold,237.23964436848956,237.23964436848956,POINT (541833.8908559846 8673493.783400016),dronbreen
dronbreen-20220328-DAT_0226_A1_1,3340.0,3196,128.8123016357422,541835.3802255193,8673498.420153083,365.8321024576823,2022-03-28 10:53:19.666666752+00:00,0,2022-05-03,100 MHz,20220328,0.0,128.70806884765625,129.02072143554688,0.4308444611066007,0.3090031951904297,11,2.589904172180695,0.5644950866699219,2.6686590824965535,2.6854953497669083,126.05735982478078,131.67143045842235,0.1042327880859375,0.0,4.080251570087854,0.2317693634033203,8.0,1.0,2.589904172180695,0.5644950866699219,0.0,0.0,0.0,0.0,0.0,0.0,certain_cold,237.01980082194012,237.01980082194012,POINT (541835.3802255193 8673498.420153083),dronbreen
dronbreen-20220328-DAT_0226_A1_1,3345.0,3201,128.49964904785156,541836.9097672012,8673502.996126791,365.3907470703125,2022-03-28 10:53:21+00:00,0,2022-05-03,100 MHz,20220328,0.0,128.39541625976562,128.8123016357422,0.46203009053784366,0.30902581787109373,11,2.5836841761655793,0.5645281473795573,2.6626327023198493,2.6846950955210187,125.7507771631492,131.45694073235862,0.1042327880859375,0.0,3.9273735679530297,0.2317693634033203,8.0,1.0,2.5836841761655793,0.5645281473795573,0.0,0.0,0.0,0.0,0.0,0.0,certain_cold,236.89109802246094,236.89109802246094,POINT (541836.9097672012 8673502.996126791),dronbreen
dronbreen-20220328-DAT_0226_A1_1,3350.0,3205,128.29119873046875,541838.2677423565,8673507.752858771,364.9456787109375,2022-03-28 10:53:22.333333248+00:00,0,2022-05-03,100 MHz,20220328,0.0,128.18698120117188,128.60385131835938,0.46203054423575435,0.30902581787109373,11,2.579537297400495,0.4516092936197917,2.636941519805647,2.659217149194628,125.56820980550481,131.22262271402644,0.104217529296875,0.0,3.780628531440211,0.23178067474365233,8.0,1.0,2.579537297400495,0.4516092936197917,0.0,0.0,0.0,0.0,0.0,0.0,certain_cold,236.65447998046875,236.65447998046875,POINT (541838.2677423565 8673507.752858771),dronbreen
dronbreen-20220328-DAT_0226_A1_1,3355.0,3209,128.08277893066406,541839.6168198432,8673512.385249928,364.5028483072917,2022-03-28 10:53:23.666666752+00:00,0,2022-05-03,100 MHz,20220328,0.0,127.97856140136719,128.39541625976562,0.4568670196732024,0.3090031951904297,11,2.57539109718127,0.4516092936197917,2.632883064657868,2.6543017407953804,125.36387399031318,131.01010367081963,0.104217529296875,0.0,3.629793577710592,0.23175805206298827,8.0,1.0,2.57539109718127,0.4516092936197917,0.0,0.0,0.0,0.0,0.0,0.0,certain_cold,236.42006937662762,236.42006937662762,POINT (541839.6168198432 8673512.385249928),dronbreen
dronbreen-20220328-DAT_0226_A1_1,3360.0,3214,127.87432861328125,541840.8746996563,8673517.076834539,364.04718017578125,2022-03-28 10:53:25+00:00,0,2022-05-03,100 MHz,20220328,0.0,127.66590118408203,128.08277893066406,0.4831336262221507,0.46355003814697265,11,2.571244361650401,0.45161755879720056,2.6514401039056077,2.654933913964618,125.05529665893218,130.69338345581392,0.20842742919921875,0.0,3.4648977419095743,0.30903147354125976,8.0,1.0,2.571244361650401,0.45161755879720056,0.0,0.0,0.0,0.0,0.0,0.0,certain_cold,236.1728515625,236.1728515625,POINT (541840.8746996563 8673517.076834539),dronbreen
dronbreen-20220328-DAT_0226_A1_1,3365.0,3218,127.66590118408203,541842.1178878479,8673521.829996848,363.58461507161456,2022-03-28 10:53:26.333333248+00:00,0,2022-05-03,100 MHz,20220328,0.0,127.45748138427734,127.97856140136719,0.459238366133645,0.46351610412597655,11,2.5670981535690296,0.4515844980875652,2.6474079148772374,2.6466623067364714,124.85096618405876,130.58507660158577,0.2084197998046875,0.0,3.3293574976604945,0.3862596496582031,8.0,1.0,2.5670981535690296,0.4515844980875652,0.0,0.0,0.0,0.0,0.0,0.0,certain_cold,235.91871388753253,235.91871388753253,POINT (541842.1178878479 8673521.829996848),dronbreen
dronbreen-20220328-DAT_0226_A1_1,3370.0,3223,127.45748138427734,541843.4837507682,8673526.742060987,363.1239700317383,2022-03-28 10:53:27.750000128+00:00,0,2022-05-03,100 MHz,20220328,0.0,127.14481353759766,127.7701187133789,0.4472619673551274,0.46356134948730465,11,2.5629521697311017,0.4516010284423828,2.643398652863028,2.6405890594073815,124.54237865594939,130.37255359502717,0.3126678466796875,0.0,3.1605685698388633,0.38627661666870117,8.0,1.0,2.5629521697311017,0.4516010284423828,0.0,0.0,0.0,0.0,0.0,0.0,certain_cold,235.66648864746094,235.66648864746094,POINT (541843.4837507682 8673526.742060987),dronbreen
dronbreen-20220328-DAT_0226_A1_1,3375.0,3227,127.24903869628906,541844.7247833868,8673531.153980426,362.72381591796875,2022-03-28 10:53:29+00:00,0,2022-05-03,100 MHz,20220328,0.0,126.83216094970703,127.56169128417969,0.47840813290784207,0.6180403244018554,11,2.5588058034270342,0.5645281473795574,2.692239404551983,2.663654164952356,124.21182143566774,130.182030798219,0.41687774658203125,0.0,3.0210119389376304,0.38628227233886714,8.0,1.0,2.5588058034270342,0.5645281473795574,0.0,0.0,0.0,0.0,0.0,0.0,certain_cold,235.4747772216797,235.4747772216797,POINT (541844.7247833868 8673531.153980426),dronbreen
dronbreen-20220328-DAT_0226_A1_1,3380.0,3232,126.9363784790039,541846.3529792791,8673536.043202069,362.2826385498047,2022-03-28 10:53:30.500000+00:00,0,2022-05-03,100 MHz,20220328,0.0,126.62373352050781,127.24903869628906,0.44660316787967685,0.46352741546630855,11,2.5525864672026235,0.5645116170247396,2.655038361905668,2.6521360123232784,124.0094705195261,129.86330169727077,0.31264495849609375,0.0,2.854884298366989,0.30903147354125976,8.0,1.0,2.5525864672026235,0.5645116170247396,0.0,0.0,0.0,0.0,0.0,0.0,certain_cold,235.34626007080078,235.34626007080078,POINT (541846.3529792791 8673536.043202069),dronbreen
dronbreen-20220328-DAT_0226_A1_1,3385.0,3237,126.72795104980469,541847.9429116626,8673540.931233045,361.8385009765625,2022-03-28 10:53:32+00:00,0,2022-05-03,100 MHz,20220328,0.0,126.31108093261719,126.9363784790039,0.44770188770787195,0.3090371292114258,11,2.5484405880680594,0.6774056752522787,2.6549824532391755,2.674670981641268,123.67414561301288,129.5733137986082,0.4168701171875,0.0,2.695721313760358,0.23176370773315427,8.0,1.0,2.5484405880680594,0.6774056752522787,0.0,0.0,0.0,0.0,0.0,0.0,certain_cold,235.1105499267578,235.1105499267578,POINT (541847.9429116626 8673540.931233045),dronbreen
dronbreen-20220328-DAT_0226_A1_1,3390.0,3243,126.31108093261719,541849.8278496191,8673546.386744939,361.3355000813802,2022-03-28 10:53:33.666666752+00:00,0,2022-05-03,100 MHz,20220328,0.0,125.89421081542969,126.51952362060547,0.46331480131010555,0.3090371292114258,11,2.5401487489016206,0.6774056752522787,2.6470243789284797,2.6694371542562085,123.26528820047685,129.1484462355583,0.4168701171875,0.0,2.502452410849853,0.1545185646057129,8.0,1.0,2.5401487489016206,0.6774056752522787,0.0,0.0,0.0,0.0,0.0,0.0,certain_cold,235.024419148763,235.024419148763,POINT (541849.8278496191 8673546.386744939),dronbreen
dronbreen-20220328-DAT_0226_A1_1,3395.0,3247,126.10265350341797,541851.4229577031,8673550.902749522,360.9196014404297,2022-03-28 10:53:35+00:00,0,2022-05-03,100 MHz,20220328,0.0,125.68577575683594,126.31108093261719,0.463739244250705,0.6180516357421875,11,2.536003093105613,0.4516092936197917,2.6490093368594603,2.617310972923015,123.109875401169,128.88698128828412,0.41687774658203125,0.0,2.348105638712164,0.3090145065307617,8.0,1.0,2.536003093105613,0.4516092936197917,0.0,0.0,0.0,0.0,0.0,0.0,certain_cold,234.81694793701172,234.81694793701172,POINT (541851.4229577031 8673550.902749522),dronbreen
dronbreen-20220328-DAT_0226_A1_1,3400.0,3251,125.89421081542969,541852.8992401859,8673555.13590898,360.5278015136719,2022-03-28 10:53:36.249999872+00:00,0,2022-05-03,100 MHz,20220328,0.0,125.58155822753906,126.10265350341797,0.4609610073622646,0.4635387268066406,11,2.531857208994208,0.5645198822021485,2.6351189300270663,2.6346667103157286,122.98752977277272,128.6966819581843,0.41686248779296875,0.0,2.191347861117527,0.30903147354125976,8.0,1.0,2.531857208994208,0.5645198822021485,0.0,0.0,0.0,0.0,0.0,0.0,certain_cold,234.6335906982422,234.6335906982422,POINT (541852.8992401859 8673555.13590898),dronbreen
dronbreen-20220328-DAT_0226_A1_1,3405.0,3257,125.58155822753906,541854.5459270666,8673560.351387383,360.03907012939453,2022-03-28 10:53:37.750000128+00:00,0,2022-05-03,100 MHz,20220328,0.0,125.06047058105469,125.68577575683594,0.5136430966974109,0.4635387268066406,11,2.525638752225407,0.6774056752522787,2.655672740918246,2.664875003896358,122.44556531401217,128.30068102387847,0.6252975463867188,0.0,1.9990396292778012,0.4635387268066406,8.0,1.0,2.525638752225407,0.6774056752522787,0.0,0.0,0.0,0.0,0.0,0.0,certain_cold,234.45751190185547,234.45751190185547,POINT (541854.5459270666 8673560.351387383),dronbreen
dronbreen-20220328-DAT_0226_A1_1,3410.0,3261,125.26891326904297,541855.8581693253,8673564.625965815,359.6256103515625,2022-03-28 10:53:39+00:00,0,2022-05-03,100 MHz,20220328,0.0,124.85204315185547,125.47734832763672,0.5360316499474005,0.6180403244018554,11,2.519420618444408,0.6774056752522787,2.681106589468899,2.663397948345709,122.24314324930903,128.08624823018314,0.4168701171875,0.0,0.6215719771875069,0.30902581787109373,7.0,0.0,2.519420618444408,0.6774056752522787,0.0,0.0,0.0,0.0,0.0,0.0,certain_cold,234.35669708251953,234.35669708251953,POINT (541855.8581693253 8673564.625965815),dronbreen
dronbreen-20220328-DAT_0226_A1_1,3415.0,3265,124.95626068115234,541857.1429192948,8673569.212066775,359.1587393624442,2022-03-28 10:53:40.285714432+00:00,0,2022-05-03,100 MHz,20220328,0.0,124.64360046386719,125.26891326904297,0.5340008201845539,0.6180516357421875,11,2.5132025054432923,0.5645033518473307,2.6489316133220404,2.630590759424789,122.06778003774791,127.84473369516225,0.31266021728515625,0.0,0.6248885386708528,0.3090371292114258,7.0,0.0,2.5132025054432923,0.7903162638346355,0.0,0.0,0.0,0.0,0.0,0.0,certain_cold,234.20247868129184,234.20247868129184,POINT (541857.1429192948 8673569.212066775),dronbreen
dronbreen-20220328-DAT_0226_A1_1,3420.0,3270,124.74783325195312,541858.5704096192,8673574.307735141,358.63194056919644,2022-03-28 10:53:41.714285568+00:00,0,2022-05-03,100 MHz,20220328,0.0,124.33096313476562,125.06047058105469,0.5241068401187884,0.6180290130615234,11,2.509057344984933,0.5645116170247396,2.6449956497439704,2.624639042999633,121.75918512603728,127.63224858978303,0.4168701171875,0.0,0.6148763537944556,0.46351610412597655,7.0,0.0,2.504911958695856,0.7903079986572266,0.0,0.0,0.0,0.0,0.0,0.0,certain_cold,233.88410731724332,233.88410731724332,POINT (541858.5704096192 8673574.307735141),dronbreen
dronbreen-20220328-DAT_0226_A1_1,3425.0,3275,124.43517303466797,541859.8551419697,8673578.893838346,358.1683349609375,2022-03-28 10:53:43+00:00,0,2022-05-03,100 MHz,20220328,0.0,124.22674560546875,124.74783325195312,0.5362120340941886,0.46352741546630855,11,2.502839370648285,0.5645116170247396,2.6072468133860798,2.6211450983359197,121.66103356374953,127.31354529367235,0.20842742919921875,0.0,0.6215667690249956,0.46352741546630855,7.0,0.0,2.498694404982398,0.4516092936197917,0.0,0.0,0.0,0.0,0.0,0.0,certain_cold,233.73316192626953,233.73316192626953,POINT (541859.8551419697 8673578.893838346),dronbreen
dronbreen-20220328-DAT_0226_A1_1,3430.0,3279,124.22674560546875,541861.1383744475,8673583.586236684,357.70103963216144,2022-03-28 10:53:44.333333248+00:00,0,2022-05-03,100 MHz,20220328,0.0,123.9140853881836,124.53939056396484,0.5339975038241291,0.46355003814697265,11,2.498694404982398,0.5645116170247396,2.603272120450009,2.6167346883733984,121.35241657757473,127.10105937457371,0.31266021728515625,0.0,0.6277775102584751,0.46352741546630855,7.0,0.0,2.4966217240151267,0.3387152353922527,0.0,0.0,0.0,0.0,0.0,0.0,certain_cold,233.4742940266927,233.4742940266927,POINT (541861.1383744475 8673583.586236684),dronbreen
dronbreen-20220328-DAT_0226_A1_1,3435.0,3284,123.9140853881836,541862.7821009867,8673589.406450104,357.1529846191406,2022-03-28 10:53:46+00:00,0,2022-05-03,100 MHz,20220328,0.0,123.49722290039062,124.22674560546875,0.5521793518377929,0.6180403244018554,11,2.492476724672875,0.6774222056070964,2.6558077698267915,2.6412578640264583,120.91432896766989,126.80963953818949,0.41686248779296875,0.0,0.6388025563560898,0.46355003814697265,7.0,0.0,2.492476724672875,0.5645116170247396,0.0,0.0,0.0,0.0,0.0,0.0,certain_cold,233.23889923095703,233.23889923095703,POINT (541862.7821009867 8673589.406450104),dronbreen
dronbreen-20220328-DAT_0226_A1_1,3440.0,3288,123.60143280029297,541864.2418803287,8673594.16638582,356.7193094889323,2022-03-28 10:53:47.333333248+00:00,0,2022-05-03,100 MHz,20220328,0.0,123.28878021240234,124.018310546875,0.5697819043908602,0.6180403244018554,11,2.486259374263702,0.5645033518473307,2.6233801769754526,2.6124320333613045,120.73924109515762,126.56784966411972,0.312652587890625,0.0,0.6583419107493298,0.4635387268066406,7.0,0.0,2.486259374263702,0.5645033518473307,0.0,0.0,0.0,0.0,0.0,0.0,certain_cold,233.11787668863934,233.11787668863934,POINT (541864.2418803287 8673594.16638582),dronbreen
dronbreen-20220328-DAT_0226_A1_1,3445.0,3292,123.39300537109375,541865.4684729973,8673598.422799112,356.33056640625,2022-03-28 10:53:48.500000+00:00,0,2022-05-03,100 MHz,20220328,0.0,122.97614288330078,123.80987548828125,0.6345481461698067,0.6180403244018554,11,2.4821147253510074,0.6773974100748698,2.646079100020859,2.649983417077923,120.40325330910984,126.38276506247219,0.41686248779296875,0.0,0.7295178004869621,0.6180403244018554,7.0,0.0,2.4821147253510074,0.6773974100748698,0.0,0.0,0.0,0.0,0.0,0.0,certain_cold,232.93756103515625,232.93756103515625,POINT (541865.4684729973 8673598.422799112),dronbreen
dronbreen-20220328-DAT_0226_A1_1,3450.0,3297,122.97614288330078,541866.8878684333,8673603.86383459,355.8155212402344,2022-03-28 10:53:50+00:00,0,2022-05-03,100 MHz,20220328,0.0,122.7677001953125,123.49722290039062,0.6083313774411716,0.6180516357421875,11,2.4738255167617633,0.6774139404296875,2.6383119903668852,2.6360518581487646,120.20280208153291,126.06212101417022,0.20844268798828125,0.0,0.6912939814718567,0.6180516357421875,7.0,0.0,2.4738255167617633,0.6774139404296875,0.0,0.0,0.0,0.0,0.0,0.0,certain_cold,232.8393783569336,232.8393783569336,POINT (541866.8878684333 8673603.86383459),dronbreen
dronbreen-20220328-DAT_0226_A1_1,3455.0,3301,122.7677001953125,541868.0565814993,8673608.133955732,355.37288665771484,2022-03-28 10:53:51.249999872+00:00,0,2022-05-03,100 MHz,20220328,0.0,122.4550552368164,123.28878021240234,0.6432036914344533,0.6180516357421875,11,2.4696808061971196,0.6774222056070964,2.634428202398318,2.6404422201258155,119.89415224584856,125.84968320337019,0.31264495849609375,0.0,0.7191639590619912,0.6180290130615234,7.0,0.0,2.4696808061971196,0.6774222056070964,0.0,0.0,0.0,0.0,0.0,0.0,certain_cold,232.60518646240234,232.60518646240234,POINT (541868.0565814993 8673608.133955732),dronbreen
dronbreen-20220328-DAT_0226_A1_1,3460.0,3306,122.350830078125,541869.4688976286,8673613.18707327,354.8483479817708,2022-03-28 10:53:52.666666752+00:00,0,2022-05-03,100 MHz,20220328,0.0,122.14239501953125,122.97614288330078,0.662417579043966,0.6180629470825195,11,2.4613919330985237,0.7903079986572266,2.658014068363899,2.6686764566148793,119.55723796800342,125.56129993482861,0.20843505859375,0.0,0.7316460362992625,0.6180516357421875,7.0,0.0,2.4613919330985237,0.7903079986572266,0.0,0.0,0.0,0.0,0.0,0.0,certain_cold,232.49751790364581,232.49751790364581,POINT (541869.4688976286 8673613.18707327),dronbreen
dronbreen-20220328-DAT_0226_A1_1,3465.0,3311,122.0381851196289,541870.8903761483,8673617.945823481,354.351806640625,2022-03-28 10:53:54+00:00,0,2022-05-03,100 MHz,20220328,0.0,121.93395233154297,122.66348266601562,0.6624148182969768,0.7725645446777343,11,2.45517564563457,0.7903079986572266,2.6924580144083645,2.662943404422658,119.35471326087529,125.24272173668331,0.1042327880859375,0.0,0.7241847615386213,0.7725532333374023,7.0,0.0,2.45517564563457,0.7903079986572266,0.0,0.0,0.0,0.0,0.0,0.0,certain_cold,232.3136215209961,232.3136215209961,POINT (541870.8903761483 8673617.945823481),dronbreen
dronbreen-20220328-DAT_0226_A1_1,3470.0,3315,121.6213150024414,541872.2353427311,8673622.702192469,353.88092041015625,2022-03-28 10:53:55.333333248+00:00,0,2022-05-03,100 MHz,20220328,0.0,121.6213150024414,122.4550552368164,0.6972714609571122,0.7725532333374023,11,2.4468873503226973,0.6774222056070964,2.653864549700849,2.632934871979191,119.08238638000658,124.99398385925123,0.0,0.0,0.7559810554533918,0.6180516357421875,7.0,0.0,2.4468873503226973,0.6774222056070964,0.0,0.0,0.0,0.0,0.0,0.0,certain_cold,232.25960540771484,232.25960540771484,POINT (541872.2353427311 8673622.702192469),dronbreen
dronbreen-20220328-DAT_0226_A1_1,3475.0,3319,121.41287231445312,541873.3869501816,8673627.1689608,353.4361833844866,2022-03-28 10:53:56.571428608+00:00,0,2022-05-03,100 MHz,20220328,0.0,121.10022735595703,122.24662017822266,0.7281647962576066,0.9270887649536133,11,2.442743176320073,0.5645116170247396,2.6730434282512845,2.610726251778046,118.59310398619355,124.75374354798613,0.31264495849609375,0.0,0.7969441524659661,0.6180629470825195,7.0,0.0,2.442743176320073,0.5645116170247396,0.0,0.0,0.0,0.0,0.0,0.0,certain_cold,232.02331107003346,232.02331107003346,POINT (541873.3869501816 8673627.1689608),dronbreen
dronbreen-20220328-DAT_0226_A1_1,3480.0,3324,121.10022735595703,541874.7282044272,8673632.394889487,352.9127197265625,2022-03-28 10:53:58+00:00,0,2022-05-03,100 MHz,20220328,0.0,120.78758239746094,121.93395233154297,0.7676376830815307,0.9270661422729491,11,2.4365274523932197,0.6773974100748698,2.693507918976809,2.642877388364567,118.25864323697448,124.46289149202943,0.31264495849609375,0.0,0.8396090399324697,0.7725645446777343,7.0,0.0,2.4365274523932197,0.6773974100748698,0.0,0.0,0.0,0.0,0.0,0.0,certain_cold,231.81249237060547,231.81249237060547,POINT (541874.7282044272 8673632.394889487),dronbreen
dronbreen-20220328-DAT_0226_A1_1,3485.0,3329,120.78758239746094,541875.9711417261,8673637.148082264,352.41815185546875,2022-03-28 10:53:59.333333248+00:00,0,2022-05-03,100 MHz,20220328,0.0,120.78758239746094,121.6213150024414,0.7223698741216991,0.6952967788696288,10,2.430311919192548,0.5645116170247396,2.5900824313198476,2.597481015400084,118.29256949362151,124.11632790628083,0.312652587890625,0.0,0.821549873450131,0.6180629470825195,7.0,0.0,2.430311919192548,0.6774056752522787,0.0,0.0,0.0,0.0,0.0,0.0,certain_cold,231.6305694580078,231.6305694580078,POINT (541875.9711417261 8673637.148082264),dronbreen
dronbreen-20220328-DAT_0226_A1_1,3490.0,3333,120.57913970947266,541877.2739552973,8673642.027207887,351.92559814453125,2022-03-28 10:54:00.666666752+00:00,0,2022-05-03,100 MHz,20220328,0.0,120.47492980957031,121.41287231445312,0.7304305588966162,0.6952967788696288,10,2.42616808429066,0.45161755879720056,2.563920358230933,2.573670296291772,118.00708662317362,123.88071550084982,0.31264495849609375,0.0,0.8309420450529501,0.6180629470825195,7.0,0.0,2.4240964265161478,0.5645116170247396,0.0,0.0,0.0,0.0,0.0,0.0,certain_cold,231.3464584350586,231.3464584350586,POINT (541877.2739552973 8673642.027207887),dronbreen
dronbreen-20220328-DAT_0226_A1_1,3495.0,3337,120.3707046508789,541878.5659410574,8673646.843965441,351.4533386230469,2022-03-28 10:54:02+00:00,0,2022-05-03,100 MHz,20220328,0.0,119.95384216308594,121.20445251464844,0.827675025064454,0.9270774536132812,11,2.4220244869240375,0.5645116170247396,2.6541191732877443,2.6210535912359707,117.46690107391323,123.69139360382114,0.5210800170898438,0.0,0.9338094013468242,1.0043339080810547,8.0,0.0,2.4199528722424883,0.6774139404296875,0.0,0.0,0.0,0.0,0.0,0.0,certain_cold,231.08263397216797,231.08263397216797,POINT (541878.5659410574 8673646.843965441),dronbreen
dronbreen-20220328-DAT_0226_A1_1,3500.0,3342,120.05805206298828,541879.6714011079,8673651.298224702,351.0136375427246,2022-03-28 10:54:03.249999872+00:00,0,2022-05-03,100 MHz,20220328,0.0,119.53697204589844,120.89179229736328,0.8607729576544028,0.9270774536132812,11,2.41580925283096,0.6773974100748698,2.6747848889654486,2.6525330689491753,117.02798786953545,123.40077647372627,0.6252975463867188,0.0,0.9591155721887158,1.0815847068786621,8.0,0.0,2.411666023715567,0.7903162638346355,0.0,0.0,0.0,0.0,0.0,0.0,certain_cold,230.95558547973633,230.95558547973633,POINT (541879.6714011079 8673651.298224702),dronbreen
dronbreen-20220328-DAT_0226_A1_1,3505.0,3347,119.74541473388672,541880.9752487533,8673656.347975843,350.5204264322917,2022-03-28 10:54:04.666666752+00:00,0,2022-05-03,100 MHz,20220328,0.0,119.12010192871094,120.57913970947266,0.8848708193816932,1.0815903625488281,11,2.4095945177386615,0.5645033518473307,2.70086050852716,2.6282705608738826,116.64526662627905,123.05397501190454,0.729522705078125,0.0,0.9933884612878973,1.1588355056762694,8.0,0.0,2.4054511166017827,0.6774139404296875,0.0,0.0,0.0,0.0,0.0,0.0,certain_cold,230.77501169840497,230.77501169840497,POINT (541880.9752487533 8673656.347975843),dronbreen
dronbreen-20220328-DAT_0226_A1_1,3510.0,3351,119.53697204589844,541882.3004306948,8673660.917643322,350.076904296875,2022-03-28 10:54:06+00:00,0,2022-05-03,100 MHz,20220328,0.0,118.80744934082031,120.3707046508789,0.903856687867801,1.236091960144043,11,2.4054511166017827,0.6774222056070964,2.7880134958323084,2.6574523196501,116.30843034949385,122.86972364220537,0.8337326049804688,0.0,1.0104206457040705,1.236091960144043,8.0,0.0,2.3992364077118453,0.7903162638346355,0.0,0.0,0.0,0.0,0.0,0.0,certain_cold,230.53993225097656,230.53993225097656,POINT (541882.3004306948 8673660.917643322),dronbreen
dronbreen-20220328-DAT_0226_A1_1,3515.0,3357,119.12010192871094,541883.8898615814,8673666.426034639,349.5344746907552,2022-03-28 10:54:07.666666752+00:00,0,2022-05-03,100 MHz,20220328,0.0,118.39058685302734,119.95384216308594,0.8958471398194148,1.081579051208496,11,2.3971648823980787,0.6774139404296875,2.715713969493868,2.647230858465823,115.89954507897154,122.44488393714174,0.7295150756835938,0.0,0.9925064053468228,1.081579051208496,8.0,0.0,2.3909504402117236,0.6774139404296875,0.0,0.0,0.0,0.0,0.0,0.0,certain_cold,230.41437276204425,230.41437276204425,POINT (541883.8898615814 8673666.426034639),dronbreen
dronbreen-20220328-DAT_0226_A1_1,3520.0,3361,118.91166687011719,541885.1678876103,8673670.870170739,349.0766296386719,2022-03-28 10:54:09+00:00,0,2022-05-03,100 MHz,20220328,0.0,118.28636169433594,119.74541473388672,0.8914288472433217,1.236091960144043,11,2.393021898590126,0.4516010284423828,2.731010917216343,2.5932880067049373,115.8511004565994,122.18067597162326,0.8337326049804688,0.0,0.9870221938191084,1.236091960144043,8.0,0.0,2.3868075907970274,0.5645116170247396,0.0,0.0,0.0,0.0,0.0,0.0,certain_cold,230.1649627685547,230.1649627685547,POINT (541885.1678876103 8673670.870170739),dronbreen
dronbreen-20220328-DAT_0226_A1_1,3525.0,3365,118.70323944091797,541886.4706251357,8673675.749305667,348.5494689941406,2022-03-28 10:54:10.333333248+00:00,0,2022-05-03,100 MHz,20220328,0.0,118.1821517944336,119.53697204589844,0.8760104198186472,1.236091960144043,11,2.38887915590286,0.4516010284423828,2.7273816095900703,2.58419839912268,115.75096132258706,121.96816251774497,0.8337478637695312,0.0,0.9838715969285468,1.1588468170166015,8.0,0.0,2.380593485909198,0.5645033518473307,0.0,0.0,0.0,0.0,0.0,0.0,certain_cold,229.84622955322266,229.84622955322266,POINT (541886.4706251357 8673675.749305667),dronbreen
dronbreen-20220328-DAT_0226_A1_1,3530.0,3369,118.49480438232422,541887.7625395356,8673680.566071982,348.02121988932294,2022-03-28 10:54:11.666666752+00:00,0,2022-05-03,100 MHz,20220328,0.0,117.97372436523438,119.22431945800781,0.8572073205223373,1.081579051208496,11,2.384736351516057,0.5645116170247396,2.678703805203381,2.5962367423551895,115.52308346294004,121.67496036030215,0.729522705078125,0.0,0.9599214905071137,1.0815847068786621,8.0,0.0,2.376451014460172,0.5645033518473307,0.0,0.0,0.0,0.0,0.0,0.0,certain_cold,229.52641550699872,229.52641550699872,POINT (541887.7625395356 8673680.566071982),dronbreen
dronbreen-20220328-DAT_0226_A1_1,3535.0,3374,118.1821517944336,541888.9613326509,8673685.504000928,347.50860595703125,2022-03-28 10:54:13+00:00,0,2022-05-03,100 MHz,20220328,0.0,117.7652816772461,118.91166687011719,0.8418680828347525,1.081579051208496,11,2.3785223146115357,0.5645033518473307,2.673171464639887,2.585493048578501,115.32068918863948,121.3562593587238,0.7295150756835938,0.0,0.9270340432402778,1.081579051208496,8.0,0.0,2.3702372512911962,0.5645116170247396,0.0,0.0,0.0,0.0,0.0,0.0,certain_cold,229.32645416259766,229.32645416259766,POINT (541888.9613326509 8673685.504000928),dronbreen
dronbreen-20220328-DAT_0226_A1_1,3540.0,3378,117.97372436523438,541890.0270236455,8673690.003555665,347.0730285644531,2022-03-28 10:54:14.249999872+00:00,0,2022-05-03,100 MHz,20220328,0.0,117.3484115600586,118.70323944091797,0.8484115841661309,0.9270887649536133,11,2.3743798887797456,0.5645116170247396,2.610717679125956,2.5838257367989983,114.90784744043428,121.14380356054228,0.6253128051757812,0.0,0.9338101311789843,1.0043339080810547,8.0,0.0,2.3660948575170315,0.5645033518473307,0.0,0.0,0.0,0.0,0.0,0.0,certain_cold,229.09930419921875,229.09930419921875,POINT (541890.0270236455 8673690.003555665),dronbreen
dronbreen-20220328-DAT_0226_A1_1,3545.0,3383,117.66106414794922,541891.2715732373,8673695.31510839,346.57188924153644,2022-03-28 10:54:15.666666752+00:00,0,2022-05-03,100 MHz,20220328,0.0,117.13997650146484,118.39058685302734,0.8458460013494798,1.0815903625488281,11,2.368166042863365,0.5645116170247396,2.6639672454227963,2.577273604087451,114.70545729383328,120.82510606065891,0.833740234375,0.0,0.9304792387089934,1.0815903625488281,8.0,0.0,2.359881592192912,0.6774056752522787,0.0,0.0,0.0,0.0,0.0,0.0,certain_cold,228.91082509358722,228.91082509358722,POINT (541891.2715732373 8673695.31510839),dronbreen
dronbreen-20220328-DAT_0226_A1_1,3550.0,3387,117.45263671875,541892.4429082312,8673700.314217849,346.0993347167969,2022-03-28 10:54:17+00:00,0,2022-05-03,100 MHz,20220328,0.0,116.93154907226562,118.1821517944336,0.868310928201552,1.081579051208496,11,2.364023846934431,0.4516010284423828,2.638629470345913,2.558616052829952,114.52477691068387,120.58892395601535,0.833740234375,0.0,0.9563833931136537,1.0815903625488281,8.0,0.0,2.353668385175759,0.5645116170247396,0.0,0.0,0.0,0.0,0.0,0.0,certain_cold,228.64669799804688,228.64669799804688,POINT (541892.4429082312 8673700.314217849),dronbreen
dronbreen-20220328-DAT_0226_A1_1,3555.0,3392,117.24420166015625,541893.6710239258,8673705.12900257,345.63646443684894,2022-03-28 10:54:18.333333248+00:00,0,2022-05-03,100 MHz,20220328,0.0,116.618896484375,117.86949157714844,0.8308903363918703,0.9270774536132812,11,2.359881592192912,0.4516092936197917,2.5753571962453687,2.5423160374674345,114.21619132492353,120.27219673659991,0.8337478637695312,0.0,0.9166214473625989,1.0815847068786621,8.0,0.0,2.3495263646146767,0.45161755879720056,0.0,0.0,0.0,0.0,0.0,0.0,certain_cold,228.3922627766927,228.3922627766927,POINT (541893.6710239258 8673705.12900257),dronbreen
dronbreen-20220328-DAT_0226_A1_1,3560.0,3396,117.0357666015625,541894.7463423167,8673709.318700075,345.23162841796875,2022-03-28 10:54:19.500000+00:00,0,2022-05-03,100 MHz,20220328,0.0,116.41045379638672,117.66106414794922,0.8194026912355981,0.9270887649536133,11,2.3557394307533603,0.5645116170247396,2.5937762450653423,2.557264632721102,113.98802079806416,120.08349714627178,0.729522705078125,0.0,0.8998567946667965,1.0043282524108885,8.0,0.0,2.345384286988559,0.4516092936197917,0.0,0.0,0.0,0.0,0.0,0.0,certain_cold,228.19586181640625,228.19586181640625,POINT (541894.7463423167 8673709.318700075),dronbreen
dronbreen-20220328-DAT_0226_A1_1,3565.0,3401,116.72311401367188,541896.1330252787,8673714.572658569,344.71221923828125,2022-03-28 10:54:21+00:00,0,2022-05-03,100 MHz,20220328,0.0,116.30624389648438,117.3484115600586,0.7684109866591764,0.9270661422729491,11,2.3495263646146767,0.5645198822021485,2.5881283715399115,2.5356285768699474,113.88985054369162,119.76480491285135,0.6253128051757812,0.0,0.842531044937246,0.9270774536132812,8.0,0.0,2.34124260761746,0.33869043986002606,0.0,0.0,0.0,0.0,0.0,0.0,certain_cold,227.98910522460938,227.98910522460938,POINT (541896.1330252787 8673714.572658569),dronbreen
dronbreen-20220328-DAT_0226_A1_1,3570.0,3406,116.5146713256836,541897.486502583,8673719.400218755,344.2358834402902,2022-03-28 10:54:22.428571392+00:00,0,2022-05-03,100 MHz,20220328,0.0,115.88937377929688,117.0357666015625,0.7841810225767754,0.9270661422729491,11,2.345384286988559,0.4516092936197917,2.5620753384483925,2.5139049870482686,113.50090598430013,119.42423439655924,0.7295150756835938,0.0,0.853847927920127,0.9270774536132812,8.0,0.0,2.3391718795285485,0.33870697021484375,0.0,0.0,0.0,0.0,0.0,0.0,certain_cold,227.7212121146066,227.7212121146066,POINT (541897.486502583 8673719.400218755),dronbreen
dronbreen-20220328-DAT_0226_A1_1,3575.0,3411,116.30624389648438,541899.0002413004,8673724.52521576,343.73883056640625,2022-03-28 10:54:24+00:00,0,2022-05-03,100 MHz,20220328,0.0,115.57672119140625,116.72311401367188,0.7791303163068659,1.0815903625488281,11,2.34124260761746,0.5645033518473307,2.6400603580844098,2.5312299444654793,113.16838546274002,119.1314497423381,0.8337326049804688,0.0,0.8511199802351466,0.9270717979431152,8.0,0.0,2.335030040463298,0.5645116170247396,0.0,0.0,0.0,0.0,0.0,0.0,certain_cold,227.43258666992188,227.43258666992188,POINT (541899.0002413004 8673724.52521576),dronbreen
dronbreen-20220328-DAT_0226_A1_1,3580.0,3416,115.99359130859375,541900.2526515565,8673728.968571298,343.3293965657552,2022-03-28 10:54:25.333333248+00:00,0,2022-05-03,100 MHz,20220328,0.0,115.15984344482422,116.41045379638672,0.772128230715729,1.0815903625488281,11,2.335030040463298,0.5645116170247396,2.6345543015812796,2.5233352255081214,112.75754482566342,118.81275241554752,0.8337478637695312,0.0,0.8419543840193912,1.0043508750915526,8.0,0.0,2.328817841605837,1.1290149688720703,0.0,0.0,0.0,0.0,0.0,0.0,certain_cold,227.33580525716144,227.33580525716144,POINT (541900.2526515565 8673728.968571298),dronbreen
dronbreen-20220328-DAT_0226_A1_1,3585.0,3420,115.78515625,541901.5745958723,8673733.228000166,342.96900431315106,2022-03-28 10:54:26.666666752+00:00,0,2022-05-03,100 MHz,20220328,0.0,114.95142364501953,116.20203399658203,0.820964587007042,1.236091960144043,11,2.330888449311714,0.4516092936197917,2.6767359322785795,2.512165354895688,112.57718862775218,118.57626901384938,0.9379501342773438,0.0,0.8868265928984295,1.0043339080810547,8.0,0.0,2.3143232097541393,1.1290314992268882,0.0,0.0,0.0,0.0,0.0,0.0,certain_cold,227.18384806315106,227.18384806315106,POINT (541901.5745958723 8673733.228000166),dronbreen
dronbreen-20220328-DAT_0226_A1_1,3590.0,3425,115.57672119140625,541903.2689177725,8673739.049853956,342.4656168619792,2022-03-28 10:54:28.333333248+00:00,0,2022-05-03,100 MHz,20220328,0.0,114.53455352783203,115.88937377929688,0.8457289772072563,1.3906048690795898,11,2.326746954987246,0.4516092936197917,2.747996406208358,2.5165372736190936,112.16438426243637,118.25954304469253,1.1463775634765625,0.0,0.8972654621209052,1.081579051208496,8.0,0.0,2.308111442737551,0.5645033518473308,0.0,0.0,0.0,0.0,0.0,0.0,certain_cold,226.88889567057294,226.88889567057294,POINT (541903.2689177725 8673739.049853956),dronbreen
dronbreen-20220328-DAT_0226_A1_1,3595.0,3429,115.3682861328125,541904.6352568931,8673743.930993862,342.03270467122394,2022-03-28 10:54:29.666666752+00:00,0,2022-05-03,100 MHz,20220328,0.0,114.2219009399414,115.68094635009766,0.8573255939138302,1.3905935577392576,11,2.3226055580078593,0.45161755879720056,2.7444863709497387,2.5166370758380405,111.8557954905789,118.04705179946016,1.1463851928710938,0.0,0.9098234941685659,1.0815903625488281,8.0,0.0,2.3039707934612426,0.5645033518473308,0.0,0.0,0.0,0.0,0.0,0.0,certain_cold,226.66441853841144,226.66441853841144,POINT (541904.6352568931 8673743.930993862),dronbreen
dronbreen-20220328-DAT_0226_A1_1,3600.0,3433,115.15984344482422,541905.7569643763,8673747.858512273,341.68016815185547,2022-03-28 10:54:30.750000128+00:00,0,2022-05-03,100 MHz,20220328,0.0,114.01346588134766,115.4725112915039,0.8816259486218491,1.2361145828247069,11,2.3184641073121166,0.5645033518473307,2.6873628547357242,2.543856160325268,111.62726810011881,117.85870907273275,1.2505950927734375,0.0,0.9300621070882791,1.1588468170166015,8.0,0.0,2.297759401418007,0.6774222056070964,0.0,0.0,0.0,0.0,0.0,0.0,uncertain_cold,226.52032470703125,226.52032470703125,POINT (541905.7569643763 8673747.858512273),dronbreen
dronbreen-20220328-DAT_0226_A1_1,3605.0,3438,114.84720611572266,541907.3864463666,8673753.50776097,341.1790364583333,2022-03-28 10:54:32.333333248+00:00,0,2022-05-03,100 MHz,20220328,0.0,113.8050308227539,115.15984344482422,0.859856009085807,1.236103271484375,11,2.3122526464543,0.5645033518473307,2.682000677303449,2.530717031128284,111.42486773269437,117.54000653488376,1.2506103515625,0.0,0.901687463142063,1.1588355056762694,8.0,0.0,2.2915483883669547,0.5645116170247396,0.0,0.0,0.0,0.0,0.0,0.0,uncertain_cold,226.33183034261066,226.33183034261066,POINT (541907.3864463666 8673753.50776097),dronbreen
dronbreen-20220328-DAT_0226_A1_1,3610.0,3442,114.63876342773438,541908.5356579917,8673757.575712416,340.8288269042969,2022-03-28 10:54:33.500000+00:00,0,2022-05-03,100 MHz,20220328,0.0,113.49238586425781,114.95142364501953,0.8735262307143005,1.2361145828247069,11,2.308111442737551,0.4516010284423828,2.656934546212634,2.508858305431411,111.1405096088,117.30329990047734,1.1463775634765625,0.0,0.9169372660444604,1.0815847068786621,8.0,0.0,2.2874078402598874,0.45161755879720056,0.0,0.0,0.0,0.0,0.0,0.0,certain_cold,226.1900634765625,226.1900634765625,POINT (541908.5356579917 8673757.575712416),dronbreen
dronbreen-20220328-DAT_0226_A1_1,3615.0,3447,114.43034362792969,541909.9104003086,8673762.244439984,340.4271806989397,2022-03-28 10:54:34.857143040+00:00,0,2022-05-03,100 MHz,20220328,0.0,113.28394317626953,114.74299621582031,0.8700142586231676,1.081556428527832,11,2.3039707934612426,0.5645033518473308,2.607050010924067,2.526632197526367,110.91182482943915,117.11511456265069,1.2506103515625,0.0,0.9109936283359202,1.1588468170166015,8.0,0.0,2.2832672430554757,0.4516010284423828,0.0,0.0,0.0,0.0,0.0,0.0,uncertain_cold,225.99683707101002,225.99683707101002,POINT (541909.9104003086 8673762.244439984),dronbreen
dronbreen-20220328-DAT_0226_A1_1,3620.0,3452,114.11768341064453,541911.4575320423,8673767.40594388,339.9855244954427,2022-03-28 10:54:36.333333248+00:00,0,2022-05-03,100 MHz,20220328,0.0,112.97130584716797,114.43034362792969,0.864552273654073,1.0815903625488281,11,2.297759401418007,0.5645198822021485,2.6015800346260485,2.5190934079717633,110.60521604240435,116.7964334326933,1.2506103515625,0.0,0.901259589490441,1.1588524726867675,8.0,0.0,2.2791272035153827,0.33869043986002606,0.0,0.0,0.0,0.0,0.0,0.0,uncertain_cold,225.86784108479816,225.86784108479816,POINT (541911.4575320423 8673767.40594388),dronbreen
dronbreen-20220328-DAT_0226_A1_1,3625.0,3456,113.90924835205078,541912.9169106717,8673772.165932512,339.5854187011719,2022-03-28 10:54:37.666666752+00:00,0,2022-05-03,100 MHz,20220328,0.0,112.76286315917969,114.2219009399414,0.8454964277022566,0.9270774536132812,11,2.2936187006675004,0.4516010284423828,2.5147768962554067,2.485858894265555,110.42520830164791,116.55955579747318,1.2506103515625,0.0,0.8750508076642519,1.1588468170166015,8.0,0.0,2.2770570709989637,0.225796381632487,0.0,0.0,0.0,0.0,0.0,0.0,uncertain_cold,225.6761703491211,225.6761703491211,POINT (541912.9169106717 8673772.165932512),dronbreen
dronbreen-20220328-DAT_0226_A1_1,3630.0,3461,113.70082092285156,541914.4075761071,8673776.740801936,339.2477722167969,2022-03-28 10:54:39+00:00,0,2022-05-03,100 MHz,20220328,0.0,112.65863800048828,114.01346588134766,0.8114095391069183,0.7725532333374023,11,2.2894782530987587,0.5645198822021485,2.4813770102815385,2.4937479441530117,110.30058936468501,116.37151451715093,1.146392822265625,0.0,0.8276668799786332,1.08160167388916,8.0,0.0,2.2749871159911534,0.33870697021484375,0.0,0.0,0.0,0.0,0.0,0.0,uncertain_cold,225.5469512939453,225.5469512939453,POINT (541914.4075761071 8673776.740801936),dronbreen
dronbreen-20220328-DAT_0226_A1_1,3635.0,3466,113.38815307617188,541916.0394267074,8673781.289063046,338.9158070882161,2022-03-28 10:54:40.333333248+00:00,0,2022-05-03,100 MHz,20220328,0.0,112.55442810058594,113.70082092285156,0.7602710702220821,0.7725758560180663,11,2.2832672430554757,0.5645116170247396,2.47565266591824,2.4718403607803374,110.20241137680057,116.05283764663693,0.9379348754882812,0.0,0.7747734937688857,0.9270717979431152,8.0,0.0,2.27084682952029,0.33872350056966144,0.0,0.0,0.0,0.0,0.0,0.0,certain_cold,225.52765401204425,225.52765401204425,POINT (541916.0394267074 8673781.289063046),dronbreen
dronbreen-20220328-DAT_0226_A1_1,3640.0,3470,113.17973327636719,541917.7831024491,8673785.933863986,338.57598368326825,2022-03-28 10:54:41.666666752+00:00,0,2022-05-03,100 MHz,20220328,0.0,112.55442810058594,113.49238586425781,0.7369264115681144,0.7725645446777343,11,2.2791272035153827,0.4515844980875652,2.4485108422079658,2.437500749699065,110.23099327931016,115.8158206855336,0.937957763671875,0.0,0.7530686593761128,0.9270774536132812,8.0,0.0,2.268776649749822,0.22580464680989584,0.0,0.0,0.0,0.0,0.0,0.0,certain_cold,225.39625040690106,225.39625040690106,POINT (541917.7831024491 8673785.933863986),dronbreen
dronbreen-20220328-DAT_0226_A1_1,3645.0,3475,112.97130584716797,541919.8205328721,8673791.285697471,338.1782913208008,2022-03-28 10:54:43.249999872+00:00,0,2022-05-03,100 MHz,20220328,0.0,112.4502182006836,113.28394317626953,0.7083676719908164,0.6180177017211914,11,2.2749871159911534,0.5645198822021485,2.4240864165635716,2.4486800187139526,110.1062367427093,115.62792463424383,0.937957763671875,0.0,0.7128426363472483,0.8497983764648437,8.0,0.0,2.266706799305986,0.11289405822753908,0.0,0.0,0.0,0.0,0.0,0.0,certain_cold,225.2069854736328,225.2069854736328,POINT (541919.8205328721 8673791.285697471),dronbreen
dronbreen-20220328-DAT_0226_A1_1,3650.0,3480,112.65863800048828,541921.2337108048,8673795.377407255,337.86631774902344,2022-03-28 10:54:44.500000+00:00,0,2022-05-03,100 MHz,20220328,0.0,112.34598541259766,113.07551574707031,0.6841208869377308,0.6180629470825195,11,2.268776649749822,0.5645116170247396,2.4182685249496676,2.4359889655231157,110.00803313502527,115.4134680246427,0.7295074462890625,0.0,0.7045005612394466,0.695313745880127,8.0,0.0,2.266706799305986,0.11289405822753908,0.0,0.0,0.0,0.0,0.0,0.0,certain_cold,225.20767974853516,225.20767974853516,POINT (541921.2337108048 8673795.377407255),dronbreen
dronbreen-20220328-DAT_0226_A1_1,3655.0,3485,112.4502182006836,541922.9319403799,8673800.455024393,337.4979248046875,2022-03-28 10:54:46+00:00,0,2022-05-03,100 MHz,20220328,0.0,112.13755798339844,112.76286315917969,0.6839723146784324,0.46352741546630855,11,2.264636975180027,0.4516010284423828,2.35528804674325,2.408389969562515,109.82833211349252,115.0720890290856,0.729522705078125,0.0,0.7002178562779828,0.4635387268066406,8.0,0.0,2.264636975180027,0.33870697021484375,0.0,0.0,0.0,0.0,0.0,0.0,certain_cold,225.0477066040039,225.0477066040039,POINT (541922.9319403799 8673800.455024393),dronbreen
dronbreen-20220328-DAT_0226_A1_1,3660.0,3489,112.24177551269531,541924.599071225,8673805.097447842,337.16794840494794,2022-03-28 10:54:47.333333248+00:00,0,2022-05-03,100 MHz,20220328,0.0,112.0333480834961,112.55442810058594,0.6806489222200851,0.4635387268066406,11,2.2604969515787707,0.4516092936197917,2.3513114581931087,2.4035557779049035,109.72818053596713,114.8595956481149,0.729522705078125,0.0,0.6989727382845201,0.4635387268066406,8.0,0.0,2.2604969515787707,0.4516092936197917,0.0,0.0,0.0,0.0,0.0,0.0,certain_cold,224.92617289225262,224.92617289225262,POINT (541924.599071225 8673805.097447842),dronbreen
dronbreen-20220328-DAT_0226_A1_1,3665.0,3493,112.0333480834961,541926.2592493072,8673809.553558124,336.8507792154948,2022-03-28 10:54:48.666666752+00:00,0,2022-05-03,100 MHz,20220328,0.0,111.92913055419922,112.34598541259766,0.6696798836360592,0.3090145065307617,11,2.2563573371961985,0.5645033518473307,2.34633809000588,2.4203891451402595,109.60323019791437,114.6718857688825,0.6253128051757812,0.0,0.6935391135883431,0.3862653053283691,8.0,0.0,2.2563573371961985,0.5645033518473307,0.0,0.0,0.0,0.0,0.0,0.0,certain_cold,224.81743113199872,224.81743113199872,POINT (541926.2592493072 8673809.553558124),dronbreen
dronbreen-20220328-DAT_0226_A1_1,3670.0,3498,111.72069549560547,541928.2033224457,8673814.623348208,336.48693084716797,2022-03-28 10:54:50.249999872+00:00,0,2022-05-03,100 MHz,20220328,0.0,111.72069549560547,112.13755798339844,0.6791932965880482,0.4635387268066406,11,2.250147888652815,0.5645198822021485,2.3657380179258585,2.4172612089595096,109.40081441714256,114.45743906186135,0.5210800170898438,0.0,0.7193461251162326,0.38627096099853514,8.0,0.0,2.250147888652815,0.5645198822021485,0.0,0.0,0.0,0.0,0.0,0.0,certain_cold,224.7662353515625,224.7662353515625,POINT (541928.2033224457 8673814.623348208),dronbreen
dronbreen-20220328-DAT_0226_A1_1,3675.0,3503,111.51225280761719,541929.8769896984,8673819.157425387,336.1692199707031,2022-03-28 10:54:51.666666752+00:00,0,2022-05-03,100 MHz,20220328,0.0,111.51225280761719,111.82490539550781,0.6961350918450447,0.4635387268066406,11,2.246008239186128,0.3387152353922527,2.3182211224187226,2.3756862350228216,109.2408477311989,114.0963104719261,0.5210800170898438,0.0,0.7336247976350223,0.2317693634033203,8.0,0.0,2.246008239186128,0.3387152353922527,0.0,0.0,0.0,0.0,0.0,0.0,certain_cold,224.65696716308594,224.65696716308594,POINT (541929.8769896984 8673819.157425387),dronbreen
dronbreen-20220328-DAT_0226_A1_1,3680.0,3508,111.40803527832031,541931.6409037941,8673824.201659461,335.8333260672433,2022-03-28 10:54:53.142856960+00:00,0,2022-05-03,100 MHz,20220328,0.0,111.30382537841797,111.6164779663086,0.6799203986154849,0.3090145065307617,11,2.243938530760187,0.225796381632487,2.2763422635963515,2.355533036117717,109.0485550762616,113.87174826846497,0.6252975463867188,0.0,0.7369264423825141,0.2317693634033203,8.0,0.0,2.243938530760187,0.225796381632487,0.0,0.0,0.0,0.0,0.0,0.0,certain_cold,224.425290788923,224.425290788923,POINT (541931.6409037941 8673824.201659461),dronbreen
dronbreen-20220328-DAT_0226_A1_1,3685.0,3512,111.30382537841797,541933.0110447862,8673828.311979689,335.5568440755208,2022-03-28 10:54:54.333333248+00:00,0,2022-05-03,100 MHz,20220328,0.0,111.09538269042969,111.40803527832031,0.7165460546905024,0.3090371292114258,11,2.2418690009783675,0.5645116170247396,2.3324137562908662,2.420348783088122,108.78353278541776,113.71988518333224,0.6252975463867188,0.0,0.7916126029792181,0.2317693634033203,8.0,0.0,2.2418690009783675,0.5645116170247396,0.0,0.0,0.0,0.0,0.0,0.0,certain_cold,224.25301869710285,224.25301869710285,POINT (541933.0110447862 8673828.311979689),dronbreen
dronbreen-20220328-DAT_0226_A1_1,3690.0,3518,110.88694763183594,541934.7549395118,8673833.763234328,335.1696472167969,2022-03-28 10:54:56+00:00,0,2022-05-03,100 MHz,20220328,0.0,110.7827377319336,111.09538269042969,0.7439924771545783,0.30902581787109373,11,2.2335903971055684,0.6774056752522788,2.3544216841970145,2.4497610734454924,108.4486844954143,113.42943592694898,0.41686248779296875,0.0,0.8295374595961156,0.30903147354125976,8.0,0.0,2.2335903971055684,0.6774056752522788,0.0,0.0,0.0,0.0,0.0,0.0,certain_cold,224.28269958496094,224.28269958496094,POINT (541934.7549395118 8673833.763234328),dronbreen
dronbreen-20220328-DAT_0226_A1_1,3695.0,3522,110.67852783203125,541936.142325021,8673837.962715417,334.8516540527344,2022-03-28 10:54:57.333333248+00:00,0,2022-05-03,100 MHz,20220328,0.0,110.57429504394531,110.88694763183594,0.7564960715067907,0.3090371292114258,11,2.2294516386829937,0.4516010284423828,2.2956267216923014,2.3972243124750987,108.29956470869313,113.16167796708812,0.4168701171875,0.0,0.8474655334012516,0.30903147354125976,8.0,0.0,2.2294516386829937,0.4516010284423828,0.0,0.0,0.0,0.0,0.0,0.0,certain_cold,224.17312622070312,224.17312622070312,POINT (541936.142325021 8673837.962715417),dronbreen
dronbreen-20220328-DAT_0226_A1_1,3700.0,3527,110.47008514404297,541937.874238905,8673842.979374306,334.48358154296875,2022-03-28 10:54:59+00:00,0,2022-05-03,100 MHz,20220328,0.0,110.26165771484375,110.67852783203125,0.7831770164676521,0.3090371292114258,11,2.2253125364076034,0.5645281473795574,2.316508549759287,2.425711061317858,107.96585547730746,112.97433006956754,0.4168701171875,0.0,0.8772676416936462,0.38628792800903317,8.0,0.0,2.2253125364076034,0.5645281473795574,0.0,0.0,0.0,0.0,0.0,0.0,certain_cold,224.01349639892578,224.01349639892578,POINT (541937.874238905 8673842.979374306),dronbreen
dronbreen-20220328-DAT_0226_A1_1,3705.0,3532,110.15742492675781,541939.2733816373,8673847.210242487,334.13343048095703,2022-03-28 10:55:00.249999872+00:00,0,2022-05-03,100 MHz,20220328,0.0,110.05321502685547,110.3658676147461,0.7564930616856925,0.3090371292114258,11,2.219104167586036,0.5645033518473308,2.3105391769186308,2.41150763905553,107.76343614214966,112.6556464994519,0.41684722900390625,0.0,0.8474618140102258,0.30902581787109373,8.0,0.0,2.219104167586036,0.5645033518473308,0.0,0.0,0.0,0.0,0.0,0.0,certain_cold,223.97600555419922,223.97600555419922,POINT (541939.2733816373 8673847.210242487),dronbreen
dronbreen-20220328-DAT_0226_A1_1,3710.0,3536,109.94900512695312,541940.7269822408,8673851.535860557,333.7826690673828,2022-03-28 10:55:01.500000+00:00,0,2022-05-03,100 MHz,20220328,0.0,109.84478759765625,110.15742492675781,0.7814077623863044,0.3090145065307617,11,2.2149657991406335,0.5645033518473308,2.3065618333042854,2.4156439341772096,107.55901912171439,112.44319340269968,0.4168701171875,0.0,0.8803545994722948,0.30902581787109373,8.0,0.0,2.2149657991406335,0.5645033518473308,0.0,0.0,0.0,0.0,0.0,0.0,certain_cold,223.8336639404297,223.8336639404297,POINT (541940.7269822408 8673851.535860557),dronbreen
dronbreen-20220328-DAT_0226_A1_1,3715.0,3541,109.63634490966797,541942.6341970523,8673857.271372952,333.3462219238281,2022-03-28 10:55:03+00:00,0,2022-05-03,100 MHz,20220328,0.0,109.53213500976562,109.94900512695312,0.7782400550176116,0.3090371292114258,11,2.208757852291797,0.5645033518473308,2.3006041014348346,2.4089277422831423,107.25238167128632,112.22875846543243,0.41686248779296875,0.0,0.8803531801966209,0.4635330711364746,8.0,0.0,2.208757852291797,0.5645033518473308,0.0,0.0,0.0,0.0,0.0,0.0,certain_cold,223.70987701416016,223.70987701416016,POINT (541942.6341970523 8673857.271372952),dronbreen
dronbreen-20220328-DAT_0226_A1_1,3720.0,3545,109.42792510986328,541944.201902387,8673861.926228413,333.04239654541016,2022-03-28 10:55:04.249999872+00:00,0,2022-05-03,100 MHz,20220328,0.0,109.32369995117188,109.7405776977539,0.7924447438606868,0.3090371292114258,11,2.2046197671117667,0.4516010284423828,2.2715183806567354,2.3858458622682623,107.07330180719154,111.99097584173424,0.41687774658203125,0.0,0.8998530709290423,0.4635387268066406,8.0,0.0,2.2046197671117667,0.4516010284423828,0.0,0.0,0.0,0.0,0.0,0.0,certain_cold,223.61447143554688,223.61447143554688,POINT (541944.201902387 8673861.926228413),dronbreen
dronbreen-20220328-DAT_0226_A1_1,3725.0,3550,109.219482421875,541945.9176491199,8673866.947565682,332.72934977213544,2022-03-28 10:55:05.666666752+00:00,0,2022-05-03,100 MHz,20220328,0.0,109.1152572631836,109.53213500976562,0.8225293608543438,0.4635387268066406,11,2.2004813419342835,0.5645116170247396,2.3185468839784784,2.416060026453036,106.84351971189014,111.80387256105908,0.521087646484375,0.0,0.9354687317514949,0.540789525604248,8.0,0.0,2.2004813419342835,0.5645116170247396,0.0,0.0,0.0,0.0,0.0,0.0,certain_cold,223.50986735026044,223.50986735026044,POINT (541945.9176491199 8673866.947565682),dronbreen
dronbreen-20220328-DAT_0226_A1_1,3730.0,3554,108.9068374633789,541947.5068309036,8673871.62894351,332.43316650390625,2022-03-28 10:55:07+00:00,0,2022-05-03,100 MHz,20220328,0.0,108.9068374633789,109.32369995117188,0.8451491897663022,0.4635387268066406,11,2.1942742988309214,0.5645116170247396,2.3126567439884673,2.4182204649759407,106.64111173764205,111.58942567690873,0.5211029052734375,0.0,0.9623498614029145,0.6180516357421875,8.0,0.0,2.1942742988309214,0.5645116170247396,0.0,0.0,0.0,0.0,0.0,0.0,certain_cold,223.52632904052734,223.52632904052734,POINT (541947.5068309036 8673871.62894351),dronbreen
dronbreen-20220328-DAT_0226_A1_1,3735.0,3558,108.69839477539062,541949.005762276,8673876.033527438,332.1437225341797,2022-03-28 10:55:08.249999872+00:00,0,2022-05-03,100 MHz,20220328,0.0,108.69839477539062,109.1152572631836,0.8620336902417273,0.4635387268066406,11,2.190136162593246,0.5645281473795574,2.308734846432562,2.420431887699845,106.43667232560098,111.37697971297324,0.5210800170898438,0.0,0.9819961261426853,0.6952967788696288,8.0,0.0,2.190136162593246,0.5645281473795574,0.0,0.0,0.0,0.0,0.0,0.0,certain_cold,223.44532775878906,223.44532775878906,POINT (541949.005762276 8673876.033527438),dronbreen
dronbreen-20220328-DAT_0226_A1_1,3740.0,3563,108.38573455810547,541950.7495498912,8673880.9730371,331.77074178059894,2022-03-28 10:55:09.666666752+00:00,0,2022-05-03,100 MHz,20220328,0.0,108.38573455810547,108.80260467529297,0.8382236012702846,0.46351610412597655,11,2.183929253039127,0.5645033518473308,2.302836988436445,2.4064143081052016,106.13002823490493,111.05831099849351,0.5210800170898438,0.0,0.9509913562267895,0.6953024345397949,8.0,0.0,2.183929253039127,0.5645033518473308,0.0,0.0,0.0,0.0,0.0,0.0,certain_cold,223.38500722249347,223.38500722249347,POINT (541950.7495498912 8673880.9730371),dronbreen
dronbreen-20220328-DAT_0226_A1_1,3745.0,3567,108.17731475830078,541952.4330905267,8673885.491948506,331.4410095214844,2022-03-28 10:55:11+00:00,0,2022-05-03,100 MHz,20220328,0.0,108.17731475830078,108.59417724609375,0.831718186296456,0.4635387268066406,11,2.1797918642215803,0.4515844980875652,2.2738270122173128,2.376378814847468,105.951237237135,110.82025476725953,0.5210800170898438,0.0,0.942797481702154,0.6952967788696288,8.0,0.0,2.1797918642215803,0.4515844980875652,0.0,0.0,0.0,0.0,0.0,0.0,certain_cold,223.2636947631836,223.2636947631836,POINT (541952.4330905267 8673885.491948506),dronbreen
dronbreen-20220328-DAT_0226_A1_1,3750.0,3572,107.96888732910156,541954.026879601,8673890.14098579,331.11205618722096,2022-03-28 10:55:12.285714432+00:00,0,2022-05-03,100 MHz,20220328,0.0,107.86465454101562,108.38573455810547,0.8112888574278219,0.6180177017211914,11,2.1756544423307878,0.5645033518473307,2.331111787607215,2.3896288198938143,105.61695876830069,110.6334303308204,0.6253204345703125,0.0,0.9029775724497376,0.7725362663269043,8.0,0.0,2.1756544423307878,0.5645033518473307,0.0,0.0,0.0,0.0,0.0,0.0,certain_cold,223.1431688581194,223.1431688581194,POINT (541954.026879601 8673890.14098579),dronbreen
dronbreen-20220328-DAT_0226_A1_1,3755.0,3576,107.65623474121094,541955.3364312218,8673894.435539396,330.8185817173549,2022-03-28 10:55:13.428571392+00:00,0,2022-05-03,100 MHz,20220328,0.0,107.65623474121094,108.17731475830078,0.8224100120819119,0.6180516357421875,11,2.169448305782345,0.6774304707845054,2.3552931491966764,2.4169766697636477,105.38347914629774,110.45007035321397,0.5210952758789062,0.0,0.9081177119997174,0.7725532333374023,8.0,0.0,2.169448305782345,0.6774304707845054,0.0,0.0,0.0,0.0,0.0,0.0,certain_cold,223.16234697614397,223.16234697614397,POINT (541955.3364312218 8673894.435539396),dronbreen
dronbreen-20220328-DAT_0226_A1_1,3760.0,3581,107.34356689453125,541957.1428609869,8673900.154636277,330.4317321777344,2022-03-28 10:55:15+00:00,0,2022-05-03,100 MHz,20220328,0.0,107.34356689453125,107.86465454101562,0.8301750337415983,0.6180290130615234,11,2.1632421365756267,0.5645198822021485,2.3195385532134645,2.3848458703877853,105.10787925112983,110.10034218441704,0.5210800170898438,0.0,0.920313500303239,0.7725588890075683,8.0,0.0,2.1632421365756267,0.5645198822021485,0.0,0.0,0.0,0.0,0.0,0.0,certain_cold,223.08816528320312,223.08816528320312,POINT (541957.1428609869 8673900.154636277),dronbreen
dronbreen-20220328-DAT_0226_A1_1,3765.0,3585,107.13513946533203,541958.5861717856,8673904.80562673,330.1229248046875,2022-03-28 10:55:16.249999872+00:00,0,2022-05-03,100 MHz,20220328,0.0,107.13513946533203,107.65623474121094,0.8275567066083501,0.6180629470825195,11,2.1591051950524456,0.5645033518473307,2.315685877684117,2.3801784345300225,104.90345864640892,109.88791556013405,0.62530517578125,0.0,0.9160917359793392,0.7725702003479004,8.0,0.0,2.1591051950524456,0.5645033518473307,0.0,0.0,0.0,0.0,0.0,0.0,certain_cold,222.98778533935547,222.98778533935547,POINT (541958.5861717856 8673904.80562673),dronbreen
dronbreen-20220328-DAT_0226_A1_1,3770.0,3589,106.8224868774414,541959.8605254608,8673908.737968588,329.8640950520833,2022-03-28 10:55:17.333333248+00:00,0,2022-05-03,100 MHz,20220328,0.0,106.8224868774414,107.44779968261719,0.8485263472096333,0.6180516357421875,11,2.152899784261324,0.5645033518473307,2.3098981232433005,2.3819400658346233,104.59680911205862,109.67347744799997,0.5210800170898438,0.0,0.9337048615647181,0.8498209991455078,8.0,0.0,2.152899784261324,0.5645033518473307,0.0,0.0,0.0,0.0,0.0,0.0,certain_cold,223.0416081746419,223.0416081746419,POINT (541959.8605254608 8673908.737968588),dronbreen
dronbreen-20220328-DAT_0226_A1_1,3775.0,3593,106.61405944824219,541961.4176549901,8673913.625139896,329.548583984375,2022-03-28 10:55:18.666666752+00:00,0,2022-05-03,100 MHz,20220328,0.0,106.61405944824219,107.2393569946289,0.8485266283332256,0.6180516357421875,11,2.148763148607433,0.5645033518473307,2.3060431321863417,2.378201955690633,104.39238280591545,109.46103363695565,0.5210952758789062,0.0,0.9337026566157849,0.8498096878051757,8.0,0.0,2.148763148607433,0.5645033518473307,0.0,0.0,0.0,0.0,0.0,0.0,certain_cold,222.9345245361328,222.9345245361328,POINT (541961.4176549901 8673913.625139896),dronbreen
dronbreen-20220328-DAT_0226_A1_1,3780.0,3598,106.30140686035156,541963.1237733719,8673919.110707046,329.18362862723217,2022-03-28 10:55:20.142856960+00:00,0,2022-05-03,100 MHz,20220328,0.0,106.30140686035156,106.92670440673828,0.8374001282046627,0.6180516357421875,11,2.142558199955371,0.5645198822021485,2.3002665415210304,2.3686446150308647,104.08572675311642,109.14238451397343,0.521087646484375,0.0,0.9337056827183398,0.8498153434753417,8.0,0.0,2.142558199955371,0.5645198822021485,0.0,0.0,0.0,0.0,0.0,0.0,certain_cold,222.8822217668806,222.8822217668806,POINT (541963.1237733719 8673919.110707046),dronbreen
dronbreen-20220328-DAT_0226_A1_1,3785.0,3602,106.09296417236328,541964.4750808856,8673923.583810667,328.8870442708333,2022-03-28 10:55:21.333333248+00:00,0,2022-05-03,100 MHz,20220328,0.0,106.09296417236328,106.61405944824219,0.856058848032558,0.4635387268066406,11,2.13842157180275,0.45161755879720056,2.2342053149643184,2.3472626588134777,103.9073738086022,108.79964981200327,0.521087646484375,0.0,0.9566872730935095,0.7725645446777343,8.0,0.0,2.13842157180275,0.45161755879720056,0.0,0.0,0.0,0.0,0.0,0.0,certain_cold,222.79408009847003,222.79408009847003,POINT (541964.4750808856 8673923.583810667),dronbreen
dronbreen-20220328-DAT_0226_A1_1,3790.0,3606,105.88452911376953,541965.8498431077,8673928.58935635,328.5719807942708,2022-03-28 10:55:22.666666752+00:00,0,2022-05-03,100 MHz,20220328,0.0,105.78031921386719,106.40562438964844,0.8584770784833982,0.46355003814697265,11,2.1342852204562264,0.5645116170247396,2.2558203398940773,2.368718991838238,103.57264016835043,108.6133034351652,0.5210800170898438,0.0,0.9563841651120673,0.7725645446777343,8.0,0.0,2.1342852204562264,0.5645116170247396,0.0,0.0,0.0,0.0,0.0,0.0,certain_cold,222.68745168050128,222.68745168050128,POINT (541965.8498431077 8673928.58935635),dronbreen
dronbreen-20220328-DAT_0226_A1_1,3795.0,3611,105.5718765258789,541967.0078962102,8673933.588132571,328.2698669433594,2022-03-28 10:55:24+00:00,0,2022-05-03,100 MHz,20220328,0.0,105.46766662597656,106.09296417236328,0.8675168903286915,0.4635387268066406,11,2.128080930152368,0.6773974100748698,2.280891020567145,2.3958675362924122,103.23437405749067,108.32625674084917,0.5210800170898438,0.0,0.9776446438532411,0.695313745880127,8.0,0.0,2.128080930152368,0.6773974100748698,0.0,0.0,0.0,0.0,0.0,0.0,certain_cold,222.69799041748047,222.69799041748047,POINT (541967.0078962102 8673933.588132571),dronbreen
dronbreen-20220328-DAT_0226_A1_1,3800.0,3615,105.25923919677734,541967.9784448324,8673938.403817678,327.9793919154576,2022-03-28 10:55:25.285714432+00:00,0,2022-05-03,100 MHz,20220328,0.0,105.25923919677734,105.67610931396484,0.8482953740864049,0.3090371292114258,11,2.121877228897505,0.6773974100748698,2.248718340059763,2.383450286325748,103.0318572749485,107.90349123579368,0.4168701171875,0.0,0.948644999173381,0.5407951812744141,8.0,0.0,2.121877228897505,0.6773974100748698,0.0,0.0,0.0,0.0,0.0,0.0,certain_cold,222.72015271868025,222.72015271868025,POINT (541967.9784448324 8673938.403817678),dronbreen
dronbreen-20220328-DAT_0226_A1_1,3805.0,3619,104.94658660888672,541968.8071567343,8673942.683364226,327.72178867885043,2022-03-28 10:55:26.428571392+00:00,0,2022-05-03,100 MHz,20220328,0.0,104.94658660888672,105.25923919677734,0.8216861482968673,0.3090371292114258,11,2.115673513645861,0.6774222056070964,2.2428729808492154,2.368574125353722,102.72510618786289,107.48071961780117,0.31266021728515625,0.0,0.9183087435291313,0.46352741546630855,8.0,0.0,2.115673513645861,0.6774222056070964,0.0,0.0,0.0,0.0,0.0,0.0,certain_cold,222.7752020699637,222.7752020699637,POINT (541968.8071567343 8673942.683364226),dronbreen
dronbreen-20220328-DAT_0226_A1_1,3810.0,3624,104.63392639160156,541969.9524371504,8673948.38182612,327.3862609863281,2022-03-28 10:55:28+00:00,0,2022-05-03,100 MHz,20220328,0.0,104.63392639160156,104.84236907958984,0.8480597269228382,0.3090371292114258,11,2.109469938361113,0.6774139404296875,2.237019672414383,2.37233184187334,102.4183557952229,107.05793967596851,0.2084197998046875,0.0,0.9501756968949561,0.3090201622009277,8.0,0.0,2.109469938361113,0.6774139404296875,0.0,0.0,0.0,0.0,0.0,0.0,certain_cold,222.75233459472656,222.75233459472656,POINT (541969.9524371504 8673948.38182612),dronbreen
dronbreen-20220328-DAT_0226_A1_1,3815.0,3629,104.32128143310547,541970.8632621054,8673953.1247532,327.09832763671875,2022-03-28 10:55:29.333333248+00:00,0,2022-05-03,100 MHz,20220328,0.0,104.2170639038086,104.42550659179688,0.8454974878033582,0.1545242202758789,11,2.103266959740983,0.5644950866699219,2.1831775790036936,2.336076327668758,102.03936176466914,106.60320873093633,0.20842742919921875,0.0,0.9411541200149065,0.2317693634033203,8.0,0.0,2.103266959740983,0.6774056752522787,0.0,0.0,0.0,0.0,0.0,0.0,certain_cold,222.77704620361328,222.77704620361328,POINT (541970.8632621054 8673953.1247532),dronbreen
dronbreen-20220328-DAT_0226_A1_1,3820.0,3633,104.11285400390625,541971.7319670754,8673957.990429847,326.77783203125,2022-03-28 10:55:30.666666752+00:00,0,2022-05-03,100 MHz,20220328,0.0,104.00862884521484,104.11285400390625,0.8369280301120007,0.1545242202758789,11,2.0991318556811716,0.5645198822021485,2.1792005367998777,2.3292672179301714,101.83491376615387,106.28656908296722,0.20844268798828125,0.0,0.9250451406682002,0.1545185646057129,8.0,0.0,2.09706412627384,0.6774139404296875,0.0,0.0,0.0,0.0,0.0,0.0,certain_cold,222.66497802734375,222.66497802734375,POINT (541971.7319670754 8673957.990429847),dronbreen
dronbreen-20220328-DAT_0226_A1_1,3825.0,3637,103.80018615722656,541972.4877421728,8673962.444936667,326.4658639090402,2022-03-28 10:55:31.857143040+00:00,0,2022-05-03,100 MHz,20220328,0.0,103.69597625732422,103.90441131591797,0.8584779625732643,0.30902581787109373,11,2.092928918647252,0.6774139404296875,2.221427032632252,2.3614032941076317,101.49614874017692,106.10423883306527,0.2084197998046875,0.0,0.9596236948881564,0.23176370773315427,8.0,0.0,2.0908615919720317,0.5645033518473307,0.0,0.0,0.0,0.0,0.0,0.0,certain_cold,222.66567775181363,222.66567775181363,POINT (541972.4877421728 8673962.444936667),dronbreen
dronbreen-20220328-DAT_0226_A1_1,3830.0,3642,103.487548828125,541973.3774258059,8673967.70340367,326.09827423095703,2022-03-28 10:55:33.249999872+00:00,0,2022-05-03,100 MHz,20220328,0.0,103.3833236694336,103.59176635742188,0.8654666352572454,0.1545242202758789,11,2.086726887971069,0.7903079986572267,2.236714906369357,2.3933341460119,101.15195282671762,105.82313720013785,0.41687774658203125,0.0,0.9648649501377831,0.3862935836791992,8.0,0.0,2.086726887971069,0.6774139404296875,0.0,0.0,0.0,0.0,0.0,0.0,certain_cold,222.61072540283203,222.61072540283203,POINT (541973.3774258059 8673967.70340367),dronbreen
dronbreen-20220328-DAT_0226_A1_1,3835.0,3647,103.07067108154297,541974.371595254,8673973.146804193,325.7557678222656,2022-03-28 10:55:34.666666752+00:00,0,2022-05-03,100 MHz,20220328,0.0,102.96646118164062,103.27910614013672,0.880731268902744,0.30902581787109373,11,2.078457431577526,0.6774139404296875,2.207797974833572,2.3568119376800856,100.7803973807491,105.46516994102825,0.5210800170898438,0.0,0.9760537580874099,0.540789525604248,8.0,0.0,2.078457431577526,0.6774139404296875,0.0,0.0,0.0,0.0,0.0,0.0,certain_cold,222.68509674072266,222.68509674072266,POINT (541974.371595254 8673973.146804193),dronbreen
dronbreen-20220328-DAT_0226_A1_1,3840.0,3650,102.86224365234375,541975.0928032859,8673977.015355386,325.53814697265625,2022-03-28 10:55:35.666666752+00:00,0,2022-05-03,100 MHz,20220328,0.0,102.75802612304688,103.07067108154297,0.8879884801384319,0.46352741546630855,11,2.074323134826793,0.5645033518473307,2.1991676077128366,2.3259415389865428,100.60826322869677,105.22043397589307,0.4168701171875,0.0,0.9909439787950342,0.540789525604248,8.0,0.0,2.074323134826793,0.5645033518473307,0.0,0.0,0.0,0.0,0.0,0.0,certain_cold,222.6759033203125,222.6759033203125,POINT (541975.0928032859 8673977.015355386),dronbreen
dronbreen-20220328-DAT_0226_A1_1,3845.0,3654,102.54959106445312,541976.0193952901,8673982.068941917,325.2628479003906,2022-03-28 10:55:37+00:00,0,2022-05-03,100 MHz,20220328,0.0,102.44537353515625,102.86224365234375,0.8920948744597771,0.4635387268066406,11,2.0681217205461158,0.5645033518473307,2.1933215989660564,2.321987241627073,100.3015938157724,105.0060233717276,0.312652587890625,0.0,0.9902609727447466,0.4635387268066406,8.0,0.0,2.0681217205461158,0.6774139404296875,0.0,0.0,0.0,0.0,0.0,0.0,certain_cold,222.7132568359375,222.7132568359375,POINT (541976.0193952901 8673982.068941917),dronbreen
dronbreen-20220328-DAT_0226_A1_1,3850.0,3658,102.3411636352539,541977.0116454341,8673987.062549647,324.9677225748698,2022-03-28 10:55:38.333333248+00:00,0,2022-05-03,100 MHz,20220328,0.0,102.2369384765625,102.65380096435547,0.8905403066636376,0.4635387268066406,11,2.063987768783315,0.5645033518473307,2.1894240555871125,2.3177082607020587,100.09714653715952,104.79359290375845,0.20844268798828125,0.0,0.9992253870816461,0.38627661666870117,8.0,0.0,2.061920618167482,0.5645033518473307,0.0,0.0,0.0,0.0,0.0,0.0,certain_cold,222.6265589396159,222.6265589396159,POINT (541977.0116454341 8673987.062549647),dronbreen
dronbreen-20220328-DAT_0226_A1_1,3855.0,3663,102.02851104736328,541978.0846032922,8673992.229268845,324.65579986572266,2022-03-28 10:55:39.750000128+00:00,0,2022-05-03,100 MHz,20220328,0.0,102.02851104736328,102.3411636352539,0.8993700407485181,0.3090145065307617,11,2.057786875897689,0.33870697021484375,2.1082455273367335,2.2711397377715183,99.94303526512823,104.42663941748896,0.20844268798828125,0.0,1.0149259842446814,0.38628792800903317,8.0,0.0,2.057786875897689,0.225796381632487,0.0,0.0,0.0,0.0,0.0,0.0,certain_cold,222.62728881835938,222.62728881835938,POINT (541978.0846032922 8673992.229268845),dronbreen
dronbreen-20220328-DAT_0226_A1_1,3860.0,3667,102.02851104736328,541979.0459863484,8673996.679129295,324.3974914550781,2022-03-28 10:55:41+00:00,0,2022-05-03,100 MHz,20220328,0.0,101.71585845947266,102.13272094726562,0.8732987574879796,0.4635387268066406,11,2.057786875897689,0.45161755879720056,2.1571540040711596,2.2805911439494726,99.60909666799486,104.23948273874342,0.5210952758789062,0.0,0.9902558683775707,0.5408064926147461,8.0,0.0,2.057786875897689,0.45161755879720056,0.0,0.0,0.0,0.0,0.0,0.0,certain_cold,222.36898040771484,222.36898040771484,POINT (541979.0459863484 8673996.679129295),dronbreen
dronbreen-20220328-DAT_0226_A1_1,3865.0,3673,101.61163330078125,541980.3502486679,8674002.302816033,324.0788879394531,2022-03-28 10:55:42.666666752+00:00,0,2022-05-03,100 MHz,20220328,0.0,101.29898071289062,101.92428588867188,0.9025471955343136,0.4635387268066406,11,2.0495193604406317,0.6774139404296875,2.207778840092226,2.339660380413428,99.14041191493457,104.08285468662793,0.5210800170898438,0.0,1.0347000148901018,0.6180459800720215,8.0,0.0,2.0495193604406317,0.5645198822021485,0.0,0.0,0.0,0.0,0.0,0.0,certain_cold,222.46725463867188,222.46725463867188,POINT (541980.3502486679 8674002.302816033),dronbreen
dronbreen-20220328-DAT_0226_A1_1,3870.0,3677,101.40320587158203,541981.2884188804,8674006.984575195,323.80889892578125,2022-03-28 10:55:44+00:00,0,2022-05-03,100 MHz,20220328,0.0,101.0905532836914,101.820068359375,0.8914263740956828,0.6180403244018554,11,2.0453860428813386,0.5645033518473307,2.210032113171074,2.3015014836176033,98.9686984114957,103.94192323157071,0.62530517578125,0.0,1.0192110492870472,0.6180572914123534,8.0,0.0,2.047452608155314,0.5645033518473307,0.0,0.0,0.0,0.0,0.0,0.0,certain_cold,222.40569305419922,222.40569305419922,POINT (541981.2884188804 8674006.984575195),dronbreen
dronbreen-20220328-DAT_0226_A1_1,3875.0,3682,101.0905532836914,541982.1991512245,8674011.727509301,323.5187581380208,2022-03-28 10:55:45.333333248+00:00,0,2022-05-03,100 MHz,20220328,0.0,100.77790069580078,101.71585845947266,0.912666094979952,0.9270774536132812,11,2.0391861085445684,0.6774139404296875,2.3402226896104787,2.3345511416320637,98.62914067384169,103.86461848143175,0.729522705078125,0.0,1.056956456563776,0.8498209991455078,8.0,0.0,2.0391861085445684,0.7903079986572266,0.0,0.0,0.0,0.0,0.0,0.0,certain_cold,222.4282048543294,222.4282048543294,POINT (541982.1991512245 8674011.727509301),dronbreen
dronbreen-20220328-DAT_0226_A1_1,3880.0,3686,100.77790069580078,541983.0971302915,8674016.47004672,323.23199462890625,2022-03-28 10:55:46.666666752+00:00,0,2022-05-03,100 MHz,20220328,0.0,100.46524810791016,101.40320587158203,0.9392140231376077,0.9270774536132812,11,2.0329864995766878,0.5645198822021485,2.304601789867544,2.309510724400502,98.35533891439907,103.51311506509312,0.729522705078125,0.0,1.0822472460559205,0.6953080902099609,8.0,0.0,2.0329864995766878,0.5645198822021485,0.0,0.0,0.0,0.0,0.0,0.0,certain_cold,222.45409393310547,222.45409393310547,POINT (541983.0971302915 8674016.47004672),dronbreen
dronbreen-20220328-DAT_0226_A1_1,3885.0,3690,100.5694580078125,541984.0147837028,8674021.399296643,322.94122314453125,2022-03-28 10:55:48+00:00,0,2022-05-03,100 MHz,20220328,0.0,100.15259552001953,100.98633575439453,0.9161188067185493,0.6180629470825195,11,2.0288534578904573,0.6774139404296875,2.2264630710700932,2.3268884090789483,98.01363876489741,103.12529250951665,0.8337249755859375,0.0,1.0546576794219462,0.6180459800720215,8.0,0.0,2.0288534578904573,0.6774139404296875,0.0,0.0,0.0,0.0,0.0,0.0,certain_cold,222.37176513671875,222.37176513671875,POINT (541984.0147837028 8674021.399296643),dronbreen
dronbreen-20220328-DAT_0226_A1_1,3890.0,3696,100.15259552001953,541985.1283115569,8674026.884101668,322.65291486467635,2022-03-28 10:55:49.571428608+00:00,0,2022-05-03,100 MHz,20220328,0.0,99.73573303222656,100.5694580078125,0.9219195763228635,0.6180403244018554,11,2.020588269727075,0.7903079986572266,2.255956012666691,2.3573924988655524,97.56608704992894,102.73910399011012,0.8337326049804688,0.0,1.060524683287019,0.8498209991455078,8.0,0.0,2.020588269727075,0.7903079986572266,0.0,0.0,0.0,0.0,0.0,0.0,certain_cold,222.50031934465682,222.50031934465682,POINT (541985.1283115569 8674026.884101668),dronbreen
dronbreen-20220328-DAT_0226_A1_1,3895.0,3701,99.8399429321289,541986.1806488226,8674031.702360388,322.40509033203125,2022-03-28 10:55:51+00:00,0,2022-05-03,100 MHz,20220328,0.0,99.31886291503906,100.25682067871094,0.9303422739981518,0.7725532333374023,11,2.0143896549268474,0.5645033518473307,2.23008255776849,2.2895341148170796,97.22687110909833,102.34881248465167,0.9379501342773438,0.0,1.0740632990421202,0.7725702003479004,8.0,0.0,2.0143896549268474,0.5645033518473307,0.0,0.0,0.0,0.0,0.0,0.0,certain_cold,222.56514739990234,222.56514739990234,POINT (541986.1806488226 8674031.702360388),dronbreen
dronbreen-20220328-DAT_0226_A1_1,3900.0,3705,99.63151550292969,541987.1500745844,8674036.199004374,322.1625061035156,2022-03-28 10:55:52.333333248+00:00,0,2022-05-03,100 MHz,20220328,0.0,99.00621032714844,100.04837799072266,0.9464417438545756,0.7725532333374023,11,2.010257583635542,0.5645033518473307,2.2263508450267118,2.292498977387246,96.91819701617288,102.13639130169821,1.0421676635742188,0.0,1.084487085224333,0.7725588890075683,8.0,0.0,2.010257583635542,0.5645033518473307,0.0,0.0,0.0,0.0,0.0,0.0,uncertain_cold,222.53099060058594,222.53099060058594,POINT (541987.1500745844 8674036.199004374),dronbreen
dronbreen-20220328-DAT_0226_A1_1,3905.0,3710,99.31886291503906,541988.192451915,8674041.116648637,321.8858642578125,2022-03-28 10:55:53.750000128+00:00,0,2022-05-03,100 MHz,20220328,0.0,98.69355773925781,99.73573303222656,0.9336281077386341,0.6180516357421875,11,2.004059533121341,0.6774139404296875,2.203890215828955,2.31231609053404,96.57810406238777,101.85118670909661,1.04217529296875,0.0,1.0773100822289654,0.6180516357421875,8.0,0.0,2.004059533121341,0.6774139404296875,0.0,0.0,0.0,0.0,0.0,0.0,uncertain_cold,222.56700134277344,222.56700134277344,POINT (541988.192451915 8674041.116648637),dronbreen
dronbreen-20220328-DAT_0226_A1_1,3910.0,3714,99.00621032714844,541989.230232029,8674045.568907099,321.6290588378906,2022-03-28 10:55:55+00:00,0,2022-05-03,100 MHz,20220328,0.0,98.38090515136719,99.4230728149414,0.9377404009534832,0.7725532333374023,11,1.997861825386686,0.6774139404296875,2.2465929801292384,2.308613995367415,96.27132189393791,101.53265607237068,1.0421676635742188,0.0,1.0758655790378742,0.6180459800720215,8.0,0.0,1.997861825386686,0.6774139404296875,0.0,0.0,0.0,0.0,0.0,0.0,uncertain_cold,222.6228485107422,222.6228485107422,POINT (541989.230232029 8674045.568907099),dronbreen
dronbreen-20220328-DAT_0226_A1_1,3915.0,3719,98.69355773925781,541990.4802746346,8674051.05798517,321.31237357003346,2022-03-28 10:55:56.428571392+00:00,0,2022-05-03,100 MHz,20220328,0.0,97.96404266357422,99.00621032714844,0.9280046053062507,0.6180629470825195,11,1.9916644636315841,0.7903162638346355,2.2300961726191884,2.3350630997992394,95.82130443117754,101.14894855954512,1.1463851928710938,0.0,1.062443136600106,0.6180572914123534,8.0,0.0,1.9916644636315841,0.7903162638346355,0.0,0.0,0.0,0.0,0.0,0.0,uncertain_cold,222.61881583077565,222.61881583077565,POINT (541990.4802746346 8674051.05798517),dronbreen
dronbreen-20220328-DAT_0226_A1_1,3920.0,3723,98.27668762207031,541991.5655765692,8674055.753215404,321.0530293782552,2022-03-28 10:55:57.666666752+00:00,0,2022-05-03,100 MHz,20220328,0.0,97.65138244628906,98.58934783935547,0.9414207955434288,0.6180403244018554,11,1.9834018584206268,1.1290232340494792,2.3644344434973648,2.4687749004904362,95.36915187182689,100.87157841381764,1.0421676635742188,0.0,1.068632694496735,0.6180403244018554,8.0,0.0,1.9834018584206268,1.1290232340494792,0.0,0.0,0.0,0.0,0.0,0.0,uncertain_cold,222.77634175618488,222.77634175618488,POINT (541991.5655765692 8674055.753215404),dronbreen
dronbreen-20220328-DAT_0226_A1_1,3925.0,3728,97.65138244628906,541992.7037162314,8674060.565301228,320.7973327636719,2022-03-28 10:55:59+00:00,0,2022-05-03,100 MHz,20220328,0.0,97.2345199584961,98.17247772216797,0.9338392136026676,0.6180403244018554,11,1.971009131756767,1.2419172922770183,2.4102301551743968,2.5098388863007313,94.90487716220194,100.50212051846212,0.8337249755859375,0.0,1.059793971610322,0.6953080902099609,8.0,0.0,1.971009131756767,1.2419172922770183,0.0,0.0,0.0,0.0,0.0,0.0,certain_cold,223.1459503173828,223.1459503173828,POINT (541992.7037162314 8674060.565301228),dronbreen
dronbreen-20220328-DAT_0226_A1_1,3930.0,3732,97.13030242919922,541993.7290715058,8674065.311830724,320.5336507161458,2022-03-28 10:56:00.333333248+00:00,0,2022-05-03,100 MHz,20220328,0.0,96.81765747070312,97.75559997558594,0.9017789113202647,0.6180516357421875,11,1.9606831105497597,1.1290149688720703,2.345408468556357,2.4356022386330336,94.55514712599036,100.0181103202987,0.521087646484375,0.0,1.0104203646670635,0.7725588890075683,8.0,0.0,1.9606831105497597,1.1290149688720703,0.0,0.0,0.0,0.0,0.0,0.0,certain_cold,223.4033482869466,223.4033482869466,POINT (541993.7290715058 8674065.311830724),dronbreen
dronbreen-20220328-DAT_0226_A1_1,3935.0,3737,96.60921478271484,541994.9197734564,8674070.657270474,320.2341875348772,2022-03-28 10:56:01.857143040+00:00,0,2022-05-03,100 MHz,20220328,0.0,96.29656219482422,97.2345199584961,0.9114730671924719,1.081579051208496,11,1.9503579549336814,1.2419255574544272,2.5526630186228365,2.48536886494718,93.98436081029224,99.54672134302807,0.41686248779296875,0.0,0.998061233550658,0.8498096878051757,8.0,0.0,1.9503579549336814,1.2419255574544272,0.0,0.0,0.0,0.0,0.0,0.0,certain_cold,223.62497275216236,223.62497275216236,POINT (541994.9197734564 8674070.657270474),dronbreen
dronbreen-20220328-DAT_0226_A1_1,3940.0,3742,95.9839096069336,541996.0447363122,8674075.511041557,319.9578552246094,2022-03-28 10:56:03.249999872+00:00,0,2022-05-03,100 MHz,20220328,0.0,95.77548217773438,96.81765747070312,0.8872093974716181,1.081579051208496,11,1.9379691332353048,1.2419172922770183,2.543205883573438,2.4668245655480714,93.47372569143322,99.11941395700428,0.20842742919921875,0.0,0.9465985485998011,0.7725645446777343,8.0,0.0,1.9379691332353048,1.2419172922770183,0.0,0.0,0.0,0.0,0.0,0.0,certain_cold,223.97394561767578,223.97394561767578,POINT (541996.0447363122 8674075.511041557),dronbreen
dronbreen-20220328-DAT_0226_A1_1,3945.0,3747,95.46282958984375,541997.2966543612,8674080.559313096,319.66869099934894,2022-03-28 10:56:04.666666752+00:00,0,2022-05-03,100 MHz,20220328,0.0,95.35861206054688,96.29656219482422,0.8624950216309938,1.236103271484375,11,1.9276464233151833,0.9032103220621746,2.4616175407592973,2.2968472481942994,93.22985429621589,98.4253199591552,0.104217529296875,0.0,0.8978097129440772,0.6953080902099609,8.0,0.0,1.9276464233151833,0.9032103220621746,0.0,0.0,0.0,0.0,0.0,0.0,certain_cold,224.2058614095052,224.2058614095052,POINT (541997.2966543612 8674080.559313096),dronbreen
dronbreen-20220328-DAT_0226_A1_1,3950.0,3751,95.15017700195312,541998.5131578731,8674085.31182299,319.393310546875,2022-03-28 10:56:06+00:00,0,2022-05-03,100 MHz,20220328,0.0,94.9417495727539,95.9839096069336,0.8167473352670758,1.236103271484375,11,1.9214532191550238,0.6774139404296875,2.3830282033295482,2.194982535182353,92.9043806517949,98.0212785278926,0.20842742919921875,0.0,0.8393017697059743,0.7725588890075683,8.0,0.0,1.9214532191550238,0.6774139404296875,0.0,0.0,0.0,0.0,0.0,0.0,certain_cold,224.24313354492188,224.24313354492188,POINT (541998.5131578731 8674085.31182299),dronbreen
dronbreen-20220328-DAT_0226_A1_1,3955.0,3756,94.8375244140625,541999.7048040421,8674090.042880816,319.12560696072046,2022-03-28 10:56:07.333333248+00:00,0,2022-05-03,100 MHz,20220328,0.0,94.420654296875,95.46282958984375,0.7559736138269069,0.9270661422729491,11,1.915260403912523,0.5645033518473307,2.2014400017240714,2.13503689753703,92.42393537598453,97.45954851073422,0.4168701171875,0.0,0.7388970197674636,0.7725645446777343,8.0,0.0,1.915260403912523,0.5645033518473307,0.0,0.0,0.0,0.0,0.0,0.0,certain_cold,224.28808254665796,224.28808254665796,POINT (541999.7048040421 8674090.042880816),dronbreen
dronbreen-20220328-DAT_0226_A1_1,3960.0,3760,94.62909698486328,542000.7836687746,8674094.70838033,318.8681471082899,2022-03-28 10:56:08.666666752+00:00,0,2022-05-03,100 MHz,20220328,0.0,94.1080093383789,95.15017700195312,0.7136474404723004,0.9270774536132812,11,1.9111322294567334,0.4516092936197917,2.17160078226872,2.089418584641358,92.14424322385507,97.11394311647696,0.521087646484375,0.0,0.6980000654064736,0.8498209991455078,8.0,0.0,1.9111322294567334,0.4516092936197917,0.0,0.0,0.0,0.0,0.0,0.0,certain_cold,224.23905012342664,224.23905012342664,POINT (542000.7836687746 8674094.70838033),dronbreen
dronbreen-20220328-DAT_0226_A1_1,3965.0,3764,94.420654296875,542001.8625335072,8674099.373879842,318.6106872558594,2022-03-28 10:56:10+00:00,0,2022-05-03,100 MHz,20220328,0.0,93.79534912109375,94.73331451416016,0.6670207537887672,0.7725645446777343,11,1.907003928454263,0.7903162638346355,2.2041142791866863,2.1693732887648602,91.73106624803067,96.79759738722323,0.62530517578125,0.0,0.6296294869272092,0.6953024345397949,8.0,0.0,1.907003928454263,0.7903162638346355,0.0,0.0,0.0,0.0,0.0,0.0,certain_cold,224.19003295898438,224.19003295898438,POINT (542001.8625335072 8674099.373879842),dronbreen
dronbreen-20220328-DAT_0226_A1_1,3970.0,3769,93.89957427978516,542002.7495579417,8674104.05405995,318.3622741699219,2022-03-28 10:56:11.333333248+00:00,0,2022-05-03,100 MHz,20220328,0.0,93.37848663330078,94.31644439697266,0.6345501168446275,0.7725532333374023,11,1.8966844808691707,1.1290149688720703,2.3385733510512843,2.296680358842886,91.1712062206873,96.52372480958614,0.521087646484375,0.0,0.5842531603564008,0.540789525604248,8.0,0.0,1.8966844808691707,1.1290149688720703,0.0,0.0,0.0,0.0,0.0,0.0,certain_cold,224.46269989013672,224.46269989013672,POINT (542002.7495579417 8674104.05405995),dronbreen
dronbreen-20220328-DAT_0226_A1_1,3975.0,3774,93.37848663330078,542003.9458133117,8674109.860497268,318.109619140625,2022-03-28 10:56:13+00:00,0,2022-05-03,100 MHz,20220328,0.0,92.96162414550781,93.6911392211914,0.6031166347050595,0.6180516357421875,11,1.8863660054109896,0.9032185872395834,2.1808641285391617,2.176678707977647,90.87016998088806,95.78259338581115,0.41686248779296875,0.0,0.531219563709869,0.38627661666870117,8.0,0.0,1.8863660054109896,0.9032185872395834,0.0,0.0,0.0,0.0,0.0,0.0,certain_cold,224.73113250732422,224.73113250732422,POINT (542003.9458133117 8674109.860497268),dronbreen
dronbreen-20220328-DAT_0226_A1_1,3980.0,3778,93.06583404541016,542004.9963574252,8674114.359694665,317.9094924926758,2022-03-28 10:56:14.249999872+00:00,0,2022-05-03,100 MHz,20220328,0.0,92.64896392822266,93.37848663330078,0.5975245917937219,0.7725645446777343,11,1.8801754669783162,0.7903162638346355,2.1809437313240756,2.125251801859469,90.60943957595111,95.41801098557232,0.4168701171875,0.0,0.5458083994513534,0.54080083694458,8.0,0.0,1.8801754669783162,0.7903162638346355,0.0,0.0,0.0,0.0,0.0,0.0,certain_cold,224.84365844726562,224.84365844726562,POINT (542004.9963574252 8674114.359694665),dronbreen
dronbreen-20220328-DAT_0226_A1_1,3985.0,3783,92.64896392822266,542006.0219614353,8674119.044211654,317.70445251464844,2022-03-28 10:56:15.500000+00:00,0,2022-05-03,100 MHz,20220328,0.0,92.23210144042969,92.85740661621094,0.5915443775412682,0.7725532333374023,11,1.8719220621567667,0.7903079986572266,2.173825530687987,2.116271175944028,90.20018634881517,94.88932170782546,0.41686248779296875,0.0,0.53648764535976,0.6180459800720215,8.0,0.0,1.8719220621567667,0.7903079986572266,0.0,0.0,0.0,0.0,0.0,0.0,certain_cold,225.05548858642578,225.05548858642578,POINT (542006.0219614353 8674119.044211654),dronbreen
dronbreen-20220328-DAT_0226_A1_1,3990.0,3787,92.33631896972656,542006.9919316579,8674123.416826265,317.5085042317708,2022-03-28 10:56:16.666666752+00:00,0,2022-05-03,100 MHz,20220328,0.0,91.91944885253906,92.54475402832031,0.5659546324294416,0.6180516357421875,11,1.865732649752272,0.9032020568847656,2.1630349281405743,2.148729141115941,89.84659278519804,94.61761009566133,0.4168701171875,0.0,0.5223854796690575,0.5407951812744141,8.0,0.0,1.865732649752272,0.9032020568847656,0.0,0.0,0.0,0.0,0.0,0.0,certain_cold,225.17218526204425,225.17218526204425,POINT (542006.9919316579 8674123.416826265),dronbreen
dronbreen-20220328-DAT_0226_A1_1,3995.0,3792,91.81523895263672,542008.3372107429,8674129.351994758,317.2215576171875,2022-03-28 10:56:18.333333248+00:00,0,2022-05-03,100 MHz,20220328,0.0,91.50257873535156,92.02366638183594,0.5582280800003097,0.6180516357421875,11,1.855417807819013,1.1290232340494792,2.258153344890256,2.242518069915221,89.33065131837938,94.19559379880812,0.31266021728515625,0.0,0.5128327599154875,0.38628227233886714,8.0,0.0,1.855417807819013,1.1290232340494792,0.0,0.0,0.0,0.0,0.0,0.0,certain_cold,225.40631866455078,225.40631866455078,POINT (542008.3372107429 8674129.351994758),dronbreen
dronbreen-20220328-DAT_0226_A1_1,4000.0,3797,91.29414367675781,542009.3774063276,8674134.130020019,316.9815902709961,2022-03-28 10:56:19.750000128+00:00,0,2022-05-03,100 MHz,20220328,0.0,91.18993377685547,91.60679626464844,0.5471530830736827,0.6180403244018554,11,1.8451038637076773,0.7903162638346355,2.100233774449237,2.0804770032537183,89.182694861143,93.6140351803609,0.10420989990234375,0.0,0.5225723912436544,0.3090201622009277,8.0,0.0,1.8451038637076773,0.7903162638346355,0.0,0.0,0.0,0.0,0.0,0.0,certain_cold,225.68744659423828,225.68744659423828,POINT (542009.3774063276 8674134.130020019),dronbreen
dronbreen-20220328-DAT_0226_A1_1,4005.0,3801,91.0857162475586,542010.1708570444,8674138.435084611,316.7445373535156,2022-03-28 10:56:21+00:00,0,2022-05-03,100 MHz,20220328,0.0,90.87728118896484,91.29414367675781,0.5659569824504059,0.6180403244018554,11,1.8409788379371186,0.5645033518473307,2.02233552076947,2.007031245886208,88.9516989092429,93.21972595647976,0.20843505859375,0.0,0.5314059330556364,0.38628227233886714,8.0,0.0,1.8409788379371186,0.5645033518473307,0.0,0.0,0.0,0.0,0.0,0.0,certain_cold,225.65882110595703,225.65882110595703,POINT (542010.1708570444 8674138.435084611),dronbreen
dronbreen-20220328-DAT_0226_A1_1,4010.0,3806,90.77306365966797,542011.081516442,8674143.581255311,316.4481964111328,2022-03-28 10:56:22.500000+00:00,0,2022-05-03,100 MHz,20220328,0.0,90.35619354248047,90.87728118896484,0.5895401365985425,0.6180516357421875,11,1.8347914416807305,0.7903162638346355,2.0911832190867408,2.082934709492119,88.35842993500675,92.87504479643856,0.4168701171875,0.0,0.585413351673066,0.4635387268066406,8.0,0.0,1.8347914416807305,0.7903162638346355,0.0,0.0,0.0,0.0,0.0,0.0,certain_cold,225.67513275146484,225.67513275146484,POINT (542011.081516442 8674143.581255311),dronbreen
dronbreen-20220328-DAT_0226_A1_1,4015.0,3811,90.35619354248047,542011.9186048342,8674148.632076636,316.14080810546875,2022-03-28 10:56:24+00:00,0,2022-05-03,100 MHz,20220328,0.0,89.9393310546875,90.46041107177734,0.5920464073747181,0.6180403244018554,11,1.8265422756110725,0.9032103220621746,2.1293236985157713,2.12192472037993,87.90167417226736,92.49806795419748,0.41686248779296875,0.0,0.6044818893858809,0.4635330711364746,8.0,0.0,1.8265422756110725,0.9032103220621746,0.0,0.0,0.0,0.0,0.0,0.0,certain_cold,225.78461456298828,225.78461456298828,POINT (542011.9186048342 8674148.632076636),dronbreen
dronbreen-20220328-DAT_0226_A1_1,4020.0,3815,89.9393310546875,542012.5074282655,8674153.054807052,315.8924865722656,2022-03-28 10:56:25.333333248+00:00,0,2022-05-03,100 MHz,20220328,0.0,89.62667846679688,90.14775848388672,0.5878613039627539,0.4635387268066406,11,1.8182940653881787,1.0161209106445312,2.133907955963533,2.164318813384879,87.54372503158164,92.23071191910195,0.312652587890625,0.0,0.6100700536135114,0.38627661666870117,8.0,0.0,1.8182940653881787,1.0161209106445312,0.0,0.0,0.0,0.0,0.0,0.0,certain_cold,225.95315551757812,225.95315551757812,POINT (542012.5074282655 8674153.054807052),dronbreen
dronbreen-20220328-DAT_0226_A1_1,4025.0,3821,89.4182357788086,542013.139760544,8674158.533452274,315.61822509765625,2022-03-28 10:56:27+00:00,0,2022-05-03,100 MHz,20220328,0.0,89.31402587890625,89.73089599609375,0.6112481973947381,0.46352741546630855,11,1.807984611637456,0.7903245290120443,2.026888966363187,2.0656828352615677,87.34085046423174,91.70407141076826,0.10420989990234375,0.0,0.6496413976161135,0.38627661666870117,8.0,0.0,1.807984611637456,0.7903245290120443,0.0,0.0,0.0,0.0,0.0,0.0,certain_cold,226.19998931884766,226.19998931884766,POINT (542013.139760544 8674158.533452274),dronbreen
dronbreen-20220328-DAT_0226_A1_1,4030.0,3825,89.20980072021484,542013.7393795768,8674163.018553967,315.3905843098958,2022-03-28 10:56:28.333333248+00:00,0,2022-05-03,100 MHz,20220328,0.0,88.89714813232422,89.52245330810547,0.6241968215738036,0.4635387268066406,11,1.8038612523739672,0.6774056752522787,1.9818329944598496,2.0254420600804686,86.97028698873339,91.4493144516963,0.312652587890625,0.0,0.6725263230322386,0.540789525604248,8.0,0.0,1.8038612523739672,0.6774056752522787,0.0,0.0,0.0,0.0,0.0,0.0,certain_cold,226.18078358968097,226.18078358968097,POINT (542013.7393795768 8674163.018553967),dronbreen
dronbreen-20220328-DAT_0226_A1_1,4035.0,3830,88.79293823242188,542014.660951192,8674168.630313784,315.0806579589844,2022-03-28 10:56:30+00:00,0,2022-05-03,100 MHz,20220328,0.0,88.58450317382812,89.20980072021484,0.6260914454283153,0.30902581787109373,11,1.7956153129160697,0.7903079986572266,1.9860307250471136,2.0593230884829077,86.6226619252251,91.17164196881787,0.20843505859375,0.0,0.6822604680817678,0.4635330711364746,8.0,0.0,1.7956153129160697,0.7903079986572266,0.0,0.0,0.0,0.0,0.0,0.0,certain_cold,226.2877197265625,226.2877197265625,POINT (542014.660951192 8674168.630313784),dronbreen
dronbreen-20220328-DAT_0226_A1_1,4040.0,3835,88.48028564453125,542015.4373220401,8674173.174117068,314.83555821010043,2022-03-28 10:56:31.285714432+00:00,0,2022-05-03,100 MHz,20220328,0.0,88.2718505859375,88.79293823242188,0.6102800195769144,0.30902581787109373,11,1.7894313004681506,0.6774056752522787,1.9381537049651223,2.0083287903762,86.3584915427992,90.70629727556017,0.20843505859375,0.0,0.6632342828166173,0.38628227233886714,8.0,0.0,1.7894313004681506,0.6774056752522787,0.0,0.0,0.0,0.0,0.0,0.0,certain_cold,226.35527256556918,226.35527256556918,POINT (542015.4373220401 8674173.174117068),dronbreen
dronbreen-20220328-DAT_0226_A1_1,4045.0,3840,88.16764068603516,542016.239457923,8674178.11750695,314.5809762137277,2022-03-28 10:56:32.714285568+00:00,0,2022-05-03,100 MHz,20220328,0.0,87.9592056274414,88.48028564453125,0.6101170796331066,0.46352741546630855,11,1.7832479204128404,0.6774056752522787,1.9630866663012083,2.002771690777745,86.05162821236208,90.38786305961058,0.20843505859375,0.0,0.6530670890945234,0.38627661666870117,8.0,0.0,1.7832479204128404,0.6774056752522787,0.0,0.0,0.0,0.0,0.0,0.0,certain_cold,226.41333552769254,226.41333552769254,POINT (542016.239457923 8674178.11750695),dronbreen
dronbreen-20220328-DAT_0226_A1_1,4050.0,3845,87.85498809814453,542016.9682387197,8674183.264639901,314.3338317871094,2022-03-28 10:56:34.249999872+00:00,0,2022-05-03,100 MHz,20220328,0.0,87.64654541015625,88.16764068603516,0.5965330382620968,0.4635387268066406,11,1.7770648759935712,0.7903245290120443,1.9993600440885273,2.034311701875198,85.70166175434335,90.11252434184806,0.20844268798828125,0.0,0.6496420970052357,0.38628792800903317,8.0,0.0,1.7770648759935712,0.7903245290120443,0.0,0.0,0.0,0.0,0.0,0.0,certain_cold,226.47884368896484,226.47884368896484,POINT (542016.9682387197 8674183.264639901),dronbreen
dronbreen-20220328-DAT_0226_A1_1,4055.0,3850,87.4381103515625,542017.5577859589,8674187.76493756,314.13405354817706,2022-03-28 10:56:35.666666752+00:00,0,2022-05-03,100 MHz,20220328,0.0,87.33390045166016,87.85498809814453,0.6155958471646531,0.3090145065307617,11,1.7688214315585418,0.7903245290120443,1.9618440516884539,2.0328060322975445,85.39654603960776,89.79234251019693,0.10420989990234375,0.0,0.6702162274512747,0.38628227233886714,8.0,0.0,1.7688214315585418,0.7903245290120443,0.0,0.0,0.0,0.0,0.0,0.0,certain_cold,226.69594319661456,226.69594319661456,POINT (542017.5577859589 8674187.76493756),dronbreen
dronbreen-20220328-DAT_0226_A1_1,4060.0,3855,87.12545776367188,542018.3270149481,8674193.17697551,313.88529314313615,2022-03-28 10:56:37.285714432+00:00,0,2022-05-03,100 MHz,20220328,0.0,87.021240234375,87.5423355102539,0.606060079172868,0.3090145065307617,11,1.7626395423374992,0.7903079986572266,1.9562655377529374,2.024547778769462,85.08953505786556,89.47404068676335,0.104217529296875,0.0,0.6591288400899485,0.3090145065307617,8.0,0.0,1.7626395423374992,0.7903079986572266,0.0,0.0,0.0,0.0,0.0,0.0,certain_cold,226.75983537946428,226.75983537946428,POINT (542018.3270149481 8674193.17697551),dronbreen
dronbreen-20220328-DAT_0226_A1_1,4065.0,3860,86.7085952758789,542019.1018141872,8674198.119513502,313.6807163783482,2022-03-28 10:56:38.714285568+00:00,0,2022-05-03,100 MHz,20220328,0.0,86.7085952758789,87.22968292236328,0.6029546600816807,0.3090371292114258,11,1.7543979588127854,0.7902997334798177,1.9488431988890174,2.016442458573751,84.78441080794848,89.15386739029371,0.104217529296875,0.0,0.6771250517638241,0.30903147354125976,8.0,0.0,1.7543979588127854,0.7902997334798177,0.0,0.0,0.0,0.0,0.0,0.0,certain_cold,226.97212110246932,226.97212110246932,POINT (542019.1018141872 8674198.119513502),dronbreen
dronbreen-20220328-DAT_0226_A1_1,4070.0,3865,86.39595031738281,542019.7255704105,8674202.472447522,313.4853210449219,2022-03-28 10:56:40+00:00,0,2022-05-03,100 MHz,20220328,0.0,86.39595031738281,86.91703033447266,0.5675237495099453,0.30902581787109373,11,1.748217404242811,0.6774056752522787,1.9001682813562502,1.9588838014592123,84.521078977434,88.79190167442147,0.10422515869140625,0.0,0.632702083613192,0.30902581787109373,8.0,0.0,1.748217404242811,0.7903162638346355,0.0,0.0,0.0,0.0,0.0,0.0,certain_cold,227.08937072753906,227.08937072753906,POINT (542019.7255704105 8674202.472447522),dronbreen
dronbreen-20220328-DAT_0226_A1_1,4075.0,3870,86.08329772949219,542020.5323795836,8674208.080622772,313.20815022786456,2022-03-28 10:56:41.666666752+00:00,0,2022-05-03,100 MHz,20220328,0.0,85.97907257080078,86.50016021728516,0.5716828595607196,0.1545242202758789,11,1.7420372152149213,0.5645116170247396,1.8377281517138253,1.9183816921731625,84.14785247890859,88.33138030917735,0.10422515869140625,0.0,0.6386504923936395,0.15451290893554687,8.0,0.0,1.7399771171064322,0.6774222056070964,0.0,0.0,0.0,0.0,0.0,0.0,certain_cold,227.12485249837238,227.12485249837238,POINT (542020.5323795836 8674208.080622772),dronbreen
dronbreen-20220328-DAT_0226_A1_1,4080.0,3874,85.87486267089844,542021.2408240192,8674212.755231563,312.961181640625,2022-03-28 10:56:43+00:00,0,2022-05-03,100 MHz,20220328,0.0,85.77063751220703,86.2917251586914,0.5807659629986787,0.30902581787109373,11,1.7379173787894135,0.6774139404296875,1.8906991876810124,1.9535955482045215,83.90536368185752,88.15699898904091,0.20843505859375,0.0,0.6613295121290129,0.3090201622009277,8.0,0.0,1.73585739728244,0.5645033518473307,0.0,0.0,0.0,0.0,0.0,0.0,certain_cold,227.08631896972656,227.08631896972656,POINT (542021.2408240192 8674212.755231563),dronbreen
dronbreen-20220328-DAT_0226_A1_1,4085.0,3879,85.45799255371094,542021.9090891134,8674217.490617463,312.70519002278644,2022-03-28 10:56:44.333333248+00:00,0,2022-05-03,100 MHz,20220328,0.0,85.45799255371094,85.97907257080078,0.5666520227174006,0.30902581787109373,11,1.7296784084112415,0.6774139404296875,1.8831287792722569,1.9421049297250248,83.6003927466447,87.83667237786702,0.20843505859375,0.0,0.6362164018125531,0.30902581787109373,8.0,0.0,1.7296784084112415,0.5645033518473307,0.0,0.0,0.0,0.0,0.0,0.0,certain_cold,227.2471974690755,227.2471974690755,POINT (542021.9090891134 8674217.490617463),dronbreen
dronbreen-20220328-DAT_0226_A1_1,4090.0,3883,85.24955749511719,542022.577349595,8674222.2260031,312.4541727701823,2022-03-28 10:56:45.666666752+00:00,0,2022-05-03,100 MHz,20220328,0.0,85.14533996582031,85.66642761230469,0.5511085142069571,0.30902581787109373,11,1.7255592778126505,0.5645116170247396,1.8416636889269713,1.8973530987753973,83.32978820753821,87.48197937058679,0.20843505859375,0.0,0.62716344191593,0.30902581787109373,8.0,0.0,1.7255592778126505,0.5645116170247396,0.0,0.0,0.0,0.0,0.0,0.0,certain_cold,227.20461527506512,227.20461527506512,POINT (542022.577349595 8674222.2260031),dronbreen
dronbreen-20220328-DAT_0226_A1_1,4095.0,3888,84.93690490722656,542023.4105887635,8674227.803991947,312.1742248535156,2022-03-28 10:56:47.249999872+00:00,0,2022-05-03,100 MHz,20220328,0.0,84.72846984863281,85.35377502441406,0.5589342832115529,0.30902581787109373,11,1.7193810299313237,0.7903162638346355,1.9173856886605092,1.9731392388573212,82.83615092123996,87.24609395180691,0.20843505859375,0.0,0.6374360456333641,0.30902581787109373,8.0,0.0,1.7193810299313237,0.7903162638346355,0.0,0.0,0.0,0.0,0.0,0.0,certain_cold,227.23731994628906,227.23731994628906,POINT (542023.4105887635 8674227.803991947),dronbreen
dronbreen-20220328-DAT_0226_A1_1,4100.0,3893,84.52003479003906,542024.1249648032,8674232.695903728,311.9208984375,2022-03-28 10:56:48.666666752+00:00,0,2022-05-03,100 MHz,20220328,0.0,84.41582489013672,85.04112243652344,0.5543226450955663,0.3090145065307617,11,1.7111442114455944,0.6774056752522787,1.866114392655019,1.9220214764912242,82.57547357551557,86.88147375114458,0.20842742919921875,0.0,0.6313220910551084,0.3090145065307617,8.0,0.0,1.7111442114455944,0.7903079986572266,0.0,0.0,0.0,0.0,0.0,0.0,certain_cold,227.40086364746094,227.40086364746094,POINT (542024.1249648032 8674232.695903728),dronbreen
dronbreen-20220328-DAT_0226_A1_1,4105.0,3897,84.31160736083984,542024.7990245441,8674237.245375121,311.6811828613281,2022-03-28 10:56:50+00:00,0,2022-05-03,100 MHz,20220328,0.0,84.1031723022461,84.72846984863281,0.5771842260181421,0.4635387268066406,11,1.707026319160712,0.6774139404296875,1.894121604397502,1.9250896425257726,82.26664609742465,86.56499605345425,0.312652587890625,0.0,0.655437629748734,0.38628227233886714,8.0,0.0,1.7049673899804003,0.9032103220621746,0.0,0.0,0.0,0.0,0.0,0.0,certain_cold,227.36957550048828,227.36957550048828,POINT (542024.7990245441 8674237.245375121),dronbreen
dronbreen-20220328-DAT_0226_A1_1,4110.0,3903,83.89472961425781,542025.6681567203,8674243.015017746,311.39375959123885,2022-03-28 10:56:51.714285568+00:00,0,2022-05-03,100 MHz,20220328,0.0,83.6863021850586,84.41582489013672,0.597030231581863,0.46352741546630855,11,1.6987908237389824,0.7903162638346355,1.9301159873412228,1.9664524294078412,81.81267200284512,86.2894550723502,0.31264495849609375,0.0,0.6822612172767744,0.38627661666870117,8.0,0.0,1.694673676364738,0.9032185872395834,0.0,0.0,0.0,0.0,0.0,0.0,certain_cold,227.49902997698103,227.49902997698103,POINT (542025.6681567203 8674243.015017746),dronbreen
dronbreen-20220328-DAT_0226_A1_1,4115.0,3908,83.58208465576172,542026.3524154355,8674247.529361382,311.1805725097656,2022-03-28 10:56:53+00:00,0,2022-05-03,100 MHz,20220328,0.0,83.16521453857422,83.99895477294922,0.6240381061341277,0.6180516357421875,11,1.6926151216863115,0.6774056752522787,1.9250486288581792,1.9269789715854793,81.34207866897339,85.82209064255005,0.4168701171875,0.0,0.7106656036319533,0.540789525604248,8.0,0.0,1.6884982022082637,0.5645116170247396,0.0,0.0,0.0,0.0,0.0,0.0,certain_cold,227.5984878540039,227.5984878540039,POINT (542026.3524154355 8674247.529361382),dronbreen
dronbreen-20220328-DAT_0226_A1_1,4120.0,3912,83.2694320678711,542027.0588699506,8674252.265946455,310.9497375488281,2022-03-28 10:56:54.333333248+00:00,0,2022-05-03,100 MHz,20220328,0.0,82.95677947998047,83.79051971435547,0.6162358532972549,0.6180403244018554,11,1.6864398378721723,0.7903079986572266,1.9623047424114992,1.9617371603741682,81.09434396176678,85.65295523256916,0.41686248779296875,0.0,0.7000789634253402,0.6180459800720215,8.0,0.0,1.6843815374489328,0.5645033518473307,0.0,0.0,0.0,0.0,0.0,0.0,certain_cold,227.68030548095703,227.68030548095703,POINT (542027.0588699506 8674252.265946455),dronbreen
dronbreen-20220328-DAT_0226_A1_1,4125.0,3917,82.85256958007812,542027.7158668108,8674257.156065505,310.6954345703125,2022-03-28 10:56:55.750000128+00:00,0,2022-05-03,100 MHz,20220328,0.0,82.5399169921875,83.47786712646484,0.6065459714220127,0.6180403244018554,11,1.678207172672276,0.9032103220621746,2.0035323912717464,2.0000165538656436,80.63409218379394,85.3836919348584,0.312652587890625,0.0,0.6821184807760979,0.6180459800720215,8.0,0.0,1.678207172672276,0.7903079986572266,0.0,0.0,0.0,0.0,0.0,0.0,certain_cold,227.84286499023438,227.84286499023438,POINT (542027.7158668108 8674257.156065505),dronbreen
dronbreen-20220328-DAT_0226_A1_1,4130.0,3923,82.43569946289062,542028.356588785,8674262.798928458,310.37280709402904,2022-03-28 10:56:57.428571392+00:00,0,2022-05-03,100 MHz,20220328,0.0,82.12303924560547,83.06100463867188,0.6114120654234133,0.6180629470825195,11,1.6699753945416111,0.6774139404296875,1.9051795903849105,1.903032364098995,80.3208995548315,84.86314432944584,0.31266021728515625,0.0,0.6725286453696756,0.6180572914123534,8.0,0.0,1.6699753945416111,0.6774139404296875,0.0,0.0,0.0,0.0,0.0,0.0,certain_cold,227.93710763113842,227.93710763113842,POINT (542028.356588785 8674262.798928458),dronbreen
dronbreen-20220328-DAT_0226_A1_1,4135.0,3927,82.22726440429688,542028.754881187,8674266.958715184,310.13099161783856,2022-03-28 10:56:58.666666752+00:00,0,2022-05-03,100 MHz,20220328,0.0,81.91461944580078,82.74834442138672,0.6126992648915084,0.46352741546630855,11,1.665859899441024,0.5645033518473307,1.8189587416160395,1.8625664090203937,80.1557126151777,84.5072512520098,0.31264495849609375,0.0,0.6601536046410237,0.540789525604248,8.0,0.0,1.665859899441024,0.5645033518473307,0.0,0.0,0.0,0.0,0.0,0.0,certain_cold,227.90372721354169,227.90372721354169,POINT (542028.754881187 8674266.958715184),dronbreen
dronbreen-20220328-DAT_0226_A1_1,4140.0,3932,81.91461944580078,542029.1561534359,8674272.275060244,309.8201217651367,2022-03-28 10:57:00.249999872+00:00,0,2022-05-03,100 MHz,20220328,0.0,81.60195922851562,82.43569946289062,0.5915465770259362,0.6180629470825195,11,1.659687305362111,0.6774139404296875,1.8961680845391715,1.8876914342814939,79.80934895345062,84.22830973795563,0.31266021728515625,0.0,0.6189110906013179,0.5408064926147461,8.0,0.0,1.659687305362111,0.6774139404296875,0.0,0.0,0.0,0.0,0.0,0.0,certain_cold,227.90550231933594,227.90550231933594,POINT (542029.1561534359 8674272.275060244),dronbreen
dronbreen-20220328-DAT_0226_A1_1,4145.0,3937,81.60195922851562,542029.5493895359,8674277.03286071,309.54261271158856,2022-03-28 10:57:01.666666752+00:00,0,2022-05-03,100 MHz,20220328,0.0,81.28931427001953,82.01882934570312,0.5666537958233856,0.46352741546630855,11,1.6535150135311534,0.7903245290120443,1.8903921355157813,1.91828602806049,79.45663187496821,83.85151174075445,0.31264495849609375,0.0,0.5985196789438288,0.46352741546630855,8.0,0.0,1.6535150135311534,0.7903245290120443,0.0,0.0,0.0,0.0,0.0,0.0,certain_cold,227.94065348307294,227.94065348307294,POINT (542029.5493895359 8674277.03286071),dronbreen
dronbreen-20220328-DAT_0226_A1_1,4150.0,3942,81.18508911132812,542029.9121258893,8674282.095438546,309.2501961844308,2022-03-28 10:57:03.142856960+00:00,0,2022-05-03,100 MHz,20220328,0.0,80.97665405273438,81.7061767578125,0.5402499042758765,0.30902581787109373,11,1.6452864424183757,0.7903162638346355,1.851233164838549,1.903532829650528,79.151395913597,83.53143489694988,0.20843505859375,0.0,0.5733622769449085,0.38628792800903317,8.0,0.0,1.6452864424183757,0.7903162638346355,0.0,0.0,0.0,0.0,0.0,0.0,certain_cold,228.0651070731027,228.0651070731027,POINT (542029.9121258893 8674282.095438546),dronbreen
dronbreen-20220328-DAT_0226_A1_1,4155.0,3947,80.8724365234375,542030.3253187493,8674287.292522805,308.9418029785156,2022-03-28 10:57:04.666666752+00:00,0,2022-05-03,100 MHz,20220328,0.0,80.66400909423828,81.28931427001953,0.545705960064079,0.3090145065307617,11,1.6391157359060924,0.6774056752522787,1.8002968671320339,1.8556330023494474,78.89043111609382,83.06289224816399,0.20842742919921875,0.0,0.5814257576688319,0.46352741546630855,8.0,0.0,1.6391157359060924,0.6774056752522787,0.0,0.0,0.0,0.0,0.0,0.0,certain_cold,228.06936645507812,228.06936645507812,POINT (542030.3253187493 8674287.292522805),dronbreen
dronbreen-20220328-DAT_0226_A1_1,4160.0,3952,80.5597915649414,542030.7081559894,8674291.770851817,308.6588439941406,2022-03-28 10:57:06+00:00,0,2022-05-03,100 MHz,20220328,0.0,80.45557403564453,80.8724365234375,0.5471500710035835,0.30902581787109373,11,1.6329458064475753,0.6774056752522787,1.7946830950810273,1.8506116977523794,78.68769664859,82.64031391049203,0.104217529296875,0.0,0.5835884145177747,0.3090201622009277,8.0,0.0,1.6329458064475753,0.6774056752522787,0.0,0.0,0.0,0.0,0.0,0.0,certain_cold,228.09905242919922,228.09905242919922,POINT (542030.7081559894 8674291.770851817),dronbreen
dronbreen-20220328-DAT_0226_A1_1,4165.0,3957,80.24713897705078,542031.2657909888,8674297.185141722,308.3104654947917,2022-03-28 10:57:07.666666752+00:00,0,2022-05-03,100 MHz,20220328,0.0,80.1429214477539,80.5597915649414,0.5165176999055066,0.15451290893554687,11,1.6267763600448715,0.6774139404296875,1.7689446603319852,1.8363228220018921,78.38073786699698,82.32197514569833,0.104217529296875,0.0,0.552693881273528,0.30902581787109373,8.0,0.0,1.6267763600448715,0.6774139404296875,0.0,0.0,0.0,0.0,0.0,0.0,certain_cold,228.0633265177409,228.0633265177409,POINT (542031.2657909888 8674297.185141722),dronbreen
dronbreen-20220328-DAT_0226_A1_1,4170.0,3961,79.93448638916016,542031.7378244507,8674301.666263,308.04193115234375,2022-03-28 10:57:09+00:00,0,2022-05-03,100 MHz,20220328,0.0,79.83026885986328,80.24713897705078,0.5237327303653776,0.15451290893554687,11,1.6206075545052638,0.6774139404296875,1.7632733002673557,1.8329087443907242,78.07377846922404,82.00362936769002,0.104217529296875,0.0,0.5450999500145007,0.30902581787109373,8.0,0.0,1.6206075545052638,0.6774139404296875,0.0,0.0,0.0,0.0,0.0,0.0,certain_cold,228.1074447631836,228.1074447631836,POINT (542031.7378244507 8674301.666263),dronbreen
dronbreen-20220328-DAT_0226_A1_1,4175.0,3966,79.62183380126953,542032.3867272886,8674307.42458831,307.74720764160156,2022-03-28 10:57:10.666666752+00:00,0,2022-05-03,100 MHz,20220328,0.0,79.51761627197266,79.83026885986328,0.4978277046438882,0.15451290893554687,11,1.6144393971750053,0.5645033518473307,1.7172515367369423,1.7812666911242314,77.8073301551496,81.54055497668634,0.104217529296875,0.0,0.5277413765921166,0.2317693634033203,8.0,0.0,1.6144393971750053,0.5645033518473307,0.0,0.0,0.0,0.0,0.0,0.0,certain_cold,228.12537384033203,228.12537384033203,POINT (542032.3867272886 8674307.42458831),dronbreen
dronbreen-20220328-DAT_0226_A1_1,4180.0,3971,79.41340637207031,542032.902936212,8674312.124207309,307.5146179199219,2022-03-28 10:57:12+00:00,0,2022-05-03,100 MHz,20220328,0.0,79.30918884277344,79.51761627197266,0.4912383901324042,0.15451290893554687,11,1.6103278065804587,0.5645116170247396,1.7133894039096431,1.7757094825286017,77.60278062361775,81.22402449112835,0.20843505859375,0.0,0.5165989047817294,0.23176370773315427,8.0,0.0,1.6103278065804587,0.5645116170247396,0.0,0.0,0.0,0.0,0.0,0.0,certain_cold,228.10121154785156,228.10121154785156,POINT (542032.902936212 8674312.124207309),dronbreen
dronbreen-20220328-DAT_0226_A1_1,4185.0,3976,79.10074615478516,542033.2671894695,8674316.788054245,307.29859415690106,2022-03-28 10:57:13.333333248+00:00,0,2022-05-03,100 MHz,20220328,0.0,78.99653625488281,79.10074615478516,0.4715489873041903,0.15450159759521484,11,1.604160595731457,0.6774139404296875,1.7481680717955734,1.8040452630168642,77.25520892678335,80.84207348288462,0.20842742919921875,0.0,0.48802737364101884,0.15450725326538084,8.0,0.0,1.604160595731457,0.6774139404296875,0.0,0.0,0.0,0.0,0.0,0.0,certain_cold,228.1978480021159,228.1978480021159,POINT (542033.2671894695 8674316.788054245),dronbreen
dronbreen-20220328-DAT_0226_A1_1,4190.0,3981,78.78810119628906,542033.6857264427,8674322.570186283,307.0176696777344,2022-03-28 10:57:15+00:00,0,2022-05-03,100 MHz,20220328,0.0,78.68388366699219,78.89231872558594,0.4647993401517665,0.30902581787109373,11,1.5979943541973713,0.6774056752522787,1.7629411110475492,1.7968035038690755,76.94823842532826,80.62796396724987,0.104217529296875,0.0,0.4627315457142087,0.15451290893554687,8.0,0.0,1.5979943541973713,0.6774056752522787,0.0,0.0,0.0,0.0,0.0,0.0,certain_cold,228.2295684814453,228.2295684814453,POINT (542033.6857264427 8674322.570186283),dronbreen
dronbreen-20220328-DAT_0226_A1_1,4195.0,3986,78.47544860839844,542034.1053738752,8674327.501621556,306.76842825753346,2022-03-28 10:57:16.428571392+00:00,0,2022-05-03,100 MHz,20220328,0.0,78.37123107910156,78.68388366699219,0.4333594112105833,0.4635387268066406,11,1.5918286383011688,0.5645033518473307,1.751413885754063,1.743669357202623,76.68227209559645,80.3728426504973,0.104217529296875,0.0,0.42034279705011846,0.30902581787109373,8.0,0.0,1.5918286383011688,0.5645033518473307,0.0,0.0,0.0,0.0,0.0,0.0,certain_cold,228.29297964913502,228.29297964913502,POINT (542034.1053738752 8674327.501621556),dronbreen
dronbreen-20220328-DAT_0226_A1_1,4200.0,3990,78.26702117919922,542034.4798696793,8674331.837903092,306.54076131184894,2022-03-28 10:57:17.666666752+00:00,0,2022-05-03,100 MHz,20220328,0.0,78.16279602050781,78.47544860839844,0.43336047871423383,0.4635387268066406,11,1.587718690985934,0.6774139404296875,1.7873467597654589,1.7797588580776873,76.43660359543043,80.20164103347582,0.10422515869140625,0.0,0.42034462108032977,0.30903147354125976,8.0,0.0,1.587718690985934,0.6774139404296875,0.0,0.0,0.0,0.0,0.0,0.0,certain_cold,228.27374013264972,228.27374013264972,POINT (542034.4798696793 8674331.837903092),dronbreen
dronbreen-20220328-DAT_0226_A1_1,4205.0,3996,77.85014343261719,542034.9551845677,8674337.435716154,306.2483215332031,2022-03-28 10:57:19.333333248+00:00,0,2022-05-03,100 MHz,20220328,0.0,77.85014343261719,78.16279602050781,0.44814552151066744,0.4635387268066406,11,1.5794992665372236,0.6774139404296875,1.7800493619362427,1.7761030342100572,76.13150804962285,79.88143140350215,0.0,0.0,0.4278894160719931,0.2317693634033203,8.0,0.0,1.5794992665372236,0.6774139404296875,0.0,0.0,0.0,0.0,0.0,0.0,certain_cold,228.39817810058594,228.39817810058594,POINT (542034.9551845677 8674337.435716154),dronbreen
dronbreen-20220328-DAT_0226_A1_1,4210.0,4000,77.64171600341797,542035.3291179817,8674341.789703598,306.0314432779948,2022-03-28 10:57:20.666666752+00:00,0,2022-05-03,100 MHz,20220328,0.0,77.5374984741211,77.95436096191406,0.45622253401150614,0.46352741546630855,11,1.5753902454890865,0.4516010284423828,1.7031311104437197,1.7011575221043647,75.89865805648661,79.59320137954855,0.104217529296875,0.0,0.43840992619497815,0.3090201622009277,8.0,0.0,1.5753902454890865,0.4516010284423828,0.0,0.0,0.0,0.0,0.0,0.0,certain_cold,228.38972727457684,228.38972727457684,POINT (542035.3291179817 8674341.789703598),dronbreen
dronbreen-20220328-DAT_0226_A1_1,4215.0,4005,77.43328094482422,542035.6984507402,8674346.639808198,305.7792053222656,2022-03-28 10:57:22.142856960+00:00,0,2022-05-03,100 MHz,20220328,0.0,77.22484588623047,77.64171600341797,0.47716849941966877,0.46355003814697265,11,1.5712813876425924,0.4516092936197917,1.699339516136154,1.7031047912780402,75.58995257067872,79.27660931896972,0.20843505859375,0.0,0.4482543255337894,0.38628227233886714,8.0,0.0,1.5712813876425924,0.4516092936197917,0.0,0.0,0.0,0.0,0.0,0.0,certain_cold,228.3459243774414,228.3459243774414,POINT (542035.6984507402 8674346.639808198),dronbreen
dronbreen-20220328-DAT_0226_A1_1,4220.0,4011,77.22484588623047,542036.061237119,8674351.815379841,305.5137481689453,2022-03-28 10:57:23.750000128+00:00,0,2022-05-03,100 MHz,20220328,0.0,76.91219329833984,77.32905578613281,0.48313335688922965,0.4635387268066406,11,1.5671728458791068,0.5645116170247396,1.729037953853595,1.7343938235463596,75.24644899184598,78.99480009262668,0.312652587890625,0.0,0.4557654564959428,0.4635387268066406,8.0,0.0,1.5671728458791068,0.5645116170247396,0.0,0.0,0.0,0.0,0.0,0.0,certain_cold,228.28890228271484,228.28890228271484,POINT (542036.061237119 8674351.815379841),dronbreen
dronbreen-20220328-DAT_0226_A1_1,4225.0,4016,76.91219329833984,542036.2721929637,8674356.893149372,305.25925699869794,2022-03-28 10:57:25.333333248+00:00,0,2022-05-03,100 MHz,20220328,0.0,76.59954071044922,77.12062072753906,0.5027629123685255,0.6180516357421875,11,1.5610106313489593,0.7903162638346355,1.8556243726868882,1.8204737114606449,74.849868173068,78.87029326492028,0.312652587890625,0.0,0.48882330950096925,0.4635387268066406,8.0,0.0,1.5610106313489593,0.7903162638346355,0.0,0.0,0.0,0.0,0.0,0.0,certain_cold,228.3470637003581,228.3470637003581,POINT (542036.2721929637 8674356.893149372),dronbreen
dronbreen-20220328-DAT_0226_A1_1,4230.0,4022,76.49532318115234,542036.4219898033,8674362.294675536,304.971435546875,2022-03-28 10:57:27+00:00,0,2022-05-03,100 MHz,20220328,0.0,76.28689575195312,76.80797576904297,0.5068674882695743,0.6180403244018554,11,1.5527954750821427,0.6774056752522787,1.8033374833586537,1.7683231851005856,74.59277290035718,78.50209862063892,0.20842742919921875,0.0,0.4933603170031158,0.46352741546630855,8.0,0.0,1.5527954750821427,0.6774056752522787,0.0,0.0,0.0,0.0,0.0,0.0,certain_cold,228.47611236572266,228.47611236572266,POINT (542036.4219898033 8674362.294675536),dronbreen
dronbreen-20220328-DAT_0226_A1_1,4235.0,4026,76.28689575195312,542036.558774489,8674366.889371125,304.7433268229167,2022-03-28 10:57:28.333333248+00:00,0,2022-05-03,100 MHz,20220328,0.0,76.07845306396484,76.59954071044922,0.49842332593602645,0.4635387268066406,11,1.5486885372429622,0.33870697021484375,1.651673923118418,1.661801555209585,74.49315858120782,78.18483519320624,0.20844268798828125,0.0,0.4824329459692648,0.38628227233886714,8.0,0.0,1.5486885372429622,0.33870697021484375,0.0,0.0,0.0,0.0,0.0,0.0,certain_cold,228.45643107096356,228.45643107096356,POINT (542036.558774489 8674366.889371125),dronbreen
dronbreen-20220328-DAT_0226_A1_1,4240.0,4030,76.18267059326172,542036.6769952872,8674371.669583095,304.5162760416667,2022-03-28 10:57:29.666666752+00:00,0,2022-05-03,100 MHz,20220328,0.0,75.97423553466797,76.39110565185547,0.48456040353458063,0.6180516357421875,11,1.546634966463829,0.3387152353922527,1.6996457144413926,1.6557797301721608,74.39094537485032,77.97439581167312,0.20843505859375,0.0,0.46586449749182357,0.38628227233886714,8.0,0.0,1.546634966463829,0.3387152353922527,0.0,0.0,0.0,0.0,0.0,0.0,certain_cold,228.33360544840497,228.33360544840497,POINT (542036.6769952872 8674371.669583095),dronbreen
dronbreen-20220328-DAT_0226_A1_1,4245.0,4034,75.97423553466797,542036.7384229641,8674376.634115849,304.28985595703125,2022-03-28 10:57:31+00:00,0,2022-05-03,100 MHz,20220328,0.0,75.76580810546875,76.18267059326172,0.49404316503195883,0.6180403244018554,11,1.5425283744654041,0.5645033518473307,1.7550018982509688,1.7152657138742524,74.12323152573867,77.8252471729918,0.20842742919921875,0.0,0.4618897896798691,0.3090201622009277,8.0,0.0,1.5425283744654041,0.5645033518473307,0.0,0.0,0.0,0.0,0.0,0.0,certain_cold,228.31562042236328,228.31562042236328,POINT (542036.7384229641 8674376.634115849),dronbreen
dronbreen-20220328-DAT_0226_A1_1,4250.0,4039,75.66159057617188,542036.7196451338,8674382.123414274,304.03118896484375,2022-03-28 10:57:32.500000+00:00,0,2022-05-03,100 MHz,20220328,0.0,75.45315551757812,75.97423553466797,0.5015813842812867,0.6180403244018554,11,1.5363692640138646,0.6774056752522787,1.7892129014897167,1.7523963162846559,73.7740757207041,77.65331533154199,0.20843505859375,0.0,0.49336221641352845,0.3090201622009277,8.0,0.0,1.5363692640138646,0.6774056752522787,0.0,0.0,0.0,0.0,0.0,0.0,certain_cold,228.36959838867188,228.36959838867188,POINT (542036.7196451338 8674382.123414274),dronbreen
dronbreen-20220328-DAT_0226_A1_1,4255.0,4045,75.34893798828125,542036.674278395,8674387.239685055,303.7603759765625,2022-03-28 10:57:34+00:00,0,2022-05-03,100 MHz,20220328,0.0,75.1405029296875,75.66159057617188,0.5015834882893034,0.6180629470825195,11,1.5302107640402813,0.5645116170247396,1.7441961342397698,1.7064009915213638,73.50948534911376,77.29260815674562,0.20843505859375,0.0,0.4933636553613041,0.30903147354125976,8.0,0.0,1.5302107640402813,0.5645116170247396,0.0,0.0,0.0,0.0,0.0,0.0,certain_cold,228.41143798828125,228.41143798828125,POINT (542036.674278395 8674387.239685055),dronbreen
dronbreen-20220328-DAT_0226_A1_1,4260.0,4050,75.1405029296875,542036.5412334484,8674392.508291848,303.4748840332031,2022-03-28 10:57:35.666666752+00:00,0,2022-05-03,100 MHz,20220328,0.0,74.82785034179688,75.34893798828125,0.5049187980904302,0.6180516357421875,11,1.5261055245986597,0.4516092936197917,1.7073186143007728,1.6696981819955972,73.23632622124629,76.94046210883184,0.312652587890625,0.0,0.4933653245277164,0.38628227233886714,8.0,0.0,1.5261055245986597,0.4516092936197917,0.0,0.0,0.0,0.0,0.0,0.0,certain_cold,228.33438110351562,228.33438110351562,POINT (542036.5412334484 8674392.508291848),dronbreen
dronbreen-20220328-DAT_0226_A1_1,4265.0,4054,74.93206787109375,542036.3716359505,8674396.90729825,303.24737548828125,2022-03-28 10:57:37+00:00,0,2022-05-03,100 MHz,20220328,0.0,74.7236328125,75.24471282958984,0.49941035347589946,0.6180516357421875,11,1.522000630149436,0.4516092936197917,1.7036504033112665,1.66428590495082,73.13604442999683,76.83230121209301,0.20843505859375,0.0,0.48543499130849155,0.38627661666870117,8.0,0.0,1.522000630149436,0.4516092936197917,0.0,0.0,0.0,0.0,0.0,0.0,certain_cold,228.3153076171875,228.3153076171875,POINT (542036.3716359505 8674396.90729825),dronbreen
dronbreen-20220328-DAT_0226_A1_1,4270.0,4059,74.7236328125,542036.1036918851,8674401.799487509,302.9973449707031,2022-03-28 10:57:38.333333248+00:00,0,2022-05-03,100 MHz,20220328,0.0,74.4109878540039,74.93206787109375,0.5254233988003285,0.6180403244018554,11,1.5178960834915316,0.4516010284423828,1.6999781915530268,1.6685388090110573,72.82733637429976,76.5157193507979,0.31264495849609375,0.0,0.5188444629080669,0.4635330711364746,8.0,0.0,1.5178960834915316,0.4516010284423828,0.0,0.0,0.0,0.0,0.0,0.0,certain_cold,228.27371215820312,228.27371215820312,POINT (542036.1036918851 8674401.799487509),dronbreen
dronbreen-20220328-DAT_0226_A1_1,4275.0,4064,74.51520538330078,542035.7442589808,8674407.169564735,302.72200775146484,2022-03-28 10:57:39.750000128+00:00,0,2022-05-03,100 MHz,20220328,0.0,74.20255279541016,74.7236328125,0.5343693915511737,0.4635387268066406,11,1.5137920376743297,0.4516092936197917,1.6463248278087432,1.6676534214388605,72.62283215953495,76.3033534483752,0.41687774658203125,0.0,0.5484675485989182,0.4635330711364746,8.0,0.0,1.5137920376743297,0.4516092936197917,0.0,0.0,0.0,0.0,0.0,0.0,certain_cold,228.20680236816406,228.20680236816406,POINT (542035.7442589808 8674407.169564735),dronbreen
dronbreen-20220328-DAT_0226_A1_1,4280.0,4069,74.3067626953125,542035.3425879169,8674412.259173373,302.46632893880206,2022-03-28 10:57:41.333333248+00:00,0,2022-05-03,100 MHz,20220328,0.0,73.9941177368164,74.4109878540039,0.5259884591489299,0.46352741546630855,11,1.50968804489636,0.5645116170247396,1.677107338111594,1.6954336371019498,72.38233879457312,76.0227667962472,0.41686248779296875,0.0,0.5343162941057945,0.4635330711364746,8.0,0.0,1.50968804489636,0.5645116170247396,0.0,0.0,0.0,0.0,0.0,0.0,certain_cold,228.15956624348956,228.15956624348956,POINT (542035.3425879169 8674412.259173373),dronbreen
dronbreen-20220328-DAT_0226_A1_1,4285.0,4074,73.9941177368164,542035.0387785162,8674416.871092828,302.250732421875,2022-03-28 10:57:42.750000128+00:00,0,2022-05-03,100 MHz,20220328,0.0,73.68146514892578,74.20255279541016,0.5464273814247604,0.46355003814697265,11,1.5035331003539427,0.6774056752522787,1.7129999622270848,1.7372602326348967,72.03237745182659,75.85164049250935,0.4168701171875,0.0,0.576230034817296,0.5407951812744141,8.0,0.0,1.5035331003539427,0.6774056752522787,0.0,0.0,0.0,0.0,0.0,0.0,certain_cold,228.2566146850586,228.2566146850586,POINT (542035.0387785162 8674416.871092828),dronbreen
dronbreen-20220328-DAT_0226_A1_1,4290.0,4080,73.68146514892578,542034.6931285206,8674422.41219177,302.0113118489583,2022-03-28 10:57:44.333333248+00:00,0,2022-05-03,100 MHz,20220328,0.0,73.36881256103516,73.88990020751953,0.538235366788347,0.6180629470825195,11,1.4973788173327904,0.5645198822021485,1.715467232725476,1.6883492914856983,71.7685544506047,75.49015831794999,0.41686248779296875,0.0,0.5514642399382885,0.6180516357421875,8.0,0.0,1.4973788173327904,0.5645198822021485,0.0,0.0,0.0,0.0,0.0,0.0,certain_cold,228.32984670003253,228.32984670003253,POINT (542034.6931285206 8674422.41219177),dronbreen
dronbreen-20220328-DAT_0226_A1_1,4295.0,4084,73.4730224609375,542034.4105075999,8674427.365953349,301.7681477864583,2022-03-28 10:57:45.666666752+00:00,0,2022-05-03,100 MHz,20220328,0.0,73.1603775024414,73.68146514892578,0.5157520889850642,0.6180403244018554,11,1.4932762677475895,0.5645116170247396,1.7118765201266146,1.6776613468952888,71.56396045869185,75.27788219267534,0.31264495849609375,0.0,0.5341336516419514,0.6180459800720215,8.0,0.0,1.4932762677475895,0.5645116170247396,0.0,0.0,0.0,0.0,0.0,0.0,certain_cold,228.29512532552081,228.29512532552081,POINT (542034.4105075999 8674427.365953349),dronbreen
dronbreen-20220328-DAT_0226_A1_1,4300.0,4088,73.1603775024414,542034.1352287969,8674432.288928984,301.49351501464844,2022-03-28 10:57:47+00:00,0,2022-05-03,100 MHz,20220328,0.0,72.95194244384766,73.5772476196289,0.5302912306289135,0.6180629470825195,11,1.4871235101765738,0.5645033518473307,1.70651755787132,1.6767257253494658,71.3612820876538,75.16790797582276,0.20843505859375,0.0,0.5568919393236836,0.540789525604248,8.0,0.0,1.4871235101765738,0.5645033518473307,0.0,0.0,0.0,0.0,0.0,0.0,certain_cold,228.33313751220703,228.33313751220703,POINT (542034.1352287969 8674432.288928984),dronbreen
dronbreen-20220328-DAT_0226_A1_1,4305.0,4092,72.95194244384766,542033.8530281357,8674437.025590101,301.2208964029948,2022-03-28 10:57:48.333333248+00:00,0,2022-05-03,100 MHz,20220328,0.0,72.84772491455078,73.36881256103516,0.5004003743366472,0.6180403244018554,11,1.4830220371026805,0.4516092936197917,1.6689155638326052,1.6290199051123373,71.2974651567631,74.91907231882284,0.104217529296875,0.0,0.519594505579811,0.38628792800903317,8.0,0.0,1.4830220371026805,0.4516092936197917,0.0,0.0,0.0,0.0,0.0,0.0,certain_cold,228.26895395914715,228.26895395914715,POINT (542033.8530281357 8674437.025590101),dronbreen
dronbreen-20220328-DAT_0226_A1_1,4310.0,4097,72.7435073852539,542033.5751935691,8674441.622815099,300.9593963623047,2022-03-28 10:57:49.750000128+00:00,0,2022-05-03,100 MHz,20220328,0.0,72.7435073852539,73.1603775024414,0.4874043797509967,0.46355003814697265,11,1.478920939970557,0.4516092936197917,1.6143223775421136,1.6213331336180163,71.1971703906867,74.70671449700862,0.10420989990234375,0.0,0.5218274995251232,0.38627661666870117,8.0,0.0,1.478920939970557,0.4516092936197917,0.0,0.0,0.0,0.0,0.0,0.0,certain_cold,228.21588897705078,228.21588897705078,POINT (542033.5751935691 8674441.622815099),dronbreen
dronbreen-20220328-DAT_0226_A1_1,4315.0,4102,72.53507232666016,542033.2063578207,8674446.682435328,300.69057210286456,2022-03-28 10:57:51.333333248+00:00,0,2022-05-03,100 MHz,20220328,0.0,72.53507232666016,72.95194244384766,0.491239170003074,0.30902581787109373,11,1.474820221916396,0.3386987050374349,1.5444443841972624,1.5909517346270665,71.02186001512963,74.46515475537818,0.10420989990234375,0.0,0.5238699611056563,0.3090145065307617,8.0,0.0,1.474820221916396,0.3386987050374349,0.0,0.0,0.0,0.0,0.0,0.0,certain_cold,228.1554997762044,228.1554997762044,POINT (542033.2063578207 8674446.682435328),dronbreen
dronbreen-20220328-DAT_0226_A1_1,4320.0,4107,72.43086242675781,542032.6430962317,8674451.92871366,300.38356236049106,2022-03-28 10:57:52.857143040+00:00,0,2022-05-03,100 MHz,20220328,0.0,72.3266372680664,72.7435073852539,0.49564360087949366,0.30902581787109373,11,1.4727701561185869,0.4516092936197917,1.5711460285244756,1.6182291141646554,70.7861818526657,74.2839628006546,0.20843505859375,0.0,0.5297609308734686,0.38627661666870117,8.0,0.0,1.4727701561185869,0.4516092936197917,0.0,0.0,0.0,0.0,0.0,0.0,certain_cold,227.95269993373324,227.95269993373324,POINT (542032.6430962317 8674451.92871366),dronbreen
dronbreen-20220328-DAT_0226_A1_1,4325.0,4112,72.11820220947266,542032.0768743507,8674456.789410962,300.08138275146484,2022-03-28 10:57:54.249999872+00:00,0,2022-05-03,100 MHz,20220328,0.0,72.11820220947266,72.53507232666016,0.517089402876015,0.46352741546630855,11,1.4666199357606438,0.5645116170247396,1.6384459303301153,1.654396824311844,70.5466910253806,74.10658351075222,0.20842742919921875,0.0,0.5679230312145231,0.4635330711364746,8.0,0.0,1.4666199357606438,0.5645116170247396,0.0,0.0,0.0,0.0,0.0,0.0,certain_cold,227.9631805419922,227.9631805419922,POINT (542032.0768743507 8674456.789410962),dronbreen
dronbreen-20220328-DAT_0226_A1_1,4330.0,4117,71.90977478027344,542031.3685197168,8674461.388667747,299.7980041503906,2022-03-28 10:57:55.666666752+00:00,0,2022-05-03,100 MHz,20220328,0.0,71.70133972167969,72.3266372680664,0.5539664751513756,0.4635387268066406,11,1.4625205241567927,0.4516010284423828,1.5993054504126467,1.6278171359405567,70.17068307420121,73.85729391554489,0.312652587890625,0.0,0.6138781071887741,0.540789525604248,8.0,0.0,1.4625205241567927,0.5645033518473307,0.0,0.0,0.0,0.0,0.0,0.0,certain_cold,227.8882293701172,227.8882293701172,POINT (542031.3685197168 8674461.388667747),dronbreen
dronbreen-20220328-DAT_0226_A1_1,4335.0,4122,71.70133972167969,542030.5302484665,8674466.573167423,299.49280802408856,2022-03-28 10:57:57.333333248+00:00,0,2022-05-03,100 MHz,20220328,0.0,71.38868713378906,72.11820220947266,0.5742708712964381,0.6180403244018554,11,1.4584213544629305,0.5645116170247396,1.6815588171384686,1.665969161337912,69.82482453979003,73.68206480347169,0.4168701171875,0.0,0.6471009686407435,0.5407951812744141,8.0,0.0,1.4563719176406822,0.6774139404296875,0.0,0.0,0.0,0.0,0.0,0.0,certain_cold,227.79146830240887,227.79146830240887,POINT (542030.5302484665 8674466.573167423),dronbreen
dronbreen-20220328-DAT_0226_A1_1,4340.0,4128,71.38868713378906,542029.6302128822,8674471.693701377,299.1972351074219,2022-03-28 10:57:59+00:00,0,2022-05-03,100 MHz,20220328,0.0,71.18025207519531,71.90977478027344,0.5656067330548382,0.6180516357421875,11,1.4522733421344647,0.5645116170247396,1.6762335906650623,1.6576134056248644,69.6221213919629,73.46790546350584,0.312652587890625,0.0,0.6418328189187618,0.5407951812744141,8.0,0.0,1.4502242042930837,0.5645116170247396,0.0,0.0,0.0,0.0,0.0,0.0,certain_cold,227.8085479736328,227.8085479736328,POINT (542029.6302128822 8674471.693701377),dronbreen
dronbreen-20220328-DAT_0226_A1_1,4345.0,4133,71.18025207519531,542028.7278256054,8674477.09330876,298.85828653971356,2022-03-28 10:58:00.666666752+00:00,0,2022-05-03,100 MHz,20220328,0.0,71.07603454589844,71.70133972167969,0.5559221243949511,0.30902581787109373,11,1.4481751669585206,0.4516092936197917,1.5481147323083015,1.6156149530970867,69.5590763169814,73.21829795059672,0.20843505859375,0.0,0.6251457783407545,0.38627661666870117,8.0,0.0,1.4461262305580032,0.33870697021484375,0.0,0.0,0.0,0.0,0.0,0.0,certain_cold,227.67803446451825,227.67803446451825,POINT (542028.7278256054 8674477.09330876),dronbreen
dronbreen-20220328-DAT_0226_A1_1,4350.0,4138,70.97181701660156,542028.0603471379,8674481.507747727,298.58880615234375,2022-03-28 10:58:02+00:00,0,2022-05-03,100 MHz,20220328,0.0,70.86759948730469,71.49290466308594,0.5502094668089518,0.3090145065307617,11,1.4440773955211645,0.5645033518473307,1.5809849853014137,1.645221570448264,69.31710809471262,73.043396055678,0.20842742919921875,0.0,0.6178122680286298,0.46352741546630855,8.0,0.0,1.4440773955211645,0.4516010284423828,0.0,0.0,0.0,0.0,0.0,0.0,certain_cold,227.6169891357422,227.6169891357422,POINT (542028.0603471379 8674481.507747727),dronbreen
dronbreen-20220328-DAT_0226_A1_1,4355.0,4143,70.65917205810547,542027.2064453803,8674486.784809053,298.299072265625,2022-03-28 10:58:03.500000+00:00,0,2022-05-03,100 MHz,20220328,0.0,70.5549545288086,71.28446960449219,0.5569853168364345,0.30902581787109373,11,1.4379316528871533,0.5645033518473307,1.5753756468641218,1.6421157437260734,69.01018546107657,72.82923867222421,0.104217529296875,0.0,0.6300892381998581,0.4635330711364746,8.0,0.0,1.4379316528871533,0.5645033518473307,0.0,0.0,0.0,0.0,0.0,0.0,certain_cold,227.63990020751953,227.63990020751953,POINT (542027.2064453803 8674486.784809053),dronbreen
dronbreen-20220328-DAT_0226_A1_1,4360.0,4147,70.45073699951172,542026.2819175014,8674491.873561917,298.02252197265625,2022-03-28 10:58:05+00:00,0,2022-05-03,100 MHz,20220328,0.0,70.45073699951172,71.07603454589844,0.5578732243738409,0.46352741546630855,11,1.4338349059462,0.45161755879720056,1.5731174850635175,1.6034536137341038,68.94746025954542,72.57931128586473,0.104217529296875,0.0,0.627779289458771,0.540789525604248,8.0,0.0,1.4338349059462,0.45161755879720056,0.0,0.0,0.0,0.0,0.0,0.0,certain_cold,227.57178497314453,227.57178497314453,POINT (542026.2819175014 8674491.873561917),dronbreen
dronbreen-20220328-DAT_0226_A1_1,4365.0,4152,70.24229431152344,542025.5267825086,8674496.440339258,297.7853291829427,2022-03-28 10:58:06.333333248+00:00,0,2022-05-03,100 MHz,20220328,0.0,70.24229431152344,70.86759948730469,0.5444381321341928,0.4635387268066406,11,1.4297384250479777,0.2258129119873047,1.5198722270402796,1.5464657497017602,68.7948332808636,72.31506051796453,0.10420989990234375,0.0,0.6146670923978631,0.540789525604248,8.0,0.0,1.4297384250479777,0.2258129119873047,0.0,0.0,0.0,0.0,0.0,0.0,certain_cold,227.54303487141925,227.54303487141925,POINT (542025.5267825086 8674496.440339258),dronbreen
dronbreen-20220328-DAT_0226_A1_1,4370.0,4157,70.24229431152344,542024.5708292465,8674501.310995547,297.5356750488281,2022-03-28 10:58:08+00:00,0,2022-05-03,100 MHz,20220328,0.0,70.24229431152344,70.76338958740234,0.4964392194628159,0.46352741546630855,11,1.4297384250479777,0.11289405822753908,1.5072341216050777,1.517678797065639,68.80810567942453,72.19757821950125,0.10420989990234375,0.0,0.5653587636278337,0.4635387268066406,8.0,0.0,1.4297384250479777,0.11289405822753908,0.0,0.0,0.0,0.0,0.0,0.0,certain_cold,227.2933807373047,227.2933807373047,POINT (542024.5708292465 8674501.310995547),dronbreen
dronbreen-20220328-DAT_0226_A1_1,4375.0,4165,70.1380844116211,542023.4518134361,8674506.327198433,297.277587890625,2022-03-28 10:58:10.142856960+00:00,0,2022-05-03,100 MHz,20220328,0.0,70.03386688232422,70.65917205810547,0.48679704333819224,0.4635387268066406,11,1.4276905666049189,0.5645033518473307,1.603693405694825,1.6105700076750316,68.49862605814727,72.19441288228242,0.104217529296875,0.0,0.5282929493206873,0.5407951812744141,8.0,0.0,1.4276905666049189,0.5645033518473307,0.0,0.0,0.0,0.0,0.0,0.0,certain_cold,227.1395034790039,227.1395034790039,POINT (542023.4518134361 8674506.327198433),dronbreen
dronbreen-20220328-DAT_0226_A1_1,4380.0,4319,69.7212142944336,542022.2519071016,8674510.91550451,297.0281295776367,2022-03-28 10:58:56.249999872+00:00,0,2022-05-03,100 MHz,20220328,0.0,69.51277923583984,70.24229431152344,0.744390428549787,0.30902581787109373,11,1.4194995910799455,1.0161126454671223,1.772839799154234,1.8977832087651272,67.76708052261516,71.98799302474812,0.20843505859375,0.0,0.8556630831771671,0.540789525604248,8.0,0.0,1.4194995910799455,1.0161126454671223,0.0,0.0,0.0,0.0,0.0,0.0,certain_cold,227.30691528320312,227.30691528320312,POINT (542022.2519071016 8674510.91550451),dronbreen
dronbreen-20220328-DAT_0226_A1_1,4385.0,4328,69.20013427734375,542021.2443136126,8674515.908610795,296.7624816894531,2022-03-28 10:58:59+00:00,0,2022-05-03,100 MHz,20220328,0.0,69.20013427734375,69.82543182373047,0.7734037116561698,0.6180403244018554,11,1.4092634365515064,0.7903079986572266,1.7299086706902487,1.7913021709209456,67.58439600449677,71.44117009657745,0.20843505859375,0.0,0.897264322768239,0.4635387268066406,8.0,0.0,1.4092634365515064,0.7903079986572266,0.0,0.0,0.0,0.0,0.0,0.0,certain_cold,227.56234741210938,227.56234741210938,POINT (542021.2443136126 8674515.908610795),dronbreen
dronbreen-20220328-DAT_0226_A1_1,4390.0,4334,68.99169921875,542020.2097219232,8674520.847702492,296.49694388253346,2022-03-28 10:59:00.857143040+00:00,0,2022-05-03,100 MHz,20220328,0.0,68.99169921875,69.61699676513672,0.8127465454106229,0.3090145065307617,11,1.405169678165661,0.33870697021484375,1.478077873914212,1.658246418113185,67.54628431772389,71.06241166616283,0.104217529296875,0.0,0.9420791180214052,0.38627661666870117,8.0,0.0,1.405169678165661,0.33870697021484375,0.0,0.0,0.0,0.0,0.0,0.0,certain_cold,227.50524466378346,227.50524466378346,POINT (542020.2097219232 8674520.847702492),dronbreen
dronbreen-20220328-DAT_0226_A1_1,4395.0,4339,68.88748168945312,542019.2950741989,8674525.214530932,296.2549540201823,2022-03-28 10:59:02.333333248+00:00,0,2022-05-03,100 MHz,20220328,0.0,68.78326416015625,69.4085693359375,0.7859420471848515,0.15451290893554687,11,1.403122964463876,0.33870697021484375,1.4516716929477336,1.6435271116142653,67.33983890574298,70.85199459035077,0.104217529296875,0.0,0.9064054927648781,0.38628792800903317,8.0,0.0,1.403122964463876,0.22580464680989584,0.0,0.0,0.0,0.0,0.0,0.0,certain_cold,227.36747233072919,227.36747233072919,POINT (542019.2950741989 8674525.214530932),dronbreen
dronbreen-20220328-DAT_0226_A1_1,4400.0,4345,68.67904663085938,542018.3067463153,8674530.611454068,295.9554214477539,2022-03-28 10:59:04.249999872+00:00,0,2022-05-03,100 MHz,20220328,0.0,68.5748291015625,69.20013427734375,0.7635102456491953,0.30902581787109373,11,1.3990298704636375,0.33870697021484375,1.4722445266437636,1.629403229815418,67.13538233626633,70.63958104263992,0.104217529296875,0.0,0.8700481053252752,0.4635387268066406,8.0,0.0,1.4010763617341968,0.22580464680989584,0.0,0.0,0.0,0.0,0.0,0.0,certain_cold,227.27637481689453,227.27637481689453,POINT (542018.3067463153 8674530.611454068),dronbreen
dronbreen-20220328-DAT_0226_A1_1,4405.0,4351,68.5748291015625,542017.4225758169,8674535.329278179,295.68634033203125,2022-03-28 10:59:06+00:00,0,2022-05-03,100 MHz,20220328,0.0,68.2621841430664,68.88748168945312,0.699673679946882,0.4635387268066406,11,1.3969834911420396,0.2258129119873047,1.4891012379932766,1.5786378951976288,66.84706777126387,70.30259806125567,0.31264495849609375,0.0,0.7858342124826526,0.4635330711364746,8.0,0.0,1.3990298704636375,0.22580464680989584,0.0,0.0,0.0,0.0,0.0,0.0,certain_cold,227.11151123046875,227.11151123046875,POINT (542017.4225758169 8674535.329278179),dronbreen
dronbreen-20220328-DAT_0226_A1_1,4410.0,4357,68.4706039428711,542016.6634665253,8674540.33016358,295.40064239501953,2022-03-28 10:59:07.750000128+00:00,0,2022-05-03,100 MHz,20220328,0.0,68.05374145507812,68.78326416015625,0.6951444324405777,0.46352741546630855,11,1.394937074466302,0.4516092936197917,1.5377444718461024,1.6226602163600072,66.58752169126222,70.24948392397215,0.41686248779296875,0.0,0.771891553962319,0.54080083694458,8.0,0.0,1.3969834911420396,0.33870697021484375,0.0,0.0,0.0,0.0,0.0,0.0,certain_cold,226.93003845214844,226.93003845214844,POINT (542016.6634665253 8674540.33016358),dronbreen
dronbreen-20220328-DAT_0226_A1_1,4415.0,4363,68.157958984375,542015.8315120224,8674545.825030547,295.09531656901044,2022-03-28 10:59:09.666666752+00:00,0,2022-05-03,100 MHz,20220328,0.0,67.94952392578125,68.5748291015625,0.6670199843636319,0.6180516357421875,11,1.3887991032421851,0.5645033518473307,1.6215470415183035,1.640835958575271,66.4503818433177,70.07397118402605,0.20843505859375,0.0,0.7220380207111292,0.6180516357421875,8.0,0.0,1.3928910703193518,0.3386987050374349,0.0,0.0,0.0,0.0,0.0,0.0,certain_cold,226.93735758463544,226.93735758463544,POINT (542015.8315120224 8674545.825030547),dronbreen
dronbreen-20220328-DAT_0226_A1_1,4420.0,4368,67.94952392578125,542015.25660758,8674550.288895411,294.85134506225586,2022-03-28 10:59:11.249999872+00:00,0,2022-05-03,100 MHz,20220328,0.0,67.84530639648438,68.4706039428711,0.670268540733642,0.6180629470825195,11,1.384707593933148,0.4516092936197917,1.5822034892314656,1.6033171836779834,66.38881538216953,69.92709495718594,0.104217529296875,0.0,0.7155619348014045,0.6953080902099609,8.0,0.0,1.3908451795914463,0.4516092936197917,0.0,0.0,0.0,0.0,0.0,0.0,certain_cold,226.9018211364746,226.9018211364746,POINT (542015.25660758 8674550.288895411),dronbreen
dronbreen-20220328-DAT_0226_A1_1,4425.0,4375,67.7410888671875,542014.7359913797,8674555.157670991,294.5866394042969,2022-03-28 10:59:13+00:00,0,2022-05-03,100 MHz,20220328,0.0,67.63687896728516,68.157958984375,0.6775927861263653,0.46352741546630855,11,1.380616546462079,0.3386987050374349,1.495217885810556,1.5747859679872067,66.21532388176827,69.57951406989189,0.10420989990234375,0.0,0.7077945308579732,0.6180403244018554,8.0,0.0,1.384707593933148,0.6774139404296875,0.0,0.0,0.0,0.0,0.0,0.0,certain_cold,226.84555053710938,226.84555053710938,POINT (542014.7359913797 8674555.157670991),dronbreen
dronbreen-20220328-DAT_0226_A1_1,4430.0,4380,67.63687896728516,542014.3005484798,8674560.106652213,294.3092753092448,2022-03-28 10:59:14.666666752+00:00,0,2022-05-03,100 MHz,20220328,0.0,67.4284439086914,67.84530639648438,0.6887223910036939,0.30902581787109373,11,1.3785713469291576,0.4516092936197917,1.48320830255522,1.6058482009603785,65.97778546761789,69.29596483755789,0.20843505859375,0.0,0.7293865699759319,0.6953024345397949,8.0,0.0,1.3785713469291576,0.5645033518473307,0.0,0.0,0.0,0.0,0.0,0.0,certain_cold,226.67239634195965,226.67239634195965,POINT (542014.3005484798 8674560.106652213),dronbreen
dronbreen-20220328-DAT_0226_A1_1,4435.0,4386,67.32421875,542013.8368527298,8674565.551010802,293.99664306640625,2022-03-28 10:59:16.500000+00:00,0,2022-05-03,100 MHz,20220328,0.0,67.22000122070312,67.63687896728516,0.6988277823548344,0.3090371292114258,11,1.372435853553506,0.3387152353922527,1.4470010815604837,1.5769173891478734,65.80638593258334,69.05049425540494,0.104217529296875,0.0,0.7327040766780286,0.6953080902099609,8.0,0.0,1.3744809999337995,0.3387152353922527,0.0,0.0,0.0,0.0,0.0,0.0,certain_cold,226.67242431640625,226.67242431640625,POINT (542013.8368527298 8674565.551010802),dronbreen
dronbreen-20220328-DAT_0226_A1_1,4440.0,4392,67.32421875,542013.439401312,8674570.21760354,293.7222115652902,2022-03-28 10:59:18.142856960+00:00,0,2022-05-03,100 MHz,20220328,0.0,67.0115737915039,67.4284439086914,0.6723280125986411,0.46352741546630855,11,1.372435853553506,0.3386987050374349,1.4876675199123128,1.5653504212916718,65.5979624641182,68.84205523607712,0.31264495849609375,0.0,0.6934006029599195,0.540789525604248,8.0,0.0,1.372435853553506,0.33870697021484375,0.0,0.0,0.0,0.0,0.0,0.0,certain_cold,226.3979928152902,226.3979928152902,POINT (542013.439401312 8674570.21760354),dronbreen
dronbreen-20220328-DAT_0226_A1_1,4445.0,4398,67.0115737915039,542012.9551755347,8674575.386603937,293.412353515625,2022-03-28 10:59:20+00:00,0,2022-05-03,100 MHz,20220328,0.0,66.69892120361328,67.22000122070312,0.6662797591059487,0.30902581787109373,11,1.3663017268545294,0.5645033518473307,1.5102785832962866,1.6215341995921089,65.22059632624277,68.69832609807364,0.312652587890625,0.0,0.6839660023972525,0.4635330711364746,8.0,0.0,1.368346366183252,0.4516010284423828,0.0,0.0,0.0,0.0,0.0,0.0,certain_cold,226.4007797241211,226.4007797241211,POINT (542012.9551755347 8674575.386603937),dronbreen
dronbreen-20220328-DAT_0226_A1_1,4450.0,4403,66.80313873291016,542012.4246016544,8674580.115495633,293.1246643066406,2022-03-28 10:59:21.500000+00:00,0,2022-05-03,100 MHz,20220328,0.0,66.49049377441406,67.0115737915039,0.6631577553642644,0.30902581787109373,11,1.3622128093023411,0.4516092936197917,1.4680162288006362,1.5809341859833739,65.05537193571494,68.44669563020302,0.31264495849609375,0.0,0.6678945279159836,0.38627661666870117,8.0,0.0,1.364257207713838,0.5645116170247396,0.0,0.0,0.0,0.0,0.0,0.0,certain_cold,226.32152557373047,226.32152557373047,POINT (542012.4246016544 8674580.115495633),dronbreen
dronbreen-20220328-DAT_0226_A1_1,4455.0,4408,66.5947036743164,542011.691283227,8674585.210238542,292.80731201171875,2022-03-28 10:59:23+00:00,0,2022-05-03,100 MHz,20220328,0.0,66.28205108642578,66.69892120361328,0.6326784702705469,0.15451290893554687,11,1.3581243768477187,0.5645116170247396,1.4788676167161194,1.6010800215753647,64.81127741629706,68.169694873742,0.312652587890625,0.0,0.6394092218381445,0.30902581787109373,8.0,0.0,1.3581243768477187,0.5645116170247396,0.0,0.0,0.0,0.0,0.0,0.0,certain_cold,226.21260833740234,226.21260833740234,POINT (542011.691283227 8674585.210238542),dronbreen
dronbreen-20220328-DAT_0226_A1_1,4460.0,4413,66.28205108642578,542010.889420893,8674590.050275045,292.4908708844866,2022-03-28 10:59:24.571428608+00:00,0,2022-05-03,100 MHz,20220328,0.0,66.07361602783203,66.38626861572266,0.6197502079292471,0.30902581787109373,11,1.3519926473503556,0.6774139404296875,1.543460631596672,1.6342778482884248,64.5614077864916,67.89847685706309,0.20843505859375,0.0,0.629628810396995,0.30902581787109373,8.0,0.0,1.354036433884832,0.6774139404296875,0.0,0.0,0.0,0.0,0.0,0.0,certain_cold,226.2088197980608,226.2088197980608,POINT (542010.889420893 8674590.050275045),dronbreen
dronbreen-20220328-DAT_0226_A1_1,4465.0,4419,65.96939849853516,542009.9737248832,8674595.267807642,292.14061482747394,2022-03-28 10:59:26.333333248+00:00,0,2022-05-03,100 MHz,20220328,0.0,65.86518859863281,66.1778335571289,0.5915477378543892,0.30902581787109373,11,1.3458620342752123,0.6774056752522787,1.5380897308929367,1.6186882931336883,64.35846265667541,67.6845594990863,0.10420989990234375,0.0,0.5880594541456821,0.23176370773315427,8.0,0.0,1.3458620342752123,0.7903079986572266,0.0,0.0,0.0,0.0,0.0,0.0,certain_cold,226.17121632893878,226.17121632893878,POINT (542009.9737248832 8674595.267807642),dronbreen
dronbreen-20220328-DAT_0226_A1_1,4470.0,4424,65.65675354003906,542008.8885302659,8674600.196460366,291.7824401855469,2022-03-28 10:59:28+00:00,0,2022-05-03,100 MHz,20220328,0.0,65.65675354003906,65.96939849853516,0.5817854082664575,0.46352741546630855,11,1.3397327025070982,0.6774056752522787,1.5711842119623798,1.610042367238433,64.15550000947503,67.47065202909918,0.0,0.0,0.5862414221231792,0.23176370773315427,8.0,0.0,1.3397327025070982,0.6774056752522787,0.0,0.0,0.0,0.0,0.0,0.0,certain_cold,226.1256866455078,226.1256866455078,POINT (542008.8885302659 8674600.196460366),dronbreen
dronbreen-20220328-DAT_0226_A1_1,4475.0,4429,65.34410095214844,542008.0578807887,8674604.326653607,291.4819030761719,2022-03-28 10:59:29.333333248+00:00,0,2022-05-03,100 MHz,20220328,0.0,65.34410095214844,65.76097106933594,0.6073608231236751,0.46355003814697265,11,1.3336043685058272,0.6774139404296875,1.565972188850224,1.6143969238857494,63.848310105008935,67.25676191647544,0.0,0.0,0.612770699757488,0.30902581787109373,8.0,0.0,1.3336043685058272,0.6774139404296875,0.0,0.0,0.0,0.0,0.0,0.0,certain_cold,226.13780212402344,226.13780212402344,POINT (542008.0578807887 8674604.326653607),dronbreen
dronbreen-20220328-DAT_0226_A1_1,4480.0,4434,65.03144836425781,542007.0364011332,8674609.257299878,291.1105651855469,2022-03-28 10:59:31+00:00,0,2022-05-03,100 MHz,20220328,0.0,65.03144836425781,65.44831085205078,0.5863506826821308,0.30902581787109373,11,1.3274771977481392,0.6774139404296875,1.5220322970754026,1.6015281703146933,63.541117744150405,66.93864147215818,0.0,0.0,0.5941289390564737,0.3090201622009277,8.0,0.0,1.3274771977481392,0.6774139404296875,0.0,0.0,0.0,0.0,0.0,0.0,certain_cold,226.07911682128906,226.07911682128906,POINT (542007.0364011332 8674609.257299878),dronbreen
dronbreen-20220328-DAT_0226_A1_1,4485.0,4440,64.71879577636719,542005.841546152,8674614.430653805,290.72154235839844,2022-03-28 10:59:32.750000128+00:00,0,2022-05-03,100 MHz,20220328,0.0,64.71879577636719,65.03144836425781,0.5900417523879389,0.30902581787109373,11,1.3213512064160873,0.6774056752522787,1.5166886350441686,1.5978099790407727,63.233922899801236,66.51632124082377,0.0,0.0,0.5993279117360147,0.2317693634033203,8.0,0.0,1.3213512064160873,0.6774056752522787,0.0,0.0,0.0,0.0,0.0,0.0,certain_cold,226.00274658203125,226.00274658203125,POINT (542005.841546152 8674614.430653805),dronbreen
dronbreen-20220328-DAT_0226_A1_1,4490.0,4446,64.4061508178711,542004.7915533105,8674619.050246147,290.3807881673177,2022-03-28 10:59:34.333333248+00:00,0,2022-05-03,100 MHz,20220328,0.0,64.30192565917969,64.61458587646484,0.5715122797687556,0.46355003814697265,11,1.315226560433503,0.5645116170247396,1.504451032400752,1.5411426140860909,62.87066947280856,66.04584206283597,0.10422515869140625,0.0,0.5880592368443404,0.3090371292114258,8.0,0.0,1.315226560433503,0.5645116170247396,0.0,0.0,0.0,0.0,0.0,0.0,certain_cold,225.9746373494466,225.9746373494466,POINT (542004.7915533105 8674619.050246147),dronbreen
dronbreen-20220328-DAT_0226_A1_1,4495.0,4452,64.19770812988281,542003.7977896776,8674624.72615322,289.99168904622394,2022-03-28 10:59:36.333333248+00:00,0,2022-05-03,100 MHz,20220328,0.0,63.88505935668945,64.4061508178711,0.5480539723093398,0.4635330711364746,11,1.3111438867080334,0.6774139404296875,1.5468842381954562,1.574277959861082,62.40925857801358,65.88195159654697,0.3126487731933594,0.0,0.5542728750036532,0.3862737888336181,8.0,0.0,1.3111438867080334,0.6774139404296875,0.0,0.0,0.0,0.0,0.0,0.0,certain_cold,225.79398091634113,225.79398091634113,POINT (542003.7977896776 8674624.72615322),dronbreen
dronbreen-20220328-DAT_0226_A1_1,4500.0,4458,63.780845642089844,542002.8477928799,8674629.41090847,289.6751403808594,2022-03-28 10:59:38+00:00,0,2022-05-03,100 MHz,20220328,0.0,63.57240676879883,63.989280700683594,0.5511067107608129,0.4635330711364746,11,1.3029806246940268,0.9032103220621746,1.6517900297086507,1.6784713285764805,61.98698966462476,65.57469780485766,0.20843887329101562,0.0,0.5479368288939273,0.3090286457061767,8.0,0.0,1.3029806246940268,0.9032103220621746,0.0,0.0,0.0,0.0,0.0,0.0,certain_cold,225.89429473876953,225.89429473876953,POINT (542002.8477928799 8674629.41090847),dronbreen
dronbreen-20220328-DAT_0226_A1_1,4505.0,4464,63.363975524902344,542001.9124820237,8674634.03409102,289.3492838541667,2022-03-28 10:59:39.666666752+00:00,0,2022-05-03,100 MHz,20220328,0.0,63.155540466308594,63.780845642089844,0.5647336150862411,0.4635443824768066,11,1.29481943054936,0.9032185872395834,1.6453676089521885,1.6766887695907111,61.57681909315143,65.35956701524701,0.20843505859375,0.0,0.5674125361003426,0.4635387268066406,8.0,0.0,1.29481943054936,0.9032185872395834,0.0,0.0,0.0,0.0,0.0,0.0,certain_cold,225.98530832926434,225.98530832926434,POINT (542001.9124820237 8674634.03409102),dronbreen
dronbreen-20220328-DAT_0226_A1_1,4510.0,4470,62.947105407714844,542000.8233834264,8674639.263926866,288.9373125348772,2022-03-28 10:59:41.571428608+00:00,0,2022-05-03,100 MHz,20220328,0.0,62.73867416381836,63.363975524902344,0.5520023195267633,0.4635387268066406,11,1.286660495890033,0.9032185872395834,1.6389530802523224,1.6661349311451281,61.16663757136288,64.93601211735783,0.20843124389648438,0.0,0.5651874339602365,0.4635358989715576,8.0,0.0,1.286660495890033,0.9032185872395834,0.0,0.0,0.0,0.0,0.0,0.0,certain_cold,225.99020712716236,225.99020712716236,POINT (542000.8233834264 8674639.263926866),dronbreen
dronbreen-20220328-DAT_0226_A1_1,4515.0,4476,62.530235290527344,541999.8529884823,8674644.018939512,288.55224609375,2022-03-28 10:59:43.333333248+00:00,0,2022-05-03,100 MHz,20220328,0.0,62.426021575927734,62.947105407714844,0.5503911142026261,0.4635330711364746,11,1.278503863973623,0.7903121312459311,1.5729044163671173,1.6006547952582337,60.922969549220085,64.4501574344225,0.10421371459960938,0.0,0.5399157624754842,0.30902581787109373,8.0,0.0,1.278503863973623,0.7903121312459311,0.0,0.0,0.0,0.0,0.0,0.0,certain_cold,226.02201080322266,226.02201080322266,POINT (541999.8529884823 8674644.018939512),dronbreen
dronbreen-20220328-DAT_0226_A1_1,4520.0,4481,62.217586517333984,541998.8296213172,8674649.011565102,288.13848876953125,2022-03-28 10:59:45+00:00,0,2022-05-03,100 MHz,20220328,0.0,62.113372802734375,62.73867416381836,0.5723751584792721,0.30902581787109373,11,1.2723880024649619,0.6774056752522787,1.4742274701658729,1.5509555118458245,60.67189797545477,64.18014899109797,0.10421371459960938,0.0,0.5789178438576238,0.3090173343658447,8.0,0.0,1.2723880024649619,0.6774056752522787,0.0,0.0,0.0,0.0,0.0,0.0,certain_cold,225.92090225219727,225.92090225219727,POINT (541998.8296213172 8674649.011565102),dronbreen
dronbreen-20220328-DAT_0226_A1_1,4525.0,4487,61.904937744140625,541997.8298027628,8674654.066959538,287.74781290690106,2022-03-28 10:59:46.666666752+00:00,0,2022-05-03,100 MHz,20220328,0.0,61.800716400146484,62.217586517333984,0.560874337921563,0.30903147354125976,11,1.2662734802728715,0.5645074844360352,1.4204286953120009,1.495559176283447,60.41431197616816,63.60399094131231,0.10422134399414062,0.0,0.5343170381477858,0.23177501907348633,8.0,0.0,1.2662734802728715,0.5645074844360352,0.0,0.0,0.0,0.0,0.0,0.0,certain_cold,225.84287516276044,225.84287516276044,POINT (541997.8298027628 8674654.066959538),dronbreen
dronbreen-20220328-DAT_0226_A1_1,4530.0,4492,61.696502685546875,541997.0538117362,8674658.606510734,287.43067714146207,2022-03-28 10:59:48.142856960+00:00,0,2022-05-03,100 MHz,20220328,0.0,61.48807144165039,61.904937744140625,0.580256110588594,0.46352741546630855,11,1.2621978360982389,0.5645116170247396,1.4583121778603643,1.4995045505373985,60.10538682713884,63.28762235865218,0.312652587890625,0.0,0.538475689673717,0.30902299003601075,8.0,0.0,1.2621978360982389,0.5645116170247396,0.0,0.0,0.0,0.0,0.0,0.0,certain_cold,225.7341744559152,225.7341744559152,POINT (541997.0538117362 8674658.606510734),dronbreen
dronbreen-20220328-DAT_0226_A1_1,4535.0,4497,61.38385009765625,541996.243401877,8674663.19815551,287.1183369954427,2022-03-28 10:59:49.666666752+00:00,0,2022-05-03,100 MHz,20220328,0.0,61.27963638305664,61.696502685546875,0.5865181670394487,0.30902581787109373,11,1.256085515052464,0.7903203964233398,1.5158674434917643,1.5957320296323796,59.79560230321637,63.180536765387146,0.312652587890625,0.0,0.5679246437486883,0.30902299003601075,8.0,0.0,1.256085515052464,0.7903203964233398,0.0,0.0,0.0,0.0,0.0,0.0,certain_cold,225.73448689778644,225.73448689778644,POINT (541996.243401877 8674663.19815551),dronbreen
dronbreen-20220328-DAT_0226_A1_1,4540.0,4504,60.966976165771484,541995.098199025,8674668.621199604,286.7456817626953,2022-03-28 10:59:51.500000+00:00,0,2022-05-03,100 MHz,20220328,0.0,60.966976165771484,61.1754150390625,0.6154347491786699,0.1545185646057129,11,1.2479378482597197,0.6774056752522787,1.4283218505613169,1.5475746355118731,59.54703696919189,62.59535423564209,0.41686248779296875,0.0,0.5895415431049396,0.30903147354125976,8.0,0.0,1.2479378482597197,0.6774056752522787,0.0,0.0,0.0,0.0,0.0,0.0,certain_cold,225.77870559692383,225.77870559692383,POINT (541995.098199025 8674668.621199604),dronbreen
dronbreen-20220328-DAT_0226_A1_1,4545.0,4509,60.75855255126953,541994.0604588299,8674673.05508371,286.425048828125,2022-03-28 10:59:53+00:00,0,2022-05-03,100 MHz,20220328,0.0,60.75855255126953,60.86276626586914,0.6257759056442186,0.15450725326538084,11,1.2438652190853126,0.5645033518473307,1.3746771289319673,1.5024846759890318,59.39258596401455,62.22873285312412,0.521087646484375,0.0,0.5815916201695719,0.07725362663269042,8.0,0.0,1.2438652190853126,0.5645033518473307,0.0,0.0,0.0,0.0,0.0,0.0,certain_cold,225.66649627685547,225.66649627685547,POINT (541994.0604588299 8674673.05508371),dronbreen
dronbreen-20220328-DAT_0226_A1_1,4550.0,4514,60.44589614868164,541993.0772877772,8674677.986936826,286.04737345377606,2022-03-28 10:59:54.666666752+00:00,0,2022-05-03,100 MHz,20220328,0.0,60.13324737548828,60.550113677978516,0.661369558820147,0.15451290893554687,11,1.2377570619822302,0.6774139404296875,1.4194387729673597,1.5583137952637507,58.7222434098045,61.9611176436623,0.5210838317871094,0.0,0.5959203471465918,0.30902299003601075,8.0,0.0,1.2377570619822302,0.6774139404296875,0.0,0.0,0.0,0.0,0.0,0.0,certain_cold,225.60147730509442,225.60147730509442,POINT (541993.0772877772 8674677.986936826),dronbreen
dronbreen-20220328-DAT_0226_A1_1,4555.0,4519,60.13324737548828,541992.0667031544,8674682.97996519,285.68065388997394,2022-03-28 10:59:56.333333248+00:00,0,2022-05-03,100 MHz,20220328,0.0,59.82059097290039,60.237464904785156,0.6630098167261197,0.15451290893554687,11,1.23165050885739,0.7903121312459311,1.4715401726731343,1.606592125537268,58.35718527359375,61.7008706040918,0.4168701171875,0.0,0.6325482650373537,0.3090286457061767,8.0,0.0,1.23165050885739,0.7903121312459311,0.0,0.0,0.0,0.0,0.0,0.0,certain_cold,225.54740651448566,225.54740651448566,POINT (541992.0667031544 8674682.97996519),dronbreen
dronbreen-20220328-DAT_0226_A1_1,4560.0,4525,59.71637725830078,541990.9904878977,8674688.032973655,285.34027099609375,2022-03-28 10:59:58+00:00,0,2022-05-03,100 MHz,20220328,0.0,59.5079460144043,59.82059097290039,0.6526528603456576,0.15450725326538084,11,1.2235106395705273,0.7903162638346355,1.4647356667110385,1.596099570246539,58.05138222176636,61.27715476553833,0.4168701171875,0.0,0.6251466981830506,0.23176370773315427,8.0,0.0,1.2235106395705273,0.7903162638346355,0.0,0.0,0.0,0.0,0.0,0.0,certain_cold,225.62389373779297,225.62389373779297,POINT (541990.9904878977 8674688.032973655),dronbreen
dronbreen-20220328-DAT_0226_A1_1,4565.0,4530,59.403724670410156,541989.7780192965,8674692.957656896,285.00694783528644,2022-03-28 10:59:59.666666752+00:00,0,2022-05-03,100 MHz,20220328,0.0,59.29950714111328,59.5079460144043,0.6615187275032683,0.1545185646057129,11,1.217407492127085,0.6774098078409831,1.4017278753217852,1.5422619999480824,57.906321923833715,60.90113123168386,0.3126487731933594,0.0,0.6434911074888847,0.1545185646057129,8.0,0.0,1.217407492127085,0.6774098078409831,0.0,0.0,0.0,0.0,0.0,0.0,certain_cold,225.60322316487628,225.60322316487628,POINT (541989.7780192965 8674692.957656896),dronbreen
dronbreen-20220328-DAT_0226_A1_1,4570.0,4535,59.0910758972168,541988.6691359197,8674697.424766986,284.6840558733259,2022-03-28 11:00:01.142856960+00:00,0,2022-05-03,100 MHz,20220328,0.0,59.0910758972168,59.19529342651367,0.6574762544654573,0.15451290893554687,11,1.2113059482543023,0.7903121312459311,1.4545547786516893,1.5887512046436558,57.64475111865883,60.64161820507164,0.312652587890625,0.0,0.6400171461936373,0.15451290893554687,8.0,0.0,1.2113059482543023,0.7903121312459311,0.0,0.0,0.0,0.0,0.0,0.0,certain_cold,225.59297997610912,225.59297997610912,POINT (541988.6691359197 8674697.424766986),dronbreen
dronbreen-20220328-DAT_0226_A1_1,4575.0,4541,58.6742057800293,541987.4565415703,8674702.2519668,284.3188781738281,2022-03-28 11:00:02.750000128+00:00,0,2022-05-03,100 MHz,20220328,0.0,58.6742057800293,58.88264083862305,0.6628608800027729,0.30902581787109373,11,1.2031728760102969,0.9032185872395834,1.5358794685823678,1.644023519339066,57.16973617717853,60.387110441473816,0.20843124389648438,0.0,0.6632335335387679,0.15451290893554687,8.0,0.0,1.2031728760102969,0.9032185872395834,0.0,0.0,0.0,0.0,0.0,0.0,certain_cold,225.64467239379883,225.64467239379883,POINT (541987.4565415703 8674702.2519668),dronbreen
dronbreen-20220328-DAT_0226_A1_1,4580.0,4547,58.2573356628418,541986.071146751,8674707.915634828,283.9037780761719,2022-03-28 11:00:04.666666752+00:00,0,2022-05-03,100 MHz,20220328,0.0,58.15312194824219,58.56998825073242,0.6604733467842929,0.30903147354125976,11,1.1950426199149582,0.6774139404296875,1.4080188073107425,1.5242183412864865,56.77943475309852,59.94367544587609,0.10421371459960938,0.0,0.6638178219433797,0.30902299003601075,8.0,0.0,1.1950426199149582,0.6774139404296875,0.0,0.0,0.0,0.0,0.0,0.0,certain_cold,225.64644241333008,225.64644241333008,POINT (541986.071146751 8674707.915634828),dronbreen
dronbreen-20220328-DAT_0226_A1_1,4585.0,4551,58.04890060424805,541985.0309651026,8674712.225383375,283.59765625,2022-03-28 11:00:06+00:00,0,2022-05-03,100 MHz,20220328,0.0,57.94468688964844,58.2573356628418,0.6597261102783037,0.30902581787109373,11,1.1909785659468215,0.6774056752522787,1.404565893619677,1.5207060642976615,56.57453784906608,59.62748470342415,0.10421371459960938,0.0,0.6816928204576834,0.3090201622009277,8.0,0.0,1.1909785659468215,0.6774056752522787,0.0,0.0,0.0,0.0,0.0,0.0,certain_cold,225.54875564575195,225.54875564575195,POINT (541985.0309651026 8674712.225383375),dronbreen
dronbreen-20220328-DAT_0226_A1_1,4590.0,4557,57.63203811645508,541983.7274210034,8674717.209254574,283.2219009399414,2022-03-28 11:00:07.500000+00:00,0,2022-05-03,100 MHz,20220328,0.0,57.63203811645508,57.94468688964844,0.6841184197907554,0.30902581787109373,11,1.1828527917634606,0.6774056752522787,1.3976824145554336,1.5251351376660394,56.268946345572935,59.30777866053058,0.20843505859375,0.0,0.7214989140285024,0.3090201622009277,8.0,0.0,1.1828527917634606,0.6774056752522787,0.0,0.0,0.0,0.0,0.0,0.0,certain_cold,225.58986282348633,225.58986282348633,POINT (541983.7274210034 8674717.209254574),dronbreen
dronbreen-20220328-DAT_0226_A1_1,4595.0,4562,57.42360305786133,541982.4180686652,8674722.37904173,282.7976379394531,2022-03-28 11:00:09+00:00,0,2022-05-03,100 MHz,20220328,0.0,57.215171813964844,57.63203811645508,0.6846958513398009,0.30902581787109373,11,1.1787909378930295,0.5645116170247396,1.3430258363581518,1.4754761434386356,55.90818235684799,58.939027573571934,0.312652587890625,0.0,0.7208271277578157,0.30902299003601075,8.0,0.0,1.1787909378930295,0.5645116170247396,0.0,0.0,0.0,0.0,0.0,0.0,certain_cold,225.3740348815918,225.3740348815918,POINT (541982.4180686652 8674722.37904173),dronbreen
dronbreen-20220328-DAT_0226_A1_1,4600.0,4566,57.1109504699707,541981.4701332293,8674727.00184027,282.4252014160156,2022-03-28 11:00:10.333333248+00:00,0,2022-05-03,100 MHz,20220328,0.0,57.00673294067383,57.31938171386719,0.6945749952554189,0.4635330711364746,11,1.1726995631590296,0.5645116170247396,1.3815790021661725,1.4752396602665379,55.7052347150933,58.62087993944772,0.20843505859375,0.0,0.7409942651935854,0.30902581787109373,8.0,0.0,1.1726995631590296,0.5645116170247396,0.0,0.0,0.0,0.0,0.0,0.0,certain_cold,225.31425094604492,225.31425094604492,POINT (541981.4701332293 8674727.00184027),dronbreen
dronbreen-20220328-DAT_0226_A1_1,4605.0,4571,56.90251541137695,541980.725135468,8674731.863607425,282.05308532714844,2022-03-28 11:00:11.750000128+00:00,0,2022-05-03,100 MHz,20220328,0.0,56.69407653808594,57.00673294067383,0.6690885803739663,0.4635443824768066,11,1.1686395954513935,0.45161342620849615,1.335869224630307,1.4203354248822435,55.44121054733171,58.25959893142806,0.3126487731933594,0.0,0.7066976810099,0.3090286457061767,8.0,0.0,1.1686395954513935,0.45161342620849615,0.0,0.0,0.0,0.0,0.0,0.0,certain_cold,225.15056991577148,225.15056991577148,POINT (541980.725135468 8674731.863607425),dronbreen
dronbreen-20220328-DAT_0226_A1_1,4610.0,4575,56.69407653808594,541980.1446425332,8674736.358323593,281.7312927246094,2022-03-28 11:00:13+00:00,0,2022-05-03,100 MHz,20220328,0.0,56.381431579589844,56.79829788208008,0.6846956718733136,0.46352741546630855,11,1.1645803217479411,0.4516010284423828,1.3323094533859736,1.4244293516263993,55.132355595234706,58.047373866435215,0.31264495849609375,0.0,0.7346843463513423,0.38627944450378415,8.0,0.0,1.1645803217479411,0.4516010284423828,0.0,0.0,0.0,0.0,0.0,0.0,certain_cold,225.03721618652344,225.03721618652344,POINT (541980.1446425332 8674736.358323593),dronbreen
dronbreen-20220328-DAT_0226_A1_1,4615.0,4579,56.485652923583984,541979.5593776713,8674741.209577618,281.38730875651044,2022-03-28 11:00:14.333333248+00:00,0,2022-05-03,100 MHz,20220328,0.0,56.17299270629883,56.589866638183594,0.6742325243279998,0.46355003814697265,11,1.1605221214959396,0.5645074844360353,1.3712618029872328,1.4560459440991014,54.88245781933694,57.88040152514548,0.4168739318847656,0.0,0.7336280200311457,0.38627944450378415,8.0,0.0,1.1605221214959396,0.5645074844360353,0.0,0.0,0.0,0.0,0.0,0.0,certain_cold,224.90165583292645,224.90165583292645,POINT (541979.5593776713 8674741.209577618),dronbreen
dronbreen-20220328-DAT_0226_A1_1,4620.0,4584,56.17299270629883,541978.9583355442,8674746.46354971,281.0185852050781,2022-03-28 11:00:15.750000128+00:00,0,2022-05-03,100 MHz,20220328,0.0,55.860347747802734,56.27721405029297,0.6743803912464639,0.46352741546630855,11,1.1544358119153963,0.6774139404296875,1.4164989782594664,1.4987997206494836,54.52183675026807,57.61572504782763,0.4168663024902344,0.0,0.7348185241878556,0.38627944450378415,8.0,0.0,1.1544358119153963,0.5645116170247396,0.0,0.0,0.0,0.0,0.0,0.0,certain_cold,224.8455924987793,224.8455924987793,POINT (541978.9583355442 8674746.46354971),dronbreen
dronbreen-20220328-DAT_0226_A1_1,4625.0,4588,55.860347747802734,541978.4212626837,8674751.099197863,280.7172546386719,2022-03-28 11:00:17+00:00,0,2022-05-03,100 MHz,20220328,0.0,55.547691345214844,56.06877899169922,0.6718843523342879,0.6180572914123534,11,1.1483515925892123,0.6774098078409831,1.469554437041824,1.4929916312133178,54.21442639481626,57.402043942097805,0.3126564025878906,0.0,0.7348158190528319,0.4635358989715576,8.0,0.0,1.1503795141873385,0.5645033518473307,0.0,0.0,0.0,0.0,0.0,0.0,certain_cold,224.85690689086914,224.85690689086914,POINT (541978.4212626837 8674751.099197863),dronbreen
dronbreen-20220328-DAT_0226_A1_1,4630.0,4593,55.547691345214844,541977.9058034988,8674756.57296072,280.37677001953125,2022-03-28 11:00:18.500000+00:00,0,2022-05-03,100 MHz,20220328,0.0,55.235042572021484,55.756126403808594,0.6745265647638875,0.4635330711364746,11,1.1422689724899746,0.7903121312459311,1.4643205176275447,1.5441365732602668,53.84602433228963,57.14514464354045,0.41686248779296875,0.0,0.7388976730994012,0.38627944450378415,8.0,0.0,1.1442963577618064,0.903214454650879,0.0,0.0,0.0,0.0,0.0,0.0,certain_cold,224.8290786743164,224.8290786743164,POINT (541977.9058034988 8674756.57296072),dronbreen
dronbreen-20220328-DAT_0226_A1_1,4635.0,4599,55.130828857421875,541977.360911649,8674761.939461758,280.0477033342634,2022-03-28 11:00:20.142856960+00:00,0,2022-05-03,100 MHz,20220328,0.0,54.818172454833984,55.44347381591797,0.681804921731004,0.4635443824768066,11,1.134161944434099,0.7903121312459311,1.4580089079024263,1.5413547717166358,53.435813391132726,56.82583287961923,0.4168663024902344,0.0,0.7489330782633116,0.4635330711364746,8.0,0.0,1.134161944434099,0.9032185872395834,0.0,0.0,0.0,0.0,0.0,0.0,certain_cold,224.91687447684154,224.91687447684154,POINT (541977.360911649 8674761.939461758),dronbreen
dronbreen-20220328-DAT_0226_A1_1,4640.0,4604,54.818172454833984,541976.857023205,8674766.86858615,279.73975626627606,2022-03-28 11:00:21.666666752+00:00,0,2022-05-03,100 MHz,20220328,0.0,54.505523681640625,55.130828857421875,0.6818071374821678,0.4635443824768066,11,1.12808369038612,0.7903203964233398,1.4532902449420475,1.5368930067638216,53.12814241941948,56.50821011964302,0.4168701171875,0.0,0.74893613052914,0.4635358989715576,8.0,0.0,1.12808369038612,0.7903203964233398,0.0,0.0,0.0,0.0,0.0,0.0,certain_cold,224.92158381144208,224.92158381144208,POINT (541976.857023205 8674766.86858615),dronbreen
dronbreen-20220328-DAT_0226_A1_1,4645.0,4608,54.401302337646484,541976.4499801474,8674771.32220238,279.4572448730469,2022-03-28 11:00:23+00:00,0,2022-05-03,100 MHz,20220328,0.0,54.192867279052734,54.922393798828125,0.6838316537364577,0.4635443824768066,11,1.1199824455824332,0.7903079986572266,1.4470040793585215,1.5318528460026235,52.82212025237188,56.29314082550898,0.20843505859375,0.0,0.7530676035398416,0.540798009109497,8.0,0.0,1.1199824455824332,0.7903079986572266,0.0,0.0,0.0,0.0,0.0,0.0,certain_cold,225.0559425354004,225.0559425354004,POINT (541976.4499801474 8674771.32220238),dronbreen
dronbreen-20220328-DAT_0226_A1_1,4650.0,4613,54.08865737915039,541976.1243604302,8674776.02649544,279.18372599283856,2022-03-28 11:00:24.333333248+00:00,0,2022-05-03,100 MHz,20220328,0.0,53.88022232055664,54.6097412109375,0.6904405865520843,0.6180403244018554,11,1.1139089472805432,0.6774056752522787,1.4427908491123702,1.475255840610038,52.5765077844347,55.91345574705944,0.312652587890625,0.0,0.7606270875769262,0.4635358989715576,8.0,0.0,1.1139089472805432,0.6774056752522787,0.0,0.0,0.0,0.0,0.0,0.0,certain_cold,225.09506861368817,225.09506861368817,POINT (541976.1243604302 8674776.02649544),dronbreen
dronbreen-20220328-DAT_0226_A1_1,4655.0,4618,53.776004791259766,541975.8231992883,8674781.405049274,278.90633283342635,2022-03-28 11:00:25.857143040+00:00,0,2022-05-03,100 MHz,20220328,0.0,53.46335220336914,54.297088623046875,0.7146144070529595,0.6180516357421875,11,1.1078372969546735,0.6774139404296875,1.4381171536616573,1.4821831445472475,52.16481721223016,55.595623614185854,0.312652587890625,0.0,0.8034085874653165,0.6953024345397949,8.0,0.0,1.1078372969546735,0.6774139404296875,0.0,0.0,0.0,0.0,0.0,0.0,certain_cold,225.13032804216658,225.13032804216658,POINT (541975.8231992883 8674781.405049274),dronbreen
dronbreen-20220328-DAT_0226_A1_1,4660.0,4623,53.46335220336914,541975.5019387753,8674786.552567696,278.64739990234375,2022-03-28 11:00:27.333333248+00:00,0,2022-05-03,100 MHz,20220328,0.0,53.25491714477539,53.98444366455078,0.6838312784873468,0.4635330711364746,11,1.1017676758412358,0.6774098078409831,1.3739137408603819,1.4630110309650421,51.96155870285461,55.27780210647156,0.3126487731933594,0.0,0.7617743083527223,0.6180516357421875,8.0,0.0,1.1017676758412358,0.5645116170247396,0.0,0.0,0.0,0.0,0.0,0.0,certain_cold,225.1840476989746,225.1840476989746,POINT (541975.5019387753 8674786.552567696),dronbreen
dronbreen-20220328-DAT_0226_A1_1,4665.0,4628,53.15070343017578,541975.1084749572,8674791.285755236,278.3856964111328,2022-03-28 11:00:28.750000128+00:00,0,2022-05-03,100 MHz,20220328,0.0,52.942264556884766,53.671783447265625,0.6898684506827214,0.6180403244018554,11,1.095700191680644,0.6774056752522787,1.428779619640393,1.4612856798587925,51.654073049804786,54.959974954345604,0.3126487731933594,0.0,0.7697510235244599,0.6180431522369384,8.0,0.0,1.097722405728678,0.6774056752522787,0.0,0.0,0.0,0.0,0.0,0.0,certain_cold,225.23499298095703,225.23499298095703,POINT (541975.1084749572 8674791.285755236),dronbreen
dronbreen-20220328-DAT_0226_A1_1,4670.0,4633,52.83805465698242,541974.6352607863,8674796.326611824,278.0889078776042,2022-03-28 11:00:30.333333248+00:00,0,2022-05-03,100 MHz,20220328,0.0,52.52539825439453,53.25491714477539,0.7115671503293293,0.6180403244018554,11,1.0896348048652378,0.7903121312459311,1.481172209891524,1.5225718643781623,51.179330918497776,54.600984480672146,0.4168701171875,0.0,0.80098965190431,0.6180459800720215,8.0,0.0,1.0896348048652378,0.9032103220621746,0.0,0.0,0.0,0.0,0.0,0.0,certain_cold,225.25085322062176,225.25085322062176,POINT (541974.6352607863 8674796.326611824),dronbreen
dronbreen-20220328-DAT_0226_A1_1,4675.0,4638,52.42118453979492,541974.1277893273,8674801.370828545,277.7940586635045,2022-03-28 11:00:31.857143040+00:00,0,2022-05-03,100 MHz,20220328,0.0,52.21275329589844,52.942264556884766,0.7068339615743672,0.4635387268066406,11,1.0815508473585944,0.7903162638346355,1.417469641139856,1.5145845243955667,50.873219036424786,54.28179881635842,0.312652587890625,0.0,0.791736137776884,0.6180459800720215,8.0,0.0,1.0815508473585944,0.7903162638346355,0.0,0.0,0.0,0.0,0.0,0.0,certain_cold,225.37287412370955,225.37287412370955,POINT (541974.1277893273 8674801.370828545),dronbreen
dronbreen-20220328-DAT_0226_A1_1,4680.0,4643,52.1085319519043,541973.6021625245,8674806.529680623,277.49183146158856,2022-03-28 11:00:33.333333248+00:00,0,2022-05-03,100 MHz,20220328,0.0,51.90009307861328,52.62961959838867,0.7041755409523754,0.4635330711364746,11,1.0754904187732464,0.6774098078409831,1.3529325913250159,1.453074974358784,50.62904481492216,53.90066786207979,0.3126487731933594,0.0,0.7994149737368497,0.6180488079071045,8.0,0.0,1.0754904187732464,0.6774098078409831,0.0,0.0,0.0,0.0,0.0,0.0,certain_cold,225.38329950968426,225.38329950968426,POINT (541973.6021625245 8674806.529680623),dronbreen
dronbreen-20220328-DAT_0226_A1_1,4685.0,4647,51.79588317871094,541973.0433825376,8674811.350748211,277.1790262858073,2022-03-28 11:00:34.666666752+00:00,0,2022-05-03,100 MHz,20220328,0.0,51.58744812011719,52.31696319580078,0.7413354077054135,0.4635387268066406,11,1.0694322819632238,0.6774098078409831,1.3481237349419182,1.4670199862926128,50.32152179782816,53.58288951808981,0.312652587890625,0.0,0.8382616569615491,0.6180459800720215,8.0,0.0,1.0694322819632238,0.6774098078409831,0.0,0.0,0.0,0.0,0.0,0.0,certain_cold,225.38314310709637,225.38314310709637,POINT (541973.0433825376 8674811.350748211),dronbreen
dronbreen-20220328-DAT_0226_A1_1,4690.0,4652,51.48323059082031,541972.4560780375,8674815.860761011,276.8846740722656,2022-03-28 11:00:36+00:00,0,2022-05-03,100 MHz,20220328,0.0,51.27479553222656,52.00431442260742,0.720941287021118,0.4635330711364746,11,1.0633763270014198,0.7903162638346355,1.4036494996065718,1.5083518651296963,49.94989213585814,53.32921781897584,0.3126487731933594,0.0,0.8204863055763408,0.6180459800720215,8.0,0.0,1.0633763270014198,0.7903162638346355,0.0,0.0,0.0,0.0,0.0,0.0,certain_cold,225.4014434814453,225.4014434814453,POINT (541972.4560780375 8674815.860761011),dronbreen
dronbreen-20220328-DAT_0226_A1_1,4695.0,4657,51.06636047363281,541971.5223618171,8674821.662627237,276.49875895182294,2022-03-28 11:00:37.666666752+00:00,0,2022-05-03,100 MHz,20220328,0.0,50.85792922973633,51.6916618347168,0.7606610041522265,0.4635387268066406,11,1.055305296494433,0.7903162638346355,1.397546856795958,1.5221281907016286,49.539494906119586,53.01009615833354,0.20843124389648438,0.0,0.8701613533741431,0.6180459800720215,8.0,0.0,1.055305296494433,0.7903162638346355,0.0,0.0,0.0,0.0,0.0,0.0,certain_cold,225.43239847819012,225.43239847819012,POINT (541971.5223618171 8674821.662627237),dronbreen
dronbreen-20220328-DAT_0226_A1_1,4700.0,4661,50.75370788574219,541970.7165718591,8674826.227842173,276.19384765625,2022-03-28 11:00:39+00:00,0,2022-05-03,100 MHz,20220328,0.0,50.5452766418457,51.37901306152344,0.7507314467527747,0.4635387268066406,11,1.0492547572732274,0.7903121312459311,1.3929813213767464,1.512985960145863,49.23168278891589,52.69260691445325,0.20843124389648438,0.0,0.8637856172785686,0.6180488079071045,8.0,0.0,1.0492547572732274,0.7903121312459311,0.0,0.0,0.0,0.0,0.0,0.0,certain_cold,225.4401397705078,225.4401397705078,POINT (541970.7165718591 8674826.227842173),dronbreen
dronbreen-20220328-DAT_0226_A1_1,4705.0,4667,50.33684158325195,541969.7263684061,8674831.593714295,275.8269348144531,2022-03-28 11:00:40.500000+00:00,0,2022-05-03,100 MHz,20220328,0.0,50.23262405395508,50.96214294433594,0.7593611500464614,0.4635387268066406,11,1.0411911679566634,0.7903121312459311,1.3869176126486276,1.5117214258008422,48.92546212327264,52.26930487501838,0.20843124389648438,0.0,0.8744954369527229,0.6180459800720215,8.0,0.0,1.0411911679566634,0.7903121312459311,0.0,0.0,0.0,0.0,0.0,0.0,certain_cold,225.49009323120117,225.49009323120117,POINT (541969.7263684061 8674831.593714295),dronbreen
dronbreen-20220328-DAT_0226_A1_1,4710.0,4671,50.02418899536133,541968.9895376515,8674835.7888904,275.52899169921875,2022-03-28 11:00:41.666666752+00:00,0,2022-05-03,100 MHz,20220328,0.0,49.91997146606445,50.64949035644531,0.7869470998640999,0.30903147354125976,11,1.0351462668905547,0.5645074844360352,1.2188916873458586,1.417562073359142,48.74090552480342,51.82855629770634,0.104217529296875,0.0,0.9084364713666834,0.5407923534393311,8.0,0.0,1.0351462668905547,0.6774139404296875,0.0,0.0,0.0,0.0,0.0,0.0,certain_cold,225.50480270385742,225.50480270385742,POINT (541968.9895376515 8674835.7888904),dronbreen
dronbreen-20220328-DAT_0226_A1_1,4715.0,4675,49.815757751464844,541968.2377664365,8674840.665958343,275.1938171386719,2022-03-28 11:00:43+00:00,0,2022-05-03,100 MHz,20220328,0.0,49.607322692871094,50.441062927246094,0.8103135330995026,0.30902581787109373,11,1.031117785774764,0.6774139404296875,1.2718453093597613,1.476042532162853,48.37359114393934,51.674794476177844,0.20843505859375,0.0,0.9337047855276301,0.6180516357421875,8.0,0.0,1.02910385326094,0.6774139404296875,0.0,0.0,0.0,0.0,0.0,0.0,certain_cold,225.37805938720703,225.37805938720703,POINT (541968.2377664365 8674840.665958343),dronbreen
dronbreen-20220328-DAT_0226_A1_1,4720.0,4680,49.39888381958008,541967.390268364,8674846.36196462,274.81256103515625,2022-03-28 11:00:44.500000+00:00,0,2022-05-03,100 MHz,20220328,0.0,49.294673919677734,50.12841033935547,0.8140822704414188,0.1545185646057129,11,1.0230639711416625,0.903214454650879,1.3734381045195458,1.5890834412281467,47.929955545749095,51.49312871328411,0.10420989990234375,0.0,0.9371252755640261,0.6180488079071045,8.0,0.0,1.0230639711416625,0.7903079986572266,0.0,0.0,0.0,0.0,0.0,0.0,certain_cold,225.41367721557617,225.41367721557617,POINT (541967.390268364 8674846.36196462),dronbreen
dronbreen-20220328-DAT_0226_A1_1,4725.0,4685,48.98202133178711,541966.6275972939,8674850.87425064,274.49822998046875,2022-03-28 11:00:45.750000128+00:00,0,2022-05-03,100 MHz,20220328,0.0,48.98202133178711,49.7115364074707,0.8225273659936366,0.15451290893554687,11,1.0150149582636991,0.7903038660685221,1.2956503406589435,1.5268879572615475,47.695617209350495,50.99794052990732,0.0,0.0,0.9427987994328416,0.540789525604248,8.0,0.0,1.0150149582636991,0.7903038660685221,0.0,0.0,0.0,0.0,0.0,0.0,certain_cold,225.51620864868164,225.51620864868164,POINT (541966.6275972939 8674850.87425064),dronbreen
dronbreen-20220328-DAT_0226_A1_1,4730.0,4689,48.66937255859375,541965.709165284,8674855.47471578,274.1614990234375,2022-03-28 11:00:47+00:00,0,2022-05-03,100 MHz,20220328,0.0,48.66937255859375,49.50310516357422,0.8238489968173001,0.15450725326538084,11,1.008981233769429,0.5645116170247396,1.1664428777982994,1.4196632225325967,47.51320799597528,50.65926972619269,0.0,0.0,0.9482371314776675,0.6180459800720215,8.0,0.0,1.008981233769429,0.5645116170247396,0.0,0.0,0.0,0.0,0.0,0.0,certain_cold,225.49212646484375,225.49212646484375,POINT (541965.709165284 8674855.47471578),dronbreen
dronbreen-20220328-DAT_0226_A1_1,4735.0,4693,48.460933685302734,541964.5556043512,8674860.153125973,273.7871602376302,2022-03-28 11:00:48.333333248+00:00,0,2022-05-03,100 MHz,20220328,0.0,48.356719970703125,49.190452575683594,0.7938183595609298,0.3090201622009277,11,1.004960117348208,0.6774139404296875,1.2507309641948134,1.4487864135630917,47.14476515135176,50.402407395034956,0.10421371459960938,0.0,0.9102499939864265,0.6180459800720215,8.0,0.0,1.004960117348208,0.6774139404296875,0.0,0.0,0.0,0.0,0.0,0.0,certain_cold,225.32622655232746,225.32622655232746,POINT (541964.5556043512 8674860.153125973),dronbreen
dronbreen-20220328-DAT_0226_A1_1,4740.0,4699,48.0440673828125,541962.8997412919,8674865.808354141,273.28509521484375,2022-03-28 11:00:50+00:00,0,2022-05-03,100 MHz,20220328,0.0,47.939849853515625,48.77358627319336,0.7607908854638659,0.3090201622009277,11,0.9969217443077922,0.6774098078409831,1.2442790975820242,1.425320940503486,46.73455444904714,49.978881677661846,0.104217529296875,0.0,0.8697153089708687,0.6180488079071045,8.0,0.0,0.9969217443077922,0.6774098078409831,0.0,0.0,0.0,0.0,0.0,0.0,certain_cold,225.24102783203125,225.24102783203125,POINT (541962.8997412919 8674865.808354141),dronbreen
dronbreen-20220328-DAT_0226_A1_1,4745.0,4703,47.83563232421875,541961.8940655128,8674870.243258985,272.90399169921875,2022-03-28 11:00:51.333333248+00:00,0,2022-05-03,100 MHz,20220328,0.0,47.627201080322266,48.56515121459961,0.7461132699583585,0.4635330711364746,11,0.9929043699889415,0.5645116170247396,1.232637563007162,1.3642644411209204,46.48503977223176,49.70731252269012,0.20843124389648438,0.0,0.8443688806978551,0.6953024345397949,8.0,0.0,0.9929043699889415,0.5645116170247396,0.0,0.0,0.0,0.0,0.0,0.0,certain_cold,225.068359375,225.068359375,POINT (541961.8940655128 8674870.243258985),dronbreen
dronbreen-20220328-DAT_0226_A1_1,4750.0,4707,47.522979736328125,541960.9138691229,8674874.678960636,272.53131103515625,2022-03-28 11:00:52.666666752+00:00,0,2022-05-03,100 MHz,20220328,0.0,47.31454849243164,48.252498626708984,0.7269431147303231,0.4635387268066406,11,0.9868806620902962,0.7903162638346355,1.3466259277686732,1.4584167888992303,46.05021734985493,49.51682976928569,0.20843124389648438,0.0,0.8201328787532223,0.6953024345397949,8.0,0.0,0.9868806620902962,0.7903162638346355,0.0,0.0,0.0,0.0,0.0,0.0,certain_cold,225.00833129882812,225.00833129882812,POINT (541960.9138691229 8674874.678960636),dronbreen
dronbreen-20220328-DAT_0226_A1_1,4755.0,4713,47.106109619140625,541959.452980246,8674880.216222554,272.05299886067706,2022-03-28 11:00:54.333333248+00:00,0,2022-05-03,100 MHz,20220328,0.0,46.897674560546875,47.83563232421875,0.6965630624373543,0.4635387268066406,11,0.9788535260089719,0.7903079986572266,1.3407494580909998,1.4380337471957652,45.63960422939611,49.09370265536951,0.20843505859375,0.0,0.7818763712630497,0.6953080902099609,8.0,0.0,0.9788535260089719,0.7903079986572266,0.0,0.0,0.0,0.0,0.0,0.0,certain_cold,224.94688924153644,224.94688924153644,POINT (541959.452980246 8674880.216222554),dronbreen
dronbreen-20220328-DAT_0226_A1_1,4760.0,4717,46.79346466064453,541958.116135857,8674884.640777396,271.67413330078125,2022-03-28 11:00:55.666666752+00:00,0,2022-05-03,100 MHz,20220328,0.0,46.58502960205078,47.522979736328125,0.6950011860445396,0.46352741546630855,11,0.9728367458000318,0.6774056752522787,1.2728501277572577,1.3741602641053583,45.39958041172553,48.708428926653376,0.20843505859375,0.0,0.7818756085686763,0.6953024345397949,8.0,0.0,0.9728367458000318,0.6774056752522787,0.0,0.0,0.0,0.0,0.0,0.0,certain_cold,224.88066864013672,224.88066864013672,POINT (541958.116135857 8674884.640777396),dronbreen
dronbreen-20220328-DAT_0226_A1_1,4765.0,4722,46.480812072753906,541956.5547738543,8674889.43051137,271.273202078683,2022-03-28 11:00:57.142856960+00:00,0,2022-05-03,100 MHz,20220328,0.0,46.272377014160156,47.2103271484375,0.669087310992323,0.30902581787109373,11,0.9668228153995261,0.6774139404296875,1.2203003561322274,1.3569501954001406,45.09185340022203,48.39085076237563,0.20843505859375,0.0,0.7482860072621546,0.6953024345397949,8.0,0.0,0.9668228153995261,0.6774139404296875,0.0,0.0,0.0,0.0,0.0,0.0,certain_cold,224.79239000592912,224.79239000592912,POINT (541956.5547738543 8674889.43051137),dronbreen
dronbreen-20220328-DAT_0226_A1_1,4770.0,4727,46.16815948486328,541954.8656881048,8674894.402351672,270.83697509765625,2022-03-28 11:00:58.666666752+00:00,0,2022-05-03,100 MHz,20220328,0.0,45.95972442626953,46.897674560546875,0.6289231566373954,0.4635330711364746,11,0.9608119379399428,0.5645116170247396,1.206936557521151,1.2796004387302078,44.84534884064151,48.01205014617489,0.20843505859375,0.0,0.6974428260568941,0.6953024345397949,8.0,0.0,0.9608119379399428,0.5645116170247396,0.0,0.0,0.0,0.0,0.0,0.0,certain_cold,224.66881561279297,224.66881561279297,POINT (541954.8656881048 8674894.402351672),dronbreen
dronbreen-20220328-DAT_0226_A1_1,4775.0,4731,45.95972442626953,541953.2555649143,8674899.004465576,270.3978576660156,2022-03-28 11:01:00+00:00,0,2022-05-03,100 MHz,20220328,0.0,45.647071838378906,46.58502960205078,0.6183145129769004,0.6180459800720215,11,0.9568064107934554,0.6774098078409831,1.325271062453941,1.3253963152402657,44.474739737182915,47.75736170324677,0.312652587890625,0.0,0.6718036018253516,0.6953080902099609,8.0,0.0,0.9568064107934554,0.6774098078409831,0.0,0.0,0.0,0.0,0.0,0.0,certain_cold,224.4381332397461,224.4381332397461,POINT (541953.2555649143 8674899.004465576),dronbreen
dronbreen-20220328-DAT_0226_A1_1,4780.0,4736,45.5428581237793,541951.8168543256,8674903.425842023,269.97373962402344,2022-03-28 11:01:01.249999872+00:00,0,2022-05-03,100 MHz,20220328,0.0,45.33441925048828,46.16815948486328,0.577185453306359,0.6180459800720215,11,0.9487996471505857,0.6774139404296875,1.3195041684681172,1.3008664284353022,44.168610339421996,47.33396839592957,0.20843887329101562,0.0,0.6300921901447455,0.6180516357421875,8.0,0.0,0.9487996471505857,0.6774139404296875,0.0,0.0,0.0,0.0,0.0,0.0,certain_cold,224.43088150024414,224.43088150024414,POINT (541951.8168543256 8674903.425842023),dronbreen
dronbreen-20220328-DAT_0226_A1_1,4785.0,4741,45.33441925048828,541950.1873847762,8674908.647680553,269.49330647786456,2022-03-28 11:01:02.666666752+00:00,0,2022-05-03,100 MHz,20220328,0.0,44.91755294799805,45.85551071166992,0.5903773831193541,0.7725532333374023,11,0.94479829990936,0.6774139404296875,1.3958409553169617,1.3038707484635699,43.75499822919979,47.01806543046818,0.4168663024902344,0.0,0.6351503352747796,0.6953080902099609,8.0,0.0,0.94479829990936,0.6774139404296875,0.0,0.0,0.0,0.0,0.0,0.0,certain_cold,224.15888722737628,224.15888722737628,POINT (541950.1873847762 8674908.647680553),dronbreen
dronbreen-20220328-DAT_0226_A1_1,4790.0,4745,44.91755294799805,541948.7077204564,8674913.564039582,269.043212890625,2022-03-28 11:01:04+00:00,0,2022-05-03,100 MHz,20220328,0.0,44.60490036010742,45.43864059448242,0.553074700466631,0.6180516357421875,11,0.936800205558519,0.7903121312459311,1.3726528018302964,1.3446484723619119,43.379262611860014,46.66427834272983,0.312652587890625,0.0,0.5959223604477651,0.6180516357421875,8.0,0.0,0.936800205558519,0.7903121312459311,0.0,0.0,0.0,0.0,0.0,0.0,certain_cold,224.12565994262695,224.12565994262695,POINT (541948.7077204564 8674913.564039582),dronbreen
dronbreen-20220328-DAT_0226_A1_1,4795.0,4749,44.60490036010742,541947.1868016172,8674918.168948013,268.62750244140625,2022-03-28 11:01:05.249999872+00:00,0,2022-05-03,100 MHz,20220328,0.0,44.29225158691406,45.1259880065918,0.5708210363802997,0.6180516357421875,11,0.9308054869058543,0.7903121312459311,1.3685685747130554,1.347897909644054,43.07118970508803,46.34704988841783,0.4168663024902344,0.0,0.6176577182576919,0.6953052623748779,8.0,0.0,0.9308054869058543,0.7903121312459311,0.0,0.0,0.0,0.0,0.0,0.0,certain_cold,224.02260208129883,224.02260208129883,POINT (541947.1868016172 8674918.168948013),dronbreen
dronbreen-20220328-DAT_0226_A1_1,4800.0,4754,44.18803405761719,541945.7614237842,8674922.776843999,268.2110290527344,2022-03-28 11:01:06.500000+00:00,0,2022-05-03,100 MHz,20220328,0.0,43.66695022583008,44.7091178894043,0.6036089260437104,0.8498181713104248,12,0.9228179352130379,0.7903121312459311,1.4826925273416385,1.3566613217546162,42.4519661904019,45.92410192483248,0.5210838317871094,0.0,0.6398658405654304,0.8498181713104248,8.0,0.0,0.9228179352130379,0.7903121312459311,0.0,0.0,0.0,0.0,0.0,0.0,uncertain_cold,224.0229949951172,224.0229949951172,POINT (541945.7614237842 8674922.776843999),dronbreen
dronbreen-20220328-DAT_0226_A1_1,4805.0,4759,43.87538146972656,541944.198177308,8674928.124822944,267.7499084472656,2022-03-28 11:01:08+00:00,0,2022-05-03,100 MHz,20220328,0.0,43.1458625793457,44.18803405761719,0.6338627910659108,0.8498153434753417,12,0.9168313038098176,0.6774139404296875,1.4218492903047775,1.3043202537076364,42.00591991134257,45.32797672562032,0.7295188903808594,0.0,0.6589793262894527,0.8498153434753417,8.0,0.0,0.9168313038098176,0.6774139404296875,0.0,0.0,0.0,0.0,0.0,0.0,uncertain_cold,223.87452697753906,223.87452697753906,POINT (541944.198177308 8674928.124822944),dronbreen
dronbreen-20220328-DAT_0226_A1_1,4810.0,4763,43.56272888183594,541942.9760594579,8674932.552975154,267.3323669433594,2022-03-28 11:01:09.333333248+00:00,0,2022-05-03,100 MHz,20220328,0.0,42.72899627685547,43.87538146972656,0.6626125486516505,0.8498181713104248,12,0.9108482524838796,0.6774098078409831,1.417998417171715,1.3143758885656458,41.59386254605011,45.01051520053192,0.8337326049804688,0.0,0.6678953569941953,0.8498181713104248,8.0,0.0,0.9108482524838796,0.6774098078409831,0.0,0.0,0.0,0.0,0.0,0.0,uncertain_cold,223.76963806152344,223.76963806152344,POINT (541942.9760594579 8674932.552975154),dronbreen
dronbreen-20220328-DAT_0226_A1_1,4815.0,4767,43.25008010864258,541941.8685848409,8674936.984710446,266.9026794433594,2022-03-28 11:01:10.666666752+00:00,0,2022-05-03,100 MHz,20220328,0.0,42.31212615966797,43.45851516723633,0.6583150617887121,0.7725588890075683,12,0.9048689251828688,0.7903079986572266,1.428363308646578,1.3699464314640433,41.1107209388939,44.6599203880104,0.9379539489746094,0.0,0.6601555295714079,0.7725588890075683,8.0,0.0,0.9048689251828688,0.7903079986572266,0.0,0.0,0.0,0.0,0.0,0.0,uncertain_cold,223.6525993347168,223.6525993347168,POINT (541941.8685848409 8674936.984710446),dronbreen
dronbreen-20220328-DAT_0226_A1_1,4820.0,4772,42.833213806152344,541940.6460921626,8674942.34334011,266.397216796875,2022-03-28 11:01:12.249999872+00:00,0,2022-05-03,100 MHz,20220328,0.0,42.20791244506836,43.041648864746094,0.5912124780976195,0.8498125156402587,12,0.8969022700302547,0.7903121312459311,1.4666997847271728,1.333626312367238,41.012493293983724,44.23706801583073,0.6253013610839844,0.0,0.5946169753811229,0.8498125156402587,8.0,0.0,0.8969022700302547,0.7903121312459311,0.0,0.0,0.0,0.0,0.0,0.0,uncertain_cold,223.56400299072266,223.56400299072266,POINT (541940.6460921626 8674942.34334011),dronbreen
dronbreen-20220328-DAT_0226_A1_1,4825.0,4777,42.52056121826172,541939.5612233436,8674947.58220542,265.94838460286456,2022-03-28 11:01:13.666666752+00:00,0,2022-05-03,100 MHz,20220328,0.0,42.20791244506836,42.624778747558594,0.5247822840231359,0.540789525604248,12,0.89093167556574,0.7903121312459311,1.307977762167282,1.301441109288239,41.01696638612158,43.81572480650537,0.7295188903808594,0.0,0.548643452552662,0.6953024345397949,8.0,0.0,0.89093167556574,0.7903121312459311,0.0,0.0,0.0,0.0,0.0,0.0,uncertain_cold,223.42782338460285,223.42782338460285,POINT (541939.5612233436 8674947.58220542),dronbreen
dronbreen-20220328-DAT_0226_A1_1,4830.0,4781,42.103694915771484,541938.6548122029,8674952.516485881,265.5999755859375,2022-03-28 11:01:15+00:00,0,2022-05-03,100 MHz,20220328,0.0,41.895259857177734,42.31212615966797,0.509589488667613,0.30902299003601075,12,0.8829770383334691,0.7903121312459311,1.224637466105552,1.2899314563104312,40.710252804448245,43.49713321239746,0.521087646484375,0.0,0.5195950520902942,0.5407923534393311,8.0,0.0,0.8829770383334691,0.7903121312459311,0.0,0.0,0.0,0.0,0.0,0.0,uncertain_cold,223.49628067016602,223.49628067016602,POINT (541938.6548122029 8674952.516485881),dronbreen
dronbreen-20220328-DAT_0226_A1_1,4835.0,4785,41.79104232788086,541937.8900976551,8674957.098506264,265.2876663208008,2022-03-28 11:01:16.249999872+00:00,0,2022-05-03,100 MHz,20220328,0.0,41.58260726928711,41.99947738647461,0.5127285929552213,0.30902581787109373,12,0.8770156712056472,0.6774139404296875,1.150453428148948,1.2210392066852764,40.474434839460066,43.10764981630165,0.4168701171875,0.0,0.5282935809050656,0.4635387268066406,8.0,0.0,0.8770156712056472,0.6774139404296875,0.0,0.0,0.0,0.0,0.0,0.0,certain_cold,223.49662399291992,223.49662399291992,POINT (541937.8900976551 8674957.098506264),dronbreen
dronbreen-20220328-DAT_0226_A1_1,4840.0,4790,41.478389739990234,541937.1120903267,8674961.494014248,264.984375,2022-03-28 11:01:17.500000+00:00,0,2022-05-03,100 MHz,20220328,0.0,41.37417221069336,41.58260726928711,0.5341849482031247,0.15451290893554687,12,0.871058394236007,0.7903162638346355,1.186261675212629,1.2917801987711854,40.19801638638667,42.7587630935938,0.4168701171875,0.0,0.5610535127553391,0.38628227233886714,8.0,0.0,0.871058394236007,0.7903162638346355,0.0,0.0,0.0,0.0,0.0,0.0,uncertain_cold,223.50598526000977,223.50598526000977,POINT (541937.1120903267 8674961.494014248),dronbreen
dronbreen-20220328-DAT_0226_A1_1,4845.0,4795,41.061519622802734,541936.1881164798,8674966.582827428,264.60784912109375,2022-03-28 11:01:19+00:00,0,2022-05-03,100 MHz,20220328,0.0,41.061519622802734,41.165740966796875,0.5444830320233089,0.1545185646057129,12,0.8631218671158352,0.9032103220621746,1.2588265290265344,1.36280226575042,39.812212517494686,42.41504807210492,0.20843124389648438,0.0,0.5720081522147198,0.2317693634033203,8.0,0.0,0.8631218671158352,0.9032103220621746,0.0,0.0,0.0,0.0,0.0,0.0,certain_cold,223.54632949829102,223.54632949829102,POINT (541936.1881164798 8674966.582827428),dronbreen
dronbreen-20220328-DAT_0226_A1_1,4850.0,4800,40.644657135009766,541935.0979628622,8674971.919010712,264.1979544503348,2022-03-28 11:01:20.571428608+00:00,0,2022-05-03,100 MHz,20220328,0.0,40.644657135009766,40.748870849609375,0.5784807765225889,0.07725362663269042,12,0.8551931135416142,0.6774098078409831,1.0937126825798724,1.234860039848377,39.553676241864444,41.839851742754696,0.104217529296875,0.0,0.6100737075258423,0.15451008110046385,8.0,0.0,0.8551931135416142,0.7903079986572266,0.0,0.0,0.0,0.0,0.0,0.0,certain_cold,223.55329731532504,223.55329731532504,POINT (541935.0979628622 8674971.919010712),dronbreen
dronbreen-20220328-DAT_0226_A1_1,4855.0,4805,40.43621826171875,541934.0669000956,8674976.93801653,263.8140869140625,2022-03-28 11:01:22+00:00,0,2022-05-03,100 MHz,20220328,0.0,40.227787017822266,40.54043960571289,0.598612579937885,0.2317693634033203,12,0.8512315189910103,0.5645116170247396,1.0473707569394943,1.1838942036936915,39.2063818755405,41.561844747994655,0.3126487731933594,0.0,0.6424370796340202,0.30902299003601075,8.0,0.0,0.8492515742202281,0.6774139404296875,0.0,0.0,0.0,0.0,0.0,0.0,certain_cold,223.37786865234375,223.37786865234375,POINT (541934.0669000956 8674976.93801653),dronbreen
dronbreen-20220328-DAT_0226_A1_1,4860.0,4810,40.12356948852539,541933.0532262321,8674981.837931491,263.4584655761719,2022-03-28 11:01:23.500000+00:00,0,2022-05-03,100 MHz,20220328,0.0,39.91513442993164,40.227787017822266,0.6221363229305156,0.2317693634033203,12,0.8452930446893611,0.5645074844360352,1.0425478738153424,1.191739332108332,38.89867536465429,41.24424608309962,0.20843505859375,0.0,0.6775538331597036,0.2317693634033203,8.0,0.0,0.8433145394777934,0.5645116170247396,0.0,0.0,0.0,0.0,0.0,0.0,certain_cold,223.33489608764648,223.33489608764648,POINT (541933.0532262321 8674981.837931491),dronbreen
dronbreen-20220328-DAT_0226_A1_1,4865.0,4815,39.91513442993164,541932.0129635258,8674986.364821585,263.1237487792969,2022-03-28 11:01:25+00:00,0,2022-05-03,100 MHz,20220328,0.0,39.706703186035156,40.019351959228516,0.606871402591809,0.2317665355682373,12,0.84133654539893,0.4516051610310873,0.982603750808546,1.1314094322469959,38.751823924508486,40.974231220755186,0.20843124389648438,0.0,0.6900336561906358,0.23176370773315427,8.0,0.0,0.8393590660663044,0.4516051610310873,0.0,0.0,0.0,0.0,0.0,0.0,certain_cold,223.20861434936523,223.20861434936523,POINT (541932.0129635258 8674986.364821585),dronbreen
dronbreen-20220328-DAT_0226_A1_1,4870.0,4820,39.706703186035156,541930.8302586282,8674991.166408192,262.7682800292969,2022-03-28 11:01:26.500000+00:00,0,2022-05-03,100 MHz,20220328,0.0,39.498268127441406,39.706703186035156,0.622862945020316,0.2317665355682373,12,0.8373821774802458,0.5645074844360352,1.036143493033258,1.1865225911988526,38.48837822693449,40.71659308654207,0.312652587890625,0.0,0.7220364475564558,0.30902299003601075,8.0,0.0,0.8354057385946451,0.5645074844360352,0.0,0.0,0.0,0.0,0.0,0.0,certain_cold,223.06157684326172,223.06157684326172,POINT (541930.8302586282 8674991.166408192),dronbreen
dronbreen-20220328-DAT_0226_A1_1,4875.0,4826,39.39405059814453,541929.6417505555,8674996.153911931,262.4136047363281,2022-03-28 11:01:28+00:00,0,2022-05-03,100 MHz,20220328,0.0,39.18561553955078,39.498268127441406,0.6239193384819801,0.30902581787109373,12,0.8314544419339334,0.5645116170247396,1.0514213289059973,1.1829054043749003,38.18063302489316,40.503250642099026,0.312652587890625,0.0,0.7220371554749007,0.30902581787109373,8.0,0.0,0.8294795916905767,0.5645116170247396,0.0,0.0,0.0,0.0,0.0,0.0,certain_cold,223.0195541381836,223.0195541381836,POINT (541929.6417505555 8674996.153911931),dronbreen
dronbreen-20220328-DAT_0226_A1_1,4880.0,4830,39.18561553955078,541928.6165884495,8675000.402128976,262.14686075846356,2022-03-28 11:01:29.333333248+00:00,0,2022-05-03,100 MHz,20220328,0.0,38.97718048095703,39.39405059814453,0.6242484401760782,0.30902581787109373,12,0.8275052785846103,0.4516092936197917,0.9920750456896187,1.1306644308686054,38.03446316374622,40.336767915355345,0.20843505859375,0.0,0.7367938239226008,0.30902581787109373,8.0,0.0,0.8255315064698325,0.4516092936197917,0.0,0.0,0.0,0.0,0.0,0.0,certain_cold,222.96124521891278,222.96124521891278,POINT (541928.6165884495 8675000.402128976),dronbreen
dronbreen-20220328-DAT_0226_A1_1,4885.0,4835,38.97718048095703,541927.346988556,8675005.945393672,261.8384704589844,2022-03-28 11:01:31+00:00,0,2022-05-03,100 MHz,20220328,0.0,38.76874923706055,39.18561553955078,0.6242486717601163,0.30902299003601075,12,0.8235582792359258,0.4516051610310873,0.9887824174906985,1.127777400448432,37.829496629522005,40.12486814708932,0.20843124389648438,0.0,0.7367940166278767,0.30902299003601075,8.0,0.0,0.821585600808861,0.33870283762613934,0.0,0.0,0.0,0.0,0.0,0.0,certain_cold,222.86128997802734,222.86128997802734,POINT (541927.346988556 8675005.945393672),dronbreen
dronbreen-20220328-DAT_0226_A1_1,4890.0,4840,38.76874923706055,541926.2959591191,8675010.40991827,261.6026916503906,2022-03-28 11:01:32.333333248+00:00,0,2022-05-03,100 MHz,20220328,0.0,38.56031036376953,38.97718048095703,0.6164908311740928,0.30902581787109373,12,0.8196135473272955,0.4516092936197917,0.985502043202904,1.1206151283861572,37.6245126713989,39.912978173327666,0.20843887329101562,0.0,0.714341554895678,0.30902581787109373,8.0,0.0,0.8196135473272955,0.33870697021484375,0.0,0.0,0.0,0.0,0.0,0.0,certain_cold,222.83394241333008,222.83394241333008,POINT (541926.2959591191 8675010.40991827),dronbreen
dronbreen-20220328-DAT_0226_A1_1,4895.0,4845,38.56031036376953,541925.0024302563,8675016.107518647,261.2972106933594,2022-03-28 11:01:34+00:00,0,2022-05-03,100 MHz,20220328,0.0,38.35187911987305,38.872962951660156,0.6175560521537352,0.38627944450378415,12,0.8156708981814251,0.4516092936197917,1.0091985817816094,1.1183226036236444,37.41953263480225,39.80530943673095,0.20843124389648438,0.0,0.71501800488123,0.38627944450378415,8.0,0.0,0.8156708981814251,0.4516092936197917,0.0,0.0,0.0,0.0,0.0,0.0,certain_cold,222.73690032958984,222.73690032958984,POINT (541925.0024302563 8675016.107518647),dronbreen
dronbreen-20220328-DAT_0226_A1_1,4900.0,4849,38.35187911987305,541923.9352126473,8675020.47848999,261.06549072265625,2022-03-28 11:01:35.333333248+00:00,0,2022-05-03,100 MHz,20220328,0.0,38.14344787597656,38.664527893066406,0.6213420934979813,0.38627661666870117,12,0.8117306528708533,0.4516010284423828,1.0060118121997268,1.11754916619038,37.21455060409966,39.59342516494331,0.20843124389648438,0.0,0.7068345802639524,0.38627661666870117,8.0,0.0,0.8117306528708533,0.4516010284423828,0.0,0.0,0.0,0.0,0.0,0.0,certain_cold,222.7136116027832,222.7136116027832,POINT (541923.9352126473 8675020.47848999),dronbreen
dronbreen-20220328-DAT_0226_A1_1,4905.0,4854,38.14344787597656,541922.5606949414,8675025.708318857,260.7973327636719,2022-03-28 11:01:37+00:00,0,2022-05-03,100 MHz,20220328,0.0,38.03922653198242,38.45609664916992,0.6106561434519161,0.23177501907348633,12,0.807792700107482,0.4516092936197917,0.9540438458987189,1.108774515384562,37.113764484986056,39.38155869616629,0.10422134399414062,0.0,0.6786976901434646,0.23177501907348633,8.0,0.0,0.807792700107482,0.4516092936197917,0.0,0.0,0.0,0.0,0.0,0.0,certain_cold,222.6538848876953,222.6538848876953,POINT (541922.5606949414 8675025.708318857),dronbreen
dronbreen-20220328-DAT_0226_A1_1,4910.0,4860,37.93500900268555,541921.3676544647,8675030.230442666,260.5889892578125,2022-03-28 11:01:38.500000+00:00,0,2022-05-03,100 MHz,20220328,0.0,37.83079528808594,38.24766159057617,0.6159550068264785,0.23176370773315427,12,0.8038569295674034,0.4516092936197917,0.9507109621328238,1.1088451144014244,36.908766591516624,39.169690287145485,0.10421371459960938,0.0,0.6862286748840104,0.23176370773315427,8.0,0.0,0.8038569295674034,0.4516092936197917,0.0,0.0,0.0,0.0,0.0,0.0,certain_cold,222.65398025512695,222.65398025512695,POINT (541921.3676544647 8675030.230442666),dronbreen
dronbreen-20220328-DAT_0226_A1_1,4915.0,4865,37.72657775878906,541920.0483779093,8675035.120820103,260.3475036621094,2022-03-28 11:01:40+00:00,0,2022-05-03,100 MHz,20220328,0.0,37.62235641479492,38.03922653198242,0.6390991029503181,0.30902581787109373,12,0.7999236637054707,0.33870697021484375,0.9220071775962487,1.0784470051050277,36.753679098740164,38.90790384803718,0.10422134399414062,0.0,0.6922800350662041,0.2317721912384033,8.0,0.0,0.7999236637054707,0.33870697021484375,0.0,0.0,0.0,0.0,0.0,0.0,certain_cold,222.6209259033203,222.6209259033203,POINT (541920.0483779093 8675035.120820103),dronbreen
dronbreen-20220328-DAT_0226_A1_1,4920.0,4869,37.62235641479492,541918.8993684334,8675039.458223013,260.13328552246094,2022-03-28 11:01:41.249999872+00:00,0,2022-05-03,100 MHz,20220328,0.0,37.41392517089844,37.83079528808594,0.6462051594434856,0.3090201622009277,12,0.7979578189859061,0.33870697021484375,0.9203002516567899,1.0812216242030326,36.547057768954595,38.69766269002978,0.20843124389648438,0.0,0.7022932522040601,0.3090201622009277,8.0,0.0,0.7979578189859061,0.33870697021484375,0.0,0.0,0.0,0.0,0.0,0.0,certain_cold,222.51092910766602,222.51092910766602,POINT (541918.8993684334 8675039.458223013),dronbreen
dronbreen-20220328-DAT_0226_A1_1,4925.0,4874,37.41392517089844,541917.5859150212,8675044.16268642,259.91150919596356,2022-03-28 11:01:42.666666752+00:00,0,2022-05-03,100 MHz,20220328,0.0,37.30970764160156,37.62235641479492,0.6398699930786436,0.3090201622009277,12,0.7940281598768617,0.4516010284423828,0.9643223881121606,1.1152837377143614,36.3962394114109,38.53582464498558,0.104217529296875,0.0,0.6929791066399587,0.2317665355682373,8.0,0.0,0.7940281598768617,0.4516010284423828,0.0,0.0,0.0,0.0,0.0,0.0,certain_cold,222.49758402506512,222.49758402506512,POINT (541917.5859150212 8675044.16268642),dronbreen
dronbreen-20220328-DAT_0226_A1_1,4930.0,4879,37.20549392700195,541916.1276738141,8675049.567140928,259.6753670828683,2022-03-28 11:01:44.285714432+00:00,0,2022-05-03,100 MHz,20220328,0.0,37.10127639770508,37.41392517089844,0.6467763438357195,0.2317665355682373,12,0.7901009500949051,0.4516051610310873,0.9391072674727254,1.1164794542472722,36.19121775519308,38.323983813410436,0.104217529296875,0.0,0.6929782461006263,0.2317665355682373,8.0,0.0,0.7901009500949051,0.4516051610310873,0.0,0.0,0.0,0.0,0.0,0.0,certain_cold,222.46987315586637,222.46987315586637,POINT (541916.1276738141 8675049.567140928),dronbreen
dronbreen-20220328-DAT_0226_A1_1,4935.0,4884,36.9970588684082,541914.882534839,8675054.446545003,259.47645786830356,2022-03-28 11:01:45.714285568+00:00,0,2022-05-03,100 MHz,20220328,0.0,36.9970588684082,37.20549392700195,0.6406406701693681,0.2317693634033203,12,0.7861761545385263,0.33870697021484375,0.8868553407684278,1.069212713126888,36.141024197593346,38.06152859781681,0.0,0.0,0.6922781686804175,0.15451290893554687,8.0,0.0,0.7861761545385263,0.33870697021484375,0.0,0.0,0.0,0.0,0.0,0.0,certain_cold,222.47939899989535,222.47939899989535,POINT (541914.882534839 8675054.446545003),dronbreen
dronbreen-20220328-DAT_0226_A1_1,4940.0,4889,36.89284133911133,541913.8412363898,8675058.747437749,259.2972106933594,2022-03-28 11:01:47+00:00,0,2022-05-03,100 MHz,20220328,0.0,36.78862380981445,36.9970588684082,0.6446742774259778,0.15451290893554687,12,0.7842147007224085,0.33870697021484375,0.868095241047306,1.0701962588590759,35.93439017169122,37.851292506531436,0.104217529296875,0.0,0.6862282403821018,0.15451290893554687,8.0,0.0,0.7842147007224085,0.33870697021484375,0.0,0.0,0.0,0.0,0.0,0.0,certain_cold,222.40436935424805,222.40436935424805,POINT (541913.8412363898 8675058.747437749),dronbreen
dronbreen-20220328-DAT_0226_A1_1,4945.0,4894,36.68440628051758,541912.511927579,8675064.164783282,259.0831705729167,2022-03-28 11:01:48.666666752+00:00,0,2022-05-03,100 MHz,20220328,0.0,36.5801887512207,36.78862380981445,0.6563117961518778,0.15451290893554687,12,0.780293704743048,0.33870697021484375,0.8645547503550453,1.0743955747776766,35.72955329620266,37.639259264832496,0.104217529296875,0.0,0.6890499824238998,0.15451290893554687,8.0,0.0,0.780293704743048,0.33870697021484375,0.0,0.0,0.0,0.0,0.0,0.0,certain_cold,222.3987642923991,222.3987642923991,POINT (541912.511927579 8675064.164783282),dronbreen
dronbreen-20220328-DAT_0226_A1_1,4950.0,4898,36.5801887512207,541911.3938336144,8675068.53417342,258.90191650390625,2022-03-28 11:01:50+00:00,0,2022-05-03,100 MHz,20220328,0.0,36.37175369262695,36.5801887512207,0.6633581936494818,0.15451290893554687,12,0.7783341722100948,0.33870697021484375,0.8627866099620561,1.0772978178683905,35.522915371565695,37.42902707228196,0.20843505859375,0.0,0.7068352632337818,0.15451290893554687,8.0,0.0,0.7783341722100948,0.33870697021484375,0.0,0.0,0.0,0.0,0.0,0.0,certain_cold,222.32172775268555,222.32172775268555,POINT (541911.3938336144 8675068.53417342),dronbreen
dronbreen-20220328-DAT_0226_A1_1,4955.0,4904,36.37175369262695,541910.0005025088,8675073.654867955,258.6604690551758,2022-03-28 11:01:51.500000+00:00,0,2022-05-03,100 MHz,20220328,0.0,36.26753616333008,36.37175369262695,0.6847814887475543,0.07725645446777343,12,0.7744170624869063,0.4516092936197917,0.8998007004395736,1.1280950439062893,35.37105819887439,37.268231657082644,0.104217529296875,0.0,0.7251209276084484,0.07725645446777343,8.0,0.0,0.7744170624869063,0.4516092936197917,0.0,0.0,0.0,0.0,0.0,0.0,certain_cold,222.28871536254883,222.28871536254883,POINT (541910.0005025088 8675073.654867955),dronbreen
dronbreen-20220328-DAT_0226_A1_1,4960.0,4909,36.1633186340332,541908.5585735526,8675078.494898994,258.41461181640625,2022-03-28 11:01:53+00:00,0,2022-05-03,100 MHz,20220328,0.0,36.05910110473633,36.26753616333008,0.6637918083114881,0.15451290893554687,12,0.7705025930200659,0.33870697021484375,0.8557282842996887,1.0719217426212604,35.21743807387257,37.109199194193835,0.104217529296875,0.0,0.7002183023621698,0.15451290893554687,8.0,0.0,0.7705025930200659,0.33870697021484375,0.0,0.0,0.0,0.0,0.0,0.0,certain_cold,222.25129318237305,222.25129318237305,POINT (541908.5585735526 8675078.494898994),dronbreen
dronbreen-20220328-DAT_0226_A1_1,4965.0,4914,36.05910110473633,541907.0518055297,8675083.472481005,258.2084248860677,2022-03-28 11:01:54.666666752+00:00,0,2022-05-03,100 MHz,20220328,0.0,35.95488739013672,36.1633186340332,0.6517832817079952,0.15450725326538084,12,0.7685463609910846,0.33870283762613934,0.853964643600805,1.063110797387874,35.11501649457679,37.00318952959313,0.10421371459960938,0.0,0.6718053982806116,0.15450725326538084,8.0,0.0,0.7685463609910846,0.33870283762613934,0.0,0.0,0.0,0.0,0.0,0.0,certain_cold,222.14932378133136,222.14932378133136,POINT (541907.0518055297 8675083.472481005),dronbreen
dronbreen-20220328-DAT_0226_A1_1,4970.0,4920,35.850669860839844,541905.581725408,8675088.296127336,258.0412953694661,2022-03-28 11:01:56.333333248+00:00,0,2022-05-03,100 MHz,20220328,0.0,35.850669860839844,35.95488739013672,0.6364537304280068,0.07725645446777343,12,0.764635999537278,0.33870283762613934,0.8398549778153978,1.0509334779043331,35.014375759459014,36.79118149151755,0.0,0.0,0.6660052601808651,0.07725645446777343,8.0,0.0,0.764635999537278,0.33870283762613934,0.0,0.0,0.0,0.0,0.0,0.0,certain_cold,222.19062550862628,222.19062550862628,POINT (541905.581725408 8675088.296127336),dronbreen
dronbreen-20220328-DAT_0226_A1_1,4975.0,4925,35.74645233154297,541904.12632404,8675093.058201587,257.8827819824219,2022-03-28 11:01:58+00:00,0,2022-05-03,100 MHz,20220328,0.0,35.642234802246094,35.850669860839844,0.6390990086976809,0.15451290893554687,12,0.7626818089586963,0.22580464680989584,0.8102749652217918,1.0203523034500435,34.84682844054319,36.646076222542746,0.104217529296875,0.0,0.6566209124990099,0.15451290893554687,8.0,0.0,0.7626818089586963,0.22580464680989584,0.0,0.0,0.0,0.0,0.0,0.0,certain_cold,222.1363296508789,222.1363296508789,POINT (541904.12632404 8675093.058201587),dronbreen
dronbreen-20220328-DAT_0226_A1_1,4980.0,4930,35.642234802246094,541902.9171899983,8675097.486787394,257.7074279785156,2022-03-28 11:01:59.500000+00:00,0,2022-05-03,100 MHz,20220328,0.0,35.53801727294922,35.74645233154297,0.5919788039405315,0.2317693634033203,12,0.7607283093716027,0.22580464680989584,0.8266875691654612,0.990017274351908,34.74448384630588,36.539985758186305,0.104217529296875,0.0,0.6127705607303943,0.15451290893554687,8.0,0.0,0.7607283093716027,0.33870697021484375,0.0,0.0,0.0,0.0,0.0,0.0,certain_cold,222.06519317626953,222.06519317626953,POINT (541902.9171899983 8675097.486787394),dronbreen
dronbreen-20220328-DAT_0226_A1_1,4985.0,4935,35.53801727294922,541901.6640497273,8675102.100097816,257.50738525390625,2022-03-28 11:02:01+00:00,0,2022-05-03,100 MHz,20220328,0.0,35.329586029052734,35.642234802246094,0.5900989392376037,0.2317665355682373,12,0.7587755061129575,0.33870283762613934,0.8626561353762441,1.0191548650633615,34.498646873101485,36.47317395819734,0.20843124389648438,0.0,0.5933121642876518,0.2317665355682373,8.0,0.0,0.7568234045728917,0.33870283762613934,0.0,0.0,0.0,0.0,0.0,0.0,certain_cold,221.96936798095703,221.96936798095703,POINT (541901.6640497273 8675102.100097816),dronbreen
dronbreen-20220328-DAT_0226_A1_1,4990.0,4940,35.329586029052734,541900.2817847236,8675107.174620701,257.2848663330078,2022-03-28 11:02:02.500000+00:00,0,2022-05-03,100 MHz,20220328,0.0,35.22536849975586,35.53801727294922,0.5833667733987518,0.2317665355682373,12,0.754872081609656,0.33870283762613934,0.8592247661811182,1.012357774759183,34.39799224205342,36.36539353065166,0.104217529296875,0.0,0.5760620000586142,0.2317665355682373,8.0,0.0,0.754872081609656,0.2258005142211914,0.0,0.0,0.0,0.0,0.0,0.0,certain_cold,221.95528030395508,221.95528030395508,POINT (541900.2817847236 8675107.174620701),dronbreen
dronbreen-20220328-DAT_0226_A1_1,4995.0,4945,35.22536849975586,541898.7791016278,8675112.431482939,257.0692138671875,2022-03-28 11:02:04+00:00,0,2022-05-03,100 MHz,20220328,0.0,35.12114715576172,35.329586029052734,0.5725472928484181,0.23177501907348633,12,0.7529213998668366,0.22580877939860028,0.8195119881352788,0.9724662676818023,34.335093570291285,36.11563961452317,0.10422134399414062,0.0,0.5814244633960886,0.1545185646057129,8.0,0.0,0.7529213998668366,0.22580877939860028,0.0,0.0,0.0,0.0,0.0,0.0,certain_cold,221.84384536743164,221.84384536743164,POINT (541898.7791016278 8675112.431482939),dronbreen
dronbreen-20220328-DAT_0226_A1_1,5000.0,4949,35.12114715576172,541897.5190555939,8675116.858483134,256.8945719401042,2022-03-28 11:02:05.333333248+00:00,0,2022-05-03,100 MHz,20220328,0.0,35.01693344116211,35.12114715576172,0.5558486504412938,0.15450725326538084,12,0.7509713649765002,0.33870697021484375,0.8381842840320972,0.9938048726405977,34.19311282799029,35.94496776893354,0.10421371459960938,0.0,0.5429578634169697,0.15450725326538084,8.0,0.0,0.7509713649765002,0.33870697021484375,0.0,0.0,0.0,0.0,0.0,0.0,certain_cold,221.77342478434247,221.77342478434247,POINT (541897.5190555939 8675116.858483134),dronbreen
dronbreen-20220328-DAT_0226_A1_1,5005.0,4955,34.912715911865234,541895.9938223353,8675122.021595538,256.6896667480469,2022-03-28 11:02:07+00:00,0,2022-05-03,100 MHz,20220328,0.0,34.80849838256836,35.01693344116211,0.5588008830474752,0.15451290893554687,12,0.747073686417239,0.4516010284423828,0.886530778289725,1.0364945772756842,33.93553642358775,35.88989540014272,0.104217529296875,0.0,0.5526935473070538,0.15451290893554687,8.0,0.0,0.747073686417239,0.4516010284423828,0.0,0.0,0.0,0.0,0.0,0.0,certain_cold,221.77695083618164,221.77695083618164,POINT (541895.9938223353 8675122.021595538),dronbreen
dronbreen-20220328-DAT_0226_A1_1,5010.0,4960,34.70428466796875,541894.6805123672,8675126.726080615,256.48927307128906,2022-03-28 11:02:08.500000+00:00,0,2022-05-03,100 MHz,20220328,0.0,34.600067138671875,34.80849838256836,0.5858993494226085,0.15451008110046385,12,0.743178948656489,0.4516051610310873,0.8832528156523196,1.0485896331978084,33.73043378420801,35.678131737032224,0.104217529296875,0.0,0.573361979774432,0.15451008110046385,8.0,0.0,0.743178948656489,0.4516051610310873,0.0,0.0,0.0,0.0,0.0,0.0,certain_cold,221.7849884033203,221.7849884033203,POINT (541894.6805123672 8675126.726080615),dronbreen
dronbreen-20220328-DAT_0226_A1_1,5015.0,4965,34.495849609375,541893.4112215489,8675131.245844243,256.3001251220703,2022-03-28 11:02:10+00:00,0,2022-05-03,100 MHz,20220328,0.0,34.391632080078125,34.70428466796875,0.5698823412153462,0.2317693634033203,12,0.739287126973713,0.33870697021484375,0.8455678007076347,0.99299232152633,33.57844829532761,35.517468452719264,0.104217529296875,0.0,0.5526943051485695,0.2317693634033203,8.0,0.0,0.739287126973713,0.33870697021484375,0.0,0.0,0.0,0.0,0.0,0.0,certain_cold,221.8042755126953,221.8042755126953,POINT (541893.4112215489 8675131.245844243),dronbreen
dronbreen-20220328-DAT_0226_A1_1,5020.0,4971,34.391632080078125,541892.0070039605,8675136.41273723,256.10107421875,2022-03-28 11:02:11.750000128+00:00,0,2022-05-03,100 MHz,20220328,0.0,34.28741455078125,34.600067138671875,0.5759860167600197,0.2317693634033203,12,0.7373423511860576,0.22580464680989584,0.8052195471956116,0.962507856007731,33.516271580007654,35.37121010944547,0.104217529296875,0.0,0.5486439701366379,0.2317693634033203,8.0,0.0,0.7373423511860576,0.22580464680989584,0.0,0.0,0.0,0.0,0.0,0.0,certain_cold,221.70944213867188,221.70944213867188,POINT (541892.0070039605 8675136.41273723),dronbreen
dronbreen-20220328-DAT_0226_A1_1,5025.0,4975,34.28741455078125,541890.9050620946,8675140.472482549,255.94407653808594,2022-03-28 11:02:13+00:00,0,2022-05-03,100 MHz,20220328,0.0,34.183197021484375,34.495849609375,0.5618118909085305,0.15451290893554687,12,0.7353983401061294,0.33870697021484375,0.8242617116733579,0.9854774127645889,33.37354701666565,35.30549961419373,0.104217529296875,0.0,0.5194075201480044,0.2317693634033203,8.0,0.0,0.7353983401061294,0.33870697021484375,0.0,0.0,0.0,0.0,0.0,0.0,certain_cold,221.6566619873047,221.6566619873047,POINT (541890.9050620946 8675140.472482549),dronbreen
dronbreen-20220328-DAT_0226_A1_1,5030.0,4981,34.0789794921875,541889.2571171197,8675146.097014604,255.71947479248047,2022-03-28 11:02:14.750000128+00:00,0,2022-05-03,100 MHz,20220328,0.0,33.974761962890625,34.28741455078125,0.5504940832793216,0.2317693634033203,12,0.7315126364537898,0.33870697021484375,0.8387789856547874,0.9761541295764897,33.1686396713221,35.09353684234978,0.104217529296875,0.0,0.5135877116927735,0.2317693634033203,8.0,0.0,0.7315126364537898,0.33870697021484375,0.0,0.0,0.0,0.0,0.0,0.0,certain_cold,221.64049530029297,221.64049530029297,POINT (541889.2571171197 8675146.097014604),dronbreen
dronbreen-20220328-DAT_0226_A1_1,5035.0,4986,33.974761962890625,541887.9593953564,8675150.828577047,255.52452959333147,2022-03-28 11:02:16.142856960+00:00,0,2022-05-03,100 MHz,20220328,0.0,33.87054443359375,34.183197021484375,0.5576226131352242,0.15451290893554687,12,0.7295709562297774,0.22580464680989584,0.7791891668412095,0.9456238667539698,33.106828832931456,34.94691262214667,0.104217529296875,0.0,0.5194071101102015,0.2317693634033203,8.0,0.0,0.7295709562297774,0.22580464680989584,0.0,0.0,0.0,0.0,0.0,0.0,certain_cold,221.54976763044084,221.54976763044084,POINT (541887.9593953564 8675150.828577047),dronbreen
dronbreen-20220328-DAT_0226_A1_1,5040.0,4991,33.87054443359375,541886.5881113197,8675155.845852511,255.30880737304688,2022-03-28 11:02:17.666666752+00:00,0,2022-05-03,100 MHz,20220328,0.0,33.662109375,34.0789794921875,0.5538469874709464,0.30902581787109373,12,0.7276300654118268,0.22580464680989584,0.8221497471404219,0.941902190327002,32.900247674550265,34.840841192637235,0.20843505859375,0.0,0.5238699068914726,0.30902581787109373,8.0,0.0,0.7276300654118268,0.22580464680989584,0.0,0.0,0.0,0.0,0.0,0.0,certain_cold,221.43826293945312,221.43826293945312,POINT (541886.5881113197 8675155.845852511),dronbreen
dronbreen-20220328-DAT_0226_A1_1,5045.0,4995,33.766326904296875,541885.5083652292,8675160.21645678,255.109619140625,2022-03-28 11:02:19+00:00,0,2022-05-03,100 MHz,20220328,0.0,33.55789566040039,33.974761962890625,0.5538472484927393,0.3090201622009277,12,0.7256899703338452,0.33870283762613934,0.8583932699560404,0.9737003234682189,32.75705513616405,34.77560248712697,0.20843124389648438,0.0,0.5238695952071813,0.30902299003601075,8.0,0.0,0.7256899703338452,0.33870283762613934,0.0,0.0,0.0,0.0,0.0,0.0,certain_cold,221.34329223632812,221.34329223632812,POINT (541885.5083652292 8675160.21645678),dronbreen
dronbreen-20220328-DAT_0226_A1_1,5050.0,5001,33.55789566040039,541884.1175035967,8675165.569870494,254.85812377929688,2022-03-28 11:02:20.666666752+00:00,0,2022-05-03,100 MHz,20220328,0.0,33.34946060180664,33.87054443359375,0.5359527687129636,0.38627944450378415,12,0.7218122640006387,0.33870283762613934,0.8859708606516801,0.9607174022410638,32.55213221483066,34.667872820569734,0.20843505859375,0.0,0.4996131908692993,0.38627944450378415,8.0,0.0,0.7218122640006387,0.33870283762613934,0.0,0.0,0.0,0.0,0.0,0.0,certain_cold,221.30022811889648,221.30022811889648,POINT (541884.1175035967 8675165.569870494),dronbreen
dronbreen-20220328-DAT_0226_A1_1,5055.0,5005,33.453678131103516,541882.8511786119,8675169.996685775,254.6681365966797,2022-03-28 11:02:22+00:00,0,2022-05-03,100 MHz,20220328,0.0,33.24524688720703,33.766326904296875,0.5505690978258935,0.38627661666870117,12,0.7198745947731379,0.33870283762613934,0.8843916943305196,0.9675047162141416,32.44967222420186,34.561901567302044,0.20843124389648438,0.0,0.5225720651962678,0.38627661666870117,8.0,0.0,0.7198745947731379,0.33870283762613934,0.0,0.0,0.0,0.0,0.0,0.0,certain_cold,221.21445846557617,221.21445846557617,POINT (541882.8511786119 8675169.996685775),dronbreen
dronbreen-20220328-DAT_0226_A1_1,5060.0,5010,33.24524688720703,541881.4175302794,8675174.883522883,254.4676055908203,2022-03-28 11:02:23.500000+00:00,0,2022-05-03,100 MHz,20220328,0.0,33.14102554321289,33.55789566040039,0.5424389360971946,0.3090286457061767,12,0.7160017990456027,0.33870697021484375,0.8502233187672826,0.9600109308247042,32.34895169065326,34.34996951296002,0.20843887329101562,0.0,0.49178790627671254,0.3862851001739502,8.0,0.0,0.7160017990456027,0.33870697021484375,0.0,0.0,0.0,0.0,0.0,0.0,certain_cold,221.22235870361328,221.22235870361328,POINT (541881.4175302794 8675174.883522883),dronbreen
dronbreen-20220328-DAT_0226_A1_1,5065.0,5015,33.14102554321289,541880.1234132225,8675179.58861916,254.283447265625,2022-03-28 11:02:25+00:00,0,2022-05-03,100 MHz,20220328,0.0,32.932594299316406,33.34946060180664,0.5552564081940611,0.38627944450378415,12,0.7140665442536541,0.33870697021484375,0.8796733771921411,0.9658794542462555,32.1422694032803,34.139785497842745,0.4168701171875,0.0,0.5188471173502232,0.5407951812744141,8.0,0.0,0.7140665442536541,0.33870697021484375,0.0,0.0,0.0,0.0,0.0,0.0,uncertain_cold,221.1424217224121,221.1424217224121,POINT (541880.1234132225 8675179.58861916),dronbreen
dronbreen-20220328-DAT_0226_A1_1,5070.0,5020,32.932594299316406,541878.7931982263,8675184.633767689,254.08649190266928,2022-03-28 11:02:26.666666752+00:00,0,2022-05-03,100 MHz,20220328,0.0,32.82837677001953,33.14102554321289,0.5670591780179237,0.30902299003601075,12,0.7101987798590947,0.4516092936197917,0.8965648160439437,1.014834652725003,31.986751401463476,33.98265091176894,0.4168701171875,0.0,0.5297583713053627,0.5407923534393311,8.0,0.0,0.7101987798590947,0.4516092936197917,0.0,0.0,0.0,0.0,0.0,0.0,uncertain_cold,221.15389760335287,221.15389760335287,POINT (541878.7931982263 8675184.633767689),dronbreen
dronbreen-20220328-DAT_0226_A1_1,5075.0,5025,32.72415542602539,541877.5734094854,8675189.000006683,253.91152954101562,2022-03-28 11:02:28+00:00,0,2022-05-03,100 MHz,20220328,0.0,32.61994171142578,32.932594299316406,0.5835781207649519,0.30902299003601075,12,0.7063342971558628,0.33870697021484375,0.8420960511613756,0.9768285284768963,31.836595969744124,33.71594004099806,0.41686248779296875,0.0,0.5282923311704758,0.540789525604248,8.0,0.0,0.7063342971558628,0.33870697021484375,0.0,0.0,0.0,0.0,0.0,0.0,uncertain_cold,221.18737411499023,221.18737411499023,POINT (541877.5734094854 8675189.000006683),dronbreen
dronbreen-20220328-DAT_0226_A1_1,5080.0,5029,32.61994171142578,541876.3887321806,8675193.568947213,253.72692108154297,2022-03-28 11:02:29.249999872+00:00,0,2022-05-03,100 MHz,20220328,0.0,32.41150665283203,32.72415542602539,0.5914220300740399,0.30902299003601075,12,0.7044034631535582,0.33870283762613934,0.8404754960672687,0.980144820307501,31.629903268039765,33.50575881081765,0.4168663024902344,0.0,0.5268231276918188,0.4635330711364746,8.0,0.0,0.7044034631535582,0.33870283762613934,0.0,0.0,0.0,0.0,0.0,0.0,uncertain_cold,221.1069793701172,221.1069793701172,POINT (541876.3887321806 8675193.568947213),dronbreen
dronbreen-20220328-DAT_0226_A1_1,5085.0,5034,32.41150665283203,541875.0450401721,8675198.536137545,253.53875732421875,2022-03-28 11:02:30.666666752+00:00,0,2022-05-03,100 MHz,20220328,0.0,32.30729293823242,32.515724182128906,0.6013546226763978,0.15451008110046385,12,0.7005442922489841,0.4516051610310873,0.8476926872600803,1.0277825203255877,31.47380057061737,33.34921654974396,0.4168663024902344,0.0,0.5498793888672637,0.38627944450378415,8.0,0.0,0.7005442922489841,0.4516051610310873,0.0,0.0,0.0,0.0,0.0,0.0,uncertain_cold,221.12725067138672,221.12725067138672,POINT (541875.0450401721 8675198.536137545),dronbreen
dronbreen-20220328-DAT_0226_A1_1,5090.0,5038,32.20307540893555,541873.7646648147,8675203.210650781,253.34803771972656,2022-03-28 11:02:32+00:00,0,2022-05-03,100 MHz,20220328,0.0,32.098854064941406,32.30729293823242,0.6242490577358856,0.15451573677062988,12,0.696688758569733,0.4516051610310873,0.8445102490184003,1.0387537407256309,31.268599617324682,33.137547385849146,0.4168720245361328,0.0,0.570141889919408,0.3862836862564087,8.0,0.0,0.696688758569733,0.4516051610310873,0.0,0.0,0.0,0.0,0.0,0.0,uncertain_cold,221.14496231079102,221.14496231079102,POINT (541873.7646648147 8675203.210650781),dronbreen
dronbreen-20220328-DAT_0226_A1_1,5095.0,5044,31.994640350341797,541872.447558411,8675209.062635079,253.06586201985678,2022-03-28 11:02:33.666666752+00:00,0,2022-05-03,100 MHz,20220328,0.0,31.890422821044922,32.098854064941406,0.6098474273060247,0.15451008110046385,12,0.6928367805328235,0.33870697021484375,0.786523096477706,0.983188232599935,31.11922555955393,32.870051326432396,0.4168701171875,0.0,0.5484673544340246,0.38627944450378415,8.0,0.0,0.6928367805328235,0.33870697021484375,0.0,0.0,0.0,0.0,0.0,0.0,uncertain_cold,221.07122166951498,221.07122166951498,POINT (541872.447558411 8675209.062635079),dronbreen
dronbreen-20220328-DAT_0226_A1_1,5100.0,5048,31.890422821044922,541871.5092614375,8675213.16294639,252.84467206682478,2022-03-28 11:02:34.857143040+00:00,0,2022-05-03,100 MHz,20220328,0.0,31.786203384399414,31.890422821044922,0.6284528748628596,0.07725786838531494,12,0.6909121703096632,0.22580671310424807,0.7309699562857532,0.9608856928315388,31.059327673727395,32.61729853171694,0.4168701171875,0.0,0.5701410058466125,0.30902581787109373,8.0,0.0,0.6909121703096632,0.33870697021484375,0.0,0.0,0.0,0.0,0.0,0.0,uncertain_cold,220.95424924577986,220.95424924577986,POINT (541871.5092614375 8675213.16294639),dronbreen
dronbreen-20220328-DAT_0226_A1_1,5105.0,5053,31.786203384399414,541870.3148320742,8675218.176891364,252.57349650065103,2022-03-28 11:02:36.333333248+00:00,0,2022-05-03,100 MHz,20220328,0.0,31.473552703857422,31.786203384399414,0.6385193316868637,0.30902299003601075,12,0.688988454357373,0.33870697021484375,0.8276005741181415,0.998566191520482,30.70581088403133,32.553945204225506,0.4168663024902344,0.0,0.5568902374608614,0.30902299003601075,8.0,0.0,0.68706574607678,0.4516092936197917,0.0,0.0,0.0,0.0,0.0,0.0,uncertain_cold,220.78729311625162,220.78729311625162,POINT (541870.3148320742 8675218.176891364),dronbreen
dronbreen-20220328-DAT_0226_A1_1,5110.0,5058,31.577770233154297,541869.197055946,8675222.747924121,252.34173965454102,2022-03-28 11:02:37.750000128+00:00,0,2022-05-03,100 MHz,20220328,0.0,31.265117645263672,31.577770233154297,0.6046307426044913,0.30902581787109373,12,0.6851439477651059,0.4516051610310873,0.8768502761247023,1.0192878815778823,30.44452672974665,32.39836114867132,0.4168701171875,0.0,0.5314056124225063,0.30902581787109373,8.0,0.0,0.6832231025960673,0.4516092936197917,0.0,0.0,0.0,0.0,0.0,0.0,uncertain_cold,220.76396942138672,220.76396942138672,POINT (541869.197055946 8675222.747924121),dronbreen
dronbreen-20220328-DAT_0226_A1_1,5115.0,5063,31.36933708190918,541867.946306168,8675227.904117445,252.09948221842447,2022-03-28 11:02:39.333333248+00:00,0,2022-05-03,100 MHz,20220328,0.0,31.056686401367188,31.473552703857422,0.5937132872901658,0.30902581787109373,12,0.6813032537595699,0.4516092936197917,0.873854698321204,1.0102576627633364,30.239297217644314,32.290941887580296,0.3126506805419922,0.0,0.5188473636379253,0.30902299003601075,8.0,0.0,0.6793843040200966,0.4516051610310873,0.0,0.0,0.0,0.0,0.0,0.0,certain_cold,220.7301451365153,220.7301451365153,POINT (541867.946306168 8675227.904117445),dronbreen
dronbreen-20220328-DAT_0226_A1_1,5120.0,5068,31.160900115966797,541866.7850827987,8675232.489305252,251.88061332702637,2022-03-28 11:02:40.750000128+00:00,0,2022-05-03,100 MHz,20220328,0.0,30.848251342773438,31.265117645263672,0.6066004901831319,0.38627661666870117,12,0.6774663669990592,0.5645095507303874,0.9627259921004245,1.070325121620129,29.966417054893494,32.14695193314362,0.3126487731933594,0.0,0.525348099230417,0.30902299003601075,8.0,0.0,0.6755494860431368,0.4516051610310873,0.0,0.0,0.0,0.0,0.0,0.0,uncertain_cold,220.71971321105957,220.71971321105957,POINT (541866.7850827987 8675232.489305252),dronbreen
dronbreen-20220328-DAT_0226_A1_1,5125.0,5074,30.848251342773438,541865.4083938358,8675237.750127716,251.62660217285156,2022-03-28 11:02:42.333333248+00:00,0,2022-05-03,100 MHz,20220328,0.0,30.744035720825195,31.056686401367188,0.5953050032686982,0.30902581787109373,12,0.6717185752700079,0.5645054181416829,0.9302522064391914,1.0603113968975482,29.866612099377672,31.93411002281471,0.10421562194824219,0.0,0.5164114670607428,0.2317679494857788,8.0,0.0,0.6717185752700079,0.4516072273254395,0.0,0.0,0.0,0.0,0.0,0.0,certain_cold,220.77835083007812,220.77835083007812,POINT (541865.4083938358 8675237.750127716),dronbreen
dronbreen-20220328-DAT_0226_A1_1,5130.0,5078,30.63981819152832,541864.1701517677,8675242.301897097,251.3961639404297,2022-03-28 11:02:43.666666752+00:00,0,2022-05-03,100 MHz,20220328,0.0,30.535598754882812,30.848251342773438,0.586742922482612,0.2317693634033203,12,0.6678917453629472,0.4516072273254395,0.838895410113153,0.9971437852085181,29.729355323097764,31.654494774558486,0.10421943664550781,0.0,0.4848369624862096,0.2317693634033203,8.0,0.0,0.6678917453629472,0.4516072273254395,0.0,0.0,0.0,0.0,0.0,0.0,certain_cold,220.75634574890137,220.75634574890137,POINT (541864.1701517677 8675242.301897097),dronbreen
dronbreen-20220328-DAT_0226_A1_1,5135.0,5082,30.43138313293457,541862.99172267,8675246.979598744,251.14752197265625,2022-03-28 11:02:45+00:00,0,2022-05-03,100 MHz,20220328,0.0,30.43138313293457,30.63981819152832,0.581884871553812,0.2317707773208618,12,0.664068996229595,0.33870697021484375,0.7806585275556897,0.9456743874974606,29.68592351402453,31.38527781043836,0.0,0.0,0.4773797301871204,0.15451290893554687,8.0,0.0,0.664068996229595,0.33870697021484375,0.0,0.0,0.0,0.0,0.0,0.0,certain_cold,220.71613883972168,220.71613883972168,POINT (541862.99172267 8675246.979598744),dronbreen
dronbreen-20220328-DAT_0226_A1_1,5140.0,5087,30.327165603637695,541861.8828416016,8675251.634657845,250.87498168945314,2022-03-28 11:02:46.400000+00:00,0,2022-05-03,100 MHz,20220328,0.0,30.118732452392578,30.43138313293457,0.5934356219864372,0.2317679494857788,12,0.6621591873712741,0.22580464680989584,0.7369931548867807,0.9173921546337517,29.419130760041046,31.130984825286102,0.2084331512451172,0.0,0.48061868577560346,0.2317679494857788,8.0,0.0,0.6621591873712741,0.22580464680989584,0.0,0.0,0.0,0.0,0.0,0.0,certain_cold,220.54781608581544,220.54781608581544,POINT (541861.8828416016 8675251.634657845),dronbreen
dronbreen-20220328-DAT_0226_A1_1,5145.0,5091,30.22294807434082,541860.615554794,8675256.954726186,250.55166625976562,2022-03-28 11:02:48+00:00,0,2022-05-03,100 MHz,20220328,0.0,30.01451301574707,30.22294807434082,0.5731222561930218,0.30902581787109373,12,0.6602504343972222,0.4516092936197917,0.8575421542503822,0.9840481242039272,29.214587025292023,31.022874064795868,0.20843505859375,0.0,0.4454336500564838,0.30902581787109373,8.0,0.0,0.6602504343972222,0.4516092936197917,0.0,0.0,0.0,0.0,0.0,0.0,certain_cold,220.3287181854248,220.3287181854248,POINT (541860.615554794 8675256.954726186),dronbreen
dronbreen-20220328-DAT_0226_A1_1,5150.0,5097,29.910295486450195,541859.2542035755,8675262.185016088,250.2137654622396,2022-03-28 11:02:49.666666752+00:00,0,2022-05-03,100 MHz,20220328,0.0,29.701862335205078,30.01451301574707,0.5739832015457595,0.2317679494857788,12,0.6545306031307514,0.6774098078409831,0.970057081105388,1.1030644014972937,28.759899300795627,30.95647605015652,0.2084331512451172,0.0,0.4806197936010739,0.2317679494857788,8.0,0.0,0.6545306031307514,0.6774098078409831,0.0,0.0,0.0,0.0,0.0,0.0,certain_cold,220.3034699757894,220.3034699757894,POINT (541859.2542035755 8675262.185016088),dronbreen
dronbreen-20220328-DAT_0226_A1_1,5155.0,5102,29.597646713256836,541858.1364074321,8675266.5544504,249.9441680908203,2022-03-28 11:02:51+00:00,0,2022-05-03,100 MHz,20220328,0.0,29.493431091308594,29.910295486450195,0.5664069611506595,0.3090215761184692,12,0.6488206812248707,0.5645074844360352,0.9138551914150013,1.0297833859648982,28.633409593688096,30.770316984070693,0.10421562194824219,0.0,0.46523972616765497,0.3090215761184692,8.0,0.0,0.6488206812248707,0.5645074844360352,0.0,0.0,0.0,0.0,0.0,0.0,certain_cold,220.34652137756348,220.34652137756348,POINT (541858.1364074321 8675266.5544504),dronbreen
dronbreen-20220328-DAT_0226_A1_1,5160.0,5107,29.389211654663086,541856.9130475948,8675271.447867889,249.6506805419922,2022-03-28 11:02:52.500000+00:00,0,2022-05-03,100 MHz,20220328,0.0,29.18077850341797,29.701862335205078,0.5953044872251599,0.38627944450378415,12,0.645019615727331,0.5645095507303874,0.9401771890367314,1.0436037418720137,28.323619628098545,30.559021210524502,0.2084331512451172,0.0,0.4854366731031112,0.38627944450378415,8.0,0.0,0.645019615727331,0.5645095507303874,0.0,0.0,0.0,0.0,0.0,0.0,certain_cold,220.2614688873291,220.2614688873291,POINT (541856.9130475948 8675271.447867889),dronbreen
dronbreen-20220328-DAT_0226_A1_1,5165.0,5112,29.076560974121094,541855.651492253,8675276.34009477,249.3595428466797,2022-03-28 11:02:54+00:00,0,2022-05-03,100 MHz,20220328,0.0,28.97234344482422,29.597646713256836,0.601902929274055,0.4635373128890991,12,0.6393266451765582,0.5645074844360353,0.9707080403795262,1.0438842826126378,28.119461706705145,30.45052845137591,0.104217529296875,0.0,0.49805800549670165,0.4635373128890991,8.0,0.0,0.6393266451765582,0.5645074844360353,0.0,0.0,0.0,0.0,0.0,0.0,certain_cold,220.2829818725586,220.2829818725586,POINT (541855.651492253 8675276.34009477),dronbreen
dronbreen-20220328-DAT_0226_A1_1,5170.0,5117,28.868127822875977,541854.263327603,8675281.613861246,249.0371834891183,2022-03-28 11:02:55.571428608+00:00,0,2022-05-03,100 MHz,20220328,0.0,28.659690856933594,29.389211654663086,0.5767716048708172,0.5407937673568726,12,0.6355371913579586,0.5645095507303874,1.0074901752756826,1.0272507184958521,27.809644649680724,30.239257861915956,0.2084369659423828,0.0,0.4773795145534681,0.5407937673568726,8.0,0.0,0.6355371913579586,0.5645095507303874,0.0,0.0,0.0,0.0,0.0,0.0,certain_cold,220.16905566624231,220.16905566624231,POINT (541854.263327603 8675281.613861246),dronbreen
dronbreen-20220328-DAT_0226_A1_1,5175.0,5122,28.55547523498535,541852.9639996296,8675286.491619581,248.7256317138672,2022-03-28 11:02:57+00:00,0,2022-05-03,100 MHz,20220328,0.0,28.451257705688477,29.28499412536621,0.5919784757866485,0.38627803058624266,12,0.6298619423003304,0.6774098078409831,1.0024075174454194,1.0982024539729394,27.526265752146447,30.20998607890824,0.104217529296875,0.0,0.5005834683184035,0.38627803058624266,8.0,0.0,0.6298619423003304,0.6774098078409831,0.0,0.0,0.0,0.0,0.0,0.0,certain_cold,220.17015647888184,220.17015647888184,POINT (541852.9639996296 8675286.491619581),dronbreen
dronbreen-20220328-DAT_0226_A1_1,5180.0,5127,28.242826461791992,541851.8061049201,8675290.921839578,248.41567993164062,2022-03-28 11:02:58.333333248+00:00,0,2022-05-03,100 MHz,20220328,0.0,28.138607025146484,29.076560974121094,0.6148853370654155,0.38628227233886714,12,0.6241978040816542,0.5645095507303874,0.9260172381815911,1.042294540532681,27.297005022127134,29.918162977140444,0.10421943664550781,0.0,0.5312217888009,0.38628227233886714,8.0,0.0,0.6241978040816542,0.5645095507303874,0.0,0.0,0.0,0.0,0.0,0.0,certain_cold,220.17285346984863,220.17285346984863,POINT (541851.8061049201 8675290.921839578),dronbreen
dronbreen-20220328-DAT_0226_A1_1,5185.0,5131,28.03438949584961,541850.6736847049,8675295.352854805,248.1120402018229,2022-03-28 11:02:59.666666752+00:00,0,2022-05-03,100 MHz,20220328,0.0,28.03438949584961,28.97234344482422,0.6266167593332033,0.30902581787109373,12,0.6204279150409024,0.5645136833190918,0.8939258652301026,1.0470219957067448,27.19557694443154,29.811155996242288,0.0,0.0,0.5535712057613096,0.30902581787109373,8.0,0.0,0.6204279150409024,0.5645136833190918,0.0,0.0,0.0,0.0,0.0,0.0,certain_cold,220.0776507059733,220.0776507059733,POINT (541850.6736847049 8675295.352854805),dronbreen
dronbreen-20220328-DAT_0226_A1_1,5190.0,5136,27.721736907958984,541849.2908850943,8675300.660023984,247.74990844726562,2022-03-28 11:03:01.249999872+00:00,0,2022-05-03,100 MHz,20220328,0.0,27.721736907958984,28.868127822875977,0.65083672087347,0.30902440395355224,12,0.6147827899979295,0.5645095507303874,0.8900140414523303,1.0584032071856138,26.887093923358105,29.702770807476856,0.0,0.0,0.5840886491905095,0.30902440395355224,8.0,0.0,0.6147827899979295,0.5645095507303874,0.0,0.0,0.0,0.0,0.0,0.0,certain_cold,220.02817153930664,220.02817153930664,POINT (541849.2908850943 8675300.660023984),dronbreen
dronbreen-20220328-DAT_0226_A1_1,5195.0,5141,27.513303756713867,541848.1026269218,8675305.042775003,247.45785522460938,2022-03-28 11:03:02.500000+00:00,0,2022-05-03,100 MHz,20220328,0.0,27.409086227416992,28.659690856933594,0.6726570975246315,0.38628227233886714,12,0.6110259842622753,0.5645095507303874,0.9171901548930761,1.0698090283596264,26.577206556845876,29.49157052750471,0.104217529296875,0.0,0.6088005614214547,0.38628227233886714,8.0,0.0,0.6110259842622753,0.5645095507303874,0.0,0.0,0.0,0.0,0.0,0.0,certain_cold,219.9445514678955,219.9445514678955,POINT (541848.1026269218 8675305.042775003),dronbreen
dronbreen-20220328-DAT_0226_A1_1,5200.0,5146,27.200651168823242,541846.6767235775,8675310.302077776,247.13848876953125,2022-03-28 11:03:04+00:00,0,2022-05-03,100 MHz,20220328,0.0,27.096433639526367,28.34703826904297,0.6876585590487735,0.38628227233886714,12,0.6054008338309438,0.4516092936197917,0.8483366770393981,1.021437916625384,26.341144871115922,29.102327037453414,0.104217529296875,0.0,0.6151394807424102,0.38628227233886714,8.0,0.0,0.6054008338309438,0.4516092936197917,0.0,0.0,0.0,0.0,0.0,0.0,certain_cold,219.937837600708,219.937837600708,POINT (541846.6767235775 8675310.302077776),dronbreen
dronbreen-20220328-DAT_0226_A1_1,5205.0,5150,27.096433639526367,541845.46792999,8675314.730714723,246.8896687825521,2022-03-28 11:03:05.333333248+00:00,0,2022-05-03,100 MHz,20220328,0.0,26.99222183227539,28.138607025146484,0.6824327234448462,0.3862737888336181,12,0.6035285298910917,0.4516051610310873,0.846995482752001,1.0168128293303378,26.238435451486765,28.89239340593511,0.10421180725097656,0.0,0.6253019060446535,0.4635316572189331,8.0,0.0,0.6035285298910917,0.4516051610310873,0.0,0.0,0.0,0.0,0.0,0.0,certain_cold,219.79323514302573,219.79323514302573,POINT (541845.46792999 8675314.730714723),dronbreen
dronbreen-20220328-DAT_0226_A1_1,5210.0,5156,26.783784866333008,541843.9951484336,8675320.267703546,246.56845092773438,2022-03-28 11:03:07+00:00,0,2022-05-03,100 MHz,20220328,0.0,26.679569244384766,27.930173873901367,0.7125735898993603,0.38627661666870117,12,0.5979201056214816,0.451603094736735,0.8430085601387561,1.034028495209035,25.93026703040018,28.679476087885952,0.10421562194824219,0.0,0.6764084983872745,0.5407909395217895,8.0,0.0,0.5979201056214816,0.451603094736735,0.0,0.0,0.0,0.0,0.0,0.0,certain_cold,219.78466606140137,219.78466606140137,POINT (541843.9951484336 8675320.267703546),dronbreen
dronbreen-20220328-DAT_0226_A1_1,5215.0,5160,26.679569244384766,541842.7863719481,8675324.696343085,246.30106608072916,2022-03-28 11:03:08.333333248+00:00,0,2022-05-03,100 MHz,20220328,0.0,26.57535171508789,27.721736907958984,0.7139577042611454,0.38628227233886714,12,0.5960534925880131,0.33870697021484375,0.7869028984708129,0.9898170442926979,25.88978466679977,28.407303956247105,0.2084369659423828,0.0,0.6731027346952227,0.6180516357421875,8.0,0.0,0.5960534925880131,0.33870697021484375,0.0,0.0,0.0,0.0,0.0,0.0,certain_cold,219.6214968363444,219.6214968363444,POINT (541842.7863719481 8675324.696343085),dronbreen
dronbreen-20220328-DAT_0226_A1_1,5220.0,5164,26.471132278442383,541841.6285342171,8675329.126571484,246.03519185384116,2022-03-28 11:03:09.666666752+00:00,0,2022-05-03,100 MHz,20220328,0.0,26.36691665649414,27.513303756713867,0.7259017039885866,0.38628085842132565,12,0.5923245205469023,0.4516092936197917,0.839054344668807,1.040063736305818,25.622068153961656,28.25815225924635,0.2084331512451172,0.0,0.6933988880353888,0.6180488079071045,8.0,0.0,0.5923245205469023,0.4516092936197917,0.0,0.0,0.0,0.0,0.0,0.0,certain_cold,219.56405957539877,219.56405957539877,POINT (541841.6285342171 8675329.126571484),dronbreen
dronbreen-20220328-DAT_0226_A1_1,5225.0,5169,26.262699127197266,541840.4038025418,8675334.578248851,245.71414184570312,2022-03-28 11:03:11.249999872+00:00,0,2022-05-03,100 MHz,20220328,0.0,26.15848159790039,27.30487060546875,0.7197544511025629,0.38627944450378415,12,0.5886015173088456,0.4516051610310873,0.836427388895379,1.0336563440187174,25.416592814019552,28.04675938934959,0.2084331512451172,0.0,0.7112110255636226,0.6953024345397949,8.0,0.0,0.5886015173088456,0.4516051610310873,0.0,0.0,0.0,0.0,0.0,0.0,certain_cold,219.45144271850586,219.45144271850586,POINT (541840.4038025418 8675334.578248851),dronbreen
dronbreen-20220328-DAT_0226_A1_1,5230.0,5174,26.05426597595215,541839.3321059142,8675339.414375816,245.44002278645834,2022-03-28 11:03:12.666666752+00:00,0,2022-05-03,100 MHz,20220328,0.0,25.8458309173584,27.096433639526367,0.7521213621767762,0.38628085842132565,12,0.5848845272515449,0.4516072273254395,0.8338176656641131,1.0543839630009002,25.106886401179523,27.835378155705243,0.20843505859375,0.0,0.7472488612642316,0.6180488079071045,8.0,0.0,0.5848845272515449,0.4516072273254395,0.0,0.0,0.0,0.0,0.0,0.0,certain_cold,219.3857568105062,219.3857568105062,POINT (541839.3321059142 8675339.414375816),dronbreen
dronbreen-20220328-DAT_0226_A1_1,5235.0,5179,25.8458309173584,541838.3193640792,8675344.09726085,245.17953491210938,2022-03-28 11:03:14+00:00,0,2022-05-03,100 MHz,20220328,0.0,25.63739776611328,26.888002395629883,0.7521221790737577,0.38627803058624266,12,0.5811736318205358,0.4516072273254395,0.8312175377177922,1.0523305803551946,24.901386979442297,27.624013182300867,0.2084331512451172,0.0,0.7472502293328804,0.618047393989563,8.0,0.0,0.5811736318205358,0.4516072273254395,0.0,0.0,0.0,0.0,0.0,0.0,certain_cold,219.33370399475098,219.33370399475098,POINT (541838.3193640792 8675344.09726085),dronbreen
dronbreen-20220328-DAT_0226_A1_1,5240.0,5184,25.63739776611328,541837.1267752609,8675349.642992098,244.88060251871744,2022-03-28 11:03:15.666666752+00:00,0,2022-05-03,100 MHz,20220328,0.0,25.324745178222656,26.57535171508789,0.7488868995369576,0.5407951812744141,12,0.5774690170798465,0.3387049039204916,0.8606107748085542,1.0045014016540896,24.655274135064737,27.24482275824581,0.312652587890625,0.0,0.7462100168860835,0.6953066762924194,8.0,0.0,0.5774690170798465,0.3387049039204916,0.0,0.0,0.0,0.0,0.0,0.0,uncertain_cold,219.24320475260416,219.24320475260416,POINT (541837.1267752609 8675349.642992098),dronbreen
dronbreen-20220328-DAT_0226_A1_1,5245.0,5188,25.533180236816406,541836.1727089789,8675354.079577671,244.64108276367188,2022-03-28 11:03:17+00:00,0,2022-05-03,100 MHz,20220328,0.0,25.012094497680664,26.36691665649414,0.7811547183724588,0.8498167573928832,12,0.5756190730008004,0.4516051610310873,1.1213710625024929,1.0702743726296404,24.28046307498737,27.098548079187434,0.5210857391357422,0.0,0.7773986007624735,0.8498167573928832,8.0,0.0,0.5756190730008004,0.4516051610310873,0.0,0.0,0.0,0.0,0.0,0.0,uncertain_cold,219.10790252685547,219.10790252685547,POINT (541836.1727089789 8675354.079577671),dronbreen
dronbreen-20220328-DAT_0226_A1_1,5250.0,5194,25.220531463623047,541835.0507862868,8675358.790075619,244.35753631591797,2022-03-28 11:03:18.500000+00:00,0,2022-05-03,100 MHz,20220328,0.0,24.803661346435547,26.15848159790039,0.8211569390787007,0.7725645446777343,12,0.5700790146313405,0.5645095507303874,1.1137850292951414,1.148024317854794,24.00137641214545,26.960766532190487,0.4168701171875,0.0,0.8144371873744516,0.7725645446777343,8.0,0.0,0.5700790146313405,0.5645095507303874,0.0,0.0,0.0,0.0,0.0,0.0,uncertain_cold,219.13700485229492,219.13700485229492,POINT (541835.0507862868 8675358.790075619),dronbreen
dronbreen-20220328-DAT_0226_A1_1,5255.0,5199,25.012094497680664,541833.8848732435,8675363.685300248,244.08018493652344,2022-03-28 11:03:20+00:00,0,2022-05-03,100 MHz,20220328,0.0,24.69944190979004,25.95004653930664,0.750643653191833,0.5407937673568726,12,0.5663938104043537,0.4516092936197917,0.9039971246415385,1.0431772604046308,23.97504360599017,26.67444484310651,0.312652587890625,0.0,0.7556384395309369,0.5407937673568726,8.0,0.0,0.5663938104043537,0.4516092936197917,0.0,0.0,0.0,0.0,0.0,0.0,uncertain_cold,219.06809043884277,219.06809043884277,POINT (541833.8848732435 8675363.685300248),dronbreen
dronbreen-20220328-DAT_0226_A1_1,5260.0,5204,24.803661346435547,541832.7535378285,8675368.435384821,243.81561933244978,2022-03-28 11:03:21.428571392+00:00,0,2022-05-03,100 MHz,20220328,0.0,24.491010665893555,25.63739776611328,0.7190676159231991,0.4635358989715576,12,0.5627154222832926,0.5645074844360353,0.9220536188829449,1.0734875792151666,23.693942697361532,26.434465734645304,0.3126506805419922,0.0,0.7186711164080184,0.4635358989715576,8.0,0.0,0.5627154222832926,0.5645074844360353,0.0,0.0,0.0,0.0,0.0,0.0,uncertain_cold,219.01195798601424,219.01195798601424,POINT (541832.7535378285 8675368.435384821),dronbreen
dronbreen-20220328-DAT_0226_A1_1,5265.0,5209,24.491010665893555,541831.5090739838,8675373.660478545,243.5568084716797,2022-03-28 11:03:23+00:00,0,2022-05-03,100 MHz,20220328,0.0,24.282575607299805,25.428964614868164,0.7249366729718918,0.30902581787109373,12,0.5572107692559115,0.4516072273254395,0.780980079936892,1.0197872861371098,23.565335808385008,26.14620441378296,0.20843505859375,0.0,0.742693354206639,0.38628085842132565,8.0,0.0,0.5572107692559115,0.4516072273254395,0.0,0.0,0.0,0.0,0.0,0.0,certain_cold,219.06579780578613,219.06579780578613,POINT (541831.5090739838 8675373.660478545),dronbreen
dronbreen-20220328-DAT_0226_A1_1,5270.0,5214,24.38679313659668,541830.4003084999,8675378.154276961,243.36629740397134,2022-03-28 11:03:24.333333248+00:00,0,2022-05-03,100 MHz,20220328,0.0,24.074140548706055,25.220531463623047,0.7231763434955892,0.4635387268066406,12,0.5553793944636978,0.3387049039204916,0.7987712031515498,0.9727030932028043,23.42362745603639,25.871044556292713,0.312652587890625,0.0,0.7346860615219436,0.4635387268066406,8.0,0.0,0.5553793944636978,0.3387049039204916,0.0,0.0,0.0,0.0,0.0,0.0,uncertain_cold,218.97950426737467,218.97950426737467,POINT (541830.4003084999 8675378.154276961),dronbreen
dronbreen-20220328-DAT_0226_A1_1,5275.0,5218,24.178359985351562,541829.1368185977,8675382.705285095,243.16080220540366,2022-03-28 11:03:25.666666752+00:00,0,2022-05-03,100 MHz,20220328,0.0,23.969924926757812,25.012094497680664,0.7097961948131524,0.38628227233886714,12,0.5517220646598248,0.4516072273254395,0.8109009300329786,1.006060118768407,23.25694082847436,25.725078595964117,0.20843505859375,0.0,0.7208265516070477,0.4635373128890991,8.0,0.0,0.5517220646598248,0.4516072273254395,0.0,0.0,0.0,0.0,0.0,0.0,certain_cold,218.9824422200521,218.9824422200521,POINT (541829.1368185977 8675382.705285095),dronbreen
dronbreen-20220328-DAT_0226_A1_1,5280.0,5223,23.969924926757812,541827.6641630678,8675388.242291847,242.8669637044271,2022-03-28 11:03:27.333333248+00:00,0,2022-05-03,100 MHz,20220328,0.0,23.865707397460938,24.803661346435547,0.7046774246715194,0.30902440395355224,12,0.5480720029318796,0.33870697021484375,0.7145637930295163,0.9548170531109959,23.221420712770122,25.447948031126362,0.104217529296875,0.0,0.7220369981592446,0.38627944450378415,8.0,0.0,0.5480720029318796,0.33870697021484375,0.0,0.0,0.0,0.0,0.0,0.0,certain_cold,218.89703877766928,218.89703877766928,POINT (541827.6641630678 8675388.242291847),dronbreen
dronbreen-20220328-DAT_0226_A1_1,5285.0,5227,23.865707397460938,541826.5064171389,8675392.672533156,242.6043446858724,2022-03-28 11:03:28.666666752+00:00,0,2022-05-03,100 MHz,20220328,0.0,23.761489868164062,24.595226287841797,0.6939118277835968,0.38628227233886714,12,0.5462497559106902,0.3387049039204916,0.7498825252634954,0.9458453533798483,23.118753679847053,25.237962476158806,0.104217529296875,0.0,0.7175915595908251,0.38628227233886714,8.0,0.0,0.5462497559106902,0.3387049039204916,0.0,0.0,0.0,0.0,0.0,0.0,certain_cold,218.73863728841147,218.73863728841147,POINT (541826.5064171389 8675392.672533156),dronbreen
dronbreen-20220328-DAT_0226_A1_1,5290.0,5233,23.65727424621582,541825.1433711302,8675397.964829067,242.26024881998697,2022-03-28 11:03:30.333333248+00:00,0,2022-05-03,100 MHz,20220328,0.0,23.553054809570312,24.282575607299805,0.6761340608432912,0.38628227233886714,12,0.5426109563068797,0.4516092936197917,0.8047307611315181,0.9775146404123435,22.847096167730697,24.98853424913942,0.10421943664550781,0.0,0.6967468015321433,0.38628227233886714,8.0,0.0,0.5426109563068797,0.4516092936197917,0.0,0.0,0.0,0.0,0.0,0.0,certain_cold,218.60297457377115,218.60297457377115,POINT (541825.1433711302 8675397.964829067),dronbreen
dronbreen-20220328-DAT_0226_A1_1,5295.0,5237,23.448837280273438,541824.1500277872,8675402.028002506,241.99916076660156,2022-03-28 11:03:31.666666752+00:00,0,2022-05-03,100 MHz,20220328,0.0,23.344621658325195,24.178359985351562,0.7018704468298499,0.38627803058624266,12,0.5389797657785462,0.4516072273254395,0.8022836110783106,0.9935141668966784,22.641451497061745,24.881530146615013,0.10421562194824219,0.0,0.7367955679087039,0.38627803058624266,8.0,0.0,0.5389797657785462,0.4516072273254395,0.0,0.0,0.0,0.0,0.0,0.0,certain_cold,218.55032348632812,218.55032348632812,POINT (541824.1500277872 8675402.028002506),dronbreen
dronbreen-20220328-DAT_0226_A1_1,5300.0,5243,23.240406036376953,541822.720952169,8675407.628404569,241.6689213344029,2022-03-28 11:03:33.428571392+00:00,0,2022-05-03,100 MHz,20220328,0.0,23.136188507080078,23.865707397460938,0.6976952690154915,0.4635373128890991,12,0.5353565065395829,0.4516051610310873,0.8398932378609958,0.9886012841235741,22.43579303981592,24.566102864725096,0.104217529296875,0.0,0.7342889748925259,0.4635373128890991,8.0,0.0,0.5353565065395829,0.4516051610310873,0.0,0.0,0.0,0.0,0.0,0.0,certain_cold,218.42851529802596,218.42851529802596,POINT (541822.720952169 8675407.628404569),dronbreen
dronbreen-20220328-DAT_0226_A1_1,5305.0,5248,23.031970977783203,541821.6587000947,8675411.829004198,241.44081497192383,2022-03-28 11:03:34.750000128+00:00,0,2022-05-03,100 MHz,20220328,0.0,22.92775535583496,23.65727424621582,0.6917735820425382,0.5407923534393311,12,0.5317411727979874,0.4516092936197917,0.8826981355315059,0.9824715353354064,22.23011674671678,24.354912855334,0.10421562194824219,0.0,0.7283221847541553,0.5407923534393311,8.0,0.0,0.5317411727979874,0.4516092936197917,0.0,0.0,0.0,0.0,0.0,0.0,certain_cold,218.40884399414062,218.40884399414062,POINT (541821.6587000947 8675411.829004198),dronbreen
dronbreen-20220328-DAT_0226_A1_1,5310.0,5253,22.823535919189453,541820.5178530618,8675416.740526984,241.1992645263672,2022-03-28 11:03:36.333333248+00:00,0,2022-05-03,100 MHz,20220328,0.0,22.823535919189453,23.344621658325195,0.6962198698309824,0.38628085842132565,12,0.5281339950635752,0.3387049039204916,0.736789949893671,0.9372132285819871,22.19612335262611,23.97203422488854,0.0,0.0,0.7154257578890144,0.38628085842132565,8.0,0.0,0.5281339950635752,0.3387049039204916,0.0,0.0,0.0,0.0,0.0,0.0,certain_cold,218.37572860717773,218.37572860717773,POINT (541820.5178530618 8675416.740526984),dronbreen
dronbreen-20220328-DAT_0226_A1_1,5315.0,5258,22.71932029724121,541819.3064993955,8675421.665361974,240.94989013671875,2022-03-28 11:03:38+00:00,0,2022-05-03,100 MHz,20220328,0.0,22.615102767944336,23.136188507080078,0.6802590828163042,0.38628085842132565,12,0.5263335500492577,0.3387049039204916,0.7355004550848082,0.9243919285678144,21.98920499845858,23.762086276565835,0.104217529296875,0.0,0.7090261996328119,0.38628085842132565,8.0,0.0,0.5263335500492577,0.3387049039204916,0.0,0.0,0.0,0.0,0.0,0.0,certain_cold,218.23056983947754,218.23056983947754,POINT (541819.3064993955 8675421.665361974),dronbreen
dronbreen-20220328-DAT_0226_A1_1,5320.0,5264,22.51088523864746,541818.235277461,8675426.417328853,240.6852525983538,2022-03-28 11:03:39.571428608+00:00,0,2022-05-03,100 MHz,20220328,0.0,22.30245018005371,22.823535919189453,0.6400632528287082,0.38628085842132565,12,0.5227389230686983,0.4516092936197917,0.791466889615419,0.941747260891401,21.611648518377372,23.514337580865792,0.20843505859375,0.0,0.6694908163010065,0.38628085842132565,8.0,0.0,0.5227389230686983,0.4516092936197917,0.0,0.0,0.0,0.0,0.0,0.0,certain_cold,218.17436735970634,218.17436735970634,POINT (541818.235277461 8675426.417328853),dronbreen
dronbreen-20220328-DAT_0226_A1_1,5325.0,5270,22.30245018005371,541816.9555627024,8675432.075561306,240.35384623209634,2022-03-28 11:03:41.333333248+00:00,0,2022-05-03,100 MHz,20220328,0.0,22.094017028808594,22.615102767944336,0.6207463658792471,0.38628085842132565,12,0.5191528807716578,0.5645074844360352,0.8587207434204253,0.9866683659417199,21.327082602929945,23.382037193822985,0.2084331512451172,0.0,0.6731027346944501,0.38628085842132565,8.0,0.0,0.5191528807716578,0.5645074844360352,0.0,0.0,0.0,0.0,0.0,0.0,certain_cold,218.05139605204263,218.05139605204263,POINT (541816.9555627024 8675432.075561306),dronbreen
dronbreen-20220328-DAT_0226_A1_1,5330.0,5274,21.98980140686035,541816.0058617918,8675436.171115596,240.0999755859375,2022-03-28 11:03:42.500000+00:00,0,2022-05-03,100 MHz,20220328,0.0,21.885583877563477,22.40666961669922,0.6344464639269722,0.38628085842132565,12,0.5137903720052206,0.6774098078409831,0.9338508958646112,1.0608425470888032,21.0353694374812,23.256884056781495,0.104217529296875,0.0,0.678697983022022,0.38628085842132565,8.0,0.0,0.5137903720052206,0.6774098078409831,0.0,0.0,0.0,0.0,0.0,0.0,certain_cold,218.11017417907715,218.11017417907715,POINT (541816.0058617918 8675436.171115596),dronbreen
dronbreen-20220328-DAT_0226_A1_1,5335.0,5279,21.677148818969727,541814.746289502,8675441.621725854,239.76138305664062,2022-03-28 11:03:44+00:00,0,2022-05-03,100 MHz,20220328,0.0,21.46871566772461,22.19823455810547,0.6268790119501793,0.5407923534393311,12,0.5084481412768703,0.5645095507303874,0.9325486125517418,0.9849709847794305,20.7089850936171,22.95796513221298,0.2084331512451172,0.0,0.6956322515733253,0.5407923534393311,8.0,0.0,0.5084481412768703,0.5645095507303874,0.0,0.0,0.0,0.0,0.0,0.0,certain_cold,218.0842342376709,218.0842342376709,POINT (541814.746289502 8675441.621725854),dronbreen
dronbreen-20220328-DAT_0226_A1_1,5340.0,5284,21.46871566772461,541813.5735663009,8675446.330654187,239.46241760253906,2022-03-28 11:03:45.333333248+00:00,0,2022-05-03,100 MHz,20220328,0.0,21.156063079833984,21.98980140686035,0.6657718617593723,0.618050221824646,12,0.5048983075517699,0.3387049039204916,0.8669656219285313,0.9016071676838932,20.54808009248283,22.597784394211505,0.312652587890625,0.0,0.7482874398440831,0.618050221824646,8.0,0.0,0.5048983075517699,0.3387049039204916,0.0,0.0,0.0,0.0,0.0,0.0,uncertain_cold,217.99370193481445,217.99370193481445,POINT (541813.5735663009 8675446.330654187),dronbreen
dronbreen-20220328-DAT_0226_A1_1,5345.0,5288,21.364498138427734,541812.3788535487,8675451.13194721,239.16127014160156,2022-03-28 11:03:46.666666752+00:00,0,2022-05-03,100 MHz,20220328,0.0,20.947629928588867,21.78136444091797,0.6234573410008392,0.618047393989563,12,0.5031269345629916,0.22580464680989584,0.8283157803766537,0.8323602025875164,20.396155132425257,22.33283923708158,0.4168682098388672,0.0,0.7110748340981862,0.618047393989563,8.0,0.0,0.5031269345629916,0.22580464680989584,0.0,0.0,0.0,0.0,0.0,0.0,uncertain_cold,217.79677200317383,217.79677200317383,POINT (541812.3788535487 8675451.13194721),dronbreen
dronbreen-20220328-DAT_0226_A1_1,5350.0,5292,21.26028060913086,541811.1297474946,8675455.8384977,238.8660125732422,2022-03-28 11:03:48+00:00,0,2022-05-03,100 MHz,20220328,0.0,20.843412399291992,21.57293128967285,0.6253028927429747,0.5407937673568726,12,0.5013579685530033,0.22580464680989584,0.7712363126594696,0.8326771636266171,20.29355100661877,22.122792682346073,0.4168682098388672,0.0,0.7154262193118209,0.5407937673568726,8.0,0.0,0.5013579685530033,0.22580464680989584,0.0,0.0,0.0,0.0,0.0,0.0,uncertain_cold,217.60573196411133,217.60573196411133,POINT (541811.1297474946 8675455.8384977),dronbreen
dronbreen-20220328-DAT_0226_A1_1,5355.0,5296,21.156063079833984,541809.8389840294,8675460.450702604,238.55365498860678,2022-03-28 11:03:49.333333248+00:00,0,2022-05-03,100 MHz,20220328,0.0,20.739194869995117,21.364498138427734,0.5953046465914841,0.4635373128890991,12,0.4995914350898801,0.3387049039204916,0.7610384053353693,0.8477618982994972,20.13561172414448,21.968081284278373,0.4168682098388672,0.0,0.6741104902979489,0.4635373128890991,8.0,0.0,0.4995914350898801,0.3387049039204916,0.0,0.0,0.0,0.0,0.0,0.0,uncertain_cold,217.3975919087728,217.3975919087728,POINT (541809.8389840294 8675460.450702604),dronbreen
dronbreen-20220328-DAT_0226_A1_1,5360.0,5302,20.947629928588867,541808.366471823,8675465.987730034,238.15773010253906,2022-03-28 11:03:51+00:00,0,2022-05-03,100 MHz,20220328,0.0,20.530759811401367,21.051847457885742,0.5774133584729175,0.5407951812744141,12,0.49606580193563515,0.4516072273254395,0.8616784758320486,0.8851195140576158,19.85991678384379,21.72269048544332,0.4168701171875,0.0,0.6520267883878874,0.5407951812744141,8.0,0.0,0.49606580193563515,0.4516072273254395,0.0,0.0,0.0,0.0,0.0,0.0,uncertain_cold,217.2101001739502,217.2101001739502,POINT (541808.366471823 8675465.987730034),dronbreen
dronbreen-20220328-DAT_0226_A1_1,5365.0,5307,20.739194869995117,541807.1302937202,8675470.601637399,237.80499049595423,2022-03-28 11:03:52.428571392+00:00,0,2022-05-03,100 MHz,20220328,0.0,20.426544189453125,20.947629928588867,0.5698831233848541,0.4635373128890991,12,0.49255018175029913,0.4516092936197917,0.8132794575460925,0.8782501978052136,19.758295257073865,21.615878860968127,0.3126506805419922,0.0,0.6394115090042684,0.4635373128890991,8.0,0.0,0.49255018175029913,0.4516092936197917,0.0,0.0,0.0,0.0,0.0,0.0,uncertain_cold,217.0657956259591,217.0657956259591,POINT (541807.1302937202 8675470.601637399),dronbreen
dronbreen-20220328-DAT_0226_A1_1,5370.0,5312,20.530759811401367,541805.6912128248,8675475.76751444,237.38601684570312,2022-03-28 11:03:54+00:00,0,2022-05-03,100 MHz,20220328,0.0,20.322328567504883,20.739194869995117,0.5540698750821922,0.38627803058624266,12,0.4890448234808149,0.4516051610310873,0.7696250890900594,0.8660863047738901,19.656661938595715,21.404861498904285,0.20843124389648438,0.0,0.6171853709154524,0.38627803058624266,8.0,0.0,0.4890448234808149,0.4516051610310873,0.0,0.0,0.0,0.0,0.0,0.0,uncertain_cold,216.85525703430176,216.85525703430176,POINT (541805.6912128248 8675475.76751444),dronbreen
dronbreen-20220328-DAT_0226_A1_1,5375.0,5316,20.322328567504883,541804.5663041738,8675479.966172496,237.02899551391602,2022-03-28 11:03:55.249999872+00:00,0,2022-05-03,100 MHz,20220328,0.0,20.113893508911133,20.530759811401367,0.5609328446444795,0.30902581787109373,12,0.4855500132450313,0.4516051610310873,0.7315756918754632,0.868534220991385,19.450790170937207,21.193863149375293,0.20843505859375,0.0,0.6400174567766167,0.30902581787109373,8.0,0.0,0.4855500132450313,0.4516051610310873,0.0,0.0,0.0,0.0,0.0,0.0,uncertain_cold,216.70666694641113,216.70666694641113,POINT (541804.5663041738 8675479.966172496),dronbreen
dronbreen-20220328-DAT_0226_A1_1,5380.0,5321,20.113893508911133,541803.3829301457,8675484.814349575,236.62273152669272,2022-03-28 11:03:56.666666752+00:00,0,2022-05-03,100 MHz,20220328,0.0,20.009675979614258,20.426544189453125,0.5359529176284429,0.30902581787109373,12,0.48206585113978667,0.4516092936197917,0.7292704539673828,0.8506373897456746,19.349116793076902,21.08710337599048,0.104217529296875,0.0,0.590690896781245,0.30902581787109373,8.0,0.0,0.48206585113978667,0.4516092936197917,0.0,0.0,0.0,0.0,0.0,0.0,certain_cold,216.50883801778158,216.50883801778158,POINT (541803.3829301457 8675484.814349575),dronbreen
dronbreen-20220328-DAT_0226_A1_1,5385.0,5326,19.905458450317383,541802.3820653543,8675489.940712744,236.1991424560547,2022-03-28 11:03:58.142856960+00:00,0,2022-05-03,100 MHz,20220328,0.0,19.80124282836914,20.218109130859375,0.5444829158585486,0.30902299003601075,12,0.478592635178316,0.4516072273254395,0.726976757943672,0.8540852673365366,19.143215474667567,20.87613648456095,0.10421562194824219,0.0,0.6036822680369915,0.30902299003601075,8.0,0.0,0.478592635178316,0.4516072273254395,0.0,0.0,0.0,0.0,0.0,0.0,certain_cold,216.2936840057373,216.2936840057373,POINT (541802.3820653543 8675489.940712744),dronbreen
dronbreen-20220328-DAT_0226_A1_1,5390.0,5330,19.697025299072266,541801.6125026792,8675494.18810624,235.85132344563803,2022-03-28 11:03:59.333333248+00:00,0,2022-05-03,100 MHz,20220328,0.0,19.59280776977539,20.009675979614258,0.5468951930485448,0.30902440395355224,12,0.47513063703882236,0.3387049039204916,0.6602773784036181,0.7997277576602626,19.00930958280931,20.59317416658034,0.104217529296875,0.0,0.6062466405575656,0.30902440395355224,8.0,0.0,0.47513063703882236,0.3387049039204916,0.0,0.0,0.0,0.0,0.0,0.0,certain_cold,216.15429814656576,216.15429814656576,POINT (541801.6125026792 8675494.18810624),dronbreen
dronbreen-20220328-DAT_0226_A1_1,5395.0,5335,19.59280776977539,541800.7238127635,8675499.29359558,235.44104385375977,2022-03-28 11:04:00.750000128+00:00,0,2022-05-03,100 MHz,20220328,0.0,19.384374618530273,19.905458450317383,0.5486976038925581,0.38627944450378415,12,0.4734038936482762,0.3387049039204916,0.6986015085206229,0.7999383219839966,18.80228162040958,20.487551448438076,0.2084331512451172,0.0,0.6044849663790446,0.30902440395355224,8.0,0.0,0.4734038936482762,0.3387049039204916,0.0,0.0,0.0,0.0,0.0,0.0,uncertain_cold,215.84823608398438,215.84823608398438,POINT (541800.7238127635 8675499.29359558),dronbreen
dronbreen-20220328-DAT_0226_A1_1,5400.0,5340,19.384374618530273,541799.8084893448,8675505.049595105,234.99608357747397,2022-03-28 11:04:02.333333248+00:00,0,2022-05-03,100 MHz,20220328,0.0,19.175939559936523,19.697025299072266,0.5351078799762562,0.38628085842132565,12,0.46995913837333586,0.22580258051554364,0.6488923629468936,0.7471203653500352,18.65454873041601,20.21841612859278,0.20843505859375,0.0,0.5895405797410433,0.2317679494857788,8.0,0.0,0.46995913837333586,0.4516072273254395,0.0,0.0,0.0,0.0,0.0,0.0,uncertain_cold,215.6117089589437,215.6117089589437,POINT (541799.8084893448 8675505.049595105),dronbreen
dronbreen-20220328-DAT_0226_A1_1,5405.0,5344,19.384374618530273,541799.1424525308,8675509.247044813,234.67877197265625,2022-03-28 11:04:03.500000+00:00,0,2022-05-03,100 MHz,20220328,0.0,19.07172393798828,19.488590240478516,0.548472522125902,0.38628085842132565,12,0.46995913837333586,0.22580464680989584,0.6488930819821292,0.7567505783206896,18.550332213599074,20.009981964867723,0.3126506805419922,0.0,0.5972217065440659,0.30902299003601075,8.0,0.0,0.46652616561403654,0.4516092936197917,0.0,0.0,0.0,0.0,0.0,0.0,uncertain_temperate,215.29439735412598,215.29439735412598,POINT (541799.1424525308 8675509.247044813),dronbreen
dronbreen-20220328-DAT_0226_A1_1,5410.0,5349,19.175939559936523,541798.347142364,8675514.526033463,234.2622528076172,2022-03-28 11:04:05+00:00,0,2022-05-03,100 MHz,20220328,0.0,18.759071350097656,19.280155181884766,0.5540696821120646,0.38628085842132565,12,0.46652616561403654,0.5645095507303874,0.8279677515767601,0.918319611412129,18.026734203649138,20.012492328333284,0.4168682098388672,0.0,0.6051258891416824,0.30902299003601075,8.0,0.0,0.4631052696778383,0.4516072273254395,0.0,0.0,0.0,0.0,0.0,0.0,uncertain_temperate,215.08631324768066,215.08631324768066,POINT (541798.347142364 8675514.526033463),dronbreen
dronbreen-20220328-DAT_0226_A1_1,5415.0,5353,18.86328887939453,541797.7150549516,8675519.065719329,233.88766479492188,2022-03-28 11:04:06.333333248+00:00,0,2022-05-03,100 MHz,20220328,0.0,18.55063819885254,19.07172393798828,0.5664068042881584,0.30902581787109373,12,0.4613994656899765,0.6774098078409831,0.8759397643725577,0.9962882026010735,17.731020291106404,19.891341845734416,0.3126506805419922,0.0,0.6076845494214909,0.38628085842132565,8.0,0.0,0.4596967513124515,0.4516051610310873,0.0,0.0,0.0,0.0,0.0,0.0,uncertain_cold,215.02437591552734,215.02437591552734,POINT (541797.7150549516 8675519.065719329),dronbreen
dronbreen-20220328-DAT_0226_A1_1,5420.0,5359,18.55063819885254,541797.172068033,8675524.631714914,233.39698791503906,2022-03-28 11:04:08+00:00,0,2022-05-03,100 MHz,20220328,0.0,18.13376808166504,18.759071350097656,0.543953271889879,0.30902299003601075,12,0.456300855832959,0.6774118741353353,0.873265438812412,0.9813167074156757,17.317007824151588,19.575831607611107,0.4168701171875,0.0,0.5915112010603949,0.30902299003601075,8.0,0.0,0.456300855832959,0.5645095507303874,0.0,0.0,0.0,0.0,0.0,0.0,uncertain_cold,214.84634971618652,214.84634971618652,POINT (541797.172068033 8675524.631714914),dronbreen
dronbreen-20220328-DAT_0226_A1_1,5425.0,5363,18.237985610961914,541796.8058171131,8675529.024601767,233.02655537923178,2022-03-28 11:04:09.333333248+00:00,0,2022-05-03,100 MHz,20220328,0.0,17.821117401123047,18.55063819885254,0.5727633345643403,0.4635373128890991,12,0.4512312574038522,0.5645116170247396,0.8585743146953526,0.9221392795209464,17.098425894728965,19.27332970524662,0.4168682098388672,0.0,0.6126120621225449,0.4635373128890991,8.0,0.0,0.4512312574038522,0.5645116170247396,0.0,0.0,0.0,0.0,0.0,0.0,uncertain_cold,214.78856976826987,214.78856976826987,POINT (541796.8058171131 8675529.024601767),dronbreen
dronbreen-20220328-DAT_0226_A1_1,5430.0,5368,18.029550552368164,541796.488928928,8675534.28748007,232.64608764648438,2022-03-28 11:04:11+00:00,0,2022-05-03,100 MHz,20220328,0.0,17.61268424987793,18.237985610961914,0.5880731824292056,0.4635358989715576,12,0.4478681471685162,0.5645095507303874,0.8568094535830902,0.9301005203774467,16.89208941912074,18.958580441719104,0.5210838317871094,0.0,0.6313216075121291,0.4635387268066406,8.0,0.0,0.4478681471685162,0.5645095507303874,0.0,0.0,0.0,0.0,0.0,0.0,uncertain_cold,214.6165370941162,214.6165370941162,POINT (541796.488928928 8675534.28748007),dronbreen
dronbreen-20220328-DAT_0226_A1_1,5435.0,5373,17.716899871826172,541796.214881284,8675538.99340074,232.32190450032553,2022-03-28 11:04:12.333333248+00:00,0,2022-05-03,100 MHz,20220328,0.0,17.300033569335938,18.029550552368164,0.5875831009048247,0.5407909395217895,12,0.4428492028075987,0.6774098078409831,0.9733726441889269,1.0001266743045167,16.490713197550768,18.838870924153333,0.4168663024902344,0.0,0.6095962523339847,0.5407909395217895,8.0,0.0,0.4428492028075987,0.6774098078409831,0.0,0.0,0.0,0.0,0.0,0.0,uncertain_cold,214.60500462849936,214.60500462849936,POINT (541796.214881284 8675538.99340074),dronbreen
dronbreen-20220328-DAT_0226_A1_1,5440.0,5378,17.40424919128418,541795.9678102916,8675544.878777813,231.9332733154297,2022-03-28 11:04:14+00:00,0,2022-05-03,100 MHz,20220328,0.0,17.195816040039062,17.821117401123047,0.5934354595805177,0.4635358989715576,12,0.43786202845751127,0.6774098078409831,0.9303078702018241,1.0013854644499411,16.389213781348893,18.627719659813216,0.2084331512451172,0.0,0.6100731024161982,0.4635358989715576,8.0,0.0,0.43786202845751127,0.6774098078409831,0.0,0.0,0.0,0.0,0.0,0.0,uncertain_cold,214.5290241241455,214.5290241241455,POINT (541795.9678102916 8675544.878777813),dronbreen
dronbreen-20220328-DAT_0226_A1_1,5445.0,5383,17.091598510742188,541795.8815561661,8675549.049981507,231.66736493791853,2022-03-28 11:04:15.285714432+00:00,0,2022-05-03,100 MHz,20220328,0.0,16.987380981445312,17.508466720581055,0.6078879135451255,0.38628085842132565,12,0.4329077221082593,0.5645095507303874,0.8095017172986737,0.9357391966573976,16.27598789128574,18.219859810740626,0.104217529296875,0.0,0.6246818432970704,0.38628085842132565,8.0,0.0,0.4329077221082593,0.5645095507303874,0.0,0.0,0.0,0.0,0.0,0.0,certain_cold,214.57576642717635,214.57576642717635,POINT (541795.8815561661 8675549.049981507),dronbreen
dronbreen-20220328-DAT_0226_A1_1,5450.0,5388,16.883163452148438,541795.7516275225,8675554.097139474,231.32552446637834,2022-03-28 11:04:16.714285568+00:00,0,2022-05-03,100 MHz,20220328,0.0,16.67473030090332,17.300033569335938,0.5953046212950531,0.4635373128890991,12,0.4296236530508816,0.4516072273254395,0.7767833748695978,0.8619241052253975,16.05141210685364,17.923351763385618,0.10421562194824219,0.0,0.5933121224071545,0.38628085842132565,8.0,0.0,0.4296236530508816,0.4516072273254395,0.0,0.0,0.0,0.0,0.0,0.0,certain_cold,214.4423610142299,214.4423610142299,POINT (541795.7516275225 8675554.097139474),dronbreen
dronbreen-20220328-DAT_0226_A1_1,5455.0,5392,16.67473030090332,541795.57160753,8675558.823714346,230.99961853027344,2022-03-28 11:04:18+00:00,0,2022-05-03,100 MHz,20220328,0.0,16.570512771606445,17.091598510742188,0.5953043430364637,0.4635373128890991,12,0.42635507765610736,0.4516051610310873,0.7749791701416924,0.860298282313254,15.949444439043063,17.71266684330557,0.104217529296875,0.0,0.5814246587533223,0.4635373128890991,8.0,0.0,0.42635507765610736,0.4516051610310873,0.0,0.0,0.0,0.0,0.0,0.0,certain_cold,214.32488822937012,214.32488822937012,POINT (541795.57160753 8675558.823714346),dronbreen
dronbreen-20220328-DAT_0226_A1_1,5460.0,5397,16.466297149658203,541795.3405566955,8675564.399427628,230.61861419677734,2022-03-28 11:04:19.500000+00:00,0,2022-05-03,100 MHz,20220328,0.0,16.362077713012695,16.883163452148438,0.5818841495116155,0.38628085842132565,12,0.4231023241821495,0.33870697021484375,0.6655455581574954,0.7951900099053759,15.820101709484444,17.42513945567669,0.10421943664550781,0.0,0.5708200563522432,0.38628085842132565,8.0,0.0,0.4231023241821495,0.33870697021484375,0.0,0.0,0.0,0.0,0.0,0.0,certain_cold,214.15231704711914,214.15231704711914,POINT (541795.3405566955 8675564.399427628),dronbreen
dronbreen-20220328-DAT_0226_A1_1,5465.0,5402,16.362077713012695,541795.2356730789,8675569.60687773,230.30865478515625,2022-03-28 11:04:21+00:00,0,2022-05-03,100 MHz,20220328,0.0,16.15364646911621,16.570512771606445,0.5522847054502427,0.38627803058624266,12,0.4214819507816043,0.3387049039204916,0.6645139303942712,0.7729077840523522,15.612935782358074,17.11122345836458,0.20843124389648438,0.0,0.5306737485534183,0.38627803058624266,8.0,0.0,0.4214819507816043,0.3387049039204916,0.0,0.0,0.0,0.0,0.0,0.0,uncertain_cold,213.94657707214355,213.94657707214355,POINT (541795.2356730789 8675569.60687773),dronbreen
dronbreen-20220328-DAT_0226_A1_1,5470.0,5407,16.15364646911621,541795.332270165,8675574.395240206,230.1087428501674,2022-03-28 11:04:22.428571392+00:00,0,2022-05-03,100 MHz,20220328,0.0,16.049427032470703,16.362077713012695,0.5412236109897528,0.2317707773208618,12,0.41825365234469414,0.5645074844360352,0.7398124836091192,0.8868640339853477,15.34685688103814,17.06464786444526,0.10421943664550781,0.0,0.5118850843074715,0.2317707773208618,8.0,0.0,0.41825365234469414,0.5645074844360352,0.0,0.0,0.0,0.0,0.0,0.0,certain_cold,213.9550963810512,213.9550963810512,POINT (541795.332270165 8675574.395240206),dronbreen
dronbreen-20220328-DAT_0226_A1_1,5475.0,5412,15.840993881225586,541795.4576225881,8675579.66303388,229.90284729003906,2022-03-28 11:04:24+00:00,0,2022-05-03,100 MHz,20220328,0.0,15.840993881225586,16.049427032470703,0.5532528529135052,0.15451149501800537,12,0.41344266211653896,0.4516092936197917,0.6314741412239118,0.8252117959643515,15.22871470556976,16.661706208126528,0.0,0.0,0.5208996161078734,0.15451149501800537,8.0,0.0,0.41344266211653896,0.4516092936197917,0.0,0.0,0.0,0.0,0.0,0.0,certain_cold,214.06185340881348,214.06185340881348,POINT (541795.4576225881 8675579.66303388),dronbreen
dronbreen-20220328-DAT_0226_A1_1,5480.0,5417,15.736776351928711,541795.5427681208,8675583.88388736,229.72124226888022,2022-03-28 11:04:25.333333248+00:00,0,2022-05-03,100 MHz,20220328,0.0,15.632558822631836,15.840993881225586,0.5322556897423032,0.15451290893554687,12,0.4118476077146122,0.3387049039204916,0.5551699766267653,0.7534159430109596,15.09932391762276,16.374228786234664,0.104217529296875,0.0,0.48483737247512143,0.15451290893554687,8.0,0.0,0.4118476077146122,0.3387049039204916,0.0,0.0,0.0,0.0,0.0,0.0,certain_cold,213.9844659169515,213.9844659169515,POINT (541795.5427681208 8675583.88388736),dronbreen
dronbreen-20220328-DAT_0226_A1_1,5485.0,5422,15.528343200683594,541795.6471625009,8675589.532084286,229.4010467529297,2022-03-28 11:04:27+00:00,0,2022-05-03,100 MHz,20220328,0.0,15.31990909576416,15.632558822631836,0.5480974904524787,0.23176865644454955,12,0.40867074402663883,0.45160619417826336,0.6516721888753375,0.8193721930135088,14.710844294906762,16.241623623489232,0.104217529296875,0.0,0.48483733586906175,0.15451290893554687,8.0,0.0,0.40867074402663883,0.45160619417826336,0.0,0.0,0.0,0.0,0.0,0.0,certain_cold,213.8727035522461,213.8727035522461,POINT (541795.6471625009 8675589.532084286),dronbreen
dronbreen-20220328-DAT_0226_A1_1,5490.0,5427,15.31990909576416,541795.7437521663,8675594.320446786,229.0929173060826,2022-03-28 11:04:28.428571392+00:00,0,2022-05-03,100 MHz,20220328,0.0,15.215691566467285,15.424125671386719,0.510798927953407,0.15451290893554687,12,0.4055118319864304,0.4516082604726156,0.626309911973152,0.7932877230907098,14.60874027780559,16.031076960048413,0.104217529296875,0.0,0.431275009715819,0.15451290893554687,8.0,0.0,0.4055118319864304,0.4516082604726156,0.0,0.0,0.0,0.0,0.0,0.0,certain_cold,213.77300821031844,213.77300821031844,POINT (541795.7437521663 8675594.320446786),dronbreen
dronbreen-20220328-DAT_0226_A1_1,5495.0,5432,15.11147403717041,541795.9396910149,8675599.776536196,228.736328125,2022-03-28 11:04:30+00:00,0,2022-05-03,100 MHz,20220328,0.0,15.007256507873535,15.215691566467285,0.5121662414588218,0.2317693634033203,12,0.40237129498813673,0.4516082604726156,0.6477420148252793,0.792569832158396,14.40239893789732,15.8205491364435,0.104217529296875,0.0,0.4384114523851684,0.2317693634033203,8.0,0.0,0.40237129498813673,0.4516082604726156,0.0,0.0,0.0,0.0,0.0,0.0,certain_cold,213.6248540878296,213.6248540878296,POINT (541795.9396910149 8675599.776536196),dronbreen
dronbreen-20220328-DAT_0226_A1_1,5500.0,5436,14.903039932250977,541796.0074529295,8675604.555139186,228.39989725748697,2022-03-28 11:04:31.333333248+00:00,0,2022-05-03,100 MHz,20220328,0.0,14.798823356628418,15.215691566467285,0.5053740260483436,0.309025110912323,12,0.3992495957279191,0.3387049039204916,0.60796198137965,0.7276841057993558,14.275257456641896,15.739257466453807,0.1042165756225586,0.0,0.4294720523980872,0.30902440395355224,8.0,0.0,0.3992495957279191,0.3387049039204916,0.0,0.0,0.0,0.0,0.0,0.0,certain_cold,213.496857325236,213.496857325236,POINT (541796.0074529295 8675604.555139186),dronbreen
dronbreen-20220328-DAT_0226_A1_1,5505.0,5441,14.798823356628418,541795.9272527811,8675609.685818294,228.0249366760254,2022-03-28 11:04:32.750000128+00:00,0,2022-05-03,100 MHz,20220328,0.0,14.590389251708984,15.007256507873535,0.5014511968258374,0.30902440395355224,12,0.3976959505656002,0.3387049039204916,0.6069424711411403,0.7241107538451078,14.068007130043181,15.529638629539338,0.2084341049194336,0.0,0.4233317269950769,0.30902440395355224,8.0,0.0,0.3976959505656002,0.3387049039204916,0.0,0.0,0.0,0.0,0.0,0.0,uncertain_cold,213.22611331939697,213.22611331939697,POINT (541795.9272527811 8675609.685818294),dronbreen
dronbreen-20220328-DAT_0226_A1_1,5510.0,5445,14.590389251708984,541795.8316359713,8675614.288741749,227.6872100830078,2022-03-28 11:04:34+00:00,0,2022-05-03,100 MHz,20220328,0.0,14.48617172241211,14.798823356628418,0.5188698766515439,0.23176865644454955,12,0.3946033241200003,0.4516082604726156,0.6429451877444666,0.7930244341948388,13.886453618355166,15.398541460685362,0.104217529296875,0.0,0.4159364803880357,0.23176865644454955,8.0,0.0,0.3946033241200003,0.4516082604726156,0.0,0.0,0.0,0.0,0.0,0.0,certain_cold,213.09682083129883,213.09682083129883,POINT (541795.8316359713 8675614.288741749),dronbreen
dronbreen-20220328-DAT_0226_A1_1,5515.0,5449,14.381954193115234,541795.7250222213,8675618.937847806,227.34878540039062,2022-03-28 11:04:35.249999872+00:00,0,2022-05-03,100 MHz,20220328,0.0,14.277737617492676,14.590389251708984,0.517202254893316,0.2317693634033203,12,0.3915306406466114,0.5645095507303874,0.7250409045311514,0.8599217684753075,13.590738872638678,15.277387996562982,0.1042165756225586,0.0,0.4128947893194803,0.23176865644454955,8.0,0.0,0.3915306406466114,0.5645095507303874,0.0,0.0,0.0,0.0,0.0,0.0,certain_cold,212.9668312072754,212.9668312072754,POINT (541795.7250222213 8675618.937847806),dronbreen
dronbreen-20220328-DAT_0226_A1_1,5520.0,5454,14.069303512573242,541795.641154991,8675624.083920753,226.97928365071616,2022-03-28 11:04:36.666666752+00:00,0,2022-05-03,100 MHz,20220328,0.0,13.965086936950684,14.277737617492676,0.5556271891771523,0.2317679494857788,12,0.38696010198929076,0.6774108409881593,0.8138427061961605,0.957781364076766,13.184943637280778,15.057880917162581,0.1042165756225586,0.0,0.44890321965874586,0.2317679494857788,8.0,0.0,0.38696010198929076,0.6774108409881593,0.0,0.0,0.0,0.0,0.0,0.0,certain_cold,212.9099801381429,212.9099801381429,POINT (541795.641154991 8675624.083920753),dronbreen
dronbreen-20220328-DAT_0226_A1_1,5525.0,5459,13.756651878356934,541795.6471878807,8675628.79856747,226.6264190673828,2022-03-28 11:04:38+00:00,0,2022-05-03,100 MHz,20220328,0.0,13.652435302734375,13.860868453979492,0.5722600603149927,0.15451149501800537,12,0.38243716916759096,0.6774108409881593,0.7931061958791552,0.9657252261802655,12.874525516287896,14.638778240425971,0.1042165756225586,0.0,0.46252220579226,0.23176724252700803,8.0,0.0,0.38243716916759096,0.6774108409881593,0.0,0.0,0.0,0.0,0.0,0.0,certain_cold,212.86976718902588,212.86976718902588,POINT (541795.6471878807 8675628.79856747),dronbreen
dronbreen-20220328-DAT_0226_A1_1,5530.0,5464,13.444001197814941,541795.7197692656,8675634.357156223,226.19328090122767,2022-03-28 11:04:39.571428608+00:00,0,2022-05-03,100 MHz,20220328,0.0,13.235566139221191,13.652435302734375,0.6044262783073604,0.309025110912323,12,0.3779635793072394,0.6774108409881593,0.8350080442399335,0.9833987190755903,12.459845883735346,14.42815555822022,0.20843505859375,0.0,0.484837672646162,0.309025110912323,8.0,0.0,0.3779635793072394,0.6774108409881593,0.0,0.0,0.0,0.0,0.0,0.0,uncertain_cold,212.74927970341272,212.74927970341272,POINT (541795.7197692656 8675634.357156223),dronbreen
dronbreen-20220328-DAT_0226_A1_1,5535.0,5469,13.131349563598633,541795.6989500712,8675639.407713879,225.78216552734375,2022-03-28 11:04:41+00:00,0,2022-05-03,100 MHz,20220328,0.0,12.9229154586792,13.444001197814941,0.6502662221816455,0.3862801514625549,12,0.37354107745275994,0.5645095507303874,0.7793691839072975,0.9386427057836128,12.246007806624363,14.120908849869778,0.2084341049194336,0.0,0.5400930715144618,0.38628085842132565,8.0,0.0,0.37354107745275994,0.5645095507303874,0.0,0.0,0.0,0.0,0.0,0.0,uncertain_cold,212.65081596374512,212.65081596374512,POINT (541795.6989500712 8675639.407713879),dronbreen
dronbreen-20220328-DAT_0226_A1_1,5540.0,5473,12.9229154586792,541795.6833792973,8675643.997623779,225.42840067545572,2022-03-28 11:04:42.333333248+00:00,0,2022-05-03,100 MHz,20220328,0.0,12.610265731811523,13.339784622192383,0.667067708640252,0.46353448505401607,12,0.37062204141263366,0.5645074844360352,0.8190809583914525,0.9492147941723856,11.934966244498547,14.01508410950536,0.2084331512451172,0.0,0.5591480287341677,0.4635351920127868,8.0,0.0,0.37062204141263366,0.5645074844360352,0.0,0.0,0.0,0.0,0.0,0.0,uncertain_cold,212.50548521677652,212.50548521677652,POINT (541795.6833792973 8675643.997623779),dronbreen
dronbreen-20220328-DAT_0226_A1_1,5545.0,5479,12.610265731811523,541795.6211074906,8675649.268434923,225.03016662597656,2022-03-28 11:04:44+00:00,0,2022-05-03,100 MHz,20220328,0.0,12.506047248840332,12.9229154586792,0.6532957188661812,0.23177007036209105,12,0.36628884876659845,0.5645085175832113,0.7117265996647895,0.9378873511481192,11.833115315317517,13.595847392202014,0.1042184829711914,0.0,0.5195940546893056,0.30902440395355224,8.0,0.0,0.36628884876659845,0.5645085175832113,0.0,0.0,0.0,0.0,0.0,0.0,certain_cold,212.41990089416504,212.41990089416504,POINT (541795.6211074906 8675649.268434923),dronbreen
dronbreen-20220328-DAT_0226_A1_1,5550.0,5484,12.401830673217773,541795.5120073477,8675653.997218143,224.65830993652344,2022-03-28 11:04:45.571428608+00:00,0,2022-05-03,100 MHz,20220328,0.0,12.297613143920898,12.714482307434082,0.6477299263890689,0.30902440395355224,12,0.3634310961088307,0.4516082604726156,0.6569081098485664,0.8692446376515397,11.717930314654783,13.294165136700197,0.104217529296875,0.0,0.5067436914752135,0.309025110912323,8.0,0.0,0.3634310961088307,0.4516082604726156,0.0,0.0,0.0,0.0,0.0,0.0,certain_cold,212.25647926330566,212.25647926330566,POINT (541795.5120073477 8675653.997218143),dronbreen
dronbreen-20220328-DAT_0226_A1_1,5555.0,5490,12.19339656829834,541795.3445795815,8675659.371093923,224.2494862874349,2022-03-28 11:04:47.333333248+00:00,0,2022-05-03,100 MHz,20220328,0.0,11.984962463378906,12.297613143920898,0.6537995569641752,0.3862801514625549,12,0.36059890175750103,0.4516072273254395,0.6951208608114285,0.872602152419898,11.407051868458474,12.87552373884133,0.2084341049194336,0.0,0.5335904048963267,0.3090236969947815,8.0,0.0,0.36059890175750103,0.4516072273254395,0.0,0.0,0.0,0.0,0.0,0.0,uncertain_cold,212.05608971913657,212.05608971913657,POINT (541795.3445795815 8675659.371093923),dronbreen
dronbreen-20220328-DAT_0226_A1_1,5560.0,5496,11.984962463378906,541795.2988981389,8675664.518356668,223.8723602294922,2022-03-28 11:04:49+00:00,0,2022-05-03,100 MHz,20220328,0.0,11.568094253540039,11.984962463378906,0.6618671352554708,0.6180488079071045,12,0.3577928592068888,0.5645095507303874,0.9103137326881636,0.9406140907388897,10.899747963832926,12.65330875308602,0.4168682098388672,0.0,0.5097967946130533,0.38628085842132565,8.0,0.0,0.3577928592068888,0.5645095507303874,0.0,0.0,0.0,0.0,0.0,0.0,uncertain_cold,211.88739776611328,211.88739776611328,POINT (541795.2988981389 8675664.518356668),dronbreen
dronbreen-20220328-DAT_0226_A1_1,5565.0,5501,11.672310829162598,541795.2628698072,8675669.35575925,223.52271270751953,2022-03-28 11:04:50.500000+00:00,0,2022-05-03,100 MHz,20220328,0.0,11.359660148620605,11.776527404785156,0.6528552021256431,0.4635358989715576,12,0.3536341839203821,0.5645085175832113,0.8115371415384508,0.9327094496163013,10.693531780765708,12.442655772640054,0.3126506805419922,0.0,0.5165996880817608,0.3090236969947815,8.0,0.0,0.3536341839203821,0.5645085175832113,0.0,0.0,0.0,0.0,0.0,0.0,uncertain_cold,211.85040187835693,211.85040187835693,POINT (541795.2628698072 8675669.35575925),dronbreen
dronbreen-20220328-DAT_0226_A1_1,5570.0,5506,11.46387767791748,541795.0433949823,8675674.559639636,223.12059020996094,2022-03-28 11:04:52+00:00,0,2022-05-03,100 MHz,20220328,0.0,11.047008514404297,11.46387767791748,0.6623021126615373,0.618050221824646,12,0.3508962760784188,0.5645095507303874,0.9076261929500602,0.9383194114305966,10.382328719742592,12.128557472579185,0.4168691635131836,0.0,0.5542710818447036,0.3862815653800964,8.0,0.0,0.3508962760784188,0.5645095507303874,0.0,0.0,0.0,0.0,0.0,0.0,uncertain_cold,211.65671253204346,211.65671253204346,POINT (541795.0433949823 8675674.559639636),dronbreen
dronbreen-20220328-DAT_0226_A1_1,5575.0,5510,11.151225090026855,541794.7757148043,8675679.26575937,222.7528839111328,2022-03-28 11:04:53.333333248+00:00,0,2022-05-03,100 MHz,20220328,0.0,10.838574409484863,11.25544261932373,0.6568133309537936,0.4635358989715576,12,0.3468428007085887,0.6774118741353353,0.8910961257116402,1.0052813175134325,10.077531194139686,12.016485834668908,0.3126506805419922,0.0,0.5755577063037819,0.30902440395355224,8.0,0.0,0.3468428007085887,0.6774118741353353,0.0,0.0,0.0,0.0,0.0,0.0,uncertain_cold,211.60165882110596,211.60165882110596,POINT (541794.7757148043 8675679.26575937),dronbreen
dronbreen-20220328-DAT_0226_A1_1,5580.0,5514,10.838574409484863,541794.3705052355,8675684.091659078,222.3816680908203,2022-03-28 11:04:54.666666752+00:00,0,2022-05-03,100 MHz,20220328,0.0,10.63014030456543,11.047008514404297,0.6626127531900289,0.30902440395355224,12,0.34285547697532276,0.7903121312459311,0.9152263245368929,1.086829703116607,9.768663001970369,11.908485816999358,0.2084341049194336,0.0,0.5893763760557493,0.30902440395355224,8.0,0.0,0.34285547697532276,0.6774098078409831,0.0,0.0,0.0,0.0,0.0,0.0,uncertain_cold,211.54309368133545,211.54309368133545,POINT (541794.3705052355 8675684.091659078),dronbreen
dronbreen-20220328-DAT_0226_A1_1,5585.0,5519,10.421706199645996,541793.7979469472,8675689.687749796,221.93932723999023,2022-03-28 11:04:56.249999872+00:00,0,2022-05-03,100 MHz,20220328,0.0,10.317489624023438,10.734357833862305,0.664348944616879,0.2317679494857788,12,0.3376459448071248,0.6774108409881593,0.7915848747555904,1.0070996731935435,9.560594498175092,11.49125295971065,0.1042165756225586,0.0,0.6176562901508381,0.30902440395355224,8.0,0.0,0.338936613748071,0.5645085175832113,0.0,0.0,0.0,0.0,0.0,0.0,certain_cold,211.51762104034424,211.51762104034424,POINT (541793.7979469472 8675689.687749796),dronbreen
dronbreen-20220328-DAT_0226_A1_1,5590.0,5524,10.213272094726562,541793.3687452686,8675693.954610532,221.57604217529297,2022-03-28 11:04:57.500000+00:00,0,2022-05-03,100 MHz,20220328,0.0,10.004837989807129,10.525923728942871,0.6462043729416181,0.38628085842132565,12,0.3350886013465217,0.4516072273254395,0.6822362934553216,0.8566291788947008,9.442491603204584,11.088270115545416,0.2084341049194336,0.0,0.6044848489361982,0.38628085842132565,8.0,0.0,0.33636325134701106,0.5645095507303874,0.0,0.0,0.0,0.0,0.0,0.0,uncertain_cold,211.3627700805664,211.3627700805664,POINT (541793.3687452686 8675693.954610532),dronbreen
dronbreen-20220328-DAT_0226_A1_1,5595.0,5529,10.004837989807129,541792.7968715568,8675699.426658208,221.0881805419922,2022-03-28 11:04:59+00:00,0,2022-05-03,100 MHz,20220328,0.0,9.796403884887695,10.213272094726562,0.6426293156365969,0.30902440395355224,12,0.332563848427509,0.4516072273254395,0.6403466899206512,0.8529479693211346,9.235558272393948,10.77411770722031,0.2084341049194336,0.0,0.6178134400923534,0.30902440395355224,8.0,0.0,0.332563848427509,0.6774108409881593,0.0,0.0,0.0,0.0,0.0,0.0,uncertain_cold,211.08334255218506,211.08334255218506,POINT (541792.7968715568 8675699.426658208),dronbreen
dronbreen-20220328-DAT_0226_A1_1,5600.0,5533,9.796403884887695,541792.1821961751,8675704.4321291,220.61172485351562,2022-03-28 11:05:00.333333248+00:00,0,2022-05-03,100 MHz,20220328,0.0,9.483752250671387,10.004837989807129,0.6507720193269579,0.38628085842132565,12,0.3300724339146441,0.4516072273254395,0.6797865848820676,0.8581381710084891,8.924380371325537,10.564209869152979,0.3126516342163086,0.0,0.6518774480615596,0.38628085842132565,8.0,0.0,0.3288394713764637,0.5645095507303874,0.0,0.0,0.0,0.0,0.0,0.0,uncertain_temperate,210.81532096862793,210.81532096862793,POINT (541792.1821961751 8675704.4321291),dronbreen
dronbreen-20220328-DAT_0226_A1_1,5605.0,5537,9.587969779968262,541791.6230906018,8675708.881040327,220.20496368408203,2022-03-28 11:05:01.500000+00:00,0,2022-05-03,100 MHz,20220328,0.0,9.27531909942627,9.692187309265137,0.651340831147302,0.30902440395355224,12,0.3276151183944872,0.5645085175832113,0.7221479173019035,0.9220880709261382,8.62263117076156,10.344875237929847,0.3126506805419922,0.0,0.6520262004387485,0.30902440395355224,8.0,0.0,0.3263994833035828,0.5645095507303874,0.0,0.0,0.0,0.0,0.0,0.0,uncertain_temperate,210.61699390411377,210.61699390411377,POINT (541791.6230906018 8675708.881040327),dronbreen
dronbreen-20220328-DAT_0226_A1_1,5610.0,5542,9.27531909942627,541790.8382843675,8675714.439503454,219.6856231689453,2022-03-28 11:05:03+00:00,0,2022-05-03,100 MHz,20220328,0.0,9.06688404083252,9.379535675048828,0.6663275391041922,0.2317693634033203,12,0.3239947804494275,0.6774108409881593,0.7858594677543423,1.0039175536942297,8.31597920981413,10.130440506067218,0.20843505859375,0.0,0.6907362962577575,0.15451290893554687,8.0,0.0,0.3228058884280954,0.6774108409881593,0.0,0.0,0.0,0.0,0.0,0.0,uncertain_temperate,210.41030406951904,210.41030406951904,POINT (541790.8382843675 8675714.439503454),dronbreen
dronbreen-20220328-DAT_0226_A1_1,5615.0,5546,8.962667465209961,541789.9835685885,8675719.43749723,219.19159589494978,2022-03-28 11:05:04.285714432+00:00,0,2022-05-03,100 MHz,20220328,0.0,8.754233360290527,9.171101570129395,0.6890923732823312,0.30902440395355224,12,0.32045555579014895,0.6774108409881593,0.8106005754771624,1.018049856166649,8.00484880565582,9.920486124764102,0.2084341049194336,0.0,0.7336286925627308,0.2317679494857788,8.0,0.0,0.3192943064115479,0.5645085175832113,0.0,0.0,0.0,0.0,0.0,0.0,uncertain_temperate,210.22892842973982,210.22892842973982,POINT (541789.9835685885 8675719.43749723),dronbreen
dronbreen-20220328-DAT_0226_A1_1,5620.0,5550,8.650016784667969,541789.1898787487,8675723.879101258,218.7304404122489,2022-03-28 11:05:05.428571392+00:00,0,2022-05-03,100 MHz,20220328,0.0,8.545799255371094,8.858449935913086,0.691952001608997,0.23176865644454955,12,0.3170001832018635,0.6774108409881593,0.783001451945277,1.0189073246223121,7.797885782007831,9.60636340927635,0.104217529296875,0.0,0.7283220556013366,0.15451290893554687,8.0,0.0,0.3170001832018635,0.5645085175832113,0.0,0.0,0.0,0.0,0.0,0.0,uncertain_cold,210.08042362758093,210.08042362758093,POINT (541789.1898787487 8675723.879101258),dronbreen
dronbreen-20220328-DAT_0226_A1_1,5625.0,5555,8.33736515045166,541788.3581055104,8675729.017383127,218.20366668701172,2022-03-28 11:05:06.750000128+00:00,0,2022-05-03,100 MHz,20220328,0.0,8.233148574829102,8.441581726074219,0.6876581210700106,0.15451149501800537,12,0.31363141274557677,0.6774118741353353,0.7623157563457762,1.0149508371117641,7.486655768245988,9.188074532657332,0.1042165756225586,0.0,0.7489348698070979,0.15451149501800537,8.0,0.0,0.31363141274557677,0.6774118741353353,0.0,0.0,0.0,0.0,0.0,0.0,uncertain_cold,209.86630153656006,209.86630153656006,POINT (541788.3581055104 8675729.017383127),dronbreen
dronbreen-20220328-DAT_0226_A1_1,5630.0,5559,8.024713516235352,541787.677208782,8675733.695122452,217.72494506835938,2022-03-28 11:05:08+00:00,0,2022-05-03,100 MHz,20220328,0.0,8.024713516235352,8.233148574829102,0.7428753969463103,0.15451220197677612,12,0.3103520755642858,0.5645095507303874,0.6624677080677941,0.9832869871309302,7.38051677325004,8.877345317814413,0.1042165756225586,0.0,0.814437682047418,0.15451220197677612,8.0,0.0,0.3103520755642858,0.5645095507303874,0.0,0.0,0.0,0.0,0.0,0.0,uncertain_cold,209.70023155212402,209.70023155212402,POINT (541787.677208782 8675733.695122452),dronbreen
dronbreen-20220328-DAT_0226_A1_1,5635.0,5563,7.816279411315918,541786.9442358868,8675738.510812858,217.19786834716797,2022-03-28 11:05:09.249999872+00:00,0,2022-05-03,100 MHz,20220328,0.0,7.712062835693359,7.920496940612793,0.7508080074827611,0.15451220197677612,12,0.3082169520553736,0.5645090341567993,0.6614696967652101,0.9886257144537465,7.068892454550892,8.563667321755261,0.2084336280822754,0.0,0.8345503862376468,0.2317675960063934,8.0,0.0,0.3082169520553736,0.5645090341567993,0.0,0.0,0.0,0.0,0.0,0.0,uncertain_cold,209.38158893585205,209.38158893585205,POINT (541786.9442358868 8675738.510812858),dronbreen
dronbreen-20220328-DAT_0226_A1_1,5640.0,5568,7.503628253936768,541786.0789241478,8675743.455307612,216.6374271937779,2022-03-28 11:05:10.571428608+00:00,0,2022-05-03,100 MHz,20220328,0.0,7.399411678314209,7.607845783233643,0.73351248864589,0.15451290893554687,12,0.30509305922834634,0.7903131643931071,0.861133503952832,1.1205879008814277,6.552253680888488,8.455003780659363,0.2084336280822754,0.0,0.8100201401099677,0.23176830296516418,8.0,0.0,0.30509305922834634,0.7903131643931071,0.0,0.0,0.0,0.0,0.0,0.0,uncertain_cold,209.13379893984114,209.13379893984114,POINT (541786.0789241478 8675743.455307612),dronbreen
dronbreen-20220328-DAT_0226_A1_1,5645.0,5573,7.086759567260742,541785.0636967389,8675748.873668518,216.01011657714844,2022-03-28 11:05:12+00:00,0,2022-05-03,100 MHz,20220328,0.0,7.086759567260742,7.295194625854492,0.773320207821342,0.2317693634033203,12,0.30107949858079786,0.6774108409881592,0.7766925709483322,1.0712415487548985,6.345453751855285,8.03650044125995,0.2084336280822754,0.0,0.8535080059833436,0.3090247574329376,8.0,0.0,0.30107949858079786,0.6774108409881592,0.0,0.0,0.0,0.0,0.0,0.0,uncertain_cold,208.9233570098877,208.9233570098877,POINT (541785.0636967389 8675748.873668518),dronbreen
dronbreen-20220328-DAT_0226_A1_1,5650.0,5577,6.878325939178467,541783.8908856335,8675753.79972335,215.4600830078125,2022-03-28 11:05:13.333333248+00:00,0,2022-05-03,100 MHz,20220328,0.0,6.774108409881592,7.086759567260742,0.7752331304938112,0.3090236969947815,12,0.29913967822779736,0.5645085175832113,0.7096830692770876,1.004560013204517,6.135238772542154,7.72562920460018,0.3126511573791504,0.0,0.8727207288069474,0.3862801514625549,8.0,0.0,0.29913967822779736,0.5645085175832113,0.0,0.0,0.0,0.0,0.0,0.0,uncertain_cold,208.58175706863403,208.58175706863403,POINT (541783.8908856335 8675753.79972335),dronbreen
dronbreen-20220328-DAT_0226_A1_1,5655.0,5582,6.565674781799316,541782.5389012212,8675758.751214312,214.89311981201172,2022-03-28 11:05:14.750000128+00:00,0,2022-05-03,100 MHz,20220328,0.0,6.4614577293396,6.774108409881592,0.776664571818104,0.3090236969947815,12,0.2963161050907328,0.6774108409881592,0.8013640414497957,1.0723322893309826,5.722073741397997,7.513492397823194,0.4168682098388672,0.0,0.86737060451346,0.463536252450943,8.0,0.0,0.2963161050907328,0.6774108409881592,0.0,0.0,0.0,0.0,0.0,0.0,uncertain_cold,208.3274450302124,208.3274450302124,POINT (541782.5389012212 8675758.751214312),dronbreen
dronbreen-20220328-DAT_0226_A1_1,5660.0,5586,6.253023624420166,541781.1923510323,8675762.710358923,214.4031982421875,2022-03-28 11:05:16+00:00,0,2022-05-03,100 MHz,20220328,0.0,6.148806571960449,6.565674781799316,0.7853562163381859,0.3862801514625549,12,0.29359857250848936,0.6774108409881592,0.8332454168378258,1.077900717046027,5.410507466402744,7.303973887357022,0.3126511573791504,0.0,0.8647953441399336,0.46353660593032836,8.0,0.0,0.29359857250848936,0.6774108409881592,0.0,0.0,0.0,0.0,0.0,0.0,uncertain_cold,208.15017461776733,208.15017461776733,POINT (541781.1923510323 8675762.710358923),dronbreen
dronbreen-20220328-DAT_0226_A1_1,5665.0,5591,5.940372467041016,541779.2924398492,8675767.458688723,213.81687927246094,2022-03-28 11:05:17.666666752+00:00,0,2022-05-03,100 MHz,20220328,0.0,5.73193883895874,6.253023624420166,0.8004550404444533,0.3862801514625549,12,0.29099005140875794,0.5645085175832113,0.7433420692095939,1.021799074287992,5.096844297616377,6.888118165762529,0.3126511573791504,0.0,0.8946682724946367,0.46353660593032836,8.0,0.0,0.29099005140875794,0.5645085175832113,0.0,0.0,0.0,0.0,0.0,0.0,uncertain_cold,207.87650680541992,207.87650680541992,POINT (541779.2924398492 8675767.458688723),dronbreen
dronbreen-20220328-DAT_0226_A1_1,5670.0,5596,5.73193883895874,541777.5563799323,8675772.367205733,213.2569351196289,2022-03-28 11:05:19.249999872+00:00,0,2022-05-03,100 MHz,20220328,0.0,5.419287204742432,5.940372467041016,0.8065991679844619,0.386281211900711,12,0.2893130642425701,0.5645090341567993,0.7426881401056232,1.0261455630558922,4.784958820712466,6.574700851070982,0.3126516342163086,0.0,0.8981302149465061,0.386281211900711,8.0,0.0,0.2893130642425701,0.5645090341567993,0.0,0.0,0.0,0.0,0.0,0.0,uncertain_cold,207.52499628067017,207.52499628067017,POINT (541777.5563799323 8675772.367205733),dronbreen
dronbreen-20220328-DAT_0226_A1_1,5675.0,5601,5.419287204742432,541775.7888992591,8675777.057632385,212.73123677571616,2022-03-28 11:05:20.666666752+00:00,0,2022-05-03,100 MHz,20220328,0.0,5.106636047363281,5.627721309661865,0.8041471759862225,0.3862805049419403,12,0.2868927840204316,0.5645095507303874,0.7417486979341577,1.023538559623151,4.473407413780736,6.260949943244411,0.3126511573791504,0.0,0.8981302564448466,0.3862805049419403,8.0,0.0,0.2868927840204316,0.5645095507303874,0.0,0.0,0.0,0.0,0.0,0.0,uncertain_cold,207.31194957097372,207.31194957097372,POINT (541775.7888992591 8675777.057632385),dronbreen
dronbreen-20220328-DAT_0226_A1_1,5680.0,5606,5.210853099822998,541773.7772503948,8675782.019602092,212.1461181640625,2022-03-28 11:05:22.249999872+00:00,0,2022-05-03,100 MHz,20220328,0.0,4.793984889984131,5.315070152282715,0.8127473463918533,0.5407927069187164,12,0.2853439959262749,0.5645090341567993,0.8321949275934629,1.029878582514859,4.161456909847429,5.947598132419417,0.4168682098388672,0.0,0.9126965887745951,0.5407927069187164,8.0,0.0,0.2853439959262749,0.5645090341567993,0.0,0.0,0.0,0.0,0.0,0.0,uncertain_cold,206.9352650642395,206.9352650642395,POINT (541773.7772503948 8675782.019602092),dronbreen
dronbreen-20220328-DAT_0226_A1_1,5685.0,5611,4.898201942443848,541772.1789503279,8675786.188026357,211.63534545898438,2022-03-28 11:05:23.666666752+00:00,0,2022-05-03,100 MHz,20220328,0.0,4.585550785064697,5.0024189949035645,0.8015334728844952,0.3862805049419403,12,0.28312003268505087,0.903214454650879,1.0223335720282638,1.2403262523030578,3.6390026859181885,5.948967094050073,0.3126511573791504,0.0,0.895534779165966,0.3862805049419403,8.0,0.0,0.28312003268505087,0.903214454650879,0.0,0.0,0.0,0.0,0.0,0.0,uncertain_cold,206.73714351654053,206.73714351654053,POINT (541772.1789503279 8675786.188026357),dronbreen
dronbreen-20220328-DAT_0226_A1_1,5690.0,5617,4.377116680145264,541770.3600942234,8675791.404133882,211.0003204345703,2022-03-28 11:05:25.500000+00:00,0,2022-05-03,100 MHz,20220328,0.0,4.16868257522583,4.689767837524414,0.8222085749799272,0.3862805049419403,12,0.2796849301850966,0.903214454650879,1.0213876050555575,1.2530151443751387,3.223156260804636,5.635294151945608,0.2084341049194336,0.0,0.931729310232718,0.3862805049419403,8.0,0.0,0.2796849301850966,0.903214454650879,0.0,0.0,0.0,0.0,0.0,0.0,uncertain_cold,206.62320375442505,206.62320375442505,POINT (541770.3600942234 8675791.404133882),dronbreen
dronbreen-20220328-DAT_0226_A1_1,5695.0,5622,4.064465522766113,541769.0373212835,8675795.829271387,210.50381469726562,2022-03-28 11:05:27+00:00,0,2022-05-03,100 MHz,20220328,0.0,3.9602484703063965,4.377116680145264,0.838852668938775,0.3862805049419403,12,0.2777912021542471,0.6774110992749534,0.8278081770032251,1.113430532004987,3.2280915544644424,5.109273595987218,0.1042170524597168,0.0,0.9567881498534043,0.30902440395355224,8.0,0.0,0.2777912021542471,0.6774110992749534,0.0,0.0,0.0,0.0,0.0,0.0,uncertain_cold,206.4393491744995,206.4393491744995,POINT (541769.0373212835 8675795.829271387),dronbreen
dronbreen-20220328-DAT_0226_A1_1,5700.0,5627,3.751814126968384,541767.7531166613,8675801.062030172,209.96899922688803,2022-03-28 11:05:28.666666752+00:00,0,2022-05-03,100 MHz,20220328,0.0,3.4391629695892334,4.064465522766113,0.8869126779648104,0.46353695940971373,12,0.2760261648781286,0.790312647819519,0.9568965658521456,1.2195895306764233,2.602034230982783,4.901594261372564,0.3126511573791504,0.0,1.0115730828354783,0.463536782670021,8.0,0.0,0.2760261648781286,0.790312647819519,0.0,0.0,0.0,0.0,0.0,0.0,uncertain_cold,206.21718509991965,206.21718509991965,POINT (541767.7531166613 8675801.062030172),dronbreen
dronbreen-20220328-DAT_0226_A1_1,5705.0,5632,3.3349461555480957,541766.8592946171,8675805.624590892,209.53073120117188,2022-03-28 11:05:30+00:00,0,2022-05-03,100 MHz,20220328,0.0,2.9180777072906494,3.751814126968384,0.9126998548424237,0.7725610098838805,12,0.2738772468536991,0.903214454650879,1.2196948845622204,1.312945590062219,1.9742529897533057,4.695638844505727,0.4168684482574463,0.0,1.0413329662964501,0.6180488079071045,8.0,0.0,0.2738772468536991,0.903214454650879,0.0,0.0,0.0,0.0,0.0,0.0,uncertain_cold,206.19578504562378,206.19578504562378,POINT (541766.8592946171 8675805.624590892),dronbreen
dronbreen-20220328-DAT_0226_A1_1,5710.0,5637,2.9180777072906494,541766.0908371494,8675810.253087884,209.09656778971353,2022-03-28 11:05:31.333333248+00:00,0,2022-05-03,100 MHz,20220328,0.0,2.5012094974517822,3.4391629695892334,0.9703776314720451,0.8498171108722686,12,0.2719670402867132,0.903214712937673,1.2696267209698635,1.3532906695646334,1.5579370613711991,4.382435405669817,0.4168682098388672,0.0,1.1137790264292957,0.6953049088954926,8.0,0.0,0.2719670402867132,0.903214712937673,0.0,0.0,0.0,0.0,0.0,0.0,uncertain_cold,206.17849008242288,206.17849008242288,POINT (541766.0908371494 8675810.253087884),dronbreen
dronbreen-20220328-DAT_0226_A1_1,5715.0,5642,2.5012094974517822,541765.6301859631,8675815.635556782,208.62142944335938,2022-03-28 11:05:33+00:00,0,2022-05-03,100 MHz,20220328,0.0,2.084341287612915,3.2307288646698,0.9921375585534339,0.8498171108722686,12,0.2703006096553561,0.903214454650879,1.269270614408776,1.3686474000861983,1.1415482187635826,4.173521933519132,0.3126511573791504,0.0,1.1313158182426188,0.7725610098838805,8.0,0.0,0.2703006096553561,0.903214454650879,0.0,0.0,0.0,0.0,0.0,0.0,uncertain_cold,206.1202199459076,206.1202199459076,POINT (541765.6301859631 8675815.635556782),dronbreen
dronbreen-20220328-DAT_0226_A1_1,5720.0,5648,2.084341287612915,541765.3248927098,8675820.83676639,208.17188262939453,2022-03-28 11:05:34.750000128+00:00,0,2022-05-03,100 MHz,20220328,0.0,1.6674730777740479,2.8138606548309326,1.0211144649264272,0.7725610098838805,11,0.2688824863045177,0.5645090341567993,0.9938907158630385,1.1973483167265595,1.0421985451998022,3.4391351874051783,0.0,0.0,1.1735855460034186,0.7725610098838805,7.0,0.0,0.2688824863045177,0.5645090341567993,0.0,0.0,0.0,0.0,0.0,0.0,certain_cold,206.08754134178162,206.08754134178162,POINT (541765.3248927098 8675820.83676639),dronbreen
dronbreen-20220328-DAT_0226_A1_1,5725.0,5654,1.9801242351531982,541765.0317587006,8675825.559819508,207.76876613071985,2022-03-28 11:05:36.428571392+00:00,0,2022-05-03,100 MHz,20220328,0.0,1.2506047487258911,2.5012094974517822,1.0564733871942356,0.772561363363266,11,0.26856722956209017,0.11290180683135988,0.8256671453692163,1.0959065619979211,0.959271306120271,2.7925429400574022,0.2084343433380127,0.0,1.1782038596488718,0.772561363363266,7.0,0.0,0.26856722956209017,0.33870567878087365,0.0,0.0,0.0,0.0,0.0,0.0,uncertain_cold,205.78864189556666,205.78864189556666,POINT (541765.0317587006 8675825.559819508),dronbreen
dronbreen-20220328-DAT_0226_A1_1,5730.0,5659,1.9801242351531982,541764.8349631075,8675830.126361214,207.39674377441406,2022-03-28 11:05:38+00:00,0,2022-05-03,100 MHz,20220328,0.0,0.937953531742096,2.188558340072632,0.6798402056867688,0.540792883658409,8,0.26856722956209017,0.22580387194951376,0.6446492754960843,0.7650480054547408,0.5870749980840095,2.5394368737307182,0.2084343433380127,0.0,0.6818058473856049,0.3090247574329376,5.0,0.0,0.26798424212834615,0.22580387194951376,0.0,0.0,0.0,0.0,0.0,0.0,uncertain_temperate,205.41661953926086,205.41661953926086,POINT (541764.8349631075 8675830.126361214),dronbreen
dronbreen-20220328-DAT_0226_A1_1,5735.0,5665,1.7716898918151855,541764.7301529902,8675835.333813392,206.99975967407227,2022-03-28 11:05:39.750000128+00:00,0,2022-05-03,100 MHz,20220328,0.0,0.6253023743629456,1.875907063484192,0.7385033424801556,0.6180490730166435,8,0.26798424212834615,0.3387054204940796,0.7540036953211221,0.8555256295141235,0.1934031779048191,2.3078062599423186,0.0,0.0,0.7091356452862267,0.1545123787164688,5.0,0.0,0.26798424212834615,0.11290154854456584,0.0,0.0,0.0,0.0,0.0,0.0,certain_cold,205.22806978225708,205.22806978225708,POINT (541764.7301529902 8675835.333813392),dronbreen
dronbreen-20220328-DAT_0226_A1_1,5740.0,5671,1.6674730777740479,541764.770573155,8675840.173594074,206.6889851888021,2022-03-28 11:05:41.333333248+00:00,0,2022-05-03,100 MHz,20220328,0.0,1.4590388536453247,1.7716898918151855,0.486222215572978,0.3862805049419403,6,0.26771661619339304,0.11290154854456584,0.4833545021493043,0.5664194463173885,1.1684894667077483,2.062239278752762,0.20843422412872314,0.0,0.45327434344472045,0.23176821459531782,4.0,0.0,0.26771661619339304,0.11290154854456584,0.0,0.0,0.0,0.0,0.0,0.0,uncertain_cold,205.02151211102804,205.02151211102804,POINT (541764.770573155 8675840.173594074),dronbreen
dronbreen-20220328-DAT_0226_A1_1,5745.0,5676,1.6674730777740479,541764.8833024303,8675845.760014122,206.40603637695312,2022-03-28 11:05:43+00:00,0,2022-05-03,100 MHz,20220328,0.0,1.1463876962661743,1.6674730777740479,0.587387425912455,0.7725611866235733,6,0.26771661619339304,0.7903128415346146,1.137153182802467,1.020436456718701,0.3119618013656401,2.501898972674582,0.5210853815078735,0.0,0.5140905563444469,0.38628059331178666,4.0,0.0,0.26771661619339304,0.7903128415346146,0.0,0.0,0.0,0.0,0.0,0.0,uncertain_cold,204.73856329917908,204.73856329917908,POINT (541764.8833024303 8675845.760014122),dronbreen
dronbreen-20220328-DAT_0226_A1_1,5750.0,5681,0.937953531742096,541764.8338391565,8675851.031222397,206.20407104492188,2022-03-28 11:05:44.666666752+00:00,0,2022-05-03,100 MHz,20220328,0.0,0.937953531742096,1.6674730777740479,0.6483273222616259,1.0815856789469718,5,0.26629288899834147,0.7903128415346146,1.3657722618096992,1.0563307280471064,0.10398333429760698,2.501443275218537,0.0,0.0,0.421188306280641,0.0,3.0,0.0,0.26629288899834147,0.7903128415346146,0.0,0.0,0.0,0.0,0.0,0.0,certain_cold,205.26611751317978,205.26611751317978,POINT (541764.8338391565 8675851.031222397),dronbreen
dronbreen-20220328-DAT_0226_A1_1,5755.0,5685,0.937953531742096,541764.658645775,8675855.430063196,206.07400512695312,2022-03-28 11:05:46+00:00,0,2022-05-03,100 MHz,20220328,0.0,0.937953531742096,1.6674730777740479,0.6483273222616259,1.0815856789469718,5,0.26629288899834147,0.11290174225966136,1.1195920181206778,0.7099204342229347,0.648715383953202,1.9567112255629417,0.0,0.0,0.421188306280641,0.0,3.0,0.0,0.26629288899834147,0.11290174225966136,0.0,0.0,0.0,0.0,0.0,0.0,certain_cold,205.13605159521103,205.13605159521103,POINT (541764.658645775 8675855.430063196),dronbreen
dronbreen-20220328-DAT_0226_A1_1,5760.0,5691,0.8337365388870239,541764.462226214,8675860.51059824,205.9492441813151,2022-03-28 11:05:47.666666752+00:00,0,2022-05-03,100 MHz,20220328,0.0,0.8337365388870239,1.6674730777740479,0.6928671213811628,1.0815854138374328,5,0.2661541783375007,0.11290174225966136,1.119558778036092,0.7507660740488985,0.5446260927738177,1.9565835238872542,0.0,0.0,0.4542716408883158,0.1545123787164688,3.0,0.0,0.2661541783375007,0.11290174225966136,0.0,0.0,0.0,0.0,0.0,0.0,certain_cold,205.11550764242807,205.11550764242807,POINT (541764.462226214 8675860.51059824),dronbreen
dronbreen-20220328-DAT_0226_A1_1,5765.0,5696,0.8337365388870239,541764.3950230182,8675865.533124352,205.84945170084634,2022-03-28 11:05:49.333333248+00:00,0,2022-05-03,100 MHz,20220328,0.0,0.8337365388870239,1.6674730777740479,0.6928671213811628,1.0815854138374328,5,0.2661541783375007,0.0,1.1138514506308286,0.7422283304600608,0.5675823605495232,1.9336272561115486,0.0,0.0,0.4542716408883158,0.1545123787164688,3.0,0.0,0.2661541783375007,0.0,0.0,0.0,0.0,0.0,0.0,0.0,certain_cold,205.01571516195932,205.01571516195932,POINT (541764.3950230182 8675865.533124352),dronbreen
dronbreen-20220328-DAT_0226_A1_1,5770.0,5702,0.8337365388870239,541764.3615699424,8675870.494669497,205.80121612548828,2022-03-28 11:05:51+00:00,0,2022-05-03,100 MHz,20220328,0.0,0.8337365388870239,1.6674730777740479,0.6549940703960514,1.0815854138374328,5,0.2661541783375007,0.0,1.1138514506308286,0.7070044405097451,0.5675823605495232,1.9336272561115486,0.0,0.0,0.4542716408883159,0.1545123787164688,3.0,0.0,0.2661541783375007,0.0,0.0,0.0,0.0,0.0,0.0,0.0,certain_cold,204.96747958660126,204.96747958660126,POINT (541764.3615699424 8675870.494669497),dronbreen
dronbreen-20220328-DAT_0226_A1_1,5775.0,5708,0.8337365388870239,541764.4299445739,8675875.459385378,205.78472900390625,2022-03-28 11:05:52.666666752+00:00,0,2022-05-03,100 MHz,20220328,0.0,0.8337365388870239,1.6674730777740479,0.6525020126648639,0.9270732118606567,5,0.2661541783375007,0.0,0.964522050964178,0.7046963340178578,0.5675823605495232,1.9336272561115486,0.0,0.0,0.4338902370618529,0.3090245806932449,3.0,0.0,0.2661541783375007,0.0,0.0,0.0,0.0,0.0,0.0,0.0,certain_cold,204.95099246501923,204.95099246501923,POINT (541764.4299445739 8675875.459385378),dronbreen
dronbreen-20220328-DAT_0226_A1_1,5780.0,5713,0.8337365388870239,541764.81016517,8675880.433811883,205.79153951009116,2022-03-28 11:05:54.333333248+00:00,0,2022-05-03,100 MHz,20220328,0.0,0.8337365388870239,1.6674730777740479,0.6525020126648639,0.9270732118606567,5,0.2661541783375007,0.11290187140305837,0.9711074190646763,0.7136832320746517,0.5446260423414594,1.9565835743196125,0.0,0.0,0.4338902370618529,0.3090245806932449,3.0,0.0,0.2661541783375007,0.11290187140305837,0.0,0.0,0.0,0.0,0.0,0.0,certain_cold,204.95780297120413,204.95780297120413,POINT (541764.81016517 8675880.433811883),dronbreen
dronbreen-20220328-DAT_0226_A1_1,5785.0,5719,0.7295194268226624,541765.330394868,8675885.412597952,205.77037048339844,2022-03-28 11:05:56+00:00,0,2022-05-03,100 MHz,20220328,0.0,0.7295194268226624,1.6674730777740479,0.7014358165930052,1.0815855022072791,5,0.266031726374214,0.11290187140305837,1.1195297720868926,0.7586381988823483,0.44052165519810915,1.9564708493986012,0.0,0.0,0.4925106549156817,0.3090245806932449,3.0,0.0,0.266031726374214,0.11290187140305837,0.0,0.0,0.0,0.0,0.0,0.0,certain_cold,205.04085105657578,205.04085105657578,POINT (541765.330394868 8675885.412597952),dronbreen
dronbreen-20220328-DAT_0226_A1_1,5790.0,5725,0.7295194268226624,541765.9997816172,8675890.218793996,205.69771684919084,2022-03-28 11:05:57.714285568+00:00,0,2022-05-03,100 MHz,20220328,0.0,0.7295194268226624,1.6674730777740479,0.7006611782020759,0.927073300230503,5,0.266031726374214,0.0,0.9644883531893587,0.7494657871291829,0.46348770044844834,1.9335048041482619,0.0,0.0,0.4775826161460361,0.463536782670021,3.0,0.0,0.266031726374214,0.0,0.0,0.0,0.0,0.0,0.0,0.0,certain_cold,204.96819742236818,204.96819742236818,POINT (541765.9997816172 8675890.218793996),dronbreen
dronbreen-20220328-DAT_0226_A1_1,5795.0,5731,0.7295194268226624,541766.828278497,8675895.818642376,205.60904947916666,2022-03-28 11:05:59.666666752+00:00,0,2022-05-03,100 MHz,20220328,0.0,0.7295194268226624,1.5632559061050415,0.6912977914172383,0.927073300230503,5,0.266031726374214,0.0,0.9644883531893587,0.7407195932712973,0.46348770044844834,1.8292876324792555,0.0,0.0,0.43389022274527766,0.30902440395355224,3.0,0.0,0.266031726374214,0.0,0.0,0.0,0.0,0.0,0.0,0.0,certain_cold,204.879530052344,204.879530052344,POINT (541766.828278497 8675895.818642376),dronbreen
dronbreen-20220328-DAT_0226_A1_1,5800.0,5737,0.7295194268226624,541767.466135563,8675900.599487383,205.55248260498047,2022-03-28 11:06:01.249999872+00:00,0,2022-05-03,100 MHz,20220328,0.0,0.7295194268226624,1.5632559061050415,0.6912977914172383,0.927073300230503,5,0.266031726374214,0.11290180683135988,0.9710739423049651,0.7492745383647985,0.4405216804241301,1.8522536525035738,0.0,0.0,0.4338902227452776,0.30902440395355224,3.0,0.0,0.266031726374214,0.11290180683135988,0.0,0.0,0.0,0.0,0.0,0.0,certain_cold,204.8229631781578,204.8229631781578,POINT (541767.466135563 8675900.599487383),dronbreen
dronbreen-20220328-DAT_0226_A1_1,5805.0,5742,0.6253023743629456,541767.9574278315,8675904.972559309,205.51391092936197,2022-03-28 11:06:02.666666752+00:00,0,2022-05-03,100 MHz,20220328,0.0,0.6253023743629456,1.5632559061050415,0.7391333878113865,1.0815855022072791,5,0.26592555579288274,0.11290180683135988,1.1195045412120985,0.7935876663526701,0.3364023584239718,1.8521559220440151,0.0,0.0,0.49251060866961743,0.30902440395355224,3.0,0.0,0.26592555579288274,0.11290180683135988,0.0,0.0,0.0,0.0,0.0,0.0,certain_cold,204.88860855499902,204.88860855499902,POINT (541767.9574278315 8675904.972559309),dronbreen
dronbreen-20220328-DAT_0226_A1_1,5810.0,5747,0.6253023743629456,541768.4120601029,8675910.011336697,205.47058614095053,2022-03-28 11:06:04.333333248+00:00,0,2022-05-03,100 MHz,20220328,0.0,0.6253023743629456,1.5632559061050415,0.7391333878113865,0.927073300230503,5,0.26592555579288274,0.0,0.9644590738979182,0.7855154780151,0.3593768185700628,1.8291814618979243,0.0,0.0,0.47758256411883565,0.46353660593032836,3.0,0.0,0.26592555579288274,0.0,0.0,0.0,0.0,0.0,0.0,0.0,certain_cold,204.84528376658758,204.84528376658758,POINT (541768.4120601029 8675910.011336697),dronbreen
dronbreen-20220328-DAT_0226_A1_1,5815.0,5752,0.6253023743629456,541768.6865632724,8675915.10653763,205.3706512451172,2022-03-28 11:06:06+00:00,0,2022-05-03,100 MHz,20220328,0.0,0.6253023743629456,1.5632559061050415,0.7006611657901566,0.927073300230503,5,0.26592555579288274,0.0,0.9644590738979182,0.7494280955970192,0.3593768185700628,1.8291814618979243,0.0,0.0,0.4775825641188357,0.46353660593032836,3.0,0.0,0.26592555579288274,0.0,0.0,0.0,0.0,0.0,0.0,0.0,certain_cold,204.74534887075424,204.74534887075424,POINT (541768.6865632724 8675915.10653763),dronbreen
dronbreen-20220328-DAT_0226_A1_1,5820.0,5758,0.6253023743629456,541769.1163040858,8675920.330637626,205.2215347290039,2022-03-28 11:06:07.750000128+00:00,0,2022-05-03,100 MHz,20220328,0.0,0.6253023743629456,1.5632559061050415,0.7006611657901566,0.927073300230503,5,0.26592555579288274,0.0,0.9644590738979182,0.7494280955970192,0.3593768185700628,1.8291814618979243,0.0,0.0,0.47758256411883565,0.46353660593032836,3.0,0.0,0.26592555579288274,0.0,0.0,0.0,0.0,0.0,0.0,0.0,certain_cold,204.59623235464096,204.59623235464096,POINT (541769.1163040858 8675920.330637626),dronbreen
dronbreen-20220328-DAT_0226_A1_1,5825.0,5764,0.6253023743629456,541769.7797724613,8675925.588602483,205.06086077008928,2022-03-28 11:06:09.571428608+00:00,0,2022-05-03,100 MHz,20220328,0.0,0.6253023743629456,1.5632559061050415,0.7006611657901566,0.927073300230503,5,0.26592555579288274,0.11290180683135988,0.9710448615845798,0.7578847461560105,0.3364023584239718,1.8521559220440151,0.0,0.0,0.47758256411883565,0.46353660593032836,3.0,0.0,0.26592555579288274,0.11290180683135988,0.0,0.0,0.0,0.0,0.0,0.0,certain_cold,204.43555839572633,204.43555839572633,POINT (541769.7797724613 8675925.588602483),dronbreen
dronbreen-20220328-DAT_0226_A1_1,5830.0,5769,0.5210853219032288,541770.3292871105,8675929.859363476,204.9285125732422,2022-03-28 11:06:11+00:00,0,2022-05-03,100 MHz,20220328,0.0,0.5210853219032288,1.5632559061050415,0.7493489418223566,1.0815855022072791,5,0.2658356860263144,0.11290180683135988,1.1194831970761505,0.8030811083328709,0.23226802679978986,1.8520732012084804,0.0,0.0,0.534800409326965,0.46353660593032836,3.0,0.0,0.2658356860263144,0.11290180683135988,0.0,0.0,0.0,0.0,0.0,0.0,certain_cold,204.40742725133896,204.40742725133896,POINT (541770.3292871105 8675929.859363476),dronbreen
dronbreen-20220328-DAT_0226_A1_1,5835.0,5775,0.5210853219032288,541771.08298933,8675935.419223418,204.79774856567383,2022-03-28 11:06:12.750000128+00:00,0,2022-05-03,100 MHz,20220328,0.0,0.5210853219032288,1.5632559061050415,0.7493489418223566,1.0815855022072791,5,0.2658356860263144,0.0,1.1137754758253808,0.795105306594898,0.25524963587691435,1.829091592131356,0.0,0.0,0.5348004093269649,0.46353660593032836,3.0,0.0,0.2658356860263144,0.0,0.0,0.0,0.0,0.0,0.0,0.0,certain_cold,204.2766632437706,204.2766632437706,POINT (541771.08298933 8675935.419223418),dronbreen
dronbreen-20220328-DAT_0226_A1_1,5840.0,5780,0.5210853219032288,541771.8799026317,8675940.205026487,204.7280069986979,2022-03-28 11:06:14.333333248+00:00,0,2022-05-03,100 MHz,20220328,0.0,0.5210853219032288,1.5632559061050415,0.7493489418223566,1.0815855022072791,5,0.2658356860263144,0.0,1.1137754758253808,0.795105306594898,0.25524963587691435,1.829091592131356,0.0,0.0,0.5348004093269649,0.46353660593032836,3.0,0.0,0.2658356860263144,0.0,0.0,0.0,0.0,0.0,0.0,0.0,certain_cold,204.20692167679468,204.20692167679468,POINT (541771.8799026317 8675940.205026487),dronbreen
dronbreen-20220328-DAT_0226_A1_1,5845.0,5786,0.5210853219032288,541772.4028697786,8675945.502926068,204.64520263671875,2022-03-28 11:06:16.142856960+00:00,0,2022-05-03,100 MHz,20220328,0.0,0.5210853219032288,1.5632559061050415,0.7493489418223566,1.0815855022072791,5,0.2658356860263144,0.0,1.1137754758253808,0.795105306594898,0.25524963587691435,1.829091592131356,0.0,0.0,0.5348004093269649,0.46353660593032836,3.0,0.0,0.2658356860263144,0.0,0.0,0.0,0.0,0.0,0.0,0.0,certain_cold,204.12411731481552,204.12411731481552,POINT (541772.4028697786 8675945.502926068),dronbreen
dronbreen-20220328-DAT_0226_A1_1,5850.0,5792,0.5210853219032288,541772.3753465037,8675950.068092765,204.55038833618164,2022-03-28 11:06:17.750000128+00:00,0,2022-05-03,100 MHz,20220328,0.0,0.5210853219032288,1.5632559061050415,0.750073300426448,0.927073300230503,5,0.2658356860263144,0.11290180683135988,0.971020254140532,0.8037570441143838,0.23226802679978986,1.8520732012084804,0.0,0.0,0.5245476925145045,0.6180488079071045,3.0,0.0,0.2658356860263144,0.11290180683135988,0.0,0.0,0.0,0.0,0.0,0.0,certain_cold,204.0293030142784,204.0293030142784,POINT (541772.3753465037 8675950.068092765),dronbreen
dronbreen-20220328-DAT_0226_A1_1,5855.0,5797,0.41686826944351196,541772.011798479,8675954.786736978,204.43419901529947,2022-03-28 11:06:19.333333248+00:00,0,2022-05-03,100 MHz,20220328,0.0,0.41686826944351196,1.5632559061050415,0.7984686599897616,1.0815855022072791,5,0.26576213361129447,0.11290180683135988,1.1194657333890956,0.8490751030581799,0.12811867265173593,1.8520055028968176,0.0,0.0,0.5802560228003288,0.6180488079071045,3.0,0.0,0.26576213361129447,0.11290180683135988,0.0,0.0,0.0,0.0,0.0,0.0,certain_cold,204.01733074585596,204.01733074585596,POINT (541772.011798479 8675954.786736978),dronbreen
dronbreen-20220328-DAT_0226_A1_1,5860.0,5803,0.41686826944351196,541771.6498812466,8675959.862117937,204.29481506347656,2022-03-28 11:06:21+00:00,0,2022-05-03,100 MHz,20220328,0.0,0.41686826944351196,1.5632559061050415,0.7622820907330763,1.0815855022072791,5,0.26576213361129447,0.0,1.1137579226414507,0.8072815478592444,0.1511061358322175,1.829018039716336,0.0,0.0,0.580256022800329,0.6180488079071045,3.0,0.0,0.26576213361129447,0.0,0.0,0.0,0.0,0.0,0.0,0.0,certain_cold,203.87794679403305,203.87794679403305,POINT (541771.6498812466 8675959.862117937),dronbreen
dronbreen-20220328-DAT_0226_A1_1,5865.0,5809,0.41686826944351196,541771.0179707767,8675965.425348634,204.10562133789062,2022-03-28 11:06:23+00:00,0,2022-05-03,100 MHz,20220328,0.0,0.41686826944351196,1.5632559061050415,0.7622820907330763,1.0815855022072791,5,0.26576213361129447,0.0,1.1137579226414507,0.8072815478592444,0.1511061358322175,1.829018039716336,0.0,0.0,0.580256022800329,0.6180488079071045,3.0,0.0,0.26576213361129447,0.0,0.0,0.0,0.0,0.0,0.0,0.0,certain_cold,203.6887530684471,203.6887530684471,POINT (541771.0179707767 8675965.425348634),dronbreen
dronbreen-20220328-DAT_0226_A1_1,5870.0,5815,0.41686826944351196,541770.3400975678,8675970.010138739,203.92655563354492,2022-03-28 11:06:24.750000128+00:00,0,2022-05-03,100 MHz,20220328,0.0,0.41686826944351196,1.5632559061050415,0.7622820907330763,1.0815855022072791,5,0.26576213361129447,0.11290183911720912,1.11946573664523,0.8151382231192853,0.12811866002788747,1.852005515520666,0.0,0.0,0.5802560228003288,0.6180488079071045,3.0,0.0,0.26576213361129447,0.11290183911720912,0.0,0.0,0.0,0.0,0.0,0.0,certain_cold,203.5096873641014,203.5096873641014,POINT (541770.3400975678 8675970.010138739),dronbreen
dronbreen-20220328-DAT_0226_A1_1,5875.0,5822,0.3126511871814728,541769.4510483273,8675975.239690881,203.72280883789062,2022-03-28 11:06:27+00:00,0,2022-05-03,100 MHz,20220328,0.0,0.3126511871814728,1.5632559061050415,0.8126258253586867,1.2360977483689783,5,0.2657049120847005,0.112037059237771,1.2692868259268448,0.8622714972608528,0.024291337430183357,1.8516157558563309,0.0,0.0,0.6367767575779475,0.6180488079071045,3.0,0.0,0.2657049120847005,0.112037059237771,0.0,0.0,0.0,0.0,0.0,0.0,certain_cold,203.41015765070915,203.41015765070915,POINT (541769.4510483273 8675975.239690881),dronbreen
