radar_key,distance,x,thickness,easting,northing,elevation,time,part_idx,elevation_date,antenna,date_str,temperate,thickness_user_lower,thickness_user_upper,thickness_user_std,thickness_user_nmad,thickness_user_count,thickness_gpr_uncertainty,thickness_gnss_uncertainty,thickness_nmad,thickness_std,thickness_lower,thickness_upper,temperate_user_lower,temperate_user_upper,temperate_user_std,temperate_user_nmad,temperate_user_count,temperate_user_temperate_line_count,temperate_gpr_uncertainty,temperate_gnss_uncertainty,temperate_nmad,temperate_std,temperate_lower,temperate_upper,temperate_frac,temperate_frac_std,bed_type,bed_elevation,temperate_elevation,geometry,glacier
dronbreen-20220329-DAT_0249_A1_1,0.0,0,104.52971649169922,541271.1084111038,8672192.518090101,446.2563781738281,2022-03-29 14:54:59+00:00,0,2022-05-03,100 MHz,20220329,0.0,104.52971649169922,104.52971649169922,,0.0,1,2.107402346950863,1.316083576553522,2.4845966739911565,2.4845966739911565,102.04511981770806,107.01431316569038,0.0,0.0,,0.0,1.0,0.0,2.107402346950863,1.216197256747903,0.0,0.0,0.0,0.0,0.0,0.0,certain_cold,341.7266616821289,341.7266616821289,POINT (541271.1084111038 8672192.518090101),dronbreen
dronbreen-20220329-DAT_0249_A1_1,5.0,7,103.3833236694336,541275.538724912,8672190.110747032,446.1893005371094,2022-03-29 14:55:01.333333248+00:00,0,2022-05-03,100 MHz,20220329,0.0,103.3833236694336,103.90441131591797,5.5116962149011055,0.7725645446777343,3,2.0846593595058995,1.7217583656311035,2.8119588351342113,6.139140956204818,100.67957506521829,106.60815992013328,0.0,0.0,5.5116962149011055,0.7725645446777343,3.0,0.0,2.0846593595058995,1.7217583656311035,0.0,0.0,0.0,0.0,0.0,0.0,certain_cold,342.8059768676758,342.8059768676758,POINT (541275.538724912 8672190.110747032),dronbreen
dronbreen-20220329-DAT_0249_A1_1,65.0,68,98.06825256347656,541326.8237950274,8672158.37459256,444.9556070963542,2022-03-29 14:55:19.666666752+00:00,0,2022-05-03,100 MHz,20220329,0.0,98.06825256347656,101.40320587158203,1.8709826780985144,1.5451064666748047,5,1.9792707910595584,0.8185232480367026,2.6409935943274045,2.8439531208623627,95.92640915838876,103.54504927666983,0.0,0.0,1.8709826780985144,1.5451064666748047,5.0,0.0,1.9792707910595584,0.8185232480367026,0.0,0.0,0.0,0.0,0.0,0.0,certain_cold,346.8873545328776,346.8873545328776,POINT (541326.8237950274 8672158.37459256),dronbreen
dronbreen-20220329-DAT_0249_A1_1,70.0,71,97.755615234375,541329.9868955193,8672156.052552147,444.85565185546875,2022-03-29 14:55:20.666666752+00:00,0,2022-05-03,100 MHz,20220329,0.0,97.755615234375,100.36103820800781,1.7345165503500886,1.8541549072265624,5,1.97307478924152,0.7902997334798177,2.8205475022894193,2.7433821199601613,95.6301510985499,102.48650234383291,0.0,0.0,1.7345165503500886,1.8541549072265624,5.0,0.0,1.97307478924152,0.7902997334798177,0.0,0.0,0.0,0.0,0.0,0.0,certain_cold,347.10003662109375,347.10003662109375,POINT (541329.9868955193 8672156.052552147),dronbreen
dronbreen-20220329-DAT_0249_A1_1,75.0,75,97.3387451171875,541334.2979800415,8672152.95938628,444.8161926269531,2022-03-29 14:55:22+00:00,0,2022-05-03,100 MHz,20220329,0.0,97.3387451171875,101.19476318359375,1.968289058685755,1.5451177780151366,5,1.9648136095812032,0.5645116170247396,2.5625289918535237,2.8378385621267217,95.29444428654847,103.23906401423278,0.0,0.0,1.968289058685755,1.5451177780151366,5.0,0.0,1.9648136095812032,0.5645116170247396,0.0,0.0,0.0,0.0,0.0,0.0,certain_cold,347.4774475097656,347.4774475097656,POINT (541334.2979800415 8672152.95938628),dronbreen
dronbreen-20220329-DAT_0249_A1_1,80.0,80,97.23452758789062,541338.7111980143,8672149.869372822,444.8164571126302,2022-03-29 14:55:23.333333248+00:00,0,2022-05-03,100 MHz,20220329,0.0,97.23452758789062,100.98634338378906,2.022725404024013,1.6996306869506834,5,1.962748415384943,0.22580464680989584,2.606168366134755,2.8275054625413465,95.25883300607464,102.96203796560505,0.0,0.0,2.022725404024013,1.6996306869506834,5.0,0.0,1.962748415384943,0.22580464680989584,0.0,0.0,0.0,0.0,0.0,0.0,certain_cold,347.58192952473956,347.58192952473956,POINT (541338.7111980143 8672149.869372822),dronbreen
dronbreen-20220329-DAT_0249_A1_1,85.0,84,97.13031005859375,541342.8870654943,8672147.020203402,444.81299845377606,2022-03-29 14:55:24.666666752+00:00,0,2022-05-03,100 MHz,20220329,0.0,97.13031005859375,99.8399429321289,1.7538189088721419,0.6180629470825195,5,1.960683261730824,0.22580464680989584,2.0681557963337034,2.640293043673341,95.1566670839521,101.81358590677056,0.0,0.0,1.7538189088721419,0.6180629470825195,5.0,0.0,1.960683261730824,0.22580464680989584,0.0,0.0,0.0,0.0,0.0,0.0,certain_cold,347.6826883951823,347.6826883951823,POINT (541342.8870654943 8672147.020203402),dronbreen
dronbreen-20220329-DAT_0249_A1_1,90.0,88,97.02609252929688,541346.6781269533,8672144.221249327,444.746337890625,2022-03-29 14:55:26+00:00,0,2022-05-03,100 MHz,20220329,0.0,97.02609252929688,99.42308044433594,1.5604740697528974,1.236091960144043,5,1.9586181487470884,0.7903162638346355,2.447183724900064,2.6259977478768293,94.91403551077606,101.53513746285675,0.0,0.0,1.5604740697528974,1.236091960144043,5.0,0.0,1.9586181487470884,0.7903162638346355,0.0,0.0,0.0,0.0,0.0,0.0,certain_cold,347.7202453613281,347.7202453613281,POINT (541346.6781269533 8672144.221249327),dronbreen
dronbreen-20220329-DAT_0249_A1_1,95.0,94,96.40078735351562,541350.6025648883,8672141.24031479,444.5992431640625,2022-03-29 14:55:27.333333248+00:00,0,2022-05-03,100 MHz,20220329,0.0,96.40078735351562,98.17247772216797,1.5256306433950113,1.8541435958862305,5,1.9462283321725369,1.467730204264323,3.0626598158507266,2.8756887059497176,93.96315803931282,100.61010703637078,0.0,0.0,1.5256306433950113,1.8541435958862305,5.0,0.0,1.9462283321725369,1.467730204264323,0.0,0.0,0.0,0.0,0.0,0.0,certain_cold,348.1984558105469,348.1984558105469,POINT (541350.6025648883 8672141.24031479),dronbreen
dronbreen-20220329-DAT_0249_A1_1,100.0,98,95.6712646484375,541354.6916220641,8672137.892265083,444.4580078125,2022-03-29 14:55:28.666666752+00:00,0,2022-05-03,100 MHz,20220329,0.0,95.6712646484375,97.3387451171875,1.590805795040126,1.5451290893554686,5,1.9317754403068041,1.2419172922770183,2.767948484961685,2.7937032752535615,93.37472052462249,99.63528924100251,0.0,0.0,1.590805795040126,1.5451290893554686,5.0,0.0,1.9317754403068041,1.2419172922770183,0.0,0.0,0.0,0.0,0.0,0.0,certain_cold,348.7867431640625,348.7867431640625,POINT (541354.6916220641 8672137.892265083),dronbreen
dronbreen-20220329-DAT_0249_A1_1,105.0,102,95.25440216064453,541358.7806792401,8672134.544215377,444.3167724609375,2022-03-29 14:55:30+00:00,0,2022-05-03,100 MHz,20220329,0.0,95.25440216064453,96.60921478271484,1.5965996794147705,1.8541435958862305,5,1.9235177286400873,0.22580464680989581,2.6811856826933087,2.5099877942374564,93.3176760078512,98.54594093550817,0.0,0.0,1.5965996794147705,1.8541435958862305,5.0,0.0,1.9235177286400873,0.22580464680989581,0.0,0.0,0.0,0.0,0.0,0.0,certain_cold,349.06237030029297,349.06237030029297,POINT (541358.7806792401 8672134.544215377),dronbreen
dronbreen-20220329-DAT_0249_A1_1,110.0,106,95.46282958984375,541362.2925745,8672131.581642225,444.25540924072266,2022-03-29 14:55:31.249999872+00:00,0,2022-05-03,100 MHz,20220329,0.0,95.46282958984375,96.5050048828125,1.441437688587395,0.9270774536132812,5,1.9276464233151833,0.4516010284423828,2.1861465703854632,2.448980774177333,93.4829901463004,98.48484432635586,0.0,0.0,1.441437688587395,0.9270774536132812,5.0,0.0,1.9276464233151833,0.4516010284423828,0.0,0.0,0.0,0.0,0.0,0.0,certain_cold,348.7925796508789,348.7925796508789,POINT (541362.2925745 8672131.581642225),dronbreen
dronbreen-20220329-DAT_0249_A1_1,115.0,111,95.6712646484375,541366.3583919866,8672128.263923204,444.16135660807294,2022-03-29 14:55:32.666666752+00:00,0,2022-05-03,100 MHz,20220329,0.0,95.6712646484375,97.02609252929688,1.3487941192463206,1.0815903625488281,5,1.9317754403068041,0.9032268524169923,2.3911112084255217,2.523255966962748,93.53876022905177,99.1585969486826,0.0,0.0,1.3487941192463206,1.0815903625488281,5.0,0.0,1.9317754403068041,0.9032268524169923,0.0,0.0,0.0,0.0,0.0,0.0,certain_cold,348.49009195963544,348.49009195963544,POINT (541366.3583919866 8672128.263923204),dronbreen
dronbreen-20220329-DAT_0249_A1_1,120.0,116,96.29657745361328,541370.3684504945,8672125.409735672,444.07720947265625,2022-03-29 14:55:34+00:00,0,2022-05-03,100 MHz,20220329,0.0,96.29657745361328,97.96403503417969,1.1698325779583407,0.46356134948730465,5,1.9441636586748288,0.5645116170247396,2.076856957569845,2.338151825250114,94.27211562451701,99.98849686327596,0.0,0.0,1.1698325779583407,0.46356134948730465,5.0,0.0,1.9441636586748288,0.5645116170247396,0.0,0.0,0.0,0.0,0.0,0.0,certain_cold,347.78063201904297,347.78063201904297,POINT (541370.3684504945 8672125.409735672),dronbreen
dronbreen-20220329-DAT_0249_A1_1,125.0,120,96.19235229492188,541374.383561917,8672122.688641826,443.96654837472096,2022-03-29 14:55:35.285714432+00:00,0,2022-05-03,100 MHz,20220329,0.0,96.19235229492188,98.4851303100586,1.2361934327830388,1.3906161804199217,5,1.9420987245791972,0.11289405822753908,2.391297949993041,2.3049222823451427,94.24697507587277,100.4305075291077,0.0,0.0,1.2361934327830388,1.3906161804199217,5.0,0.0,1.9420987245791972,0.11289405822753908,0.0,0.0,0.0,0.0,0.0,0.0,certain_cold,347.7741960797991,347.7741960797991,POINT (541374.383561917 8672122.688641826),dronbreen
dronbreen-20220329-DAT_0249_A1_1,130.0,125,96.40078735351562,541378.7990890641,8672119.767195748,444.0147443498884,2022-03-29 14:55:36.714285568+00:00,0,2022-05-03,100 MHz,20220329,0.0,96.40078735351562,99.73573303222656,1.9622196243162595,2.6267307632446286,5,1.9462283321725369,0.5645116170247396,3.317558226961916,2.820777187365004,94.37434266226275,101.76217772347944,0.0,0.0,1.9622196243162595,2.6267307632446286,5.0,0.0,1.9462283321725369,0.5645116170247396,0.0,0.0,0.0,0.0,0.0,0.0,certain_cold,347.6139569963728,347.6139569963728,POINT (541378.7990890641 8672119.767195748),dronbreen
dronbreen-20220329-DAT_0249_A1_1,135.0,130,96.71343994140625,541382.7319252422,8672117.229685156,443.99176025390625,2022-03-29 14:55:38+00:00,0,2022-05-03,100 MHz,20220329,0.0,96.71343994140625,100.6736831665039,2.346154514434783,3.090246867370605,5,1.952423055108702,2.7096392313639326,4.550134750923357,4.081487664549439,93.37366441747257,104.01345869043759,0.0,0.0,2.346154514434783,3.090246867370605,5.0,0.0,1.952423055108702,2.7096392313639326,0.0,0.0,0.0,0.0,0.0,0.0,certain_cold,347.2783203125,347.2783203125,POINT (541382.7319252422 8672117.229685156),dronbreen
dronbreen-20220329-DAT_0249_A1_1,140.0,134,98.90199279785156,541387.0158219725,8672114.197877156,443.9642842610677,2022-03-29 14:55:39.333333248+00:00,0,2022-05-03,100 MHz,20220329,0.0,96.92186737060547,101.40320587158203,2.2902109833473903,2.1631750694274903,4,1.9957959995336478,2.5098889668782554,3.8680835925305876,3.9405343097169867,93.71519552930151,104.60987771288599,1.9801254272460938,0.0,2.2902109833473903,2.1631750694274903,4.0,0.0,1.9957959995336478,2.5185731252034507,0.0,0.0,0.0,0.0,0.0,0.0,uncertain_cold,345.0622914632161,345.0622914632161,POINT (541387.0158219725 8672114.197877156),dronbreen
dronbreen-20220329-DAT_0249_A1_1,205.0,190,100.56947326660156,541442.2704221637,8672080.168849958,443.75270298549106,2022-03-29 14:55:56.142856960+00:00,0,2022-05-03,100 MHz,20220329,0.0,100.56947326660156,109.84478759765625,7.64039700963478,8.189150239562988,5,2.0288537604392967,0.3647530873616537,8.444612130946162,7.913593296399849,98.50809208011796,111.90616878413985,0.0,0.0,6.706968381625274,6.8757905136108395,4.0,0.0,2.030920036073268,0.37345377604166663,0.0,0.0,0.0,0.0,0.0,0.0,certain_cold,343.1832297188895,343.1832297188895,POINT (541442.2704221637 8672080.168849958),dronbreen
dronbreen-20220329-DAT_0249_A1_1,210.0,194,100.77790069580078,541446.3948916108,8672077.876685755,443.61871337890625,2022-03-29 14:55:57.333333248+00:00,0,2022-05-03,100 MHz,20220329,0.0,100.77790069580078,109.94900512695312,7.81057869068915,8.807201875305175,5,2.0329864995766878,0.225796381632487,9.041616171116665,8.073980282169806,98.73241344005476,111.99449238269915,0.0,0.0,6.768693759909381,6.798539714813232,4.0,0.0,2.0350531508461005,0.3387152353922527,0.0,0.0,0.0,0.0,0.0,0.0,certain_cold,342.84081268310547,342.84081268310547,POINT (541446.3948916108 8672077.876685755),dronbreen
dronbreen-20220329-DAT_0249_A1_1,215.0,198,100.77790069580078,541450.8440926173,8672075.501495188,443.3455810546875,2022-03-29 14:55:58.500000+00:00,0,2022-05-03,100 MHz,20220329,0.0,100.77790069580078,109.84478759765625,7.910758206898189,9.270751913452148,5,2.0329864995766878,0.11290232340494792,9.491713337583894,8.168590848493904,98.7417815828579,111.88090671059913,0.0,0.0,6.803907016455686,6.721283260345459,4.0,0.0,2.0371196872082464,0.33869043986002606,0.0,0.0,0.0,0.0,0.0,0.0,certain_cold,342.5676803588867,342.5676803588867,POINT (541450.8440926173 8672075.501495188),dronbreen
dronbreen-20220329-DAT_0249_A1_1,220.0,202,100.6736831665039,541455.0814364826,8672073.367915893,443.26247151692706,2022-03-29 14:55:59.666666752+00:00,0,2022-05-03,100 MHz,20220329,0.0,100.6736831665039,109.7405776977539,7.948764912779313,9.734256706237792,5,2.030920036073268,0.33869043986002606,9.949628185510846,8.211102912861826,98.61471560799882,111.799545256259,0.0,0.0,6.8023793154664745,6.721288916015625,4.0,0.0,2.041252566027401,0.4516010284423828,0.0,0.0,0.0,0.0,0.0,0.0,certain_cold,342.58878835042316,342.58878835042316,POINT (541455.0814364826 8672073.367915893),dronbreen
dronbreen-20220329-DAT_0249_A1_1,225.0,206,100.46526336669922,541460.0849734612,8672071.040851578,443.29034423828125,2022-03-29 14:56:01+00:00,0,2022-05-03,100 MHz,20220329,0.0,100.46526336669922,109.6363525390625,7.998275808050799,10.352319653320311,5,2.026787521506903,0.3386987050374349,10.554293281629619,8.258026421111813,98.41037055437782,111.6912453513839,0.0,0.0,6.793784008559916,6.7985284034729,4.0,0.0,2.0453860428813386,0.3387152353922527,0.0,0.0,0.0,0.0,0.0,0.0,certain_cold,342.82508087158203,342.82508087158203,POINT (541460.0849734612 8672071.040851578),dronbreen
dronbreen-20220329-DAT_0249_A1_1,230.0,209,100.36103820800781,541463.9362440556,8672069.205563987,443.1944580078125,2022-03-29 14:56:02+00:00,0,2022-05-03,100 MHz,20220329,0.0,100.36103820800781,109.53214263916016,8.081566704646333,10.815869691467284,5,2.024721016850391,0.2258129119873047,11.006067592473547,8.334399022661685,98.32376388497326,111.56941696219471,0.0,0.0,6.825159175349365,6.798539714813232,4.0,0.0,2.04745275945359,0.33870697021484375,0.0,0.0,0.0,0.0,0.0,0.0,certain_cold,342.8334197998047,342.8334197998047,POINT (541463.9362440556 8672069.205563987),dronbreen
dronbreen-20220329-DAT_0249_A1_1,235.0,213,100.25682067871094,541469.0282065318,8672066.91227064,443.05592854817706,2022-03-29 14:56:03.333333248+00:00,0,2022-05-03,100 MHz,20220329,0.0,100.25682067871094,109.42790985107422,8.124385334789597,11.433887393188476,5,2.0226547003977915,0.33870697021484375,11.616352068047343,8.379229768711301,98.20600268368715,111.47872784609801,0.0,0.0,6.791656323505502,6.7985284034729,4.0,0.0,2.0515862996371834,0.4516010284423828,0.0,0.0,0.0,0.0,0.0,0.0,certain_cold,342.7991078694661,342.7991078694661,POINT (541469.0282065318 8672066.91227064),dronbreen
dronbreen-20220329-DAT_0249_A1_1,240.0,217,100.04838562011719,541473.411792213,8672065.217477094,442.8976135253906,2022-03-29 14:56:04.500000+00:00,0,2022-05-03,100 MHz,20220329,0.0,100.04838562011719,109.32369995117188,8.216774078262752,10.9703712890625,5,2.018522178742822,0.33870697021484375,11.159668472568333,8.467852765073298,98.00164328221805,111.37044228907101,0.0,0.0,6.836287136983641,6.8757905136108395,4.0,0.0,2.0557198305134596,0.4516010284423828,0.0,0.0,0.0,0.0,0.0,0.0,certain_cold,342.84922790527344,342.84922790527344,POINT (541473.411792213 8672065.217477094),dronbreen
dronbreen-20220329-DAT_0249_A1_1,245.0,221,99.94416809082031,541477.8209180371,8672063.523484586,442.7152913411458,2022-03-29 14:56:05.666666752+00:00,0,2022-05-03,100 MHz,20220329,0.0,99.94416809082031,109.21949005126953,7.961193293295097,10.50684387359619,5,2.0164559737684478,0.2258129119873047,10.700974457940381,8.215697463914642,97.91510767640021,111.24855046568963,0.0,0.0,6.4751064367649835,6.8757961692810055,4.0,0.0,2.059853653839712,0.45161755879720056,0.0,0.0,0.0,0.0,0.0,0.0,certain_cold,342.7711232503255,342.7711232503255,POINT (541477.8209180371 8672063.523484586),dronbreen
dronbreen-20220329-DAT_0249_A1_1,250.0,225,99.8399429321289,541482.8673351677,8672061.880172232,442.486572265625,2022-03-29 14:56:07+00:00,0,2022-05-03,100 MHz,20220329,0.0,99.8399429321289,109.11527252197266,7.716427417380701,10.043293835449218,5,2.0143896549268474,0.33870697021484375,10.248914047776998,7.982213989943706,97.79727602498315,111.15793942911841,0.0,0.0,6.124546477989224,6.875801824951171,4.0,0.0,2.063987768783315,0.4516092936197917,0.0,0.0,0.0,0.0,0.0,0.0,certain_cold,342.6466293334961,342.6466293334961,POINT (541482.8673351677 8672061.880172232),dronbreen
dronbreen-20220329-DAT_0249_A1_1,255.0,230,99.63151550292969,541488.0528815388,8672059.868982295,442.25604248046875,2022-03-29 14:56:08.333333248+00:00,0,2022-05-03,100 MHz,20220329,0.0,99.63151550292969,109.01104736328125,7.362475382146524,9.579755108642578,5,2.010257583635542,0.4516010284423828,9.79881559082617,7.645333399804617,97.57115654356012,111.07140632265082,0.0,0.0,5.78529674888444,6.953046968078613,4.0,0.0,2.0681217205461158,0.4516092936197917,0.0,0.0,0.0,0.0,0.0,0.0,certain_cold,342.62452697753906,342.62452697753906,POINT (541488.0528815388 8672059.868982295),dronbreen
dronbreen-20220329-DAT_0249_A1_1,260.0,234,99.42308044433594,541492.5287360023,8672058.084047511,442.02989196777344,2022-03-29 14:56:09.500000+00:00,0,2022-05-03,100 MHz,20220329,0.0,99.42308044433594,108.90682983398438,6.7618283130485555,9.116205070495605,5,2.006125512029683,0.33870697021484375,9.34047412442314,7.061273547798127,97.38856281558742,110.94134746273289,0.0,0.0,5.152860271120561,5.639687242126464,4.0,0.0,2.0722561135793893,0.4516092936197917,0.0,0.0,0.0,0.0,0.0,0.0,certain_cold,342.6068115234375,342.6068115234375,POINT (541492.5287360023 8672058.084047511),dronbreen
dronbreen-20220329-DAT_0249_A1_1,265.0,238,99.31886291503906,541496.9790724124,8672056.29833965,441.7915344238281,2022-03-29 14:56:10.666666752+00:00,0,2022-05-03,100 MHz,20220329,0.0,99.31886291503906,108.28153228759766,6.127308820610871,7.880124421691894,5,2.004059533121341,0.4516092936197917,8.143498417002567,6.462516456421143,97.26454902315733,110.33584617947939,0.0,0.0,4.529149338571186,4.326344483184815,4.0,0.0,2.076390341748902,0.6774222056070964,0.0,0.0,0.0,0.0,0.0,0.0,certain_cold,342.47267150878906,342.47267150878906,POINT (541496.9790724124 8672056.29833965),dronbreen
dronbreen-20220329-DAT_0249_A1_1,270.0,242,99.00621032714844,541502.0312772559,8672054.46918082,441.5056457519531,2022-03-29 14:56:12+00:00,0,2022-05-03,100 MHz,20220329,0.0,99.00621032714844,106.19719696044922,5.640923495061744,6.0259921371459955,5,1.997861825386686,1.354827880859375,6.4915014978844985,6.135717426449081,96.5922901834628,108.61111710413486,0.0,0.0,4.294452093353526,4.867134008789062,4.0,0.0,2.059853653839712,1.8064371744791667,0.0,0.0,0.0,0.0,0.0,0.0,certain_cold,342.4994354248047,342.4994354248047,POINT (541502.0312772559 8672054.46918082),dronbreen
dronbreen-20220329-DAT_0249_A1_1,275.0,246,98.06825256347656,541506.1757529605,8672052.895613374,441.29932948521207,2022-03-29 14:56:13.142856960+00:00,0,2022-05-03,100 MHz,20220329,0.0,98.06825256347656,104.32128143310547,5.38158138846191,4.789877554321289,5,1.9792707910595584,1.2419172922770183,5.329427587517173,5.866965967673396,95.7316157869967,106.65791820958533,0.0,0.0,4.480934005150801,4.635370301055908,4.0,0.0,2.0433192108401066,4.628970464070638,0.0,0.0,0.0,0.0,0.0,0.0,certain_cold,343.2310769217355,343.2310769217355,POINT (541506.1757529605 8672052.895613374),dronbreen
dronbreen-20220329-DAT_0249_A1_1,280.0,251,97.85982513427734,541511.1126343,8672050.841386553,441.0708923339844,2022-03-29 14:56:14.500000+00:00,0,2022-05-03,100 MHz,20220329,0.0,96.92186737060547,100.25682067871094,4.775558603448045,3.6310420486450194,6,1.9751400330418438,1.3548113505045574,4.349845779405143,5.342532350912548,94.52672813757944,102.65195991173697,0.0,0.0,4.576895873701127,3.553785594177246,5.0,0.0,1.9751400330418438,4.854766845703125,0.0,0.0,0.0,0.0,0.0,0.0,certain_cold,343.21106719970703,343.21106719970703,POINT (541511.1126343 8672050.841386553),dronbreen
dronbreen-20220329-DAT_0249_A1_1,285.0,255,96.81765747070312,541515.2770793717,8672048.79878878,441.02406819661456,2022-03-29 14:56:15.666666752+00:00,0,2022-05-03,100 MHz,20220329,0.0,96.088134765625,99.52730560302734,4.347566409662999,2.858477503967285,6,1.9544880453064324,2.145135879516602,4.073392333365676,5.227137375970259,93.1861300342651,102.42931033438724,0.0,0.0,4.330711738317396,4.017324320983887,5.0,0.0,1.9544880453064324,2.145135879516602,0.0,0.0,0.0,0.0,0.0,0.0,certain_cold,344.20641072591144,344.20641072591144,POINT (541515.2770793717 8672048.79878878),dronbreen
dronbreen-20220329-DAT_0249_A1_1,290.0,259,95.87969970703125,541519.5774600222,8672046.078050427,440.939697265625,2022-03-29 14:56:17+00:00,0,2022-05-03,100 MHz,20220329,0.0,95.15017700195312,98.4851303100586,3.6135957633680333,2.6267081405639647,6,1.9359046273936626,2.4838345845540366,4.100823895937976,4.793248930612964,92.0010245810959,101.63428273091581,0.0,0.0,3.5640136915146203,3.8628114120483397,5.0,0.0,1.9359046273936626,2.4838345845540366,0.0,0.0,0.0,0.0,0.0,0.0,certain_cold,345.05999755859375,345.05999755859375,POINT (541519.5774600222 8672046.078050427),dronbreen
dronbreen-20220329-DAT_0249_A1_1,295.0,264,94.52488708496094,541523.3717167987,8672042.78342104,440.68809509277344,2022-03-29 14:56:18.333333248+00:00,0,2022-05-03,100 MHz,20220329,0.0,94.00379943847656,96.71343994140625,2.4995516173640326,2.9357226470947264,7,1.9090682835796748,2.4838345845540366,4.293302157484543,4.007709351071223,90.87107283776648,99.84616654211634,0.0,0.0,2.6783946739089237,3.24474846496582,5.0,0.0,1.9090682835796748,2.4838345845540366,0.0,0.0,0.0,0.0,0.0,0.0,certain_cold,346.1632080078125,346.1632080078125,POINT (541523.3717167987 8672042.78342104),dronbreen
dronbreen-20220329-DAT_0249_A1_1,300.0,268,93.58692932128906,541526.6087845595,8672038.91331491,440.4053192138672,2022-03-29 14:56:19.666666752+00:00,0,2022-05-03,100 MHz,20220329,0.0,93.06584930419922,94.9417495727539,1.7435901849177569,1.5451064666748047,7,1.8904934107039841,2.3709487915039062,3.4033391692879094,3.497923704255219,90.03346352599603,97.9741353509571,0.0,0.0,1.8564092124547997,2.008656504821777,5.0,0.0,1.8904934107039841,2.3709487915039062,0.0,0.0,0.0,0.0,0.0,0.0,certain_cold,346.8183898925781,346.8183898925781,POINT (541526.6087845595 8672038.91331491),dronbreen
dronbreen-20220329-DAT_0249_A1_1,305.0,273,92.33631896972656,541529.0588920724,8672034.46063716,440.5714416503906,2022-03-29 14:56:21+00:00,0,2022-05-03,100 MHz,20220329,0.0,91.91944885253906,93.06584930419922,1.172483425508654,0.7725645446777343,8,1.865732649752272,2.4838345845540366,3.2011323839340777,3.3204080994466425,88.81294075440405,96.17235740233423,0.104217529296875,0.0,1.2949780379232745,0.8498153434753417,6.0,0.0,1.865732649752272,2.4838345845540366,0.0,0.0,0.0,0.0,0.0,0.0,certain_cold,348.23512268066406,348.23512268066406,POINT (541529.0588920724 8672034.46063716),dronbreen
dronbreen-20220329-DAT_0249_A1_1,310.0,277,91.29415893554688,541529.7849403656,8672029.877199715,440.75630950927734,2022-03-29 14:56:22.249999872+00:00,0,2022-05-03,100 MHz,20220329,0.0,91.0857162475586,91.50257873535156,1.0757765728208857,0.30903147354125976,8,1.8451041657043532,2.3709405263264975,3.02014383983876,3.191091286113134,88.08142459033273,94.50687039257743,0.20844268798828125,0.0,1.234283987489172,0.6953080902099609,6.0,0.0,1.8451041657043532,2.822541554768881,0.0,0.0,0.0,0.0,0.0,0.0,certain_cold,349.46215057373047,349.46215057373047,POINT (541529.7849403656 8672029.877199715),dronbreen
dronbreen-20220329-DAT_0249_A1_1,315.0,283,90.14775848388672,541528.219959429,8672024.385611605,441.2278137207031,2022-03-29 14:56:24+00:00,0,2022-05-03,100 MHz,20220329,0.0,89.73089599609375,90.356201171875,1.1429600036929108,0.7725532333374023,10,1.8224179937291192,1.241933822631836,2.3367596072349137,2.483941330568476,87.52553730334905,92.5615598646197,0.5210800170898438,0.0,1.3810967093164297,1.081579051208496,7.0,0.0,1.8141701900606564,1.241933822631836,0.0,0.0,0.0,0.0,0.0,0.0,certain_cold,351.0800552368164,351.0800552368164,POINT (541528.219959429 8672024.385611605),dronbreen
dronbreen-20220329-DAT_0249_A1_1,320.0,287,90.14775848388672,541525.480926391,8672020.871598667,441.7618321010045,2022-03-29 14:56:25.285714432+00:00,0,2022-05-03,100 MHz,20220329,0.0,89.52245330810547,90.56462860107422,1.2529676402901093,1.0043339080810547,10,1.8224179937291192,0.4516092936197917,2.1292827188686805,2.25722976357428,87.64491281641124,92.44216909276845,0.5210800170898438,0.0,1.3915449688821893,1.0815903625488281,7.0,0.0,1.8224179937291192,0.9032103220621746,0.0,0.0,0.0,0.0,0.0,0.0,certain_cold,351.61407361711775,351.61407361711775,POINT (541525.480926391 8672020.871598667),dronbreen
dronbreen-20220329-DAT_0249_A1_1,325.0,292,90.56462860107422,541521.9152247483,8672016.64086698,442.42142595563615,2022-03-29 14:56:26.714285568+00:00,0,2022-05-03,100 MHz,20220329,0.0,90.04354858398438,90.87728118896484,1.183371302334384,0.7725645446777343,10,1.8306667587139405,0.7903162638346355,2.138409819009176,2.3186867441572003,88.04957251132409,92.87125726162513,0.5210800170898438,0.0,1.3044472993623395,0.9270774536132812,7.0,0.0,1.8306667587139405,0.7903162638346355,0.0,0.0,0.0,0.0,0.0,0.0,certain_cold,351.85679735456193,351.85679735456193,POINT (541521.9152247483 8672016.64086698),dronbreen
dronbreen-20220329-DAT_0249_A1_1,330.0,295,90.87728118896484,541518.9579081675,8672013.98857291,442.89109293619794,2022-03-29 14:56:27.666666752+00:00,0,2022-05-03,100 MHz,20220329,0.0,90.2519760131836,91.0857162475586,1.1325651043377019,0.6953080902099609,10,1.8368538576923514,0.6774139404296875,2.0775887662189483,2.261774846612991,88.29419110640559,93.0435011543366,0.62530517578125,0.0,1.2483278972250742,0.9270774536132812,7.0,0.0,1.8368538576923514,0.6774139404296875,0.0,0.0,0.0,0.0,0.0,0.0,certain_cold,352.0138117472331,352.0138117472331,POINT (541518.9579081675 8672013.98857291),dronbreen
dronbreen-20220329-DAT_0249_A1_1,335.0,300,91.18993377685547,541514.8907937631,8672010.389286421,443.5331726074219,2022-03-29 14:56:29+00:00,0,2022-05-03,100 MHz,20220329,0.0,90.77306365966797,91.39836883544922,1.0480038396411515,0.540789525604248,10,1.8430414018385246,0.7903079986572266,2.076978972603183,2.2626754936435542,88.76772370304403,93.40370879207316,0.4168701171875,0.0,1.145937907809388,0.7725758560180663,7.0,0.0,1.8430414018385246,0.5645116170247396,0.0,0.0,0.0,0.0,0.0,0.0,certain_cold,352.3432388305664,352.3432388305664,POINT (541514.8907937631 8672010.389286421),dronbreen
dronbreen-20220329-DAT_0249_A1_1,340.0,304,91.60679626464844,541511.2946770719,8672006.432357533,444.16115315755206,2022-03-29 14:56:30.333333248+00:00,0,2022-05-03,100 MHz,20220329,0.0,91.18993377685547,91.81523895263672,0.9680294494855065,0.540789525604248,10,1.851291994459308,0.7903079986572266,2.084303742858507,2.2335957101861394,89.17700834815953,93.82816438133266,0.41686248779296875,0.0,1.0170560592958584,0.6180403244018554,7.0,0.0,1.8471666763755579,0.6774139404296875,0.0,0.0,0.0,0.0,0.0,0.0,certain_cold,352.5543568929036,352.5543568929036,POINT (541511.2946770719 8672006.432357533),dronbreen
dronbreen-20220329-DAT_0249_A1_1,345.0,308,91.91944885253906,541508.0246971248,8672002.671597822,444.72532145182294,2022-03-29 14:56:31.666666752+00:00,0,2022-05-03,100 MHz,20220329,0.0,91.71102142333984,92.02366638183594,0.9223163338845537,0.4635330711364746,10,1.85748056004412,0.7903162638346355,2.0711583077738327,2.2193470318031827,89.69239965891161,94.04228814626417,0.20842742919921875,0.0,0.9354664449508777,0.3090145065307617,7.0,0.0,1.855417807819013,0.9032103220621746,0.0,0.0,0.0,0.0,0.0,0.0,certain_cold,352.8058725992839,352.8058725992839,POINT (541508.0246971248 8672002.671597822),dronbreen
dronbreen-20220329-DAT_0249_A1_1,350.0,312,92.33631896972656,541504.7476777425,8671998.724530488,445.30975341796875,2022-03-29 14:56:33+00:00,0,2022-05-03,100 MHz,20220329,0.0,92.02366638183594,92.33631896972656,0.8849262692716506,0.5407951812744141,10,1.865732649752272,0.7903162638346355,2.097145094008232,2.211029764449184,89.99744869431241,94.36253665725009,0.312652587890625,0.0,0.8399188573505241,0.4635387268066406,7.0,0.0,1.863669556130347,0.7903079986572266,0.0,0.0,0.0,0.0,0.0,0.0,certain_cold,352.9734344482422,352.9734344482422,POINT (541504.7476777425 8671998.724530488),dronbreen
dronbreen-20220329-DAT_0249_A1_1,355.0,317,92.64897155761719,541501.3863933758,8671995.023001952,445.8626403808594,2022-03-29 14:56:34.333333248+00:00,0,2022-05-03,100 MHz,20220329,0.0,92.54475402832031,93.17005920410156,0.8572166944871461,0.6953080902099609,10,1.871922213200555,0.6774139404296875,2.1086573356696827,2.167441551753959,90.55402993418718,95.16078329823469,0.104217529296875,0.0,0.7316434487709234,0.4635387268066406,7.0,0.0,1.869858978443274,0.7903162638346355,0.0,0.0,0.0,0.0,0.0,0.0,certain_cold,353.2136688232422,353.2136688232422,POINT (541501.3863933758 8671995.023001952),dronbreen
dronbreen-20220329-DAT_0249_A1_1,360.0,321,92.96162414550781,541498.0365610351,8671990.949645473,446.4389953613281,2022-03-29 14:56:35.666666752+00:00,0,2022-05-03,100 MHz,20220329,0.0,92.85740661621094,93.48271179199219,0.8250835828868732,0.6953080902099609,10,1.8781121972630561,0.6774139404296875,2.114154301962883,2.160314326885368,90.86086083106181,95.47925757714131,0.104217529296875,0.0,0.6684809656596797,0.4635387268066406,7.0,0.0,1.8781121972630561,0.7903162638346355,0.0,0.0,0.0,0.0,0.0,0.0,certain_cold,353.4773712158203,353.4773712158203,POINT (541498.0365610351 8671990.949645473),dronbreen
dronbreen-20220329-DAT_0249_A1_1,365.0,324,93.27427673339844,541495.4692886184,8671988.017004034,446.8601786295573,2022-03-29 14:56:36.666666752+00:00,0,2022-05-03,100 MHz,20220329,0.0,92.96162414550781,93.6911392211914,0.8103196574401179,0.6180459800720215,10,1.884302597794589,0.5645116170247396,2.0618560762804248,2.127413357353289,90.9945782269255,95.65818513977372,0.312652587890625,0.0,0.6408246287979322,0.46352741546630855,7.0,0.0,1.884302597794589,0.5645116170247396,0.0,0.0,0.0,0.0,0.0,0.0,certain_cold,353.5859018961589,353.5859018961589,POINT (541495.4692886184 8671988.017004034),dronbreen
dronbreen-20220329-DAT_0249_A1_1,370.0,329,93.48271179199219,541492.015386432,8671984.002484152,447.4421691894531,2022-03-29 14:56:38+00:00,0,2022-05-03,100 MHz,20220329,0.0,93.37848663330078,94.00379943847656,0.8039673089380555,0.5407951812744141,10,1.8884297608314347,0.5645033518473307,2.043842074116874,2.128660242895009,91.40748917114088,95.97479690063646,0.10422515869140625,0.0,0.605978773546137,0.6180516357421875,7.0,0.0,1.8884297608314347,0.4516010284423828,0.0,0.0,0.0,0.0,0.0,0.0,certain_cold,353.95945739746094,353.95945739746094,POINT (541492.015386432 8671984.002484152),dronbreen
dronbreen-20220329-DAT_0249_A1_1,375.0,334,93.79535675048828,541489.0280507322,8671980.188458376,447.9728088378906,2022-03-29 14:56:39.333333248+00:00,0,2022-05-03,100 MHz,20220329,0.0,93.6911392211914,94.42066192626953,0.804942522176912,0.6180516357421875,10,1.8946206953320621,0.6774056752522787,2.1048643311358894,2.167117553814991,91.67905919593284,96.4327419515281,0.104217529296875,0.0,0.5815922549126042,0.7725645446777343,7.0,0.0,1.8925569548697518,0.5645116170247396,0.0,0.0,0.0,0.0,0.0,0.0,certain_cold,354.17745208740234,354.17745208740234,POINT (541489.0280507322 8671980.188458376),dronbreen
dronbreen-20220329-DAT_0249_A1_1,380.0,339,94.1080093383789,541486.002923413,8671976.001085596,448.5418221609933,2022-03-29 14:56:40.857143040+00:00,0,2022-05-03,100 MHz,20220329,0.0,93.89958190917969,94.73330688476562,0.8069617823756361,0.6952967788696288,10,1.9008121865805059,0.6774139404296875,2.1343416376128546,2.17328413548627,91.88166798253627,96.75122081140904,0.20842742919921875,0.0,0.5626028495507814,0.46355003814697265,7.0,0.0,1.8987484624214264,0.6774139404296875,0.0,0.0,0.0,0.0,0.0,0.0,certain_cold,354.4338128226144,354.4338128226144,POINT (541486.002923413 8671976.001085596),dronbreen
dronbreen-20220329-DAT_0249_A1_1,385.0,344,94.42066192626953,541483.1069131892,8671972.065825447,449.08262125651044,2022-03-29 14:56:42.333333248+00:00,0,2022-05-03,100 MHz,20220329,0.0,94.21221923828125,95.04596710205078,0.8073363912186416,0.6953080902099609,10,1.9070040795546173,0.6774056752522787,2.1398589553083567,2.1788380061142423,92.18847444006633,97.0697119002657,0.20844268798828125,0.0,0.5343172153207991,0.4635387268066406,7.0,0.0,1.904940070835535,0.6774056752522787,0.0,0.0,0.0,0.0,0.0,0.0,certain_cold,354.6619593302409,354.6619593302409,POINT (541483.1069131892 8671972.065825447),dronbreen
dronbreen-20220329-DAT_0249_A1_1,390.0,350,94.73330688476562,541479.9414172492,8671967.812106248,449.6853942871094,2022-03-29 14:56:44+00:00,0,2022-05-03,100 MHz,20220329,0.0,94.42066192626953,95.46282958984375,0.8466661669931106,0.8498153434753417,10,1.9131962192439314,0.7903079986572266,2.23765337442531,2.2364592785028905,92.35066035475543,97.53283116135785,0.31264495849609375,0.0,0.598249867133756,0.6180403244018554,7.0,0.0,1.9111322294567334,0.6774139404296875,0.0,0.0,0.0,0.0,0.0,0.0,certain_cold,354.95208740234375,354.95208740234375,POINT (541479.9414172492 8671967.812106248),dronbreen
dronbreen-20220329-DAT_0249_A1_1,395.0,355,95.15017700195312,541477.5698892488,8671963.086621188,450.28797403971356,2022-03-29 14:56:45.666666752+00:00,0,2022-05-03,100 MHz,20220329,0.0,94.73330688476562,95.77548217773438,0.9612103847513903,0.9270661422729491,10,1.9214532191550238,0.9032268524169923,2.3167332285952043,2.330606492757245,92.61014857217367,97.89864049032633,0.4168701171875,0.0,0.7864907729815247,0.9270548309326171,7.0,0.0,1.9173247833307239,0.6774139404296875,0.0,0.0,0.0,0.0,0.0,0.0,certain_cold,355.13779703776044,355.13779703776044,POINT (541477.5698892488 8671963.086621188),dronbreen
dronbreen-20220329-DAT_0249_A1_1,400.0,361,95.56705474853516,541474.8199489535,8671958.615325598,450.8785879952567,2022-03-29 14:56:47.428571392+00:00,0,2022-05-03,100 MHz,20220329,0.0,94.9417495727539,96.19235229492188,1.2568128635982023,1.3133540702819824,10,1.92971106161617,0.6774139404296875,2.4305500081130877,2.40046932955166,92.89659079456277,98.23751107311301,0.62530517578125,0.0,1.216643113069446,1.236091960144043,7.0,0.0,1.9235177286400873,0.5645033518473307,0.0,0.0,0.0,0.0,0.0,0.0,certain_cold,355.3115332467215,355.3115332467215,POINT (541474.8199489535 8671958.615325598),dronbreen
dronbreen-20220329-DAT_0249_A1_1,405.0,364,95.77548217773438,541474.3142544427,8671961.962732475,450.6108856201172,2022-03-29 14:57:10+00:00,0,2022-05-03,100 MHz,20220329,0.0,95.15017700195312,96.60921478271484,1.423922169093391,1.3906161804199217,10,1.933840012656426,0.451592763264974,2.4243528166564356,2.443609535506835,93.16430862303565,98.59508316163232,0.62530517578125,0.0,1.423880102418212,1.2361145828247069,7.0,0.0,1.9276464233151833,0.33870697021484375,0.0,0.0,0.0,0.0,0.0,0.0,certain_cold,354.8354034423828,354.8354034423828,POINT (541474.3142544427 8671961.962732475),dronbreen
dronbreen-20220329-DAT_0249_A1_1,410.0,366,95.9839096069336,541476.7054621351,8671969.573286118,449.7626953125,2022-03-29 14:57:33+00:00,0,2022-05-03,100 MHz,20220329,0.0,95.25440216064453,96.92186737060547,1.4444495363546819,1.3906105247497558,10,1.9379691332353048,0.4516092936197917,2.4276476159033784,2.458883848117235,93.26450886816461,98.91176066308539,0.7295074462890625,0.0,1.4374349114199305,1.5451064666748047,7.0,0.0,1.92971106161617,0.22580464680989584,0.0,0.0,0.0,0.0,0.0,0.0,certain_cold,353.7787857055664,353.7787857055664,POINT (541476.7054621351 8671969.573286118),dronbreen
dronbreen-20220329-DAT_0249_A1_1,415.0,369,96.19235229492188,541478.7258034316,8671972.426995218,449.3720703125,2022-03-29 14:57:34+00:00,0,2022-05-03,100 MHz,20220329,0.0,95.3586196899414,97.3387451171875,1.5015944018893226,1.5451177780151366,10,1.9420987245791972,0.45161755879720056,2.5225175566018407,2.49609527526724,93.36470247114167,99.33266233598724,0.8337326049804688,0.0,1.54344423292202,1.8541435958862305,7.0,0.0,1.9317754403068041,0.45159276326497394,0.0,0.0,0.0,0.0,0.0,0.0,certain_cold,353.1797180175781,353.1797180175781,POINT (541478.7258034316 8671972.426995218),dronbreen
dronbreen-20220329-DAT_0249_A1_1,420.0,373,96.40078735351562,541481.4183146066,8671976.480034033,448.83465576171875,2022-03-29 14:57:35.333333248+00:00,0,2022-05-03,100 MHz,20220329,0.0,95.6712646484375,97.755615234375,1.588755150010728,1.6996306869506834,10,1.9462283321725369,0.5645116170247396,2.6448483054291474,2.5749992259013577,93.64481995718462,99.78205992562788,0.729522705078125,0.0,1.648601275531855,2.0086791275024414,7.0,0.0,1.9379691332353048,0.5645116170247396,0.0,0.0,0.0,0.0,0.0,0.0,certain_cold,352.4338684082031,352.4338684082031,POINT (541481.4183146066 8671976.480034033),dronbreen
dronbreen-20220329-DAT_0249_A1_1,425.0,378,96.71343994140625,541484.807871398,8671981.547075609,448.17242431640625,2022-03-29 14:57:37+00:00,0,2022-05-03,100 MHz,20220329,0.0,95.9839096069336,97.96403503417969,1.6324016028509254,1.6996363426208496,10,1.952423055108702,0.225796381632487,2.5984040273282942,2.5549314638691567,94.01847332150525,99.92947131960803,0.7295303344726562,0.0,1.7805722028624684,1.6996306869506834,7.0,0.0,1.9420987245791972,0.45161755879720056,0.0,0.0,0.0,0.0,0.0,0.0,certain_cold,351.458984375,351.458984375,POINT (541484.807871398 8671981.547075609),dronbreen
dronbreen-20220329-DAT_0249_A1_1,430.0,382,96.60921478271484,541487.6626098992,8671985.310480092,447.6531982421875,2022-03-29 14:57:38.249999872+00:00,0,2022-05-03,100 MHz,20220329,0.0,96.19235229492188,98.27669525146484,1.66007627551359,1.5451290893554686,10,1.9503579549336814,0.0,2.488236334262795,2.561200771688187,94.2419943399882,100.22705320639852,0.41686248779296875,0.0,1.8637390347584495,1.8541549072265624,7.0,0.0,1.9462283321725369,0.5645116170247396,0.0,0.0,0.0,0.0,0.0,0.0,certain_cold,351.04398345947266,351.04398345947266,POINT (541487.6626098992 8671985.310480092),dronbreen
dronbreen-20220329-DAT_0249_A1_1,435.0,387,96.71343994140625,541490.9299902281,8671989.365758812,447.0867614746094,2022-03-29 14:57:39.666666752+00:00,0,2022-05-03,100 MHz,20220329,0.0,96.29657745361328,98.06825256347656,1.8096299444625517,1.931394394683838,10,1.952423055108702,0.33870697021484375,2.767121700541605,2.6835496518021897,94.31499268434598,100.04983733274386,0.20843505859375,0.0,2.0190491844728604,1.8541435958862305,7.0,0.0,1.952423055108702,0.5645033518473307,0.0,0.0,0.0,0.0,0.0,0.0,certain_cold,350.3733215332031,350.3733215332031,POINT (541490.9299902281 8671989.365758812),dronbreen
dronbreen-20220329-DAT_0249_A1_1,440.0,391,96.92186737060547,541493.8081448349,8671992.990326904,446.5930480957031,2022-03-29 14:57:41+00:00,0,2022-05-03,100 MHz,20220329,0.0,96.19235229492188,97.96403503417969,1.9374604585356041,2.2404258682250977,10,1.956552925387426,0.5645116170247396,3.027586627432841,2.8107873886131935,94.15598967603545,100.00039765306612,0.10420989990234375,0.0,2.1348464318348004,2.472195231628418,7.0,0.0,1.956552925387426,0.5645116170247396,0.0,0.0,0.0,0.0,0.0,0.0,certain_cold,349.67118072509766,349.67118072509766,POINT (541493.8081448349 8671992.990326904),dronbreen
dronbreen-20220329-DAT_0249_A1_1,445.0,396,97.23452758789062,541496.9759703521,8671996.809934225,446.0607343401228,2022-03-29 14:57:42.428571392+00:00,0,2022-05-03,100 MHz,20220329,0.0,95.9839096069336,97.755615234375,2.0257345105742584,2.0086621604919435,10,1.962748415384943,0.3387152353922527,2.828751142779282,2.8408994456183176,93.99214924163286,99.74737559967573,0.104217529296875,0.0,2.200693677887275,2.008645193481445,7.0,0.0,1.962748415384943,0.3387152353922527,0.0,0.0,0.0,0.0,0.0,0.0,certain_cold,348.82620675223217,348.82620675223217,POINT (541496.9759703521 8671996.809934225),dronbreen
dronbreen-20220329-DAT_0249_A1_1,450.0,401,97.23452758789062,541499.9593411544,8672000.48428545,445.5373764038086,2022-03-29 14:57:43.750000128+00:00,0,2022-05-03,100 MHz,20220329,0.0,95.6712646484375,97.54717254638672,2.0932677239199293,1.622379888153076,10,1.962748415384943,0.22580464680989584,2.5564595795945286,2.8783917114635336,93.69557006662151,99.5228671282027,0.104217529296875,0.0,2.2645151008949096,0.6180516357421875,7.0,0.0,1.962748415384943,0.22580464680989584,0.0,0.0,0.0,0.0,0.0,0.0,certain_cold,348.30284881591797,348.30284881591797,POINT (541499.9593411544 8672000.48428545),dronbreen
dronbreen-20220329-DAT_0249_A1_1,455.0,405,97.02609252929688,541502.8580280469,8672004.062984612,445.01690673828125,2022-03-29 14:57:45+00:00,0,2022-05-03,100 MHz,20220329,0.0,95.56705474853516,97.13031005859375,2.1454260791660134,1.5451234336853026,10,1.9586181487470884,1.1290232340494792,2.7382996441128347,3.116685992651597,93.30632952957886,99.39103527755005,0.521087646484375,0.0,2.374881373483829,0.9270774536132812,7.0,0.0,1.9586181487470884,1.1290232340494792,0.0,0.0,0.0,0.0,0.0,0.0,certain_cold,347.9908142089844,347.9908142089844,POINT (541502.8580280469 8672004.062984612),dronbreen
dronbreen-20220329-DAT_0249_A1_1,460.0,410,96.19235229492188,541506.437920986,8672008.546658263,444.3688507080078,2022-03-29 14:57:46.500000+00:00,0,2022-05-03,100 MHz,20220329,0.0,95.25440216064453,96.81765747070312,2.176671101984253,1.3906105247497558,10,1.9420987245791972,1.919331232706706,3.064209109770477,3.491915938717444,92.52391139214602,99.54814823920164,0.312652587890625,0.0,2.4512919084093756,0.7725645446777343,7.0,0.0,1.9420987245791972,1.919331232706706,0.0,0.0,0.0,0.0,0.0,0.0,certain_cold,348.17649841308594,348.17649841308594,POINT (541506.437920986 8672008.546658263),dronbreen
dronbreen-20220329-DAT_0249_A1_1,465.0,415,95.25440216064453,541509.5275860386,8672012.589858234,443.8019278390067,2022-03-29 14:57:47.857143040+00:00,0,2022-05-03,100 MHz,20220329,0.0,95.04596710205078,96.71343994140625,2.0096155632595987,1.8541549072265624,10,1.9235177286400873,1.467730204264323,3.048285226958733,3.1452674158166114,92.62643152576707,99.13297551768996,0.10422515869140625,0.0,2.282261254972427,1.6996306869506834,7.0,0.0,1.9235177286400873,1.806420644124349,0.0,0.0,0.0,0.0,0.0,0.0,certain_cold,348.54752567836215,348.54752567836215,POINT (541509.5275860386 8672012.589858234),dronbreen
dronbreen-20220329-DAT_0249_A1_1,470.0,419,94.8375244140625,541512.0705518442,8672016.071200762,443.3260803222656,2022-03-29 14:57:49+00:00,0,2022-05-03,100 MHz,20220329,0.0,94.52488708496094,96.5050048828125,1.9796996596221188,2.085918614959717,10,1.915260403912523,1.1290314992268882,3.0486047643597782,2.976935552434686,92.30161594966464,98.7282760181088,0.3126373291015625,0.0,2.2331252905046943,2.47220654296875,7.0,0.0,1.9090682835796748,1.3548196156819663,0.0,0.0,0.0,0.0,0.0,0.0,certain_cold,348.4885559082031,348.4885559082031,POINT (541512.0705518442 8672016.071200762),dronbreen
dronbreen-20220329-DAT_0249_A1_1,475.0,423,94.21221923828125,541515.068588633,8672019.947644927,442.7960205078125,2022-03-29 14:57:50.333333248+00:00,0,2022-05-03,100 MHz,20220329,0.0,93.79535675048828,96.19235229492188,1.8860455938078493,2.2404258682250977,10,1.902875955368817,1.5806242624918623,3.3374867837507485,3.1107037696670403,91.32163284497685,98.66607620043331,0.41686248779296875,0.0,2.1208714388800174,2.7812097381591796,7.0,0.0,1.8987484624214264,1.354827880859375,0.0,0.0,0.0,0.0,0.0,0.0,certain_cold,348.58380126953125,348.58380126953125,POINT (541515.068588633 8672019.947644927),dronbreen
dronbreen-20220329-DAT_0249_A1_1,480.0,428,93.37848663330078,541518.3139377951,8672023.986807795,442.23828125,2022-03-29 14:57:51.750000128+00:00,0,2022-05-03,100 MHz,20220329,0.0,92.85740661621094,95.46282958984375,1.8020493501053294,2.1631694137573243,10,1.8863660054109896,1.0161043802897136,3.044691565763167,2.799683317489533,90.71478093307957,97.60545527297512,0.5210800170898438,0.0,2.0230199318328714,1.6996306869506834,7.0,0.0,1.884302597794589,0.9032185872395834,0.0,0.0,0.0,0.0,0.0,0.0,certain_cold,348.8597946166992,348.8597946166992,POINT (541518.3139377951 8672023.986807795),dronbreen
dronbreen-20220329-DAT_0249_A1_1,485.0,429,93.27427673339844,541518.8970059799,8672024.656134577,442.13995361328125,2022-03-29 14:57:52+00:00,0,2022-05-03,100 MHz,20220329,0.0,92.64897155761719,95.25440216064453,1.7997716979332836,2.085924270629883,10,1.884302597794589,0.33869043986002606,2.8313225808640783,2.6276387991483285,90.73447227735929,97.16890144090243,0.62530517578125,0.0,2.0295277918824595,1.6996306869506834,7.0,0.0,1.882239084930051,0.33870697021484375,0.0,0.0,0.0,0.0,0.0,0.0,certain_cold,348.8656768798828,348.8656768798828,POINT (541518.8970059799 8672024.656134577),dronbreen
dronbreen-20220329-DAT_0249_A1_1,490.0,430,93.06584930419922,541527.8582350728,8672036.098492421,440.42124430338544,2022-03-29 14:57:56+00:00,0,2022-05-03,100 MHz,20220329,0.0,92.4405288696289,95.15017700195312,1.7952043041185892,2.0859129592895505,10,1.8801757690930834,0.30106735229492193,2.824311481942941,2.616956431969885,90.53640112357229,97.05430474800974,0.6253204345703125,0.0,2.0241683334688423,1.3906161804199217,7.0,0.0,1.8781121972630561,0.26343875461154515,0.0,0.0,0.0,0.0,0.0,0.0,certain_cold,347.3553949991862,347.3553949991862,POINT (541527.8582350728 8672036.098492421),dronbreen
dronbreen-20220329-DAT_0249_A1_1,505.0,431,92.85740661621094,541536.8194641658,8672047.540850267,438.70253499348956,2022-03-29 14:58:00+00:00,0,2022-05-03,100 MHz,20220329,0.0,92.23210144042969,94.9417495727539,1.7641442628301995,2.0859129592895505,10,1.8760488227643048,0.1129078335232205,2.8077286617474866,2.5776951612521892,90.35265807489131,96.82119293829228,0.62530517578125,0.0,1.978030252283009,1.081579051208496,7.0,0.0,1.8760488227643048,0.0752709706624349,0.0,0.0,0.0,0.0,0.0,0.0,certain_cold,345.8451283772786,345.8451283772786,POINT (541536.8194641658 8672047.540850267),dronbreen
dronbreen-20220329-DAT_0249_A1_1,520.0,432,92.75318145751953,541545.7806932587,8672058.98320811,436.98382568359375,2022-03-29 14:58:04+00:00,0,2022-05-03,100 MHz,20220329,0.0,92.02366638183594,94.8375244140625,1.761650256424397,2.2404258682250977,10,1.8739853436450933,0.2634332444932726,2.9326994754855216,2.5854650971268236,90.13125571221349,96.72993508368495,0.7295150756835938,0.0,1.972668414436561,1.081579051208496,7.0,0.0,1.8739853436450933,0.2634332444932726,0.0,0.0,0.0,0.0,0.0,0.0,certain_cold,344.2306442260742,344.2306442260742,POINT (541545.7806932587 8672058.98320811),dronbreen
dronbreen-20220329-DAT_0249_A1_1,525.0,433,92.54475402832031,541546.5887146301,8672060.124733267,436.81080627441406,2022-03-29 14:58:04.500000+00:00,0,2022-05-03,100 MHz,20220329,0.0,92.02366638183594,94.62909698486328,1.7564353201180767,2.0859129592895505,10,1.869858978443274,0.0,2.801322093761625,2.5654312762230087,90.15380740339266,96.49895596330656,0.521087646484375,0.0,1.974370290992601,0.9270774536132812,7.0,0.0,1.869858978443274,0.0,0.0,0.0,0.0,0.0,0.0,0.0,certain_cold,344.26605224609375,344.26605224609375,POINT (541546.5887146301 8672060.124733267),dronbreen
dronbreen-20220329-DAT_0249_A1_1,530.0,439,92.75318145751953,541548.6729174501,8672064.004051492,436.35325622558594,2022-03-29 14:58:06.500000+00:00,0,2022-05-03,100 MHz,20220329,0.0,92.02366638183594,94.00379943847656,1.604776700648218,1.622379888153076,10,1.8739853436450933,1.580632527669271,2.9397851549401284,2.9301072530994747,89.5720913257296,96.4553744945829,0.7295150756835938,0.0,1.6537680499862721,1.3905935577392576,7.0,0.0,1.8739853436450933,1.580632527669271,0.0,0.0,0.0,0.0,0.0,0.0,certain_cold,343.6000747680664,343.6000747680664,POINT (541548.6729174501 8672064.004051492),dronbreen
dronbreen-20220329-DAT_0249_A1_1,535.0,449,94.00379943847656,541548.7415835769,8672069.433944901,436.22650146484375,2022-03-29 14:58:09.333333248+00:00,0,2022-05-03,100 MHz,20220329,0.0,93.27427673339844,94.00379943847656,1.2341413048737546,1.0043395637512207,10,1.8987484624214264,2.1451358795166016,3.0357127045313734,3.119288128008166,90.40951606885119,96.86856010302381,0.729522705078125,0.0,1.1984424932122277,1.0815903625488281,7.0,0.0,1.8987484624214264,2.1451358795166016,0.0,0.0,0.0,0.0,0.0,0.0,certain_cold,342.2227020263672,342.2227020263672,POINT (541548.7415835769 8672069.433944901),dronbreen
dronbreen-20220329-DAT_0249_A1_1,540.0,455,94.73330688476562,541547.0594153842,8672074.049875297,436.1997833251953,2022-03-29 14:58:11.249999872+00:00,0,2022-05-03,100 MHz,20220329,0.0,94.1080093383789,94.8375244140625,1.1325688329802086,0.9270774536132812,10,1.9131962192439314,1.806420644124349,2.789793526741,2.864644389498643,91.4767595750824,97.46877417735901,0.6252975463867188,0.0,1.0259185979930772,0.9270661422729491,7.0,0.0,1.9131962192439314,1.806420644124349,0.0,0.0,0.0,0.0,0.0,0.0,certain_cold,341.4664764404297,341.4664764404297,POINT (541547.0594153842 8672074.049875297),dronbreen
dronbreen-20220329-DAT_0249_A1_1,545.0,463,95.6712646484375,541543.6679302681,8672077.394539354,436.31258719308033,2022-03-29 14:58:13.571428608+00:00,0,2022-05-03,100 MHz,20220329,0.0,95.15017700195312,95.87969970703125,1.0833345416329576,0.8498266548156738,10,1.9317754403068041,2.822558085123698,3.524314946043402,3.587785420668967,91.72985676904077,99.30001993994361,0.521087646484375,0.0,0.9434536375645847,0.7725645446777343,7.0,0.0,1.9317754403068041,2.70965576171875,0.0,0.0,0.0,0.0,0.0,0.0,certain_cold,340.64132254464283,340.64132254464283,POINT (541543.6679302681 8672077.394539354),dronbreen
dronbreen-20220329-DAT_0249_A1_1,550.0,476,97.3387451171875,541538.8523274007,8672078.123136977,436.65819295247394,2022-03-29 14:58:17.333333248+00:00,0,2022-05-03,100 MHz,20220329,0.0,96.81765747070312,97.755615234375,1.086615497268346,0.7725588890075683,10,1.9648136095812032,2.8225498199462895,3.5247875458613045,3.6066623414700305,93.37857619709612,101.194696507982,0.521087646484375,0.0,0.9578693275844755,0.7725645446777343,7.0,0.0,1.962748415384943,2.3709405263264975,0.0,0.0,0.0,0.0,0.0,0.0,certain_cold,339.31944783528644,339.31944783528644,POINT (541538.8523274007 8672078.123136977),dronbreen
dronbreen-20220329-DAT_0249_A1_1,555.0,484,98.27669525146484,541534.4650935328,8672075.382342307,437.49884033203125,2022-03-29 14:58:20+00:00,0,2022-05-03,100 MHz,20220329,0.0,97.85982513427734,98.58934783935547,1.028707922004333,0.6180516357421875,10,1.9834020096338805,1.6935183207194011,2.680275295352246,2.8035919502000373,95.25178222158745,101.19739075204537,0.4168701171875,0.0,0.8965104248426543,0.6180516357421875,7.0,0.0,1.9751400330418438,1.69352658589681,0.0,0.0,0.0,0.0,0.0,0.0,certain_cold,339.2221450805664,339.2221450805664,POINT (541534.4650935328 8672075.382342307),dronbreen
dronbreen-20220329-DAT_0249_A1_1,560.0,490,98.90199279785156,541530.9305009806,8672071.92350576,438.3427429199219,2022-03-29 14:58:22+00:00,0,2022-05-03,100 MHz,20220329,0.0,98.38090515136719,99.00621032714844,0.9404592430361052,0.6953080902099609,10,1.9957959995336478,1.354827880859375,2.5104210003144574,2.589058486461915,95.9686944933797,101.41842098513592,0.521087646484375,0.0,0.7910859648197173,0.15451290893554687,7.0,0.0,1.9937303634694745,1.69352658589681,0.0,0.0,0.0,0.0,0.0,0.0,certain_cold,339.4407501220703,339.4407501220703,POINT (541530.9305009806 8672071.92350576),dronbreen
dronbreen-20220329-DAT_0249_A1_1,565.0,500,99.52730560302734,541527.9817779784,8672068.110574676,438.8296712239583,2022-03-29 14:58:24.666666752+00:00,0,2022-05-03,100 MHz,20220329,0.0,99.11043548583984,100.25682067871094,0.9460275011119905,0.9270774536132812,10,2.0081916801539035,1.1290232340494792,2.4833444972981473,2.490480941529788,96.80662835691979,102.560627807631,0.4168701171875,0.0,0.6957739537328753,0.6180516357421875,7.0,0.0,2.006125512029683,1.1290067036946614,0.0,0.0,0.0,0.0,0.0,0.0,certain_cold,339.30236562093097,339.30236562093097,POINT (541527.9817779784 8672068.110574676),dronbreen
dronbreen-20220329-DAT_0249_A1_1,570.0,508,99.94416809082031,541525.8029630324,8672063.414204158,439.2697296142578,2022-03-29 14:58:27.249999872+00:00,0,2022-05-03,100 MHz,20220329,0.0,99.63151550292969,100.6736831665039,0.9989483426408434,0.7725588890075683,10,2.0164559737684478,0.9032103220621746,2.3406688823946724,2.424826049697381,97.42201701231556,102.88318165711803,0.312652587890625,0.0,0.6207340828248377,0.4635387268066406,7.0,0.0,2.0143896549268474,0.9032185872395834,0.0,0.0,0.0,0.0,0.0,0.0,certain_cold,339.3255615234375,339.3255615234375,POINT (541525.8029630324 8672063.414204158),dronbreen
dronbreen-20220329-DAT_0249_A1_1,575.0,516,100.36103820800781,541523.7608753989,8672058.737564968,439.7289326985677,2022-03-29 14:58:29.333333248+00:00,0,2022-05-03,100 MHz,20220329,0.0,100.04838562011719,100.88212585449219,1.070784112024657,0.9270717979431152,10,2.024721016850391,0.6774139404296875,2.327626894780527,2.388506532820999,97.91334818654275,103.01716328806663,0.312652587890625,0.0,0.6351484575031981,0.4635387268066406,7.0,0.0,2.0226547003977915,0.7903245290120443,0.0,0.0,0.0,0.0,0.0,0.0,certain_cold,339.3678944905599,339.3678944905599,POINT (541523.7608753989 8672058.737564968),dronbreen
dronbreen-20220329-DAT_0249_A1_1,580.0,521,100.56947326660156,541521.8849687993,8672054.523542313,440.1773376464844,2022-03-29 14:58:31+00:00,0,2022-05-03,100 MHz,20220329,0.0,100.04838562011719,100.98634338378906,1.1860185406361181,0.9270661422729491,10,2.0288537604392967,0.6774139404296875,2.3312204657831055,2.445767202059464,97.90942857802,103.12530042588625,0.521087646484375,0.0,0.7487590017269379,0.6180516357421875,7.0,0.0,2.0288537604392967,0.7903162638346355,0.0,0.0,0.0,0.0,0.0,0.0,certain_cold,339.6078643798828,339.6078643798828,POINT (541521.8849687993 8672054.523542313),dronbreen
dronbreen-20220329-DAT_0249_A1_1,585.0,528,100.98634338378906,541519.7364979148,8672049.61876285,440.70257568359375,2022-03-29 14:58:33+00:00,0,2022-05-03,100 MHz,20220329,0.0,100.15259552001953,101.19476318359375,1.321407602922894,1.0815847068786621,10,2.0371196872082464,0.7902997334798177,2.4380844462207407,2.553536438316893,97.96754854369392,103.37981015991936,0.8337478637695312,0.0,0.8259433433904948,0.3090031951904297,7.0,0.0,2.0371196872082464,0.6773974100748698,0.0,0.0,0.0,0.0,0.0,0.0,certain_cold,339.7162322998047,339.7162322998047,POINT (541519.7364979148 8672049.61876285),dronbreen
dronbreen-20220329-DAT_0249_A1_1,590.0,533,101.29898071289062,541517.2392419289,8672045.66471341,441.15464274088544,2022-03-29 14:58:34.666666752+00:00,0,2022-05-03,100 MHz,20220329,0.0,100.25682067871094,101.5074234008789,1.457754938977225,1.1588411613464356,10,2.0433192108401066,0.5645033518473307,2.4159325878148716,2.5727158595048154,98.13695808136292,103.62728599822692,1.0421600341796875,0.0,0.9349121015088291,0.3090371292114258,7.0,0.0,2.041252566027401,0.4516010284423828,0.0,0.0,0.0,0.0,0.0,0.0,uncertain_cold,339.8556620279948,339.8556620279948,POINT (541517.2392419289 8672045.66471341),dronbreen
dronbreen-20220329-DAT_0249_A1_1,595.0,540,101.5074234008789,541513.9569079495,8672041.06612509,441.52112833658856,2022-03-29 14:58:36.666666752+00:00,0,2022-05-03,100 MHz,20220329,0.0,101.0905532836914,102.02851104736328,1.493213798841123,0.695313745880127,10,2.04745275945359,0.45161755879720056,2.208955053145699,2.574045195923646,98.99388420593782,104.12518012511687,0.4168701171875,0.0,0.9683396063382037,0.6180516357421875,7.0,0.0,2.0453860428813386,0.4516092936197917,0.0,0.0,0.0,0.0,0.0,0.0,certain_cold,340.01370493570965,340.01370493570965,POINT (541513.9569079495 8672041.06612509),dronbreen
dronbreen-20220329-DAT_0249_A1_1,600.0,545,101.71585845947266,541511.4491022959,8672037.452935467,441.8922424316406,2022-03-29 14:58:38+00:00,0,2022-05-03,100 MHz,20220329,0.0,101.61163330078125,102.2369384765625,1.547387304923421,0.8498153434753417,10,2.0515862996371834,0.4516010284423828,2.26608383599445,2.6090912795813366,99.51093107682155,104.3376407005222,0.10422515869140625,0.0,1.0937481214535956,0.1545242202758789,7.0,0.0,2.0495193604406317,0.4516092936197917,0.0,0.0,0.0,0.0,0.0,0.0,certain_cold,340.17638397216797,340.17638397216797,POINT (541511.4491022959 8672037.452935467),dronbreen
dronbreen-20220329-DAT_0249_A1_1,605.0,549,101.92428588867188,541508.5755409049,8672033.2701819,442.4147644042969,2022-03-29 14:58:39.333333248+00:00,0,2022-05-03,100 MHz,20220329,0.0,101.71585845947266,102.44537353515625,1.5940641006390444,0.695313745880127,10,2.0557198305134596,0.33870697021484375,2.1963987885737555,2.623308367345435,99.63242225136875,104.52880974326015,0.20842742919921875,0.0,1.1689484521716902,0.4635387268066406,7.0,0.0,2.0536531230330795,0.33870697021484375,0.0,0.0,0.0,0.0,0.0,0.0,certain_cold,340.490478515625,340.490478515625,POINT (541508.5755409049 8672033.2701819),dronbreen
dronbreen-20220329-DAT_0249_A1_1,610.0,553,102.02851104736328,541505.7798423265,8672029.462027403,442.8910827636719,2022-03-29 14:58:40.666666752+00:00,0,2022-05-03,100 MHz,20220329,0.0,101.82007598876953,102.54959106445312,1.6236146744407485,0.9270717979431152,10,2.057786875897689,0.33870697021484375,2.282251378974361,2.6429782158292996,99.73460020653448,104.63506684668818,0.20843505859375,0.0,1.2091807638163399,0.30902581787109373,7.0,0.0,2.0557198305134596,0.3386987050374349,0.0,0.0,0.0,0.0,0.0,0.0,certain_cold,340.8625717163086,340.8625717163086,POINT (541505.7798423265 8672029.462027403),dronbreen
dronbreen-20220329-DAT_0249_A1_1,615.0,558,102.2369384765625,541502.3490281329,8672024.703809164,443.4719645182292,2022-03-29 14:58:42.333333248+00:00,0,2022-05-03,100 MHz,20220329,0.0,101.92428588867188,102.7580337524414,1.6812044902218877,1.1588411613464356,10,2.061920618167482,0.33870697021484375,2.3893831598400133,2.681918638817838,99.83473114009593,104.84758850101736,0.312652587890625,0.0,1.2590538069463895,0.4635387268066406,7.0,0.0,2.059853653839712,0.45161755879720056,0.0,0.0,0.0,0.0,0.0,0.0,certain_cold,341.2350260416667,341.2350260416667,POINT (541502.3490281329 8672024.703809164),dronbreen
dronbreen-20220329-DAT_0249_A1_1,620.0,563,102.3411636352539,541499.399791244,8672020.797884133,443.9783172607422,2022-03-29 14:58:43.750000128+00:00,0,2022-05-03,100 MHz,20220329,0.0,102.13272094726562,102.96646118164062,1.6990549993271555,1.3133597259521483,10,2.063987768783315,0.33870697021484375,2.4697533664542997,2.6947274096089657,100.04112635907238,105.05805576983387,0.20844268798828125,0.0,1.294499549879408,0.3090371292114258,7.0,0.0,2.063987768783315,0.4516092936197917,0.0,0.0,0.0,0.0,0.0,0.0,certain_cold,341.6371536254883,341.6371536254883,POINT (541499.399791244 8672020.797884133),dronbreen
dronbreen-20220329-DAT_0249_A1_1,625.0,569,102.54959106445312,541496.2418231888,8672016.823495464,444.5176595052083,2022-03-29 14:58:45.333333248+00:00,0,2022-05-03,100 MHz,20220329,0.0,102.2369384765625,103.17489624023438,1.7928853062717791,1.3133540702819824,10,2.0681217205461158,0.33870697021484375,2.473206173490798,2.7579498878899154,100.14126439344109,105.27057032335578,0.312652587890625,0.0,1.3956293743265198,0.4635387268066406,7.0,0.0,2.0681217205461158,0.225796381632487,0.0,0.0,0.0,0.0,0.0,0.0,certain_cold,341.9680684407552,341.9680684407552,POINT (541496.2418231888 8672016.823495464),dronbreen
dronbreen-20220329-DAT_0249_A1_1,630.0,573,102.65381622314453,541493.5003217902,8672013.327198654,445.0050760904948,2022-03-29 14:58:46.666666752+00:00,0,2022-05-03,100 MHz,20220329,0.0,102.3411636352539,103.3833236694336,1.778013156608239,1.3133540702819824,10,2.0701889754488727,0.33870697021484375,2.474935094031442,2.7498610129994145,100.24344944935008,105.48103785533742,0.312652587890625,0.0,1.4487209150458826,0.4635387268066406,7.0,0.0,2.0681217205461158,0.11291058858235677,0.0,0.0,0.0,0.0,0.0,0.0,certain_cold,342.3512598673503,342.3512598673503,POINT (541493.5003217902 8672013.327198654),dronbreen
dronbreen-20220329-DAT_0249_A1_1,635.0,577,102.86224365234375,541490.5730689991,8672009.63908158,445.5299987792969,2022-03-29 14:58:48+00:00,0,2022-05-03,100 MHz,20220329,0.0,102.44537353515625,103.59176635742188,1.7802161943904689,1.3906105247497558,10,2.074323134826793,0.451592763264974,2.537823895201505,2.770545468004637,100.3224622106985,105.71467768187962,0.4168701171875,0.0,1.5088751885790126,0.6180516357421875,7.0,0.0,2.0701889754488727,0.11291058858235677,0.0,0.0,0.0,0.0,0.0,0.0,certain_cold,342.6677551269531,342.6677551269531,POINT (541490.5730689991 8672009.63908158),dronbreen
dronbreen-20220329-DAT_0249_A1_1,640.0,583,103.07067108154297,541487.1951517853,8672005.44082294,446.116455078125,2022-03-29 14:58:49.500000+00:00,0,2022-05-03,100 MHz,20220329,0.0,102.65381622314453,104.00862884521484,1.7557842647334438,1.5451234336853026,10,2.078457431577526,0.33870697021484375,2.611917711543651,2.7418034376733726,100.5479416526746,106.11450341568478,0.4168548583984375,0.0,1.5775831902381352,0.6180290130615234,7.0,0.0,2.0701889754488727,0.11290232340494792,0.0,0.0,0.0,0.0,0.0,0.0,certain_cold,343.04578399658203,343.04578399658203,POINT (541487.1951517853 8672005.44082294),dronbreen
dronbreen-20220329-DAT_0249_A1_1,645.0,588,103.17489624023438,541483.9321033707,8672001.24611461,446.6798400878906,2022-03-29 14:58:51+00:00,0,2022-05-03,100 MHz,20220329,0.0,102.7580337524414,104.32128143310547,1.7579791969178136,1.6996306869506834,10,2.0805248582204565,0.2258129119873047,2.695982126965587,2.733142150289523,100.66529030020139,106.41402488534548,0.41686248779296875,0.0,1.616602158038616,0.6180403244018554,7.0,0.0,2.0722561135793893,0.225796381632487,0.0,0.0,0.0,0.0,0.0,0.0,certain_cold,343.50494384765625,343.50494384765625,POINT (541483.9321033707 8672001.24611461),dronbreen
dronbreen-20220329-DAT_0249_A1_1,650.0,592,103.27911376953125,541481.1951025783,8671997.838599132,447.12935529436385,2022-03-29 14:58:52.285714432+00:00,0,2022-05-03,100 MHz,20220329,0.0,102.86224365234375,104.52971649169922,1.7275106498362258,1.776892797088623,10,2.0825921675661587,0.33870697021484375,2.758488818252751,2.7269407022114747,100.75228807269758,106.63967207134539,0.4168701171875,0.0,1.6231506722280182,0.6180516357421875,7.0,0.0,2.074323134826793,0.33869043986002606,0.0,0.0,0.0,0.0,0.0,0.0,certain_cold,343.8502415248326,343.8502415248326,POINT (541481.1951025783 8671997.838599132),dronbreen
dronbreen-20220329-DAT_0249_A1_1,655.0,598,103.487548828125,541477.6185217369,8671993.42155975,447.7203674316406,2022-03-29 14:58:54+00:00,0,2022-05-03,100 MHz,20220329,0.0,102.96646118164062,104.94658660888672,1.6919353881215902,1.9314000503540039,10,2.086726887971069,0.45161755879720056,2.879009148804987,2.724157279228481,100.8314231200606,107.08162467046674,0.521087646484375,0.0,1.6100335467098372,0.9270774536132812,7.0,0.0,2.078457431577526,0.5645033518473307,0.0,0.0,0.0,0.0,0.0,0.0,certain_cold,344.2328186035156,344.2328186035156,POINT (541477.6185217369 8671993.42155975),dronbreen
dronbreen-20220329-DAT_0249_A1_1,660.0,602,103.69599151611328,541475.0151075156,8671989.898544537,448.177490234375,2022-03-29 14:58:55.249999872+00:00,0,2022-05-03,100 MHz,20220329,0.0,103.07067108154297,105.155029296875,1.65516107695479,1.5451347450256347,10,2.090861894675001,0.4516010284423828,2.6387664413091936,2.704663591310441,100.93159489040481,107.29410548801316,0.6253204345703125,0.0,1.6052067374058705,1.2360806488037108,7.0,0.0,2.0846593595058995,0.6774304707845054,0.0,0.0,0.0,0.0,0.0,0.0,certain_cold,344.4814987182617,344.4814987182617,POINT (541475.0151075156 8671989.898544537),dronbreen
dronbreen-20220329-DAT_0249_A1_1,665.0,608,103.90441131591797,541471.3048648557,8671985.597035736,448.7665710449219,2022-03-29 14:58:57+00:00,0,2022-05-03,100 MHz,20220329,0.0,103.27911376953125,105.05079650878906,1.622312536272978,1.62237423248291,10,2.09499658146809,0.33869043986002606,2.671295573432501,2.6712581035467213,101.15691634930485,107.17299392901546,0.6252975463867188,0.0,1.6186792174362457,1.6996306869506834,7.0,0.0,2.090861894675001,0.5645116170247396,0.0,0.0,0.0,0.0,0.0,0.0,certain_cold,344.8621597290039,344.8621597290039,POINT (541471.3048648557 8671985.597035736),dronbreen
dronbreen-20220329-DAT_0249_A1_1,670.0,612,104.00862884521484,541470.5187841486,8671989.542825857,448.4956766764323,2022-03-29 14:59:05.333333248+00:00,0,2022-05-03,100 MHz,20220329,0.0,103.3833236694336,105.36344909667969,1.6036104444842674,1.5451234336853026,10,2.09706412627384,0.11290232340494792,2.607265101530406,2.6423458028793143,101.28322250893325,107.46355025718003,0.62530517578125,0.0,1.6272872145807282,1.5451177780151366,7.0,0.0,2.09499658146809,0.22578811645507815,0.0,0.0,0.0,0.0,0.0,0.0,certain_cold,344.48704783121747,344.48704783121747,POINT (541470.5187841486 8671989.542825857),dronbreen
dronbreen-20220329-DAT_0249_A1_1,675.0,613,104.00862884521484,541471.9176859359,8671995.97520013,447.8770039876302,2022-03-29 14:59:12.666666752+00:00,0,2022-05-03,100 MHz,20220329,0.0,103.3833236694336,105.46766662597656,1.5887554725272124,1.5451234336853026,10,2.09706412627384,0.11291058858235677,2.6072654594502143,2.6333573062165043,101.28322206457761,107.56776823083254,0.62530517578125,0.0,1.6066586535005658,1.3906161804199217,7.0,0.0,2.09499658146809,0.11290232340494792,0.0,0.0,0.0,0.0,0.0,0.0,certain_cold,343.86837514241535,343.86837514241535,POINT (541471.9176859359 8671995.97520013),dronbreen
dronbreen-20220329-DAT_0249_A1_1,680.0,614,104.11285400390625,541473.3165877231,8672002.407574398,447.2583312988281,2022-03-29 14:59:20+00:00,0,2022-05-03,100 MHz,20220329,0.0,103.3833236694336,105.46766662597656,1.5567207489101331,1.6223855438232422,10,2.0991318556811716,0.2258129119873047,2.662607907965854,2.623113704901675,101.27208090301481,107.57890939239535,0.7295303344726562,0.0,1.5838018091063872,1.236091960144043,7.0,0.0,2.09706412627384,0.2258129119873047,0.0,0.0,0.0,0.0,0.0,0.0,certain_cold,343.1454772949219,343.1454772949219,POINT (541473.3165877231 8672002.407574398),dronbreen
dronbreen-20220329-DAT_0249_A1_1,685.0,616,104.21707153320312,541475.4632330878,8672004.892984752,446.9336242675781,2022-03-29 14:59:21+00:00,0,2022-05-03,100 MHz,20220329,0.0,103.487548828125,105.36344909667969,1.5137964584924692,1.6996306869506834,10,2.101199466871889,0.7903079986572266,2.8157362100077403,2.707619923487904,101.24263770909951,107.60836021570518,0.729522705078125,0.0,1.5348707716114482,1.0815903625488281,7.0,0.0,2.0991318556811716,0.11291058858235677,0.0,0.0,0.0,0.0,0.0,0.0,certain_cold,342.716552734375,342.716552734375,POINT (541475.4632330878 8672004.892984752),dronbreen
dronbreen-20220329-DAT_0249_A1_1,690.0,621,104.84236907958984,541478.7402341302,8672008.902007932,446.4032636369978,2022-03-29 14:59:22.571428608+00:00,0,2022-05-03,100 MHz,20220329,0.0,103.59176635742188,105.36344909667969,1.3871258591118083,1.7768871414184568,10,2.113605673177562,0.5645033518473307,2.8183897688704276,2.590388218964856,101.4040751141393,107.55114033996226,1.2506027221679688,0.0,1.4487200525877906,1.8541435958862305,7.0,0.0,2.0991318556811716,0.11290232340494792,0.0,0.0,0.0,0.0,0.0,0.0,uncertain_cold,341.56089455740795,341.56089455740795,POINT (541478.7402341302 8672008.902007932),dronbreen
dronbreen-20220329-DAT_0249_A1_1,695.0,626,104.73815155029297,541481.6618823536,8672012.713985948,445.92010498046875,2022-03-29 14:59:24+00:00,0,2022-05-03,100 MHz,20220329,0.0,103.69599151611328,105.57189178466797,1.3290104723516403,1.5451121223449706,10,2.1115378651752508,0.22580464680989584,2.626204745484856,2.505164411812152,101.57241437021304,107.69546893056821,1.0421600341796875,0.0,1.410920935135556,1.5451064666748047,7.0,0.0,2.101199466871889,0.11290232340494792,0.0,0.0,0.0,0.0,0.0,0.0,certain_cold,341.1819534301758,341.1819534301758,POINT (541481.6618823536 8672012.713985948),dronbreen
dronbreen-20220329-DAT_0249_A1_1,700.0,631,104.6339340209961,541484.3849127791,8672016.395784553,445.44054158528644,2022-03-29 14:59:25.333333248+00:00,0,2022-05-03,100 MHz,20220329,0.0,103.90441131591797,105.57189178466797,1.2282579939735947,1.6996306869506834,10,2.109470089734402,0.22580464680989584,2.718381185564206,2.451421933850851,101.78289021114314,107.6934128894428,0.729522705078125,0.0,1.3188384788009293,1.3905935577392576,7.0,0.0,2.101199466871889,0.0,0.0,0.0,0.0,0.0,0.0,0.0,certain_cold,340.80660756429035,340.80660756429035,POINT (541484.3849127791 8672016.395784553),dronbreen
dronbreen-20220329-DAT_0249_A1_1,705.0,636,104.52971649169922,541487.657514031,8672020.90094746,444.86175537109375,2022-03-29 14:59:27+00:00,0,2022-05-03,100 MHz,20220329,0.0,104.00862884521484,105.25923919677734,1.0557458444281562,1.236108927154541,10,2.107402346950863,0.11290232340494792,2.4457834872194617,2.359765004103494,101.8982043413379,107.36966370065429,0.521087646484375,0.0,1.1477400554977517,0.7725645446777343,7.0,0.0,2.101199466871889,0.11289405822753908,0.0,0.0,0.0,0.0,0.0,0.0,certain_cold,340.33203887939453,340.33203887939453,POINT (541487.657514031 8672020.90094746),dronbreen
dronbreen-20220329-DAT_0249_A1_1,710.0,641,104.52971649169922,541490.0303912892,8672024.749192908,444.40885271344865,2022-03-29 14:59:28.285714432+00:00,0,2022-05-03,100 MHz,20220329,0.0,104.11285400390625,105.05079650878906,0.9443028715666424,1.1588355056762694,10,2.107402346950863,0.11291058858235677,2.4076530443907393,2.312055658109689,102.00242905784728,107.16122145484803,0.41686248779296875,0.0,1.0679091616341754,0.9270774536132812,7.0,0.0,2.103266959740983,0.11289405822753908,0.0,0.0,0.0,0.0,0.0,0.0,certain_cold,339.87913622174943,339.87913622174943,POINT (541490.0303912892 8672024.749192908),dronbreen
dronbreen-20220329-DAT_0249_A1_1,715.0,646,104.42549133300781,541492.971129441,8672028.827637265,443.8951328822545,2022-03-29 14:59:29.714285568+00:00,0,2022-05-03,100 MHz,20220329,0.0,104.21707153320312,105.05079650878906,0.8495795369956756,0.6180403244018554,10,2.1053344855523637,0.11291058858235677,2.197078956172673,2.2730964534642686,102.10871148400136,107.15915655799083,0.2084197998046875,0.0,0.9967648878005764,0.9270548309326171,7.0,0.0,2.103266959740983,0.0,0.0,0.0,0.0,0.0,0.0,0.0,certain_cold,339.46964154924666,339.46964154924666,POINT (541492.971129441 8672028.827637265),dronbreen
dronbreen-20220329-DAT_0249_A1_1,720.0,651,104.42549133300781,541496.3371215921,8672033.20277912,443.3318684895833,2022-03-29 14:59:31.333333248+00:00,0,2022-05-03,100 MHz,20220329,0.0,104.32128143310547,104.94658660888672,0.7845188076660365,0.4635387268066406,10,2.1053344855523637,0.3387152353922527,2.182207473635902,2.2721423956971987,102.18887403611426,107.07899400587793,0.10420989990234375,0.0,0.9415317644053783,1.081556428527832,7.0,0.0,2.103266959740983,0.0,0.0,0.0,0.0,0.0,0.0,0.0,certain_cold,338.9063771565755,338.9063771565755,POINT (541496.3371215921 8672033.20277912),dronbreen
dronbreen-20220329-DAT_0249_A1_1,725.0,656,104.73815155029297,541499.2028880455,8672037.121631015,442.8468475341797,2022-03-29 14:59:32.750000128+00:00,0,2022-05-03,100 MHz,20220329,0.0,104.32128143310547,104.94658660888672,0.7071763853157469,0.6180572914123534,10,2.1115378651752508,0.45161755879720056,2.2460065429447824,2.272146345513652,102.1619874337893,107.10588060820288,0.5210800170898438,0.0,0.8629998632390161,1.0816129852294922,7.0,0.0,2.103266959740983,0.0,0.0,0.0,0.0,0.0,0.0,0.0,certain_cold,338.1086959838867,338.1086959838867,POINT (541499.2028880455 8672037.121631015),dronbreen
dronbreen-20220329-DAT_0249_A1_1,730.0,661,104.84236907958984,541502.3613024009,8672041.700850345,442.31946818033856,2022-03-29 14:59:34.333333248+00:00,0,2022-05-03,100 MHz,20220329,0.0,104.32128143310547,105.05079650878906,0.6983321800089097,0.6180516357421875,10,2.113605673177562,0.11290232340494792,2.2050087756655765,2.228843581311754,102.2046624602342,107.16741548166033,0.7295150756835938,0.0,0.8439105611044998,0.7725532333374023,7.0,0.0,2.103266959740983,0.0,0.0,0.0,0.0,0.0,0.0,0.0,certain_cold,337.4770991007487,337.4770991007487,POINT (541502.3613024009 8672041.700850345),dronbreen
dronbreen-20220329-DAT_0249_A1_1,735.0,665,104.84236907958984,541504.8039313117,8672045.356320854,441.9028974260603,2022-03-29 14:59:35.571428608+00:00,0,2022-05-03,100 MHz,20220329,0.0,104.32128143310547,104.94658660888672,0.6833085089630262,0.6953024345397949,10,2.113605673177562,0.11290232340494792,2.227896171682059,2.2241821855998856,102.2046624602342,107.06320558175798,0.833740234375,0.0,0.8082210742323614,0.7725645446777343,7.0,0.0,2.103266959740983,0.0,0.0,0.0,0.0,0.0,0.0,0.0,certain_cold,337.06052834647045,337.06052834647045,POINT (541504.8039313117 8672045.356320854),dronbreen
dronbreen-20220329-DAT_0249_A1_1,740.0,670,104.73815155029297,541507.553107917,8672049.428888664,441.4359130859375,2022-03-29 14:59:37+00:00,0,2022-05-03,100 MHz,20220329,0.0,104.32128143310547,104.84236907958984,0.6610487005882023,0.540789525604248,10,2.1115378651752508,0.22580464680989584,2.191354194463566,2.224087516070163,102.19770428720523,106.96594622549009,0.833740234375,0.0,0.7841913598992643,0.9270774536132812,7.0,0.0,2.103266959740983,0.11289405822753908,0.0,0.0,0.0,0.0,0.0,0.0,certain_cold,336.69776153564453,336.69776153564453,POINT (541507.553107917 8672049.428888664),dronbreen
dronbreen-20220329-DAT_0249_A1_1,745.0,675,104.6339340209961,541510.1387792105,8672053.416663324,441.00477091471356,2022-03-29 14:59:38.333333248+00:00,0,2022-05-03,100 MHz,20220329,0.0,104.42549133300781,104.84236907958984,0.711600223952085,0.5408064926147461,10,2.109470089734402,0.11290232340494792,2.1806152013981204,2.2291222202568792,102.3130020444872,106.95485836811045,1.3548202514648438,0.0,1.6330936722601324,1.236097615814209,8.0,1.0,2.1053344855523637,0.11289405822753908,0.0,0.0,0.0,0.0,0.0,0.0,uncertain_cold,336.37083689371747,336.37083689371747,POINT (541510.1387792105 8672053.416663324),dronbreen
dronbreen-20220329-DAT_0249_A1_1,750.0,680,104.6339340209961,541513.6460795796,8672058.177263627,440.7139587402344,2022-03-29 14:59:40+00:00,0,2022-05-03,100 MHz,20220329,0.0,104.42549133300781,104.84236907958984,0.7303485132417169,0.5408064926147461,10,2.109470089734402,0.11290232340494792,2.1806152013981204,2.2351778329494696,102.3130020444872,106.95485836811045,1.4590377807617188,0.0,1.940499870164085,1.0043395637512207,8.0,1.0,2.1053344855523637,0.0,0.0,0.0,0.0,0.0,0.0,0.0,uncertain_cold,336.0800247192383,336.0800247192383,POINT (541513.6460795796 8672058.177263627),dronbreen
dronbreen-20220329-DAT_0249_A1_1,755.0,684,104.52971649169922,541516.5055099106,8672061.987406174,440.2131093343099,2022-03-29 14:59:41.333333248+00:00,0,2022-05-03,100 MHz,20220329,0.0,104.21707153320312,104.84236907958984,0.7780312027018937,0.6180403244018554,10,2.107402346950863,0.11290232340494792,2.199060124041858,2.24927191307365,102.10664702932618,106.95279358346679,1.45904541015625,0.0,2.228775340773393,0.9270774536132812,8.0,1.0,2.1053344855523637,0.0,0.0,0.0,0.0,0.0,0.0,0.0,uncertain_cold,335.68339284261066,335.68339284261066,POINT (541516.5055099106 8672061.987406174),dronbreen
dronbreen-20220329-DAT_0249_A1_1,760.0,688,104.52971649169922,541519.2500440786,8672065.794008251,439.7562204996745,2022-03-29 14:59:42.666666752+00:00,0,2022-05-03,100 MHz,20220329,0.0,104.00862884521484,104.94658660888672,0.8343889997371967,0.7725588890075683,10,2.107402346950863,0.11291058858235677,2.247385300728967,2.26938283588963,101.89820389915587,107.05701155494569,1.5632553100585938,0.0,2.508643036664878,0.8498266548156738,8.0,1.0,2.1053344855523637,0.0,0.0,0.0,0.0,0.0,0.0,0.0,uncertain_cold,335.2265040079753,335.2265040079753,POINT (541519.2500440786 8672065.794008251),dronbreen
dronbreen-20220329-DAT_0249_A1_1,765.0,694,104.42549133300781,541522.1884340666,8672069.839218417,439.2951202392578,2022-03-29 14:59:44.249999872+00:00,0,2022-05-03,100 MHz,20220329,0.0,103.69599151611328,104.94658660888672,0.9564879979452051,0.9270774536132812,10,2.1053344855523637,0.0,2.3004142890040744,2.312423530901998,101.59065703056092,107.05192109443908,1.7716751098632812,0.0,2.981718191229405,0.9270774536132812,8.0,1.0,2.1053344855523637,0.11291058858235677,0.0,0.0,0.0,0.0,0.0,0.0,uncertain_cold,334.86962890625,334.86962890625,POINT (541522.1884340666 8672069.839218417),dronbreen
dronbreen-20220329-DAT_0249_A1_1,770.0,700,104.52971649169922,541525.2975437662,8672074.35494272,438.65362548828125,2022-03-29 14:59:46+00:00,0,2022-05-03,100 MHz,20220329,0.0,103.487548828125,105.05079650878906,1.0375879927294271,1.081596018218994,10,2.107402346950863,0.11291058858235677,2.371443315699366,2.351697747501643,101.37712388206603,107.16122145484803,1.6674728393554688,0.0,3.5089482389575952,1.081596018218994,8.0,1.0,2.107402346950863,0.11291058858235677,0.0,0.0,0.0,0.0,0.0,0.0,uncertain_cold,334.12390899658203,334.12390899658203,POINT (541525.2975437662 8672074.35494272),dronbreen
dronbreen-20220329-DAT_0249_A1_1,775.0,705,104.52971649169922,541528.0227853309,8672078.134385064,437.89623587472096,2022-03-29 14:59:47.571428608+00:00,0,2022-05-03,100 MHz,20220329,0.0,103.3833236694336,105.25923919677734,1.144596565285332,1.4678613235473632,10,2.107402346950863,0.0,2.5682214696361805,2.3981755459509184,101.27592132248273,107.3666415437282,1.146392822265625,0.0,4.286798386354747,1.081579051208496,7.0,1.0,2.107402346950863,0.0,0.0,0.0,0.0,0.0,0.0,0.0,uncertain_cold,333.36651938302174,333.36651938302174,POINT (541528.0227853309 8672078.134385064),dronbreen
dronbreen-20220329-DAT_0249_A1_1,780.0,711,104.52971649169922,541530.5741216637,8672081.915108653,437.15396881103516,2022-03-29 14:59:49.249999872+00:00,0,2022-05-03,100 MHz,20220329,0.0,104.00862884521484,105.36344909667969,1.1846460166172001,1.3906161804199217,10,2.107402346950863,0.22580464680989584,2.534944920841603,2.4280688983515164,101.88916372626267,107.48291421563187,0.521087646484375,0.0,4.857539222655538,1.3906161804199217,7.0,1.0,2.107402346950863,0.22580464680989584,0.0,0.0,0.0,0.0,0.0,0.0,certain_cold,332.62425231933594,332.62425231933594,POINT (541530.5741216637 8672081.915108653),dronbreen
dronbreen-20220329-DAT_0249_A1_1,785.0,719,104.73815155029297,541531.6794905342,8672087.392513063,437.03281656901044,2022-03-29 14:59:51.666666752+00:00,0,2022-05-03,100 MHz,20220329,0.0,104.11285400390625,105.98875427246094,1.2397460076958715,1.6996306869506834,10,2.1115378651752508,0.9032103220621746,2.8571183934119646,2.6098565488444696,101.81625193956238,108.28535633680481,0.104217529296875,0.0,5.730810311908949,1.236091960144043,7.0,1.0,2.1115378651752508,0.9032103220621746,0.0,0.0,0.0,0.0,0.0,0.0,certain_cold,332.29466501871747,332.29466501871747,POINT (541531.6794905342 8672087.392513063),dronbreen
dronbreen-20220329-DAT_0249_A1_1,790.0,726,105.36344909667969,541529.798189287,8672091.684402527,437.0111389160156,2022-03-29 14:59:53.750000128+00:00,0,2022-05-03,100 MHz,20220329,0.0,104.52971649169922,106.92670440673828,1.331957084627831,1.7768814857482909,10,2.1239450468925614,1.580632527669271,3.1885497587681844,2.963722562089081,101.882162573505,109.5742583249325,0.7295150756835938,0.0,6.555310136338778,1.5451290893554686,7.0,1.0,2.1239450468925614,1.580632527669271,0.0,0.0,0.0,0.0,0.0,0.0,certain_cold,331.64768981933594,331.64768981933594,POINT (541529.798189287 8672091.684402527),dronbreen
dronbreen-20220329-DAT_0249_A1_1,795.0,734,106.19719696044922,541525.9739629733,8672094.660174135,437.1764221191406,2022-03-29 14:59:56+00:00,0,2022-05-03,100 MHz,20220329,0.0,105.25923919677734,107.76044464111328,1.4400557212776692,1.8541435958862305,10,2.1404900973614844,1.580632527669271,3.243138220704546,3.0255342544438784,102.59839402194497,110.42128981594566,1.563262939453125,0.0,7.518980313137671,1.236103271484375,7.0,1.0,2.1404900973614844,1.580632527669271,0.0,0.0,0.0,0.0,0.0,0.0,uncertain_cold,330.9792251586914,330.9792251586914,POINT (541525.9739629733 8672094.660174135),dronbreen
dronbreen-20220329-DAT_0249_A1_1,800.0,741,106.82249450683594,541520.9446389643,8672094.923645278,437.48875427246094,2022-03-29 14:59:58.249999872+00:00,0,2022-05-03,100 MHz,20220329,0.0,106.09297943115234,108.38574981689453,1.4777781159221235,1.776892797088623,10,2.1528999356833096,1.467730204264323,3.153816433770428,2.995503003749676,103.48736816206883,110.99136108597804,1.771697998046875,0.0,8.373051486782906,0.7725532333374023,7.0,1.0,2.1528999356833096,1.467730204264323,0.0,0.0,0.0,0.0,0.0,0.0,uncertain_cold,330.666259765625,330.666259765625,POINT (541520.9446389643 8672094.923645278),dronbreen
dronbreen-20220329-DAT_0249_A1_1,805.0,748,107.5520248413086,541516.2975437462,8672093.151886074,437.8187611897786,2022-03-29 15:00:00.333333248+00:00,0,2022-05-03,100 MHz,20220329,0.0,106.92670440673828,109.01104736328125,1.3771737882555,1.5451234336853026,10,2.167379804968706,1.8064206441243493,3.216845844585698,3.1396334826795975,104.10523479632161,111.83251697369792,1.5632705688476562,0.0,9.23256344427569,1.08160167388916,7.0,1.0,2.167379804968706,1.8064206441243493,0.0,0.0,0.0,0.0,0.0,0.0,uncertain_cold,330.26673634847003,330.26673634847003,POINT (541516.2975437462 8672093.151886074),dronbreen
dronbreen-20220329-DAT_0249_A1_1,810.0,758,108.48995971679688,541512.0111426709,8672090.042086795,438.5165100097656,2022-03-29 15:00:03.500000+00:00,0,2022-05-03,100 MHz,20220329,0.0,107.9688720703125,109.7405776977539,1.2066035613455088,1.622379888153076,10,2.1859982945420806,1.6935183207194013,3.2060426303835596,3.0170324825239803,105.2036247312209,112.50582503684551,1.0421676635742188,0.0,9.43394306535402,1.3906048690795898,7.0,1.0,2.1859982945420806,1.6935183207194013,0.0,0.0,0.0,0.0,0.0,0.0,certain_cold,330.02655029296875,330.02655029296875,POINT (541512.0111426709 8672090.042086795),dronbreen
dronbreen-20220329-DAT_0249_A1_1,815.0,765,109.11527252197266,541508.2027440198,8672086.76095653,439.19749450683594,2022-03-29 15:00:05.500000+00:00,0,2022-05-03,100 MHz,20220329,0.0,108.90682983398438,110.3658676147461,1.0237676244734795,1.3133597259521483,10,2.1984123996688485,1.467730204264323,2.9516373085595458,2.83466914832183,106.26348932782034,113.00920812091013,0.729522705078125,0.0,8.993082359629685,0.7725532333374023,7.0,1.0,2.1984123996688485,0.9032185872395834,0.0,0.0,0.0,0.0,0.0,0.0,certain_cold,330.0822219848633,330.0822219848633,POINT (541508.2027440198 8672086.76095653),dronbreen
dronbreen-20220329-DAT_0249_A1_1,820.0,771,109.84478759765625,541504.7935150549,8672082.964883609,439.8136494954427,2022-03-29 15:00:07.333333248+00:00,0,2022-05-03,100 MHz,20220329,0.0,109.32369995117188,110.7827377319336,0.8688906497270535,1.236091960144043,10,2.2128965057023535,1.806420644124349,3.1125535854666113,2.985805996653402,106.4671169419687,113.63932074113677,0.6252975463867188,0.0,8.60634980271034,0.4635387268066406,7.0,1.0,2.2025504644401552,0.9032103220621746,0.0,0.0,0.0,0.0,0.0,0.0,certain_cold,329.96886189778644,329.96886189778644,POINT (541504.7935150549 8672082.964883609),dronbreen
dronbreen-20220329-DAT_0249_A1_1,825.0,777,110.7827377319336,541501.7900551178,8672079.5047901,440.2438310895647,2022-03-29 15:00:09.142856960+00:00,0,2022-05-03,100 MHz,20220329,0.0,109.94900512695312,111.19961547851562,0.8319971725700125,0.8498209991455078,10,2.2315210041030205,1.3548196156819663,2.7454358330469595,2.7399710724666564,107.33840707616292,113.81021352930583,1.2505950927734375,0.0,8.243006281137365,0.4635387268066406,7.0,1.0,2.2149657991406335,1.806428909301758,0.0,0.0,0.0,0.0,0.0,0.0,uncertain_cold,329.4610933576311,329.4610933576311,POINT (541501.7900551178 8672079.5047901),dronbreen
dronbreen-20220329-DAT_0249_A1_1,830.0,784,111.09539031982422,541498.5111113258,8672075.38930304,440.721435546875,2022-03-29 15:00:11+00:00,0,2022-05-03,100 MHz,20220329,0.0,110.88694763183594,111.30382537841797,0.8132911768860029,0.6180572914123534,10,2.2377297200791784,0.5645116170247396,2.3891635526580215,2.4469471192247174,108.57911148819802,113.61166152205588,1.3548126220703125,0.0,7.815516285248446,0.7725532333374023,7.0,1.0,2.2356601206280615,1.6935348510742188,0.0,0.0,0.0,0.0,0.0,0.0,uncertain_cold,329.6260452270508,329.6260452270508,POINT (541498.5111113258 8672075.38930304),dronbreen
dronbreen-20220329-DAT_0249_A1_1,835.0,789,111.30382537841797,541494.9917214013,8672071.434780069,441.12884521484375,2022-03-29 15:00:12.666666752+00:00,0,2022-05-03,100 MHz,20220329,0.0,110.99117279052734,111.61648559570312,0.7801997770482813,0.6953080902099609,10,2.2418690009783675,0.33870697021484375,2.3715295422008316,2.397792885410675,108.72386182173196,113.88379656449851,1.3548202514648438,0.0,7.472547366148886,0.46352741546630855,7.0,1.0,2.2460085422200913,0.6774222056070964,0.0,0.0,0.0,0.0,0.0,0.0,uncertain_cold,329.8250198364258,329.8250198364258,POINT (541494.9917214013 8672071.434780069),dronbreen
dronbreen-20220329-DAT_0249_A1_1,840.0,793,111.40804290771484,541492.3779875865,8672067.94242148,441.3688659667969,2022-03-29 15:00:14+00:00,0,2022-05-03,100 MHz,20220329,0.0,111.09539031982422,111.82490539550781,0.7891948611136871,0.6953080902099609,10,2.2439386822751852,0.3387152353922527,2.373487341615528,2.402668797255663,108.82603163938217,114.09426407594987,1.3548202514648438,0.0,7.181372174538059,0.46355003814697265,7.0,1.0,2.248078277706166,0.225796381632487,0.0,0.0,0.0,0.0,0.0,0.0,uncertain_cold,329.96082305908203,329.96082305908203,POINT (541492.3779875865 8672067.94242148),dronbreen
dronbreen-20220329-DAT_0249_A1_1,845.0,799,111.61648559570312,541489.1738519858,8672064.121703135,441.87770589192706,2022-03-29 15:00:15.666666752+00:00,0,2022-05-03,100 MHz,20220329,0.0,111.30382537841797,111.92913055419922,0.753445417971837,0.6180516357421875,10,2.248078277706166,0.33870697021484375,2.3559639595736677,2.3950487160450824,109.03037461924889,114.2025813133683,1.354827880859375,0.0,6.72983543192885,0.6180516357421875,7.0,1.0,2.250147888652815,0.3386987050374349,0.0,0.0,0.0,0.0,0.0,0.0,uncertain_cold,330.26122029622394,330.26122029622394,POINT (541489.1738519858 8672064.121703135),dronbreen
dronbreen-20220329-DAT_0249_A1_1,850.0,804,111.72069549560547,541485.9810345867,8672060.347863084,442.3780212402344,2022-03-29 15:00:17.249999872+00:00,0,2022-05-03,100 MHz,20220329,0.0,111.51226806640625,112.13756561279297,0.7244575134675372,0.540789525604248,10,2.250147888652815,0.3386987050374349,2.3388748672398068,2.3880370647086537,109.23677200321414,114.41306167598508,1.354827880859375,0.0,6.351746199151122,0.46352741546630855,7.0,1.0,2.2542874942312903,0.33870697021484375,0.0,0.0,0.0,0.0,0.0,0.0,uncertain_cold,330.6573257446289,330.6573257446289,POINT (541485.9810345867 8672060.347863084),dronbreen
dronbreen-20220329-DAT_0249_A1_1,855.0,809,111.92913055419922,541483.2563276169,8672056.309325239,442.85727945963544,2022-03-29 15:00:18.666666752+00:00,0,2022-05-03,100 MHz,20220329,0.0,111.61648559570312,112.24177551269531,0.6944338872805769,0.540783869934082,10,2.2542874942312903,0.33870697021484375,2.342857595395117,2.3830176126338896,109.33689472927124,114.5213663791272,1.3548202514648438,0.0,5.963920592685415,0.46356134948730465,7.0,1.0,2.2563573371961985,0.22580464680989584,0.0,0.0,0.0,0.0,0.0,0.0,uncertain_cold,330.9281489054362,330.9281489054362,POINT (541483.2563276169 8672056.309325239),dronbreen
dronbreen-20220329-DAT_0249_A1_1,860.0,814,112.0333480834961,541480.5997284047,8672052.133321319,443.33477783203125,2022-03-29 15:00:20+00:00,0,2022-05-03,100 MHz,20220329,0.0,111.72069549560547,112.34600067138672,0.6775426628539101,0.4635443824768066,10,2.2563573371961985,0.22580464680989584,2.314521455110292,2.366685494869825,109.45306762233348,114.61362854465871,1.3548202514648438,0.0,5.620871621885688,0.4635387268066406,7.0,1.0,2.258427206846698,0.33870697021484375,0.0,0.0,0.0,0.0,0.0,0.0,uncertain_cold,331.30142974853516,331.30142974853516,POINT (541480.5997284047 8672052.133321319),dronbreen
dronbreen-20220329-DAT_0249_A1_1,865.0,819,112.13756561279297,541477.2875886596,8672047.25476692,443.8860371907552,2022-03-29 15:00:21.666666752+00:00,0,2022-05-03,100 MHz,20220329,0.0,111.82490539550781,112.45021057128906,0.6451583848417477,0.54080083694458,10,2.258427206846698,0.225796381632487,2.333225878440332,2.3595988633908336,109.555218753131,114.71989721366587,1.2506179809570312,0.0,5.238569499941042,0.4635387268066406,7.0,1.0,2.2625670259115176,0.3386987050374349,0.0,0.0,0.0,0.0,0.0,0.0,uncertain_cold,331.7484715779622,331.7484715779622,POINT (541477.2875886596 8672047.25476692),dronbreen
dronbreen-20220329-DAT_0249_A1_1,870.0,823,112.24177551269531,541474.6922589686,8672043.57691676,444.3038635253906,2022-03-29 15:00:23+00:00,0,2022-05-03,100 MHz,20220329,0.0,111.82490539550781,112.45021057128906,0.6642348995131918,0.6180459800720215,10,2.2604969515787707,0.11289405822753908,2.3461825099431595,2.358770768474821,109.56159111408775,114.71352485270913,1.2506027221679688,0.0,4.928935912594352,0.6180516357421875,7.0,1.0,2.2646368236454384,0.22581291198730474,0.0,0.0,0.0,0.0,0.0,0.0,uncertain_cold,332.0620880126953,332.0620880126953,POINT (541474.6922589686 8672043.57691676),dronbreen
dronbreen-20220329-DAT_0249_A1_1,875.0,827,112.24177551269531,541472.0369060875,8672039.77316081,444.7252197265625,2022-03-29 15:00:24.333333248+00:00,0,2022-05-03,100 MHz,20220329,0.0,111.92913055419922,112.554443359375,0.6507433303709955,0.5407951812744141,10,2.2604969515787707,0.11291058858235677,2.327027008266246,2.3550078877008596,109.66581544818527,114.81775846538895,1.1463851928710938,0.0,4.617300658803464,0.6180177017211914,7.0,1.0,2.2667071023790224,0.22581291198730474,0.0,0.0,0.0,0.0,0.0,0.0,uncertain_cold,332.4834442138672,332.4834442138672,POINT (541472.0369060875 8672039.77316081),dronbreen
dronbreen-20220329-DAT_0249_A1_1,880.0,833,112.34600067138672,541468.472621467,8672035.197012996,445.2474060058594,2022-03-29 15:00:26+00:00,0,2022-05-03,100 MHz,20220329,0.0,112.0333480834961,112.76286315917969,0.6391419231618309,0.6180459800720215,10,2.2625670259115176,0.33872350056966144,2.3697940817850482,2.375383243715266,109.74556680973318,115.0506444329426,1.04217529296875,0.0,4.17512893585831,0.46355003814697265,7.0,1.0,2.268776952826706,0.22578811645507815,0.0,0.0,0.0,0.0,0.0,0.0,certain_cold,332.90140533447266,332.90140533447266,POINT (541468.472621467 8672035.197012996),dronbreen
dronbreen-20220329-DAT_0249_A1_1,885.0,838,112.554443359375,541465.4598132217,8672031.38225264,445.68250528971356,2022-03-29 15:00:27.333333248+00:00,0,2022-05-03,100 MHz,20220329,0.0,112.24177551269531,112.86708068847656,0.6325917437397215,0.54080083694458,10,2.2667071023790224,0.33870697021484375,2.3548140149250814,2.3775735138782323,109.94990215239645,115.15895404877543,1.04217529296875,0.0,3.7981904757681777,0.4635387268066406,7.0,1.0,2.27084682952029,0.225796381632487,0.0,0.0,0.0,0.0,0.0,0.0,certain_cold,333.12806193033856,333.12806193033856,POINT (541465.4598132217 8672031.38225264),dronbreen
dronbreen-20220329-DAT_0249_A1_1,890.0,842,112.65865325927734,541462.5069938883,8672027.693411322,446.11268107096356,2022-03-29 15:00:28.666666752+00:00,0,2022-05-03,100 MHz,20220329,0.0,112.34600067138672,112.9712905883789,0.6495335292180487,0.6180459800720215,10,2.268776952826706,0.33869043986002606,2.3757190299388093,2.3841044191286302,110.05208260926457,115.26520865050105,1.0421676635742188,0.0,3.5346096748216356,0.46356134948730465,7.0,1.0,2.2729168839303453,0.3387152353922527,0.0,0.0,0.0,0.0,0.0,0.0,certain_cold,333.4540278116862,333.4540278116862,POINT (541462.5069938883 8672027.693411322),dronbreen
dronbreen-20220329-DAT_0249_A1_1,895.0,847,112.86708068847656,541459.3494151176,8672023.70361617,446.5780487060547,2022-03-29 15:00:30.249999872+00:00,0,2022-05-03,100 MHz,20220329,0.0,112.45021057128906,113.17973327636719,0.6573876974713487,0.6180403244018554,10,2.2729168839303453,0.33869043986002606,2.3796714516703688,2.3901926617105347,110.15219786999513,115.47774597766112,1.04217529296875,0.0,3.172412037553392,0.30902581787109373,7.0,1.0,2.2770572225450505,0.45161755879720056,0.0,0.0,0.0,0.0,0.0,0.0,certain_cold,333.7109680175781,333.7109680175781,POINT (541459.3494151176 8672023.70361617),dronbreen
dronbreen-20220329-DAT_0249_A1_1,900.0,853,112.9712905883789,541456.0044617066,8672019.366882104,447.0794982910156,2022-03-29 15:00:32+00:00,0,2022-05-03,100 MHz,20220329,0.0,112.554443359375,113.2839584350586,0.738644623858663,0.6953024345397949,10,2.274986812902787,0.45161755879720056,2.421356829088288,2.434156794179625,110.23506339518295,115.60333839925065,0.7295150756835938,0.0,2.7892170376852876,0.46352741546630855,7.0,1.0,2.2811975134754188,0.22580464680989584,0.0,0.0,0.0,0.0,0.0,0.0,certain_cold,334.1082077026367,334.1082077026367,POINT (541456.0044617066 8672019.366882104),dronbreen
dronbreen-20220329-DAT_0249_A1_1,905.0,860,113.2839584350586,541453.208589631,8672015.55883532,447.52197265625,2022-03-29 15:00:34+00:00,0,2022-05-03,100 MHz,20220329,0.0,112.9712905883789,113.38816833496094,0.8173633681369297,0.6180572914123534,10,2.2811975134754188,0.9032268524169921,2.530153287427763,2.5860710968543934,110.51778679942451,115.84167212391533,0.0,0.0,2.3526770237385852,0.6180516357421875,7.0,1.0,2.2811975134754188,1.0161043802897136,0.0,0.0,0.0,0.0,0.0,0.0,certain_cold,334.2380142211914,334.2380142211914,POINT (541453.208589631 8672015.55883532),dronbreen
dronbreen-20220329-DAT_0249_A1_1,910.0,870,113.80503845214844,541448.2799299232,8672015.034786543,447.8348083496094,2022-03-29 15:00:37+00:00,0,2022-05-03,100 MHz,20220329,0.0,113.2839584350586,114.2219009399414,1.1310724061123263,1.0815847068786621,10,2.2915485399262208,1.919331232706706,3.178813075636131,3.195989968624771,110.29480686786073,117.21105250713927,0.104217529296875,0.0,1.1120814613109187,1.0043339080810547,6.0,0.0,2.299829789730865,1.919331232706706,0.0,0.0,0.0,0.0,0.0,0.0,certain_cold,334.02976989746094,334.02976989746094,POINT (541448.2799299232 8672015.034786543),dronbreen
dronbreen-20220329-DAT_0249_A1_1,915.0,881,115.05564880371094,541445.0960100259,8672018.844680762,447.7053527832031,2022-03-29 15:00:40+00:00,0,2022-05-03,100 MHz,20220329,0.0,114.84720611572266,116.51468658447266,1.7837361026405756,2.008645193481445,9,2.316393949365511,2.822541554768881,4.16738254427769,4.063758880755313,111.19584722387783,120.16604547631748,0.0,0.0,1.0795366460702556,1.5451177780151366,5.0,0.0,2.316393949365511,2.3709405263264975,0.0,0.0,0.0,0.0,0.0,0.0,certain_cold,332.6497039794922,332.6497039794922,POINT (541445.0960100259 8672018.844680762),dronbreen
dronbreen-20220329-DAT_0249_A1_1,920.0,887,116.41046142578125,541446.6435367417,8672023.358627308,447.297119140625,2022-03-29 15:00:42+00:00,0,2022-05-03,100 MHz,20220329,0.0,115.26407623291016,117.7652816772461,1.6374381598448642,1.6996419982910156,9,2.3433135111942067,2.5967286427815752,3.8888174010028087,3.8620359375986775,111.7663458465042,121.26301206365206,0.0,0.0,1.1335235968244923,0.7725645446777343,5.0,0.0,2.3433135111942067,2.5967286427815752,0.0,0.0,0.0,0.0,0.0,0.0,certain_cold,330.88665771484375,330.88665771484375,POINT (541446.6435367417 8672023.358627308),dronbreen
dronbreen-20220329-DAT_0249_A1_1,925.0,893,117.45262908935547,541448.8722221747,8672027.84703907,446.85829162597656,2022-03-29 15:00:43.750000128+00:00,0,2022-05-03,100 MHz,20220329,0.0,115.68094635009766,118.70323944091797,1.6397362745523234,2.317693634033203,8,2.3640236953128633,1.4677219390869143,3.6213974517740763,3.2297911345101666,112.89835480219169,121.48583098882393,2.0843429565429688,0.0,1.4069331133814524,0.9270774536132812,4.0,0.0,2.3640236953128633,1.4677219390869143,0.0,0.0,0.0,0.0,0.0,0.0,uncertain_cold,329.4056625366211,329.4056625366211,POINT (541448.8722221747 8672027.84703907),dronbreen
dronbreen-20220329-DAT_0249_A1_1,930.0,898,117.7652816772461,541451.3057330325,8672031.907545583,446.46302286783856,2022-03-29 15:00:45.333333248+00:00,0,2022-05-03,100 MHz,20220329,0.0,116.61890411376953,119.12010955810547,1.547963164569265,1.5451290893554686,7,2.3702372512911962,1.0161209106445312,3.0063183855390263,3.0077759709328107,114.0400426726569,121.6989709992181,0.0,0.0,0.7093940570119349,0.4635387268066406,3.0,0.0,2.3702372512911962,0.7903162638346355,0.0,0.0,0.0,0.0,0.0,0.0,certain_cold,328.69774119059247,328.69774119059247,POINT (541451.3057330325 8672031.907545583),dronbreen
dronbreen-20220329-DAT_0249_A1_1,935.0,904,118.39058685302734,541454.3653926726,8672036.483603641,446.0191192626953,2022-03-29 15:00:47.249999872+00:00,0,2022-05-03,100 MHz,20220329,0.20843505859375,116.72311401367188,119.74541473388672,1.400436158630391,1.236097615814209,8,2.3826649831987887,0.4516092936197917,2.721944285261369,2.8004044012686626,114.29802775206272,122.17050099549587,3.2307281494140625,0.0,2.1375092818795247,1.1588468170166015,4.0,1.0,2.3785223146115357,4.290263493855794,5.0405014823057295,5.35095086670938,8.136207661940517,0.0,0.0017605712086933552,0.018054723257120733,uncertain_cold,327.62853240966797,327.8369674682617,POINT (541454.3653926726 8672036.483603641),dronbreen
dronbreen-20220329-DAT_0249_A1_1,940.0,910,118.1821517944336,541457.2660727197,8672040.62054927,445.6172790527344,2022-03-29 15:00:49+00:00,0,2022-05-03,100 MHz,20220329,4.377113342285156,116.93154907226562,119.64118957519531,1.489225023297152,2.3176710113525387,9,2.3785223146115357,0.4516010284423828,3.3515534915706082,2.8423763051379454,114.51053443166651,122.06220421579442,4.377113342285156,0.0,3.2500021569808726,2.626685517883301,5.0,2.0,2.2915485399262208,6.77410634358724,7.618345507715225,7.855076414997324,11.528316839953703,0.0,0.03703700834537791,0.027499940622454873,uncertain_temperate,327.4351272583008,331.81224060058594,POINT (541457.2660727197 8672040.62054927),dronbreen
dronbreen-20220329-DAT_0249_A1_1,945.0,916,117.97372436523438,541460.1653008214,8672044.803980036,445.2019958496094,2022-03-29 15:00:50.750000128+00:00,0,2022-05-03,100 MHz,20220329,6.044593811035156,116.82732391357422,119.32853698730469,1.6766940661164382,2.2404315238952637,8,2.3743798887797456,0.7903079986572266,3.358839085494713,3.0122366408257806,114.32487179835137,121.83098910252754,7.503639221191406,0.0,5.169961799890503,6.412263098144531,4.0,2.0,2.2542874942312903,3.838662465413412,7.806039948004844,6.822437001713421,11.955284044177773,0.0,0.05123678042342482,0.043822993871795037,uncertain_temperate,327.228271484375,333.27286529541016,POINT (541460.1653008214 8672044.803980036),dronbreen
dronbreen-20220329-DAT_0249_A1_1,950.0,922,118.91166687011719,541463.0721512177,8672048.739527123,444.7630208333333,2022-03-29 15:00:52.666666752+00:00,0,2022-05-03,100 MHz,20220329,8.650009155273438,117.13998413085938,119.12010955810547,1.462381641892275,1.62237423248291,10,2.393021898590126,0.6774139404296875,2.969434559650183,2.885134922384725,114.6529289537834,121.60716473518144,9.275314331054688,5.002418518066406,5.445445833784787,5.562447754669189,6.0,4.0,2.221173848398667,4.177361170450847,7.302382120693555,7.213656489041096,14.006483278915312,0.2712495702057822,0.07274314945665948,0.045794041721176494,certain_temperate,325.8513539632161,334.50136311848956,POINT (541463.0721512177 8672048.739527123),dronbreen
dronbreen-20220329-DAT_0249_A1_1,955.0,930,118.59902954101562,541466.0843165766,8672052.988484787,444.2605285644531,2022-03-29 15:00:55+00:00,0,2022-05-03,100 MHz,20220329,10.525924682617188,117.13998413085938,118.70323944091797,1.4113188576803903,1.6996363426208496,10,2.3868078940769992,0.6774139404296875,3.007408397121072,2.854393541185419,114.65890743516519,121.18431613661215,10.630157470703125,3.647613525390625,6.4111160982393995,7.880113110351562,7.0,5.0,2.177723214160549,4.51606814066569,9.339889318432204,8.138781203210577,15.643873642229934,0.0,0.08875219909769128,0.054057070475624885,certain_temperate,325.6614990234375,336.1874237060547,POINT (541466.0843165766 8672052.988484787),dronbreen
dronbreen-20220329-DAT_0249_A1_1,960.0,937,118.28636169433594,541469.0493951181,8672056.987872923,443.7774091448103,2022-03-29 15:00:57.142856960+00:00,0,2022-05-03,100 MHz,20220329,12.193382263183594,117.24420166015625,118.49480438232422,1.3625922771924253,1.4678669792175292,10,2.380593485909198,1.3548361460367837,3.1076421602942492,3.059324115164255,114.5050765575439,121.23392948493657,12.401817321777344,6.565666198730469,6.710677897883469,4.635375956726074,9.0,7.0,2.138421874614915,4.177369435628256,6.596209045788867,8.188800972345977,17.094712325456058,1.8727711950517545,0.1030835853645794,0.056732473649198444,certain_temperate,325.49104745047435,337.68442971365795,POINT (541469.0493951181 8672056.987872923),dronbreen
dronbreen-20220329-DAT_0249_A1_1,965.0,944,117.3484115600586,541472.1841783219,8672060.899451215,443.2893371582031,2022-03-29 15:00:59.249999872+00:00,0,2022-05-03,100 MHz,20220329,13.131340026855469,117.13998413085938,118.70323944091797,1.3608241535708907,1.236103271484375,9,2.361952556311739,0.9032103220621746,2.814704258340757,2.8716634797777307,114.61122776375969,121.23199580801766,13.652420043945312,10.525917053222656,6.5346778233108616,2.6267194519042967,9.0,8.0,2.101199466871889,4.177377700805664,5.363317884834307,8.035392828558036,18.328478603755173,5.849858493412796,0.11190044971452286,0.055686120812691454,certain_temperate,325.94092559814453,339.072265625,POINT (541472.1841783219 8672060.899451215),dronbreen
dronbreen-20220329-DAT_0249_A1_1,970.0,951,117.45262908935547,541475.2750893803,8672064.871716576,442.7975260416667,2022-03-29 15:01:01.333333248+00:00,0,2022-05-03,100 MHz,20220329,15.215690612792969,116.93154907226562,117.86949920654297,1.2144255118311755,0.4635443824768066,10,2.3640236953128633,0.3386987050374349,2.4327347244039013,2.6792077501718925,114.54338558439576,120.25766269441283,15.736770629882812,12.297599792480469,7.3893145707326235,2.9357452697753903,11.0,10.0,2.061920618167482,4.628978729248048,5.856411956177913,8.959962641478842,20.804211868955548,7.230158553407733,0.12954746718540625,0.06291314743675078,certain_temperate,325.3448969523112,340.5605875651042,POINT (541475.2750893803 8672064.871716576),dronbreen
dronbreen-20220329-DAT_0249_A1_1,975.0,958,117.0357666015625,541478.0210839503,8672068.456735032,442.36376517159596,2022-03-29 15:01:03.428571392+00:00,0,2022-05-03,100 MHz,20220329,17.091598510742188,116.72311401367188,117.3484115600586,1.1620177975547397,0.540789525604248,10,2.3557394307533603,0.6774139404296875,2.510149641614601,2.712689306597534,114.27191065362713,119.79961492010334,20.53076171875,15.215690612792969,7.927960186405779,3.24474846496582,11.0,10.0,2.0164559737684478,3.9515565236409507,5.496297504190786,9.08479203784605,24.967077042718287,10.779375288824681,0.1460373952941152,0.06773963563972533,certain_temperate,325.32799857003346,342.41959708077565,POINT (541478.0210839503 8672068.456735032),dronbreen
dronbreen-20220329-DAT_0249_A1_1,980.0,961,116.82732391357422,541485.2604181083,8672073.771003403,441.64324951171875,2022-03-29 15:02:41.500000+00:00,0,2022-05-03,100 MHz,20220329,18.23797607421875,116.30624389648438,117.13998413085938,1.1682328179103256,0.6953080902099609,10,2.3515972114975128,0.2822599411010743,2.4684273251981073,2.6409180290792746,113.93776756781371,119.50846045953004,21.051841735839844,16.362060546875,8.191801868163823,4.017313009643554,11.0,10.0,1.9895989050448761,1.69352658589681,4.792216597520027,8.598380891036834,23.66460580863614,13.749296474078704,0.1561105353034597,0.07011888652199123,certain_temperate,324.81592559814453,343.0539016723633,POINT (541485.2604181083 8672073.771003403),dronbreen
dronbreen-20220329-DAT_0249_A1_1,990.0,962,116.72311401367188,541491.7945388639,8672078.159639467,441.0343322753906,2022-03-29 15:04:19+00:00,0,2022-05-03,100 MHz,20220329,18.550636291503906,116.20203399658203,117.0357666015625,1.1700384323776445,0.6953024345397949,10,2.3495263646146767,0.28224341074625653,2.4664510853463333,2.639872234440499,113.83561571552326,119.40218488262127,21.15605926513672,16.778945922851562,8.29770331709407,4.171814607238769,11.0,10.0,1.9813364562445788,1.806428909301758,4.959124587502892,8.720135314071618,23.837267865228284,14.097737322759997,0.15892855882281426,0.07108877609384336,certain_temperate,324.31121826171875,342.86185455322266,POINT (541491.7945388639 8672078.159639467),dronbreen
dronbreen-20220329-DAT_0249_A1_1,995.0,965,116.51468658447266,541493.716994608,8672080.452074157,440.75335693359375,2022-03-29 15:04:20+00:00,0,2022-05-03,100 MHz,20220329,19.801246643066406,115.88937377929688,116.72311401367188,1.1678202697565319,0.7725532333374023,10,2.3453845902007537,0.6774139404296875,2.5605774780271164,2.7062007880225467,113.44812030564043,119.16436748732832,21.885589599609375,17.925338745117188,8.680408536985816,4.171825918579101,11.0,10.0,1.952423055108702,5.080579757690431,6.8577239631893985,10.245669271909472,27.32840564099584,12.482522703730723,0.16994635803882616,0.07450055260366302,certain_temperate,324.2386703491211,344.0399169921875,POINT (541493.716994608 8672080.452074157),dronbreen
dronbreen-20220329-DAT_0249_A1_1,1000.0,972,116.09780883789062,541497.2923532964,8672084.14468757,440.2667999267578,2022-03-29 15:04:21.750000128+00:00,0,2022-05-03,100 MHz,20220329,22.615097045898438,115.68094635009766,116.20203399658203,1.1667344210278552,0.6180516357421875,10,2.3371008721883952,1.0161209106445312,2.6223138668505,2.802822042343044,113.13250718232598,118.7504731643537,27.825958251953125,20.11389923095703,9.68064641442548,6.48949692993164,11.0,10.0,1.8884297608314347,5.9837983449300145,9.026936357257275,11.536330638270991,34.100670165211056,13.8391873176991,0.1947934872524277,0.08338354109630729,certain_temperate,324.1689910888672,346.7840881347656,POINT (541497.2923532964 8672084.14468757),dronbreen
dronbreen-20220329-DAT_0249_A1_1,1005.0,977,115.57672882080078,541500.5488876933,8672087.610364662,439.77943929036456,2022-03-29 15:04:23.333333248+00:00,0,2022-05-03,100 MHz,20220329,24.386795043945312,115.4725112915039,115.99359893798828,0.9400413941027534,0.46352741546630855,9,2.3267471065775003,0.6774056752522787,2.467283569377391,2.599289974100122,113.04916019295653,118.41695003653565,30.952468872070312,22.40666961669922,6.656897889361144,5.407917878723144,10.0,10.0,1.8430414018385246,5.419294993082683,7.874714954457423,8.77951304687924,36.67658975050588,16.682548738263648,0.21100091076082028,0.05759721664802021,certain_temperate,324.2027104695638,348.5895055135091,POINT (541500.5488876933 8672087.610364662),dronbreen
dronbreen-20220329-DAT_0249_A1_1,1010.0,983,115.4725112915039,541504.5234355333,8672091.718517879,439.0877151489258,2022-03-29 15:04:25.249999872+00:00,0,2022-05-03,100 MHz,20220329,26.992225646972656,115.15985870361328,115.68094635009766,1.0121530273715222,0.4635330711364746,10,2.3246763958853713,0.33870697021484375,2.394515747556472,2.557986807643084,112.81063696923853,118.03016808447241,32.82837677001953,24.386795043945312,7.467968241943436,5.871462261199951,10.0,10.0,1.7894313004681506,4.854783376057943,7.825921996304265,9.085237237971247,38.00244538258582,19.212726431379025,0.2337545563448628,0.06467312573718058,certain_temperate,323.6152038574219,350.60742950439453,POINT (541504.5234355333 8672091.718517879),dronbreen
dronbreen-20220329-DAT_0249_A1_1,1015.0,989,115.26407623291016,541508.2040410752,8672095.414407732,438.4377136230469,2022-03-29 15:04:27+00:00,0,2022-05-03,100 MHz,20220329,28.55548095703125,114.951416015625,115.4725112915039,0.9974411196303159,0.38628792800903317,10,2.320535047770331,0.4516010284423828,2.3954216247137334,2.565875130233357,112.58734613577359,117.83658117135532,34.0789794921875,26.26270294189453,8.395245731875844,5.330678391265869,10.0,10.0,1.7543979588127854,3.838662465413412,6.799218619250974,9.396456386310737,38.299553116857524,22.042129317224507,0.24773964178856708,0.07283488495506492,certain_temperate,323.1736373901367,351.72911834716797,POINT (541508.2040410752 8672095.414407732),dronbreen
dronbreen-20220329-DAT_0249_A1_1,1020.0,995,115.05564880371094,541511.7003288594,8672098.872005126,437.9080810546875,2022-03-29 15:04:28.666666752+00:00,0,2022-05-03,100 MHz,20220329,30.118743896484375,114.74299621582031,115.26407623291016,1.0070690495131176,0.4635387268066406,10,2.316393949365511,0.5645033518473307,2.4288295770089636,2.588152436274045,112.35880977954818,117.64826266918229,35.32958984375,27.409095764160156,9.372257389372267,4.867145320129394,10.0,10.0,1.7193810299313237,3.612849553426107,6.300639379383364,10.190591817672907,39.33070881496029,23.407976792949867,0.26177544700884725,0.08145847237245755,certain_temperate,322.85243225097656,352.97117614746094,POINT (541511.7003288594 8672098.872005126),dronbreen
dronbreen-20220329-DAT_0249_A1_1,1025.0,1000,114.74299621582031,541515.0616112598,8672102.046299577,437.52239990234375,2022-03-29 15:04:30.249999872+00:00,0,2022-05-03,100 MHz,20220329,31.369338989257812,114.53456115722656,115.15985870361328,0.9998549116920213,0.4635387268066406,10,2.3101822595270494,0.45161755879720056,2.3991183053148855,2.5574616978719558,112.18064941469086,117.51377044614898,36.267547607421875,28.97235107421875,9.15016251463565,4.944396118927002,10.0,10.0,1.6884983528961273,3.612849553426107,6.3522249302338585,9.981441911250476,40.255493016203715,24.98440566543691,0.2733878321449369,0.07974484558016152,certain_temperate,322.77940368652344,354.14874267578125,POINT (541515.0616112598 8672102.046299577),dronbreen
dronbreen-20220329-DAT_0249_A1_1,1030.0,1006,114.6387710571289,541518.7751821793,8672105.603667207,437.0608215332031,2022-03-29 15:04:32+00:00,0,2022-05-03,100 MHz,20220329,33.03680419921875,114.11769104003906,115.05564880371094,1.027537077794771,0.6180516357421875,10,2.308111594311576,0.22580464680989584,2.4000738936041244,2.5365723558691333,111.79856041191212,117.37477943183788,37.62236022949219,31.577774047851562,8.664472846246104,5.48518564453125,10.0,10.0,1.653515164137235,3.8386707305908208,6.896141452355669,9.619906188693449,41.802013968251714,27.398120309092036,0.28818177214020585,0.07558065012689524,certain_temperate,322.4220504760742,355.45885467529297,POINT (541518.7751821793 8672105.603667207),dronbreen
dronbreen-20220329-DAT_0249_A1_1,1035.0,1012,114.53456115722656,541522.2758695966,8672108.50314281,436.6050313313802,2022-03-29 15:04:33.666666752+00:00,0,2022-05-03,100 MHz,20220329,34.70429229736328,113.80503845214844,114.74299621582031,0.9075490868698456,0.6180459800720215,10,2.3060412571745954,0.33870697021484375,2.41133355737996,2.501238500531646,111.47425560266127,117.07377906530748,38.97718811035156,34.07898712158203,8.233522502207448,6.257744533538818,10.0,10.0,1.6185514296726016,3.838662465413412,7.517606327874848,9.227455285625902,43.14312597041008,29.91304926152351,0.30300279624525905,0.07188679485928212,certain_temperate,322.0704701741536,356.7747624715169,POINT (541522.2758695966 8672108.50314281),dronbreen
dronbreen-20220329-DAT_0249_A1_1,1040.0,1018,114.32611846923828,541526.1109827656,8672112.15733178,436.0874328613281,2022-03-29 15:04:35.666666752+00:00,0,2022-05-03,100 MHz,20220329,36.26753234863281,113.38816833496094,114.84720611572266,0.898458359189744,0.8498153434753417,10,2.301900203244468,0.3387152353922527,2.477026175556057,2.4941331118410024,111.06148130048815,117.17389315019544,40.332000732421875,35.32958221435547,7.920528960718079,6.412257442474365,10.0,10.0,1.5836088995895394,4.177361170450847,7.815062955844793,9.093565995407054,44.79945677532254,30.862126171454804,0.31722875607284184,0.06928013534238246,certain_temperate,321.76131439208984,358.02884674072266,POINT (541526.1109827656 8672112.15733178),dronbreen
dronbreen-20220329-DAT_0249_A1_1,1045.0,1025,114.2219009399414,541528.7478493468,8672116.239774927,435.65037536621094,2022-03-29 15:04:37.750000128+00:00,0,2022-05-03,100 MHz,20220329,38.247657775878906,113.70082092285156,114.951416015625,1.034558560167009,1.1588411613464356,10,2.299829789730865,0.22581291198730474,2.585173373331943,2.5319004615838545,111.38993180111645,117.26230513736012,42.31212615966797,35.85066223144531,7.723704884437856,7.33932924041748,10.0,10.0,1.5425285247738012,4.5160764058430996,8.754432822998906,9.079094530570918,47.08437304694796,31.07841534416532,0.3348539768742753,0.06762017459768095,certain_temperate,321.42847442626953,359.67613220214844,POINT (541528.7478493468 8672116.239774927),dronbreen
dronbreen-20220329-DAT_0249_A1_1,1050.0,1032,114.53456115722656,541528.0692272609,8672121.150341429,435.3598937988281,2022-03-29 15:04:40+00:00,0,2022-05-03,100 MHz,20220329,40.64466094970703,113.70082092285156,115.05564880371094,1.2649927704981345,1.081579051208496,10,2.3060412571745954,1.1290232340494792,2.7860963707000526,2.8622939143678936,111.13323066293567,117.62323906362683,44.18804168701172,36.16332244873047,7.5480861184947905,8.03463733062744,10.0,10.0,1.5014815819952232,2.7096474965413413,8.61115750240905,8.159058802876554,47.28588553339644,33.06547860234575,0.35486808993760705,0.06590225729448777,certain_temperate,320.82533264160156,361.4699935913086,POINT (541528.0692272609 8672121.150341429),dronbreen
dronbreen-20220329-DAT_0249_A1_1,1055.0,1039,115.26407623291016,541524.8355367346,8672125.330701036,435.3082275390625,2022-03-29 15:04:42+00:00,0,2022-05-03,100 MHz,20220329,41.791046142578125,114.32611846923828,115.78515625,1.2175498491649803,0.7725645446777343,10,2.320535047770331,1.5806242624918623,2.9120631763067077,3.0603404389561075,111.51840481448137,118.59286990475691,46.58502960205078,36.89283752441406,7.337758370379412,8.498170401763916,10.0,10.0,1.4932764179019016,0.33870697021484375,8.635015752698449,7.495818485929817,48.116237253525284,35.36162987293956,0.3625678312654187,0.06366041016588946,certain_temperate,320.04415130615234,361.83519744873047,POINT (541524.8355367346 8672125.330701036),dronbreen
dronbreen-20220329-DAT_0249_A1_1,1060.0,1045,115.99359893798828,541520.0102851323,8672127.368373016,435.51073455810547,2022-03-29 15:04:43.750000128+00:00,0,2022-05-03,100 MHz,20220329,41.791046142578125,115.3682861328125,116.51468658447266,1.0764039829582188,1.0043339080810547,10,2.33503019206064,1.6935183207194011,3.0543504873161456,3.0788010385498,112.4837809238647,119.39919179342046,48.66937255859375,37.62236022949219,7.2108042671123,9.116216381835937,10.0,10.0,1.5076364072753923,1.69352658589681,9.393955554192038,7.558882061011834,50.93674986148834,35.3549829265976,0.3602875203908465,0.062165536142794325,certain_temperate,319.5171356201172,361.3081817626953,POINT (541520.0102851323 8672127.368373016),dronbreen
dronbreen-20220329-DAT_0249_A1_1,1065.0,1052,116.82732391357422,541515.4649189321,8672127.168268852,435.8141523088728,2022-03-29 15:04:45.857143040+00:00,0,2022-05-03,100 MHz,20220329,41.791038513183594,116.51468658447266,117.3484115600586,0.918385270374959,0.7725532333374023,10,2.3515972114975128,2.7096392313639326,3.670012630442772,3.7034559149679485,112.92690813405666,120.93619001047459,50.44105529785156,38.664520263671875,7.031578378513224,8.189155895233155,10.0,10.0,1.5240530340757668,2.145135879516602,8.601547527549734,7.507825256719797,53.07247042896733,36.0331051325561,0.3577163039709743,0.06018778949105263,certain_temperate,318.9868283952986,360.77786690848217,POINT (541515.4649189321 8672127.168268852),dronbreen
dronbreen-20220329-DAT_0249_A1_1,1070.0,1062,118.49480438232422,541511.1326113383,8672124.72167566,436.33721923828125,2022-03-29 15:04:49+00:00,0,2022-05-03,100 MHz,20220329,42.31212615966797,117.86949920654297,118.91166687011719,0.8430228062629674,0.8498153434753417,10,2.384736351516057,2.7096474965413413,3.7082803480536617,3.7067296197098543,114.25990684427339,122.52125923238677,49.29467010498047,38.03923034667969,6.894527414391087,6.566770351409912,10.0,10.0,1.5466351167844061,2.145135879516602,7.07927686802942,7.384320983939581,51.93922831497703,35.39467213668313,0.3570800119062405,0.05818421702394522,certain_temperate,317.84241485595703,360.154541015625,POINT (541511.1326113383 8672124.72167566),dronbreen
dronbreen-20220329-DAT_0249_A1_1,1075.0,1069,119.32853698730469,541507.2534660995,8672121.25226627,437.00604248046875,2022-03-29 15:04:51+00:00,0,2022-05-03,100 MHz,20220329,42.31212615966797,118.91166687011719,119.74541473388672,0.8150737552747886,0.6180572914123534,10,2.401307955221949,1.806428909301758,3.0678103128520404,3.113488481865816,115.90675999965126,122.75032160435265,48.25250244140625,37.51814270019531,7.247406762945876,7.416597006225586,10.0,10.0,1.563064622691118,1.69352658589681,7.76640936756505,7.605005463472163,50.557107247408325,35.21353789419324,0.3545851413913634,0.06073490001571816,certain_temperate,317.67750549316406,359.98963165283203,POINT (541507.2534660995 8672121.25226627),dronbreen
dronbreen-20220329-DAT_0249_A1_1,1080.0,1075,120.16227722167969,541503.3950728494,8672117.464490503,437.519522530692,2022-03-29 15:04:52.714285568+00:00,0,2022-05-03,100 MHz,20220329,42.416343688964844,119.84962463378906,120.47493743896484,0.8250064099276001,0.5407951812744141,10,2.41788112752466,1.4677219390869143,2.879725032951341,2.9463523913032876,117.02113442922463,123.30342764352928,47.314552307128906,37.51814270019531,7.601175156202751,7.6483550582885735,10.0,10.0,1.5774447921716075,1.1290232340494792,7.890523470152109,7.84480014344832,49.2544042435851,35.57829076373912,0.35299217582830633,0.0632575824289667,certain_temperate,317.3572453090123,359.77358899797713,POINT (541503.3950728494 8672117.464490503),dronbreen
dronbreen-20220329-DAT_0249_A1_1,1085.0,1079,120.68335723876953,541500.2667037186,8672114.151189795,437.9477233886719,2022-03-29 15:04:54+00:00,0,2022-05-03,100 MHz,20220329,42.62477111816406,120.47493743896484,120.99601745605469,0.836339755139883,0.54080083694458,10,2.428239915199523,1.2419172922770183,2.780498730779215,2.8527481193845885,117.74753800972371,123.72341688529582,46.79345703125,37.51814270019531,7.869971244301879,8.189138928222656,10.0,10.0,1.5836088995895394,1.1290149688720703,8.41691679491535,8.106721861081386,48.73831999475061,35.5732797366947,0.3531951057164563,0.06521173610319195,certain_temperate,317.26436614990234,359.8891372680664,POINT (541500.2667037186 8672114.151189795),dronbreen
dronbreen-20220329-DAT_0249_A1_1,1090.0,1084,121.30866241455078,541496.7614850211,8672110.569286374,438.40639241536456,2022-03-29 15:04:55.333333248+00:00,0,2022-05-03,100 MHz,20220329,42.52056121826172,121.20445251464844,121.6213150024414,0.9085461898401641,0.6953080902099609,10,2.4406713483635967,1.354827880859375,2.8767844128103004,2.935624532625036,118.41295914774304,124.4128083693468,45.95972442626953,37.41392517089844,8.023653686084515,8.420925258636474,10.0,10.0,1.5979943541973713,1.4677219390869143,8.695963193233139,8.311847695954333,48.12946949113861,35.24418010602936,0.3505154567853964,0.06614246275888448,certain_temperate,317.0977300008138,359.6182912190755,POINT (541496.7614850211 8672110.569286374),dronbreen
dronbreen-20220329-DAT_0249_A1_1,1095.0,1089,121.93396759033203,541493.1309953674,8672106.905987913,438.7953872680664,2022-03-29 15:04:56.750000128+00:00,0,2022-05-03,100 MHz,20220329,42.52056121826172,121.93396759033203,122.24662017822266,0.8829460199395641,0.6952967788696288,10,2.4531035406048516,1.354827880859375,2.887336692938398,2.938174474364836,119.13159795595438,125.04898981260031,45.23020935058594,37.30970764160156,8.097574579758655,8.111888129425049,10.0,10.0,1.6103278065804587,1.1290149688720703,8.346889209094035,8.332979330307797,47.196889407072874,35.343027585114626,0.34871793363700165,0.06640950622524236,certain_temperate,316.8614196777344,359.3819808959961,POINT (541493.1309953674 8672106.905987913),dronbreen
dronbreen-20220329-DAT_0249_A1_1,1100.0,1093,122.55927276611328,541490.0812909597,8672103.88093064,439.0500030517578,2022-03-29 15:04:58+00:00,0,2022-05-03,100 MHz,20220329,42.72900390625,122.350830078125,122.7677001953125,0.879109585357462,0.7725645446777343,10,2.4655364804406004,1.3548196156819663,2.9174067771075682,2.9474124228698333,119.53757461026929,125.58095566316821,44.709129333496094,37.41392517089844,8.099752308769137,7.80286796722412,10.0,10.0,1.6185514296726016,2.032233556111654,8.224015471228986,8.506213577173595,47.307144336740194,34.81591016765434,0.3486395026820382,0.06608844949844267,certain_temperate,316.49073028564453,359.21973419189453,POINT (541490.0812909597 8672103.88093064),dronbreen
dronbreen-20220329-DAT_0249_A1_1,1105.0,1098,123.1845703125,541486.2508384868,8672100.07191172,439.43731689453125,2022-03-29 15:04:59.666666752+00:00,0,2022-05-03,100 MHz,20220329,41.89525604248047,122.97614288330078,123.39300537109375,0.8552432010007058,0.7725475776672363,10,2.477970004909281,1.4677136739095051,2.981836436421447,3.0043235023327584,120.0961222629213,126.27302599147323,43.97959899902344,37.30970764160156,7.9740690096002815,7.262072785949707,10.0,10.0,1.6473436331852565,3.4999554951985683,8.228069680222573,8.862798998286843,47.84785823467023,33.44144840595477,0.3401014910893365,0.06473269330218318,certain_temperate,316.25274658203125,358.1480026245117,POINT (541486.2508384868 8672100.07191172),dronbreen
dronbreen-20220329-DAT_0249_A1_1,1110.0,1104,123.9140853881836,541482.2024104682,8672096.287200073,439.9917805989583,2022-03-29 15:05:01.666666752+00:00,0,2022-05-03,100 MHz,20220329,40.85308837890625,123.70565795898438,124.12252807617188,0.8158858029785055,0.6180459800720215,10,2.492476724672875,1.5806242624918623,3.0154260255720335,3.0621043296589106,120.75424926444308,127.07393677071317,42.93742370605469,36.37174987792969,7.883544738132578,7.030303422546386,10.0,10.0,1.6823233011731342,4.741872787475586,8.645272432684756,9.352317726660564,47.96888166794521,31.340291916039163,0.3296888182721638,0.06362105416374521,certain_temperate,316.0776952107747,356.93078358968097,POINT (541482.2024104682 8672096.287200073),dronbreen
dronbreen-20220329-DAT_0249_A1_1,1115.0,1110,124.64360809326172,541478.5873379752,8672092.950085146,440.5345764160156,2022-03-29 15:05:03.333333248+00:00,0,2022-05-03,100 MHz,20220329,38.97718048095703,124.33096313476562,124.95626068115234,0.7463629332845141,0.6952967788696288,10,2.5069845662473966,1.467730204264323,2.987079037892858,2.9993768012861444,121.42593240034775,127.86129141557022,41.999473571777344,34.70427703857422,7.888617616167318,6.566776007080078,10.0,10.0,1.7337977759651486,5.306392669677735,8.618956144447765,9.66406466176922,47.58193341424386,29.1218171961077,0.31270901955753116,0.06328938753333296,certain_temperate,315.8909683227539,354.86814880371094,POINT (541478.5873379752 8672092.950085146),dronbreen
dronbreen-20220329-DAT_0249_A1_1,1120.0,1115,125.26891326904297,541475.2806971498,8672090.0722185,441.01692962646484,2022-03-29 15:05:04.750000128+00:00,0,2022-05-03,100 MHz,20220329,37.30970764160156,124.64360809326172,125.5815658569336,0.770627681391001,0.9270717979431152,10,2.519420618444408,1.3548196156819663,3.0070714261920872,2.9625805418596642,121.78301087525297,128.44216307494236,41.26995849609375,33.349464416503906,7.214821133114223,5.330678391265869,10.0,10.0,1.7791258364276001,4.9676774342854815,7.500615970976135,8.938498297576892,46.54661537644455,28.072807536153107,0.29783692272855145,0.05759466530709645,certain_temperate,315.7480163574219,353.05772399902344,POINT (541475.2806971498 8672090.0722185),dronbreen
dronbreen-20220329-DAT_0249_A1_1,1125.0,1120,125.89421081542969,541471.458645306,8672086.713234434,441.46461995442706,2022-03-29 15:05:06.333333248+00:00,0,2022-05-03,100 MHz,20220329,35.642234802246094,124.85204315185547,126.10265350341797,0.8551744729997642,0.7725645446777343,10,2.531857208994208,1.241933822631836,2.923962469360026,2.946866798110035,122.03198986396659,128.92270679130684,40.43621826171875,31.78620147705078,6.411546099666247,4.017307353973388,10.0,10.0,1.8244801094321927,5.532197316487631,7.076206130021603,8.662670385418812,46.261502359362964,25.960917379406567,0.28311257977144216,0.050928045524397086,certain_temperate,315.5704091389974,351.21264394124347,POINT (541471.458645306 8672086.713234434),dronbreen
dronbreen-20220329-DAT_0249_A1_1,1130.0,1126,126.41531372070312,541467.4152583893,8672083.17685126,441.7926330566406,2022-03-29 15:05:08+00:00,0,2022-05-03,100 MHz,20220329,33.349464416503906,125.26891326904297,126.51952362060547,0.9334396995879722,0.9270661422729491,10,2.5422219842573774,0.9032185872395834,2.8527439537619625,2.854821554203252,122.5710073341415,129.21742955550695,39.28984069824219,30.118736267089844,5.891106313937227,4.403578314971924,10.0,10.0,1.8801757690930834,5.532197316487631,7.316540852570201,8.297312918852029,45.13280810113241,24.27576886419962,0.263808738316189,0.04660120788018451,certain_temperate,315.3773193359375,348.7267837524414,POINT (541467.4152583893 8672083.17685126),dronbreen
dronbreen-20220329-DAT_0249_A1_1,1135.0,1131,126.72795104980469,541463.7254357878,8672079.775443,442.19191487630206,2022-03-29 15:05:09.666666752+00:00,0,2022-05-03,100 MHz,20220329,31.36933135986328,125.47735595703125,127.04060363769531,1.0542016970487662,1.3133597259521483,10,2.5484405880680594,0.6773974100748698,2.94590061812036,2.839851739114089,122.8404227606668,129.67753683405977,38.03923034667969,29.076560974121094,5.5838157788227205,6.0259751701354975,10.0,10.0,1.9255821300760847,4.854766845703125,7.974271403513688,7.6456279217364616,43.26193344620647,23.85385787459431,0.24753285364437863,0.044061438163931606,certain_temperate,315.4639638264974,346.83329518636066,POINT (541463.7254357878 8672079.775443),dronbreen
dronbreen-20220329-DAT_0249_A1_1,1140.0,1136,127.04060363769531,541460.447805118,8672076.501951663,442.74208286830356,2022-03-29 15:05:11.142856960+00:00,0,2022-05-03,100 MHz,20220329,29.493431091308594,125.79000091552734,127.56169128417969,1.1469158174326706,1.5451121223449706,10,2.554659662078689,0.6774056752522787,3.061459767583657,2.881072774192497,123.14705474923565,130.20463745047138,34.391632080078125,28.13861083984375,5.3692740829776024,6.103231624603271,10.0,10.0,1.968943967896958,4.628970464070638,7.909079856058709,7.357527579567142,39.42195094730276,23.108291972619114,0.23215751694175155,0.04226423623025386,certain_temperate,315.70147923060824,345.19491032191684,POINT (541460.447805118 8672076.501951663),dronbreen
dronbreen-20220329-DAT_0249_A1_1,1145.0,1142,127.3532485961914,541456.5663774859,8672072.653789569,443.2925796508789,2022-03-29 15:05:12.750000128+00:00,0,2022-05-03,100 MHz,20220329,27.72173309326172,126.20687103271484,128.29119873046875,1.3057886201377829,1.622368576812744,10,2.560878749804709,0.5645116170247396,3.0836428353469576,2.929480714638441,123.58451077200367,130.91355899117994,32.932586669921875,25.63739013671875,5.5364880282733,5.3306670799255365,10.0,10.0,2.010257583635542,3.7257684071858725,6.807238595315313,6.969590049906962,37.16608236220131,21.403894444439317,0.21767590068441142,0.043473473109651585,certain_temperate,315.9393310546875,343.6610641479492,POINT (541456.5663774859 8672072.653789569),dronbreen
dronbreen-20220329-DAT_0249_A1_1,1150.0,1146,127.56169128417969,541453.2379047526,8672069.341086444,443.69793701171875,2022-03-29 15:05:14+00:00,0,2022-05-03,100 MHz,20220329,26.575347900390625,126.41531372070312,128.60386657714844,1.4348883859175976,1.7768758300781249,10,2.565025152569102,0.4516092936197917,3.1528705496597444,2.9735853220375437,123.81083584838477,131.20834444946678,31.890426635742188,23.761489868164062,5.786148219876595,6.103237280273437,10.0,10.0,2.0371196872082464,3.387061436971029,7.2712823557572825,7.007250032659657,35.84289950697453,19.809016996931717,0.2083332984444878,0.045359607274148755,certain_temperate,316.13624572753906,342.7115936279297,POINT (541453.2379047526 8672069.341086444),dronbreen
dronbreen-20220329-DAT_0249_A1_1,1155.0,1151,127.7701187133789,541449.2521568075,8672065.589428157,444.1646728515625,2022-03-29 15:05:15.500000+00:00,0,2022-05-03,100 MHz,20220329,25.0120849609375,126.83216094970703,129.02072143554688,1.5354493428970866,1.6996476539611816,10,2.569171324457047,0.4516092936197917,3.1134216540828343,3.0269121118888203,124.22359961278276,131.62928277247116,28.55547332763672,21.468711853027344,6.10336015310008,5.330672735595702,10.0,10.0,2.0722561135793893,4.177361170450847,7.082419329768677,7.6808591255866325,33.21858299272692,16.80560218793714,0.19575848573050175,0.04776829054054085,certain_temperate,316.3945541381836,341.4066390991211,POINT (541449.2521568075 8672065.589428157),dronbreen
dronbreen-20220329-DAT_0249_A1_1,1160.0,1156,127.97856140136719,541445.8112923678,8672062.27993,444.62611171177457,2022-03-29 15:05:16.857143040+00:00,0,2022-05-03,100 MHz,20220329,23.136192321777344,127.14482879638672,129.3333740234375,1.6784720286210715,1.622368576812744,10,2.5733178721925136,0.5645033518473307,3.0939794286035074,3.1237633163310585,124.51032145997783,131.9678813598464,25.22052764892578,19.071731567382812,6.3744084399436405,6.489513896942138,10.0,10.0,2.113605673177562,3.725760142008464,7.775757724882665,7.679954461889212,29.504056285163358,14.788202931145236,0.1807817814830522,0.04980840830013849,certain_temperate,316.6475503104074,339.7837426321847,POINT (541445.8112923678 8672062.27993),dronbreen
dronbreen-20220329-DAT_0249_A1_1,1165.0,1161,128.29119873046875,541442.1796121943,8672058.765171718,445.10658772786456,2022-03-29 15:05:18.333333248+00:00,0,2022-05-03,100 MHz,20220329,22.09400177001953,127.45748138427734,129.5418243408203,1.6538087495976679,1.622368576812744,10,2.579537297400495,0.5645116170247396,3.0991556646069824,3.1157293551722267,124.8168969727434,132.18240875235426,22.09400177001953,16.7789306640625,6.662381058674901,7.416608317565918,9.0,9.0,2.1404900973614844,3.387044906616211,8.429700468731102,7.774386948649231,26.10071751440887,12.77221491967316,0.17221759550659088,0.05193170790049378,certain_temperate,316.8153889973958,338.90939076741535,POINT (541442.1796121943 8672058.765171718),dronbreen
dronbreen-20220329-DAT_0249_A1_1,1170.0,1165,128.49964904785156,541439.007286834,8672055.565871557,445.4740397135417,2022-03-29 15:05:19.666666752+00:00,0,2022-05-03,100 MHz,20220329,20.530776977539062,127.7701187133789,129.64602661132812,1.5837697067504437,1.622379888153076,10,2.5836841761655793,0.5645116170247396,3.102614025206468,3.0826001641381713,125.12548314530449,132.29066217940255,20.94762420654297,14.903045654296875,6.859110130426414,7.5711099151611325,9.0,9.0,2.1756541394381146,4.177361170450847,8.916586938414042,8.320529374034018,25.65759419401047,10.193075666829372,0.15977301984609837,0.0533784347369865,certain_temperate,316.9743906656901,337.5051676432292,POINT (541439.007286834 8672055.565871557),dronbreen
dronbreen-20220329-DAT_0249_A1_1,1175.0,1171,128.81228637695312,541435.1774999239,8672051.726013733,445.89996337890625,2022-03-29 15:05:21.333333248+00:00,0,2022-05-03,100 MHz,20220329,18.759063720703125,128.81228637695312,130.37554931640625,1.4857793446940242,1.5451290893554686,9,2.5899038686142917,0.6774139404296875,3.0909408920463375,3.061704093551686,126.1352559894992,133.05257970386018,19.175933837890625,11.255439758300781,7.437375625383248,8.498176057434081,9.0,9.0,2.217035120788675,4.064475377400717,9.677510068372598,8.76069409426856,23.805750769509757,6.625622826681649,0.14563101275764223,0.057738091874393827,certain_temperate,317.0876770019531,335.84674072265625,POINT (541435.1774999239 8672051.726013733),dronbreen
dronbreen-20220329-DAT_0249_A1_1,1180.0,1176,129.1249542236328,541431.8430132046,8672048.397675496,446.2703857421875,2022-03-29 15:05:23+00:00,0,2022-05-03,100 MHz,20220329,17.404258728027344,129.02072143554688,130.68820190429688,1.4599673220006797,1.3906161804199217,9,2.59612432701173,0.5645116170247396,2.9987244368737325,3.031507787944446,126.36393109999949,133.34499223984426,17.821128845214844,10.004844665527344,7.996410963243001,6.644032461547851,9.0,9.0,2.250147888652815,4.064467112223308,8.107171256193814,9.248007716272,22.466885880096626,5.359087630645561,0.1347861753963121,0.06192769640323695,certain_temperate,317.1454315185547,334.54969024658203,POINT (541431.8430132046 8672048.397675496),dronbreen
dronbreen-20220329-DAT_0249_A1_1,1185.0,1182,129.3333740234375,541428.166365883,8672044.562553892,446.7002258300781,2022-03-29 15:05:25+00:00,0,2022-05-03,100 MHz,20220329,15.528335571289062,128.81228637695312,130.1671142578125,1.2247664449064337,1.081567739868164,9,2.600270880988085,0.7902997334798177,2.925024974111563,2.98094534800985,126.09456999674477,132.88483063802084,15.945205688476562,7.607841491699219,8.506947581038634,6.7985453704833985,9.0,8.0,2.2915485399262208,4.967677434285482,8.72635278661529,10.114206392420824,21.41594730200093,2.137099878174851,0.12006441251950214,0.06577534720076988,certain_temperate,317.3668518066406,332.8951873779297,POINT (541428.166365883 8672044.562553892),dronbreen
dronbreen-20220329-DAT_0249_A1_1,1190.0,1189,129.85446166992188,541424.6811681984,8672040.733340267,447.1092834472656,2022-03-29 15:05:27+00:00,0,2022-05-03,100 MHz,20220329,13.5482177734375,128.91651916503906,130.37554931640625,1.3965361358072474,1.8541435958862305,10,2.6106383292662514,0.9032185872395834,3.3270234109087773,3.0954078053116993,126.15404992492631,133.138018556519,14.069305419921875,4.689765930175781,8.01502550309491,9.116227693176269,9.0,7.0,2.34124260761746,4.967677434285482,10.64259570747036,9.71595954366291,19.561047952017915,0.0,0.10433386422929253,0.06172314297115465,certain_temperate,317.25482177734375,330.80303955078125,POINT (541424.6811681984 8672040.733340267),dronbreen
dronbreen-20220329-DAT_0249_A1_1,1195.0,1195,130.1671142578125,541421.4397998384,8672037.283832496,447.4569498697917,2022-03-29 15:05:28.666666752+00:00,0,2022-05-03,100 MHz,20220329,11.776527404785156,129.3333740234375,130.583984375,1.325972111866451,1.4678726348876951,10,2.6168590053120107,0.6774304707845054,3.0759572767972623,3.010824660766126,126.6302530316153,133.2871053668222,12.297615051269531,2.0843353271484375,7.08656989485675,8.034626019287108,9.0,7.0,2.3826649831987887,4.064475377400717,9.31408974540528,8.509789973339435,17.008989852286575,0.0,0.0904723706285771,0.05444209111696906,certain_temperate,317.2898356119792,329.06636301676434,POINT (541421.4397998384 8672037.283832496),dronbreen
dronbreen-20220329-DAT_0249_A1_1,1200.0,1200,130.4797821044922,541418.058947147,8672033.324925307,447.8353751046317,2022-03-29 15:05:30.285714432+00:00,0,2022-05-03,100 MHz,20220329,10.421714782714844,129.750244140625,130.79241943359375,1.3028271779037317,1.1588581283569335,10,2.623080138923381,0.5645116170247396,2.9226999405736342,2.9827137704538114,127.0671073977492,133.47555617646955,10.942802429199219,0.7295379638671875,6.382813071327046,7.880113110351562,9.0,7.0,2.415809556156314,3.7257518768310547,9.045084051088795,7.775452756131291,15.383226154400035,0.0,0.0798722577139868,0.04891802368443177,uncertain_temperate,317.3555930001395,327.77730778285434,POINT (541418.058947147 8672033.324925307),dronbreen
dronbreen-20220329-DAT_0249_A1_1,1205.0,1205,130.68820190429688,541414.964876973,8672029.773629816,448.1757332938058,2022-03-29 15:05:31.714285568+00:00,0,2022-05-03,100 MHz,20220329,8.85845947265625,129.85446166992188,131.0008544921875,1.198572829357488,1.236103271484375,10,2.6272271403118737,0.6773974100748698,2.9814662493044963,2.9661029188552206,127.14131042128729,133.7140057408221,9.379539489746094,5.210845947265625,5.467576993199931,5.794211462402344,6.0,4.0,2.4510313046519743,4.177352905273438,7.55186852524692,7.304261080229101,14.222868071577025,0.3675173654347077,0.06778316132272835,0.041836806333932455,certain_temperate,317.48753138950894,326.3459908621652,POINT (541414.964876973 8672029.773629816),dronbreen
dronbreen-20220329-DAT_0249_A1_1,1210.0,1211,131.10507202148438,541411.3816546868,8672025.746478416,448.5541585286458,2022-03-29 15:05:33.333333248+00:00,0,2022-05-03,100 MHz,20220329,7.190986633300781,130.06289672851562,131.10507202148438,1.1183609160988093,1.1588468170166015,10,2.6355219528403557,0.22578811645507807,2.8878854171772956,2.8718787189039063,127.41772069705084,133.75024805294916,7.712066650390625,4.272911071777344,4.10461632607962,4.017307353973388,6.0,4.0,2.492476724672875,3.7257684071858725,6.019347873591378,6.077965583263838,12.194676431201401,0.0,0.0548490346134159,0.03130783777310302,certain_temperate,317.44908650716144,324.6400731404622,POINT (541411.3816546868 8672025.746478416),dronbreen
dronbreen-20220329-DAT_0249_A1_1,1215.0,1215,130.4797821044922,541408.4644779309,8672022.555110024,448.85703531901044,2022-03-29 15:05:34.666666752+00:00,0,2022-05-03,100 MHz,20220329,5.210868835449219,129.3333740234375,131.31350708007812,1.176647271179151,1.081567739868164,11,2.623080138923381,0.45160929361979163,2.873027870596037,2.910154492474826,126.67170154747467,133.97517955604096,5.731956481933594,1.563262939453125,3.014153759150218,3.708287191772461,7.0,4.0,2.519420618444408,5.306384404500325,6.946696308147547,6.6022964629563905,11.606068814956103,0.0,0.03993621656477167,0.023100542555599856,certain_temperate,318.37725321451825,323.58812204996747,POINT (541408.4644779309 8672022.555110024),dronbreen
dronbreen-20220329-DAT_0249_A1_1,1220.0,1220,130.68820190429688,541405.0645589697,8672018.961193778,449.2018356323242,2022-03-29 15:05:36.249999872+00:00,0,2022-05-03,100 MHz,20220329,1.87591552734375,129.3333740234375,131.417724609375,1.1254398023150372,0.7725645446777343,11,2.6272271403118737,0.451592763264974,2.775448512640383,2.8935917506205864,126.66761738213947,134.08348125067303,1.87591552734375,0.4168701171875,1.7741383967663749,1.8541549072265624,5.0,2.0,2.5899038686142917,4.403165817260742,5.434460569637899,5.407683266782319,6.984288190233244,0.0,0.014354130671393621,0.01357535241066044,uncertain_temperate,318.51363372802734,320.3895492553711,POINT (541405.0645589697 8672018.961193778),dronbreen
dronbreen-20220329-DAT_0249_A1_1,1225.0,1227,130.89663696289062,541401.3547381453,8672015.264700864,449.5685729980469,2022-03-29 15:05:38+00:00,0,2022-05-03,100 MHz,20220329,0.0,129.43760681152344,131.52194213867188,1.0682772691680023,1.0815903625488281,11,2.6313745129262607,0.33870697021484375,2.865081491216007,2.8600822650355844,126.7845229004965,134.17502604969883,1.563262939453125,0.4168548583984375,1.4149462801049173,1.6996646209716797,3.0,0.0,2.600270880988085,0.6774304707845054,0.0,0.0,0.0,0.0,0.0,0.0,uncertain_temperate,318.67193603515625,318.67193603515625,POINT (541401.3547381453 8672015.264700864),dronbreen
dronbreen-20220329-DAT_0249_A1_1,1230.0,1232,131.0008544921875,541397.7194325641,8672011.741099725,449.91851806640625,2022-03-29 15:05:39.666666752+00:00,0,2022-05-03,100 MHz,20220329,0.0,129.5418243408203,131.62615966796875,1.0440583851373855,1.081567739868164,11,2.6334482244907176,0.11290232340494792,2.8491376347286343,2.835111002638033,126.90595702896572,134.26202697982333,1.5632476806640625,0.4168701171875,1.3058345925418777,1.6996193756103515,3.0,0.0,2.6023446395198726,0.33870697021484375,0.0,0.0,0.0,0.0,0.0,0.0,uncertain_temperate,318.91766357421875,318.91766357421875,POINT (541397.7194325641 8672011.741099725),dronbreen
dronbreen-20220329-DAT_0249_A1_1,1235.0,1237,131.0008544921875,541394.3802775848,8672008.350684097,450.23028564453125,2022-03-29 15:05:41.249999872+00:00,0,2022-05-03,100 MHz,20220329,0.0,129.750244140625,131.73037719726562,1.0256512375517413,1.3906161804199217,11,2.6334482244907176,0.22578811645507815,2.986610651867989,2.835134967809657,127.10713426311221,134.3734870747784,1.354827880859375,0.312652587890625,1.2018951800781483,1.5451290893554686,3.0,0.0,2.6064912979793506,0.451592763264974,0.0,0.0,0.0,0.0,0.0,0.0,uncertain_temperate,319.22943115234375,319.22943115234375,POINT (541394.3802775848 8672008.350684097),dronbreen
dronbreen-20220329-DAT_0249_A1_1,1240.0,1243,131.2092742919922,541390.4793498396,8672004.322680566,450.5859832763672,2022-03-29 15:05:43+00:00,0,2022-05-03,100 MHz,20220329,0.0,129.85446166992188,131.83457946777344,1.0930402438513538,1.1588468170166015,10,2.6375953943113597,0.22578811645507815,2.8897777912729445,2.864022819794468,127.20721975849315,134.48182137920216,1.3548126220703125,0.3126373291015625,1.0946975411224436,1.5451290893554686,3.0,0.0,2.6106383292662514,1.467730204264323,0.0,0.0,0.0,0.0,0.0,0.0,uncertain_temperate,319.376708984375,319.376708984375,POINT (541390.4793498396 8672004.322680566),dronbreen
dronbreen-20220329-DAT_0249_A1_1,1245.0,1247,131.2092742919922,541387.3859338262,8672001.249999622,450.8557942708333,2022-03-29 15:05:44.333333248+00:00,0,2022-05-03,100 MHz,20220329,0.0,130.06289672851562,131.83457946777344,1.0141280846695,1.0815903625488281,11,2.6375953943113597,0.11291885375976564,2.852980519384144,2.8280940408236686,127.42288533997448,134.47459085631456,1.1463775634765625,0.0,0.820609646293648,0.7725645446777343,4.0,0.0,2.6334482244907176,1.354827880859375,0.0,0.0,0.0,0.0,0.0,0.0,certain_cold,319.6465199788411,319.6465199788411,POINT (541387.3859338262 8672001.249999622),dronbreen
dronbreen-20220329-DAT_0249_A1_1,1250.0,1252,131.31350708007812,541383.4607646241,8671997.593458774,451.1982421875,2022-03-29 15:05:46+00:00,0,2022-05-03,100 MHz,20220329,0.0,130.1671142578125,131.93881225585938,1.0473688038948974,0.9270774536132812,11,2.6396694597369366,0.33872350056966144,2.8181662604438618,2.8599947338899563,127.5058009604899,134.60012555318198,1.146392822265625,0.0,0.7816314697265625,0.6953080902099609,4.0,0.0,2.6355219528403557,0.22578811645507815,0.0,0.0,0.0,0.0,0.0,0.0,certain_cold,319.8847351074219,319.8847351074219,POINT (541383.4607646241 8671997.593458774),dronbreen
dronbreen-20220329-DAT_0249_A1_1,1255.0,1259,131.52194213867188,541379.7723963617,8671994.130308086,451.5331115722656,2022-03-29 15:05:48+00:00,0,2022-05-03,100 MHz,20220329,0.0,130.4797821044922,131.62615966796875,1.0817160263895396,1.0043339080810547,10,2.6438170333007656,0.33870697021484375,2.8483640069634264,2.8765605293460026,127.81435701320873,134.2915847592522,1.0421600341796875,0.0,0.6666337084221399,0.6180629470825195,4.0,0.0,2.6375953943113597,0.22580464680989584,0.0,0.0,0.0,0.0,0.0,0.0,certain_cold,320.01116943359375,320.01116943359375,POINT (541379.7723963617 8671994.130308086),dronbreen
dronbreen-20220329-DAT_0249_A1_1,1260.0,1266,131.62615966796875,541376.5052669924,8671990.68012361,451.86627197265625,2022-03-29 15:05:50+00:00,0,2022-05-03,100 MHz,20220329,0.0,130.68820190429688,132.04302978515625,1.0864239279289942,0.9270548309326171,11,2.645890844984925,0.33869043986002606,2.8239830447761407,2.880237234813182,128.02072189919326,134.71050979025986,0.312652587890625,0.0,0.656647935009813,0.7725419219970703,5.0,0.0,2.6396694597369366,0.22582117716471353,0.0,0.0,0.0,0.0,0.0,0.0,certain_cold,320.2401123046875,320.2401123046875,POINT (541376.5052669924 8671990.68012361),dronbreen
dronbreen-20220329-DAT_0249_A1_1,1265.0,1274,131.83457946777344,541372.9591035392,8671987.221366588,452.2074672154018,2022-03-29 15:05:52.428571392+00:00,0,2022-05-03,100 MHz,20220329,0.0,131.0008544921875,132.04302978515625,0.7575972841503671,0.9270548309326171,10,2.650038214324063,0.4516092936197917,2.8436040777536413,2.7929567014928187,128.31261092222186,134.73127335512189,0.4168548583984375,0.0,0.685773358723746,0.9270774536132812,5.0,0.0,2.6417432382050703,0.5644950866699219,0.0,0.0,0.0,0.0,0.0,0.0,certain_cold,320.37288774762834,320.37288774762834,POINT (541372.9591035392 8671987.221366588),dronbreen
dronbreen-20220329-DAT_0249_A1_1,1270.0,1285,132.04302978515625,541369.1316735507,8671984.064127177,452.5370178222656,2022-03-29 15:05:55.666666752+00:00,0,2022-05-03,100 MHz,20220329,0.0,131.83457946777344,132.3556671142578,0.6850708646367111,0.5407951812744141,10,2.654186256828534,0.9032351175944011,2.8553454767650908,2.8861497627751973,129.0309143016751,135.15933228035615,0.2084503173828125,0.0,0.6191917390813513,0.7725645446777343,5.0,0.0,2.650038214324063,1.354827880859375,0.0,0.0,0.0,0.0,0.0,0.0,certain_cold,320.4939880371094,320.4939880371094,POINT (541369.1316735507 8671984.064127177),dronbreen
dronbreen-20220329-DAT_0249_A1_1,1275.0,1294,132.6683349609375,541365.5625955954,8671980.666718146,452.8715400695801,2022-03-29 15:05:58.249999872+00:00,0,2022-05-03,100 MHz,20220329,0.0,132.14723205566406,132.6683349609375,0.5444186254286454,0.5408064926147461,10,2.666629865677463,1.2419090270996094,2.9909404097321577,2.9915956464449067,129.2055908688239,135.60997614777767,0.0,0.0,0.6322149608180707,0.30902581787109373,5.0,0.0,2.666629865677463,1.2419420878092449,0.0,0.0,0.0,0.0,0.0,0.0,certain_cold,320.2032051086426,320.2032051086426,POINT (541365.5625955954 8671980.666718146),dronbreen
dronbreen-20220329-DAT_0249_A1_1,1280.0,1302,133.1894073486328,541361.0879129099,8671978.047883913,453.15728759765625,2022-03-29 15:06:00.666666752+00:00,0,2022-05-03,100 MHz,20220329,0.0,132.98098754882812,133.39785766601562,0.49617290382924456,0.38627096099853514,10,2.6769996809771976,1.8064041137695312,3.252480341140625,3.267355301262758,129.75152581129421,136.62731940354954,0.2084197998046875,0.0,0.6615961672426448,0.6180516357421875,5.0,0.0,2.672851888860405,1.9193229675292969,0.0,0.0,0.0,0.0,0.0,0.0,certain_cold,319.96788024902344,319.96788024902344,POINT (541361.0879129099 8671978.047883913),dronbreen
dronbreen-20220329-DAT_0249_A1_1,1285.0,1314,134.33578491210938,541356.4677577616,8671979.952885352,453.0936279296875,2022-03-29 15:06:04.333333248+00:00,0,2022-05-03,100 MHz,20220329,0.0,134.33578491210938,134.4400177001953,0.35495301060208717,0.1545242202758789,10,2.699815038698208,2.4838345845540366,3.6718269596019364,3.685705784017929,130.66721087215765,138.10859174014703,0.0,0.0,0.32625564024971465,0.15451290893554687,5.0,0.0,2.701889587620399,2.7096227010091147,0.0,0.0,0.0,0.0,0.0,0.0,certain_cold,318.7578430175781,318.7578430175781,POINT (541356.4677577616 8671979.952885352),dronbreen
dronbreen-20220329-DAT_0249_A1_1,1290.0,1326,135.482177734375,541358.2448378216,8671984.907995101,452.66680908203125,2022-03-29 15:06:08+00:00,0,2022-05-03,100 MHz,20220329,0.0,135.3779754638672,136.42013549804688,0.7069183114750028,0.6180290130615234,10,2.7226325851020574,2.0322418212890625,3.4532151503550423,3.470226003123495,131.98051538115013,139.81759558076394,0.0,0.0,0.7950602220661069,1.236103271484375,5.0,0.0,2.7226325851020574,1.806420644124349,0.0,0.0,0.0,0.0,0.0,0.0,certain_cold,317.18463134765625,317.18463134765625,POINT (541358.2448378216 8671984.907995101),dronbreen
dronbreen-20220329-DAT_0249_A1_1,1295.0,1333,136.21170043945312,541361.3531266343,8671988.539344387,452.311279296875,2022-03-29 15:06:10+00:00,0,2022-05-03,100 MHz,20220329,0.0,136.10748291015625,137.25387573242188,0.7845941415346768,0.6180403244018554,10,2.7371538017880774,1.8064371744791667,3.337244378610885,3.372063784526286,132.82796675682155,140.53339188575657,0.104217529296875,0.0,0.9804136627777742,0.9270774536132812,5.0,0.0,2.735079297142112,1.0161209106445312,0.0,0.0,0.0,0.0,0.0,0.0,certain_cold,316.0995788574219,316.0995788574219,POINT (541361.3531266343 8671988.539344387),dronbreen
dronbreen-20220329-DAT_0249_A1_1,1300.0,1339,137.149658203125,541364.8769392341,8671992.369571028,451.9305419921875,2022-03-29 15:06:12+00:00,0,2022-05-03,100 MHz,20220329,0.0,136.31591796875,137.35809326171875,0.6195856531760375,0.8498209991455078,10,2.75582501224109,1.0161209106445312,3.0576574258296736,3.0018260417226466,133.37872999329753,140.29528123717122,0.729522705078125,0.0,0.724293084210794,1.0815903625488281,5.0,0.0,2.7413028558921004,0.7903162638346355,0.0,0.0,0.0,0.0,0.0,0.0,certain_cold,314.7808837890625,314.7808837890625,POINT (541364.8769392341 8671992.369571028),dronbreen
dronbreen-20220329-DAT_0249_A1_1,1305.0,1345,137.149658203125,541367.9253199934,8671995.766476322,451.6077423095703,2022-03-29 15:06:13.750000128+00:00,0,2022-05-03,100 MHz,20220329,0.0,136.31591796875,137.25387573242188,0.6544440415924883,0.6953080902099609,10,2.75582501224109,0.22578811645507815,2.8511410193004063,2.841451878037326,133.55085887867148,140.0189348225004,0.312652587890625,0.0,0.6013992605951627,0.4635387268066406,5.0,0.0,2.7496011424018345,0.4516092936197917,0.0,0.0,0.0,0.0,0.0,0.0,certain_cold,314.4580841064453,314.4580841064453,POINT (541367.9253199934 8671995.766476322),dronbreen
dronbreen-20220329-DAT_0249_A1_1,1310.0,1353,136.9412384033203,541371.744458856,8671999.652327102,451.25750732421875,2022-03-29 15:06:16+00:00,0,2022-05-03,100 MHz,20220329,0.0,136.31591796875,137.35809326171875,0.8117340119512174,0.6952967788696288,10,2.7516760547299177,0.4516092936197917,2.8738666766160628,2.904235556978151,133.52742876054822,140.14658246992053,0.8337554931640625,0.0,1.2622747052796486,0.5407951812744141,6.0,1.0,2.7496011424018345,0.9032020568847656,0.0,0.0,0.0,0.0,0.0,0.0,certain_cold,314.31626892089844,314.31626892089844,POINT (541371.744458856 8671999.652327102),dronbreen
dronbreen-20220329-DAT_0249_A1_1,1315.0,1358,136.7327880859375,541374.9729031782,8672002.698107498,451.00319417317706,2022-03-29 15:06:17.666666752+00:00,0,2022-05-03,100 MHz,20220329,0.7295074462890625,136.31591796875,137.25387573242188,0.7641577195403756,0.7725645446777343,11,2.747526548570834,0.4516092936197917,2.8895863137962223,2.8873500150689164,133.53152340454304,140.03827029662884,3.6475982666015625,0.0,2.070151530236856,0.9270774536132812,7.0,2.0,2.7330051112097813,0.9032020568847656,3.0239979329453495,3.545506769363395,6.525981648547003,0.0,0.005335278074126318,0.015140125197591607,uncertain_cold,314.27040608723956,314.9999135335286,POINT (541374.9729031782 8672002.698107498),dronbreen
dronbreen-20220329-DAT_0249_A1_1,1320.0,1366,136.5243682861328,541379.0077258707,8672006.528582273,450.6774597167969,2022-03-29 15:06:19.750000128+00:00,0,2022-05-03,100 MHz,20220329,0.521087646484375,136.31591796875,136.9412384033203,0.7179220535688837,0.6180516357421875,11,2.7433777090242333,0.4516092936197917,2.848167837908857,2.8714951303206804,133.53561722810073,139.72153914396958,5.4192962646484375,0.0,2.8112877163889904,0.9270548309326171,7.0,2.0,2.7330051112097813,0.11290232340494792,2.88816456111568,3.922423038996259,8.154632418127392,0.0,0.0038168105300605405,0.02059183830462405,uncertain_cold,314.15309143066406,314.67417907714844,POINT (541379.0077258707 8672006.528582273),dronbreen
dronbreen-20220329-DAT_0249_A1_1,1325.0,1372,136.31591796875,541382.4648565393,8672010.03114173,450.37327067057294,2022-03-29 15:06:21.666666752+00:00,0,2022-05-03,100 MHz,20220329,0.4168548583984375,136.21170043945312,136.7327880859375,0.7270787906124959,0.46356134948730465,11,2.7392283213827193,0.22582117716471353,2.7873385380071323,2.843063588539619,133.46317956437846,139.48130896101216,6.253021240234375,0.0,3.35250438596989,0.9270774536132812,7.0,2.0,2.730930636561194,0.22582117716471353,2.8928273281968746,4.329926443221863,8.993272569175673,0.0,0.003058005731172204,0.02459363833604848,uncertain_cold,314.05735270182294,314.4742075602214,POINT (541382.4648565393 8672010.03114173),dronbreen
dronbreen-20220329-DAT_0249_A1_1,1330.0,1377,136.31591796875,541385.4568049377,8672013.286783865,450.08326212565106,2022-03-29 15:06:23.333333248+00:00,0,2022-05-03,100 MHz,20220329,0.521087646484375,136.10748291015625,136.7327880859375,0.7236754676816285,0.46351610412597655,11,2.7392283213827193,0.0,2.7781682770216265,2.833209836773375,133.36825458877354,139.4720164073202,7.1909637451171875,0.0,3.8361943709058632,1.0816129852294922,7.0,2.0,2.728855873237201,0.4516258239746094,2.969933822764232,4.729377074536534,9.956939208092578,0.0,0.003822647085161637,0.02814193990011716,uncertain_cold,313.76734415690106,314.28843180338544,POINT (541385.4568049377 8672013.286783865),dronbreen
dronbreen-20220329-DAT_0249_A1_1,1335.0,1383,136.31591796875,541389.0119607414,8672017.443707049,449.720703125,2022-03-29 15:06:25.249999872+00:00,0,2022-05-03,100 MHz,20220329,0.833740234375,136.00328063964844,136.7327880859375,0.7306783575300057,0.540783869934082,10,2.7392283213827193,0.11290232340494792,2.794381134576368,2.8372538824465767,133.2617265673574,139.47434215822852,8.337356567382812,0.0,4.338362816962083,1.3906161804199217,7.0,3.0,2.7226325851020574,5.983790079752605,6.719545019809816,7.876538823849241,14.911432313220033,0.0,0.006116235336258619,0.031825797614895124,uncertain_cold,313.40478515625,314.238525390625,POINT (541389.0119607414 8672017.443707049),dronbreen
dronbreen-20220329-DAT_0249_A1_1,1340.0,1389,136.21170043945312,541392.3197092515,8672021.127792744,449.3919677734375,2022-03-29 15:06:27+00:00,0,2022-05-03,100 MHz,20220329,5.94036865234375,136.00328063964844,136.5243682861328,0.7356169450564519,0.540783869934082,10,2.7371538017880774,0.11290232340494792,2.7923475899776595,2.836527835070079,133.26379932573641,139.26384960004484,9.275306701660156,0.521087646484375,4.681048359180243,4.789900177001953,7.0,4.0,2.6189325982611416,7.903113047281902,9.605266654184861,9.55145106951485,17.601050139477124,0.0,0.0436112950148822,0.034365978429738465,uncertain_temperate,313.1802673339844,319.1206359863281,POINT (541392.3197092515 8672021.127792744),dronbreen
dronbreen-20220329-DAT_0249_A1_1,1345.0,1395,136.21170043945312,541395.4316322785,8672024.635275478,449.0826009114583,2022-03-29 15:06:28.666666752+00:00,0,2022-05-03,100 MHz,20220329,8.024703979492188,136.00328063964844,136.62857055664062,0.6685812881803445,0.5407951812744141,10,2.7371538017880774,0.22578811645507815,2.7991874957324465,2.826657415938505,133.2568299832238,139.37502121306525,10.421699523925781,0.4168701171875,5.57098285273489,7.880113110351562,9.0,6.0,2.577464340116157,4.403165817260742,9.387618136183345,7.5542730678954175,15.523776712568065,0.0,0.05891347038178423,0.040899444282403795,uncertain_temperate,312.8709004720052,320.8956044514974,POINT (541395.4316322785 8672024.635275478),dronbreen
dronbreen-20220329-DAT_0249_A1_1,1350.0,1401,136.00328063964844,541398.7782566627,8672028.344944378,448.75294276646207,2022-03-29 15:06:30.571428608+00:00,0,2022-05-03,100 MHz,20220329,9.796409606933594,136.00328063964844,136.83700561523438,0.7010490827521534,0.6180516357421875,9,2.7330051112097813,0.11290232340494792,2.8042916569024374,2.8237446217667523,133.26794448616948,139.57234176871333,11.255455017089844,0.937957763671875,5.882754194258802,8.961726095581055,9.0,7.0,2.538075987504576,1.9193229675292973,9.509898263612039,6.688230504558161,14.437534584296301,0.0,0.07203068603094924,0.043254502145765365,uncertain_temperate,312.74966212681363,322.5460717337472,POINT (541398.7782566627 8672028.344944378),dronbreen
dronbreen-20220329-DAT_0249_A1_1,1355.0,1408,136.31591796875,541402.3786350797,8672032.23080236,448.4040222167969,2022-03-29 15:06:32.666666752+00:00,0,2022-05-03,100 MHz,20220329,9.900604248046875,135.89906311035156,136.7327880859375,0.6073536348251415,0.6180290130615234,11,2.7392283213827193,0.33869043986002606,2.828434703454115,2.8261212727788383,133.13897560979694,139.49287558649212,12.92291259765625,3.9602508544921875,6.411055379769054,8.729945420837401,10.0,8.0,2.5422219842573774,4.403165817260743,10.10260901363281,8.182444189482792,18.00727704481531,0.0,0.07262984687024268,0.047030863858751756,certain_temperate,312.0881042480469,321.98870849609375,POINT (541402.3786350797 8672032.23080236),dronbreen
dronbreen-20220329-DAT_0249_A1_1,1360.0,1415,136.31591796875,541405.6181557756,8672035.742236562,448.0852559407552,2022-03-29 15:06:34.666666752+00:00,0,2022-05-03,100 MHz,20220329,14.173507690429688,136.00328063964844,136.7327880859375,0.575135021876529,0.6952967788696288,10,2.7392283213827193,0.11290232340494792,2.8283486952640593,2.80123169778659,133.2617265673574,139.47434215822852,14.903045654296875,6.8783111572265625,6.149495091159237,6.48949692993164,9.0,8.0,2.4572479230714617,5.8709042867024746,9.08950795712577,8.849964653898459,21.26744542953574,0.5139113819876968,0.103975441031611,0.04511208362745274,certain_temperate,311.7693379720052,325.9428456624349,POINT (541405.6181557756 8672035.742236562),dronbreen
dronbreen-20220329-DAT_0249_A1_1,1365.0,1423,136.42013549804688,541409.3641448283,8672039.610443546,447.7392578125,2022-03-29 15:06:37+00:00,0,2022-05-03,100 MHz,20220329,15.424118041992188,136.00328063964844,136.7327880859375,0.5324260810669936,0.6180290130615234,10,2.7413028558921004,0.11290232340494792,2.8123741115538348,2.7948105148923386,133.25965379141408,139.47641493417186,17.82110595703125,10.109054565429688,6.446273545833122,6.335000988006591,10.0,9.0,2.434455687846948,2.8225498199462895,7.3502108473304135,7.446328263639545,21.5484859996576,6.381674522803337,0.1130633537760488,0.04725309443726079,certain_temperate,311.3191223144531,326.7432403564453,POINT (541409.3641448283 8672039.610443546),dronbreen
dronbreen-20220329-DAT_0249_A1_1,1370.0,1429,136.42013549804688,541413.0015795984,8672043.16516042,447.40245819091797,2022-03-29 15:06:38.750000128+00:00,0,2022-05-03,100 MHz,20220329,16.883155822753906,136.00328063964844,136.7327880859375,0.5177154270829603,0.540783869934082,10,2.7413028558921004,0.0,2.7941346677823296,2.7897617480999837,133.26197778375635,139.4740909418296,19.697021484375,12.610260009765625,6.813958466522264,7.262072785949707,11.0,10.0,2.4054512682564497,2.596736907958985,8.078795672719066,7.678493885952075,23.236687905538574,9.070593588602051,0.12375853286698738,0.04994833381190872,certain_temperate,310.9823226928711,327.865478515625,POINT (541413.0015795984 8672043.16516042),dronbreen
dronbreen-20220329-DAT_0249_A1_1,1375.0,1434,136.42013549804688,541416.6930284683,8672046.209791161,447.06031036376953,2022-03-29 15:06:40.249999872+00:00,0,2022-05-03,100 MHz,20220329,17.82110595703125,136.10748291015625,136.5243682861328,0.42673634137871624,0.4635387268066406,10,2.7413028558921004,0.11290232340494792,2.782509017703616,2.776615239352711,133.3638560619219,139.26799513436717,20.53076171875,14.069305419921875,6.680351326632842,5.716943696594238,11.0,10.0,2.3868078940769992,1.9193394978841147,6.485688958113465,7.349000604069338,23.593557179006254,11.006509959665621,0.13063398516626157,0.04896895390291182,certain_temperate,310.64017486572266,328.4612808227539,POINT (541416.6930284683 8672046.209791161),dronbreen
dronbreen-20220329-DAT_0249_A1_1,1380.0,1439,136.31591796875,541420.1013967256,8672049.214701785,446.7255350748698,2022-03-29 15:06:41.666666752+00:00,0,2022-05-03,100 MHz,20220329,18.550636291503906,136.10748291015625,136.42013549804688,0.3419597382888023,0.2317693634033203,10,2.7392283213827193,0.451592763264974,2.7858616007100685,2.797185064150928,133.331279059482,139.19633934872112,21.364501953125,16.466293334960938,6.698460663310642,4.171837229919434,11.0,10.0,2.3702372512911962,3.6128660837809248,6.006251063657331,7.9712107753253525,25.685477070704707,12.14531821738123,0.1360856205784902,0.04913924039924848,certain_temperate,310.4096171061198,328.9602533976237,POINT (541420.1013967256 8672049.214701785),dronbreen
dronbreen-20220329-DAT_0249_A1_1,1385.0,1444,136.00328063964844,541424.4220175332,8672052.883536167,446.28835042317706,2022-03-29 15:06:43.333333248+00:00,0,2022-05-03,100 MHz,20220329,20.73920440673828,136.00328063964844,136.42013549804688,0.4082375081279584,0.46352741546630855,10,2.7330051112097813,0.33869043986002606,2.792648530846702,2.784005390618684,133.24936921188765,139.17404692580766,23.03199005126953,18.13378143310547,6.935696723246461,4.326327516174316,11.0,10.0,2.320535047770331,4.290263493855795,6.519843060369568,8.479099763034627,27.909616908117258,13.256154576257742,0.15249047162096377,0.0509965398674694,certain_temperate,310.2850697835286,331.0242741902669,POINT (541424.4220175332 8672052.883536167),dronbreen
dronbreen-20220329-DAT_0249_A1_1,1390.0,1448,136.00328063964844,541427.9958192148,8672055.909067685,445.92331949869794,2022-03-29 15:06:44.666666752+00:00,0,2022-05-03,100 MHz,20220329,22.1982421875,135.58641052246094,136.42013549804688,0.5960519339754029,0.6180290130615234,10,2.7330051112097813,0.11290232340494792,2.804286671065358,2.7995252777077835,132.85107436898198,139.15547165152583,24.386795043945312,19.48859405517578,7.1904259266040835,4.326338827514649,11.0,10.0,2.2915485399262208,2.935435612996419,5.708343419885185,8.097542957889502,28.11076831840441,15.764620780716683,0.1632184318135385,0.05286950353540141,certain_temperate,309.9200388590495,332.1182810465495,POINT (541427.9958192148 8672055.909067685),dronbreen
dronbreen-20220329-DAT_0249_A1_1,1395.0,1452,135.89906311035156,541431.593223816,8672058.997368908,445.5493469238281,2022-03-29 15:06:46+00:00,0,2022-05-03,100 MHz,20220329,23.344619750976562,135.27374267578125,136.31591796875,0.7985432958647459,0.6953080902099609,10,2.730930636561194,0.6774139404296875,2.898331438726155,2.9248150683021885,132.46004905557365,139.1296115889576,25.220535278320312,20.530776977539062,7.5390723776627695,4.017301698303222,11.0,10.0,2.2667071023790224,3.838662465413412,6.001000212176236,8.758476061906377,29.6784821837185,16.072830072140874,0.17177910735131757,0.05547552871310789,certain_temperate,309.65028381347656,332.9949035644531,POINT (541431.593223816 8672058.997368908),dronbreen
dronbreen-20220329-DAT_0249_A1_1,1400.0,1458,135.3779754638672,541435.9884629577,8672062.730571676,445.12221272786456,2022-03-29 15:06:47.666666752+00:00,0,2022-05-03,100 MHz,20220329,25.116317749023438,134.75265502929688,136.00328063964844,1.072756181869908,1.0043112854003906,10,2.720558489773409,1.1290232340494792,3.112036811685283,3.134794695836048,131.80712757919534,138.94880808974997,26.054275512695312,23.03197479248047,8.152181456713548,2.9357452697753903,11.0,10.0,2.221173848398667,4.854783376057943,6.0927116444377445,9.744772824260345,31.39305204793807,17.69319825723771,0.18552735526560643,0.06021793004940741,certain_temperate,309.7442372639974,334.8605550130208,POINT (541435.9884629577 8672062.730571676),dronbreen
dronbreen-20220329-DAT_0249_A1_1,1405.0,1463,134.8568878173828,541439.3962695968,8672065.751023768,444.7070007324219,2022-03-29 15:06:49+00:00,0,2022-05-03,100 MHz,20220329,26.783782958984375,134.33578491210938,135.482177734375,1.2651869509401348,1.2361145828247069,10,2.7101867235886297,1.0161209106445312,3.147315211992126,3.158846593710169,131.44137412893343,138.37658851755094,27.617530822753906,26.26270294189453,2.7358862401572175,1.8541549072265624,10.0,10.0,2.177723214160549,3.9515565236409507,4.878029087348234,5.276585152928426,32.129434784167884,21.750798980480553,0.19860893568338742,0.02028733040215219,certain_temperate,309.85011291503906,336.63389587402344,POINT (541439.3962695968 8672065.751023768),dronbreen
dronbreen-20220329-DAT_0249_A1_1,1410.0,1467,134.4400177001953,541442.7255616392,8672068.831098663,444.0903015136719,2022-03-29 15:06:50.333333248+00:00,0,2022-05-03,100 MHz,20220329,27.825950622558594,134.0231475830078,135.16954040527344,1.4558925411485297,1.4678839462280273,10,2.701889587620399,1.0161209106445312,3.2384243589027313,3.2330066718323556,131.13650436834817,138.05618361993308,29.59764862060547,27.200660705566406,3.014821703210405,2.703970250701904,10.0,10.0,2.1487633000249073,3.8386707305908208,5.1637226701392,5.33307852929029,33.996804982617235,22.80150434355464,0.20697669561909146,0.022425032031262705,certain_temperate,309.65028381347656,337.47623443603516,POINT (541442.7255616392 8672068.831098663),dronbreen
dronbreen-20220329-DAT_0249_A1_1,1415.0,1472,133.91893005371094,541446.897532522,8672072.52201556,443.65470232282365,2022-03-29 15:06:51.857143040+00:00,0,2022-05-03,100 MHz,20220329,29.38921356201172,133.50205993652344,134.8568878173828,1.5568328859279652,1.6223855438232422,10,2.6915185176201724,1.1290067036946614,3.3393207274064602,3.307968667080535,130.58333965741483,137.77560809649142,32.61994934082031,28.55548095703125,3.4425671769601953,3.8628114120483397,10.0,10.0,2.107402346950863,4.064475377400717,5.990193381726637,5.72820857802109,37.19827924870492,23.97715104914664,0.21945525961284615,0.02570635216081463,certain_temperate,309.7357722691127,339.12498583112443,POINT (541446.897532522 8672072.52201556),dronbreen
dronbreen-20220329-DAT_0249_A1_1,1420.0,1476,133.39785766601562,541450.138521034,8672075.386705784,443.3841247558594,2022-03-29 15:06:53+00:00,0,2022-05-03,100 MHz,20220329,30.535614013671875,133.1894073486328,134.33578491210938,1.6397391705348272,1.3905935577392576,10,2.681148144350294,1.1290067036946614,3.224432035532217,3.339454454896301,130.28024741680704,137.24494484393514,33.87055206298828,29.285003662109375,3.8858009806400786,4.094558152770996,10.0,10.0,2.074323134826793,4.064467112223308,6.130914763756381,5.993509709274352,38.4337427640244,24.721812961073255,0.22890632989116672,0.029129410686405822,certain_temperate,309.98626708984375,340.5218811035156,POINT (541450.138521034 8672075.386705784),dronbreen
dronbreen-20220329-DAT_0249_A1_1,1425.0,1481,132.87677001953125,541454.3377131873,8672079.051899645,443.09107971191406,2022-03-29 15:06:54.500000+00:00,0,2022-05-03,100 MHz,20220329,32.09886932373047,132.56410217285156,133.1894073486328,1.7598663194629212,1.1588468170166015,10,2.670777865029093,1.129039764404297,3.122612870537265,3.3918895407007934,129.66448406111073,136.08902546037365,35.225379943847656,30.535606384277344,4.474948490844622,4.094575119781494,10.0,10.0,2.0329864995766878,4.741872787475586,6.586648392892715,6.829608746903084,40.38468141207595,25.37630491604905,0.24156870549315979,0.03367743278367513,certain_temperate,310.2143096923828,342.3131790161133,POINT (541454.3377131873 8672079.051899645),dronbreen
dronbreen-20220329-DAT_0249_A1_1,1430.0,1486,132.3556671142578,541458.3894403789,8672082.526466144,442.60784912109375,2022-03-29 15:06:56+00:00,0,2022-05-03,100 MHz,20220329,33.87053680419922,131.73037719726562,132.56410217285156,1.8566732746730281,1.1588355056762694,10,2.660407684341648,1.2419255574544272,3.1564296073853058,3.473814011435794,128.79436831833448,135.5001110517827,36.58018493652344,31.78619384765625,5.078318178748239,4.094586431121826,10.0,10.0,1.9875332341562717,4.854766845703125,6.654674111099726,7.301257768879195,41.82604515988184,26.540333624297844,0.25590545189848213,0.038368724887044785,certain_temperate,310.25218200683594,344.12271881103516,POINT (541458.3894403789 8672082.526466144),dronbreen
dronbreen-20220329-DAT_0249_A1_1,1435.0,1491,131.73037719726562,541461.9592602343,8672085.67603667,442.16546630859375,2022-03-29 15:06:57.333333248+00:00,0,2022-05-03,100 MHz,20220329,35.433799743652344,131.0008544921875,132.04302978515625,1.9415335000865928,1.1588468170166015,10,2.647964673218574,1.1290067036946614,3.1031111795922723,3.4721643652856544,128.1222483976339,134.92163587970984,38.14344787597656,32.82838439941406,5.71386635117413,4.558108190917968,10.0,10.0,1.9441636586748288,4.403174082438151,6.6290319513546185,7.471009504146473,42.95673306719128,28.015099208199345,0.2689873095147249,0.043375464890817415,certain_temperate,310.4350891113281,345.86888885498047,POINT (541461.9592602343 8672085.67603667),dronbreen
dronbreen-20220329-DAT_0249_A1_1,1440.0,1495,131.31350708007812,541465.4850418669,8672089.010352736,441.60260009765625,2022-03-29 15:06:58.666666752+00:00,0,2022-05-03,100 MHz,20220329,36.892845153808594,130.27133178710938,131.73037719726562,2.0511048302044457,1.4678613235473632,10,2.6396694597369366,1.1290232340494792,3.2244635499347254,3.5283961433177318,127.400347927926,134.601361056449,39.70671081542969,33.87055206298828,6.155810735735409,5.098909027862549,10.0,10.0,1.9070040795546173,4.5160764058430996,7.073223023294888,7.869283098036695,44.608915489130155,28.968347389287814,0.28095240142592837,0.046878732223498136,certain_temperate,310.2890930175781,347.1819381713867,POINT (541465.4850418669 8672089.010352736),dronbreen
dronbreen-20220329-DAT_0249_A1_1,1445.0,1500,130.68820190429688,541469.1199570204,8672092.53413587,441.05413818359375,2022-03-29 15:07:00+00:00,0,2022-05-03,100 MHz,20220329,38.56031036376953,129.5418243408203,131.10507202148438,2.160222112200279,1.3906161804199217,10,2.6272271403118737,1.467730204264323,3.315172357592707,3.7044721585321883,126.5324133686696,134.11448299363508,41.0615234375,34.9127197265625,6.508387923456282,5.3306670799255365,10.0,10.0,1.8616066608930222,4.854775110880534,7.446504700469087,8.330278152576776,46.26098694223839,29.71325622182411,0.29505578775968844,0.04980088354281882,certain_temperate,310.3659362792969,348.9262466430664,POINT (541469.1199570204 8672092.53413587),dronbreen
dronbreen-20220329-DAT_0249_A1_1,1450.0,1505,129.95867919921875,541472.7331414901,8672095.933199184,440.6298522949219,2022-03-29 15:07:01.333333248+00:00,0,2022-05-03,100 MHz,20220329,40.01934814453125,128.81228637695312,130.68820190429688,2.28581717039567,1.236091960144043,10,2.6127118707737718,1.580632527669271,3.294326310665213,3.8143967601291813,125.75865534043147,133.74183294081854,42.31212615966797,35.95487976074219,6.825357626623576,4.944396118927002,10.0,10.0,1.8182940653881787,4.403165817260742,6.865938792574525,8.323434943208719,47.0759547168811,31.191051203529057,0.30793901870289114,0.052519444400944686,certain_temperate,310.6711730957031,350.6905212402344,POINT (541472.7331414901 8672095.933199184),dronbreen
dronbreen-20220329-DAT_0249_A1_1,1455.0,1509,129.22915649414062,541476.2805761033,8672099.39227624,440.1547546386719,2022-03-29 15:07:02.666666752+00:00,0,2022-05-03,100 MHz,20220329,41.16572570800781,128.39541625976562,130.1671142578125,2.3725534479658967,1.4678613235473632,10,2.598197443474001,1.5806159973144531,3.3769207499447504,3.857199340155505,125.3542031981336,133.20832731944452,42.62477111816406,36.68440246582031,7.073816033610795,4.789877554321289,10.0,10.0,1.7811870021784917,3.951573053995768,6.459913600288005,8.296169598987486,46.95923264617363,32.34994093781074,0.3185482814002141,0.054738545275048116,certain_temperate,310.92559814453125,352.09132385253906,POINT (541476.2805761033 8672099.39227624),dronbreen
dronbreen-20220329-DAT_0249_A1_1,1460.0,1513,128.49964904785156,541479.8091481784,8672102.633673528,439.7706298828125,2022-03-29 15:07:04+00:00,0,2022-05-03,100 MHz,20220329,42.207923889160156,127.87432861328125,129.750244140625,2.4944473319169127,1.62237423248291,10,2.5836841761655793,1.5806242624918623,3.4359707698947126,3.923781909466141,124.845500955367,132.77907179853926,43.14586639404297,37.309715270996094,7.078419318382382,4.944390463256836,10.0,10.0,1.7461571327762153,3.6128743489583335,6.36780361245944,8.136703622509257,47.15858689187313,33.296994773165935,0.3284672308594593,0.05508512568580225,certain_temperate,311.27098083496094,353.4789047241211,POINT (541479.8091481784 8672102.633673528),dronbreen
dronbreen-20220329-DAT_0249_A1_1,1465.0,1517,127.7701187133789,541483.2994175993,8672105.873894736,439.45119222005206,2022-03-29 15:07:05.333333248+00:00,0,2022-05-03,100 MHz,20220329,43.041648864746094,127.45748138427734,129.3333740234375,2.5752853379114775,1.6996306869506834,10,2.569171324457047,1.4677219390869143,3.4122710116451596,3.922619476389631,124.49862197820725,132.29223342950758,43.87538146972656,37.93499755859375,6.958599150166528,5.098909027862549,10.0,10.0,1.7152624991983796,4.403165817260743,6.951896714556966,8.411426560824749,48.60084384450532,33.20953518381499,0.3368678787980117,0.05446186651650882,certain_temperate,311.68107350667316,354.72272237141925,POINT (541483.2994175993 8672105.873894736),dronbreen
dronbreen-20220329-DAT_0249_A1_1,1470.0,1522,127.14482879638672,541486.9645602179,8672109.553742224,439.1430435180664,2022-03-29 15:07:06.750000128+00:00,0,2022-05-03,100 MHz,20220329,44.917564392089844,126.83216094970703,128.60386657714844,2.7290834245888242,1.6996419982910156,10,2.556732875344039,1.2419172922770183,3.311800790971032,3.9404489458800427,123.98976028183459,131.44626724502086,45.23020935058594,40.22779846191406,6.833519717751105,4.403595281982422,10.0,10.0,1.665859899441024,4.741864522298178,6.682216680106507,8.482768421057417,50.25617874488151,35.20182906761849,0.3532787358896215,0.05374595083764275,certain_temperate,311.9982147216797,356.91577911376953,POINT (541486.9645602179 8672109.553742224),dronbreen
dronbreen-20220329-DAT_0249_A1_1,1475.0,1526,126.62373352050781,541490.3335470983,8672113.100402314,438.7274169921875,2022-03-29 15:07:08+00:00,0,2022-05-03,100 MHz,20220329,46.272369384765625,126.31108093261719,127.87432861328125,2.800857629715864,1.5451121223449706,10,2.5463676003807914,1.1290232340494792,3.1852869399647425,3.950124666542835,123.5256399586792,130.65976958721924,46.480804443359375,42.72899627685547,6.800191979870691,3.399267029571533,10.0,10.0,1.6288329218768431,3.612849553426107,5.221187118023366,7.870729924611741,50.44385611890955,38.76594460130529,0.3654320410420643,0.053703928882884666,certain_temperate,312.1036834716797,358.3760528564453,POINT (541490.3335470983 8672113.100402314),dronbreen
dronbreen-20220329-DAT_0249_A1_1,1480.0,1530,126.10265350341797,541493.7159253767,8672116.83357964,438.26285552978516,2022-03-29 15:07:09.249999872+00:00,0,2022-05-03,100 MHz,20220329,47.2103271484375,125.79000091552734,127.24903869628906,2.8945124836336036,1.4678726348876951,10,2.536003093105613,1.354827880859375,3.228237963231225,4.079837348829719,122.91478435411929,130.12425525769711,48.0440673828125,43.458518981933594,6.790425598488633,3.6310363929748535,10.0,10.0,1.6000498939346544,3.7257684071858725,5.442971171536048,7.908943652326419,52.09888055817146,39.403705806574635,0.37438012473827825,0.05384839580956622,certain_temperate,312.1602020263672,359.3705291748047,POINT (541493.7159253767 8672116.83357964),dronbreen
dronbreen-20220329-DAT_0249_A1_1,1485.0,1535,125.37312316894531,541497.3397849434,8672120.281783104,437.77318028041293,2022-03-29 15:07:10.571428608+00:00,0,2022-05-03,100 MHz,20220329,48.46092987060547,125.1646957397461,126.31108093261719,3.0038506950985453,1.3906048690795898,10,2.5214932094404325,1.467730204264323,3.2320182331898857,4.187514651461893,122.24713512207866,129.22864155028464,49.08622741699219,43.66694641113281,6.82014646257836,4.171831574249268,10.0,10.0,1.5610106313489593,3.1612567901611333,5.4620945953386295,7.677544949757341,52.61189028864119,40.14128353948381,0.38653364170646387,0.054398792103056565,certain_temperate,312.4000571114676,360.8609869820731,POINT (541497.3397849434 8672120.281783104),dronbreen
dronbreen-20220329-DAT_0249_A1_1,1490.0,1540,124.7478256225586,541501.3086803383,8672123.860269146,437.2596130371094,2022-03-29 15:07:12+00:00,0,2022-05-03,100 MHz,20220329,48.773582458496094,124.4351806640625,125.5815658569336,3.113823860534988,1.3133540702819824,10,2.5090571932545727,1.5806242624918623,3.2432452839905137,4.29995815010303,121.46975640129664,128.54699011969944,49.50310516357422,43.56272888183594,6.144426784263066,4.558113846588134,10.0,10.0,1.5425285247738012,1.3548196156819663,4.999133152781185,6.478341681938892,51.55613473978043,41.509699305629724,0.3909774155588664,0.04925478062322192,certain_temperate,312.5117874145508,361.2853698730469,POINT (541501.3086803383 8672123.860269146),dronbreen
dronbreen-20220329-DAT_0249_A1_1,1495.0,1544,123.9140853881836,541504.9146698497,8672127.073107405,436.7882792154948,2022-03-29 15:07:13.333333248+00:00,0,2022-05-03,100 MHz,20220329,48.25249481201172,123.39300537109375,125.06048583984375,3.279279192850563,1.3133653816223143,10,2.492476724672875,1.580632527669271,3.2304439379450773,4.411860314564006,120.4415922501359,128.0118989608016,49.607322692871094,43.25007629394531,5.669436060581106,5.021646917724609,10.0,10.0,1.5363692640138646,1.3548196156819663,5.423366525760194,6.02814000761931,51.65572858683916,41.201670399977246,0.3894028242298035,0.045752958937804025,certain_temperate,312.8741938273112,361.12668863932294,POINT (541504.9146698497 8672127.073107405),dronbreen
dronbreen-20220329-DAT_0249_A1_1,1500.0,1549,123.28878021240234,541509.2258701614,8672130.61787305,436.08026123046875,2022-03-29 15:07:15+00:00,0,2022-05-03,100 MHz,20220329,48.56513977050781,122.66349029541016,124.4351806640625,3.4336480265943594,1.622379888153076,10,2.480042203371713,1.3548113505045574,3.258564043784377,4.447028434415069,119.83751734331723,127.26115361615543,49.29466247558594,43.66693878173828,5.0483949008419104,4.789877554321289,10.0,10.0,1.517896233724761,1.3548196156819663,5.204082258456657,5.442962083483501,51.32924969843789,41.63235155888633,0.3939137015293656,0.040947723646421984,certain_temperate,312.7914810180664,361.3566207885742,POINT (541509.2258701614 8672130.61787305),dronbreen
dronbreen-20220329-DAT_0249_A1_1,1505.0,1555,122.66349029541016,541513.1908469554,8672133.611410787,435.5527910505022,2022-03-29 15:07:16.571428608+00:00,0,2022-05-03,100 MHz,20220329,48.25250244140625,121.82974243164062,123.60144805908203,3.5685128292016226,1.776892797088623,10,2.4676087089692467,1.3548113505045574,3.3289569760485467,4.545205204191932,119.01467466406613,126.41651582665652,49.91997528076172,44.39647674560547,4.4056413195083985,4.635364645385742,10.0,10.0,1.5117400720241183,0.5645116170247396,4.908221348595789,4.691876687134805,51.53367643373875,42.78277559262844,0.3933729777719505,0.035916484268451065,certain_temperate,312.88930075509205,361.1418031964983,POINT (541513.1908469554 8672133.611410787),dronbreen
dronbreen-20220329-DAT_0249_A1_1,1510.0,1560,122.0381851196289,541516.8327804713,8672136.249381231,435.1556701660156,2022-03-29 15:07:18+00:00,0,2022-05-03,100 MHz,20220329,47.83563232421875,121.51710510253906,123.08036041259766,3.5686429134269995,1.3906105247497558,10,2.45517564563457,1.467730204264323,3.180552944846495,4.573546943782217,118.65666468130549,125.94080083383123,49.29467010498047,46.272377014160156,3.8902124161541902,2.858477503967285,10.0,10.0,1.5076364072753923,0.3387152353922527,3.2493982809000377,4.185862896707118,50.83988709531842,44.72716002382221,0.3919726623050604,0.03187700974363703,certain_temperate,313.1174850463867,360.95311737060547,POINT (541516.8327804713 8672136.249381231),dronbreen
dronbreen-20220329-DAT_0249_A1_1,1515.0,1565,121.30866241455078,541521.0130788259,8672139.479989478,434.6436055501302,2022-03-29 15:07:19.666666752+00:00,0,2022-05-03,100 MHz,20220329,47.21033477783203,121.30866241455078,122.55927276611328,3.51561405853825,1.3906161804199217,10,2.4406713483635967,0.6774222056070964,2.8895658560791193,4.333049697841504,118.77572390851228,125.09221127215179,48.565147399902344,46.79345703125,3.69345984767616,2.703958939361572,10.0,10.0,1.5055845587091439,0.4516092936197917,3.1276396472836403,4.014023102063961,50.13700484175487,45.22159958939747,0.38917529744495166,0.030446793940027285,certain_temperate,313.3349431355794,360.54527791341144,POINT (541521.0130788259 8672139.479989478),dronbreen
dronbreen-20220329-DAT_0249_A1_1,1520.0,1572,121.41287231445312,541524.6244056704,8672142.724063087,434.1781311035156,2022-03-29 15:07:21.500000+00:00,0,2022-05-03,100 MHz,20220329,47.62718963623047,121.10022735595703,121.51710510253906,3.4597176312376705,1.0815903625488281,10,2.442743176320073,0.11289405822753908,2.673869294898288,4.236671497973163,118.6548768097487,123.9624556487474,48.66935729980469,47.00188446044922,3.5181050688198616,2.472195231628418,10.0,10.0,1.4994301541974362,0.3386987050374349,2.9111435662634144,3.83927999439564,50.206565028158465,45.46467673209544,0.3922746305917093,0.028976376242118296,certain_temperate,312.7652587890625,360.39244842529297,POINT (541524.6244056704 8672142.724063087),dronbreen
dronbreen-20220329-DAT_0249_A1_1,1525.0,1578,121.20445251464844,541526.9061355604,8672147.651580006,433.7346435546875,2022-03-29 15:07:23.600000+00:00,0,2022-05-03,100 MHz,20220329,47.41876983642578,120.47493743896484,121.82974243164062,3.4825761339393804,1.7768814857482909,10,2.4385995414889807,0.6774222056070963,3.0924062447865586,4.305113830909005,117.94399520959654,124.36068466100893,48.4609375,46.689247131347656,3.471627075379771,2.3949387771606445,10.0,10.0,1.4994301541974362,0.0,2.825601269405199,3.7815982517748297,49.96036765419744,45.189816977150215,0.39122960297762066,0.028642735504788488,certain_temperate,312.5301910400391,359.94896087646487,POINT (541526.9061355604 8672147.651580006),dronbreen
dronbreen-20220329-DAT_0249_A1_1,1530.0,1584,122.0381851196289,541526.651217546,8672152.184427762,433.5385233561198,2022-03-29 15:07:25.333333248+00:00,0,2022-05-03,100 MHz,20220329,48.25250244140625,121.30866241455078,122.24662017822266,3.3025107921676846,1.0043339080810547,10,2.45517564563457,1.5806242624918623,3.0878709670283238,4.408269279715011,118.38868629990617,125.16659629286727,49.29467010498047,47.41876983642578,3.387436756596808,2.2404258682250977,10.0,10.0,1.4994301541974362,0.4516092936197917,2.733450166440299,3.731885518252592,50.86063362352115,45.8528063178851,0.39538856132698424,0.027757187254761662,certain_temperate,311.5003382364909,359.75284067789715,POINT (541526.651217546 8672152.184427762),dronbreen
dronbreen-20220329-DAT_0249_A1_1,1535.0,1592,122.66349029541016,541523.102165888,8672156.029386718,433.65108489990234,2022-03-29 15:07:27.750000128+00:00,0,2022-05-03,100 MHz,20220329,49.294677734375,122.14241027832031,123.39300537109375,2.679276148044939,1.236097615814209,10,2.4676087089692467,1.5806242624918623,3.180472152932704,3.9706405625844985,119.21197246124267,126.3234431881714,50.024200439453125,47.939849853515625,3.320240908057777,2.2404258682250977,10.0,10.0,1.4912253560902604,0.4516092936197917,2.7289580589929328,3.6676564321471856,51.582309555250305,46.381740737718445,0.4018691920118917,0.027067882220387255,certain_temperate,310.9875946044922,360.2822723388672,POINT (541523.102165888 8672156.029386718),dronbreen
dronbreen-20220329-DAT_0249_A1_1,1540.0,1597,123.49722290039062,541518.7052104381,8672156.71558517,433.9798278808594,2022-03-29 15:07:29.333333248+00:00,0,2022-05-03,100 MHz,20220329,50.12841033935547,123.28878021240234,124.12252807617188,2.343507977593863,0.8498209991455078,10,2.4841871156665123,2.822541554768881,3.8548829015456887,4.430570628608319,119.52873680121137,127.88257148736285,50.857933044433594,48.66936492919922,3.2928679011044775,2.317682322692871,10.0,10.0,1.4912253560902604,0.22580464680989584,2.765211049827931,3.6218392862317446,52.36615743130959,47.161140542323224,0.40590718691534977,0.026663497557029375,certain_temperate,310.48260498046875,360.6110153198242,POINT (541518.7052104381 8672156.71558517),dronbreen
dronbreen-20220329-DAT_0249_A1_1,1545.0,1604,125.26891326904297,541513.1973047039,8672155.225205474,434.4049639020647,2022-03-29 15:07:31.285714432+00:00,0,2022-05-03,100 MHz,20220329,51.69166564941406,124.64360809326172,125.37312316894531,2.385158338517381,1.1588355056762694,10,2.519420618444408,2.9354521433512373,4.038224766870234,4.544594573594785,120.77522864722127,129.24150261498576,52.62962341308594,50.33683776855469,3.497030518676248,2.3949387771606445,10.0,10.0,1.4953275717755206,0.3386987050374349,2.8436689515577993,3.8183692603334185,54.16282964830222,48.803631533338404,0.4126455981812077,0.027916187882668014,certain_temperate,309.13605063302174,360.8277162824358,POINT (541513.1973047039 8672155.225205474),dronbreen
dronbreen-20220329-DAT_0249_A1_1,1550.0,1609,126.20687103271484,541509.1369579975,8672152.840179317,434.7963300432478,2022-03-29 15:07:32.714285568+00:00,0,2022-05-03,100 MHz,20220329,53.15070343017578,125.47735595703125,126.72795104980469,2.0957719896822242,1.0043169410705566,10,2.538075987504576,1.8064371744791667,3.2731785013666643,3.7546378275972496,122.3620638385153,129.84324316832064,53.56758117675781,51.17058563232422,3.6677095273237184,2.2404315238952637,10.0,10.0,1.4850728769687067,1.0161209106445312,2.873582532000923,4.085344089765067,55.36700974020711,49.37115706887492,0.42113953856282726,0.029061092294832263,certain_temperate,308.58945901053295,361.74016244070873,POINT (541509.1369579975 8672152.840179317),dronbreen
dronbreen-20220329-DAT_0249_A1_1,1555.0,1613,126.93639373779297,541505.2155263559,8672150.0340913,435.2098693847656,2022-03-29 15:07:34+00:00,0,2022-05-03,100 MHz,20220329,54.29710388183594,126.62373352050781,127.45748138427734,1.9392931328588456,0.9270661422729491,10,2.5525867707214975,1.8064123789469402,3.2616370946234956,3.679630791265426,123.49662224892262,130.58459265586254,54.40132141113281,51.58745574951172,3.8417025090375216,2.1631694137573243,10.0,10.0,1.4768705333613696,0.33870697021484375,2.6410548832991756,4.129715141741426,55.91653393219487,50.072243228449665,0.4277504841834023,0.030264783770154687,certain_temperate,308.27347564697266,362.5705795288086,POINT (541505.2155263559 8672150.0340913),dronbreen
dronbreen-20220329-DAT_0249_A1_1,1560.0,1617,127.87432861328125,541501.2828542824,8672147.059299517,435.6287434895833,2022-03-29 15:07:35.333333248+00:00,0,2022-05-03,100 MHz,20220329,55.13081359863281,127.66590881347656,128.39541625976562,1.7303031817888903,1.0043225967407226,10,2.571244361650401,2.5967286427815757,3.789849745027532,4.043296466062064,124.01155562699319,132.049769446249,55.54768371582031,52.629608154296875,3.948790703577281,2.472195231628418,10.0,10.0,1.4789210900770036,0.5645198822021485,2.9355816376592845,4.254272947136142,57.13068412266678,51.04660774745041,0.43113277071709943,0.03088024583510621,certain_temperate,307.75441487630206,362.8852284749349,POINT (541501.2828542824 8672147.059299517),dronbreen
dronbreen-20220329-DAT_0249_A1_1,1565.0,1622,129.3333740234375,541497.1242251022,8672143.643326536,436.08900451660156,2022-03-29 15:07:36.750000128+00:00,0,2022-05-03,100 MHz,20220329,56.17298889160156,128.60386657714844,129.750244140625,1.5774748005100885,1.3906161804199217,10,2.600270880988085,2.3709487915039062,3.783730987754557,3.856323841781539,125.0849453182328,133.26916539954064,57.21516418457031,54.088653564453125,4.109847473614591,2.6267081405639647,10.0,10.0,1.487123660310542,0.9032103220621746,3.150701719084192,4.462977920997517,58.955085351444,52.34873239757944,0.4343270970524748,0.0317771611901953,certain_temperate,306.75563049316406,362.9286193847656,POINT (541497.1242251022 8672143.643326536),dronbreen
dronbreen-20220329-DAT_0249_A1_1,1570.0,1627,130.06289672851562,541493.2068130712,8672140.305704072,436.71030970982144,2022-03-29 15:07:38.142856960+00:00,0,2022-05-03,100 MHz,20220329,56.48564910888672,129.5418243408203,130.79241943359375,1.4691334098519175,1.7768758300781249,10,2.6147854294693107,1.2419420878092449,3.3965880979525354,3.246209476848362,126.64708376666916,133.68716000774492,58.15312194824219,54.713958740234375,4.311293564928081,3.6310420486450194,10.0,10.0,1.4953275717755206,0.7903079986572266,4.005628245192243,4.631181650793234,59.844450207230864,53.0226304812457,0.43429487217089274,0.03314775907172958,certain_temperate,306.6474129813058,363.13306209019254,POINT (541493.2068130712 8672140.305704072),dronbreen
dronbreen-20220329-DAT_0249_A1_1,1575.0,1631,130.4797821044922,541489.9250642174,8672137.528255759,437.22320556640625,2022-03-29 15:07:39.333333248+00:00,0,2022-05-03,100 MHz,20220329,56.589881896972656,130.27133178710938,131.417724609375,1.3878675749712814,1.3906048690795898,10,2.623080138923381,1.1290232340494792,3.1763225245786537,3.1751250816140324,127.4155931999418,134.27346319654256,58.674224853515625,55.13084411621094,4.532890654062284,3.708287191772461,10.0,10.0,1.5014815819952232,0.9032185872395834,4.1014198339196675,4.85976835241055,60.42643795625341,53.378631013473154,0.43370613427031746,0.03474017645455759,certain_temperate,306.74342346191406,363.3333053588867,POINT (541489.9250642174 8672137.528255759),dronbreen
dronbreen-20220329-DAT_0249_A1_1,1580.0,1636,131.10507202148438,541485.5174617528,8672133.794482568,437.7673645019531,2022-03-29 15:07:41+00:00,0,2022-05-03,100 MHz,20220329,56.69408416748047,131.0008544921875,132.14723205566406,1.2818659960590364,1.3133484146118164,10,2.6355219528403557,1.6935183207194011,3.3968903904422754,3.3848427878364054,127.86812720330394,135.27995934454762,58.36155700683594,54.81817626953125,4.78748809411562,4.094569464111328,10.0,10.0,1.5117400720241183,1.4677219390869143,4.604895746080845,5.230641259648701,60.46858470856189,52.711148567805296,0.43243242456851655,0.036516421678415976,certain_temperate,306.66229248046875,363.3563766479492,POINT (541485.5174617528 8672133.794482568),dronbreen
dronbreen-20220329-DAT_0249_A1_1,1585.0,1642,132.04302978515625,541481.6105335723,8672130.603434797,438.21978759765625,2022-03-29 15:07:42.500000+00:00,0,2022-05-03,100 MHz,20220329,56.798309326171875,131.62615966796875,133.08518981933594,1.1856641545602487,1.236091960144043,10,2.654186256828534,1.806420644124349,3.4403173637600406,3.4225224202136593,128.415574015871,136.2957754714337,57.73626708984375,53.77601623535156,5.1566104938732575,4.171825918579101,10.0,10.0,1.5281581013691878,3.0483462015787763,5.388117782898625,6.182096208648312,61.146205761940365,50.36607756325495,0.4301500004853487,0.03905250055427722,certain_temperate,306.1767578125,362.9750671386719,POINT (541481.6105335723 8672130.603434797),dronbreen
dronbreen-20220329-DAT_0249_A1_1,1590.0,1647,132.7725372314453,541477.859620085,8672127.32416269,438.60899353027344,2022-03-29 15:07:44+00:00,0,2022-05-03,100 MHz,20220329,55.547691345214844,132.3556671142578,133.6062774658203,1.0813284379529589,1.0815903625488281,10,2.6687035536286556,1.3548113505045574,3.182346644374981,3.1822576330856656,129.3627600905422,136.59918448953593,56.79829406738281,53.15069580078125,5.09706896495405,3.399267029571533,10.0,10.0,1.5671728458791068,3.725760142008464,5.281319503966014,6.505184962638457,60.840239065108506,49.10875080305556,0.41836732583023317,0.0383894822772648,certain_temperate,305.8364562988281,361.38414764404297,POINT (541477.859620085 8672127.32416269),dronbreen
dronbreen-20220329-DAT_0249_A1_1,1595.0,1651,133.2936248779297,541474.542369322,8672124.275379037,438.98058064778644,2022-03-29 15:07:45.333333248+00:00,0,2022-05-03,100 MHz,20220329,54.6097412109375,132.98098754882812,134.1273651123047,1.0491539317186023,1.1588468170166015,10,2.6790737528555075,1.1290232340494792,3.129705350599693,3.0907690966333026,130.07373289258234,137.03461976855047,56.79829406738281,53.15069580078125,5.1447674974858115,3.55377993850708,10.0,10.0,1.595939040053944,2.9354438781738286,4.87782779860174,6.134532156950759,60.1395291955168,49.80946067264726,0.40969507177068,0.03859725101029693,certain_temperate,305.68695576985675,360.29669698079425,POINT (541474.542369322 8672124.275379037),dronbreen
dronbreen-20220329-DAT_0249_A1_1,1600.0,1655,133.81471252441406,541471.2426408083,8672121.072067877,439.3559265136719,2022-03-29 15:07:46.666666752+00:00,0,2022-05-03,100 MHz,20220329,53.880226135253906,133.50205993652344,134.5442352294922,0.9472994680574905,1.1588355056762694,10,2.6894443506413426,1.467730204264323,3.275704900769054,3.206979755141655,130.4381828391668,137.6081123268488,56.589866638183594,53.15070343017578,5.026594330262712,4.01731866531372,10.0,10.0,1.6206075545052638,2.8225498199462895,5.170300338517712,5.988305844963799,59.84457957971905,49.89599048864032,0.4026479982567211,0.03756383909837736,certain_temperate,305.5412139892578,359.4214401245117,POINT (541471.2426408083 8672121.072067877),dronbreen
dronbreen-20220329-DAT_0249_A1_1,1605.0,1660,134.64845275878906,541467.3525106276,8672117.230248531,439.62669372558594,2022-03-29 15:07:48.249999872+00:00,0,2022-05-03,100 MHz,20220329,53.35913848876953,134.23158264160156,135.06532287597656,0.8012623508118571,0.7725532333374023,10,2.706038124663867,1.806420644124349,3.3440449120777433,3.350793820944749,130.9780003273435,138.31890519023463,55.130828857421875,52.52539825439453,4.7219029857405275,3.012984757232666,10.0,10.0,1.6473436331852565,3.4999554951985683,4.903213911454714,6.1040803829006025,58.999088093068664,48.65713901874774,0.3962848246340993,0.035068379093812566,certain_temperate,304.9782409667969,358.3373794555664,POINT (541467.3525106276 8672117.230248531),dronbreen
dronbreen-20220329-DAT_0249_A1_1,1610.0,1666,135.482177734375,541463.1821971129,8672113.565899355,440.0904235839844,2022-03-29 15:07:50+00:00,0,2022-05-03,100 MHz,20220329,52.31696319580078,134.9611053466797,135.58641052246094,0.6754059988045319,0.8498096878051757,10,2.7226325851020574,1.2419090270996094,3.1108266956772983,3.0677743541975437,131.96860368000497,138.57891218913565,52.9422607421875,51.06635284423828,4.173543774943031,1.5451234336853026,10.0,10.0,1.6843815374489328,4.064458847045898,4.6630862428601905,6.064275267861299,57.34191605630343,46.66669753012235,0.38615384008937986,0.030805112854958967,certain_temperate,304.6082458496094,356.92520904541016,POINT (541463.1821971129 8672113.565899355),dronbreen
dronbreen-20220329-DAT_0249_A1_1,1615.0,1671,135.79483032226562,541459.8724156646,8672110.805391982,440.50531005859375,2022-03-29 15:07:51.428571392+00:00,0,2022-05-03,100 MHz,20220329,50.75370788574219,135.58641052246094,136.42013549804688,0.6646865359834866,0.6180516357421875,10,2.728855873237201,1.129039764404297,3.0171796418096934,3.027076701642197,132.63321138144332,139.3733346390645,51.170570373535156,49.50310516357422,3.7453907096511947,1.4678613235473632,10.0,10.0,1.7214403858703642,4.177369435628256,4.7506198826040436,5.868707180612108,55.68873066327994,44.984944873829434,0.3737528723685172,0.02758124665543384,certain_temperate,304.7104797363281,355.4641876220703,POINT (541459.8724156646 8672110.805391982),dronbreen
dronbreen-20220329-DAT_0249_A1_1,1620.0,1676,136.5243682861328,541455.8487176393,8672107.757038316,441.12994384765625,2022-03-29 15:07:53+00:00,0,2022-05-03,100 MHz,20220329,49.50312042236328,136.10748291015625,137.149658203125,0.6550874057944788,0.8498209991455078,10,2.7433777090242333,2.1451441446940107,3.5846841404055003,3.5435722322420053,132.62498888203703,140.63215223124422,49.7115478515625,48.356727600097656,3.37916311148072,1.8541492515563964,10.0,10.0,1.7605791751315945,4.9676856994628915,5.587075235541607,6.260693537823683,54.98198808370205,43.08628736795811,0.3625954915141069,0.024751355043068538,certain_temperate,304.60557556152344,354.1086959838867,POINT (541455.8487176393 8672107.757038316),dronbreen
dronbreen-20220329-DAT_0249_A1_1,1625.0,1682,137.77496337890625,541451.7140967409,8672104.279922463,441.74403889973956,2022-03-29 15:07:54.666666752+00:00,0,2022-05-03,100 MHz,20220329,48.148284912109375,136.9412384033203,137.9833984375,0.6664095029242851,0.4635387268066406,10,2.7682731464982973,2.4838180541992188,3.74800700256004,3.77846396907227,133.22200617878934,141.70263066203097,48.773590087890625,47.314552307128906,3.0742774687666343,1.9314000503540039,10.0,10.0,1.8121083293214666,5.419286727905273,6.031808301906977,6.488727702054747,54.487818402934266,41.600323992085265,0.3494704968978494,0.022313760013942526,certain_temperate,303.9690755208333,352.1173604329427,POINT (541451.7140967409 8672104.279922463),dronbreen
dronbreen-20220329-DAT_0249_A1_1,1630.0,1689,138.81712341308594,541448.0594021209,8672100.923947465,442.1797572544643,2022-03-29 15:07:56.857143040+00:00,0,2022-05-03,100 MHz,20220329,46.79345703125,137.77496337890625,138.92135620117188,0.7913333008391816,0.4635387268066406,10,2.78902088573635,2.145127614339193,3.548954512828201,3.6064412342212324,134.2564111222424,142.4399084578357,47.52296447753906,44.91754150390625,2.8631599048662704,2.2404371795654296,10.0,10.0,1.8595435111183003,5.419286727905273,6.151920794725133,6.405017982006471,53.25241215676543,39.18809382467988,0.3370870673641902,0.020625408699373522,certain_temperate,303.36263384137834,350.15609087262834,POINT (541448.0594021209 8672100.923947465),dronbreen
dronbreen-20220329-DAT_0249_A1_1,1635.0,1697,139.7550811767578,541444.5878584003,8672097.547039,442.6072082519531,2022-03-29 15:07:59+00:00,0,2022-05-03,100 MHz,20220329,45.12598419189453,138.81712341308594,139.96351623535156,0.9288348511493045,0.8498096878051757,10,2.8076953335233625,1.467730204264323,3.280177059837805,3.3015328590077986,135.64894017368852,143.13169947474898,45.95972442626953,42.52055358886719,2.7846750209645954,2.6267137962341307,10.0,10.0,1.9111322294567334,5.193490346272787,6.125715773901334,6.195093489825724,51.49368940404965,36.98658861108707,0.3228933346245967,0.019925393749674305,certain_temperate,302.8521270751953,347.97811126708984,POINT (541444.5878584003 8672097.547039),dronbreen
dronbreen-20220329-DAT_0249_A1_1,1640.0,1703,140.1719512939453,541440.8290725407,8672093.895442314,443.0506286621094,2022-03-29 15:08:01+00:00,0,2022-05-03,100 MHz,20220329,43.35429382324219,139.54664611816406,140.5888214111328,0.9075474806743676,0.7725645446777343,10,2.815995449538381,0.5645116170247396,2.974114946210027,3.0120003597700893,136.67462527256131,143.46084225673556,44.18804168701172,40.43621826171875,2.853783604729032,2.858477503967285,10.0,10.0,1.9544880453064324,4.177369435628256,5.425986782296279,5.423515445132162,48.800030295081655,35.824229653648814,0.3092936455762592,0.02035916300219401,certain_temperate,302.87867736816406,346.23297119140625,POINT (541440.8290725407 8672093.895442314),dronbreen
dronbreen-20220329-DAT_0249_A1_1,1645.0,1707,140.2761688232422,541437.7182401019,8672090.859320942,443.38661499023436,2022-03-29 15:08:02.300000+00:00,0,2022-05-03,100 MHz,20220329,41.791038513183594,140.0677490234375,140.7972412109375,0.8694449386229408,0.7725419219970703,10,2.8180705129380095,0.4516092936197917,2.9567369499530036,2.9835225608785856,137.2137216286891,143.6512686056859,43.25007629394531,39.18561553955078,2.7240551236672346,3.0129904129028318,10.0,10.0,1.9875332341562717,3.725760142008464,5.1874548885652,5.025142118331812,47.472821490219246,34.96287034327685,0.2979197312256456,0.019419229556374148,certain_temperate,303.1104461669922,344.90148468017577,POINT (541437.7182401019 8672090.859320942),dronbreen
dronbreen-20220329-DAT_0249_A1_1,1650.0,1712,140.5888214111328,541434.0742906011,8672087.211285438,443.7729064941406,2022-03-29 15:08:03.800000+00:00,0,2022-05-03,100 MHz,20220329,40.332000732421875,140.38040161132812,141.0056915283203,0.7997550171492126,0.8498209991455078,10,2.824295785201784,0.4516092936197917,2.98375491067564,2.9698831161929027,137.5202272046892,143.86586593495923,41.791038513183594,37.41392517089844,2.613172385768162,3.399261373901367,10.0,10.0,2.0226547003977915,3.7257518768310547,5.433906235191146,4.980063152460286,46.03042043567552,33.17454324840651,0.2868791439290642,0.018587341152297564,certain_temperate,303.1840850830078,343.5160858154297,POINT (541434.0742906011 8672087.211285438),dronbreen
dronbreen-20220329-DAT_0249_A1_1,1655.0,1717,140.6930389404297,541430.5731852781,8672083.71652759,444.14305877685547,2022-03-29 15:08:05.249999872+00:00,0,2022-05-03,100 MHz,20220329,38.76875305175781,140.5888214111328,141.4225616455078,0.7686656884604349,0.7725532333374023,10,2.826370903210919,0.4516092936197917,2.9646520765413853,2.9636414049640734,137.72659789844184,144.2847851581988,38.76875305175781,35.53800964355469,2.6819826143042516,3.553785594177246,10.0,10.0,2.0557198305134596,4.854775110880534,6.35800420322078,5.915053350750242,44.04083284997705,30.26592984533545,0.2755555878508868,0.019062653237874972,certain_temperate,303.4500198364258,342.2187728881836,POINT (541430.5731852781 8672083.71652759),dronbreen
dronbreen-20220329-DAT_0249_A1_1,1660.0,1723,141.0056915283203,541426.4332635965,8672079.681046324,444.5727233886719,2022-03-29 15:08:07+00:00,0,2022-05-03,100 MHz,20220329,36.267539978027344,140.90147399902344,141.9436492919922,0.646186307995292,0.5408178039550781,10,2.8325963385826665,0.7903162638346355,2.9900979434306594,3.010939813226769,137.9606914816935,144.88443180932214,37.101280212402344,33.45366668701172,2.90400655948414,3.553791249847412,10.0,10.0,2.1115378651752508,4.064475377400717,5.797239385867862,5.423265284594924,41.68151516811865,28.873431731295412,0.2572062133445385,0.020594959877210946,certain_temperate,303.56703186035156,339.8345718383789,POINT (541426.4332635965 8672079.681046324),dronbreen
dronbreen-20220329-DAT_0249_A1_1,1665.0,1727,141.4225616455078,541423.0969222202,8672076.414701214,444.9148356119792,2022-03-29 15:08:08.333333248+00:00,0,2022-05-03,100 MHz,20220329,35.74645233154297,141.0056915283203,141.9436492919922,0.601294334614181,0.7725645446777343,10,2.8408971077726455,0.6774139404296875,3.021000165397641,2.9818016199067587,138.08514602728127,144.86419479303123,36.16332244873047,32.307289123535156,3.2011951750577703,3.3220105751037594,10.0,10.0,2.1301492980293233,3.0483627319335938,4.986562507222553,4.906903496722715,39.88220015273426,28.58841141953137,0.2527634340349854,0.022635675226149135,certain_temperate,303.4922739664714,339.23872629801434,POINT (541423.0969222202 8672076.414701214),dronbreen
dronbreen-20220329-DAT_0249_A1_1,1670.0,1732,141.63099670410156,541419.6733024061,8672073.285248395,445.25758361816406,2022-03-29 15:08:09.750000128+00:00,0,2022-05-03,100 MHz,20220329,34.07897186279297,141.1099090576172,141.9436492919922,0.5837804175720513,0.7725645446777343,10,2.8450475727057523,0.22580464680989584,2.956710909976312,2.9130882247917644,138.25591476374066,144.7976435858687,35.016929626464844,30.327171325683594,3.63153108601121,3.6310477043151854,10.0,10.0,2.167379804968706,4.403174082438151,6.1049147946759925,6.105202310153776,39.92462534026386,25.41947561188458,0.24061803316961378,0.025640793121002182,certain_temperate,303.6265869140625,337.70555877685547,POINT (541419.6733024061 8672073.285248395),dronbreen
dronbreen-20220329-DAT_0249_A1_1,1675.0,1738,141.63099670410156,541415.8018703932,8672069.464103702,445.64390781947543,2022-03-29 15:08:11.428571392+00:00,0,2022-05-03,100 MHz,20220329,31.890419006347656,141.31834411621094,142.15206909179688,0.5286750935692155,0.6953080902099609,10,2.8450475727057523,0.11288579305013022,2.9309541507063654,2.895951699837528,138.47105788310554,144.99935532490227,32.72416687011719,28.034393310546875,4.081266565069784,4.789877554321289,10.0,10.0,2.2108273920355486,4.403165817260742,6.871575798683956,6.397840553407429,37.65119710867552,23.107363071988544,0.2251655340177672,0.028816196030848045,certain_temperate,304.01291111537387,335.9033301217215,POINT (541415.8018703932 8672069.464103702),dronbreen
dronbreen-20220329-DAT_0249_A1_1,1680.0,1743,141.73519897460938,541412.1022878871,8672065.840998627,446.0092468261719,2022-03-29 15:08:13+00:00,0,2022-05-03,100 MHz,20220329,30.11871337890625,141.4225616455078,142.3605194091797,0.5346880672302279,0.6953080902099609,10,2.84712252130969,0.11288579305013022,2.932968324740795,2.8990931656053758,138.57320209402587,145.20987896066163,31.056671142578125,26.158470153808594,4.325660150696156,4.635364645385742,10.0,10.0,2.248078277706166,3.9515565236409507,6.492708240627771,6.2753478502425954,35.602950379737194,21.612190916649524,0.21249988426870417,0.03051930770895563,certain_temperate,304.2740478515625,334.39276123046875,POINT (541412.1022878871 8672065.840998627),dronbreen
dronbreen-20220329-DAT_0249_A1_1,1685.0,1748,141.73519897460938,541408.8048304487,8672062.761983063,446.3122253417969,2022-03-29 15:08:14.500000+00:00,0,2022-05-03,100 MHz,20220329,28.347030639648438,141.63099670410156,142.46473693847656,0.5116171249701202,0.6180403244018554,10,2.84712252130969,0.11291885375976564,2.915618486954357,2.8949282204306823,138.78163584263046,145.31409779994766,29.284988403320312,24.17835235595703,4.562611081915653,4.249088028717041,10.0,10.0,2.2832675461590077,4.403165817260742,6.531150662587941,6.739332295298694,34.24494605451416,19.218394704763185,0.19999993540578836,0.032191093778568054,certain_temperate,304.5770263671875,332.92405700683594,POINT (541408.8048304487 8672062.761983063),dronbreen
dronbreen-20220329-DAT_0249_A1_1,1690.0,1754,141.8394317626953,541405.2105623012,8672059.540915435,446.6224147251674,2022-03-29 15:08:16.285714432+00:00,0,2022-05-03,100 MHz,20220329,26.158485412597656,141.73519897460938,142.67315673828125,0.4824840146879849,0.4635387268066406,10,2.8491980908855252,0.33872350056966144,2.9064637486460083,2.909545358878827,138.86593715822804,145.5424185546626,27.409103393554688,22.094017028808594,4.869278405122802,4.017324320983887,10.0,10.0,2.328817841605837,5.757993698120118,7.397079063180366,7.892259255344309,33.62021311460879,15.882907307754493,0.18442322482200965,0.0343295115089671,certain_temperate,304.7829829624721,330.94146837506975,POINT (541405.2105623012 8672059.540915435),dronbreen
dronbreen-20220329-DAT_0249_A1_1,1695.0,1761,142.04786682128906,541401.3328426409,8672055.832605146,446.9605000813802,2022-03-29 15:08:18.333333248+00:00,0,2022-05-03,100 MHz,20220329,23.344627380371094,141.9436492919922,142.881591796875,0.49385311604718873,0.5408064926147461,10,2.853348662079605,0.4516092936197917,2.9390510720178886,2.930774716982654,139.0547828116101,145.7704582772571,24.69945526123047,20.009681701660156,5.283528027055793,3.940067866516113,10.0,10.0,2.38887915590286,6.435399373372396,7.914874825861861,8.662377106140847,31.563936939864988,13.145200023025637,0.16434338580910232,0.03719540564240235,certain_temperate,304.9126332600911,328.2572606404622,POINT (541401.3328426409 8672055.832605146),dronbreen
dronbreen-20220329-DAT_0249_A1_1,1700.0,1768,142.2563018798828,541397.9657147605,8672052.317253051,447.25269571940106,2022-03-29 15:08:20.333333248+00:00,0,2022-05-03,100 MHz,20220329,20.634986877441406,142.15206909179688,142.881591796875,0.49483065118007896,0.6953080902099609,10,2.8574992860569783,0.4516092936197917,2.9753498053525287,2.934980493503698,139.2591029454516,145.7745579432203,21.98980712890625,17.612693786621094,5.903547583936419,3.6310307373046875,10.0,10.0,2.4468873503226973,5.419286727905274,6.9670876670005315,8.379009513076173,27.93589208830764,11.666608827219704,0.14505499302846353,0.041499374761767724,certain_temperate,304.99639383951825,325.63138071695965,POINT (541397.9657147605 8672052.317253051),dronbreen
dronbreen-20220329-DAT_0249_A1_1,1705.0,1773,142.46473693847656,541394.6458149999,8672048.927425258,447.58978271484375,2022-03-29 15:08:22+00:00,0,2022-05-03,100 MHz,20220329,18.759078979492188,142.2563018798828,142.98582458496094,0.5217760752452999,0.7725645446777343,10,2.86164996258797,0.22580464680989584,2.972689728611748,2.9175809362550784,139.3857569408685,145.85636952397525,20.113906860351562,15.945213317871094,6.384006744031144,3.3992726852416992,10.0,10.0,2.4883319562361637,4.9676856994628915,6.513428584217725,8.463169574155378,25.669957358058923,10.389162820163733,0.1316752438717049,0.04481113629394535,certain_temperate,305.1250457763672,323.8841247558594,POINT (541394.6458149999 8672048.927425258),dronbreen
dronbreen-20220329-DAT_0249_A1_1,1710.0,1779,142.46473693847656,541390.7540719553,8672045.13896328,447.94529506138394,2022-03-29 15:08:23.714285568+00:00,0,2022-05-03,100 MHz,20220329,16.25786590576172,142.46473693847656,143.19424438476562,0.5622989622651765,0.7725419219970703,9,2.86164996258797,0.22578811645507815,2.9726825937450827,2.925098443621438,139.59419329973633,146.06478802350586,17.612693786621094,14.069320678710938,7.0016524067969526,2.9357226470947264,10.0,10.0,2.538075987504576,5.080571492513021,6.393160710442698,9.015385340321782,23.291957507288004,8.390056958044028,0.1141185268378566,0.049146564667582396,certain_temperate,305.4805581229074,321.7384240286691,POINT (541390.7540719553 8672045.13896328),dronbreen
dronbreen-20220329-DAT_0249_A1_1,1715.0,1784,142.67315673828125,541387.0383177691,8672041.6217752,448.2652587890625,2022-03-29 15:08:25.333333248+00:00,0,2022-05-03,100 MHz,20220329,14.277740478515625,142.56893920898438,143.40269470214844,0.5306787919842821,0.5407951812744141,8,2.8658003875822313,0.451592763264974,2.951136613813293,2.949299555074333,139.66777601376427,146.30385789736854,15.736763000488281,12.92291259765625,7.545880228234452,2.5494460304260254,10.0,10.0,2.581610576095356,4.854775110880534,6.060794469860162,9.336694434471555,21.235267755767893,7.424407842376638,0.10007306773695786,0.05288927784836616,certain_temperate,305.59210205078125,319.8698425292969,POINT (541387.0383177691 8672041.6217752),dronbreen
dronbreen-20220329-DAT_0249_A1_1,1720.0,1789,142.881591796875,541383.6347692418,8672038.353466263,448.55291748046875,2022-03-29 15:08:26.750000128+00:00,0,2022-05-03,100 MHz,20220329,12.193389892578125,142.56893920898438,143.09002685546875,0.5746137108976154,0.6952967788696288,10,2.8699511685329293,0.4516092936197917,2.987307864039757,2.961545471641255,139.6636731860792,145.99529287837393,14.069305419921875,11.672317504882812,8.060472643295507,3.167514633178711,10.0,7.0,2.6272271403118737,4.5160764058430996,6.109862314455645,9.605648743500842,19.29398421868109,6.447638706123598,0.08533912409033513,0.05641365372492861,certain_temperate,305.67132568359375,317.8647155761719,POINT (541383.6347692418 8672038.353466263),dronbreen
dronbreen-20220329-DAT_0249_A1_1,1725.0,1794,143.09002685546875,541379.9918182824,8672034.767645193,448.8565165201823,2022-03-29 15:08:28.333333248+00:00,0,2022-05-03,100 MHz,20220329,10.525924682617188,142.67315673828125,143.2984619140625,0.5896406516604823,0.6953080902099609,10,2.8741020013561642,0.33870697021484375,2.976346429128009,2.953448970942655,139.7791655969901,146.19245305535364,13.444000244140625,10.109039306640625,7.552842682932543,4.5581195022583,10.0,7.0,2.6645555865768107,3.4999554951985683,6.334508531780173,8.740422045614045,17.8428120089617,5.710227541819535,0.07356155361721423,0.05278385118035835,certain_temperate,305.76648966471356,316.29241434733075,POINT (541379.9918182824 8672034.767645193),dronbreen
dronbreen-20220329-DAT_0249_A1_1,1730.0,1799,143.19424438476562,541376.478447807,8672031.433945885,449.1356506347656,2022-03-29 15:08:30+00:00,0,2022-05-03,100 MHz,20220329,9.275314331054688,142.67315673828125,143.50689697265625,0.639047079015939,0.7725645446777343,10,2.8761774371498,0.33872350056966144,2.997329850967503,2.9657227498548413,139.77710248122602,146.40295122971148,12.297607421875,7.920501708984375,7.1828689594135975,6.257750189208984,10.0,7.0,2.6915185176201724,3.2741673787434897,7.558034227579641,8.340146907748549,16.536055717503984,3.6820534133553906,0.06477435158728687,0.050161715579245585,certain_temperate,305.94140625,315.2167205810547,POINT (541376.478447807 8672031.433945885),dronbreen
dronbreen-20220329-DAT_0249_A1_1,1735.0,1805,143.40269470214844,541373.3112635922,8672028.119765708,449.4064679827009,2022-03-29 15:08:31.571428608+00:00,0,2022-05-03,100 MHz,20220329,7.8162841796875,142.77737426757812,143.71533203125,0.6794124370009946,0.7725532333374023,10,2.8803286512367015,0.4516092936197917,3.016137031296635,2.993634138095441,139.86185645881434,146.63084984001378,10.942794799804688,0.7295379638671875,7.255841668382914,8.96170347290039,9.0,6.0,2.7247073030595637,3.612857818603516,10.03936754188159,8.551257791777326,15.467921483643565,0.0,0.05450583893086632,0.05059766612791697,uncertain_temperate,306.0037732805525,313.82005746024,POINT (541373.3112635922 8672028.119765708),dronbreen
dronbreen-20220329-DAT_0249_A1_1,1740.0,1811,143.61111450195312,541369.5543474228,8672024.335513717,449.7186584472656,2022-03-29 15:08:33.333333248+00:00,0,2022-05-03,100 MHz,20220329,6.35723876953125,142.881591796875,144.02798461914062,0.8106193594011533,0.9270774536132812,9,2.884479308887002,0.33869043986002606,3.048672613195438,3.015300290731547,139.97729634058103,146.9322800754346,9.692184448242188,0.729522705078125,7.0980749646333425,6.9530356567382805,9.0,6.0,2.757899664858829,2.145127614339193,7.781535059813258,7.911400081324646,13.186119628412115,0.0,0.044267038742637085,0.04942566589814194,uncertain_temperate,306.1075439453125,312.46478271484375,POINT (541369.5543474228 8672024.335513717),dronbreen
dronbreen-20220329-DAT_0249_A1_1,1745.0,1815,143.71533203125,541366.513231142,8672021.01636441,449.9865214029948,2022-03-29 15:08:34.666666752+00:00,0,2022-05-03,100 MHz,20220329,6.1488037109375,142.98582458496094,144.23641967773438,0.8548223529623455,0.7725419219970703,9,2.8865548088233095,0.33872350056966144,3.007283374645972,3.029464231395251,140.0794639269938,147.1427803357015,8.754226684570312,0.7295074462890625,7.095271715791647,6.48949692993164,9.0,6.0,2.7641237102635867,0.9032185872395834,7.111241389909964,7.668054800462067,11.662178489875288,0.0,0.04278460498285932,0.049370318500525916,uncertain_temperate,306.2711893717448,312.4199930826823,POINT (541366.513231142 8672021.01636441),dronbreen
dronbreen-20220329-DAT_0249_A1_1,1750.0,1821,143.9237823486328,541362.6633260451,8672016.990010316,450.3171691894531,2022-03-29 15:08:36.333333248+00:00,0,2022-05-03,100 MHz,20220329,7.5036468505859375,143.19424438476562,144.549072265625,0.9010430079603895,0.7725419219970703,9,2.890706150789916,0.4516092936197917,3.0260459390996277,3.0613741206348375,140.2684738872217,147.47484276316894,14.277755737304688,0.7295379638671875,7.673875304501258,10.19782936706543,7.0,4.0,2.7413028558921004,0.33870697021484375,10.565282180764335,8.15584612093856,17.03990413291892,0.0,0.05213625384308987,0.053319021910586656,uncertain_temperate,306.3933868408203,313.89703369140625,POINT (541362.6633260451 8672016.990010316),dronbreen
dronbreen-20220329-DAT_0249_A1_1,1755.0,1827,144.1322021484375,541358.6341103032,8672013.392376477,450.6388854980469,2022-03-29 15:08:38.142856960+00:00,0,2022-05-03,100 MHz,20220329,6.253021240234375,143.40269470214844,144.549072265625,0.9181254813484855,1.0043339080810547,10,2.894856935750577,0.7902997334798177,3.16440467483583,3.138108466369969,140.40189974960646,147.54986721816698,14.486175537109375,0.521087646484375,7.200951781747602,5.407929190063476,8.0,4.0,2.7703478863072055,1.580632527669271,6.278449229183394,7.875717945796873,17.675725128931546,0.0,0.043383929108323574,0.04996074211321321,uncertain_temperate,306.5066833496094,312.75970458984375,POINT (541358.6341103032 8672013.392376477),dronbreen
dronbreen-20220329-DAT_0249_A1_1,1760.0,1832,144.65328979492188,541355.1379718925,8672010.741609761,450.89002482096356,2022-03-29 15:08:39.666666752+00:00,0,2022-05-03,100 MHz,20220329,6.77410888671875,143.71533203125,144.7574920654297,0.8720135206163782,0.9270661422729491,10,2.905234878524878,1.580632527669271,3.434856695565691,3.4204088157793917,140.40794803677286,148.06487605990682,15.00726318359375,0.7295074462890625,7.703945248047371,3.708309814453125,7.0,3.0,2.7703478863072055,0.33870697021484375,4.641240297895411,8.193919831664854,17.79823968346595,0.0,0.04682996768564719,0.05325800235148072,uncertain_temperate,306.2367350260417,313.01084391276044,POINT (541355.1379718925 8672010.741609761),dronbreen
dronbreen-20220329-DAT_0249_A1_1,1765.0,1849,145.59124755859375,541350.3522162617,8672012.467850402,450.8813415527344,2022-03-29 15:08:44.800000+00:00,0,2022-05-03,100 MHz,20220329,7.3994140625,145.17437744140625,146.21653747558594,0.7071754608677323,0.7725758560180663,10,2.9239159608762857,2.0322418212890625,3.643647186510438,3.630342752264154,141.61357818190518,149.777336735087,15.00726318359375,0.4168701171875,7.54007370238167,3.24474846496582,7.0,3.0,2.776572192111136,5.419278462727865,6.899733675692778,9.69178227324255,21.096428331180974,0.0,0.05082320665960416,0.05178933369155408,uncertain_temperate,305.29009399414065,312.68950805664065,POINT (541350.3522162617 8672012.467850402),dronbreen
dronbreen-20220329-DAT_0249_A1_1,1770.0,1860,146.52920532226562,541349.6889937761,8672017.583663413,450.5620422363281,2022-03-29 15:08:48+00:00,0,2022-05-03,100 MHz,20220329,3.647613525390625,146.4249725341797,146.94606018066406,0.6484193998454738,0.5407951812744141,10,2.9425980365911126,1.5806159973144531,3.3837389917081167,3.402598691296433,143.08472851077119,150.28630420407256,14.486175537109375,0.1042327880859375,7.213262065241583,4.944390463256836,8.0,4.0,2.8699511685329293,2.3709487915039062,6.189104534166676,8.117214269905078,18.20881141531413,0.0,0.02489342324192867,0.04922747004173852,uncertain_temperate,304.0328369140625,307.6804504394531,POINT (541349.6889937761 8672017.583663413),dronbreen
dronbreen-20220329-DAT_0249_A1_1,1775.0,1867,147.05027770996094,541352.1164840722,8672021.805519985,450.26427786690846,2022-03-29 15:08:50.285714432+00:00,0,2022-05-03,100 MHz,20220329,6.6698760986328125,146.7376251220703,147.36293029785156,0.7149844942485035,0.5407951812744141,10,2.9529770858966473,0.5644950866699219,3.0546992979333933,3.090296296428698,143.73117732230642,150.36937809761545,15.528335571289062,0.0,7.6932127773702454,6.644021150207519,8.0,4.0,2.820145893854272,4.628978729248048,8.574595266416884,9.41096115050672,20.948729186005068,0.0,0.04535779328338532,0.05231688710268325,uncertain_temperate,303.2140001569475,309.88387625558033,POINT (541352.1164840722 8672021.805519985),dronbreen
dronbreen-20220329-DAT_0249_A1_1,1780.0,1875,147.05027770996094,541355.5493492767,8672025.20757092,450.0016632080078,2022-03-29 15:08:52.500000+00:00,0,2022-05-03,100 MHz,20220329,8.44158935546875,147.05027770996094,147.6755828857422,0.8206775765580845,0.5407951812744141,10,2.9529770858966473,0.4516092936197917,3.0358662770293505,3.0979890749613164,144.06296710945176,150.66289348625136,16.257858276367188,0.0,8.237716265991399,7.416585694885254,8.0,4.0,2.784871163077584,1.8064371744791667,8.125544045161405,8.88136768404848,19.57730441394517,0.0,0.05740614357844855,0.05601972600309744,uncertain_temperate,302.9513854980469,311.3929748535156,POINT (541355.5493492767 8672025.20757092),dronbreen
dronbreen-20220329-DAT_0249_A1_1,1785.0,1882,147.46714782714844,541359.3142778237,8672028.673010483,449.7333679199219,2022-03-29 15:08:54.666666752+00:00,0,2022-05-03,100 MHz,20220329,8.754226684570312,147.05027770996094,147.5713653564453,0.748382253253185,0.6180516357421875,10,2.961280782923095,0.33870697021484375,3.043993119477331,3.0731062923312713,144.0696894648352,150.55195360157106,17.300033569335938,0.4168701171875,8.769774478232526,8.343651837158202,8.0,4.0,2.7869463211125614,0.5644950866699219,8.814888001520538,9.21925533319779,20.143574407733965,0.0,0.059363911308784906,0.05946934356194299,uncertain_temperate,302.26622009277344,311.02044677734375,POINT (541359.3142778237 8672028.673010483),dronbreen
dronbreen-20220329-DAT_0249_A1_1,1790.0,1889,147.36293029785156,541363.0573514905,8672032.100570112,449.45696411132815,2022-03-29 15:08:56.800000+00:00,0,2022-05-03,100 MHz,20220329,9.275314331054688,146.94606018066406,147.5713653564453,0.6414041003398389,0.6953080902099609,10,2.9592048408969234,0.33870697021484375,3.058605735032112,3.0468040504752945,143.9675344208191,150.54989111629027,17.82110595703125,0.4168701171875,9.152037812331532,10.197806744384765,8.0,5.0,2.7744974091459214,2.0322418212890625,10.762114341028585,9.776893106294036,21.260269037426497,0.0,0.0629419780965764,0.062105427693608786,uncertain_temperate,302.0940338134766,311.3693481445313,POINT (541363.0573514905 8672032.100570112),dronbreen
dronbreen-20220329-DAT_0249_A1_1,1795.0,1897,147.1544952392578,541366.8057816043,8672035.602742324,449.168701171875,2022-03-29 15:08:59+00:00,0,2022-05-03,100 MHz,20220329,10.317489624023438,146.94606018066406,147.5713653564453,0.6754052139623361,0.6180516357421875,10,2.9550529923587323,0.33870697021484375,3.0379348945894167,3.0501201291699847,143.97165929992852,150.54576623718086,18.342208862304688,0.20843505859375,9.599898843103325,13.210797157287598,8.0,5.0,2.7496011424018345,2.3709322611490884,13.700612678280233,10.263512265646277,21.97285979970627,0.0,0.0701133159897581,0.0652368711366574,uncertain_temperate,302.0142059326172,312.3316955566406,POINT (541366.8057816043 8672035.602742324),dronbreen
dronbreen-20220329-DAT_0249_A1_1,1800.0,1903,147.05027770996094,541370.455766978,8672039.0646799,448.87841796875,2022-03-29 15:09:01+00:00,0,2022-05-03,100 MHz,20220329,11.151214599609375,146.94606018066406,147.5713653564453,0.7004042562420292,0.5407951812744141,10,2.9529770858966473,0.4516092936197917,3.0358662770293505,3.06832050902059,143.9587495801549,150.5586759569545,18.759078979492188,0.104217529296875,9.458525895756024,14.21511975402832,9.0,6.0,2.730930636561194,2.822541554768881,14.747689737429107,10.24150550899588,22.686511088403265,0.0,0.07583266603279601,0.06432171392706808,uncertain_temperate,301.82814025878906,312.97935485839844,POINT (541370.455766978 8672039.0646799),dronbreen
dronbreen-20220329-DAT_0249_A1_1,1805.0,1909,147.5713653564453,541373.8845416871,8672042.240682915,448.6078109741211,2022-03-29 15:09:02.750000128+00:00,0,2022-05-03,100 MHz,20220329,13.33978271484375,146.84185791015625,147.9882354736328,0.7645742067466645,1.081567739868164,10,2.963356736754147,0.5645116170247396,3.2046755359857575,3.112029921553513,143.82521134235583,151.00488204143323,19.801246643066406,4.2729034423828125,9.516495415596772,12.360964846801757,9.0,7.0,2.6977411127437048,2.0322418212890625,12.81410417764163,10.098093826394084,23.17879219147636,0.8953578939728573,0.09039546854244188,0.06448741185399035,certain_temperate,301.0364456176758,314.37622833251953,POINT (541373.8845416871 8672042.240682915),dronbreen
dronbreen-20220329-DAT_0249_A1_1,1810.0,1915,147.5713653564453,541377.5335373208,8672045.733626248,448.3144836425781,2022-03-29 15:09:04.666666752+00:00,0,2022-05-03,100 MHz,20220329,13.5482177734375,146.94606018066406,147.88401794433594,0.7267018838421244,0.9270661422729491,10,2.963356736754147,0.4516092936197917,3.137656089423888,3.084401032831115,143.94848881314837,150.88158931185163,20.32232666015625,7.3994140625,9.512760302720531,10.429576107788085,10.0,8.0,2.6935927003210187,1.4677136739095051,10.8713238776125,9.995110486673934,23.389837876729644,4.3319028459266065,0.09180790420087936,0.06446210130090833,certain_temperate,300.7431182861328,314.2913360595703,POINT (541377.5335373208 8672045.733626248),dronbreen
dronbreen-20220329-DAT_0249_A1_1,1815.0,1922,147.1544952392578,541381.3268165678,8672049.341789149,447.9821297781808,2022-03-29 15:09:06.714285568+00:00,0,2022-05-03,100 MHz,20220329,14.277725219726562,147.05027770996094,147.9882354736328,0.7648537973457646,0.7725645446777343,9,2.9550529923587323,0.0,3.054372957472845,3.0524317386245565,144.0952247176022,150.94328846599154,21.051841735839844,9.900619506835938,9.703706292833676,9.73427367324829,10.0,9.0,2.670777865029093,2.3709487915039062,10.368728780422312,10.34003715630863,24.623179381073513,6.329281861602254,0.09702540990346557,0.06594230286377908,certain_temperate,300.827634538923,315.10535975864957,POINT (541381.3268165678 8672049.341789149),dronbreen
dronbreen-20220329-DAT_0249_A1_1,1820.0,1929,147.5713653564453,541385.0335115067,8672053.0048998,447.64505767822266,2022-03-29 15:09:08.750000128+00:00,0,2022-05-03,100 MHz,20220329,15.736785888671875,147.05027770996094,147.6755828857422,0.7250400940812929,0.7725645446777343,10,2.963356736754147,0.4516092936197917,3.0955274314796615,3.084009928871074,144.05270634244525,150.67315425325788,24.178359985351562,11.0469970703125,10.23218539064711,12.670013287353514,11.0,10.0,2.650038214324063,2.935460408528646,13.272862051913734,10.96983355461646,28.13305723639583,7.0922998192682485,0.106638478614473,0.06933720079049341,certain_temperate,300.07369232177734,315.8104782104492,POINT (541385.0335115067 8672053.0048998),dronbreen
dronbreen-20220329-DAT_0249_A1_1,1825.0,1935,147.5713653564453,541388.4661097445,8672056.677311353,447.47693888346356,2022-03-29 15:09:10.666666752+00:00,0,2022-05-03,100 MHz,20220329,17.404251098632812,147.1544952392578,147.5713653564453,0.6951314436687126,0.5408064926147461,10,2.963356736754147,0.33872350056966144,3.031284945622667,3.062584608313916,144.17184260123503,150.5540179944681,26.47113800048828,13.027130126953125,10.280380409675413,13.597079429626463,11.0,10.0,2.6168590053120107,3.612841288248698,14.310176177927657,11.20655141403434,30.932143854301643,8.566124273139764,0.11793786048258356,0.06966378866824252,certain_temperate,299.90557352701825,317.30982462565106,POINT (541388.4661097445 8672056.677311353),dronbreen
dronbreen-20220329-DAT_0249_A1_1,1830.0,1941,147.25869750976562,541391.4518130742,8672059.8353006,447.0771484375,2022-03-29 15:09:12.285714432+00:00,0,2022-05-03,100 MHz,20220329,18.759048461914062,147.25869750976562,147.5713653564453,0.7083307045472265,0.3090484405517578,9,2.9571286067584315,0.22580464680989584,2.981796148974218,3.0491522957101327,144.29296027672726,150.53710258948368,28.45124053955078,17.40423583984375,8.30128305270164,9.42524219970703,10.0,10.0,2.5836841761655793,4.064450581868489,10.58444013530039,9.597212239796043,33.267378250893714,12.588098128500832,0.12738839049333595,0.056372107000003384,certain_temperate,299.8184509277344,318.57749938964844,POINT (541391.4518130742 8672059.8353006),dronbreen
dronbreen-20220329-DAT_0249_A1_1,1835.0,1948,147.36293029785156,541395.2891407587,8672064.144928789,446.69334920247394,2022-03-29 15:09:14.333333248+00:00,0,2022-05-03,100 MHz,20220329,20.947616577148438,147.25869750976562,147.5713653564453,0.746889365769135,0.30902581787109373,9,2.9592048408969234,0.11291885375976564,2.977438649919273,3.054093594279852,144.2973390448171,150.53272382139383,31.265121459960938,18.550643920898438,7.9852085854682935,7.107537254333495,10.0,10.0,2.5422219842573774,4.5160764058430996,8.796301753714044,9.519527029957466,36.44757635321898,13.368189027640398,0.1421498373763937,0.05418736292314833,certain_temperate,299.3304189046224,320.2780354817708,POINT (541395.2891407587 8672064.144928789),dronbreen
dronbreen-20220329-DAT_0249_A1_1,1840.0,1953,147.36293029785156,541398.4449667733,8672067.467677703,446.5450744628906,2022-03-29 15:09:16+00:00,0,2022-05-03,100 MHz,20220329,23.031967163085938,147.05027770996094,147.6755828857422,0.770943993980134,0.46355003814697265,10,2.9592048408969234,0.11290232340494792,2.997418699962366,3.060064520050527,144.08891987528136,150.63694072042176,33.2452392578125,20.009681701660156,7.782385601238615,6.180476767730712,10.0,10.0,2.5007669538778257,4.628978729248048,8.116623220890403,9.393977064045046,38.506539423497614,14.748381535975028,0.1562941719232474,0.05281101282058366,certain_temperate,299.18214416503906,322.214111328125,POINT (541398.4449667733 8672067.467677703),dronbreen
dronbreen-20220329-DAT_0249_A1_1,1845.0,1960,147.46714782714844,541402.1982201106,8672071.305074396,446.146240234375,2022-03-29 15:09:18+00:00,0,2022-05-03,100 MHz,20220329,25.324737548828125,146.84185791015625,147.6755828857422,0.7602216566943371,0.5407951812744141,10,2.961280782923095,0.11290232340494792,3.0123728584007465,3.0593900988999323,143.87842564166422,150.63901515423422,36.475975036621094,24.178367614746094,7.183718992341572,3.7855436462402343,10.0,10.0,2.4572479230714617,5.419294993082683,7.0524581725154425,9.328056825428277,42.426338519425315,18.228004131941873,0.17173138507101368,0.048714029519048324,certain_temperate,298.67909240722656,324.0038299560547,POINT (541402.1982201106 8672071.305074396),dronbreen
dronbreen-20220329-DAT_0249_A1_1,1850.0,1966,147.46714782714844,541405.5793917114,8672074.599331057,445.8565673828125,2022-03-29 15:09:19.714285568+00:00,0,2022-05-03,100 MHz,20220329,28.13861083984375,146.63340759277344,147.6755828857422,0.7623616958588573,0.5407951812744141,10,2.961280782923095,0.0,3.0102563517745873,3.057838980492991,143.67212680985034,150.63686366866528,39.081398010253906,26.783790588378906,6.77237788071604,3.4765291397094726,10.0,10.0,2.401307955221949,7.564430872599284,8.664476278540699,10.433216018148828,47.017826320403586,18.847362278229213,0.19081274205442714,0.045924654951990995,certain_temperate,298.38941955566406,326.5280303955078,POINT (541405.5793917114 8672074.599331057),dronbreen
dronbreen-20220329-DAT_0249_A1_1,1855.0,1973,147.46714782714844,541409.3503393524,8672078.038518235,445.44151306152344,2022-03-29 15:09:21.750000128+00:00,0,2022-05-03,100 MHz,20220329,32.307289123535156,146.4249725341797,147.5713653564453,0.7307577427002222,0.5407951812744141,10,2.961280782923095,0.22582117716471353,3.0187147111734998,3.0584613709971884,143.45509390376975,150.54124398685525,41.999481201171875,28.868118286132812,6.533716536744974,5.639692897796631,10.0,10.0,2.318464410478296,7.338601430257161,9.541304111927504,10.095533663821922,49.69560673125693,21.171992756047757,0.21908126385819637,0.04430625148052215,certain_temperate,297.974365234375,330.28165435791016,POINT (541409.3503393524 8672078.038518235),dronbreen
dronbreen-20220329-DAT_0249_A1_1,1860.0,1979,147.25869750976562,541412.8781753763,8672081.310723696,445.020263671875,2022-03-29 15:09:23.666666752+00:00,0,2022-05-03,100 MHz,20220329,34.704254150390625,146.32077026367188,147.46714782714844,0.7271148910421267,0.6180403244018554,10,2.9571286067584315,0.4516092936197917,3.0545923449094774,3.0785153265442795,143.32935579038457,150.45856230043574,43.354286193847656,30.848236083984375,6.498667190704229,6.566753384399414,10.0,10.0,2.2667071023790224,6.548301696777345,9.546751605206543,9.500046918596148,50.283803940415055,23.918718337416976,0.23566862085065757,0.04413095661309419,certain_temperate,297.7615661621094,332.4658203125,POINT (541412.8781753763 8672081.310723696),dronbreen
dronbreen-20220329-DAT_0249_A1_1,1865.0,1985,147.05027770996094,541416.808732715,8672084.781433394,444.6564229329427,2022-03-29 15:09:25.666666752+00:00,0,2022-05-03,100 MHz,20220329,37.93500518798828,146.21653747558594,147.25869750976562,0.7337257050223635,0.8498323104858398,10,2.9529770858966473,0.33869043986002606,3.0914397681062677,3.061558148083064,143.24420087219067,150.2310341131609,44.81333923339844,32.932586669921875,6.609410723202445,8.111888129425049,10.0,10.0,2.1984123996688485,7.451528549194338,11.232142441350316,10.200127690693853,52.5823993308926,25.163526572427713,0.2579730264964921,0.044946604835651625,certain_temperate,297.60614522298175,335.54115041097003,POINT (541416.808732715 8672084.781433394),dronbreen
dronbreen-20220329-DAT_0249_A1_1,1870.0,1991,146.94606018066406,541420.5953434701,8672088.15467429,444.3169860839844,2022-03-29 15:09:27.500000+00:00,0,2022-05-03,100 MHz,20220329,41.26995086669922,146.32077026367188,147.1544952392578,0.7021197513308418,0.7725645446777343,10,2.9509011913393066,0.33870697021484375,3.069103489361832,3.052132434533066,143.3504941396861,150.12477136324358,46.480796813964844,35.53801727294922,6.758858424187633,9.579743797302246,10.0,10.0,2.1301492980293233,6.209611256917318,11.613281156326146,9.422259558733309,53.04561272866718,28.973201358246882,0.28085101986374816,0.04599550621417068,certain_temperate,297.3709259033203,338.64087677001953,POINT (541420.5953434701 8672088.15467429),dronbreen
dronbreen-20220329-DAT_0249_A1_1,1875.0,1996,146.7376251220703,541423.728975984,8672090.949536141,444.0281448364258,2022-03-29 15:09:28.750000128+00:00,0,2022-05-03,100 MHz,20220329,43.35430145263672,146.0081024169922,146.94606018066406,0.7154055256044256,0.7725532333374023,10,2.9467494380394976,0.451592763264974,3.0796277003494215,3.065790818122583,143.02695024469045,149.9272123529658,48.148277282714844,37.205482482910156,6.872040951370522,9.425247855377197,10.0,10.0,2.0846593595058995,4.5160764058430996,10.657206382719663,8.483259844299345,53.12228479664044,32.23147496898456,0.2954545667245908,0.04683216690779686,certain_temperate,297.29051971435547,340.6448211669922,POINT (541423.728975984 8672090.949536141),dronbreen
dronbreen-20220329-DAT_0249_A1_1,1880.0,2001,146.52920532226562,541427.8279807848,8672094.549528863,443.64464314778644,2022-03-29 15:09:30.333333248+00:00,0,2022-05-03,100 MHz,20220329,45.02178192138672,145.69544982910156,146.84185791015625,0.7643367846648775,0.7725532333374023,10,2.9425980365911126,0.6773974100748698,3.1168235359843663,3.1147971324819625,142.67588852716943,149.86141921208838,49.7115478515625,38.351890563964844,7.047561688747069,8.961709128570556,10.0,10.0,2.04745275945359,4.1773529052734375,10.097255597561913,8.444552436576256,54.363680706220734,33.69975770930661,0.3072546651868418,0.04809663488754461,certain_temperate,297.1154378255208,342.13721974690753,POINT (541427.8279807848 8672094.549528863),dronbreen
dronbreen-20220329-DAT_0249_A1_1,1885.0,2006,146.11233520507812,541431.9607840724,8672098.088543164,443.2467956542969,2022-03-29 15:09:32+00:00,0,2022-05-03,100 MHz,20220329,46.58502960205078,145.48703002929688,146.7376251220703,0.8720096909696545,1.081579051208496,10,2.934294770406076,0.9032351175944011,3.2551087111341284,3.1916015381675087,142.41686399514037,149.8077911562268,50.75371551513672,39.602500915527344,7.144726664159448,8.49816474609375,10.0,10.0,2.0081916801539035,4.177369435628256,9.679982090774297,8.516476286088718,55.3887181285082,34.96749830215586,0.3188302311140649,0.04889886027850668,certain_temperate,297.13446044921875,343.71949005126953,POINT (541431.9607840724 8672098.088543164),dronbreen
dronbreen-20220329-DAT_0249_A1_1,1890.0,2011,145.69544982910156,541435.1057171953,8672100.870490253,442.9120875767299,2022-03-29 15:09:33.285714432+00:00,0,2022-05-03,100 MHz,20220329,48.04405975341797,145.27857971191406,146.63340759277344,1.0142362304453183,1.0815903625488281,10,2.9259913944442317,0.9032351175944011,3.247629447824363,3.225823065384306,142.2163486105735,149.695638694114,51.795867919921875,40.957298278808594,7.24140751536757,8.03463733062744,10.0,10.0,1.9710092829526011,4.064475377400717,9.217387630000925,8.534800553651149,56.31303934538073,36.44012685334974,0.3297567618602563,0.04970235874807089,certain_temperate,297.21663774762834,345.2606975010463,POINT (541435.1057171953 8672100.870490253),dronbreen
dronbreen-20220329-DAT_0249_A1_1,1895.0,2016,145.27857971191406,541438.7000802354,8672104.171401514,442.5137241908482,2022-03-29 15:09:34.714285568+00:00,0,2022-05-03,100 MHz,20220329,49.50309753417969,144.549072265625,146.4249725341797,1.2031947660998294,1.4678726348876951,10,2.9176885182014183,0.6774139404296875,3.335632774779773,3.2279209378643223,141.5537766314792,149.4202681683255,52.73382568359375,42.41633605957031,7.382314778421456,7.957386531829833,10.0,10.0,1.933840012656426,4.177369435628256,9.192940389952442,8.699926671183613,57.337101972963325,37.81305977020074,0.3407460179769366,0.05081488814841466,certain_temperate,297.23514447893416,346.73824201311385,POINT (541438.7000802354 8672104.171401514),dronbreen
dronbreen-20220329-DAT_0249_A1_1,1900.0,2021,145.0701446533203,541442.6715571567,8672107.909299305,442.0619405110677,2022-03-29 15:09:36.333333248+00:00,0,2022-05-03,100 MHz,20220329,51.27478790283203,143.71533203125,146.0081024169922,1.4283150184459752,1.6223968551635741,10,2.9135371540267183,1.0161043802897136,3.4861638537485162,3.4001839143576307,140.62969322226115,149.09374122598103,53.98442840576172,44.29224395751953,7.54967470109166,8.498170401763916,10.0,10.0,1.8946206953320621,4.628978729248048,9.860828151449942,9.056192342663381,58.98613128128436,39.29054108199689,0.3534482441260768,0.05204154665409211,certain_temperate,296.9917958577474,348.2665837605794,POINT (541442.6715571567 8672107.909299305),dronbreen
dronbreen-20220329-DAT_0249_A1_1,1905.0,2027,144.34063720703125,541446.5707044081,8672111.565226022,441.7286376953125,2022-03-29 15:09:38+00:00,0,2022-05-03,100 MHz,20220329,52.83805847167969,142.98582458496094,144.9659423828125,1.6683371780739402,1.8541435958862305,10,2.899008075141,1.4677136739095051,3.7411602107474073,3.652640166791328,139.7364506070517,148.21531636072174,55.65191650390625,45.95973205566406,7.479756540245377,8.729939765167236,10.0,10.0,1.8492292356783906,4.51606814066569,10.001318339132673,8.930916980834994,60.53192882122916,41.079719738341154,0.36606502156348936,0.05182017126276769,certain_temperate,297.38800048828125,350.22605895996094,POINT (541446.5707044081 8672111.565226022),dronbreen
dronbreen-20220329-DAT_0249_A1_1,1910.0,2032,143.71533203125,541450.307713056,8672115.092106959,441.1861063639323,2022-03-29 15:09:39.666666752+00:00,0,2022-05-03,100 MHz,20220329,54.088653564453125,142.3605194091797,144.65328979492188,1.7561561204269271,1.8541435958862305,10,2.8865548088233095,1.4677136739095051,3.731518533665327,3.6838113974842503,139.12225103041274,147.89155817368882,56.69408416748047,46.689239501953125,7.335809896759045,8.111893785095214,10.0,10.0,1.8121083293214666,4.064467112223308,9.252375386040466,8.580077875225204,61.144211076181065,42.23911259325253,0.37635966044800206,0.051044031232269076,certain_temperate,297.4707743326823,351.55942789713544,POINT (541450.307713056 8672115.092106959),dronbreen
dronbreen-20220329-DAT_0249_A1_1,1915.0,2037,142.98582458496094,541453.5311765361,8672118.106922047,440.6235046386719,2022-03-29 15:09:41.142856960+00:00,0,2022-05-03,100 MHz,20220329,55.23506164550781,141.73519897460938,143.71533203125,1.8193772212725359,2.085924270629883,10,2.87202688234224,1.6935348510742188,3.932896994265458,3.7982538327479958,138.40104260384638,147.049488402013,57.31939697265625,47.31455993652344,7.028872009799667,7.416585694885254,10.0,10.0,1.7750038193148883,4.5160764058430996,8.862918708392385,8.541113884742456,62.171776251112874,42.46218065806681,0.3862974655413315,0.04915782407243574,certain_temperate,297.63768005371094,352.87274169921875,POINT (541453.5311765361 8672118.106922047),dronbreen
dronbreen-20220329-DAT_0249_A1_1,1920.0,2043,142.15206909179688,541457.1660583311,8672121.289499974,440.17567443847656,2022-03-29 15:09:42.750000128+00:00,0,2022-05-03,100 MHz,20220329,56.69407653808594,141.0056915283203,142.67315673828125,1.7329188450399329,2.008656504821777,10,2.855423663632351,1.9193560282389324,3.98397701001544,3.8523213242749184,137.5651433362485,146.11370493035307,58.153114318847656,48.87779235839844,6.515027722116617,7.5711099151611325,10.0,10.0,1.7296784084112415,4.628970464070638,9.041065219387237,8.177086349899358,63.09468845607988,43.936218221166214,0.39882695271550966,0.04583139565776871,certain_temperate,298.0236053466797,354.7176818847656,POINT (541457.1660583311 8672121.289499974),dronbreen
dronbreen-20220329-DAT_0249_A1_1,1925.0,2048,141.214111328125,541461.0603276271,8672124.790243072,439.8440348307292,2022-03-29 15:09:44.333333248+00:00,0,2022-05-03,100 MHz,20220329,57.736244201660156,140.38040161132812,141.73519897460938,1.6991611329385377,1.6996193756103515,10,2.83674639248503,2.0322252909342446,3.881465670380163,3.8812650365671475,136.8908357746674,145.2247648112701,58.46575927734375,49.919952392578125,5.915854888217828,7.493853460693359,10.0,10.0,1.690556630223752,3.8386542002360025,8.587845333919843,7.2519367652671765,62.660189845249604,45.72552182467227,0.40885605311429724,0.04189280258593811,certain_temperate,298.6299235026042,356.36616770426434,POINT (541461.0603276271 8672124.790243072),dronbreen
dronbreen-20220329-DAT_0249_A1_1,1930.0,2053,140.2761688232422,541465.2567695968,8672128.331327705,439.37237548828125,2022-03-29 15:09:46+00:00,0,2022-05-03,100 MHz,20220329,58.361549377441406,139.7550811767578,140.90147399902344,1.681743907394343,1.236091960144043,10,2.8180705129380095,1.4676971435546875,3.409337128390507,3.594985242132056,136.57771492133662,144.07884025444463,58.88263702392578,52.629615783691406,5.337034726978852,5.871462261199951,10.0,10.0,1.659687305362111,2.9354438781738286,6.77092769110582,6.313107981847498,62.25478659259683,49.25746621502036,0.4160475002064039,0.03804662453893997,certain_temperate,299.09620666503906,357.45775604248047,POINT (541465.2567695968 8672128.331327705),dronbreen
dronbreen-20220329-DAT_0249_A1_1,1935.0,2057,139.85931396484375,541468.819412071,8672131.294605838,438.982177734375,2022-03-29 15:09:47.333333248+00:00,0,2022-05-03,100 MHz,20220329,59.091087341308594,139.23399353027344,140.2761688232422,1.7019974752136817,1.0816129852294922,10,2.809770645637593,1.4677136739095051,3.349459831000319,3.598025835830168,136.06397862342084,143.4461837300948,59.82061004638672,53.98445129394531,4.947889667107404,6.180482423400878,10.0,10.0,1.6370591231731044,2.8225498199462895,6.988927889512834,5.926918441881189,63.08354585005236,50.72151549027967,0.4225037694390682,0.03537762003001923,certain_temperate,299.12286376953125,358.21395111083984,POINT (541468.819412071 8672131.294605838),dronbreen
dronbreen-20220329-DAT_0249_A1_1,1940.0,2062,138.92135620117188,541472.7562160182,8672134.65712298,438.5373229980469,2022-03-29 15:09:48.750000128+00:00,0,2022-05-03,100 MHz,20220329,59.61216735839844,138.6086883544922,139.44244384765625,1.7468238940151162,0.6953080902099609,10,2.7910960720672353,1.8064371744791667,3.3965991652181815,3.7556392619035655,135.28401806274152,142.7671141394069,60.75855255126953,54.60974884033203,4.536349692428222,6.257750189208984,10.0,10.0,1.6082720460044935,2.9354438781738286,7.0966757828164,5.637538316309815,64.1056960701327,51.26260532146887,0.4291072948645428,0.0326540844149199,certain_temperate,299.615966796875,359.22813415527344,POINT (541472.7562160182 8672134.65712298),dronbreen
dronbreen-20220329-DAT_0249_A1_1,1945.0,2067,138.19183349609375,541476.2012406439,8672137.601284832,438.1414489746094,2022-03-29 15:09:50+00:00,0,2022-05-03,100 MHz,20220329,60.13324737548828,138.08761596679688,138.71292114257812,1.7942278123686166,0.5407951812744141,10,2.776572192111136,1.3548444112141929,3.136465517854899,3.5727034524684864,134.99812466294065,141.80241244643435,62.0091552734375,55.339263916015625,4.208214075796782,5.407929190063476,10.0,10.0,1.5836088995895394,1.69352658589681,5.884007781158953,4.804676383663385,64.32774308587818,53.02067610357494,0.4351432776755803,0.03045197367553369,certain_temperate,299.9496154785156,360.0828628540039,POINT (541476.2012406439 8672137.601284832),dronbreen
dronbreen-20220329-DAT_0249_A1_1,1950.0,2072,137.6707305908203,541480.7422276044,8672141.153045166,437.53709920247394,2022-03-29 15:09:51.666666752+00:00,0,2022-05-03,100 MHz,20220329,59.92479705810547,137.5665283203125,137.9833984375,1.7922089339994505,0.38628227233886714,10,2.7661981173741137,0.9032185872395834,2.9354505335335563,3.4175530287043987,134.65660463730995,140.89332212050255,62.42601013183594,56.79828643798828,3.6990777900882583,4.480857392120361,10.0,10.0,1.5774447921716075,0.5645116170247396,4.783836160094208,4.060810502255608,64.10142215223725,55.12287441758697,0.4352762333789864,0.026869021281527995,certain_temperate,299.8663686116536,359.7911656697591,POINT (541480.7422276044 8672141.153045166),dronbreen
dronbreen-20220329-DAT_0249_A1_1,1955.0,2076,137.35809326171875,541484.5128519862,8672143.998714391,437.000732421875,2022-03-29 15:09:53+00:00,0,2022-05-03,100 MHz,20220329,59.820594787597656,137.04544067382812,137.46231079101562,1.8475132747824738,0.5407951812744141,10,2.759974332090429,1.0161043802897136,2.9903822253236423,3.473216337336247,134.1043649479343,140.40338651690945,62.321807861328125,58.77842712402344,3.3987669627773696,3.708292847442627,10.0,10.0,1.5733357772102343,2.0322418212890625,4.511854178765107,4.261104217842239,64.891903635428,56.20833134992357,0.43550833712882836,0.024743842041411,certain_temperate,299.64263916015625,359.4632339477539,POINT (541484.5128519862 8672143.998714391),dronbreen
dronbreen-20220329-DAT_0249_A1_1,1960.0,2081,136.7327880859375,541488.2981340218,8672146.782816404,436.52614339192706,2022-03-29 15:09:54.333333248+00:00,0,2022-05-03,100 MHz,20220329,60.862770080566406,136.5243682861328,136.83700561523438,1.944798587382677,0.38627096099853514,10,2.747526548570834,1.4677136739095051,3.138835901889939,3.6722373437957616,133.4093906676446,139.9519832337226,62.84288787841797,59.50794219970703,3.1401635854957903,3.244754120635986,10.0,10.0,1.5404752035830156,2.9354438781738286,4.638784745830156,4.5662371771992,66.15798887458118,56.19284120354382,0.4451219852425867,0.02296569556909917,certain_temperate,299.79335530598956,360.65612538655597,POINT (541488.2981340218 8672146.782816404),dronbreen
dronbreen-20220329-DAT_0249_A1_1,1965.0,2086,136.00328063964844,541492.5024301704,8672149.827982744,436.10355050223217,2022-03-29 15:09:55.857143040+00:00,0,2022-05-03,100 MHz,20220329,61.17542266845703,135.89906311035156,136.31591796875,2.025019819649297,0.4635387268066406,10,2.7330051112097813,1.0161209106445312,2.952403562217974,3.5500033680153504,132.9832752849178,139.23170579418377,62.530250549316406,59.71638488769531,2.9214889934105295,2.6267081405639647,10.0,10.0,1.519948463410098,1.2419090270996094,3.2790512375867533,3.519613515946472,64.49304991833358,57.753585518678136,0.4498084338902545,0.021481018543598577,certain_temperate,300.10026986258373,361.27569253104076,POINT (541492.5024301704 8672149.827982744),dronbreen
dronbreen-20220329-DAT_0249_A1_1,1970.0,2091,135.79483032226562,541496.5170790702,8672152.867307737,435.6950378417969,2022-03-29 15:09:57.333333248+00:00,0,2022-05-03,100 MHz,20220329,61.071189880371094,135.16954040527344,136.10748291015625,2.1047627140773733,0.8498096878051757,10,2.728855873237201,0.7903327941894532,2.965376334963238,3.5357186518504022,132.32854052803435,138.94848278739533,62.00914764404297,59.71637725830078,2.907906608072762,2.2404202125549317,10.0,10.0,1.517896233724761,0.22579638163248697,2.7155985916808145,3.287995411126265,63.54374628287793,58.18177861946582,0.44973133171151025,0.0214139713652705,certain_temperate,299.90020751953125,360.97139739990234,POINT (541496.5170790702 8672152.867307737),dronbreen
dronbreen-20220329-DAT_0249_A1_1,1975.0,2096,135.27374267578125,541500.3632634622,8672155.74637099,435.2717514038086,2022-03-29 15:09:58.750000128+00:00,0,2022-05-03,100 MHz,20220329,60.237457275390625,134.4400177001953,135.89906311035156,2.1617898968270284,0.8498096878051757,10,2.7184838022334055,1.0161043802897136,3.0240368384225857,3.618833769693318,131.53784225845348,138.8012385520934,61.488059997558594,59.091064453125,2.897242429471803,1.9314057060241698,10.0,10.0,1.5240530340757668,0.6774056752522787,2.5518511125851893,3.3429971275296095,63.1558777632451,57.42324668743849,0.4453004410454243,0.021417626009031174,certain_temperate,299.99800872802734,360.23546600341797,POINT (541500.3632634622 8672155.74637099),dronbreen
dronbreen-20220329-DAT_0249_A1_1,1980.0,2101,134.8568878173828,541504.6395760378,8672158.762781257,434.802001953125,2022-03-29 15:10:00.333333248+00:00,0,2022-05-03,100 MHz,20220329,59.50794982910156,133.81471252441406,135.58641052246094,2.25886615451746,0.9270774536132812,10,2.7101867235886297,0.5645116170247396,2.9194619448573125,3.5729905886381026,131.04635824028207,138.35476480659293,61.071205139160156,58.67420959472656,2.9259453559285213,2.0859129592895505,10.0,10.0,1.5302107640402813,0.6774139404296875,2.6742227848115623,3.3706959006936383,62.74465505746463,57.00075967642209,0.4412674116407356,0.021696669731031508,certain_temperate,299.9451141357422,359.45306396484375,POINT (541504.6395760378 8672158.762781257),dronbreen
dronbreen-20220329-DAT_0249_A1_1,1985.0,2106,134.75265502929688,541508.698822929,8672161.360441443,434.42250279017856,2022-03-29 15:10:01.857143040+00:00,0,2022-05-03,100 MHz,20220329,59.091064453125,133.39785766601562,135.16954040527344,2.390285953999244,1.0043339080810547,10,2.708112112704693,0.11291885375976564,2.8905550472934536,3.6138744892979293,130.68739241397637,137.8800056573127,60.862754821777344,58.88263702392578,2.928006739043875,2.2404258682250977,10.0,10.0,1.5363692640138646,0.11290232340494792,2.7189493413907,3.308534556857928,62.4032668957439,57.34212494995923,0.4385150291864593,0.02172874989667024,certain_temperate,299.6698477608817,358.7609122140067,POINT (541508.698822929 8672161.360441443),dronbreen
dronbreen-20220329-DAT_0249_A1_1,1990.0,2112,134.75265502929688,541512.9470563389,8672164.043697465,434.0979461669922,2022-03-29 15:10:03.500000+00:00,0,2022-05-03,100 MHz,20220329,59.29949951171875,133.50205993652344,134.9611053466797,2.5732457511495372,1.6996419982910156,10,2.708112112704693,0.11288579305013022,3.199280753482743,3.737406602586823,130.7915960616027,137.67156922160044,60.654327392578125,58.67420196533203,2.9254284476298746,1.8541435958862305,10.0,10.0,1.5322635122667159,0.4516092936197917,2.447372243708264,3.3331537659264745,62.25175733630263,57.076772021607525,0.4400618266024244,0.021709616385620384,certain_temperate,299.3452911376953,358.64479064941406,POINT (541512.9470563389 8672164.043697465),dronbreen
dronbreen-20220329-DAT_0249_A1_1,1995.0,2118,134.64845275878906,541517.2312963848,8672167.215472477,433.8562418619792,2022-03-29 15:10:05.333333248+00:00,0,2022-05-03,100 MHz,20220329,59.40373229980469,133.91893005371094,134.8568878173828,2.687639596854338,1.4678726348876951,10,2.706038124663867,0.22582117716471353,3.0867924466090266,3.820607823209514,131.2034857924177,137.57233207867606,60.445899963378906,58.25733947753906,2.853022488001859,1.6996363426208496,10.0,10.0,1.5281581013691878,0.22580464680989584,2.296740868809279,3.244378559654459,61.99065072686835,56.712588714049616,0.4411764939194755,0.02118867636089959,certain_temperate,299.2077891031901,358.6115214029948,POINT (541517.2312963848 8672167.215472477),dronbreen
dronbreen-20220329-DAT_0249_A1_1,2000.0,2124,134.9611053466797,541520.4427404308,8672170.788368879,433.5492858886719,2022-03-29 15:10:07+00:00,0,2022-05-03,100 MHz,20220329,59.29951477050781,134.33578491210938,135.16954040527344,2.6985950835312607,1.1588581283569335,10,2.7122610461677596,0.9032020568847656,3.084653319220628,3.9312274626354293,131.4770904656671,138.02823485171572,60.65434265136719,58.36156463623047,2.724765545930852,1.8541492515563964,10.0,10.0,1.5363692640138646,0.7903162638346355,2.5343440491249773,3.2263567057254994,62.38206667802423,56.633840609573426,0.4393822547480099,0.02018926518815657,certain_temperate,298.5881805419922,357.8876953125,POINT (541520.4427404308 8672170.788368879),dronbreen
dronbreen-20220329-DAT_0249_A1_1,2005.0,2128,135.482177734375,541521.6528497913,8672175.292001385,433.2455749511719,2022-03-29 15:10:08.600000+00:00,0,2022-05-03,100 MHz,20220329,59.5079345703125,134.5442352294922,135.482177734375,2.751105828169618,1.3905935577392576,10,2.7226325851020574,0.9032020568847656,3.1878288209761685,3.974554745730548,131.67569864282984,138.35071432103734,61.071189880371094,58.778419494628906,2.6506803307953177,1.7768871414184568,10.0,10.0,1.5425285247738012,0.6774139404296875,2.4485938433655288,3.140762664146161,62.75591059800631,57.09369877699369,0.4392307207150387,0.01956478981310896,certain_temperate,297.7633972167969,357.2713317871094,POINT (541521.6528497913 8672175.292001385),dronbreen
dronbreen-20220329-DAT_0249_A1_1,2010.0,2134,135.79483032226562,541521.5041188047,8672180.172403384,432.95015716552734,2022-03-29 15:10:10.249999872+00:00,0,2022-05-03,100 MHz,20220329,59.5079345703125,134.4400177001953,135.89906311035156,2.4027989591376846,1.6996306869506834,10,2.728855873237201,0.5645281473795573,3.264060489345964,3.6795093754627266,131.65338058602256,138.6857002245243,61.1754150390625,59.09107208251953,2.529063629513773,1.6996306869506834,10.0,10.0,1.5486885372429622,0.7903079986572266,2.4314126326384398,3.0690692009563283,62.91409928818001,57.35238783340202,0.4382194405272236,0.018624152506482382,certain_temperate,297.1553268432617,356.6632614135742,POINT (541521.5041188047 8672180.172403384),dronbreen
dronbreen-20220329-DAT_0249_A1_1,2015.0,2140,136.00328063964844,541518.7315265278,8672185.250956083,432.78924560546875,2022-03-29 15:10:12+00:00,0,2022-05-03,100 MHz,20220329,59.299522399902344,134.8568878173828,136.31591796875,1.7475174988806537,1.4678613235473632,10,2.7330051112097813,0.5645116170247396,3.153189998845755,3.2926900419791676,132.06619071743543,139.10661506869738,61.279640197753906,59.091087341308594,2.4359196415197553,1.5451234336853026,10.0,10.0,1.5569028907547724,0.6774056752522787,2.2956984744142734,2.9692641445392316,62.97752860990134,57.39319892916116,0.4360153822834698,0.017910741785515594,certain_temperate,296.7859649658203,356.08548736572266,POINT (541518.7315265278 8672185.250956083),dronbreen
dronbreen-20220329-DAT_0249_A1_1,2020.0,2144,136.31591796875,541514.9153000786,8672187.614435354,432.88328043619794,2022-03-29 15:10:13.333333248+00:00,0,2022-05-03,100 MHz,20220329,59.403724670410156,135.27374267578125,136.83700561523438,1.358336406784437,1.5451177780151366,10,2.7392283213827193,0.7902997334798177,3.2427356372886607,3.158009382411572,132.4227874910399,139.6879607999757,61.488059997558594,59.195281982421875,2.3745098000557276,1.3906161804199217,10.0,10.0,1.5610106313489593,0.33870697021484375,2.117850316736829,2.8617780126028793,63.08539421520267,57.5979477647778,0.43577980881167727,0.01741916744161952,certain_temperate,296.56736246744794,355.9710871378581,POINT (541514.9153000786 8672187.614435354),dronbreen
dronbreen-20220329-DAT_0249_A1_1,2025.0,2150,136.7327880859375,541510.1602829237,8672188.522225372,433.156494140625,2022-03-29 15:10:15+00:00,0,2022-05-03,100 MHz,20220329,59.71637725830078,136.42013549804688,137.87918090820312,1.1214315025740424,1.3133597259521483,10,2.747526548570834,1.580632527669271,3.431066174293467,3.3622774926518457,133.25038766539083,141.04892874085917,61.696502685546875,59.40373229980469,2.295956724910428,1.4678613235473632,10.0,10.0,1.563064622691118,0.2258129119873047,2.1561028155203847,2.7866789855650995,63.27579445274149,57.82444053261007,0.4367378014757413,0.016791559340305438,certain_temperate,296.4237060546875,356.1400833129883,POINT (541510.1602829237 8672188.522225372),dronbreen
dronbreen-20220329-DAT_0249_A1_1,2030.0,2155,137.77496337890625,541505.6827772335,8672186.647172129,433.62314860026044,2022-03-29 15:10:16.666666752+00:00,0,2022-05-03,100 MHz,20220329,60.654327392578125,136.9412384033203,138.50448608398438,1.003773047794105,1.2360806488037108,10,2.7682731464982973,2.2580299377441406,3.7802024791959745,3.7107405925031003,133.36883929160666,142.07688519569803,62.63446044921875,60.13324737548828,2.162234600622169,1.5451234336853026,10.0,10.0,1.5651188446805857,0.3386987050374349,2.2252461068591463,2.6906453275926276,64.23580794766133,58.5318998770457,0.440242014260368,0.015693958812209082,certain_temperate,295.8481852213542,356.5025126139323,POINT (541505.6827772335 8672186.647172129),dronbreen
dronbreen-20220329-DAT_0249_A1_1,2035.0,2161,138.81712341308594,541501.0214911475,8672183.215674585,434.11341639927457,2022-03-29 15:10:18.428571392+00:00,0,2022-05-03,100 MHz,20220329,61.488067626953125,137.6707305908203,139.12979125976562,0.950419401529233,1.081579051208496,10,2.78902088573635,2.0322252909342446,3.616405726436045,3.5793678454427584,134.2198499591284,142.58067189145754,62.947105407714844,61.071189880371094,1.96132476653715,1.5451290893554686,10.0,10.0,1.569226926709434,0.3386987050374349,2.22814134719421,2.53455810746883,64.55246828267613,59.46582700540981,0.4429429606027753,0.01412883885153509,certain_temperate,295.29629298618863,356.78436061314176,POINT (541501.0214911475 8672183.215674585),dronbreen
dronbreen-20220329-DAT_0249_A1_1,2040.0,2166,139.65086364746094,541497.5546980064,8672180.317293461,434.41451263427734,2022-03-29 15:10:19.750000128+00:00,0,2022-05-03,100 MHz,20220329,62.21758270263672,138.92135620117188,139.85931396484375,0.9388557186308036,1.0815903625488281,10,2.8056203390681165,1.6935513814290366,3.451008473025153,3.4089693206215066,135.6442199866497,143.13645017936594,63.15553283691406,61.696495056152344,1.8363776957898035,1.4678613235473632,10.0,10.0,1.5712813876425924,0.2258129119873047,2.16206695907838,2.4273853653605326,64.74295737697012,60.10907051609628,0.4455223625376264,0.013149776863719322,certain_temperate,294.7636489868164,356.9812316894531,POINT (541497.5546980064 8672180.317293461),dronbreen
dronbreen-20220329-DAT_0249_A1_1,2045.0,2171,140.38040161132812,541493.8007660654,8672176.727717787,434.6497497558594,2022-03-29 15:10:21.333333248+00:00,0,2022-05-03,100 MHz,20220329,62.84290313720703,140.1719512939453,140.48460388183594,1.0041936500072062,0.6180516357421875,10,2.820145893854272,1.9193394978841147,3.466853731440764,3.5560500358510074,136.76063381080758,143.89592136497367,63.259765625,62.21759796142578,1.729325880181655,1.3133540702819824,10.0,10.0,1.5733357772102343,0.4516010284423828,2.0986252334960143,2.3811545427808762,64.89663121408786,60.58073237233792,0.447661514113633,0.01231885548361407,certain_temperate,294.26934814453125,357.1122512817383,POINT (541493.8007660654 8672176.727717787),dronbreen
dronbreen-20220329-DAT_0249_A1_1,2050.0,2178,141.4225616455078,541490.121021237,8672173.069548544,434.9610028948103,2022-03-29 15:10:23.285714432+00:00,0,2022-05-03,100 MHz,20220329,63.572418212890625,141.1099090576172,141.73519897460938,1.0357235737721746,0.6180516357421875,10,2.8408971077726455,2.0322252909342446,3.547199435400743,3.6432621826230354,137.61696817491335,145.2281398573132,63.88506317138672,62.947113037109375,1.587426253962279,0.9270717979431152,10.0,10.0,1.5794992665372236,0.5645116170247396,1.9164950866853256,2.3094184139120886,65.56240967665852,61.269766531837575,0.4495210486445743,0.011224703014087303,certain_temperate,293.5384412493025,357.1108594621931,POINT (541490.121021237 8672173.069548544),dronbreen
dronbreen-20220329-DAT_0249_A1_1,2055.0,2184,142.2563018798828,541486.932321894,8672169.940511046,435.2964782714844,2022-03-29 15:10:25+00:00,0,2022-05-03,100 MHz,20220329,64.19771575927734,141.73519897460938,142.46473693847656,1.0104837906669928,0.7725758560180663,10,2.8574992860569783,1.4677136739095051,3.303991381904488,3.3675752537393744,138.52280335787768,145.67713255520826,64.30193328857422,63.363975524902344,1.5590023047964519,0.8498209991455078,10.0,10.0,1.5836088995895394,1.0161209106445312,2.064585813788551,2.443523488380849,66.18350679282757,61.48240202064899,0.45128205155708373,0.010959108905507955,certain_temperate,293.04017639160156,357.2378921508789,POINT (541486.932321894 8672169.940511046),dronbreen
dronbreen-20220329-DAT_0249_A1_1,2060.0,2189,142.77737426757812,541483.1393914749,8672166.16367007,435.80108642578125,2022-03-29 15:10:26.666666752+00:00,0,2022-05-03,100 MHz,20220329,63.98927307128906,142.46473693847656,142.98582458496094,0.9704554935941698,0.6180403244018554,10,2.8678757715594365,1.1290067036946614,3.1434601032416287,3.2312770607195263,139.38263253108133,146.06792899235617,64.09349060058594,63.25975036621094,1.543640810167634,0.6953080902099609,10.0,10.0,1.5979943541973713,1.9193229675292969,2.5924582831828875,2.936020020460884,66.59096664846551,60.762274318331364,0.44817516360377374,0.010811522610541269,certain_temperate,293.0237121582031,357.0129852294922,POINT (541483.1393914749 8672166.16367007),dronbreen
dronbreen-20220329-DAT_0249_A1_1,2065.0,2194,143.2984619140625,541479.7542683407,8672162.833636053,436.34783935546875,2022-03-29 15:10:28+00:00,0,2022-05-03,100 MHz,20220329,63.46819305419922,142.98582458496094,143.40269470214844,0.9298132422442058,0.6180403244018554,10,2.8782528858275134,0.9032185872395834,3.079304683479085,3.156690697005673,139.96918017583522,146.41933911127416,64.19771575927734,63.15553283691406,1.6206424548238474,0.9270717979431152,10.0,10.0,1.6185514296726016,1.9193229675292969,2.6763728258077517,2.98830911228376,66.70839482761338,60.64485376857803,0.4429091017896739,0.011309559315408163,certain_temperate,293.04937744140625,356.51757049560547,POINT (541479.7542683407 8672162.833636053),dronbreen
dronbreen-20220329-DAT_0249_A1_1,2070.0,2198,143.61111450195312,541476.3180709,8672159.502037346,436.8719787597656,2022-03-29 15:10:29.333333248+00:00,0,2022-05-03,100 MHz,20220329,63.05133056640625,143.40269470214844,143.9237823486328,0.9437266830769442,0.6180403244018554,10,2.884479308887002,0.9032185872395834,3.085125368979202,3.166487762819196,140.38010893831438,146.94636811246687,63.98927307128906,62.947105407714844,1.6876144278968166,1.1588411613464356,10.0,10.0,1.6329456558920747,1.1290232340494792,2.2987209085382894,2.6056184362576658,65.97451990181678,60.96185857718713,0.43904213671114395,0.011751280071528621,certain_temperate,293.2608642578125,356.31219482421875,POINT (541476.3180709 8672159.502037346),dronbreen
dronbreen-20220329-DAT_0249_A1_1,2075.0,2203,144.1322021484375,541472.5411169484,8672155.619382985,437.30237252371654,2022-03-29 15:10:30.857143040+00:00,0,2022-05-03,100 MHz,20220329,63.25975799560547,143.71533203125,144.65328979492188,0.9826314862544572,0.8498209991455078,10,2.894856935750577,1.1290232340494792,3.2213484555501655,3.258903922987821,140.6081001214166,147.76052170475526,63.98927307128906,62.426025390625,1.8531234546780582,1.236097615814209,10.0,10.0,1.6391158864769673,0.6774222056070964,2.1618369618850375,2.5650864063864787,65.76285750230743,60.652440959606636,0.43890093298134797,0.012857109147403305,certain_temperate,293.17017037527904,356.4299283708845,POINT (541472.5411169484 8672155.619382985),dronbreen
dronbreen-20220329-DAT_0249_A1_1,2080.0,2208,144.65328979492188,541468.963730472,8672151.893536145,437.6346130371094,2022-03-29 15:10:32.333333248+00:00,0,2022-05-03,100 MHz,20220329,63.46819305419922,144.02798461914062,145.27857971191406,1.0065940758268697,1.0815903625488281,10,2.905234878524878,1.0161043802897136,3.2623144427537807,3.2382231925133196,140.95018381157666,148.35638051947802,63.989280700683594,62.0091552734375,2.0489838668798392,1.8541435958862305,10.0,10.0,1.6452865930044525,0.9032103220621746,2.6382959146323555,2.7786852548883103,65.8661815662063,60.1322544079148,0.4387607993166243,0.014164792724622637,certain_temperate,292.9813232421875,356.4495162963867,POINT (541468.963730472 8672151.893536145),dronbreen
dronbreen-20220329-DAT_0249_A1_1,2085.0,2212,145.0701446533203,541465.9193386895,8672148.69810704,437.86949666341144,2022-03-29 15:10:33.666666752+00:00,0,2022-05-03,100 MHz,20220329,63.36396789550781,144.34063720703125,145.48703002929688,0.9761623957173279,1.3133597259521483,10,2.9135371540267183,1.1290067036946614,3.389434857706325,3.2735680698122325,141.21600044656105,148.61166678976707,63.98926544189453,61.59227752685547,2.2601467908925974,2.1631694137573243,10.0,10.0,1.6555723264634379,1.3548196156819663,3.0423276996082125,3.1120281868213047,66.12853071744784,59.453012251302155,0.4367815862245889,0.015579682479077669,certain_temperate,292.7993520100911,356.16331990559894,POINT (541465.9193386895 8672148.69810704),dronbreen
dronbreen-20220329-DAT_0249_A1_1,2090.0,2218,145.69544982910156,541462.1301090633,8672144.797379661,438.28749593098956,2022-03-29 15:10:35.333333248+00:00,0,2022-05-03,100 MHz,20220329,63.25975036621094,144.65328979492188,145.90390014648438,0.9953198271588602,1.3906161804199217,10,2.9259913944442317,1.129039764404297,3.4307389570198286,3.29041304220357,141.51702506917442,149.04016487223183,63.88505554199219,60.96697998046875,2.5684338186419065,2.472200887298584,10.0,10.0,1.6699753945416111,1.8064371744791667,3.4876654528315343,3.5565271494054604,66.34514356556262,58.506891956898315,0.43419166789637986,0.01762878539895816,certain_temperate,292.592046101888,355.85179646809894,POINT (541462.1301090633 8672144.797379661),dronbreen
dronbreen-20220329-DAT_0249_A1_1,2095.0,2222,146.11233520507812,541459.1367403708,8672141.60353971,438.91164143880206,2022-03-29 15:10:36.666666752+00:00,0,2022-05-03,100 MHz,20220329,62.738677978515625,144.9659423828125,146.32077026367188,1.0196941854015544,1.236091960144043,10,2.934294770406076,1.0161209106445312,3.3422314160773277,3.26838855346534,141.8606907819464,149.42602186453797,63.989280700683594,60.55012512207031,2.7946240760632466,2.703958939361572,10.0,10.0,1.6884983528961273,2.4838345845540366,4.041268968642525,4.10248518067671,66.99268891988385,57.54671690287006,0.42938659416029334,0.019126544464167318,certain_temperate,292.79930623372394,355.53798421223956,POINT (541459.1367403708 8672141.60353971),dronbreen
dronbreen-20220329-DAT_0249_A1_1,2100.0,2227,146.63340759277344,541455.2982335236,8672137.701316888,439.4068516322545,2022-03-29 15:10:38.142856960+00:00,0,2022-05-03,100 MHz,20220329,61.904937744140625,145.48703002929688,146.7376251220703,1.1461256082077944,1.236091960144043,10,2.9446735793475263,0.7903162638346355,3.28992790494285,3.257192993296313,142.43814461233072,149.78651053903647,63.155540466308594,59.92481231689453,3.078374610877501,2.703958939361572,10.0,10.0,1.7152624991983796,2.9354438781738286,4.344001628546867,4.586430687142201,66.55538696329408,56.52496581990904,0.4221748560605059,0.020993678462596223,certain_temperate,292.77344403948103,354.67838178362166,POINT (541455.2982335236 8672137.701316888),dronbreen
dronbreen-20220329-DAT_0249_A1_1,2105.0,2232,146.84185791015625,541451.7611456197,8672134.05651537,439.8768768310547,2022-03-29 15:10:39.500000+00:00,0,2022-05-03,100 MHz,20220329,60.75856018066406,146.11233520507812,147.25869750976562,1.2959061690233384,1.3906048690795898,10,2.948825612646941,0.6773974100748698,3.3298981436204036,3.2914757395264957,143.08670473441936,150.2843279804244,62.530250549316406,58.882652282714844,3.3259778233800947,3.090241211700439,10.0,10.0,1.7420372152149213,2.8225498199462895,4.533329007668028,4.697191674489001,65.84709862320713,55.56580420882412,0.41376866954270347,0.022650066341540445,certain_temperate,293.03501892089844,353.7935791015625,POINT (541451.7611456197 8672134.05651537),dronbreen
dronbreen-20220329-DAT_0249_A1_1,2110.0,2237,147.25869750976562,541448.1365103752,8672130.409027461,440.3696594238281,2022-03-29 15:10:41+00:00,0,2022-05-03,100 MHz,20220329,59.92479705810547,146.7376251220703,147.88401794433594,1.464859088361759,1.1588355056762694,10,2.9571286067584315,1.2419090270996096,3.4102562011843824,3.5260118799086033,143.53029794379546,151.0913451226108,62.32179260253906,57.8404541015625,3.360107679847176,3.8628057563781737,10.0,10.0,1.766760897020362,2.596736907958985,4.9785293961073425,4.599435862860201,65.46257063296346,54.6996760711381,0.4069355363823688,0.022817719677469962,certain_temperate,293.1109619140625,353.03575897216797,POINT (541448.1365103752 8672130.409027461),dronbreen
dronbreen-20220329-DAT_0249_A1_1,2115.0,2241,147.9882354736328,541444.8405548175,8672127.081836356,440.65956624348956,2022-03-29 15:10:42.333333248+00:00,0,2022-05-03,100 MHz,20220329,59.50794982910156,147.36293029785156,148.30088806152344,1.5755214736841276,1.236091960144043,10,2.971660669632345,1.6935513814290366,3.6368677114947,3.76578694710943,143.94256724446382,151.72125111491118,61.1754150390625,57.423606872558594,3.575402796181759,3.7855493019104003,10.0,10.0,1.7894313004681506,2.70965576171875,4.987452480305459,4.829886528797037,64.42261363571636,54.176408275904734,0.4021127060448271,0.024160047484442043,certain_temperate,292.67133076985675,352.1792805989583,POINT (541444.8405548175 8672127.081836356),dronbreen
dronbreen-20220329-DAT_0249_A1_1,2120.0,2246,148.8219757080078,541441.2141312783,8672123.5428712,441.0781440734863,2022-03-29 15:10:43.750000128+00:00,0,2022-05-03,100 MHz,20220329,58.986854553222656,148.1966552734375,148.9261932373047,1.6233213273863414,1.2361145828247069,10,2.9882690945518857,1.467730204264323,3.551332622528568,3.703937940342831,144.86739347328364,152.25545503745855,59.92481231689453,56.798309326171875,3.9049516769348727,4.326333171844482,10.0,10.0,1.8162322530882364,2.935452143351237,5.534684959134104,5.211931166301011,63.376707286771705,53.3464143562947,0.396358496603729,0.02623907966788775,certain_temperate,292.2561683654785,351.2430229187012,POINT (541441.2141312783 8672123.5428712),dronbreen
dronbreen-20220329-DAT_0249_A1_1,2125.0,2251,149.3430633544922,541437.980549846,8672120.419218602,441.4573059082031,2022-03-29 15:10:45+00:00,0,2022-05-03,100 MHz,20220329,58.15312957763672,148.9261932373047,149.86415100097656,1.6530841742948967,1.0815903625488281,10,2.998649734270668,1.0161209106445312,3.3457793779998597,3.5717067658466677,145.76005964348863,153.03028459479262,58.98686218261719,55.8603515625,4.365039347381348,3.3220049194335934,10.0,10.0,1.8430414018385246,2.5967286427815752,4.601686423244651,5.403088908885411,62.171167641132925,52.67604610398426,0.38939290698490614,0.02922826979261939,certain_temperate,292.11424255371094,350.26737213134766,POINT (541437.980549846 8672120.419218602),dronbreen
dronbreen-20220329-DAT_0249_A1_1,2130.0,2255,149.7599334716797,541434.3584016956,8672116.895911023,441.8990885416667,2022-03-29 15:10:46.333333248+00:00,0,2022-05-03,100 MHz,20220329,57.52783203125,149.55148315429688,150.59365844726562,1.6974532262577011,1.0815903625488281,10,3.0069544508317336,1.1290232340494792,3.3891453560977323,3.6328798476873683,146.33955716940864,153.80558443215386,58.257354736328125,54.19287872314453,4.81459486393624,3.4765234840393067,10.0,10.0,1.863669556130347,2.5967451731363935,4.722559183719252,5.7789855002842385,61.453657242139215,50.99657621733344,0.3841336644432256,0.03214875135375713,certain_temperate,292.139155069987,349.666987101237,POINT (541434.3584016956 8672116.895911023),dronbreen
dronbreen-20220329-DAT_0249_A1_1,2135.0,2260,150.38523864746094,541429.8178082787,8672112.910105955,442.5631408691406,2022-03-29 15:10:48+00:00,0,2022-05-03,100 MHz,20220329,56.798309326171875,150.281005859375,151.5316162109375,1.6699663917633871,0.9270887649536133,10,3.019411863463067,1.5806159973144531,3.5319525068000406,3.7952579203272996,146.8728986233585,154.939723446954,57.632057189941406,53.04649353027344,5.342415526536755,4.4036009376525875,10.0,10.0,1.8904934107039841,2.822541554768881,5.561691054203484,6.331043343912069,61.02921867628737,49.64933204392747,0.37768540208471346,0.03552486650010018,certain_temperate,292.1779022216797,348.97621154785156,POINT (541429.8178082787 8672112.910105955),dronbreen
dronbreen-20220329-DAT_0249_A1_1,2140.0,2265,151.21896362304688,541426.018231512,8672109.753547246,443.07529703776044,2022-03-29 15:10:49.333333248+00:00,0,2022-05-03,100 MHz,20220329,56.381439208984375,150.6978759765625,152.4695587158203,1.6755618404493116,1.3906048690795898,10,3.036022065745134,1.4676971435546875,3.6476494884785464,3.7655109042545374,147.32570087896008,155.84173381342274,57.52782440185547,52.629615783691406,5.782571815156104,4.4036009376525875,10.0,10.0,1.915260403912523,2.145135879516602,5.259423121833741,6.458170573298787,60.403555675181366,49.75388451036551,0.3728463537782865,0.03823972653040189,certain_temperate,291.85633341471356,348.23777262369794,POINT (541426.018231512 8672109.753547246),dronbreen
dronbreen-20220329-DAT_0249_A1_1,2145.0,2268,151.7400360107422,541423.0375221078,8672107.180498846,443.35997517903644,2022-03-29 15:10:50.333333248+00:00,0,2022-05-03,100 MHz,20220329,56.17298126220703,151.01052856445312,152.99066162109375,1.6885091630654385,1.6223855438232422,10,3.04640368490726,1.3548113505045574,3.707859768070949,3.73726536395644,147.67644860037421,156.32474158517266,57.42359161376953,52.31695556640625,6.0500678100144745,4.5581195022583,10.0,10.0,1.92971106161617,1.8064371744791667,5.269103666045254,6.602296611970521,60.066885022883255,49.673662157292526,0.37019222308758615,0.039871269106501135,certain_temperate,291.61993916829425,347.7929204305013,POINT (541423.0375221078 8672107.180498846),dronbreen
dronbreen-20220329-DAT_0249_A1_1,2150.0,2272,152.4695587158203,541419.0853352515,8672103.585040035,443.7071024576823,2022-03-29 15:10:51.666666752+00:00,0,2022-05-03,100 MHz,20220329,55.96455383300781,151.32318115234375,153.61595153808594,1.7330935488297197,2.1631807250976562,10,3.060938832123045,1.6935513814290366,4.113005429728122,3.9039820778961296,147.8249726371836,157.11416005324608,57.31938171386719,52.004295349121094,6.436206116346897,4.789877554321289,10.0,10.0,1.948293198410513,2.3709405263264975,5.688596694417783,7.130354446901728,60.38812826031739,48.935548802670894,0.3670539503384875,0.04221305662950721,certain_temperate,291.237543741862,347.2020975748698,POINT (541419.0853352515 8672103.585040035),dronbreen
dronbreen-20220329-DAT_0249_A1_1,2155.0,2277,153.30331420898438,541415.2614321164,8672100.1796365,443.92535400390625,2022-03-29 15:10:53+00:00,0,2022-05-03,100 MHz,20220329,55.547698974609375,151.7400360107422,154.03282165527344,1.6743006466498094,2.008656504821777,10,3.0775513738983196,1.467730204264323,3.957304052742986,3.798530909031174,148.33040928461904,157.4424483813966,56.90252685546875,51.483238220214844,6.876231153463926,4.867134008789062,10.0,10.0,1.97307478924152,2.5967369079589844,5.8587592673370645,7.6104284747289155,60.16382516949905,48.221939906184545,0.3623385395235897,0.04485376711484652,certain_temperate,290.6220397949219,346.16973876953125,POINT (541415.2614321164 8672100.1796365),dronbreen
dronbreen-20220329-DAT_0249_A1_1,2160.0,2281,153.8243865966797,541411.6768719001,8672097.091771742,444.1117655436198,2022-03-29 15:10:54.333333248+00:00,0,2022-05-03,100 MHz,20220329,54.922393798828125,152.05270385742188,154.34547424316406,1.6161661088720318,1.9314000503540039,10,3.0879340609439683,1.0161209106445312,3.781288751774245,3.6304037463143883,148.8018826581267,157.59629544245925,56.06877136230469,50.85792541503906,6.598438692025481,4.635358989715576,10.0,10.0,1.9957959995336478,3.161240259806315,5.955098203683279,7.583932675360043,59.80730605546654,47.11939072187721,0.35704607711410585,0.0428959207185157,certain_temperate,290.2873789469401,345.20977274576825,POINT (541411.6768719001 8672097.091771742),dronbreen
dronbreen-20220329-DAT_0249_A1_1,2165.0,2287,154.24127197265625,541407.5350667408,8672093.428478975,444.4814453125,2022-03-29 15:10:56+00:00,0,2022-05-03,100 MHz,20220329,53.567588806152344,152.57379150390625,154.86656188964844,1.5442635907330102,2.2404258682250977,10,3.0962409453879984,0.7903162638346355,3.9026677875257185,3.5490925356268623,149.37827780673976,158.06207558681493,54.29710388183594,49.71155548095703,6.069503776434227,4.249088028717041,10.0,10.0,2.030920036073268,3.048354466756185,5.609977738253753,7.089145028849782,57.96004001940594,46.04861934338703,0.3472973745681296,0.039350711380999395,certain_temperate,290.24017333984375,343.8077621459961,POINT (541407.5350667408 8672093.428478975),dronbreen
dronbreen-20220329-DAT_0249_A1_1,2170.0,2291,154.5539093017578,541404.3442597943,8672090.41478739,444.7701822916667,2022-03-29 15:10:57.333333248+00:00,0,2022-05-03,100 MHz,20220329,52.838050842285156,153.09486389160156,155.17921447753906,1.510288496297447,2.317693634033203,10,3.102470685144727,1.0161043802897136,4.003685332923202,3.5970493193553432,149.83023642988005,158.44384193926058,53.56756591796875,48.982017517089844,5.7869421989802134,4.249082373046875,10.0,10.0,2.0515862996371834,2.7096474965413413,5.4411301136169685,6.711176939606771,56.96627095082637,45.58331248423222,0.34187456713968867,0.03744287171462958,certain_temperate,290.2162729899089,343.05432383219403,POINT (541404.3442597943 8672090.41478739),dronbreen
dronbreen-20220329-DAT_0249_A1_1,2175.0,2296,155.17921447753906,541400.4921833697,8672086.884498872,445.1059265136719,2022-03-29 15:10:59+00:00,0,2022-05-03,100 MHz,20220329,52.00431823730469,153.61595153808594,155.5960693359375,1.4434047826079162,2.2404258682250977,10,3.1149310493727507,1.1290067036946614,3.9996199382373936,3.613982421898219,150.30272779385527,158.90929308016817,53.04649353027344,47.731422424316406,5.897342395595637,4.4036065933227535,10.0,10.0,2.0805248582204565,4.403165817260743,6.5656838127282935,7.6482089557527395,57.91644762656293,42.861468328026916,0.3351242523838906,0.03800342987590796,certain_temperate,289.9267120361328,341.9310302734375,POINT (541400.4921833697 8672086.884498872),dronbreen
dronbreen-20220329-DAT_0249_A1_1,2180.0,2303,155.5960693359375,541396.4647562007,8672083.550428651,445.4518356323242,2022-03-29 15:11:00.750000128+00:00,0,2022-05-03,100 MHz,20220329,49.81575012207031,154.44969177246094,156.2213897705078,1.3847333122594432,2.008656504821777,10,3.1232378579156514,0.9032020568847656,3.821660585012915,3.5338187586178536,151.19847835702996,159.4726031859388,51.795867919921875,45.647064208984375,6.06632219118911,4.558108190917968,10.0,10.0,2.132217243433477,4.741889317830404,6.914348483831476,7.989501211155964,56.99508561835971,40.44784651054654,0.32016072343393404,0.0389876313526385,certain_temperate,289.8557662963867,339.67151641845703,POINT (541396.4647562007 8672083.550428651),dronbreen
dronbreen-20220329-DAT_0249_A1_1,2185.0,2308,156.012939453125,541392.1950747248,8672079.99180725,445.70359293619794,2022-03-29 15:11:02.333333248+00:00,0,2022-05-03,100 MHz,20220329,48.460914611816406,155.0749969482422,156.84669494628906,1.3904705543973457,1.6996306869506834,10,3.131545131516035,0.7903327941894532,3.6496500254568986,3.516334625563834,151.84525998739025,160.076431907141,51.06635284423828,44.70911407470703,6.208524968021267,5.021629950714111,10.0,10.0,2.167379804968706,3.4999554951985683,6.493380556325484,7.449362789252535,55.183053426908444,40.59241349203687,0.3106211240021971,0.039794936175064216,certain_temperate,289.69065348307294,338.15156809488934,POINT (541392.1950747248 8672079.99180725),dronbreen
dronbreen-20220329-DAT_0249_A1_1,2190.0,2312,156.3256072998047,541388.7204058407,8672077.244132081,445.9549124581473,2022-03-29 15:11:03.571428608+00:00,0,2022-05-03,100 MHz,20220329,47.31455993652344,155.5960693359375,157.47198486328125,1.3980448425844996,1.4678613235473632,10,3.13777599567928,0.5645116170247396,3.5098331057164525,3.4812125684442337,152.4079175884799,160.66013661073885,50.441062927246094,43.875396728515625,6.286168038369799,4.944390463256836,10.0,10.0,2.196343183315353,3.499938964843751,6.44363974704301,7.522592953440281,54.5730716562455,39.743387999516216,0.302666727184258,0.04021201738442025,certain_temperate,289.6293051583426,336.94386509486606,POINT (541388.7204058407 8672077.244132081),dronbreen
dronbreen-20220329-DAT_0249_A1_1,2195.0,2317,156.53402709960938,541384.7155619089,8672073.930730011,446.38433837890625,2022-03-29 15:11:05+00:00,0,2022-05-03,100 MHz,20220329,45.75128936767578,156.11717224121094,157.680419921875,1.4365351997097162,1.1588355056762694,10,3.1419294479679993,0.5645116170247396,3.396070339521895,3.500575295829161,152.92493258514432,160.87265957794162,49.50311279296875,42.72898864746094,6.437217188016886,4.558125157928466,10.0,10.0,2.2315210041030205,3.8386789957682295,6.363304753007319,7.82003245197903,53.943286486002066,38.28881495442762,0.29227695866127723,0.04112343691203067,certain_temperate,289.8503112792969,335.60160064697266,POINT (541384.7155619089 8672073.930730011),dronbreen
dronbreen-20220329-DAT_0249_A1_1,2200.0,2322,156.84669494628906,541380.9521556443,8672070.83744981,446.79322306315106,2022-03-29 15:11:06.333333248+00:00,0,2022-05-03,100 MHz,20220329,44.29225158691406,156.7424774169922,157.88885498046875,1.495635431149327,1.081579051208496,10,3.148160460686479,0.7903162638346355,3.421304915836107,3.5738549811121985,153.49663175166685,161.13470064579408,48.565162658691406,41.791046142578125,6.5720136358477035,4.480851736450195,10.0,10.0,2.2667071023790224,3.4999720255533857,6.120931101693639,7.783259503408576,52.73502659743471,37.62118220383482,0.2823919981360245,0.041900874214137816,certain_temperate,289.946528116862,334.23877970377606,POINT (541380.9521556443 8672070.83744981),dronbreen
dronbreen-20220329-DAT_0249_A1_1,2205.0,2326,157.2635498046875,541377.1083328135,8672067.865769617,447.1354064941406,2022-03-29 15:11:07.666666752+00:00,0,2022-05-03,100 MHz,20220329,43.25006866455078,157.05511474609375,158.30572509765625,1.5814479136182902,1.0815903625488281,10,3.1564679055660574,1.0161209106445312,3.4879261827447197,3.6737948836870693,153.7391244952158,161.6217153485342,48.04405975341797,40.540435791015625,6.718744629784206,5.253421936798095,10.0,10.0,2.295689341500048,3.048329671223959,6.493146031252705,7.726838469736209,51.86014457128317,36.72435097315042,0.27501648486419733,0.042722834618247586,certain_temperate,289.8718566894531,333.1219253540039,POINT (541377.1083328135 8672067.865769617),dronbreen
dronbreen-20220329-DAT_0249_A1_1,2210.0,2331,157.78465270996094,541372.7661504423,8672064.584123526,447.45948028564453,2022-03-29 15:11:09.249999872+00:00,0,2022-05-03,100 MHz,20220329,42.41636657714844,157.36776733398438,158.72259521484375,1.7033103718474123,1.0815903625488281,10,3.166853115053048,1.2419255574544272,3.5694783169166597,3.8042875765933695,153.96610042751342,162.1242621213147,47.418785095214844,39.394065856933594,7.234764880790548,6.257750189208984,10.0,10.0,2.3226055580078593,2.032217025756836,6.977380600799274,7.8655085975533225,50.50494818518027,36.30790276696817,0.2688244125689335,0.045852145671540445,certain_temperate,289.6748275756836,332.09119415283203,POINT (541372.7661504423 8672064.584123526),dronbreen
dronbreen-20220329-DAT_0249_A1_1,2215.0,2336,158.40994262695312,541369.248975777,8672062.103257665,447.6104736328125,2022-03-29 15:11:10.666666752+00:00,0,2022-05-03,100 MHz,20220329,42.52056884765625,157.78465270996094,159.03524780273438,1.8548503938852108,1.0043225967407226,10,3.179315015727418,0.9032020568847656,3.4543424559696927,3.7900247899567656,154.47953275377316,162.34036775892216,46.897674560546875,38.76875305175781,7.640500990229216,6.9530413124084465,10.0,10.0,2.3329592328163455,1.5806242624918623,7.50238997474935,8.143606524314311,49.71566530594704,35.950762306357646,0.2684210860917354,0.048232458540952726,certain_temperate,289.2005310058594,331.7210998535156,POINT (541369.248975777 8672062.103257665),dronbreen
dronbreen-20220329-DAT_0249_A1_1,2220.0,2342,158.61837768554688,541364.6468420251,8672058.860168362,447.83717854817706,2022-03-29 15:11:12.666666752+00:00,0,2022-05-03,100 MHz,20220329,41.791053771972656,158.0972900390625,159.347900390625,2.035154506178232,1.081579051208496,10,3.183469160497384,0.5645116170247396,3.409246618478469,3.820340708053585,154.86415699794065,162.58103343174685,45.43864440917969,37.309715270996094,7.896395898199963,7.571098603820801,10.0,10.0,2.3515972114975128,2.935460408528646,8.453902727376233,8.746428153038888,49.19988586050424,33.54847381967154,0.2634691791818812,0.04978235191545194,certain_temperate,289.2188008626302,331.00985463460285,POINT (541364.6468420251 8672058.860168362),dronbreen
dronbreen-20220329-DAT_0249_A1_1,2225.0,2348,158.9310302734375,541361.0908226377,8672056.08347903,448.107666015625,2022-03-29 15:11:14.666666752+00:00,0,2022-05-03,100 MHz,20220329,40.332000732421875,158.51416015625,159.7647705078125,2.198298304884815,1.0043225967407226,10,3.1897004488682823,1.1290067036946614,3.5295196512871314,4.035016793987041,155.1305459509219,163.1483847131406,43.041656494140625,36.059112548828125,8.151230880598437,7.416585694885254,10.0,10.0,2.3868078940769992,4.177369435628256,8.840419146993314,9.465190552427933,47.85281719868473,31.247951844284017,0.25377046045087304,0.05128785024909494,certain_temperate,289.1766357421875,329.5086364746094,POINT (541361.0908226377 8672056.08347903),dronbreen
dronbreen-20220329-DAT_0249_A1_1,2230.0,2358,159.66053771972656,541357.0215290032,8672052.546644667,448.44019571940106,2022-03-29 15:11:17.333333248+00:00,0,2022-05-03,100 MHz,20220329,38.97718048095703,159.24368286132812,160.28585815429688,2.5608093834167738,1.0043452194213867,10,3.204240147364253,0.9032185872395834,3.4773075875007886,4.2000837416069885,155.91457506218495,163.61496595344005,41.791038513183594,33.66210174560547,8.546190873877176,9.03896558303833,10.0,10.0,2.428239915199523,4.403165817260742,10.34345769611947,9.915724721511946,46.81938001909403,28.63376023969502,0.24412532387545177,0.053527258494390426,certain_temperate,288.7796579996745,327.75683848063153,POINT (541357.0215290032 8672052.546644667),dronbreen
dronbreen-20220329-DAT_0249_A1_1,2235.0,2363,159.7647705078125,541353.4277537056,8672049.334595857,448.7425231933594,2022-03-29 15:11:19+00:00,0,2022-05-03,100 MHz,20220329,37.101280212402344,159.45211791992188,160.49427795410156,2.7634675443548145,0.9270661422729491,10,3.206317632139024,0.33872350056966144,3.3547962680545313,4.246405448930447,156.22795812735518,163.71843774666826,41.374183654785156,32.61994171142578,8.669984818370331,10.197801088714598,10.0,10.0,2.4676087089692467,5.08057975769043,11.657466725657994,10.347464431714982,47.02231462129387,26.971810744917065,0.232224414021163,0.054267187883866856,certain_temperate,288.9777526855469,326.0790328979492,POINT (541353.4277537056 8672049.334595857),dronbreen
dronbreen-20220329-DAT_0249_A1_1,2240.0,2369,159.97320556640625,541349.4263870423,8672045.768857848,449.058349609375,2022-03-29 15:11:20.750000128+00:00,0,2022-05-03,100 MHz,20220329,34.60008239746094,159.8689727783203,161.01536560058594,2.197844268699057,0.7725645446777343,9,3.2104720213197107,0.6773974100748698,3.3708832413101946,3.9492426210991525,156.5878147737657,164.29652360514055,40.54045104980469,31.473556518554688,8.87607735451087,10.27506319885254,10.0,10.0,2.5214932094404325,1.12901496887207,10.639996548195173,9.296093373479643,43.30316761239149,28.710839955967884,0.21628673548770108,0.055484775235227345,certain_temperate,289.08514404296875,323.6852264404297,POINT (541349.4263870423 8672045.768857848),dronbreen
dronbreen-20220329-DAT_0249_A1_1,2245.0,2375,160.3900604248047,541345.8433472436,8672042.933781726,449.3057294573103,2022-03-29 15:11:22.428571392+00:00,0,2022-05-03,100 MHz,20220329,36.68440246582031,159.97320556640625,161.11956787109375,2.1488490509778133,0.8497983764648437,8,3.218780606569668,0.3070025964409843,3.343195547390668,3.8823126395666225,156.73981737637237,164.35295606112763,37.830787658691406,30.95245361328125,9.436391503491306,8.343663148498536,9.0,9.0,2.4883319562361637,2.10049896458829,8.956595701508194,9.982453427480916,41.08714940528262,27.69609186669004,0.22871992421886378,0.05883401676200096,certain_temperate,288.9156690325056,325.6000714983259,POINT (541345.8433472436 8672042.933781726),dronbreen
