radar_key,distance,x,thickness,easting,northing,elevation,time,part_idx,elevation_date,antenna,date_str,temperate,thickness_user_lower,thickness_user_upper,thickness_user_std,thickness_user_nmad,thickness_user_count,thickness_gpr_uncertainty,thickness_gnss_uncertainty,thickness_nmad,thickness_std,thickness_lower,thickness_upper,temperate_user_lower,temperate_user_upper,temperate_user_std,temperate_user_nmad,temperate_user_count,temperate_user_temperate_line_count,temperate_gpr_uncertainty,temperate_gnss_uncertainty,temperate_nmad,temperate_std,temperate_lower,temperate_upper,temperate_frac,temperate_frac_std,bed_type,bed_elevation,temperate_elevation,geometry,glacier
dronbreen-20220329-DAT_0247_A1_2,5.0,13,136.31591796875,541453.1373665979,8672696.43065201,417.3074188232422,2022-03-29 14:05:47.249999872+00:00,0,2022-05-03,100 MHz,20220329,0.0,136.31591796875,136.9412078857422,0.7104841163100141,0.3090484405517578,7,2.7392283213827193,0.2515324677477553,2.7680591246582757,2.8410258813543545,133.56516527557739,139.6919605789148,0.0,0.0,0.7339716809893811,0.46352741546630855,6.0,0.0,2.7392283213827193,0.1379228600382774,0.0,0.0,0.0,0.0,0.0,0.0,certain_cold,280.9915008544922,280.9915008544922,POINT (541453.1373665979 8672696.43065201),dronbreen
dronbreen-20220329-DAT_0247_A1_2,10.0,23,136.10748291015625,541451.2855211453,8672700.886360636,417.0098876953125,2022-03-29 14:05:50+00:00,0,2022-05-03,100 MHz,20220329,0.0,136.10748291015625,136.31591796875,0.43567235132978654,0.15451290893554687,7,2.735079297142112,0.4516092936197917,2.776415666784583,2.8061397173790867,133.3353700488645,139.08803083004176,0.0,0.0,0.47377472489227135,0.2317693634033203,6.0,0.0,2.7371538017880774,0.4516092936197917,0.0,0.0,0.0,0.0,0.0,0.0,certain_cold,280.90240478515625,280.90240478515625,POINT (541451.2855211453 8672700.886360636),dronbreen
dronbreen-20220329-DAT_0247_A1_2,15.0,31,135.8990478515625,541452.2847748698,8672705.755630413,416.7972819010417,2022-03-29 14:05:52.333333248+00:00,0,2022-05-03,100 MHz,20220329,0.0,135.69061279296875,136.00326538085938,0.6530694588773281,0.2317693634033203,8,2.7309303328324783,0.5645116170247396,2.7982799871265165,2.8641147963478564,132.90194754799214,138.791930625836,0.104217529296875,0.0,0.7002212628292596,0.15451290893554687,7.0,0.0,2.7309303328324783,0.4516092936197917,0.0,0.0,0.0,0.0,0.0,0.0,certain_cold,280.8982340494792,280.8982340494792,POINT (541452.2847748698 8672705.755630413),dronbreen
dronbreen-20220329-DAT_0247_A1_2,20.0,37,135.58639526367188,541455.3107022981,8672710.394952213,416.67248971121654,2022-03-29 14:05:54.285714432+00:00,0,2022-05-03,100 MHz,20220329,0.0,135.58639526367188,136.00326538085938,0.5718790193402291,0.30902581787109373,9,2.724706999337482,0.33870697021484375,2.763014223637237,2.804602691411446,132.84071672387324,138.748943920658,0.20843505859375,0.0,0.6049684270074662,0.30902581787109373,8.0,0.0,2.728855873237201,0.22580464680989584,0.0,0.0,0.0,0.0,0.0,0.0,certain_cold,281.08609444754467,281.08609444754467,POINT (541455.3107022981 8672710.394952213),dronbreen
dronbreen-20220329-DAT_0247_A1_2,25.0,43,135.58639526367188,541458.5719721921,8672714.32374211,416.5661315917969,2022-03-29 14:05:56+00:00,0,2022-05-03,100 MHz,20220329,0.0,135.482177734375,135.8990478515625,0.5836241131655523,0.30902581787109373,9,2.724706999337482,0.33870697021484375,2.763014223637237,2.8070211522856505,132.73649919457637,138.64472639136113,0.312652587890625,0.0,0.6102307132119438,0.4635387268066406,8.0,0.0,2.7267814287273833,0.11290232340494792,0.0,0.0,0.0,0.0,0.0,0.0,certain_cold,280.979736328125,280.979736328125,POINT (541458.5719721921 8672714.32374211),dronbreen
dronbreen-20220329-DAT_0247_A1_2,30.0,49,135.8990478515625,541461.5410515517,8672718.26125492,416.45806884765625,2022-03-29 14:05:57.666666752+00:00,0,2022-05-03,100 MHz,20220329,0.0,135.58639526367188,136.00326538085938,1.1467068329002132,0.4635387268066406,10,2.7309303328324783,0.5645116170247396,2.8269280146105453,3.015226427510948,132.79773001869526,138.791930625836,0.0,0.0,1.1872449585210467,0.4635387268066406,9.0,0.0,2.7309303328324783,0.4516092936197917,0.0,0.0,0.0,0.0,0.0,0.0,certain_cold,280.55902099609375,280.55902099609375,POINT (541461.5410515517 8672718.26125492),dronbreen
dronbreen-20220329-DAT_0247_A1_2,35.0,54,136.10748291015625,541464.3761758897,8672722.814959228,416.3631184895833,2022-03-29 14:05:59.333333248+00:00,0,2022-05-03,100 MHz,20220329,0.0,135.8990478515625,136.21170043945312,1.105333769575614,0.4635387268066406,10,2.735079297142112,0.33870697021484375,2.7946823298144334,2.969367595211436,133.1430759407246,138.96767235029102,0.104217529296875,0.0,1.136607921950321,0.30902581787109373,9.0,0.0,2.735079297142112,0.33870697021484375,0.0,0.0,0.0,0.0,0.0,0.0,certain_cold,280.25563557942706,280.25563557942706,POINT (541464.3761758897 8672722.814959228),dronbreen
dronbreen-20220329-DAT_0247_A1_2,40.0,58,136.21170043945312,541466.5696534703,8672726.433915824,416.3044738769531,2022-03-29 14:06:00.500000+00:00,0,2022-05-03,100 MHz,20220329,0.0,136.10748291015625,136.31591796875,1.0723617136550774,0.38628227233886714,10,2.7371538017880774,0.451592763264974,2.800921447024086,2.9742068864471203,133.33332592857136,139.0900749503349,0.0,0.0,1.105389029900229,0.30902581787109373,9.0,0.0,2.7371538017880774,0.451592763264974,0.0,0.0,0.0,0.0,0.0,0.0,certain_cold,280.0927734375,280.0927734375,POINT (541466.5696534703 8672726.433915824),dronbreen
dronbreen-20220329-DAT_0247_A1_2,45.0,64,136.5243377685547,541469.3643920039,8672730.846814623,416.24798583984375,2022-03-29 14:06:02+00:00,0,2022-05-03,100 MHz,20220329,0.0,136.42013549804688,136.62855529785156,1.0392152754956867,0.3090145065307617,10,2.743377101540538,0.451592763264974,2.7974173643446036,2.968168178172159,133.63983804182203,139.4088527540764,0.1042022705078125,0.0,1.0764914061356403,0.15451290893554687,9.0,0.0,2.743377101540538,0.451592763264974,0.0,0.0,0.0,0.0,0.0,0.0,certain_cold,279.72364807128906,279.72364807128906,POINT (541469.3643920039 8672730.846814623),dronbreen
dronbreen-20220329-DAT_0247_A1_2,50.0,68,136.62855529785156,541471.6699676131,8672734.76388762,416.20790608723956,2022-03-29 14:06:03.333333248+00:00,0,2022-05-03,100 MHz,20220329,0.0,136.62855529785156,136.7327880859375,1.0104825141912932,0.2317693634033203,10,2.7454516657758217,0.4516092936197917,2.791983674917778,2.9601572111429078,133.84620812267823,139.51513526111083,0.0,0.0,1.0486654374046707,0.15453553161621092,9.0,0.0,2.7454516657758217,0.4516092936197917,0.0,0.0,0.0,0.0,0.0,0.0,certain_cold,279.579350789388,279.579350789388,POINT (541471.6699676131 8672734.76388762),dronbreen
dronbreen-20220329-DAT_0247_A1_2,55.0,73,136.9412078857422,541474.3710803876,8672739.933798289,416.08746337890625,2022-03-29 14:06:05+00:00,0,2022-05-03,100 MHz,20220329,0.0,136.8369903564453,136.9412078857422,0.9717021396533418,0.30902581787109373,10,2.75167544722891,0.5645116170247396,2.825931366602736,2.9723048600110302,134.02800635281724,139.75019188937026,0.104217529296875,0.0,1.007434099580909,0.15451290893554687,9.0,0.0,2.75167544722891,0.5645116170247396,0.0,0.0,0.0,0.0,0.0,0.0,certain_cold,279.14625549316406,279.14625549316406,POINT (541474.3710803876 8672739.933798289),dronbreen
dronbreen-20220329-DAT_0247_A1_2,60.0,78,137.14964294433594,541476.7397707392,8672743.66673357,416.01637268066406,2022-03-29 14:06:06.333333248+00:00,0,2022-05-03,100 MHz,20220329,0.0,137.04544067382812,137.2538604736328,0.9249302316849076,0.3090145065307617,10,2.7558247084862884,0.5645116170247396,2.829970521914649,2.96120568740912,134.23239193808618,140.06690920937476,0.0,0.0,0.962399654907769,0.3090031951904297,9.0,0.0,2.7558247084862884,0.5645116170247396,0.0,0.0,0.0,0.0,0.0,0.0,certain_cold,278.8667297363281,278.8667297363281,POINT (541476.7397707392 8672743.66673357),dronbreen
dronbreen-20220329-DAT_0247_A1_2,65.0,83,137.46229553222656,541479.6360239311,8672748.098295929,415.9093322753906,2022-03-29 14:06:08+00:00,0,2022-05-03,100 MHz,20220329,0.0,137.2538604736328,137.46229553222656,0.8697969132812897,0.38628227233886714,10,2.7620487101417455,0.5645116170247396,2.8454877326874644,2.950276785880475,134.43471407038385,140.28144193547553,0.0,0.0,0.9027154450568439,0.30902581787109373,9.0,0.0,2.7620487101417455,0.5645116170247396,0.0,0.0,0.0,0.0,0.0,0.0,certain_cold,278.44703674316406,278.44703674316406,POINT (541479.6360239311 8672748.098295929),dronbreen
dronbreen-20220329-DAT_0247_A1_2,70.0,88,137.6707305908203,541482.0799655218,8672752.081688682,415.79930114746094,2022-03-29 14:06:09.500000+00:00,0,2022-05-03,100 MHz,20220329,0.0,137.46229553222656,137.6707305908203,0.8305497051635324,0.30902581787109373,10,2.7661981173741137,0.4516092936197917,2.8198049462256707,2.9232885234603665,134.65947499236893,140.47355113067795,0.0,0.0,0.868479410807294,0.30902581787109373,9.0,0.0,2.7661981173741137,0.4516092936197917,0.0,0.0,0.0,0.0,0.0,0.0,certain_cold,278.1285705566406,278.1285705566406,POINT (541482.0799655218 8672752.081688682),dronbreen
dronbreen-20220329-DAT_0247_A1_2,75.0,93,137.87916564941406,541484.5621681394,8672756.066267472,415.6533203125,2022-03-29 14:06:11+00:00,0,2022-05-03,100 MHz,20220329,0.0,137.6707305908203,137.98338317871094,0.8354754722330862,0.30902581787109373,10,2.77034758253751,0.4516258239746094,2.8238782851006645,2.928619278372535,134.8638120645798,140.79030170495145,0.20843505859375,0.0,0.8750549614877855,0.30902581787109373,9.0,0.0,2.77034758253751,0.4516258239746094,0.0,0.0,0.0,0.0,0.0,0.0,certain_cold,277.77415466308594,277.77415466308594,POINT (541484.5621681394 8672756.066267472),dronbreen
dronbreen-20220329-DAT_0247_A1_2,80.0,99,138.08761596679688,541487.4495948155,8672760.575116117,415.5152816772461,2022-03-29 14:06:12.750000128+00:00,0,2022-05-03,100 MHz,20220329,0.0,137.87916564941406,138.1918182373047,0.7970340566206355,0.3862935836791992,10,2.7744974091459214,0.4516092936197917,2.837430097858433,2.9218230806902636,135.06815394053748,141.00282994618127,0.2084503173828125,0.0,0.8337388038972089,0.3090484405517578,9.0,0.0,2.7744974091459214,0.4516092936197917,0.0,0.0,0.0,0.0,0.0,0.0,certain_cold,277.4276657104492,277.4276657104492,POINT (541487.4495948155 8672760.575116117),dronbreen
dronbreen-20220329-DAT_0247_A1_2,85.0,104,138.29603576660156,541489.97051576,8672764.545392102,415.4175720214844,2022-03-29 14:06:14.333333248+00:00,0,2022-05-03,100 MHz,20220329,0.0,138.08761596679688,138.4002685546875,0.7550397782865046,0.38627096099853514,10,2.7786466856192527,0.451592763264974,2.841481775878016,2.9146009150707215,135.27251145233632,141.21537306914806,0.2084197998046875,0.0,0.7885406306143617,0.3090031951904297,9.0,0.0,2.7786466856192527,0.451592763264974,0.0,0.0,0.0,0.0,0.0,0.0,certain_cold,277.1215362548828,277.1215362548828,POINT (541489.97051576 8672764.545392102),dronbreen
dronbreen-20220329-DAT_0247_A1_2,90.0,109,138.5044708251953,541492.7072006699,8672768.972061742,415.3449401855469,2022-03-29 14:06:16+00:00,0,2022-05-03,100 MHz,20220329,0.0,138.29603576660156,138.6086883544922,0.6982467802918502,0.3862596496582031,10,2.782796323022393,0.5644950866699219,2.865624992083841,2.924065430952148,135.45656221005953,141.44816191103422,0.20843505859375,0.0,0.7365175988470538,0.3090031951904297,9.0,0.0,2.782796323022393,0.5644950866699219,0.0,0.0,0.0,0.0,0.0,0.0,certain_cold,276.84046936035156,276.84046936035156,POINT (541492.7072006699 8672768.972061742),dronbreen
dronbreen-20220329-DAT_0247_A1_2,95.0,115,138.81710815429688,541495.5019173169,8672773.586623723,415.3471272786458,2022-03-29 14:06:17.666666752+00:00,0,2022-05-03,100 MHz,20220329,0.0,138.6086883544922,138.9213409423828,0.6775461834705919,0.30902581787109373,10,2.789020581947846,0.5645116170247396,2.862307832570684,2.9251287156328956,135.7631112298504,141.7669180670246,0.2084197998046875,0.0,0.7115165533240156,0.3090484405517578,9.0,0.0,2.789020581947846,0.5645116170247396,0.0,0.0,0.0,0.0,0.0,0.0,certain_cold,276.53001912434894,276.53001912434894,POINT (541495.5019173169 8672773.586623723),dronbreen
dronbreen-20220329-DAT_0247_A1_2,100.0,120,139.0255584716797,541498.444874875,8672777.948780386,415.3517412458147,2022-03-29 14:06:19.285714432+00:00,0,2022-05-03,100 MHz,20220329,0.0,138.81710815429688,139.12979125976562,0.6349772079079001,0.3090371292114258,10,2.7931706649155847,0.4516258239746094,2.846273387335966,2.8998214260171653,135.9876615214328,141.9592378926297,0.2084503173828125,0.0,0.6652807691512076,0.3090484405517578,9.0,0.0,2.7931706649155847,0.4516258239746094,0.0,0.0,0.0,0.0,0.0,0.0,certain_cold,276.326182774135,276.326182774135,POINT (541498.444874875 8672777.948780386),dronbreen
dronbreen-20220329-DAT_0247_A1_2,105.0,125,139.23399353027344,541501.1924328154,8672782.021338133,415.30167061941967,2022-03-29 14:06:20.714285568+00:00,0,2022-05-03,100 MHz,20220329,0.0,139.0255584716797,139.3382110595703,0.6101647334788506,0.30902581787109373,10,2.797320500363748,0.4516092936197917,2.850342065779115,2.898491665991188,136.1920177651009,142.1717517661491,0.20843505859375,0.0,0.6327395540801715,0.30902581787109373,9.0,0.0,2.797320500363748,0.4516092936197917,0.0,0.0,0.0,0.0,0.0,0.0,certain_cold,276.06767708914623,276.06767708914623,POINT (541501.1924328154 8672782.021338133),dronbreen
dronbreen-20220329-DAT_0247_A1_2,110.0,130,139.4424285888672,541503.4929913434,8672785.681327593,415.22479248046875,2022-03-29 14:06:22+00:00,0,2022-05-03,100 MHz,20220329,0.0,139.3382110595703,139.54664611816406,0.5730370348342327,0.2317693634033203,10,2.801470391830785,0.4516092936197917,2.8470869934374465,2.894919472745297,136.50057343112155,142.38428374661282,0.104217529296875,0.0,0.5986824657987192,0.30902581787109373,9.0,0.0,2.801470391830785,0.4516092936197917,0.0,0.0,0.0,0.0,0.0,0.0,certain_cold,275.78236389160156,275.78236389160156,POINT (541503.4929913434 8672785.681327593),dronbreen
dronbreen-20220329-DAT_0247_A1_2,115.0,135,139.65086364746094,541506.1728132055,8672790.292367386,415.09959920247394,2022-03-29 14:06:23.666666752+00:00,0,2022-05-03,100 MHz,20220329,0.0,139.54664611816406,139.7550811767578,0.5391808191181012,0.15451290893554687,10,2.8056203390681165,0.5645116170247396,2.8660169385012892,2.912197590901662,136.68479726597977,142.6169300289421,0.104217529296875,0.0,0.5671065915579969,0.15451290893554687,9.0,0.0,2.8056203390681165,0.451592763264974,0.0,0.0,0.0,0.0,0.0,0.0,certain_cold,275.448735555013,275.448735555013,POINT (541506.1728132055 8672790.292367386),dronbreen
dronbreen-20220329-DAT_0247_A1_2,120.0,141,139.96351623535156,541508.919683171,8672794.621909749,414.9698181152344,2022-03-29 14:06:25.285714432+00:00,0,2022-05-03,100 MHz,20220329,0.0,139.85928344726562,140.06773376464844,0.5153850220243541,0.15453553161621092,10,2.811845363953254,0.5644950866699219,2.8721090306936112,2.9138892866042347,136.9913348679393,142.93568234397478,0.1042327880859375,0.0,0.5426464170344381,0.15453553161621092,9.0,0.0,2.809770038019666,0.5644950866699219,0.0,0.0,0.0,0.0,0.0,0.0,certain_cold,275.0063018798828,275.0063018798828,POINT (541508.919683171 8672794.621909749),dronbreen
dronbreen-20220329-DAT_0247_A1_2,125.0,146,140.17193603515625,541511.4525693214,8672798.55493845,414.8448486328125,2022-03-29 14:06:26.714285568+00:00,0,2022-05-03,100 MHz,20220329,0.0,140.06773376464844,140.2761688232422,0.48148493624417327,0.15451290893554687,10,2.8159951457233685,0.4516092936197917,2.8561606841788625,2.8923359691867403,137.21575557139005,143.12814701650058,0.1042022705078125,0.0,0.5064052071554359,0.15453553161621092,9.0,0.0,2.8159951457233685,0.5645281473795573,0.0,0.0,0.0,0.0,0.0,0.0,certain_cold,274.67291259765625,274.67291259765625,POINT (541511.4525693214 8672798.55493845),dronbreen
dronbreen-20220329-DAT_0247_A1_2,130.0,151,140.38038635253906,541514.4086326453,8672803.139078675,414.72654215494794,2022-03-29 14:06:28.333333248+00:00,0,2022-05-03,100 MHz,20220329,0.0,140.38038635253906,140.48458862304688,0.45678723878845456,0.15450159759521484,10,2.8201455900352475,0.5645281473795573,2.8802402541868832,2.9121414388211004,137.5042929642467,143.36068201133924,0.0,0.0,0.47884331900726496,0.15453553161621092,9.0,0.0,2.8201455900352475,0.5645281473795573,0.0,0.0,0.0,0.0,0.0,0.0,certain_cold,274.3461558024089,274.3461558024089,POINT (541514.4086326453 8672803.139078675),dronbreen
dronbreen-20220329-DAT_0247_A1_2,135.0,156,140.6930389404297,541516.8116996284,8672806.888659986,414.6187057495117,2022-03-29 14:06:29.750000128+00:00,0,2022-05-03,100 MHz,20220329,0.0,140.5888214111328,140.79725646972656,0.4254617135494825,0.15451290893554687,10,2.826370903210919,0.5645116170247396,2.8863333292086897,2.913428138459855,137.706626787539,143.67945109332038,0.104217529296875,0.0,0.4445346910518024,0.15451290893554687,9.0,0.0,2.826370903210919,0.5645116170247396,0.0,0.0,0.0,0.0,0.0,0.0,certain_cold,273.92566680908203,273.92566680908203,POINT (541516.8116996284 8672806.888659986),dronbreen
dronbreen-20220329-DAT_0247_A1_2,140.0,161,140.90147399902344,541519.3617812451,8672811.045993712,414.52106221516925,2022-03-29 14:06:31.333333248+00:00,0,2022-05-03,100 MHz,20220329,0.0,140.79725646972656,141.0056915283203,0.43444451149795155,0.2317693634033203,10,2.8305211799311785,0.4516092936197917,2.8756769884559596,2.899059009005069,137.9309345924555,143.8720134055914,0.0,0.0,0.4512716156380586,0.15451290893554687,9.0,0.0,2.8305211799311785,0.4516092936197917,0.0,0.0,0.0,0.0,0.0,0.0,certain_cold,273.6195882161458,273.6195882161458,POINT (541519.3617812451 8672811.045993712),dronbreen
dronbreen-20220329-DAT_0247_A1_2,145.0,166,141.1099090576172,541522.2258443455,8672815.476662317,414.4249572753906,2022-03-29 14:06:33+00:00,0,2022-05-03,100 MHz,20220329,0.0,141.0056915283203,141.214111328125,0.4231857838836652,0.23175805206298827,10,2.834671510722115,0.5645116170247396,2.8996116522995825,2.921150825811073,138.11535661010487,144.10444624634044,0.0,0.0,0.4373498546161349,0.3090031951904297,9.0,0.0,2.834671510722115,0.5645116170247396,0.0,0.0,0.0,0.0,0.0,0.0,certain_cold,273.31504821777344,273.31504821777344,POINT (541522.2258443455 8672815.476662317),dronbreen
dronbreen-20220329-DAT_0247_A1_2,150.0,171,141.4225616455078,541524.9278650954,8672819.778271677,414.3534749348958,2022-03-29 14:06:34.333333248+00:00,0,2022-05-03,100 MHz,20220329,0.0,141.31832885742188,141.52676391601562,0.39745283698188094,0.23179198608398435,10,2.8408971077726455,0.5644950866699219,2.9056976106673975,2.923579969395469,138.42189120405774,144.42320156937976,0.1042327880859375,0.0,0.4062362291912144,0.15453553161621092,9.0,0.0,2.8408971077726455,0.5644950866699219,0.0,0.0,0.0,0.0,0.0,0.0,certain_cold,272.930913289388,272.930913289388,POINT (541524.9278650954 8672819.778271677),dronbreen
dronbreen-20220329-DAT_0247_A1_2,155.0,175,141.6309814453125,541527.6375260613,8672823.831994854,414.2703857421875,2022-03-29 14:06:35.666666752+00:00,0,2022-05-03,100 MHz,20220329,0.0,141.52676391601562,141.6309814453125,0.41744590839618584,0.30902581787109373,10,2.8450472688630293,0.33869043986002606,2.881753308704348,2.8953870661026095,138.66162776286032,144.4961175984678,0.104217529296875,0.0,0.42011097947412734,0.15451290893554687,9.0,0.0,2.8450472688630293,0.33869043986002606,0.0,0.0,0.0,0.0,0.0,0.0,certain_cold,272.639404296875,272.639404296875,POINT (541527.6375260613 8672823.831994854),dronbreen
dronbreen-20220329-DAT_0247_A1_2,160.0,179,141.73519897460938,541530.2342681022,8672827.820204526,414.19024658203125,2022-03-29 14:06:37+00:00,0,2022-05-03,100 MHz,20220329,0.0,141.73519897460938,141.83941650390625,0.41759322287785844,0.2317693634033203,10,2.84712252130969,0.4516092936197917,2.8920191291284696,2.912806499791246,138.85248192199518,144.72213355652045,0.0,0.0,0.4215481328819988,0.15451290893554687,9.0,0.0,2.84712252130969,0.4516092936197917,0.0,0.0,0.0,0.0,0.0,0.0,certain_cold,272.4550476074219,272.4550476074219,POINT (541530.2342681022 8672827.820204526),dronbreen
dronbreen-20220329-DAT_0247_A1_2,165.0,185,142.0478515625,541533.3221439853,8672832.443909349,414.0280049641927,2022-03-29 14:06:38.666666752+00:00,0,2022-05-03,100 MHz,20220329,0.0,141.94363403320312,142.15206909179688,0.4295594335813798,0.30902581787109373,10,2.8533483582291197,0.5645116170247396,2.925024303364948,2.9402026335175364,139.034979667493,145.060723457507,0.0,0.0,0.4268821468020019,0.15451290893554687,9.0,0.0,2.8533483582291197,0.5645116170247396,0.0,0.0,0.0,0.0,0.0,0.0,certain_cold,271.9801534016927,271.9801534016927,POINT (541533.3221439853 8672832.443909349),dronbreen
dronbreen-20220329-DAT_0247_A1_2,170.0,189,142.25628662109375,541535.7223918905,8672836.177933143,413.8519287109375,2022-03-29 14:06:40+00:00,0,2022-05-03,100 MHz,20220329,0.0,142.15206909179688,142.36050415039062,0.43887006792368755,0.30902581787109373,10,2.857498982202638,0.5645116170247396,2.929073361176858,2.945603628386606,139.23934291190199,145.27323033028551,0.104217529296875,0.0,0.42652862115393436,0.15451290893554687,9.0,0.0,2.857498982202638,0.5645116170247396,0.0,0.0,0.0,0.0,0.0,0.0,certain_cold,271.59564208984375,271.59564208984375,POINT (541535.7223918905 8672836.177933143),dronbreen
dronbreen-20220329-DAT_0247_A1_2,175.0,195,142.56893920898438,541538.8095822489,8672841.235852972,413.62098185221356,2022-03-29 14:06:41.666666752+00:00,0,2022-05-03,100 MHz,20220329,0.0,142.4647216796875,142.67315673828125,0.47122211611250203,0.2317693634033203,10,2.8637250166295702,0.5645116170247396,2.928021751018646,2.956627237130082,139.54588726564035,145.5919911523284,0.104217529296875,0.0,0.44215423330278253,0.30902581787109373,9.0,0.0,2.8637250166295702,0.5645116170247396,0.0,0.0,0.0,0.0,0.0,0.0,certain_cold,271.0520426432292,271.0520426432292,POINT (541538.8095822489 8672841.235852972),dronbreen
dronbreen-20220329-DAT_0247_A1_2,180.0,200,142.77737426757812,541541.3405540053,8672845.284085736,413.4250793457031,2022-03-29 14:06:43+00:00,0,2022-05-03,100 MHz,20220329,0.0,142.67315673828125,142.881591796875,0.47745835486430294,0.2317693634033203,10,2.8678757715594365,0.33870697021484375,2.8970935246522735,2.9270121853862308,139.78534894468248,145.76939959047377,0.104217529296875,0.0,0.44758297883877013,0.30902581787109373,9.0,0.0,2.8678757715594365,0.33870697021484375,0.0,0.0,0.0,0.0,0.0,0.0,certain_cold,270.647705078125,270.647705078125,POINT (541541.3405540053 8672845.284085736),dronbreen
dronbreen-20220329-DAT_0247_A1_2,185.0,204,142.881591796875,541543.6944583703,8672849.158481453,413.2361057826451,2022-03-29 14:06:44.285714432+00:00,0,2022-05-03,100 MHz,20220329,0.0,142.77737426757812,143.09002685546875,0.5255785551312316,0.30902581787109373,10,2.8699511685329293,0.33870697021484375,2.906344624704122,2.937273385139606,139.88750539141165,145.97989573163522,0.0,0.0,0.4888171710485632,0.30902581787109373,9.0,0.0,2.8699511685329293,0.33870697021484375,0.0,0.0,0.0,0.0,0.0,0.0,certain_cold,270.3545139857701,270.3545139857701,POINT (541543.6944583703 8672849.158481453),dronbreen
dronbreen-20220329-DAT_0247_A1_2,190.0,209,143.09002685546875,541546.1642510168,8672853.355482012,413.01969255719865,2022-03-29 14:06:45.714285568+00:00,0,2022-05-03,100 MHz,20220329,0.0,142.98580932617188,143.2984619140625,0.5427484788696921,0.2317693634033203,10,2.8741020013561642,0.4516092936197917,2.9185836130040297,2.959558950181368,140.07644285419155,146.20782838604282,0.0,0.0,0.5210811615021091,0.30902581787109373,9.0,0.0,2.8741020013561642,0.4516092936197917,0.0,0.0,0.0,0.0,0.0,0.0,certain_cold,269.9296657017299,269.9296657017299,POINT (541546.1642510168 8672853.355482012),dronbreen
dronbreen-20220329-DAT_0247_A1_2,195.0,214,143.2984619140625,541548.9671614642,8672857.988143245,412.79892985026044,2022-03-29 14:06:47.333333248+00:00,0,2022-05-03,100 MHz,20220329,0.0,143.2984619140625,143.5068817138672,0.5471802834730958,0.23175805206298827,10,2.8782528858275134,0.5644950866699219,2.9422280965868235,2.9836890991305696,140.3653757616202,146.4399678663095,0.0,0.0,0.5364894803227582,0.15451290893554687,9.0,0.0,2.8782528858275134,0.5644950866699219,0.0,0.0,0.0,0.0,0.0,0.0,certain_cold,269.50046793619794,269.50046793619794,POINT (541548.9671614642 8672857.988143245),dronbreen
dronbreen-20220329-DAT_0247_A1_2,200.0,219,143.61109924316406,541551.6122402241,8672862.163987892,412.6177444458008,2022-03-29 14:06:48.750000128+00:00,0,2022-05-03,100 MHz,20220329,0.0,143.40267944335938,143.81954956054688,0.6012948635679043,0.30902581787109373,10,2.8844790050080045,0.4516092936197917,2.9359269474097327,2.980893422678657,140.48306130318835,146.7391677007179,0.104217529296875,0.0,0.6049472203804873,0.3090031951904297,9.0,0.0,2.8844790050080045,0.4516092936197917,0.0,0.0,0.0,0.0,0.0,0.0,certain_cold,269.0066452026367,269.0066452026367,POINT (541551.6122402241 8672862.163987892),dronbreen
dronbreen-20220329-DAT_0247_A1_2,205.0,223,143.71533203125,541553.9945184643,8672865.959524754,412.4223327636719,2022-03-29 14:06:50+00:00,0,2022-05-03,100 MHz,20220329,0.0,143.5068817138672,144.02796936035156,0.6306849447442279,0.38630489501953125,10,2.8865548088233095,0.4516092936197917,2.947097061574456,2.9889652252831196,140.58521273562465,146.9496383385941,0.1042327880859375,0.0,0.6424384499318943,0.4635387268066406,9.0,0.0,2.8865548088233095,0.4516092936197917,0.0,0.0,0.0,0.0,0.0,0.0,certain_cold,268.7070007324219,268.7070007324219,POINT (541553.9945184643 8672865.959524754),dronbreen
dronbreen-20220329-DAT_0247_A1_2,210.0,228,144.02796936035156,541556.4601372981,8672870.28934382,412.1559143066406,2022-03-29 14:06:51.428571392+00:00,0,2022-05-03,100 MHz,20220329,0.0,143.71533203125,144.2364044189453,0.707602986507653,0.46352741546630855,10,2.892781081109759,0.5644950866699219,2.9835708054259253,3.0310953585487175,140.76798795800354,147.18374849219177,0.2084197998046875,0.0,0.7239163552102083,0.4635387268066406,9.0,0.0,2.892781081109759,0.5644950866699219,0.0,0.0,0.0,0.0,0.0,0.0,certain_cold,268.12794494628906,268.12794494628906,POINT (541556.4601372981 8672870.28934382),dronbreen
dronbreen-20220329-DAT_0247_A1_2,215.0,233,144.2364044189453,541559.0000863915,8672875.046824908,411.8701171875,2022-03-29 14:06:53+00:00,0,2022-05-03,100 MHz,20220329,0.0,143.9237518310547,144.44485473632812,0.7414994236577015,0.5408064926147461,10,2.8969321952510763,0.4516258239746094,2.9813845258901486,3.0242360066713823,140.991827202289,147.37677936509382,0.20843505859375,0.0,0.7601037628959801,0.6180742584228516,9.0,0.0,2.8969321952510763,0.4516258239746094,0.0,0.0,0.0,0.0,0.0,0.0,certain_cold,267.6337127685547,267.6337127685547,POINT (541559.0000863915 8672875.046824908),dronbreen
dronbreen-20220329-DAT_0247_A1_2,220.0,238,144.44485473632812,541561.6396644427,8672879.50166429,411.5934600830078,2022-03-29 14:06:54.500000+00:00,0,2022-05-03,100 MHz,20220329,0.0,144.1322021484375,144.7574920654297,0.7586377442899996,0.5407951812744141,10,2.9010836637228468,0.33870697021484375,2.970432336156022,3.0177044359335645,141.21141307087785,147.67828114298933,0.2084503173828125,0.0,0.7798957202073377,0.6180516357421875,9.0,0.0,2.9010836637228468,0.33870697021484375,0.0,0.0,0.0,0.0,0.0,0.0,certain_cold,267.1486053466797,267.1486053466797,POINT (541561.6396644427 8672879.50166429),dronbreen
dronbreen-20220329-DAT_0247_A1_2,225.0,243,144.54905700683594,541563.8998835178,8672883.526065659,411.3687744140625,2022-03-29 14:06:55.750000128+00:00,0,2022-05-03,100 MHz,20220329,0.0,144.3406219482422,144.96592712402344,0.7483874238239174,0.5407951812744141,10,2.9031589609641086,0.11288579305013022,2.9552554175550356,3.0001931422887695,141.43526910307884,147.8712799691868,0.1042022705078125,0.0,0.7725093762088963,0.6180290130615234,9.0,0.0,2.9031589609641086,0.11288579305013022,0.0,0.0,0.0,0.0,0.0,0.0,certain_cold,266.81971740722656,266.81971740722656,POINT (541563.8998835178 8672883.526065659),dronbreen
dronbreen-20220329-DAT_0247_A1_2,230.0,248,144.54905700683594,541566.6416188168,8672888.495837128,411.0904134114583,2022-03-29 14:06:57.333333248+00:00,0,2022-05-03,100 MHz,20220329,0.0,144.54905700683594,145.1743621826172,0.7495899659661727,0.6953080902099609,10,2.9031589609641086,0.11290232340494792,2.9873955592736396,3.0004939600561786,141.64370351934832,148.0797156701048,0.0,0.0,0.7781453699630023,0.7725645446777343,9.0,0.0,2.9031589609641086,0.11290232340494792,0.0,0.0,0.0,0.0,0.0,0.0,certain_cold,266.5413564046224,266.5413564046224,POINT (541566.6416188168 8672888.495837128),dronbreen
dronbreen-20220329-DAT_0247_A1_2,235.0,252,144.6532745361328,541568.8987703264,8672892.721756602,410.8611348470052,2022-03-29 14:06:58.666666752+00:00,0,2022-05-03,100 MHz,20220329,0.0,144.54905700683594,145.27857971191406,0.7261235808523299,0.6180516357421875,10,2.905234574627378,0.22580464680989584,2.9788191446569656,3.0031035824295294,141.63506049480452,148.19257622394548,0.104217529296875,0.0,0.7535278915944154,1.0815903625488281,9.0,0.0,2.905234574627378,0.22580464680989584,0.0,0.0,0.0,0.0,0.0,0.0,certain_cold,266.2078603108724,266.2078603108724,POINT (541568.8987703264 8672892.721756602),dronbreen
dronbreen-20220329-DAT_0247_A1_2,240.0,256,144.7574920654297,541571.1214674725,8672896.822550943,410.6531982421875,2022-03-29 14:07:00+00:00,0,2022-05-03,100 MHz,20220329,0.0,144.6532745361328,145.27857971191406,0.6909499135343895,0.6952967788696288,10,2.907310200791992,0.22580464680989584,2.997812194393871,2.9968069883066035,141.7372086345884,148.19464561345848,0.104217529296875,0.0,0.7178475887589905,0.9270774536132812,9.0,0.0,2.907310200791992,0.22580464680989584,0.0,0.0,0.0,0.0,0.0,0.0,certain_cold,265.8957061767578,265.8957061767578,POINT (541571.1214674725 8672896.822550943),dronbreen
dronbreen-20220329-DAT_0247_A1_2,245.0,261,144.86170959472656,541573.6681580477,8672901.181497067,410.43780517578125,2022-03-29 14:07:01.500000+00:00,0,2022-05-03,100 MHz,20220329,0.0,144.6532745361328,145.27857971191406,0.6495386161486694,0.6180516357421875,10,2.9093858394311947,0.22580464680989584,2.9828680033899073,2.9895508216238817,141.73513922377944,148.19671502426743,0.20843505859375,0.0,0.6776359716239639,0.9270774536132812,9.0,0.0,2.9093858394311947,0.11290232340494792,0.0,0.0,0.0,0.0,0.0,0.0,certain_cold,265.5760955810547,265.5760955810547,POINT (541573.6681580477 8672901.181497067),dronbreen
dronbreen-20220329-DAT_0247_A1_2,250.0,267,144.96592712402344,541576.0942735396,8672905.722814774,410.2118225097656,2022-03-29 14:07:03+00:00,0,2022-05-03,100 MHz,20220329,0.0,144.6532745361328,145.38279724121094,0.6292470943729077,0.6180516357421875,10,2.911461490518305,0.11290232340494792,2.978479942830722,2.980823183481042,141.7396247724513,148.29644700489246,0.312652587890625,0.0,0.6591274183992131,0.7725645446777343,9.0,0.0,2.9093858394311947,0.0,0.0,0.0,0.0,0.0,0.0,0.0,certain_cold,265.2458953857422,265.2458953857422,POINT (541576.0942735396 8672905.722814774),dronbreen
dronbreen-20220329-DAT_0247_A1_2,255.0,271,144.96592712402344,541578.1657599898,8672909.756914414,410.01405843098956,2022-03-29 14:07:04.333333248+00:00,0,2022-05-03,100 MHz,20220329,0.0,144.7574920654297,145.38279724121094,0.5916919223265529,0.5407951812744141,10,2.911461490518305,0.0,2.9612611230455004,2.970977506094175,141.8460305749114,148.29425873172923,0.20843505859375,0.0,0.6187605097827242,0.6180516357421875,9.0,0.0,2.9093858394311947,0.11290232340494792,0.0,0.0,0.0,0.0,0.0,0.0,certain_cold,265.0481313069661,265.0481313069661,POINT (541578.1657599898 8672909.756914414),dronbreen
dronbreen-20220329-DAT_0247_A1_2,260.0,276,144.96592712402344,541580.990471111,8672914.620728593,409.7201843261719,2022-03-29 14:07:06+00:00,0,2022-05-03,100 MHz,20220329,0.0,144.86170959472656,145.38279724121094,0.5382870477181504,0.4635387268066406,10,2.911461490518305,0.0,2.948130960798823,2.960804106406264,141.95024810420827,148.29425873172923,0.104217529296875,0.0,0.5525583089458774,0.4635387268066406,9.0,0.0,2.911461490518305,0.11290232340494792,0.0,0.0,0.0,0.0,0.0,0.0,certain_cold,264.75425720214844,264.75425720214844,POINT (541580.990471111 8672914.620728593),dronbreen
dronbreen-20220329-DAT_0247_A1_2,265.0,281,144.96592712402344,541583.5358383317,8672918.607463991,409.4540710449219,2022-03-29 14:07:07.333333248+00:00,0,2022-05-03,100 MHz,20220329,0.0,144.7574920654297,145.38279724121094,0.5157266820731299,0.4635387268066406,10,2.911461490518305,0.0,2.948130960798823,2.9567857584500827,141.8460305749114,148.29425873172923,0.104217529296875,0.0,0.5196311517158773,0.4635387268066406,9.0,0.0,2.911461490518305,0.0,0.0,0.0,0.0,0.0,0.0,0.0,certain_cold,264.48814392089844,264.48814392089844,POINT (541583.5358383317 8672918.607463991),dronbreen
dronbreen-20220329-DAT_0247_A1_2,270.0,285,144.96592712402344,541585.7820389802,8672922.77104502,409.14476521809894,2022-03-29 14:07:08.666666752+00:00,0,2022-05-03,100 MHz,20220329,0.0,144.7574920654297,145.38279724121094,0.4932490940380532,0.4635387268066406,10,2.911461490518305,0.11290232340494792,2.9502920358247295,2.9551056857870024,141.84384230174817,148.29644700489246,0.20843505859375,0.0,0.497087666289121,0.6180516357421875,9.0,0.0,2.911461490518305,0.11290232340494792,0.0,0.0,0.0,0.0,0.0,0.0,certain_cold,264.1788380940755,264.1788380940755,POINT (541585.7820389802 8672922.77104502),dronbreen
dronbreen-20220329-DAT_0247_A1_2,275.0,290,144.86170959472656,541588.0497010425,8672927.360655842,408.792733328683,2022-03-29 14:07:10.142856960+00:00,0,2022-05-03,100 MHz,20220329,0.0,144.7574920654297,145.38279724121094,0.45942932569383654,0.4635387268066406,10,2.9093858394311947,0.11290232340494792,2.948243722720785,2.947600414340534,141.84591639282337,148.29437291381726,0.104217529296875,0.0,0.4605445181054919,0.7725645446777343,9.0,0.0,2.9093858394311947,0.22580464680989584,0.0,0.0,0.0,0.0,0.0,0.0,certain_cold,263.93102373395647,263.93102373395647,POINT (541588.0497010425 8672927.360655842),dronbreen
dronbreen-20220329-DAT_0247_A1_2,280.0,296,144.86170959472656,541590.6979938352,8672932.367467351,408.39453125,2022-03-29 14:07:11.750000128+00:00,0,2022-05-03,100 MHz,20220329,0.0,144.7574920654297,145.48703002929688,0.4698199795357636,0.5408064926147461,10,2.9093858394311947,0.11290232340494792,2.9613754506592467,2.949237818570076,141.84591639282337,148.3986057019032,0.104217529296875,0.0,0.4835544895087959,0.6180742584228516,9.0,0.0,2.907310200791992,0.11290232340494792,0.0,0.0,0.0,0.0,0.0,0.0,certain_cold,263.53282165527344,263.53282165527344,POINT (541590.6979938352 8672932.367467351),dronbreen
dronbreen-20220329-DAT_0247_A1_2,285.0,300,144.96592712402344,541593.0345677751,8672936.394286845,408.1006774902344,2022-03-29 14:07:13+00:00,0,2022-05-03,100 MHz,20220329,0.0,144.7574920654297,145.48703002929688,0.455074378222958,0.6953080902099609,10,2.911461490518305,0.22580464680989584,3.0018409500843704,2.955450632138359,141.83728732101673,148.40723477370983,0.20843505859375,0.0,0.47505555631903007,0.4635387268066406,9.0,0.0,2.907310200791992,0.0,0.0,0.0,0.0,0.0,0.0,0.0,certain_cold,263.13475036621094,263.13475036621094,POINT (541593.0345677751 8672936.394286845),dronbreen
dronbreen-20220329-DAT_0247_A1_2,290.0,304,145.0701446533203,541595.1543931174,8672940.926166806,407.81800333658856,2022-03-29 14:07:14.333333248+00:00,0,2022-05-03,100 MHz,20220329,0.0,144.7574920654297,145.48703002929688,0.4629595039992349,0.6180403244018554,10,2.9135371540267183,0.0,2.978367437117331,2.950089871552615,141.84395491140296,148.4005671833236,0.312652587890625,0.0,0.48882571069525854,0.3090031951904297,9.0,0.0,2.907310200791992,0.0,0.0,0.0,0.0,0.0,0.0,0.0,certain_cold,262.74785868326825,262.74785868326825,POINT (541595.1543931174 8672940.926166806),dronbreen
dronbreen-20220329-DAT_0247_A1_2,295.0,309,144.96592712402344,541597.3055297179,8672945.528805766,407.5192680358887,2022-03-29 14:07:15.750000128+00:00,0,2022-05-03,100 MHz,20220329,0.0,144.7574920654297,145.48703002929688,0.47492747978650157,0.6180516357421875,10,2.911461490518305,0.22580464680989584,2.984892556480988,2.958572605218329,141.83728732101673,148.40723477370983,0.20843505859375,0.0,0.4983018415007483,0.6180742584228516,9.0,0.0,2.907310200791992,0.0,0.0,0.0,0.0,0.0,0.0,0.0,certain_cold,262.55334091186523,262.55334091186523,POINT (541597.3055297179 8672945.528805766),dronbreen
dronbreen-20220329-DAT_0247_A1_2,300.0,314,144.86170959472656,541599.2199161472,8672949.426262742,407.25225830078125,2022-03-29 14:07:17+00:00,0,2022-05-03,100 MHz,20220329,0.0,144.7574920654297,145.48703002929688,0.5087800269937447,0.6953194015502929,10,2.9093858394311947,0.11290232340494792,2.9934498438232184,2.9556945060646487,141.84591639282337,148.3986057019032,0.104217529296875,0.0,0.5308351333800171,0.7725645446777343,9.0,0.0,2.907310200791992,0.11290232340494792,0.0,0.0,0.0,0.0,0.0,0.0,certain_cold,262.3905487060547,262.3905487060547,POINT (541599.2199161472 8672949.426262742),dronbreen
dronbreen-20220329-DAT_0247_A1_2,305.0,319,144.86170959472656,541601.7727418954,8672954.405776253,406.88318888346356,2022-03-29 14:07:18.666666752+00:00,0,2022-05-03,100 MHz,20220329,0.0,144.6532745361328,145.48703002929688,0.529591993502368,0.6953194015502929,10,2.9093858394311947,0.0,2.991319948259466,2.957193541563448,141.74388869670162,148.39641586872807,0.20843505859375,0.0,0.5539283118901698,0.46356134948730465,9.0,0.0,2.9093858394311947,0.11290232340494792,0.0,0.0,0.0,0.0,0.0,0.0,certain_cold,262.021479288737,262.021479288737,POINT (541601.7727418954 8672954.405776253),dronbreen
dronbreen-20220329-DAT_0247_A1_2,310.0,323,144.86170959472656,541603.9952268022,8672958.506625975,406.5636291503906,2022-03-29 14:07:20+00:00,0,2022-05-03,100 MHz,20220329,0.0,144.6532745361328,145.38279724121094,0.5186489770526592,0.6952967788696288,10,2.9093858394311947,0.0,2.991314689795983,2.9552534111443856,141.74388869670162,148.29218308064213,0.20843505859375,0.0,0.5384554299545457,0.6180742584228516,9.0,0.0,2.9093858394311947,0.0,0.0,0.0,0.0,0.0,0.0,0.0,certain_cold,261.70191955566406,261.70191955566406,POINT (541603.9952268022 8672958.506625975),dronbreen
dronbreen-20220329-DAT_0247_A1_2,315.0,328,144.86170959472656,541606.1500776883,8672962.729450392,406.2421112060547,2022-03-29 14:07:21.333333248+00:00,0,2022-05-03,100 MHz,20220329,0.0,144.6532745361328,145.1743621826172,0.4883257680731815,0.4635387268066406,10,2.9093858394311947,0.0,2.946081145171035,2.950082713831431,141.74388869670162,148.08374802204838,0.20843505859375,0.0,0.5028144361210004,0.4635387268066406,9.0,0.0,2.9093858394311947,0.0,0.0,0.0,0.0,0.0,0.0,0.0,certain_cold,261.3804016113281,261.3804016113281,POINT (541606.1500776883 8672962.729450392),dronbreen
dronbreen-20220329-DAT_0247_A1_2,320.0,333,144.86170959472656,541608.8029837036,8672967.774107436,405.8535461425781,2022-03-29 14:07:23+00:00,0,2022-05-03,100 MHz,20220329,0.0,144.6532745361328,145.0701446533203,0.4577106408067394,0.38628227233886714,10,2.9093858394311947,0.11290232340494792,2.937088165383578,2.9473330195315066,141.7416988635265,147.98172032592663,0.20843505859375,0.0,0.47313823721463116,0.4635387268066406,9.0,0.0,2.9093858394311947,0.11290232340494792,0.0,0.0,0.0,0.0,0.0,0.0,certain_cold,260.99183654785156,260.99183654785156,POINT (541608.8029837036 8672967.774107436),dronbreen
dronbreen-20220329-DAT_0247_A1_2,325.0,338,144.7574920654297,541611.1609424294,8672972.034243535,405.5177917480469,2022-03-29 14:07:24.500000+00:00,0,2022-05-03,100 MHz,20220329,0.0,144.54905700683594,144.86170959472656,0.42547001935384143,0.30902581787109373,10,2.907310200791992,0.22580464680989584,2.9323944649826723,2.9469416484754283,141.63299110529152,147.77777549627098,0.104217529296875,0.0,0.4359771556565574,0.30902581787109373,9.0,0.0,2.907310200791992,0.22580464680989584,0.0,0.0,0.0,0.0,0.0,0.0,certain_cold,260.7602996826172,260.7602996826172,POINT (541611.1609424294 8672972.034243535),dronbreen
dronbreen-20220329-DAT_0247_A1_2,330.0,343,144.6532745361328,541613.4748640204,8672976.479116546,405.1817626953125,2022-03-29 14:07:26+00:00,0,2022-05-03,100 MHz,20220329,0.0,144.54905700683594,144.7574920654297,0.4094201585159978,0.23175805206298827,10,2.905234574627378,0.11290232340494792,2.916649904074294,2.936113031618474,141.64162947235798,147.66491959990765,0.0,0.0,0.4172318266847789,0.15451290893554687,9.0,0.0,2.905234574627378,0.11290232340494792,0.0,0.0,0.0,0.0,0.0,0.0,certain_cold,260.5284881591797,260.5284881591797,POINT (541613.4748640204 8672976.479116546),dronbreen
dronbreen-20220329-DAT_0247_A1_2,335.0,348,144.6532745361328,541615.9389617731,8672981.021691097,404.83375549316406,2022-03-29 14:07:27.500000+00:00,0,2022-05-03,100 MHz,20220329,0.0,144.54905700683594,144.6532745361328,0.39669645000540066,0.15451290893554687,10,2.905234574627378,0.11290232340494792,2.911530372032599,2.9343658500070244,141.64162947235798,147.56070207061077,0.104217529296875,0.0,0.39684852838937185,0.15451290893554687,9.0,0.0,2.905234574627378,0.11290232340494792,0.0,0.0,0.0,0.0,0.0,0.0,certain_cold,260.18048095703125,260.18048095703125,POINT (541615.9389617731 8672981.021691097),dronbreen
dronbreen-20220329-DAT_0247_A1_2,340.0,353,144.54905700683594,541618.2882404579,8672985.560715403,404.50933837890625,2022-03-29 14:07:29+00:00,0,2022-05-03,100 MHz,20220329,0.0,144.44485473632812,144.6532745361328,0.3974559933721808,0.23175805206298827,10,2.9031589609641086,0.22578811645507815,2.9211340299367583,2.938925567758735,141.5329288742639,147.56520039819705,0.1042022705078125,0.0,0.39341136684163897,0.3090031951904297,9.0,0.0,2.9031589609641086,0.22578811645507815,0.0,0.0,0.0,0.0,0.0,0.0,certain_cold,259.9602813720703,259.9602813720703,POINT (541618.2882404579 8672985.560715403),dronbreen
dronbreen-20220329-DAT_0247_A1_2,345.0,357,144.44485473632812,541620.1807398436,8672989.387744138,404.25843048095703,2022-03-29 14:07:30.249999872+00:00,0,2022-05-03,100 MHz,20220329,0.0,144.3406219482422,144.6532745361328,0.4203306044243067,0.3090371292114258,10,2.9010836637228468,0.22580464680989584,2.9262224983195924,2.9400598598423504,141.4307638481898,147.5631326361852,0.1042327880859375,0.0,0.4233340748473062,0.30902581787109373,9.0,0.0,2.9010836637228468,0.22580464680989584,0.0,0.0,0.0,0.0,0.0,0.0,certain_cold,259.8135757446289,259.8135757446289,POINT (541620.1807398436 8672989.387744138),dronbreen
dronbreen-20220329-DAT_0247_A1_2,350.0,362,144.3406219482422,541622.3738966918,8672993.81338741,403.9694519042969,2022-03-29 14:07:31.666666752+00:00,0,2022-05-03,100 MHz,20220329,0.0,144.2364044189453,144.54905700683594,0.4174472628599662,0.3090145065307617,10,2.8990077712490097,0.22582117716471353,2.9241633379591945,2.9376016542559826,141.32861466350937,147.45684676227188,0.104217529296875,0.0,0.4226203214715242,0.30902581787109373,9.0,0.0,2.8990077712490097,0.22582117716471353,0.0,0.0,0.0,0.0,0.0,0.0,certain_cold,259.6288299560547,259.6288299560547,POINT (541622.3738966918 8672993.81338741),dronbreen
dronbreen-20220329-DAT_0247_A1_2,355.0,367,144.2364044189453,541624.9501372679,8672998.855707044,403.63658650716144,2022-03-29 14:07:33.333333248+00:00,0,2022-05-03,100 MHz,20220329,0.0,144.02796936035156,144.2364044189453,0.437906091797189,0.30902581787109373,10,2.8969321952510763,0.33870697021484375,2.9329908816198587,2.94935591287105,141.1113037032091,147.15307007608777,0.1042022705078125,0.0,0.4485921085266127,0.30902581787109373,9.0,0.0,2.8969321952510763,0.33870697021484375,0.0,0.0,0.0,0.0,0.0,0.0,certain_cold,259.4001820882161,259.4001820882161,POINT (541624.9501372679 8672998.855707044),dronbreen
dronbreen-20220329-DAT_0247_A1_2,360.0,372,144.02796936035156,541627.0014498883,8673003.067610098,403.3358345031738,2022-03-29 14:07:34.750000128+00:00,0,2022-05-03,100 MHz,20220329,0.0,143.9237518310547,144.1322021484375,0.439418882095498,0.23178067474365233,10,2.892781081109759,0.451592763264974,2.9369781559018215,2.9606092888123383,140.99593380271688,147.0600201767753,0.104217529296875,0.0,0.45127396488021315,0.3090484405517578,9.0,0.0,2.892781081109759,0.451592763264974,0.0,0.0,0.0,0.0,0.0,0.0,certain_cold,259.30786514282227,259.30786514282227,POINT (541627.0014498883 8673003.067610098),dronbreen
dronbreen-20220329-DAT_0247_A1_2,365.0,378,143.81954956054688,541629.2716318463,8673007.736024257,402.9915059407552,2022-03-29 14:07:36.333333248+00:00,0,2022-05-03,100 MHz,20220329,0.0,143.71533203125,144.02796936035156,0.4793462308459788,0.3090145065307617,10,2.8886303215052354,0.22578811645507815,2.913872916428961,2.9368245124416297,140.81789084843857,146.925410543163,0.0,0.0,0.49097530600895795,0.3090031951904297,9.0,0.0,2.8886303215052354,0.22578811645507815,0.0,0.0,0.0,0.0,0.0,0.0,certain_cold,259.1719563802083,259.1719563802083,POINT (541629.2716318463 8673007.736024257),dronbreen
dronbreen-20220329-DAT_0247_A1_2,370.0,382,143.81954956054688,541631.3134362005,8673011.893361498,402.6832580566406,2022-03-29 14:07:37.666666752+00:00,0,2022-05-03,100 MHz,20220329,0.0,143.61109924316406,143.9237518310547,0.48684115210649537,0.30902581787109373,10,2.8886303215052354,0.22582117716471353,2.9138766779818246,2.93805967362133,140.71365548385216,146.82119559036659,0.104217529296875,0.0,0.4992015978130116,0.3090031951904297,9.0,0.0,2.8886303215052354,0.22582117716471353,0.0,0.0,0.0,0.0,0.0,0.0,certain_cold,258.86370849609375,258.86370849609375,POINT (541631.3134362005 8673011.893361498),dronbreen
dronbreen-20220329-DAT_0247_A1_2,375.0,387,143.61109924316406,541633.7956870444,8673016.979313713,402.32247161865234,2022-03-29 14:07:39.249999872+00:00,0,2022-05-03,100 MHz,20220329,0.0,143.5068817138672,143.81954956054688,0.5157313415341008,0.30902581787109373,10,2.8844790050080045,0.33872350056966144,2.920693358824413,2.949734150192301,140.6025827037496,146.72384857066447,0.0,0.0,0.530836423177866,0.3090484405517578,9.0,0.0,2.8844790050080045,0.33872350056966144,0.0,0.0,0.0,0.0,0.0,0.0,certain_cold,258.7113723754883,258.7113723754883,POINT (541633.7956870444 8673016.979313713),dronbreen
dronbreen-20220329-DAT_0247_A1_2,380.0,392,143.5068817138672,541635.7302865476,8673021.166569913,402.0320347377232,2022-03-29 14:07:40.571428608+00:00,0,2022-05-03,100 MHz,20220329,0.0,143.40267944335938,143.71533203125,0.5369400636598665,0.2317693634033203,10,2.88240351784672,0.22578811645507815,2.9005081194576685,2.940669132219832,140.5114460883312,146.60656538627816,0.0,0.0,0.5566384033515259,0.3090484405517578,9.0,0.0,2.88240351784672,0.22578811645507815,0.0,0.0,0.0,0.0,0.0,0.0,certain_cold,258.52515302385603,258.52515302385603,POINT (541635.7302865476 8673021.166569913),dronbreen
dronbreen-20220329-DAT_0247_A1_2,385.0,397,143.40267944335938,541637.8085573902,8673025.617483217,401.7225646972656,2022-03-29 14:07:42+00:00,0,2022-05-03,100 MHz,20220329,0.0,143.2984619140625,143.61109924316406,0.5426374219078497,0.3090145065307617,10,2.8803283473614525,0.22578811645507815,2.905643066068635,2.939681451076134,140.4092973873963,146.50026376983027,0.104217529296875,0.0,0.5636367082925294,0.46351610412597655,9.0,0.0,2.8803283473614525,0.22578811645507815,0.0,0.0,0.0,0.0,0.0,0.0,certain_cold,258.31988525390625,258.31988525390625,POINT (541637.8085573902 8673025.617483217),dronbreen
dronbreen-20220329-DAT_0247_A1_2,390.0,401,143.2984619140625,541639.8081984055,8673029.897593772,401.4255676269531,2022-03-29 14:07:43.333333248+00:00,0,2022-05-03,100 MHz,20220329,0.0,143.19424438476562,143.5068817138672,0.5537544399750416,0.3090145065307617,10,2.8782528858275134,0.22580464680989584,2.903586984841646,2.9397230129873497,140.30714767469593,146.3939784239369,0.104217529296875,0.0,0.5805126627531644,0.46351610412597655,9.0,0.0,2.8782528858275134,0.22580464680989584,0.0,0.0,0.0,0.0,0.0,0.0,certain_cold,258.1271057128906,258.1271057128906,POINT (541639.8081984055 8673029.897593772),dronbreen
dronbreen-20220329-DAT_0247_A1_2,395.0,407,143.19424438476562,541642.3039254169,8673035.061521452,401.0505065917969,2022-03-29 14:07:45+00:00,0,2022-05-03,100 MHz,20220329,0.0,142.98580932617188,143.40267944335938,0.5502563771005373,0.30902581787109373,10,2.8761774371498,0.11290232340494792,2.8949335986703955,2.930516279623718,140.10741679133585,146.2810719781954,0.20843505859375,0.0,0.5779078507148899,0.4635387268066406,9.0,0.0,2.8761774371498,0.22580464680989584,0.0,0.0,0.0,0.0,0.0,0.0,certain_cold,257.85626220703125,257.85626220703125,POINT (541642.3039254169 8673035.061521452),dronbreen
dronbreen-20220329-DAT_0247_A1_2,400.0,411,143.19424438476562,541644.2926998804,8673039.279270325,400.7585144042969,2022-03-29 14:07:46.333333248+00:00,0,2022-05-03,100 MHz,20220329,0.0,142.881591796875,143.40267944335938,0.5364925679240516,0.38628227233886714,10,2.8761774371498,0.11290232340494792,2.904196546124781,2.9279630906207768,140.00319926203898,146.2810719781954,0.312652587890625,0.0,0.5660460720435909,0.4635387268066406,9.0,0.0,2.8741020013561642,0.22580464680989584,0.0,0.0,0.0,0.0,0.0,0.0,certain_cold,257.56427001953125,257.56427001953125,POINT (541644.2926998804 8673039.279270325),dronbreen
dronbreen-20220329-DAT_0247_A1_2,405.0,415,143.09002685546875,541646.2106905895,8673043.308733525,400.4909362792969,2022-03-29 14:07:47.666666752+00:00,0,2022-05-03,100 MHz,20220329,0.0,142.881591796875,143.2984619140625,0.5391828181019279,0.30902581787109373,10,2.8741020013561642,0.33870697021484375,2.9104435541653313,2.9437905559342985,139.98760065558386,146.19245305535364,0.20843505859375,0.0,0.5708204792226313,0.30902581787109373,9.0,0.0,2.8720265784745362,0.22580464680989584,0.0,0.0,0.0,0.0,0.0,0.0,certain_cold,257.4009094238281,257.4009094238281,POINT (541646.2106905895 8673043.308733525),dronbreen
dronbreen-20220329-DAT_0247_A1_2,410.0,421,142.881591796875,541648.5443863481,8673048.343590835,400.1381022135417,2022-03-29 14:07:49.333333248+00:00,0,2022-05-03,100 MHz,20220329,0.0,142.77737426757812,143.19424438476562,0.5671051505481184,0.38628227233886714,10,2.8699511685329293,0.33870697021484375,2.9155713188599806,2.944987329890207,139.88750539141165,146.0841132609321,0.104217529296875,0.0,0.5986779280858315,0.4635387268066406,9.0,0.0,2.8699511685329293,0.22580464680989584,0.0,0.0,0.0,0.0,0.0,0.0,certain_cold,257.2565104166667,257.2565104166667,POINT (541648.5443863481 8673048.343590835),dronbreen
dronbreen-20220329-DAT_0247_A1_2,415.0,425,142.77737426757812,541650.3347967672,8673052.369107895,399.8522135416667,2022-03-29 14:07:50.666666752+00:00,0,2022-05-03,100 MHz,20220329,0.0,142.67315673828125,143.09002685546875,0.5671074872975347,0.38628227233886714,10,2.8678757715594365,0.22580464680989584,2.902570097954889,2.9321169966028813,139.79640524056398,145.96677835318602,0.104217529296875,0.0,0.5986803629529311,0.4635387268066406,9.0,0.0,2.8678757715594365,0.33870697021484375,0.0,0.0,0.0,0.0,0.0,0.0,certain_cold,257.07483927408856,257.07483927408856,POINT (541650.3347967672 8673052.369107895),dronbreen
dronbreen-20220329-DAT_0247_A1_2,420.0,431,142.67315673828125,541652.599608048,8673057.153710859,399.5132751464844,2022-03-29 14:07:52.333333248+00:00,0,2022-05-03,100 MHz,20220329,0.0,142.4647216796875,142.98580932617188,0.6056982378007592,0.4635387268066406,10,2.8658003875822313,0.33870697021484375,2.9227388566870127,2.948627583879241,139.57897493523146,145.87155607062792,0.20843505859375,0.0,0.6377265070454133,0.4635387268066406,9.0,0.0,2.8637250166295702,0.33870697021484375,0.0,0.0,0.0,0.0,0.0,0.0,certain_cold,256.8401184082031,256.8401184082031,POINT (541652.599608048 8673057.153710859),dronbreen
dronbreen-20220329-DAT_0247_A1_2,425.0,436,142.4647216796875,541654.8733170737,8673062.062658211,399.2102355957031,2022-03-29 14:07:54+00:00,0,2022-05-03,100 MHz,20220329,0.0,142.36050415039062,142.881591796875,0.6016943128333666,0.38628227233886714,10,2.861649658729791,0.33870697021484375,2.9074000713530515,2.9437726181001933,139.47887940365825,145.76321654360737,0.104217529296875,0.0,0.6274664932326494,0.4635387268066406,9.0,0.0,2.861649658729791,0.22580464680989584,0.0,0.0,0.0,0.0,0.0,0.0,certain_cold,256.7455139160156,256.7455139160156,POINT (541654.8733170737 8673062.062658211),dronbreen
dronbreen-20220329-DAT_0247_A1_2,430.0,441,142.36050415039062,541656.91618202,8673066.592264462,398.9127502441406,2022-03-29 14:07:55.500000+00:00,0,2022-05-03,100 MHz,20220329,0.0,142.25628662109375,142.67315673828125,0.606588283992552,0.38628227233886714,10,2.859574313911313,0.22580464680989584,2.8943681502575958,2.9319110391652963,139.38781089428304,145.54163246509196,0.104217529296875,0.0,0.6334482430738448,0.4635387268066406,9.0,0.0,2.859574313911313,0.22580464680989584,0.0,0.0,0.0,0.0,0.0,0.0,certain_cold,256.55224609375,256.55224609375,POINT (541656.91618202 8673066.592264462),dronbreen
dronbreen-20220329-DAT_0247_A1_2,435.0,447,142.25628662109375,541658.9972992585,8673071.123059401,398.6426086425781,2022-03-29 14:07:57+00:00,0,2022-05-03,100 MHz,20220329,0.0,142.15206909179688,142.4647216796875,0.6295367570899055,0.38628227233886714,10,2.857498982202638,0.11290232340494792,2.8856994579898,2.9282014781170065,139.292340543854,145.32445022763036,0.104217529296875,0.0,0.6600443522135429,0.4635387268066406,9.0,0.0,2.857498982202638,0.11290232340494792,0.0,0.0,0.0,0.0,0.0,0.0,certain_cold,256.3863220214844,256.3863220214844,POINT (541658.9972992585 8673071.123059401),dronbreen
dronbreen-20220329-DAT_0247_A1_2,440.0,451,142.25628662109375,541660.9585319442,8673075.402014928,398.38818359375,2022-03-29 14:07:58.333333248+00:00,0,2022-05-03,100 MHz,20220329,0.0,142.0478515625,142.4647216796875,0.6628722796018063,0.38628227233886714,10,2.857498982202638,0.22580464680989584,2.892317784361416,2.9420550353238717,139.1814447226027,145.3311285195848,0.20843505859375,0.0,0.6952176327360755,0.4635387268066406,9.0,0.0,2.857498982202638,0.22580464680989584,0.0,0.0,0.0,0.0,0.0,0.0,certain_cold,256.13189697265625,256.13189697265625,POINT (541660.9585319442 8673075.402014928),dronbreen
dronbreen-20220329-DAT_0247_A1_2,445.0,456,142.0478515625,541663.1392650249,8673080.130863339,398.0996355329241,2022-03-29 14:07:59.857143040+00:00,0,2022-05-03,100 MHz,20220329,0.0,141.94363403320312,142.36050415039062,0.6794151676564616,0.4635387268066406,10,2.8533483582291197,0.33870697021484375,2.9105304355616095,2.952613119784336,139.0702528776512,145.23388530594255,0.104217529296875,0.0,0.7140569901691425,0.4635387268066406,9.0,0.0,2.8533483582291197,0.33870697021484375,0.0,0.0,0.0,0.0,0.0,0.0,certain_cold,256.0517839704241,256.0517839704241,POINT (541663.1392650249 8673080.130863339),dronbreen
dronbreen-20220329-DAT_0247_A1_2,450.0,461,141.94363403320312,541665.2169696055,8673084.652701093,397.8283284505208,2022-03-29 14:08:01.333333248+00:00,0,2022-05-03,100 MHz,20220329,0.0,141.73519897460938,142.36050415039062,0.7072572592581399,0.5407951812744141,10,2.8512730660216956,0.33870697021484375,2.9218042262928066,2.9571427661623333,138.86387863220713,145.23182449279287,0.20843505859375,0.0,0.7377397888702056,0.6180516357421875,9.0,0.0,2.8512730660216956,0.33870697021484375,0.0,0.0,0.0,0.0,0.0,0.0,certain_cold,255.8846944173177,255.8846944173177,POINT (541665.2169696055 8673084.652701093),dronbreen
dronbreen-20220329-DAT_0247_A1_2,455.0,466,141.73519897460938,541667.3283003492,8673089.339527182,397.5552444458008,2022-03-29 14:08:02.750000128+00:00,0,2022-05-03,100 MHz,20220329,0.0,141.6309814453125,142.25628662109375,0.7382348478308267,0.6180516357421875,10,2.84712252130969,0.33870697021484375,2.933055895727962,2.9607127104082167,138.7637826271241,145.12348543928215,0.104217529296875,0.0,0.7730895778438902,0.6180516357421875,9.0,0.0,2.84712252130969,0.4516092936197917,0.0,0.0,0.0,0.0,0.0,0.0,certain_cold,255.8200454711914,255.8200454711914,POINT (541667.3283003492 8673089.339527182),dronbreen
dronbreen-20220329-DAT_0247_A1_2,460.0,470,141.6309814453125,541669.2286249644,8673093.213400928,397.2962341308594,2022-03-29 14:08:04+00:00,0,2022-05-03,100 MHz,20220329,0.0,141.52676391601562,142.25628662109375,0.7629937025254875,0.6180516357421875,10,2.8450472688630293,0.22580464680989584,2.920148887476376,2.9542242790078546,138.6727699250293,145.11028061208006,0.104217529296875,0.0,0.7984300867935785,0.7725645446777343,9.0,0.0,2.8429720297280183,0.33869043986002606,0.0,0.0,0.0,0.0,0.0,0.0,certain_cold,255.66525268554688,255.66525268554688,POINT (541669.2286249644 8673093.213400928),dronbreen
dronbreen-20220329-DAT_0247_A1_2,465.0,475,141.52676391601562,541671.435606606,8673098.093727006,396.9521702357701,2022-03-29 14:08:05.571428608+00:00,0,2022-05-03,100 MHz,20220329,0.0,141.4225616455078,142.15206909179688,0.7985419239980046,0.6180516357421875,10,2.8429720297280183,0.22578811645507815,2.918125778610609,2.9616109534728925,138.570637692218,145.00399304508667,0.1042022705078125,0.0,0.836623478149467,0.7725419219970703,9.0,0.0,2.8408971077726455,0.22580464680989584,0.0,0.0,0.0,0.0,0.0,0.0,certain_cold,255.42540631975447,255.42540631975447,POINT (541671.435606606 8673098.093727006),dronbreen
dronbreen-20220329-DAT_0247_A1_2,470.0,480,141.4225616455078,541673.4671969546,8673102.277405383,396.650634765625,2022-03-29 14:08:07+00:00,0,2022-05-03,100 MHz,20220329,0.0,141.214111328125,142.0478515625,0.818322401236058,0.6952967788696288,10,2.8408971077726455,0.22580464680989584,2.933448776811759,2.965018662308329,138.36425446935613,144.89770842126887,0.2084503173828125,0.0,0.8595709076462054,0.7725645446777343,9.0,0.0,2.8388215915097192,0.33870697021484375,0.0,0.0,0.0,0.0,0.0,0.0,certain_cold,255.2280731201172,255.2280731201172,POINT (541673.4671969546 8673102.277405383),dronbreen
dronbreen-20220329-DAT_0247_A1_2,475.0,486,141.31832885742188,541675.9225905085,8673107.703790145,396.29283905029297,2022-03-29 14:08:08.750000128+00:00,0,2022-05-03,100 MHz,20220329,0.0,141.0056915283203,141.83941650390625,0.8177307378951011,0.6952967788696288,10,2.8388215915097192,0.33870697021484375,2.942289593293015,2.9736028651775883,138.14673534815702,144.69837268406954,0.3126373291015625,0.0,0.8627215443172143,0.6180516357421875,9.0,0.0,2.834671510722115,0.33869043986002606,0.0,0.0,0.0,0.0,0.0,0.0,certain_cold,254.9745101928711,254.9745101928711,POINT (541675.9225905085 8673107.703790145),dronbreen
dronbreen-20220329-DAT_0247_A1_2,480.0,491,141.1099090576172,541677.9026685134,8673112.091914197,395.98602294921875,2022-03-29 14:08:10.249999872+00:00,0,2022-05-03,100 MHz,20220329,0.0,140.79725646972656,141.6309814453125,0.8282899731042833,0.6952967788696288,10,2.834671510722115,0.451592763264974,2.953427874223336,2.9875345817375885,137.92683862600887,144.5013992890302,0.312652587890625,0.0,0.8731522037917236,0.6180516357421875,9.0,0.0,2.8325963385826665,0.33870697021484375,0.0,0.0,0.0,0.0,0.0,0.0,certain_cold,254.87611389160156,254.87611389160156,POINT (541677.9026685134 8673112.091914197),dronbreen
dronbreen-20220329-DAT_0247_A1_2,485.0,496,140.90147399902344,541679.76745749,8673116.491975347,395.6673889160156,2022-03-29 14:08:11.666666752+00:00,0,2022-05-03,100 MHz,20220329,0.0,140.5888214111328,141.31832885742188,0.8340979974493422,0.6952967788696288,10,2.8305211799311785,0.4516092936197917,2.949447188004769,2.985217006093822,137.72249953386174,144.18465073469295,0.312652587890625,0.0,0.879350122906953,0.7725645446777343,9.0,0.0,2.828446034797338,0.33870697021484375,0.0,0.0,0.0,0.0,0.0,0.0,certain_cold,254.7659149169922,254.7659149169922,POINT (541679.76745749 8673116.491975347),dronbreen
dronbreen-20220329-DAT_0247_A1_2,490.0,500,140.6930389404297,541681.626516589,8673120.767795982,395.3549499511719,2022-03-29 14:08:13+00:00,0,2022-05-03,100 MHz,20220329,0.0,140.48458862304688,141.1099090576172,0.8271245209605829,0.6952967788696288,10,2.826370903210919,0.4516258239746094,2.9454670220704444,2.979341091679891,137.6223625021057,143.97213517855837,0.2084503173828125,0.0,0.8700378676887193,0.7725419219970703,9.0,0.0,2.826370903210919,0.33872350056966144,0.0,0.0,0.0,0.0,0.0,0.0,certain_cold,254.6619110107422,254.6619110107422,POINT (541681.626516589 8673120.767795982),dronbreen
dronbreen-20220329-DAT_0247_A1_2,495.0,505,140.48458862304688,541683.9981911187,8673125.803902358,395.02113850911456,2022-03-29 14:08:14.666666752+00:00,0,2022-05-03,100 MHz,20220329,0.0,140.2761688232422,140.90147399902344,0.8319989140306379,0.6180516357421875,10,2.8222203769788576,0.33870697021484375,2.9088894946955954,2.9617347046713967,137.43369626085803,143.7439465614076,0.2084197998046875,0.0,0.8736716130415154,0.6180516357421875,9.0,0.0,2.8222203769788576,0.33870697021484375,0.0,0.0,0.0,0.0,0.0,0.0,certain_cold,254.5365498860677,254.5365498860677,POINT (541683.9981911187 8673125.803902358),dronbreen
dronbreen-20220329-DAT_0247_A1_2,500.0,509,140.38038635253906,541685.7883802503,8673129.82946637,394.7621154785156,2022-03-29 14:08:16+00:00,0,2022-05-03,100 MHz,20220329,0.0,140.06773376464844,140.6930389404297,0.8247116363356777,0.6180403244018554,10,2.8201455900352475,0.33870697021484375,2.906874163642817,2.9577175057423664,137.22732119590646,143.53345150917167,0.312652587890625,0.0,0.8621980745295265,0.6180742584228516,9.0,0.0,2.8201455900352475,0.33870697021484375,0.0,0.0,0.0,0.0,0.0,0.0,certain_cold,254.38172912597656,254.38172912597656,POINT (541685.7883802503 8673129.82946637),dronbreen
dronbreen-20220329-DAT_0247_A1_2,505.0,515,140.17193603515625,541687.8472741104,8673134.452671971,394.45750427246094,2022-03-29 14:08:17.500000+00:00,0,2022-05-03,100 MHz,20220329,0.0,139.85928344726562,140.38038635253906,0.8250787537986667,0.6180516357421875,10,2.8159951457233685,0.4516092936197917,2.918178788091116,2.968928184512267,137.00730525400724,143.23236454579745,0.312652587890625,0.0,0.8632487647599917,0.6180742584228516,9.0,0.0,2.8159951457233685,0.4516092936197917,0.0,0.0,0.0,0.0,0.0,0.0,certain_cold,254.2855682373047,254.2855682373047,POINT (541687.8472741104 8673134.452671971),dronbreen
dronbreen-20220329-DAT_0247_A1_2,510.0,520,139.96351623535156,541689.7206034464,8673138.884028954,394.1484680175781,2022-03-29 14:08:19+00:00,0,2022-05-03,100 MHz,20220329,0.0,139.7550811767578,140.17193603515625,0.7674867045086536,0.4635387268066406,10,2.811845363953254,0.5644950866699219,2.9051673282118213,2.968865927464129,136.88713259743147,143.0398846144826,0.20843505859375,0.0,0.8012571135234847,0.6180290130615234,9.0,0.0,2.811845363953254,0.5644950866699219,0.0,0.0,0.0,0.0,0.0,0.0,certain_cold,254.18495178222656,254.18495178222656,POINT (541689.7206034464 8673138.884028954),dronbreen
dronbreen-20220329-DAT_0247_A1_2,515.0,525,139.65086364746094,541691.7516867209,8673143.785522975,393.8090006510417,2022-03-29 14:08:20.666666752+00:00,0,2022-05-03,100 MHz,20220329,0.0,139.54664611816406,140.06773376464844,0.751836913205865,0.4635387268066406,10,2.8056203390681165,0.5645116170247396,2.899145909401267,2.9589588704149814,136.68479726597977,142.92958261683273,0.104217529296875,0.0,0.7850898527994823,0.6180290130615234,9.0,0.0,2.8056203390681165,0.5645116170247396,0.0,0.0,0.0,0.0,0.0,0.0,certain_cold,254.15813700358075,254.15813700358075,POINT (541691.7516867209 8673143.785522975),dronbreen
dronbreen-20220329-DAT_0247_A1_2,520.0,531,139.4424285888672,541693.7285942446,8673148.375179349,393.49561564127606,2022-03-29 14:08:22.333333248+00:00,0,2022-05-03,100 MHz,20220329,0.0,139.3382110595703,139.85928344726562,0.7207854684812013,0.38627096099853514,10,2.801470391830785,0.4516092936197917,2.8638073548510605,2.9277498188817233,136.50057343112155,142.69692107571439,0.104217529296875,0.0,0.7523257430758685,0.4635387268066406,9.0,0.0,2.801470391830785,0.5644950866699219,0.0,0.0,0.0,0.0,0.0,0.0,certain_cold,254.05318705240887,254.05318705240887,POINT (541693.7285942446 8673148.375179349),dronbreen
dronbreen-20220329-DAT_0247_A1_2,525.0,536,139.23399353027344,541695.7488157671,8673153.214311078,393.1669616699219,2022-03-29 14:08:24+00:00,0,2022-05-03,100 MHz,20220329,0.0,139.12979125976562,139.7550811767578,0.7140509277206013,0.46352741546630855,10,2.797320500363748,0.4516092936197917,2.871203684994837,2.9221262230125693,136.29625055318684,142.5886218833366,0.1042022705078125,0.0,0.7450654807120145,0.4635387268066406,9.0,0.0,2.7952458794164032,0.4516092936197917,0.0,0.0,0.0,0.0,0.0,0.0,certain_cold,253.93296813964844,253.93296813964844,POINT (541695.7488157671 8673153.214311078),dronbreen
dronbreen-20220329-DAT_0247_A1_2,530.0,541,139.0255584716797,541697.7090916786,8673157.927522961,392.84388950892856,2022-03-29 14:08:25.428571392+00:00,0,2022-05-03,100 MHz,20220329,0.0,138.9213409423828,139.65086364746094,0.6576631659923561,0.5407951812744141,10,2.7931706649155847,0.4516258239746094,2.8806644504897374,2.9048733342658513,136.09189430951875,142.480310280325,0.104217529296875,0.0,0.6834000415189001,0.6180516357421875,9.0,0.0,2.7931706649155847,0.33874003092447913,0.0,0.0,0.0,0.0,0.0,0.0,certain_cold,253.81833103724887,253.81833103724887,POINT (541697.7090916786 8673157.927522961),dronbreen
dronbreen-20220329-DAT_0247_A1_2,535.0,546,138.81710815429688,541699.534524396,8673162.357409734,392.5357894897461,2022-03-29 14:08:26.750000128+00:00,0,2022-05-03,100 MHz,20220329,0.0,138.71292114257812,139.4424285888672,0.6628697207294406,0.540783869934082,10,2.789020581947846,0.338690439860026,2.8610826997069068,2.8866491451579646,135.90341103927162,142.2519386921737,0.10418701171875,0.0,0.6829567443395385,0.6180516357421875,9.0,0.0,2.789020581947846,0.338690439860026,0.0,0.0,0.0,0.0,0.0,0.0,certain_cold,253.71868133544922,253.71868133544922,POINT (541699.534524396 8673162.357409734),dronbreen
dronbreen-20220329-DAT_0247_A1_2,540.0,551,138.71292114257812,541701.678701914,8673167.417509897,392.20017496744794,2022-03-29 14:08:28.333333248+00:00,0,2022-05-03,100 MHz,20220329,0.0,138.5044708251953,139.23399353027344,0.6409292763828617,0.5407951812744141,10,2.7869463211125614,0.338690439860026,2.859062860257718,2.8796825082185844,135.69701984417793,142.04144451129082,0.2084503173828125,0.0,0.6579772974439002,0.6180516357421875,9.0,0.0,2.7869463211125614,0.338690439860026,0.0,0.0,0.0,0.0,0.0,0.0,certain_cold,253.4872538248698,253.4872538248698,POINT (541701.678701914 8673167.417509897),dronbreen
dronbreen-20220329-DAT_0247_A1_2,545.0,556,138.5044708251953,541703.5205281196,8673171.83240424,391.9241180419922,2022-03-29 14:08:29.750000128+00:00,0,2022-05-03,100 MHz,20220329,0.0,138.29603576660156,139.0255584716797,0.629248133305353,0.6180403244018554,10,2.782796323022393,0.4516258239746094,2.886155765528681,2.8885765479862164,135.47682998122374,141.8447642570575,0.1042022705078125,0.0,0.6461846331717652,0.4635387268066406,9.0,0.0,2.782796323022393,0.4516258239746094,0.0,0.0,0.0,0.0,0.0,0.0,certain_cold,253.41964721679688,253.41964721679688,POINT (541703.5205281196 8673171.83240424),dronbreen
dronbreen-20220329-DAT_0247_A1_2,550.0,561,138.29603576660156,541705.3025233082,8673176.294184774,391.63525390625,2022-03-29 14:08:31.142856960+00:00,0,2022-05-03,100 MHz,20220329,0.0,138.08761596679688,138.81710815429688,0.6280962502047407,0.6180290130615234,10,2.7786466856192527,0.451592763264974,2.882147339800995,2.884322854130135,135.27251145233632,141.63221266875743,0.104217529296875,0.0,0.6468861723172751,0.4635387268066406,9.0,0.0,2.7786466856192527,0.451592763264974,0.0,0.0,0.0,0.0,0.0,0.0,certain_cold,253.33921813964844,253.33921813964844,POINT (541705.3025233082 8673176.294184774),dronbreen
dronbreen-20220329-DAT_0247_A1_2,555.0,566,138.08761596679688,541707.3285718174,8673181.177825732,391.30010986328125,2022-03-29 14:08:32.666666752+00:00,0,2022-05-03,100 MHz,20220329,0.0,137.87916564941406,138.6086883544922,0.6175351052213724,0.6180403244018554,10,2.7744974091459214,0.4516092936197917,2.878152301395454,2.878043855402827,135.06815394053748,141.41970006336877,0.1042327880859375,0.0,0.6363034648416507,0.4635387268066406,9.0,0.0,2.7744974091459214,0.4516092936197917,0.0,0.0,0.0,0.0,0.0,0.0,certain_cold,253.21249389648438,253.21249389648438,POINT (541707.3285718174 8673181.177825732),dronbreen
dronbreen-20220329-DAT_0247_A1_2,560.0,570,137.87916564941406,541709.0668840661,8673185.636040922,390.962646484375,2022-03-29 14:08:34+00:00,0,2022-05-03,100 MHz,20220329,0.0,137.6707305908203,138.5044708251953,0.6141076807027341,0.6953080902099609,10,2.77034758253751,0.4516258239746094,2.8917546495620257,2.8733116532061507,134.8638120645798,141.31138935143582,0.0,0.0,0.6274726178981895,0.4635387268066406,9.0,0.0,2.77034758253751,0.4516258239746094,0.0,0.0,0.0,0.0,0.0,0.0,certain_cold,253.08348083496094,253.08348083496094,POINT (541709.0668840661 8673185.636040922),dronbreen
dronbreen-20220329-DAT_0247_A1_2,565.0,575,137.6707305908203,541710.8160132881,8673190.156626577,390.6115417480469,2022-03-29 14:08:35.333333248+00:00,0,2022-05-03,100 MHz,20220329,0.0,137.56651306152344,138.29603576660156,0.579322781613737,0.5407951812744141,10,2.7661981173741137,0.33870697021484375,2.838843754827982,2.8464344927528,134.77965561338652,141.08289321473848,0.0,0.0,0.5974235318952762,0.4635387268066406,9.0,0.0,2.7661981173741137,0.4516092936197917,0.0,0.0,0.0,0.0,0.0,0.0,certain_cold,252.94081115722656,252.94081115722656,POINT (541710.8160132881 8673190.156626577),dronbreen
dronbreen-20220329-DAT_0247_A1_2,570.0,579,137.56651306152344,541712.5268664365,8673194.676027311,390.2896219889323,2022-03-29 14:08:36.666666752+00:00,0,2022-05-03,100 MHz,20220329,0.0,137.46229553222656,138.08761596679688,0.5611237853068148,0.46355003814697265,10,2.764123406500245,0.22580464680989584,2.8118045064956987,2.8295274954169485,134.68896433222835,140.86094716679509,0.104217529296875,0.0,0.5895460709161207,0.6180516357421875,9.0,0.0,2.7620487101417455,0.22580464680989584,0.0,0.0,0.0,0.0,0.0,0.0,certain_cold,252.72310892740887,252.72310892740887,POINT (541712.5268664365 8673194.676027311),dronbreen
dronbreen-20220329-DAT_0247_A1_2,575.0,583,137.46229553222656,541714.1994506171,8673199.194241837,389.9825744628906,2022-03-29 14:08:38+00:00,0,2022-05-03,100 MHz,20220329,0.0,137.35809326171875,137.87916564941406,0.5537627679087016,0.4635387268066406,10,2.7620487101417455,0.11290232340494792,2.8029499037755627,2.8192752996023325,134.59373800021095,140.64352091092186,0.1042022705078125,0.0,0.5836309628757822,0.4635387268066406,9.0,0.0,2.7620487101417455,0.0,0.0,0.0,0.0,0.0,0.0,0.0,certain_cold,252.52027893066406,252.52027893066406,POINT (541714.1994506171 8673199.194241837),dronbreen
dronbreen-20220329-DAT_0247_A1_2,580.0,588,137.46229553222656,541715.8465112216,8673203.7116674,389.6770528157552,2022-03-29 14:08:39.333333248+00:00,0,2022-05-03,100 MHz,20220329,0.0,137.14964294433594,137.56651306152344,0.5436404082582388,0.38630489501953125,10,2.7620487101417455,0.22580464680989584,2.798058664079914,2.8240831625870735,134.37837954730622,140.33777645855315,0.312652587890625,0.0,0.5766046326326296,0.3090484405517578,9.0,0.0,2.7620487101417455,0.22580464680989584,0.0,0.0,0.0,0.0,0.0,0.0,certain_cold,252.21475728352863,252.21475728352863,POINT (541715.8465112216 8673203.7116674),dronbreen
dronbreen-20220329-DAT_0247_A1_2,585.0,593,137.2538604736328,541717.9493540289,8673209.17372221,389.3037109375,2022-03-29 14:08:41+00:00,0,2022-05-03,100 MHz,20220329,0.0,136.9412078857422,137.35809326171875,0.5436402782322282,0.4635387268066406,10,2.7578993611018854,0.5645116170247396,2.8529897306109597,2.867093825433428,134.12612666991163,140.1731744775493,0.312652587890625,0.0,0.5755570094344038,0.4635387268066406,9.0,0.0,2.7578993611018854,0.5645116170247396,0.0,0.0,0.0,0.0,0.0,0.0,certain_cold,252.0498504638672,252.0498504638672,POINT (541717.9493540289 8673209.17372221),dronbreen
dronbreen-20220329-DAT_0247_A1_2,590.0,598,136.9412078857422,541719.7080362757,8673213.38445766,389.01063028971356,2022-03-29 14:08:42.333333248+00:00,0,2022-05-03,100 MHz,20220329,0.0,136.8369903564453,137.04544067382812,0.5627340922788185,0.3862935836791992,10,2.75167544722891,0.6774139404296875,2.860040235095062,2.8891654629293497,134.0031577196139,139.87927331065953,0.104217529296875,0.0,0.5936254279023095,0.4635387268066406,9.0,0.0,2.75167544722891,0.6774139404296875,0.0,0.0,0.0,0.0,0.0,0.0,certain_cold,252.06942240397137,252.06942240397137,POINT (541719.7080362757 8673213.38445766),dronbreen
dronbreen-20220329-DAT_0247_A1_2,595.0,603,136.62855529785156,541722.0283722671,8673218.41904763,388.6741638183594,2022-03-29 14:08:44+00:00,0,2022-05-03,100 MHz,20220329,0.0,136.62855529785156,136.8369903564453,0.573033889742871,0.38627096099853514,10,2.7454516657758217,0.6773974100748698,2.854045787228738,2.885262542487463,133.8007695739525,139.66477608034438,0.0,0.0,0.6056932057063582,0.6180290130615234,9.0,0.0,2.7454516657758217,0.6773974100748698,0.0,0.0,0.0,0.0,0.0,0.0,certain_cold,252.0456085205078,252.0456085205078,POINT (541722.0283722671 8673218.41904763),dronbreen
dronbreen-20220329-DAT_0247_A1_2,600.0,608,136.31591796875,541723.975091282,8673222.945786476,388.3531494140625,2022-03-29 14:08:45.500000+00:00,0,2022-05-03,100 MHz,20220329,0.0,136.31591796875,136.62855529785156,0.5618670645559377,0.38627096099853514,10,2.7392283213827193,0.451592763264974,2.8029472124549932,2.832490497553556,133.53971411807575,139.4047591485258,0.0,0.0,0.5918354154809802,0.4635387268066406,9.0,0.0,2.7392283213827193,0.451592763264974,0.0,0.0,0.0,0.0,0.0,0.0,certain_cold,252.0372314453125,252.0372314453125,POINT (541723.975091282 8673222.945786476),dronbreen
dronbreen-20220329-DAT_0247_A1_2,605.0,613,136.21170043945312,541725.8012429454,8673227.65488176,388.00927734375,2022-03-29 14:08:47+00:00,0,2022-05-03,100 MHz,20220329,0.0,136.00326538085938,136.42013549804688,0.5640170351642845,0.38628227233886714,10,2.7371538017880774,0.22580464680989584,2.7734838501579824,2.803767802283095,133.25681336541038,139.16658751349587,0.20843505859375,0.0,0.5941313288442321,0.4635387268066406,9.0,0.0,2.7371538017880774,0.22580464680989584,0.0,0.0,0.0,0.0,0.0,0.0,certain_cold,251.79757690429688,251.79757690429688,POINT (541725.8012429454 8673227.65488176),dronbreen
dronbreen-20220329-DAT_0247_A1_2,610.0,617,136.10748291015625,541727.4113378427,8673231.61288851,387.7217102050781,2022-03-29 14:08:48.249999872+00:00,0,2022-05-03,100 MHz,20220329,0.0,135.79483032226562,136.31591796875,0.5709230133764926,0.540783869934082,10,2.735079297142112,0.33870697021484375,2.8085277935794744,2.8144865003283286,133.03885841142773,139.0718898795879,0.312652587890625,0.0,0.6034467735016679,0.6180290130615234,9.0,0.0,2.735079297142112,0.33870697021484375,0.0,0.0,0.0,0.0,0.0,0.0,certain_cold,251.61422729492188,251.61422729492188,POINT (541727.4113378427 8673231.61288851),dronbreen
dronbreen-20220329-DAT_0247_A1_2,615.0,623,135.8990478515625,541729.2076345746,8673236.533743849,387.3714163643973,2022-03-29 14:08:49.857143040+00:00,0,2022-05-03,100 MHz,20220329,0.0,135.482177734375,136.00326538085938,0.5884134594830158,0.5407951812744141,10,2.7309303328324783,0.33870697021484375,2.8044896723907287,2.8140599307330683,132.73032328792317,138.7551198273112,0.4168701171875,0.0,0.624094639057746,0.4635387268066406,9.0,0.0,2.7309303328324783,0.4516092936197917,0.0,0.0,0.0,0.0,0.0,0.0,certain_cold,251.4723685128348,251.4723685128348,POINT (541729.2076345746 8673236.533743849),dronbreen
dronbreen-20220329-DAT_0247_A1_2,620.0,628,135.79483032226562,541730.8295028937,8673241.271951625,387.03990681966144,2022-03-29 14:08:51.333333248+00:00,0,2022-05-03,100 MHz,20220329,0.0,135.27374267578125,135.79483032226562,0.6072900887398502,0.5407951812744141,10,2.728855873237201,0.33870697021484375,2.802469663825625,2.816057179897976,132.5239469036241,138.54462609442277,0.521087646484375,0.0,0.643378551137281,0.6180516357421875,9.0,0.0,2.7267814287273833,0.33870697021484375,0.0,0.0,0.0,0.0,0.0,0.0,certain_cold,251.24507649739581,251.24507649739581,POINT (541730.8295028937 8673241.271951625),dronbreen
dronbreen-20220329-DAT_0247_A1_2,625.0,632,135.58639526367188,541732.3999277314,8673245.787021557,386.7132059733073,2022-03-29 14:08:52.666666752+00:00,0,2022-05-03,100 MHz,20220329,0.0,135.0653076171875,135.69061279296875,0.6198750704278674,0.5407951812744141,10,2.724706999337482,0.4516092936197917,2.8143273822375496,2.8305872693242273,132.3034279698599,138.45249244029634,0.521087646484375,0.0,0.6552243841108505,0.6180516357421875,9.0,0.0,2.724706999337482,0.4516092936197917,0.0,0.0,0.0,0.0,0.0,0.0,certain_cold,251.12681070963544,251.12681070963544,POINT (541732.3999277314 8673245.787021557),dronbreen
dronbreen-20220329-DAT_0247_A1_2,630.0,637,135.37796020507812,541734.3775549281,8673250.857519254,386.3108673095703,2022-03-29 14:08:54.249999872+00:00,0,2022-05-03,100 MHz,20220329,0.0,134.85687255859375,135.37796020507812,0.6156777891923682,0.6180516357421875,10,2.720558186055775,0.5645116170247396,2.846418457274785,2.845903960005639,132.0783639281463,138.15646883552557,0.521087646484375,0.0,0.6524587046401068,0.6180516357421875,9.0,0.0,2.7184838022334055,0.5645116170247396,0.0,0.0,0.0,0.0,0.0,0.0,certain_cold,250.9329071044922,250.9329071044922,POINT (541734.3775549281 8673250.857519254),dronbreen
dronbreen-20220329-DAT_0247_A1_2,635.0,642,135.0653076171875,541735.979654589,8673255.2472984,385.97371564592635,2022-03-29 14:08:55.571428608+00:00,0,2022-05-03,100 MHz,20220329,0.0,134.54421997070312,135.16952514648438,0.6357333907518842,0.6953080902099609,10,2.714335080400022,0.6774139404296875,2.882699761627994,2.8689129508396656,131.74663090592276,137.96711421126474,0.521087646484375,0.0,0.6733903970702351,0.7725645446777343,9.0,0.0,2.714335080400022,0.5645116170247396,0.0,0.0,0.0,0.0,0.0,0.0,certain_cold,250.90840802873885,250.90840802873885,POINT (541735.979654589 8673255.2472984),dronbreen
dronbreen-20220329-DAT_0247_A1_2,640.0,647,134.75265502929688,541737.6580918098,8673260.217677534,385.6152648925781,2022-03-29 14:08:57+00:00,0,2022-05-03,100 MHz,20220329,0.0,134.33578491210938,134.96109008789062,0.638763499276016,0.6953080902099609,10,2.708112112704693,0.5645116170247396,2.8523670733349142,2.8391131341919262,131.56946161561387,137.72741338438613,0.4168701171875,0.0,0.6742859048050369,0.7725645446777343,9.0,0.0,2.708112112704693,0.5645116170247396,0.0,0.0,0.0,0.0,0.0,0.0,certain_cold,250.86260986328125,250.86260986328125,POINT (541737.6580918098 8673260.217677534),dronbreen
dronbreen-20220329-DAT_0247_A1_2,645.0,651,134.54421997070312,541739.0448662288,8673264.478924902,385.34888712565106,2022-03-29 14:08:58.333333248+00:00,0,2022-05-03,100 MHz,20220329,0.0,134.2315673828125,134.85687255859375,0.6488854208761369,0.6180516357421875,10,2.7039635446895325,0.5645116170247396,2.830561788975726,2.8374538773681364,131.4693052271209,137.61913471428534,0.312652587890625,0.0,0.67896767477552,0.6180516357421875,9.0,0.0,2.7039635446895325,0.5645116170247396,0.0,0.0,0.0,0.0,0.0,0.0,certain_cold,250.80466715494794,250.80466715494794,POINT (541739.0448662288 8673264.478924902),dronbreen
dronbreen-20220329-DAT_0247_A1_2,650.0,657,134.2315673828125,541741.107320968,8673270.001800397,384.9894714355469,2022-03-29 14:09:00+00:00,0,2022-05-03,100 MHz,20220329,0.0,134.0231475830078,134.6484375,0.6719076705676114,0.540783869934082,10,2.6977408090509014,0.5644950866699219,2.8087198809553753,2.8368856327777277,131.26697992198044,137.40460516102738,0.2084197998046875,0.0,0.7010460582718079,0.6180516357421875,9.0,0.0,2.6977408090509014,0.5644950866699219,0.0,0.0,0.0,0.0,0.0,0.0,certain_cold,250.75790405273438,250.75790405273438,POINT (541741.107320968 8673270.001800397),dronbreen
dronbreen-20220329-DAT_0247_A1_2,655.0,661,134.0231475830078,541742.6789761687,8673274.35741218,384.6783142089844,2022-03-29 14:09:01.285714432+00:00,0,2022-05-03,100 MHz,20220329,0.0,133.81471252441406,134.44000244140625,0.6808281438101695,0.540783869934082,10,2.6935927003210187,0.5644950866699219,2.804735911289696,2.8350702459553205,131.06260490695118,137.19211005886913,0.104217529296875,0.0,0.7076842111584443,0.6180290130615234,9.0,0.0,2.6935927003210187,0.5644950866699219,0.0,0.0,0.0,0.0,0.0,0.0,certain_cold,250.65516662597656,250.65516662597656,POINT (541742.6789761687 8673274.35741218),dronbreen
dronbreen-20220329-DAT_0247_A1_2,660.0,666,133.7104949951172,541744.3614828497,8673279.195002127,384.28326416015625,2022-03-29 14:09:02.714285568+00:00,0,2022-05-03,100 MHz,20220329,0.0,133.50205993652344,134.2315673828125,0.7137122602261267,0.540783869934082,10,2.6873701994209327,0.5645116170247396,2.7987638607914875,2.8372552132102387,130.75603882325944,136.9775884960765,0.0,0.0,0.7383540438573896,0.7725419219970703,9.0,0.0,2.6873701994209327,0.5645116170247396,0.0,0.0,0.0,0.0,0.0,0.0,certain_cold,250.57276916503906,250.57276916503906,POINT (541744.3614828497 8673279.195002127),dronbreen
dronbreen-20220329-DAT_0247_A1_2,665.0,670,133.50205993652344,541745.8948587172,8673283.549428832,383.9293518066406,2022-03-29 14:09:04+00:00,0,2022-05-03,100 MHz,20220329,0.0,133.2936248779297,134.12734985351562,0.7316633516615257,0.6180403244018554,10,2.683221944401551,0.4516092936197917,2.790269664313569,2.8176164070303082,130.57266347485873,136.84831125658658,0.0,0.0,0.7533208990089263,0.7725419219970703,9.0,0.0,2.683221944401551,0.4516092936197917,0.0,0.0,0.0,0.0,0.0,0.0,certain_cold,250.4272918701172,250.4272918701172,POINT (541745.8948587172 8673283.549428832),dronbreen
dronbreen-20220329-DAT_0247_A1_2,670.0,674,133.2936248779297,541747.5359180685,8673288.252810754,383.54896036783856,2022-03-29 14:09:05.333333248+00:00,0,2022-05-03,100 MHz,20220329,0.0,133.08518981933594,133.91893005371094,0.7352847263690024,0.6180516357421875,10,2.6790737528555075,0.5645116170247396,2.806794855959155,2.834916783227811,130.34728742169733,136.65683245134954,0.0,0.0,0.7553222489877081,0.6180516357421875,9.0,0.0,2.6790737528555075,0.5645116170247396,0.0,0.0,0.0,0.0,0.0,0.0,certain_cold,250.25533548990887,250.25533548990887,POINT (541747.5359180685 8673288.252810754),dronbreen
dronbreen-20220329-DAT_0247_A1_2,675.0,679,132.98097229003906,541749.2813354372,8673293.192056961,383.17057037353516,2022-03-29 14:09:06.750000128+00:00,0,2022-05-03,100 MHz,20220329,0.0,132.8767547607422,133.6062774658203,0.777485125544859,0.5407951812744141,10,2.672851585195417,0.5645116170247396,2.7848282514954428,2.8402978862578916,130.1449405353166,136.3380916912459,0.0,0.0,0.8023867813523187,0.6180516357421875,9.0,0.0,2.672851585195417,0.5645116170247396,0.0,0.0,0.0,0.0,0.0,0.0,certain_cold,250.1895980834961,250.1895980834961,POINT (541749.2813354372 8673293.192056961),dronbreen
dronbreen-20220329-DAT_0247_A1_2,680.0,683,132.7725372314453,541750.7855180134,8673297.472474499,382.827880859375,2022-03-29 14:09:08+00:00,0,2022-05-03,100 MHz,20220329,0.0,132.7725372314453,133.50205993652344,0.7733610007395538,0.6180516357421875,10,2.6687035536286556,0.4516092936197917,2.7763136414457166,2.8149630279452813,130.06589177789326,136.2087053900755,0.0,0.0,0.7950210127604659,0.6180516357421875,9.0,0.0,2.6687035536286556,0.4516092936197917,0.0,0.0,0.0,0.0,0.0,0.0,certain_cold,250.0553436279297,250.0553436279297,POINT (541750.7855180134 8673297.472474499),dronbreen
dronbreen-20220329-DAT_0247_A1_2,685.0,688,132.56410217285156,541752.5558716685,8673302.738168107,382.4719543457031,2022-03-29 14:09:09.500000+00:00,0,2022-05-03,100 MHz,20220329,0.0,132.4598846435547,133.1894073486328,0.8343881844448072,0.6180516357421875,10,2.6645555865768107,0.5645116170247396,2.792940683966842,2.848637127128459,129.73618681895783,135.91310517322967,0.104217529296875,0.0,0.8527001813810973,0.7725645446777343,9.0,0.0,2.6645555865768107,0.5645116170247396,0.0,0.0,0.0,0.0,0.0,0.0,certain_cold,249.90785217285156,249.90785217285156,POINT (541752.5558716685 8673302.738168107),dronbreen
dronbreen-20220329-DAT_0247_A1_2,690.0,693,132.25144958496094,541754.2937291798,8673307.816759074,382.1419372558594,2022-03-29 14:09:11+00:00,0,2022-05-03,100 MHz,20220329,0.0,132.25144958496094,132.98097229003906,0.8572173025541866,0.6180516357421875,10,2.658333757625138,0.5645116170247396,2.78700548207729,2.849602294441024,129.53383818288646,135.69858369211354,0.0,0.0,0.8798653963928995,0.7725645446777343,9.0,0.0,2.658333757625138,0.5645116170247396,0.0,0.0,0.0,0.0,0.0,0.0,certain_cold,249.89048767089844,249.89048767089844,POINT (541754.2937291798 8673307.816759074),dronbreen
dronbreen-20220329-DAT_0247_A1_2,695.0,698,132.0430145263672,541755.8709600606,8673312.518170165,381.7852783203125,2022-03-29 14:09:12.333333248+00:00,0,2022-05-03,100 MHz,20220329,0.0,131.9387969970703,132.66831970214844,0.8791085402199943,0.6953080902099609,10,2.6541859531849243,0.4516092936197917,2.780666712944821,2.832222776134614,129.2464645457991,135.36065215341964,0.104217529296875,0.0,0.8965070989828184,1.0815903625488281,9.0,0.0,2.6541859531849243,0.4516092936197917,0.0,0.0,0.0,0.0,0.0,0.0,certain_cold,249.7422637939453,249.7422637939453,POINT (541755.8709600606 8673312.518170165),dronbreen
dronbreen-20220329-DAT_0247_A1_2,700.0,702,131.83457946777344,541757.3353300869,8673317.154044414,381.40150960286456,2022-03-29 14:09:13.666666752+00:00,0,2022-05-03,100 MHz,20220329,0.0,131.73037719726562,132.4598846435547,0.9223199163225798,0.6952854675292969,10,2.650038214324063,0.451592763264974,2.776699559291317,2.84206132749743,129.0421364042541,135.1481254365662,0.1042022705078125,0.0,0.9408454242894175,1.081567739868164,9.0,0.0,2.650038214324063,0.451592763264974,0.0,0.0,0.0,0.0,0.0,0.0,certain_cold,249.56693013509113,249.56693013509113,POINT (541757.3353300869 8673317.154044414),dronbreen
dronbreen-20220329-DAT_0247_A1_2,705.0,706,131.62615966796875,541758.6226996544,8673321.323610922,381.03897966657365,2022-03-29 14:09:14.857143040+00:00,0,2022-05-03,100 MHz,20220329,0.0,131.417724609375,132.3556671142578,0.9327265727497944,0.7725532333374023,10,2.645890844984925,0.33870697021484375,2.777102676097381,2.82585201926087,128.7502425053587,135.0231492182741,0.1042327880859375,0.0,0.9500968159604817,1.0815903625488281,9.0,0.0,2.645890844984925,0.33870697021484375,0.0,0.0,0.0,0.0,0.0,0.0,certain_cold,249.4128199986049,249.4128199986049,POINT (541758.6226996544 8673321.323610922),dronbreen
dronbreen-20220329-DAT_0247_A1_2,710.0,711,131.5219268798828,541760.1866217469,8673326.144246645,380.62123107910156,2022-03-29 14:09:16.249999872+00:00,0,2022-05-03,100 MHz,20220329,0.0,131.31350708007812,132.14723205566406,0.916743386566194,0.7725532333374023,10,2.643816729669229,0.22580464680989584,2.76361957167406,2.8073427071543464,128.6600650440427,134.80067409169948,0.1042022705078125,0.0,0.9264655204612493,0.9270548309326171,9.0,0.0,2.643816729669229,0.22580464680989584,0.0,0.0,0.0,0.0,0.0,0.0,certain_cold,249.09930419921875,249.09930419921875,POINT (541760.1866217469 8673326.144246645),dronbreen
dronbreen-20220329-DAT_0247_A1_2,715.0,716,131.417724609375,541761.8597522458,8673330.941693824,380.24596150716144,2022-03-29 14:09:17.666666752+00:00,0,2022-05-03,100 MHz,20220329,0.0,131.2092742919922,132.0430145263672,0.888466740794359,0.7725758560180663,10,2.6417432382050703,0.11288579305013022,2.75470942064255,2.7894307104447886,128.56512026113944,134.68716855721993,0.2084503173828125,0.0,0.8986967310147622,1.0815903625488281,9.0,0.0,2.6417432382050703,0.11288579305013022,0.0,0.0,0.0,0.0,0.0,0.0,certain_cold,248.82823689778644,248.82823689778644,POINT (541761.8597522458 8673330.941693824),dronbreen
dronbreen-20220329-DAT_0247_A1_2,720.0,721,131.417724609375,541763.6215920739,8673336.067569487,379.92382049560547,2022-03-29 14:09:19.249999872+00:00,0,2022-05-03,100 MHz,20220329,0.0,131.0008544921875,131.83457946777344,0.854394473111,0.9270661422729491,10,2.6417432382050703,0.11290232340494792,2.8019646506302136,2.7787666665114346,128.35669975555948,134.47873420440146,0.2084503173828125,0.0,0.8632475878265876,0.9270774536132812,9.0,0.0,2.6417432382050703,0.11290232340494792,0.0,0.0,0.0,0.0,0.0,0.0,certain_cold,248.50609588623047,248.50609588623047,POINT (541763.6215920739 8673336.067569487),dronbreen
dronbreen-20220329-DAT_0247_A1_2,725.0,726,131.31350708007812,541765.3634535605,8673340.603521626,379.62244669596356,2022-03-29 14:09:20.666666752+00:00,0,2022-05-03,100 MHz,20220329,0.0,130.89662170410156,131.83457946777344,0.8173673024789242,0.8498209991455078,10,2.6396694597369366,0.11290232340494792,2.7753914177799848,2.7656267098905083,128.25453885314892,134.47666231872608,0.1042327880859375,0.0,0.8257398076170172,0.6180742584228516,9.0,0.0,2.6396694597369366,0.11290232340494792,0.0,0.0,0.0,0.0,0.0,0.0,certain_cold,248.30893961588544,248.30893961588544,POINT (541765.3634535605 8673340.603521626),dronbreen
dronbreen-20220329-DAT_0247_A1_2,730.0,730,131.31350708007812,541767.0433543171,8673344.873913538,379.3150939941406,2022-03-29 14:09:22+00:00,0,2022-05-03,100 MHz,20220329,0.0,130.7924041748047,131.73037719726562,0.8072655107249981,0.8498209991455078,10,2.6396694597369366,0.11291885375976564,2.775392090280395,2.762658706573869,128.15032061742005,134.37246075465026,0.1042327880859375,0.0,0.811923365383628,0.6180516357421875,9.0,0.0,2.6396694597369366,0.11291885375976564,0.0,0.0,0.0,0.0,0.0,0.0,certain_cold,248.0015869140625,248.0015869140625,POINT (541767.0433543171 8673344.873913538),dronbreen
dronbreen-20220329-DAT_0247_A1_2,735.0,736,131.2092742919922,541768.987655885,8673350.083007803,378.8820393880208,2022-03-29 14:09:23.666666752+00:00,0,2022-05-03,100 MHz,20220329,0.0,130.68820190429688,131.62615966796875,0.7582371770004634,0.6953080902099609,10,2.6375953943113597,0.11291885375976564,2.7300390971446435,2.7467405680574473,128.04819051575575,134.26617105650988,0.0,0.0,0.7622860308025543,0.4635387268066406,9.0,0.0,2.6375953943113597,0.11291885375976564,0.0,0.0,0.0,0.0,0.0,0.0,certain_cold,247.67276509602863,247.67276509602863,POINT (541768.987655885 8673350.083007803),dronbreen
dronbreen-20220329-DAT_0247_A1_2,740.0,741,131.2092742919922,541770.4711945616,8673354.099172905,378.53363037109375,2022-03-29 14:09:25+00:00,0,2022-05-03,100 MHz,20220329,0.0,130.58396911621094,131.5219268798828,0.7207814236898369,0.6953080902099609,10,2.6375953943113597,0.22578811645507815,2.737031800680484,2.7436136022335904,127.93672720478222,134.16916879131153,0.104217529296875,0.0,0.7216171740784787,0.4635387268066406,9.0,0.0,2.6375953943113597,0.22578811645507815,0.0,0.0,0.0,0.0,0.0,0.0,certain_cold,247.32435607910156,247.32435607910156,POINT (541770.4711945616 8673354.099172905),dronbreen
dronbreen-20220329-DAT_0247_A1_2,745.0,746,131.0008544921875,541772.4900531409,8673359.37262365,378.05963134765625,2022-03-29 14:09:26.666666752+00:00,0,2022-05-03,100 MHz,20220329,0.0,130.47975158691406,131.31350708007812,0.6833082245471609,0.6953194015502929,10,2.6334482244907176,0.33870697021484375,2.744675032297574,2.741656815226739,127.8246109196903,133.96864774730187,0.0,0.0,0.6849383267414938,0.46356134948730465,9.0,0.0,2.6334482244907176,0.33870697021484375,0.0,0.0,0.0,0.0,0.0,0.0,certain_cold,247.05877685546875,247.05877685546875,POINT (541772.4900531409 8673359.37262365),dronbreen
dronbreen-20220329-DAT_0247_A1_2,750.0,750,130.89662170410156,541774.1877037155,8673363.89170608,377.66326904296875,2022-03-29 14:09:28+00:00,0,2022-05-03,100 MHz,20220329,0.0,130.37554931640625,131.2092742919922,0.6833108879517119,0.6953080902099609,10,2.6313742093093997,0.11291885375976564,2.724029044864337,2.7209914859378825,127.74175340613661,133.84307020226183,0.0,0.0,0.6849438730347248,0.4635387268066406,9.0,0.0,2.6313742093093997,0.11291885375976564,0.0,0.0,0.0,0.0,0.0,0.0,certain_cold,246.7666473388672,246.7666473388672,POINT (541774.1877037155 8673363.89170608),dronbreen
dronbreen-20220329-DAT_0247_A1_2,755.0,754,130.89662170410156,541775.7597415623,8673368.344854763,377.2867024739583,2022-03-29 14:09:29.333333248+00:00,0,2022-05-03,100 MHz,20220329,0.0,130.27133178710938,131.1050567626953,0.6775461312910497,0.7725645446777343,10,2.6313742093093997,0.11290232340494792,2.744764678390849,2.7195488456867936,127.63753658549462,133.73885196431007,0.2084197998046875,0.0,0.6742883614920051,0.4635387268066406,9.0,0.0,2.6313742093093997,0.11290232340494792,0.0,0.0,0.0,0.0,0.0,0.0,certain_cold,246.39008076985675,246.39008076985675,POINT (541775.7597415623 8673368.344854763),dronbreen
dronbreen-20220329-DAT_0247_A1_2,760.0,760,130.7924041748047,541777.6803933729,8673373.49119663,376.9714050292969,2022-03-29 14:09:31+00:00,0,2022-05-03,100 MHz,20220329,0.0,130.16709899902344,131.0008544921875,0.6451567279169552,0.7725645446777343,10,2.629300514572305,0.33870697021484375,2.761303964306614,2.7284007790606606,127.5160721022149,133.65188138899603,0.312652587890625,0.0,0.644781936901519,0.6180516357421875,9.0,0.0,2.629300514572305,0.33870697021484375,0.0,0.0,0.0,0.0,0.0,0.0,certain_cold,246.1790008544922,246.1790008544922,POINT (541777.6803933729 8673373.49119663),dronbreen
dronbreen-20220329-DAT_0247_A1_2,765.0,765,130.58396911621094,541779.2823605305,8673378.007312916,376.6351623535156,2022-03-29 14:09:32.500000+00:00,0,2022-05-03,100 MHz,20220329,0.0,130.16709899902344,130.89662170410156,0.622984358746731,0.6953080902099609,10,2.6251531757323066,0.33870697021484375,2.7367142613069704,2.719239069845204,127.52018539867122,133.54353530445377,0.2084197998046875,0.0,0.6339290189477534,0.6180290130615234,9.0,0.0,2.6251531757323066,0.33870697021484375,0.0,0.0,0.0,0.0,0.0,0.0,certain_cold,246.0511932373047,246.0511932373047,POINT (541779.2823605305 8673378.007312916),dronbreen
dronbreen-20220329-DAT_0247_A1_2,770.0,770,130.47975158691406,541780.8843172778,8673382.523430927,376.2837219238281,2022-03-29 14:09:34+00:00,0,2022-05-03,100 MHz,20220329,0.0,130.06289672851562,130.7924041748047,0.6100636900809412,0.6953080902099609,10,2.6230795317094606,0.22578811645507815,2.723046059749427,2.7025366249434306,127.43011749295381,133.42518341036651,0.312652587890625,0.0,0.6219172001457363,0.7725419219970703,9.0,0.0,2.6230795317094606,0.22578811645507815,0.0,0.0,0.0,0.0,0.0,0.0,certain_cold,245.80397033691406,245.80397033691406,POINT (541780.8843172778 8673382.523430927),dronbreen
dronbreen-20220329-DAT_0247_A1_2,775.0,775,130.37554931640625,541782.6085975973,8673387.415547222,375.8778076171875,2022-03-29 14:09:35.500000+00:00,0,2022-05-03,100 MHz,20220329,0.0,129.95867919921875,130.58396911621094,0.5879016689504644,0.6952967788696288,10,2.621006208276102,0.33870697021484375,2.732733716665506,2.7074017669804253,127.31587842059506,133.22676989483463,0.4168701171875,0.0,0.6094212499209,0.7725645446777343,9.0,0.0,2.621006208276102,0.33870697021484375,0.0,0.0,0.0,0.0,0.0,0.0,certain_cold,245.50225830078125,245.50225830078125,POINT (541782.6085975973 8673387.415547222),dronbreen
dronbreen-20220329-DAT_0247_A1_2,780.0,780,130.16709899902344,541784.4801104948,8673392.498340556,375.43609619140625,2022-03-29 14:09:37+00:00,0,2022-05-03,100 MHz,20220329,0.0,129.8544464111328,130.47975158691406,0.5767093017513816,0.6953080902099609,10,2.6168587017125375,0.33870697021484375,2.728758915095317,2.7009749156790246,127.21575888200006,133.11843911604683,0.312652587890625,0.0,0.5989338686579463,0.6180516357421875,9.0,0.0,2.6168587017125375,0.33870697021484375,0.0,0.0,0.0,0.0,0.0,0.0,certain_cold,245.2689971923828,245.2689971923828,POINT (541784.4801104948 8673392.498340556),dronbreen
dronbreen-20220329-DAT_0247_A1_2,785.0,784,130.06289672851562,541785.8283191855,8673396.75844813,375.0794169108073,2022-03-29 14:09:38.333333248+00:00,0,2022-05-03,100 MHz,20220329,0.0,129.64602661132812,130.47975158691406,0.5793196096383524,0.8497983764648437,10,2.6147854294693107,0.22578811645507815,2.758666416285163,2.6876931234441317,127.02151082442622,133.10426737381596,0.4168701171875,0.0,0.6079333714568026,0.6180290130615234,9.0,0.0,2.6147854294693107,0.33870697021484375,0.0,0.0,0.0,0.0,0.0,0.0,certain_cold,245.01652018229169,245.01652018229169,POINT (541785.8283191855 8673396.75844813),dronbreen
dronbreen-20220329-DAT_0247_A1_2,790.0,789,129.95867919921875,541787.313827434,8673401.426035147,374.7014389038086,2022-03-29 14:09:39.750000128+00:00,0,2022-05-03,100 MHz,20220329,0.0,129.5417938232422,130.37554931640625,0.5822330265819535,0.8498209991455078,10,2.6127118707737718,0.22582117716471353,2.7567107672599436,2.686308586328276,126.91934105460398,132.99800208504448,0.4168853759765625,0.0,0.6160719138674248,0.6180742584228516,9.0,0.0,2.610638025674319,0.4516092936197917,0.0,0.0,0.0,0.0,0.0,0.0,certain_cold,244.74275970458984,244.74275970458984,POINT (541787.313827434 8673401.426035147),dronbreen
dronbreen-20220329-DAT_0247_A1_2,795.0,795,129.8544464111328,541789.0376182791,8673406.845419453,374.2719319661458,2022-03-29 14:09:41.333333248+00:00,0,2022-05-03,100 MHz,20220329,0.0,129.3333740234375,130.27133178710938,0.5730324713595066,0.7725645446777343,10,2.610638025674319,0.11291885375976564,2.724892207835796,2.675172477030875,126.72029507923564,132.88441073131125,0.5210723876953125,0.0,0.6071842092109084,0.6180516357421875,9.0,0.0,2.6064912979793506,0.33870697021484375,0.0,0.0,0.0,0.0,0.0,0.0,certain_cold,244.417485555013,244.417485555013,POINT (541789.0376182791 8673406.845419453),dronbreen
dronbreen-20220329-DAT_0247_A1_2,800.0,799,129.8544464111328,541790.5272559504,8673411.482123239,373.9254150390625,2022-03-29 14:09:42.666666752+00:00,0,2022-05-03,100 MHz,20220329,0.0,129.3333740234375,130.16709899902344,0.5746118044426349,0.6953080902099609,10,2.610638025674319,0.0,2.701644728939786,2.6731273121386354,126.72273599776318,132.77773702469776,0.5210723876953125,0.0,0.6094183868054249,0.6180290130615234,9.0,0.0,2.6044175046979996,0.11291885375976564,0.0,0.0,0.0,0.0,0.0,0.0,certain_cold,244.0709686279297,244.0709686279297,POINT (541790.5272559504 8673411.482123239),dronbreen
dronbreen-20220329-DAT_0247_A1_2,805.0,803,129.8544464111328,541791.9824818429,8673415.99369416,373.5978698730469,2022-03-29 14:09:44+00:00,0,2022-05-03,100 MHz,20220329,0.0,129.22915649414062,129.95867919921875,0.5654063602383628,0.6180629470825195,10,2.610638025674319,0.33870697021484375,2.7040996873867567,2.6925522585396218,126.59663805873151,132.59119763462786,0.6252899169921875,0.0,0.5981805615591421,0.6180516357421875,9.0,0.0,2.6044175046979996,0.0,0.0,0.0,0.0,0.0,0.0,0.0,certain_cold,243.74342346191406,243.74342346191406,POINT (541791.9824818429 8673415.99369416),dronbreen
dronbreen-20220329-DAT_0247_A1_2,810.0,808,129.5417938232422,541793.3687879473,8673420.317027403,373.27840314592635,2022-03-29 14:09:45.285714432+00:00,0,2022-05-03,100 MHz,20220329,0.0,129.12493896484375,129.8544464111328,0.549711473376652,0.6953080902099609,10,2.6044175046979996,0.33870697021484375,2.716830191742005,2.683262129276863,126.49858922605239,132.48079614992417,0.4168548583984375,0.0,0.5797356863523545,0.7725871673583984,9.0,0.0,2.6044175046979996,0.33869043986002606,0.0,0.0,0.0,0.0,0.0,0.0,certain_cold,243.73660932268416,243.73660932268416,POINT (541793.3687879473 8673420.317027403),dronbreen
dronbreen-20220329-DAT_0247_A1_2,815.0,813,129.5417938232422,541794.8910775535,8673425.01678422,372.9112330845424,2022-03-29 14:09:46.714285568+00:00,0,2022-05-03,100 MHz,20220329,0.0,129.02072143554688,129.64602661132812,0.5553921589625725,0.5408064926147461,10,2.6044175046979996,0.451592763264974,2.6980359940269354,2.700997410744364,126.37744192656363,132.28930612031135,0.5210723876953125,0.0,0.5849190926692537,0.6180742584228516,9.0,0.0,2.598197443474001,0.6773974100748698,0.0,0.0,0.0,0.0,0.0,0.0,certain_cold,243.36943926130022,243.36943926130022,POINT (541794.8910775535 8673425.01678422),dronbreen
dronbreen-20220329-DAT_0247_A1_2,820.0,818,129.12493896484375,541796.6839394424,8673430.221216025,372.4812927246094,2022-03-29 14:09:48.333333248+00:00,0,2022-05-03,100 MHz,20220329,0.0,128.91650390625,129.5417938232422,0.5648679381924129,0.6180516357421875,10,2.596124023437603,0.6773974100748698,2.7533098301298353,2.7418612262191053,126.23345951670927,132.2248382127829,0.20843505859375,0.0,0.5905620350807432,0.9270774536132812,9.0,0.0,2.591977235965638,0.4516092936197917,0.0,0.0,0.0,0.0,0.0,0.0,certain_cold,243.35635375976562,243.35635375976562,POINT (541796.6839394424 8673430.221216025),dronbreen
dronbreen-20220329-DAT_0247_A1_2,825.0,823,128.91650390625,541798.1916838572,8673434.88950963,372.0779037475586,2022-03-29 14:09:49.750000128+00:00,0,2022-05-03,100 MHz,20220329,0.0,128.60385131835938,129.4375762939453,0.5746125424308941,0.6180516357421875,10,2.591977235965638,0.33870697021484375,2.6860856702420683,2.676424476303242,125.98983746923076,132.05159014307392,0.312652587890625,0.0,0.5966622472284697,0.7725645446777343,9.0,0.0,2.5899038686142917,0.33870697021484375,0.0,0.0,0.0,0.0,0.0,0.0,certain_cold,243.1613998413086,243.1613998413086,POINT (541798.1916838572 8673434.88950963),dronbreen
dronbreen-20220329-DAT_0247_A1_2,830.0,828,128.81228637695312,541799.9981464834,8673440.036768928,371.6262642996652,2022-03-29 14:09:51.285714432+00:00,0,2022-05-03,100 MHz,20220329,0.0,128.4996337890625,129.3333740234375,0.5671067083927739,0.6952967788696288,10,2.5899038686142917,0.22580464680989584,2.69110152129025,2.6608644846906997,125.89990499797982,131.93310281452017,0.312652587890625,0.0,0.5859451150896017,0.7725645446777343,9.0,0.0,2.585757186892434,0.22580464680989584,0.0,0.0,0.0,0.0,0.0,0.0,certain_cold,242.81397792271207,242.81397792271207,POINT (541799.9981464834 8673440.036768928),dronbreen
dronbreen-20220329-DAT_0247_A1_2,835.0,833,128.70806884765625,541801.7431162593,8673444.610535383,371.23570469447543,2022-03-29 14:09:52.714285568+00:00,0,2022-05-03,100 MHz,20220329,0.0,128.4996337890625,129.22915649414062,0.545303027434574,0.6180516357421875,10,2.5878305189090742,0.11290232340494792,2.663006112210604,2.6470680234849944,125.90934157982674,131.81944870337637,0.20843505859375,0.0,0.5525578692594172,0.7725645446777343,9.0,0.0,2.585757186892434,0.0,0.0,0.0,0.0,0.0,0.0,0.0,certain_cold,242.52763584681918,242.52763584681918,POINT (541801.7431162593 8673444.610535383),dronbreen
dronbreen-20220329-DAT_0247_A1_2,840.0,837,128.70806884765625,541803.2121595644,8673448.909868786,370.87176513671875,2022-03-29 14:09:54+00:00,0,2022-05-03,100 MHz,20220329,0.0,128.60385131835938,129.12493896484375,0.5232795054618904,0.6180516357421875,10,2.5878305189090742,0.11290232340494792,2.663006112210604,2.642618998278769,126.01355910912362,131.7152311740795,0.104217529296875,0.0,0.5316872102207382,0.6180516357421875,9.0,0.0,2.585757186892434,0.0,0.0,0.0,0.0,0.0,0.0,0.0,certain_cold,242.1636962890625,242.1636962890625,POINT (541803.2121595644 8673448.909868786),dronbreen
dronbreen-20220329-DAT_0247_A1_2,845.0,841,128.60385131835938,541804.6615098993,8673453.607370734,370.4495035807292,2022-03-29 14:09:55.333333248+00:00,0,2022-05-03,100 MHz,20220329,0.0,128.4996337890625,129.02072143554688,0.5199244762863101,0.6180516357421875,10,2.585757186892434,0.11290232340494792,2.6609913544842088,2.63992587495136,125.91141293986973,131.60894228473964,0.104217529296875,0.0,0.5291269675054739,0.6180516357421875,9.0,0.0,2.585757186892434,0.33870697021484375,0.0,0.0,0.0,0.0,0.0,0.0,certain_cold,241.8456522623698,241.8456522623698,POINT (541804.6615098993 8673453.607370734),dronbreen
dronbreen-20220329-DAT_0247_A1_2,850.0,846,128.60385131835938,541806.0856429592,8673458.397137873,370.01696014404297,2022-03-29 14:09:56.750000128+00:00,0,2022-05-03,100 MHz,20220329,0.0,128.29119873046875,128.91650390625,0.526384617297798,0.5407951812744141,10,2.585757186892434,0.0,2.6417039307340064,2.6387915785248413,125.70544154357631,131.50226109314244,0.312652587890625,0.0,0.5339527194470985,0.4635387268066406,9.0,0.0,2.579537297400495,0.5644950866699219,0.0,0.0,0.0,0.0,0.0,0.0,certain_cold,241.4131088256836,241.4131088256836,POINT (541806.0856429592 8673458.397137873),dronbreen
dronbreen-20220329-DAT_0247_A1_2,855.0,851,128.60385131835938,541807.7232742007,8673463.50371007,369.5480651855469,2022-03-29 14:09:58.333333248+00:00,0,2022-05-03,100 MHz,20220329,0.0,128.08277893066406,128.81228637695312,0.5567992763834372,0.6952967788696288,10,2.585757186892434,0.0,2.677606737419137,2.645026590366719,125.49702174377163,131.39804356384556,0.5210723876953125,0.0,0.5563656659121068,0.7725419219970703,9.0,0.0,2.57539109718127,0.4516092936197917,0.0,0.0,0.0,0.0,0.0,0.0,certain_cold,240.9442138671875,240.9442138671875,POINT (541807.7232742007 8673463.50371007),dronbreen
dronbreen-20220329-DAT_0247_A1_2,860.0,855,128.60385131835938,541809.0968280294,8673467.764634153,369.1700134277344,2022-03-29 14:09:59.666666752+00:00,0,2022-05-03,100 MHz,20220329,0.0,127.87432861328125,128.60385131835938,0.5977753503154752,0.6953080902099609,10,2.585757186892434,0.22580464680989584,2.6871139366238714,2.6635433800731696,125.27873080774843,131.1994491238922,0.729522705078125,0.0,0.5996901518656944,0.9270774536132812,9.0,0.0,2.571244361650401,0.5645281473795573,0.0,0.0,0.0,0.0,0.0,0.0,certain_cold,240.566162109375,240.566162109375,POINT (541809.0968280294 8673467.764634153),dronbreen
dronbreen-20220329-DAT_0247_A1_2,865.0,861,128.39541625976562,541810.7811323878,8673473.524001451,368.66518147786456,2022-03-29 14:10:01.333333248+00:00,0,2022-05-03,100 MHz,20220329,0.0,127.56167602539062,128.70806884765625,0.6968647620504432,0.8498209991455078,10,2.581610576095356,0.4516092936197917,2.755151511492577,2.7118784296643503,124.94086238823685,131.32888248481,0.833740234375,0.0,0.6960850287474565,1.0815903625488281,9.0,0.0,2.5650248490341547,0.4516092936197917,0.0,0.0,0.0,0.0,0.0,0.0,certain_cold,240.26976521809894,240.26976521809894,POINT (541810.7811323878 8673473.524001451),dronbreen
dronbreen-20220329-DAT_0247_A1_2,870.0,865,128.18698120117188,541811.9539096974,8673477.46852086,368.3079833984375,2022-03-29 14:10:02.500000+00:00,0,2022-05-03,100 MHz,20220329,0.0,127.3532485961914,128.70806884765625,0.7290244686956839,1.0043339080810547,10,2.577464036565367,0.4516010284423828,2.8028469361703325,2.716383813939974,124.73652080204123,131.32479664180642,0.8337326049804688,0.0,0.742027318200991,1.0815903625488281,9.0,0.0,2.5629517144326743,0.225796381632487,0.0,0.0,0.0,0.0,0.0,0.0,certain_cold,240.12100219726562,240.12100219726562,POINT (541811.9539096974 8673477.46852086),dronbreen
dronbreen-20220329-DAT_0247_A1_2,875.0,870,127.97855377197266,541813.5000095066,8673482.541237542,367.85662841796875,2022-03-29 14:10:04+00:00,0,2022-05-03,100 MHz,20220329,0.0,127.14480590820312,128.60385131835938,0.7921701980940201,1.0815847068786621,10,2.5733177204197464,0.4516092936197917,2.8276740481292832,2.730100486622858,124.53216068844786,131.21649653811465,0.8337478637695312,0.0,0.8072605859583827,1.236091960144043,9.0,0.0,2.560878749804709,0.22580464680989584,0.0,0.0,0.0,0.0,0.0,0.0,certain_cold,239.8780746459961,239.8780746459961,POINT (541813.5000095066 8673482.541237542),dronbreen
dronbreen-20220329-DAT_0247_A1_2,880.0,875,127.77011108398438,541814.8540669264,8673487.36871385,367.46962193080356,2022-03-29 14:10:05.428571392+00:00,0,2022-05-03,100 MHz,20220329,0.0,126.83216094970703,128.39541625976562,0.809424972011524,0.9270774536132812,10,2.5691711726869197,0.5645198822021485,2.789049267575798,2.752179499466353,124.20170030336256,131.0258769061101,0.9379501342773438,0.0,0.8251871238431655,1.0815903625488281,9.0,0.0,2.5588054999000938,0.2258129119873047,0.0,0.0,0.0,0.0,0.0,0.0,certain_cold,239.69951084681918,239.69951084681918,POINT (541814.8540669264 8673487.36871385),dronbreen
dronbreen-20220329-DAT_0247_A1_2,885.0,880,127.45745849609375,541816.3301809744,8673492.492426636,367.0613708496094,2022-03-29 14:10:07+00:00,0,2022-05-03,100 MHz,20220329,0.0,126.62373352050781,128.08277893066406,0.7909504313218596,0.8498209991455078,10,2.5629517144326743,0.4516010284423828,2.7376743250416533,2.719975655077052,124.02129908725044,130.68521336392143,0.8337249755859375,0.0,0.8012586020267933,1.0815903625488281,9.0,0.0,2.556732420057652,0.11290232340494792,0.0,0.0,0.0,0.0,0.0,0.0,certain_cold,239.60391235351562,239.60391235351562,POINT (541816.3301809744 8673492.492426636),dronbreen
dronbreen-20220329-DAT_0247_A1_2,890.0,884,127.3532485961914,541817.5316395902,8673496.9496106,366.69149017333984,2022-03-29 14:10:08.249999872+00:00,0,2022-05-03,100 MHz,20220329,0.0,126.41529083251953,127.77011108398438,0.7928563112485205,0.7725702003479004,10,2.560878749804709,0.45159276326497394,2.7127293837572926,2.7185763048553993,123.81489932448952,130.3705025920144,0.937957763671875,0.0,0.8068870641878338,0.9270774536132812,9.0,0.0,2.556732420057652,0.11288579305013022,0.0,0.0,0.0,0.0,0.0,0.0,certain_cold,239.33824157714844,239.33824157714844,POINT (541817.5316395902 8673496.9496106),dronbreen
dronbreen-20220329-DAT_0247_A1_2,895.0,889,127.04060363769531,541818.8639232857,8673502.124237455,366.24745686848956,2022-03-29 14:10:09.666666752+00:00,0,2022-05-03,100 MHz,20220329,0.0,126.20686340332031,127.45745849609375,0.7690580900074789,0.9270717979431152,10,2.554659662078689,0.4516010284423828,2.7549394905303637,2.705860274247023,123.6125948208597,130.05172707855436,0.833740234375,0.0,0.7850923846953831,1.081567739868164,9.0,0.0,2.554659662078689,0.22578811645507815,0.0,0.0,0.0,0.0,0.0,0.0,certain_cold,239.20685323079425,239.20685323079425,POINT (541818.8639232857 8673502.124237455),dronbreen
dronbreen-20220329-DAT_0247_A1_2,900.0,893,126.93638610839844,541819.9303739468,8673506.349032568,365.88130841936385,2022-03-29 14:10:10.857143040+00:00,0,2022-05-03,100 MHz,20220329,0.0,125.99842834472656,127.2490234375,0.7693743359697743,0.8497983764648437,10,2.552586618962061,0.33870697021484375,2.7115637812189792,2.68744446041685,123.4234679840654,129.82398379816118,0.937957763671875,0.0,0.7875900197235376,0.9270548309326171,9.0,0.0,2.552586618962061,0.4516092936197917,0.0,0.0,0.0,0.0,0.0,0.0,certain_cold,238.9449223109654,238.9449223109654,POINT (541819.9303739468 8673506.349032568),dronbreen
dronbreen-20220329-DAT_0247_A1_2,905.0,898,126.72795104980469,541821.2013256657,8673511.50181415,365.43174235026044,2022-03-29 14:10:12.333333248+00:00,0,2022-05-03,100 MHz,20220329,0.0,125.78998565673828,126.93638610839844,0.7401960181294235,0.6952967788696288,10,2.5484405880680594,0.5645198822021485,2.7012348544731695,2.7131388231288236,123.17976878292986,129.54660298220685,0.9379653930664062,0.0,0.7607003514362892,0.9270661422729491,9.0,0.0,2.5463676003807914,0.7903162638346355,0.0,0.0,0.0,0.0,0.0,0.0,certain_cold,238.70379130045575,238.70379130045575,POINT (541821.2013256657 8673511.50181415),dronbreen
dronbreen-20220329-DAT_0247_A1_2,910.0,903,126.41529083251953,541822.35369902,8673516.407209486,364.9767150878906,2022-03-29 14:10:13.750000128+00:00,0,2022-05-03,100 MHz,20220329,0.0,125.58155822753906,126.72795104980469,0.710668054405596,0.6180516357421875,10,2.5422215289994297,0.4516092936197917,2.6549631035168,2.6780385247685663,122.99953552109514,129.3099737562486,0.8337326049804688,0.0,0.7332349061576,0.9270887649536133,9.0,0.0,2.538075835754665,0.6774139404296875,0.0,0.0,0.0,0.0,0.0,0.0,certain_cold,238.5614242553711,238.5614242553711,POINT (541822.35369902 8673516.407209486),dronbreen
dronbreen-20220329-DAT_0247_A1_2,915.0,907,126.31108093261719,541823.5278696559,8673520.817026852,364.5456848144531,2022-03-29 14:10:15+00:00,0,2022-05-03,100 MHz,20220329,0.0,125.47733306884766,126.51951599121094,0.6899013392732389,0.5407951812744141,10,2.5401487489016206,0.6774139404296875,2.6839718220064404,2.7179420838505655,122.84840832415927,129.14844073589933,0.8337478637695312,0.0,0.7115154513096631,0.6180516357421875,9.0,0.0,2.53393006575487,0.5645116170247396,0.0,0.0,0.0,0.0,0.0,0.0,certain_cold,238.23460388183594,238.23460388183594,POINT (541823.5278696559 8673520.817026852),dronbreen
dronbreen-20220329-DAT_0247_A1_2,920.0,912,125.78998565673828,541825.2496700499,8673526.48010421,363.9911150251116,2022-03-29 14:10:16.571428608+00:00,0,2022-05-03,100 MHz,20220329,0.0,125.26890563964844,126.20686340332031,0.6414074060548033,0.6180572914123534,10,2.529784219377014,1.0161209106445312,2.795407790846626,2.8006630218932074,122.54267932812219,128.93308971484657,0.5210800170898438,0.0,0.6531533358679212,0.7725532333374023,9.0,0.0,2.5277115521829345,1.0161209106445312,0.0,0.0,0.0,0.0,0.0,0.0,certain_cold,238.2011293683733,238.2011293683733,POINT (541825.2496700499 8673526.48010421),dronbreen
dronbreen-20220329-DAT_0247_A1_2,925.0,916,125.37312316894531,541826.5415069534,8673530.667612383,363.5915091378348,2022-03-29 14:10:17.714285568+00:00,0,2022-05-03,100 MHz,20220329,0.0,125.06047058105469,125.89421081542969,0.6537042049850623,0.7725588890075683,10,2.5214932094404325,0.7903079986572266,2.753064106587497,2.722102849932558,122.41802574000393,128.53665565648046,0.312652587890625,0.0,0.6570652605979223,0.7725645446777343,9.0,0.0,2.515275038794354,0.7903162638346355,0.0,0.0,0.0,0.0,0.0,0.0,certain_cold,238.2183859688895,238.2183859688895,POINT (541826.5415069534 8673530.667612383),dronbreen
dronbreen-20220329-DAT_0247_A1_2,930.0,920,125.06047058105469,541827.8580370699,8673535.46735193,363.1602478027344,2022-03-29 14:10:19+00:00,0,2022-05-03,100 MHz,20220329,0.0,124.53939056396484,125.68577575683594,0.6594915384106509,0.8498153434753417,10,2.515275038794354,0.6774222056070964,2.7400174239295696,2.687087355235547,121.93448953601167,128.29067678478913,0.5210800170898438,0.0,0.6538402705477186,0.7725532333374023,9.0,0.0,2.5132023537100974,0.4516010284423828,0.0,0.0,0.0,0.0,0.0,0.0,certain_cold,238.0997772216797,238.0997772216797,POINT (541827.8580370699 8673535.46735193),dronbreen
dronbreen-20220329-DAT_0247_A1_2,935.0,924,124.74781036376953,541829.2102182907,8673540.409990283,362.7069803873698,2022-03-29 14:10:20.333333248+00:00,0,2022-05-03,100 MHz,20220329,0.0,124.33096313476562,125.47733306884766,0.631062459215358,0.8497983764648437,10,2.5090568897938526,0.5645033518473308,2.708539789464271,2.6480691716607043,121.75918738434163,128.04910881927165,0.41684722900390625,0.0,0.6405532117815135,0.6180177017211914,9.0,0.0,2.5069845662473966,0.6773974100748698,0.0,0.0,0.0,0.0,0.0,0.0,certain_cold,237.95917002360028,237.95917002360028,POINT (541829.2102182907 8673540.409990283),dronbreen
dronbreen-20220329-DAT_0247_A1_2,940.0,929,124.53939056396484,541830.734334437,8673545.466539064,362.2303695678711,2022-03-29 14:10:21.750000128+00:00,0,2022-05-03,100 MHz,20220329,0.0,124.12252044677734,124.85203552246094,0.6076826023625559,0.6953024345397949,10,2.504911958695856,0.5644950866699219,2.6602037702343324,2.6386581379379406,121.554790199323,127.41976576991529,0.4168701171875,0.0,0.6398470245690981,0.7725532333374023,9.0,0.0,2.5007669538778257,0.6774056752522787,0.0,0.0,0.0,0.0,0.0,0.0,certain_cold,237.69097900390625,237.69097900390625,POINT (541830.734334437 8673545.466539064),dronbreen
dronbreen-20220329-DAT_0247_A1_2,945.0,933,124.22673797607422,541832.0466690125,8673549.741093844,361.82421875,2022-03-29 14:10:23+00:00,0,2022-05-03,100 MHz,20220329,0.0,123.9140853881836,124.53939056396484,0.6120370765372706,0.6953080902099609,10,2.498694253259186,0.6774139404296875,2.680637229889636,2.6602541233903287,121.32519322782639,127.12828272432205,0.312652587890625,0.0,0.6468819897528222,0.6180516357421875,9.0,0.0,2.494549366190305,0.5645198822021485,0.0,0.0,0.0,0.0,0.0,0.0,certain_cold,237.59748077392578,237.59748077392578,POINT (541832.0466690125 8673549.741093844),dronbreen
dronbreen-20220329-DAT_0247_A1_2,950.0,938,123.9140853881836,541833.6001415441,8673555.186262704,361.3258514404297,2022-03-29 14:10:24.500000+00:00,0,2022-05-03,100 MHz,20220329,0.0,123.70565795898438,124.22673797607422,0.6005922607689472,0.6180459800720215,10,2.492476724672875,0.7903162638346355,2.6868235620153302,2.682862479444877,121.09088454243036,126.84151139262823,0.20842742919921875,0.0,0.6360644710973958,0.4635387268066406,9.0,0.0,2.4904042546731238,0.5645198822021485,0.0,0.0,0.0,0.0,0.0,0.0,certain_cold,237.4117660522461,237.4117660522461,POINT (541833.6001415441 8673555.186262704),dronbreen
dronbreen-20220329-DAT_0247_A1_2,955.0,943,123.4972152709961,541835.0428745727,8673559.883599102,360.88819122314453,2022-03-29 14:10:25.750000128+00:00,0,2022-05-03,100 MHz,20220329,0.0,123.39300537109375,123.9140853881836,0.634500748932601,0.540789525604248,10,2.484186963953458,0.6774139404296875,2.6310697120312194,2.6519173665408218,120.81811226291144,126.4889784963659,0.10420989990234375,0.0,0.6722720206965022,0.6180516357421875,9.0,0.0,2.484186963953458,0.6774139404296875,0.0,0.0,0.0,0.0,0.0,0.0,certain_cold,237.39097595214844,237.39097595214844,POINT (541835.0428745727 8673559.883599102),dronbreen
dronbreen-20220329-DAT_0247_A1_2,960.0,947,123.28878021240234,541836.4855970641,8673564.580936419,360.428955078125,2022-03-29 14:10:27+00:00,0,2022-05-03,100 MHz,20220329,0.0,123.18456268310547,123.60143280029297,0.642534917793535,0.4635387268066406,10,2.480042203371713,0.4516092936197917,2.5630896269615913,2.6014248797865624,120.6637373649629,126.12225811843554,0.104217529296875,0.0,0.6814115871594567,0.4635387268066406,9.0,0.0,2.477969853200635,0.5645033518473307,0.0,0.0,0.0,0.0,0.0,0.0,certain_cold,237.14017486572266,237.14017486572266,POINT (541836.4855970641 8673564.580936419),dronbreen
dronbreen-20220329-DAT_0247_A1_2,965.0,951,123.0803451538086,541837.9760358268,8673569.58992291,359.93149820963544,2022-03-29 14:10:28.333333248+00:00,0,2022-05-03,100 MHz,20220329,0.0,122.97613525390625,123.39300537109375,0.661410540769276,0.38628792800903317,10,2.4758975231766485,0.4516092936197917,2.5462203091408924,2.602207409642194,120.45938745181006,125.90975317318994,0.10420989990234375,0.0,0.7012629377835686,0.30902581787109373,9.0,0.0,2.473825365056074,0.4516092936197917,0.0,0.0,0.0,0.0,0.0,0.0,certain_cold,236.85115305582684,236.85115305582684,POINT (541837.9760358268 8673569.58992291),dronbreen
dronbreen-20220329-DAT_0247_A1_2,970.0,955,122.87191009521484,541839.2194476943,8673573.924373632,359.4964599609375,2022-03-29 14:10:29.500000+00:00,0,2022-05-03,100 MHz,20220329,0.0,122.76769256591797,123.0803451538086,0.6665011691588205,0.30902581787109373,10,2.4717529237726463,0.4516010284423828,2.5316008692484964,2.5995633890249565,120.25502346612213,125.59301425360444,0.104217529296875,0.0,0.7068351895964103,0.3090145065307617,9.0,0.0,2.4696806544944025,0.45161755879720056,0.0,0.0,0.0,0.0,0.0,0.0,certain_cold,236.62454986572266,236.62454986572266,POINT (541839.2194476943 8673573.924373632),dronbreen
dronbreen-20220329-DAT_0247_A1_2,975.0,960,122.66348266601562,541840.6083796525,8673578.503731146,359.0446472167969,2022-03-29 14:10:30.750000128+00:00,0,2022-05-03,100 MHz,20220329,0.0,122.45503997802734,122.76769256591797,0.6916455933543484,0.4635330711364746,10,2.4676085572680213,0.5644950866699219,2.5734431415545322,2.6241418257371945,119.92368723793425,125.29904530601107,0.20844268798828125,0.0,0.7332306589504566,0.46352741546630855,9.0,0.0,2.465536177041141,0.451592763264974,0.0,0.0,0.0,0.0,0.0,0.0,certain_cold,236.38116455078125,236.38116455078125,POINT (541840.6083796525 8673578.503731146),dronbreen
dronbreen-20220329-DAT_0247_A1_2,980.0,964,122.35083770751953,541841.9886176123,8673583.361964772,358.57122802734375,2022-03-29 14:10:32+00:00,0,2022-05-03,100 MHz,20220329,0.0,122.24662017822266,122.55925750732422,0.6846308945897139,0.38627661666870117,10,2.4613920847952513,0.5645116170247396,2.554669055951009,2.6164563483221563,119.721323292538,125.08455439300887,0.104217529296875,0.0,0.7259944640264158,0.3090371292114258,9.0,0.0,2.4613920847952513,0.5644950866699219,0.0,0.0,0.0,0.0,0.0,0.0,certain_cold,236.22039031982422,236.22039031982422,POINT (541841.9886176123 8673583.361964772),dronbreen
dronbreen-20220329-DAT_0247_A1_2,985.0,968,122.14239501953125,541843.5319416141,8673588.31057341,358.0799865722656,2022-03-29 14:10:33.333333248+00:00,0,2022-05-03,100 MHz,20220329,0.0,122.0381851196289,122.35083770751953,0.6772777844663151,0.38628792800903317,10,2.457247619684041,0.5645198822021485,2.550679698662677,2.6106424035428546,119.51692579900272,124.87209702814572,0.10420989990234375,0.0,0.7178469887938739,0.4635387268066406,9.0,0.0,2.45517564563457,0.6774222056070964,0.0,0.0,0.0,0.0,0.0,0.0,certain_cold,235.93759155273438,235.93759155273438,POINT (541843.5319416141 8673588.31057341),dronbreen
dronbreen-20220329-DAT_0247_A1_2,990.0,973,121.82974243164062,541845.2141612249,8673593.511638928,357.5582962036133,2022-03-29 14:10:34.750000128+00:00,0,2022-05-03,100 MHz,20220329,0.0,121.6213150024414,122.14239501953125,0.6703814912917654,0.4635387268066406,10,2.4510313046519743,0.5645033518473307,2.5575548169844478,2.603004002013328,119.10611749714866,124.657592524824,0.20842742919921875,0.0,0.7106650708602885,0.4635387268066406,9.0,0.0,2.4489592412084864,0.5645198822021485,0.0,0.0,0.0,0.0,0.0,0.0,certain_cold,235.72855377197266,235.72855377197266,POINT (541845.2141612249 8673593.511638928),dronbreen
dronbreen-20220329-DAT_0247_A1_2,995.0,977,121.6213150024414,541846.6730315612,8673598.302541532,357.0715637207031,2022-03-29 14:10:36+00:00,0,2022-05-03,100 MHz,20220329,0.0,121.30866241455078,121.93396759033203,0.6860409322263941,0.5407951812744141,10,2.4468873503226973,0.4516092936197917,2.54630479073944,2.5810580814741573,118.82044846489673,124.42218153998608,0.312652587890625,0.0,0.726619088875909,0.6180516357421875,9.0,0.0,2.444815176989378,0.4516010284423828,0.0,0.0,0.0,0.0,0.0,0.0,certain_cold,235.45024871826172,235.45024871826172,POINT (541846.6730315612 8673598.302541532),dronbreen
dronbreen-20220329-DAT_0247_A1_2,1000.0,981,121.41287231445312,541848.1414589473,8673603.093743032,356.5763397216797,2022-03-29 14:10:37.249999872+00:00,0,2022-05-03,100 MHz,20220329,0.0,120.99600982666016,121.51708984375,0.6826036464623644,0.6180403244018554,10,2.442743176320073,0.6774139404296875,2.60918717510521,2.625229820474861,118.46107711115334,124.05202255925681,0.41686248779296875,0.0,0.7239167213070009,0.6180403244018554,9.0,0.0,2.4406713483635967,0.5645033518473307,0.0,0.0,0.0,0.0,0.0,0.0,certain_cold,235.16346740722656,235.16346740722656,POINT (541848.1414589473 8673603.093743032),dronbreen
dronbreen-20220329-DAT_0247_A1_2,1005.0,985,120.99600982666016,541849.4516381788,8673607.228679888,356.1273498535156,2022-03-29 14:10:38.333333248+00:00,0,2022-05-03,100 MHz,20220329,0.0,120.68335723876953,121.1002197265625,0.6624141247588413,0.540789525604248,10,2.43445553617011,0.9032103220621746,2.6523227470412083,2.6797677354854796,118.08675125335917,123.69682571197286,0.312652587890625,0.0,0.7025533149312588,0.4635387268066406,9.0,0.0,2.43445553617011,0.7903162638346355,0.0,0.0,0.0,0.0,0.0,0.0,certain_cold,235.13134002685547,235.13134002685547,POINT (541849.4516381788 8673607.228679888),dronbreen
dronbreen-20220329-DAT_0247_A1_2,1010.0,989,120.57913970947266,541850.8299146293,8673611.737932242,355.6402587890625,2022-03-29 14:10:39.500000+00:00,0,2022-05-03,100 MHz,20220329,0.0,120.47491455078125,120.89179229736328,0.6507436697538422,0.38628227233886714,10,2.42616808429066,0.9032268524169923,2.617503450634019,2.669377763427727,117.8860711178642,123.48063573028033,0.10422515869140625,0.0,0.6902069518529296,0.4635387268066406,9.0,0.0,2.42616808429066,1.0161291758219402,0.0,0.0,0.0,0.0,0.0,0.0,certain_cold,235.06111907958984,235.06111907958984,POINT (541850.8299146293 8673611.737932242),dronbreen
dronbreen-20220329-DAT_0247_A1_2,1015.0,994,120.16226196289062,541852.6069342822,8673617.376187095,355.0436096191406,2022-03-29 14:10:41+00:00,0,2022-05-03,100 MHz,20220329,0.0,120.05804443359375,120.57913970947266,0.6550866235815087,0.4635330711364746,10,2.4178808241961267,0.5645198822021485,2.5258054726075168,2.567872438773447,117.57513678782502,123.06204735524139,0.104217529296875,0.0,0.6947808742763399,0.6180629470825195,9.0,0.0,2.415809101168283,0.7903079986572267,0.0,0.0,0.0,0.0,0.0,0.0,certain_cold,234.88134765625,234.88134765625,POINT (541852.6069342822 8673617.376187095),dronbreen
dronbreen-20220329-DAT_0247_A1_2,1020.0,997,120.05804443359375,541853.7724759436,8673621.134430395,354.66725158691406,2022-03-29 14:10:42+00:00,0,2022-05-03,100 MHz,20220329,0.0,119.74539184570312,120.3707046508789,0.6599496472646201,0.4635443824768066,10,2.415809101168283,0.4516092936197917,2.500991395806287,2.544723581117598,117.28773349528676,122.82836300129527,0.312652587890625,0.0,0.698677183585937,0.46355003814697265,9.0,0.0,2.411666023715567,0.451592763264974,0.0,0.0,0.0,0.0,0.0,0.0,certain_cold,234.6092071533203,234.6092071533203,POINT (541853.7724759436 8673621.134430395),dronbreen
dronbreen-20220329-DAT_0247_A1_2,1025.0,1001,119.74539184570312,541855.3093336466,8673626.082854122,354.1707051595052,2022-03-29 14:10:43.333333248+00:00,0,2022-05-03,100 MHz,20220329,0.0,119.43275451660156,120.05804443359375,0.6635961304264939,0.540783869934082,10,2.4095940627650116,0.9032020568847656,2.629517959028641,2.65749455826165,116.85944584819948,122.63135310199583,0.3126373291015625,0.0,0.7025519788560028,0.6180290130615234,9.0,0.0,2.4075227303573126,0.6774139404296875,0.0,0.0,0.0,0.0,0.0,0.0,certain_cold,234.42531331380206,234.42531331380206,POINT (541855.3093336466 8673626.082854122),dronbreen
dronbreen-20220329-DAT_0247_A1_2,1030.0,1005,119.22431945800781,541856.7397330616,8673630.965931453,353.6614074707031,2022-03-29 14:10:44.666666752+00:00,0,2022-05-03,100 MHz,20220329,0.0,119.12010192871094,119.74539184570312,0.6594917259666354,0.6180403244018554,10,2.3992364077118453,1.1289984385172527,2.722672704687654,2.732380308610587,116.46850376642004,122.39699000799402,0.104217529296875,0.0,0.6921692301128425,0.6180516357421875,9.0,0.0,2.3992364077118453,1.0161126454671223,0.0,0.0,0.0,0.0,0.0,0.0,certain_cold,234.4370880126953,234.4370880126953,POINT (541856.7397330616 8673630.965931453),dronbreen
dronbreen-20220329-DAT_0247_A1_2,1035.0,1010,118.70323944091797,541858.2624668359,8673636.162048426,353.10198974609375,2022-03-29 14:10:46+00:00,0,2022-05-03,100 MHz,20220329,0.0,118.59901428222656,119.32853698730469,0.7240416482748995,0.695313745880127,10,2.38887915590286,1.0161209106445312,2.687509354730898,2.695084717591057,116.00300863382049,121.92454263571076,0.10422515869140625,0.0,0.7487062413354924,0.7725532333374023,9.0,0.0,2.38887915590286,1.0161209106445312,0.0,0.0,0.0,0.0,0.0,0.0,certain_cold,234.39875030517578,234.39875030517578,POINT (541858.2624668359 8673636.162048426),dronbreen
dronbreen-20220329-DAT_0247_A1_2,1040.0,1015,118.28636169433594,541859.9292945303,8673641.238592234,352.5529378255208,2022-03-29 14:10:47.333333248+00:00,0,2022-05-03,100 MHz,20220329,0.0,117.86949157714844,118.80744934082031,0.7721134652811126,0.9270831092834472,10,2.380593485909198,0.6774304707845054,2.6430324400996836,2.5927392061618986,115.39438806660577,121.28255285136298,0.4168701171875,0.0,0.7850941148248367,0.7725532333374023,9.0,0.0,2.380593485909198,0.6774304707845054,0.0,0.0,0.0,0.0,0.0,0.0,certain_cold,234.26657613118488,234.26657613118488,POINT (541859.9292945303 8673641.238592234),dronbreen
dronbreen-20220329-DAT_0247_A1_2,1045.0,1018,118.07791900634766,541861.1336261162,8673645.18414793,352.12952677408856,2022-03-29 14:10:48.333333248+00:00,0,2022-05-03,100 MHz,20220329,0.0,117.55684661865234,118.59901428222656,0.8747759116969807,1.0815903625488281,10,2.376450711196813,0.5645116170247396,2.6713346965257334,2.594498842587718,115.11426778706804,121.04159311381086,0.41684722900390625,0.0,0.8700371441914339,0.9270774536132812,9.0,0.0,2.376450711196813,0.5645116170247396,0.0,0.0,0.0,0.0,0.0,0.0,certain_cold,234.0516077677409,234.0516077677409,POINT (541861.1336261162 8673645.18414793),dronbreen
dronbreen-20220329-DAT_0247_A1_2,1050.0,1022,117.76527404785156,541862.6543918859,8673650.442242244,351.55897013346356,2022-03-29 14:10:49.666666752+00:00,0,2022-05-03,100 MHz,20220329,0.0,117.13997650146484,118.18214416503906,0.9913691200622498,1.0815847068786621,10,2.370237099664553,0.6774056752522787,2.691974709324742,2.6570124368740218,114.67483911026527,120.64728155623864,0.4168548583984375,0.0,0.9708270537903271,0.9270774536132812,9.0,0.0,2.370237099664553,0.6774056752522787,0.0,0.0,0.0,0.0,0.0,0.0,certain_cold,233.793696085612,233.793696085612,POINT (541862.6543918859 8673650.442242244),dronbreen
dronbreen-20220329-DAT_0247_A1_2,1055.0,1027,117.45262145996094,541864.1681885117,8673655.51402531,351.0050048828125,2022-03-29 14:10:51+00:00,0,2022-05-03,100 MHz,20220329,0.0,116.72310638427734,117.86949157714844,0.9818932452180236,1.0815847068786621,10,2.3640235436912955,0.6774056752522787,2.686505395889714,2.647942618146309,114.26394275328596,120.32865520813982,0.41686248779296875,0.0,0.9515270128321875,1.081579051208496,9.0,0.0,2.3640235436912955,0.6774056752522787,0.0,0.0,0.0,0.0,0.0,0.0,certain_cold,233.55238342285156,233.55238342285156,POINT (541864.1681885117 8673655.51402531),dronbreen
dronbreen-20220329-DAT_0247_A1_2,1060.0,1030,117.13997650146484,541865.3087445465,8673659.457598493,350.5831298828125,2022-03-29 14:10:52+00:00,0,2022-05-03,100 MHz,20220329,0.0,116.5146713256836,117.66107177734375,0.9801091746199747,1.0815847068786621,10,2.357810348163205,0.6774056752522787,2.68103964254975,2.6417346726996898,114.06147991717722,120.11426318585012,0.312652587890625,0.0,0.94771377664839,1.0815903625488281,9.0,0.0,2.357810348163205,0.6774056752522787,0.0,0.0,0.0,0.0,0.0,0.0,certain_cold,233.44315338134766,233.44315338134766,POINT (541865.3087445465 8673659.457598493),dronbreen
dronbreen-20220329-DAT_0247_A1_2,1065.0,1034,116.82732391357422,541866.8657910964,8673664.778861426,350.02879842122394,2022-03-29 14:10:53.333333248+00:00,0,2022-05-03,100 MHz,20220329,0.0,116.30624389648438,117.34841918945312,0.954468987709651,1.0043339080810547,10,2.3515972114975128,0.6774139404296875,2.6452950101515555,2.626768002757541,113.85902116616101,119.79564191977649,0.312652587890625,0.0,0.915983355372185,0.9270774536132812,9.0,0.0,2.3515972114975128,0.6774139404296875,0.0,0.0,0.0,0.0,0.0,0.0,certain_cold,233.20147450764972,233.20147450764972,POINT (541866.8657910964 8673664.778861426),dronbreen
dronbreen-20220329-DAT_0247_A1_2,1070.0,1038,116.5146713256836,541868.1638683662,8673669.502749642,349.53184509277344,2022-03-29 14:10:54.500000+00:00,0,2022-05-03,100 MHz,20220329,0.0,116.0978012084961,117.13997650146484,0.937375394155904,0.8498266548156738,10,2.345384286988559,0.6774139404296875,2.58494147778562,2.6150314969250834,113.65654802614459,119.58122968381635,0.312652587890625,0.0,0.9032161541557776,0.9270774536132812,9.0,0.0,2.345384286988559,0.6774139404296875,0.0,0.0,0.0,0.0,0.0,0.0,certain_cold,233.01717376708984,233.01717376708984,POINT (541868.1638683662 8673669.502749642),dronbreen
dronbreen-20220329-DAT_0247_A1_2,1075.0,1043,116.20201873779297,541869.5178152915,8673674.429985534,349.00301361083984,2022-03-29 14:10:55.750000128+00:00,0,2022-05-03,100 MHz,20220329,0.0,115.78514862060547,116.82732391357422,0.8955005619010805,0.7725645446777343,10,2.339171576326832,0.6774056752522787,2.554889055918567,2.594710652216255,113.34986586241098,119.26260667176871,0.4168701171875,0.0,0.8578157482980465,0.9270774536132812,9.0,0.0,2.339171576326832,0.6774056752522787,0.0,0.0,0.0,0.0,0.0,0.0,certain_cold,232.80099487304688,232.80099487304688,POINT (541869.5178152915 8673674.429985534),dronbreen
dronbreen-20220329-DAT_0247_A1_2,1080.0,1047,115.88937377929688,541870.9673717933,8673679.360202676,348.4563293457031,2022-03-29 14:10:57+00:00,0,2022-05-03,100 MHz,20220329,0.0,115.57672119140625,116.5146713256836,0.8633185077571653,0.6953024345397949,10,2.3329592328163455,0.6774056752522787,2.526860246694303,2.578157496485249,113.1474049849714,118.94398753211844,0.312652587890625,0.0,0.8430932400249777,0.9270661422729491,9.0,0.0,2.3329592328163455,0.6774056752522787,0.0,0.0,0.0,0.0,0.0,0.0,certain_cold,232.56695556640625,232.56695556640625,POINT (541870.9673717933 8673679.360202676),dronbreen
dronbreen-20220329-DAT_0247_A1_2,1085.0,1051,115.57672119140625,541872.3834475707,8673684.28937866,347.8990936279297,2022-03-29 14:10:58.249999872+00:00,0,2022-05-03,100 MHz,20220329,0.0,115.26407623291016,116.20201873779297,0.8568683882199553,0.6953080902099609,10,2.326746954987246,0.7903245290120443,2.5537849545355136,2.602419583470582,112.80676789782062,118.6593270728825,0.20844268798828125,0.0,0.845240081154957,0.9270887649536133,9.0,0.0,2.326746954987246,0.6774056752522787,0.0,0.0,0.0,0.0,0.0,0.0,certain_cold,232.32237243652344,232.32237243652344,POINT (541872.3834475707 8673684.28937866),dronbreen
dronbreen-20220329-DAT_0247_A1_2,1090.0,1055,115.15984344482422,541873.5794878093,8673688.498327367,347.43102010091144,2022-03-29 14:10:59.333333248+00:00,0,2022-05-03,100 MHz,20220329,0.0,114.95142364501953,115.88937377929688,0.8194028059282135,0.6180516357421875,11,2.3184641073121166,0.7903079986572267,2.52623244656539,2.5828827902170066,112.50196195933508,118.33883546498133,0.0,0.0,0.8530542130716919,0.9270774536132812,9.0,0.0,2.320535047770331,0.7903079986572266,0.0,0.0,0.0,0.0,0.0,0.0,certain_cold,232.27117665608722,232.27117665608722,POINT (541873.5794878093 8673688.498327367),dronbreen
dronbreen-20220329-DAT_0247_A1_2,1095.0,1060,114.84720611572266,541875.2540181052,8673694.142288294,346.81239100864957,2022-03-29 14:11:00.857143040+00:00,0,2022-05-03,100 MHz,20220329,0.0,114.6387710571289,115.47249603271484,0.8289837406743467,0.4635387268066406,11,2.3122526464543,0.6773974100748698,2.4536193069546415,2.5480568271750705,112.22933553148995,117.8819315583538,0.0,0.0,0.8606213663474248,0.9270548309326171,9.0,0.0,2.3122526464543,0.6774139404296875,0.0,0.0,0.0,0.0,0.0,0.0,certain_cold,231.9651848929269,231.9651848929269,POINT (541875.2540181052 8673694.142288294),dronbreen
dronbreen-20220329-DAT_0247_A1_2,1100.0,1064,114.53455352783203,541876.5017975627,8673698.328482194,346.3491516113281,2022-03-29 14:11:02+00:00,0,2022-05-03,100 MHz,20220329,0.0,114.32611846923828,115.26407623291016,0.8250440243601217,0.6180290130615234,11,2.3060411056023975,0.6774139404296875,2.4816678037969155,2.541144008030389,111.92263865292685,117.66755604922159,0.0,0.0,0.8537581366457188,0.7725419219970703,9.0,0.0,2.308111594311576,0.45161755879720056,0.0,0.0,0.0,0.0,0.0,0.0,certain_cold,231.8145980834961,231.8145980834961,POINT (541876.5017975627 8673698.328482194),dronbreen
dronbreen-20220329-DAT_0247_A1_2,1105.0,1068,114.2219009399414,541877.9021819707,8673702.83845765,345.8684768676758,2022-03-29 14:11:03.249999872+00:00,0,2022-05-03,100 MHz,20220329,0.0,114.01346588134766,115.05562591552734,0.8543243945351132,0.6180403244018554,11,2.299829789730865,0.6774139404296875,2.4758999476975525,2.5451870028584893,111.61594493077767,117.45314686609733,0.0,0.0,0.8889041277420688,0.7725532333374023,9.0,0.0,2.303970490320512,0.5645116170247396,0.0,0.0,0.0,0.0,0.0,0.0,certain_cold,231.64657592773438,231.64657592773438,POINT (541877.9021819707 8673702.83845765),dronbreen
dronbreen-20220329-DAT_0247_A1_2,1110.0,1073,113.90924835205078,541879.5221879842,8673708.285766596,345.3212178548177,2022-03-29 14:11:04.666666752+00:00,0,2022-05-03,100 MHz,20220329,0.0,113.7008056640625,114.74298095703125,0.8720560019311486,0.6180629470825195,11,2.2936187006675004,0.5645198822021485,2.441591949529964,2.5179060967314366,111.33873677398897,117.10504984710478,0.104217529296875,0.0,0.9159842595679986,0.7725645446777343,9.0,0.0,2.297759401418007,0.5645033518473307,0.0,0.0,0.0,0.0,0.0,0.0,certain_cold,231.4119695027669,231.4119695027669,POINT (541879.5221879842 8673708.285766596),dronbreen
dronbreen-20220329-DAT_0247_A1_2,1115.0,1076,113.7008056640625,541880.6626448984,8673712.229352916,344.9305114746094,2022-03-29 14:11:05.666666752+00:00,0,2022-05-03,100 MHz,20220329,0.0,113.59659576416016,114.53455352783203,0.857901449347926,0.4635387268066406,11,2.2894779499839615,0.5645198822021485,2.403177091292652,2.509260225177445,111.23854742265732,116.89260186933487,0.10420989990234375,0.0,0.9085431997376724,0.7725645446777343,9.0,0.0,2.2936187006675004,0.5645116170247396,0.0,0.0,0.0,0.0,0.0,0.0,certain_cold,231.22970581054688,231.22970581054688,POINT (541880.6626448984 8673712.229352916),dronbreen
dronbreen-20220329-DAT_0247_A1_2,1120.0,1081,113.38815307617188,541882.255426899,8673718.154351791,344.318359375,2022-03-29 14:11:07.142856960+00:00,0,2022-05-03,100 MHz,20220329,0.0,113.38815307617188,114.2219009399414,0.8687676533024445,0.6180516357421875,11,2.2832672430554757,0.5645033518473307,2.4318637219015002,2.5073353530953257,111.0361383361124,116.57391568000088,0.0,0.0,0.9292292837337032,0.7725758560180663,9.0,0.0,2.2874078402598874,0.6774139404296875,0.0,0.0,0.0,0.0,0.0,0.0,certain_cold,230.93020629882812,230.93020629882812,POINT (541882.255426899 8673718.154351791),dronbreen
dronbreen-20220329-DAT_0247_A1_2,1125.0,1085,113.17972564697266,541883.5832907817,8673722.927926457,343.8184305826823,2022-03-29 14:11:08.333333248+00:00,0,2022-05-03,100 MHz,20220329,0.0,113.17972564697266,113.90924835205078,0.8573243713922896,0.6180516357421875,11,2.2791270519673974,0.33870697021484375,2.38560901136907,2.458484819653134,110.8755679851184,116.21340601390504,0.0,0.0,0.9220561673151338,0.9270774536132812,9.0,0.0,2.281197210375663,0.4516092936197917,0.0,0.0,0.0,0.0,0.0,0.0,certain_cold,230.63870493570965,230.63870493570965,POINT (541883.5832907817 8673722.927926457),dronbreen
dronbreen-20220329-DAT_0247_A1_2,1130.0,1088,113.07550048828125,541884.8384610808,8673726.875093356,343.40651448567706,2022-03-29 14:11:09.333333248+00:00,0,2022-05-03,100 MHz,20220329,0.0,112.97130584716797,113.7008056640625,0.8540904023800524,0.7725419219970703,11,2.27705676790679,0.22578811645507815,2.415116729900519,2.4424246586619964,110.68308212606847,115.989029385162,0.0,0.0,0.9215624830303745,0.7725758560180663,9.0,0.0,2.2791270519673974,0.33869043986002606,0.0,0.0,0.0,0.0,0.0,0.0,certain_cold,230.33101399739581,230.33101399739581,POINT (541884.8384610808 8673726.875093356),dronbreen
dronbreen-20220329-DAT_0247_A1_2,1135.0,1092,112.97130584716797,541886.3845202287,8673732.134009637,342.8765462239583,2022-03-29 14:11:10.666666752+00:00,0,2022-05-03,100 MHz,20220329,0.0,112.76284790039062,113.49237823486328,0.874543441623606,0.7725419219970703,11,2.2749871159911534,0.33870697021484375,2.4263367059913166,2.460714331425882,110.46278512090007,115.79244101435384,0.1042327880859375,0.0,0.9524764090101541,0.7725532333374023,9.0,0.0,2.2749871159911534,0.45161755879720056,0.0,0.0,0.0,0.0,0.0,0.0,certain_cold,229.90524037679035,229.90524037679035,POINT (541886.3845202287 8673732.134009637),dronbreen
dronbreen-20220329-DAT_0247_A1_2,1140.0,1097,112.76284790039062,541887.885367961,8673737.20542217,342.3832092285156,2022-03-29 14:11:12+00:00,0,2022-05-03,100 MHz,20220329,0.0,112.55442810058594,113.17972564697266,0.8624935969354884,0.6180629470825195,11,2.270846526439568,0.33870697021484375,2.377702286845664,2.452623404248905,110.2584606882922,115.47569305926639,0.2084197998046875,0.0,0.946280862410656,0.6180629470825195,9.0,0.0,2.270846526439568,0.33870697021484375,0.0,0.0,0.0,0.0,0.0,0.0,certain_cold,229.620361328125,229.620361328125,POINT (541887.885367961 8673737.20542217),dronbreen
dronbreen-20220329-DAT_0247_A1_2,1145.0,1101,112.65865325927734,541889.5156218712,8673742.218838293,341.906494140625,2022-03-29 14:11:13.333333248+00:00,0,2022-05-03,100 MHz,20220329,0.0,112.34600067138672,112.97130584716797,0.8549035652087945,0.4635387268066406,11,2.268776952826706,0.5644950866699219,2.38345793245898,2.489350049783843,110.00805209099576,115.30925442755893,0.312652587890625,0.0,0.9408447904705733,0.6180629470825195,9.0,0.0,2.268776952826706,0.5644950866699219,0.0,0.0,0.0,0.0,0.0,0.0,certain_cold,229.24784088134766,229.24784088134766,POINT (541889.5156218712 8673742.218838293),dronbreen
dronbreen-20220329-DAT_0247_A1_2,1150.0,1105,112.24177551269531,541890.9583081384,8673746.699133541,341.4911804199219,2022-03-29 14:11:14.500000+00:00,0,2022-05-03,100 MHz,20220329,0.0,112.03334045410156,112.86707305908203,0.8803961546246636,0.7725645446777343,11,2.2604969515787707,0.9032268524169923,2.5539227064884202,2.5885831267513733,109.59907152585555,115.30134198732804,0.20843505859375,0.0,0.9652216086096861,0.9270887649536133,9.0,0.0,2.2604969515787707,0.9032268524169923,0.0,0.0,0.0,0.0,0.0,0.0,certain_cold,229.24940490722656,229.24940490722656,POINT (541890.9583081384 8673746.699133541),dronbreen
dronbreen-20220329-DAT_0247_A1_2,1155.0,1109,111.82490539550781,541892.3422598691,8673751.425729014,341.05605061848956,2022-03-29 14:11:15.666666752+00:00,0,2022-05-03,100 MHz,20220329,0.0,111.82490539550781,112.65865325927734,0.8966199827833571,0.7725532333374023,11,2.2522175265026485,0.6774056752522787,2.475520295592379,2.517000124965458,109.47302056934186,115.0105380854433,0.0,0.0,0.9782609748171008,0.9270774536132812,9.0,0.0,2.2522175265026485,0.6774056752522787,0.0,0.0,0.0,0.0,0.0,0.0,certain_cold,229.23114522298175,229.23114522298175,POINT (541892.3422598691 8673751.425729014),dronbreen
dronbreen-20220329-DAT_0247_A1_2,1160.0,1113,111.6164779663086,541893.633102414,8673755.76172059,340.6612548828125,2022-03-29 14:11:16.750000128+00:00,0,2022-05-03,100 MHz,20220329,0.0,111.51225280761719,112.55442810058594,0.9380602539876896,0.7725645446777343,11,2.2480781261872065,0.5645033518473307,2.443230499028155,2.5004952181117446,109.19438324793781,114.87229766026532,0.10422515869140625,0.0,1.0181570600789112,1.0815903625488281,9.0,0.0,2.2480781261872065,0.5645033518473307,0.0,0.0,0.0,0.0,0.0,0.0,certain_cold,229.0447769165039,229.0447769165039,POINT (541893.633102414 8673755.76172059),dronbreen
dronbreen-20220329-DAT_0247_A1_2,1165.0,1117,111.30382537841797,541895.1217270087,8673760.507091004,340.2323303222656,2022-03-29 14:11:18+00:00,0,2022-05-03,100 MHz,20220329,0.0,111.30382537841797,112.24177551269531,0.9213845953950416,0.7725645446777343,11,2.2418690009783675,0.5645198822021485,2.4375223672086346,2.48869622243868,108.99197345518645,114.55362743592683,0.0,0.0,1.0002180083516805,1.081579051208496,9.0,0.0,2.2418690009783675,0.5645198822021485,0.0,0.0,0.0,0.0,0.0,0.0,certain_cold,228.92850494384766,228.92850494384766,POINT (541895.1217270087 8673760.507091004),dronbreen
dronbreen-20220329-DAT_0247_A1_2,1170.0,1121,111.09538269042969,541896.5008136118,8673765.388621762,339.792489188058,2022-03-29 14:11:19.285714432+00:00,0,2022-05-03,100 MHz,20220329,0.0,110.88694763183594,112.03334045410156,0.9239508100942705,1.08160167388916,11,2.2377295685701637,0.45161755879720056,2.526114451569245,2.462737732877988,108.60410027787923,114.31618780805827,0.0,0.0,0.9801048930245294,1.2361145828247069,9.0,0.0,2.2377295685701637,0.45161755879720056,0.0,0.0,0.0,0.0,0.0,0.0,certain_cold,228.69710649762834,228.69710649762834,POINT (541896.5008136118 8673765.388621762),dronbreen
dronbreen-20220329-DAT_0247_A1_2,1175.0,1125,110.88694763183594,541897.7385036035,8673769.893549686,339.3922555106027,2022-03-29 14:11:20.428571392+00:00,0,2022-05-03,100 MHz,20220329,0.0,110.47007751464844,111.72068786621094,0.9691244245050542,1.081567739868164,11,2.2335903971055684,0.5645116170247396,2.5450713553300672,2.4993602337338947,108.16625472897283,114.02451065188654,0.104217529296875,0.0,1.010423976041445,1.3906161804199217,9.0,0.0,2.2335903971055684,0.33870697021484375,0.0,0.0,0.0,0.0,0.0,0.0,certain_cold,228.50530787876676,228.50530787876676,POINT (541897.7385036035 8673769.893549686),dronbreen
dronbreen-20220329-DAT_0247_A1_2,1180.0,1129,110.57429504394531,541899.0410820075,8673774.772696368,338.96706136067706,2022-03-29 14:11:21.666666752+00:00,0,2022-05-03,100 MHz,20220329,0.0,110.05321502685547,111.51225280761719,0.9983301729006677,1.081579051208496,11,2.2273818464255712,0.6773974100748698,2.5670820760106987,2.5331325024732134,107.72510481877632,113.84036301569634,0.0,0.0,1.0063828630035092,1.3906161804199217,9.0,0.0,2.231520852600039,0.22580464680989584,0.0,0.0,0.0,0.0,0.0,0.0,certain_cold,228.39276631673175,228.39276631673175,POINT (541899.0410820075 8673774.772696368),dronbreen
dronbreen-20220329-DAT_0247_A1_2,1185.0,1133,110.26165771484375,541900.3320514414,8673780.023676962,338.5237731933594,2022-03-29 14:11:23+00:00,0,2022-05-03,100 MHz,20220329,0.0,109.84478759765625,111.30382537841797,1.0680002190441076,1.2360806488037108,11,2.221173848398667,0.7902997334798177,2.6619696286575882,2.5882062130801473,107.48720686021619,113.66140611585803,0.0,0.0,1.0612485248976153,1.3905935577392576,9.0,0.0,2.2294513356810755,0.33870697021484375,0.0,0.0,0.0,0.0,0.0,0.0,certain_cold,228.26211547851562,228.26211547851562,POINT (541900.3320514414 8673780.023676962),dronbreen
dronbreen-20220329-DAT_0247_A1_2,1190.0,1138,109.84478759765625,541901.6566275622,8673784.810464557,338.1283645629883,2022-03-29 14:11:24.249999872+00:00,0,2022-05-03,100 MHz,20220329,0.0,109.74056243896484,111.09538269042969,1.1272798586224633,1.081579051208496,11,2.2128965057023535,0.6774139404296875,2.5545281042985675,2.5742106501399693,107.4263021701882,113.40964295920634,0.0,0.0,1.097995096683916,1.5451064666748047,9.0,0.0,2.225312384910706,0.451592763264974,0.0,0.0,0.0,0.0,0.0,0.0,certain_cold,228.28357696533203,228.28357696533203,POINT (541901.6566275622 8673784.810464557),dronbreen
dronbreen-20220329-DAT_0247_A1_2,1195.0,1142,109.6363525390625,541902.7314496619,8673789.217270242,337.75982157389325,2022-03-29 14:11:25.333333248+00:00,0,2022-05-03,100 MHz,20220329,0.0,109.42790985107422,110.88694763183594,1.1353969634683583,1.2361145828247069,11,2.2087580037722194,0.33870697021484375,2.5536862753227654,2.5064837114079013,107.19333285958345,113.1215246233267,0.0,0.0,1.0979942518433612,1.5451064666748047,9.0,0.0,2.221173848398667,0.33869043986002606,0.0,0.0,0.0,0.0,0.0,0.0,certain_cold,228.12346903483075,228.12346903483075,POINT (541902.7314496619 8673789.217270242),dronbreen
dronbreen-20220329-DAT_0247_A1_2,1200.0,1146,109.53213500976562,541903.9713936965,8673794.46666395,337.3351186116536,2022-03-29 14:11:26.666666752+00:00,0,2022-05-03,100 MHz,20220329,0.0,109.1152572631836,110.78273010253906,1.1586411635591458,1.5451404006958007,11,2.2066887954396766,0.2258129119873047,2.7033175486800616,2.5025819181463147,106.89704471449959,113.00094265122307,0.0,0.0,1.1104280053381976,1.390627491760254,9.0,0.0,2.2191044705675607,0.2258129119873047,0.0,0.0,0.0,0.0,0.0,0.0,certain_cold,227.802983601888,227.802983601888,POINT (541903.9713936965 8673794.46666395),dronbreen
dronbreen-20220329-DAT_0247_A1_2,1205.0,1150,109.42790985107422,541905.2362498858,8673799.530738525,336.9489440917969,2022-03-29 14:11:28+00:00,0,2022-05-03,100 MHz,20220329,0.0,108.90682983398438,110.57429504394531,1.119988024971453,1.5451177780151366,11,2.2046194641592756,0.33870697021484375,2.713385033746682,2.4958851274651055,106.67634347594,112.80478140198969,0.0,0.0,1.0655046663985137,1.3905935577392576,9.0,0.0,2.2170349692999696,0.45161755879720056,0.0,0.0,0.0,0.0,0.0,0.0,certain_cold,227.52103424072266,227.52103424072266,POINT (541905.2362498858 8673799.530738525),dronbreen
dronbreen-20220329-DAT_0247_A1_2,1210.0,1155,109.219482421875,541906.4846879632,8673804.098044341,336.6168924967448,2022-03-29 14:11:29.333333248+00:00,0,2022-05-03,100 MHz,20220329,0.0,108.80260467529297,110.36585998535156,1.0687408188745877,1.3906161804199217,11,2.2004813419342835,0.33870697021484375,2.6250055064930278,2.4696249686545015,106.57620836109528,112.59225629954925,0.0,0.0,1.0239185868828333,1.08160167388916,9.0,0.0,2.2108270890705444,0.6774139404296875,0.0,0.0,0.0,0.0,0.0,0.0,certain_cold,227.3974100748698,227.3974100748698,POINT (541906.4846879632 8673804.098044341),dronbreen
dronbreen-20220329-DAT_0247_A1_2,1215.0,1160,109.1152572631836,541907.744793849,8673809.006893685,336.2408142089844,2022-03-29 14:11:30.750000128+00:00,0,2022-05-03,100 MHz,20220329,0.0,108.80260467529297,110.15744018554688,0.9994181125969583,0.9270774536132812,11,2.1984120967289766,0.11291058858235677,2.3885638264564744,2.417560984100541,106.60129494059903,112.35874992024081,0.0,0.0,0.9622465926053296,0.7725758560180663,9.0,0.0,2.2046194641592756,0.5645033518473307,0.0,0.0,0.0,0.0,0.0,0.0,certain_cold,227.12555694580078,227.12555694580078,POINT (541907.744793849 8673809.006893685),dronbreen
dronbreen-20220329-DAT_0247_A1_2,1220.0,1164,109.1152572631836,541908.9537125746,8673813.510937417,335.9048156738281,2022-03-29 14:11:32+00:00,0,2022-05-03,100 MHz,20220329,0.0,108.80260467529297,109.94900512695312,0.9442511075237116,0.6180629470825195,11,2.1984120967289766,0.225796381632487,2.2947770173938355,2.4032498636351516,106.5926273557255,112.1589824465206,0.0,0.0,0.9210780417993317,0.7725758560180663,9.0,0.0,2.2004813419342835,0.4516092936197917,0.0,0.0,0.0,0.0,0.0,0.0,certain_cold,226.78955841064453,226.78955841064453,POINT (541908.9537125746 8673813.510937417),dronbreen
dronbreen-20220329-DAT_0247_A1_2,1225.0,1168,108.90682983398438,541910.261605868,8673818.421279818,335.5505065917969,2022-03-29 14:11:33.333333248+00:00,0,2022-05-03,100 MHz,20220329,0.0,108.90682983398438,109.74056243896484,0.8766831888598439,0.46355003814697265,11,2.194274147365222,0.225796381632487,2.2540411880930113,2.373688364841341,106.70096876860566,111.94642350434356,0.0,0.0,0.8814038591347676,0.6180516357421875,9.0,0.0,2.1963430318475328,0.2258129119873047,0.0,0.0,0.0,0.0,0.0,0.0,certain_cold,226.6436767578125,226.6436767578125,POINT (541910.261605868 8673818.421279818),dronbreen
dronbreen-20220329-DAT_0247_A1_2,1230.0,1172,108.90682983398438,541911.6150709552,8673823.30202987,335.2306620279948,2022-03-29 14:11:34.666666752+00:00,0,2022-05-03,100 MHz,20220329,0.0,108.80260467529297,109.53213500976562,0.833738040937689,0.3090371292114258,11,2.194274147365222,0.0,2.215929371849791,2.347330005496029,106.60833052792775,111.72640915713085,0.0,0.0,0.8500440373318642,0.6180629470825195,9.0,0.0,2.1963430318475328,0.0,0.0,0.0,0.0,0.0,0.0,0.0,certain_cold,226.32383219401044,226.32383219401044,POINT (541911.6150709552 8673823.30202987),dronbreen
dronbreen-20220329-DAT_0247_A1_2,1235.0,1177,108.90682983398438,541912.9156006221,8673828.243162118,334.9017333984375,2022-03-29 14:11:36+00:00,0,2022-05-03,100 MHz,20220329,0.0,108.6983871459961,109.32369995117188,0.772637556850795,0.46355003814697265,11,2.194274147365222,0.2258129119873047,2.2540428440652183,2.337263207101828,106.49252438847569,111.52956270869228,0.0,0.0,0.8038902930530409,0.46355003814697265,9.0,0.0,2.1963430318475328,0.22580464680989584,0.0,0.0,0.0,0.0,0.0,0.0,certain_cold,225.99490356445312,225.99490356445312,POINT (541912.9156006221 8673828.243162118),dronbreen
dronbreen-20220329-DAT_0247_A1_2,1240.0,1181,108.6983871459961,541914.1651265257,8673833.182704838,334.5196940104167,2022-03-29 14:11:37.333333248+00:00,0,2022-05-03,100 MHz,20220329,0.0,108.59417724609375,109.1152572631836,0.76066075234125,0.3090145065307617,11,2.190136011131806,0.4516092936197917,2.257462439684558,2.362043920314028,106.35796466645377,111.35146984282358,0.0,0.0,0.8006942196675906,0.4635387268066406,9.0,0.0,2.1922049889668695,0.33870697021484375,0.0,0.0,0.0,0.0,0.0,0.0,certain_cold,225.8213068644206,225.8213068644206,POINT (541914.1651265257 8673833.182704838),dronbreen
dronbreen-20220329-DAT_0247_A1_2,1245.0,1186,108.48995971679688,541915.4132824657,8673838.37033597,334.1037063598633,2022-03-29 14:11:38.750000128+00:00,0,2022-05-03,100 MHz,20220329,0.0,108.48995971679688,108.90682983398438,0.7366593295228153,0.3090371292114258,11,2.1859982945420806,0.33870697021484375,2.233565513398755,2.3315183729033766,106.27787677183007,111.11891277895118,0.0,0.0,0.7754297697669025,0.6180516357421875,9.0,0.0,2.190136011131806,0.3386987050374349,0.0,0.0,0.0,0.0,0.0,0.0,certain_cold,225.6137466430664,225.6137466430664,POINT (541915.4132824657 8673838.37033597),dronbreen
dronbreen-20220329-DAT_0247_A1_2,1250.0,1190,108.38573455810547,541916.5169764647,8673842.871105077,333.7549133300781,2022-03-29 14:11:40+00:00,0,2022-05-03,100 MHz,20220329,0.0,108.28152465820312,108.80260467529297,0.7100439547329197,0.30902581787109373,11,2.183929253039127,0.33870697021484375,2.231539009307939,2.321299595400155,106.07148633411185,111.01264299938424,0.10420989990234375,0.0,0.7442625161313994,0.6180403244018554,9.0,0.0,2.1859982945420806,0.4516010284423828,0.0,0.0,0.0,0.0,0.0,0.0,certain_cold,225.36917877197266,225.36917877197266,POINT (541916.5169764647 8673842.871105077),dronbreen
dronbreen-20220329-DAT_0247_A1_2,1255.0,1195,108.17730712890625,541917.7997027336,8673847.563559165,333.41907755533856,2022-03-29 14:11:41.333333248+00:00,0,2022-05-03,100 MHz,20220329,0.0,108.17730712890625,108.59417724609375,0.6979802693151179,0.30902581787109373,11,2.179791712770898,0.33870697021484375,2.22748990544238,2.313739565960268,105.97135737364508,110.80012700135492,0.0,0.0,0.7332340928605069,0.4635387268066406,9.0,0.0,2.1818605438758047,0.33870697021484375,0.0,0.0,0.0,0.0,0.0,0.0,certain_cold,225.2417704264323,225.2417704264323,POINT (541917.7997027336 8673847.563559165),dronbreen
dronbreen-20220329-DAT_0247_A1_2,1260.0,1199,108.07308197021484,541919.1863353917,8673852.19722373,333.0905049641927,2022-03-29 14:11:42.666666752+00:00,0,2022-05-03,100 MHz,20220329,0.0,107.96888732910156,108.59417724609375,0.7027724218617698,0.3090031951904297,11,2.177722759815012,0.22578811645507815,2.2110946761245973,2.299422920882129,105.77949090721981,110.7835736679755,0.0,0.0,0.7315851304739102,0.6180177017211914,9.0,0.0,2.179791712770898,0.33869043986002606,0.0,0.0,0.0,0.0,0.0,0.0,certain_cold,225.01742299397785,225.01742299397785,POINT (541919.1863353917 8673852.19722373),dronbreen
dronbreen-20220329-DAT_0247_A1_2,1265.0,1204,107.96888732910156,541920.5496522466,8673857.62882989,332.7188186645508,2022-03-29 14:11:44.249999872+00:00,0,2022-05-03,100 MHz,20220329,0.0,107.86466217041016,108.38573455810547,0.7498074098596137,0.6180177017211914,11,2.1756544423307878,0.33869043986002606,2.2869476045871737,2.326025498219366,105.66280307716957,110.58759365134605,0.0,0.0,0.7517176896979307,0.6180403244018554,9.0,0.0,2.1756544423307878,0.4516010284423828,0.0,0.0,0.0,0.0,0.0,0.0,certain_cold,224.74993133544922,224.74993133544922,POINT (541920.5496522466 8673857.62882989),dronbreen
dronbreen-20220329-DAT_0247_A1_2,1270.0,1209,107.76044464111328,541921.4432683599,8673861.960213719,332.40895080566406,2022-03-29 14:11:45.500000+00:00,0,2022-05-03,100 MHz,20220329,0.0,107.65623474121094,108.28152465820312,0.7763333251685741,0.7725532333374023,11,2.171516836614484,0.33870697021484375,2.3296021724132148,2.3308584717094236,105.45846137178171,110.47929802763235,0.0,0.0,0.7695667792536894,0.6180177017211914,9.0,0.0,2.171516836614484,0.33870697021484375,0.0,0.0,0.0,0.0,0.0,0.0,certain_cold,224.64850616455078,224.64850616455078,POINT (541921.4432683599 8673861.960213719),dronbreen
dronbreen-20220329-DAT_0247_A1_2,1275.0,1214,107.65623474121094,541922.4170932485,8673867.247849515,332.0302429199219,2022-03-29 14:11:47+00:00,0,2022-05-03,100 MHz,20220329,0.0,107.44779205322266,108.17730712890625,0.7760794602251343,0.7725419219970703,11,2.169448305782345,0.33870697021484375,2.3276703770888463,2.328846858794571,105.2520624789959,110.37303670313301,0.0,0.0,0.7529204277317904,0.6180629470825195,9.0,0.0,2.169448305782345,0.22580464680989584,0.0,0.0,0.0,0.0,0.0,0.0,certain_cold,224.37400817871094,224.37400817871094,POINT (541922.4170932485 8673867.247849515),dronbreen
dronbreen-20220329-DAT_0247_A1_2,1280.0,1218,107.44779205322266,541923.3613889511,8673871.743651444,331.6855061848958,2022-03-29 14:11:48.333333248+00:00,0,2022-05-03,100 MHz,20220329,0.0,107.2393569946289,108.07308197021484,0.7602702905936923,0.7725419219970703,11,2.1653108799535072,0.45161755879720056,2.3429363302279262,2.3389186691756496,105.02745066156257,110.28498830328118,0.0,0.0,0.7322009440251189,0.6180516357421875,9.0,0.0,2.167379502093565,0.33872350056966144,0.0,0.0,0.0,0.0,0.0,0.0,certain_cold,224.23771413167316,224.23771413167316,POINT (541923.3613889511 8673871.743651444),dronbreen
dronbreen-20220329-DAT_0247_A1_2,1285.0,1223,107.2393569946289,541924.3436130144,8673876.659356045,331.30482482910156,2022-03-29 14:11:49.750000128+00:00,0,2022-05-03,100 MHz,20220329,0.0,107.13513946533203,107.96888732910156,0.8446757234106433,0.9271000762939453,11,2.1611737263460764,0.33870697021484375,2.3759016895875433,2.344967241741342,104.94758505752392,110.15644173690967,0.0,0.0,0.8005034516750581,0.6180629470825195,9.0,0.0,2.1632421365756267,0.33870697021484375,0.0,0.0,0.0,0.0,0.0,0.0,certain_cold,224.06546783447266,224.06546783447266,POINT (541924.3436130144 8673876.659356045),dronbreen
dronbreen-20220329-DAT_0247_A1_2,1290.0,1229,107.13513946533203,541925.6965452622,8673882.370898785,330.91973876953125,2022-03-29 14:11:51.428571392+00:00,0,2022-05-03,100 MHz,20220329,0.0,106.92670440673828,107.86466217041016,0.9095218802176854,0.9270774536132812,11,2.1591051950524456,0.33870697021484375,2.3740114279364084,2.367210955020547,104.7411935614267,110.05017301572174,0.0,0.0,0.8414814308450959,0.6180629470825195,9.0,0.0,2.1611737263460764,0.225796381632487,0.0,0.0,0.0,0.0,0.0,0.0,certain_cold,223.78459930419922,223.78459930419922,POINT (541925.6965452622 8673882.370898785),dronbreen
dronbreen-20220329-DAT_0247_A1_2,1295.0,1233,106.92670440673828,541926.7654919695,8673886.551570201,330.6653238932292,2022-03-29 14:11:52.666666752+00:00,0,2022-05-03,100 MHz,20220329,0.0,106.8224868774414,107.65623474121094,0.8457315925414138,0.7725758560180663,11,2.1549682239221983,0.33870697021484375,2.314191848375705,2.3396308222472086,104.6410629255727,109.83765869307965,0.0,0.0,0.7870143761619517,0.6180403244018554,9.0,0.0,2.1591051950524456,0.33870697021484375,0.0,0.0,0.0,0.0,0.0,0.0,certain_cold,223.7386194864909,223.7386194864909,POINT (541926.7654919695 8673886.551570201),dronbreen
dronbreen-20220329-DAT_0247_A1_2,1300.0,1238,106.8224868774414,541928.017691249,8673891.708327359,330.3519058227539,2022-03-29 14:11:54.249999872+00:00,0,2022-05-03,100 MHz,20220329,0.0,106.71826934814453,107.2393569946289,0.7979133419500203,0.4635387268066406,11,2.152899784261324,0.3386987050374349,2.2281298088567487,2.320853290306895,104.53889001129964,109.4187363314738,0.0,0.0,0.7595074326751327,0.7725645446777343,9.0,0.0,2.1549682239221983,0.33870697021484375,0.0,0.0,0.0,0.0,0.0,0.0,certain_cold,223.5294189453125,223.5294189453125,POINT (541928.017691249 8673891.708327359),dronbreen
dronbreen-20220329-DAT_0247_A1_2,1305.0,1243,106.61405944824219,541929.083901879,8673896.48708565,330.0316162109375,2022-03-29 14:11:55.666666752+00:00,0,2022-05-03,100 MHz,20220329,0.0,106.50983428955078,107.03091430664062,0.7461138948482917,0.4635387268066406,11,2.148763148607433,0.33870697021484375,2.224134355594322,2.299693767563659,104.33453994613758,109.20620865005382,0.0,0.0,0.7197350180887522,0.4635387268066406,9.0,0.0,2.152899784261324,0.4516092936197917,0.0,0.0,0.0,0.0,0.0,0.0,certain_cold,223.4175567626953,223.4175567626953,POINT (541929.083901879 8673896.48708565),dronbreen
dronbreen-20220329-DAT_0247_A1_2,1310.0,1247,106.50983428955078,541930.1081031758,8673901.078436377,329.69407653808594,2022-03-29 14:11:57+00:00,0,2022-05-03,100 MHz,20220329,0.0,106.4056167602539,106.92670440673828,0.7536259083097436,0.6180516357421875,11,2.1466946499572375,0.33870697021484375,2.259426510482414,2.3002113688752237,104.23236566297427,109.09995550401791,0.104217529296875,0.0,0.7371368572986741,0.4635387268066406,9.0,0.0,2.1466946499572375,0.5645033518473307,0.0,0.0,0.0,0.0,0.0,0.0,certain_cold,223.18424224853516,223.18424224853516,POINT (541930.1081031758 8673901.078436377),dronbreen
dronbreen-20220329-DAT_0247_A1_2,1315.0,1251,106.30140686035156,541931.1431126184,8673905.732157633,329.34413655598956,2022-03-29 14:11:58.333333248+00:00,0,2022-05-03,100 MHz,20220329,0.0,106.19718170166016,106.8224868774414,0.738530565336858,0.6180516357421875,11,2.142558199955371,0.4516092936197917,2.275191073014168,2.3108297190006337,104.00754552314105,109.01212305596052,0.0,0.0,0.727655063713582,0.6180629470825195,9.0,0.0,2.142558199955371,0.4516092936197917,0.0,0.0,0.0,0.0,0.0,0.0,certain_cold,223.042729695638,223.042729695638,POINT (541931.1431126184 8673905.732157633),dronbreen
dronbreen-20220329-DAT_0247_A1_2,1320.0,1257,106.09296417236328,541932.4055763651,8673911.478547975,328.91656494140625,2022-03-29 14:12:00+00:00,0,2022-05-03,100 MHz,20220329,0.0,105.67608642578125,106.61405944824219,0.7516546362492593,0.7725758560180663,11,2.13842157180275,0.45161755879720056,2.3181196456324975,2.311231258520076,103.49049606202017,108.79964981200327,0.10422515869140625,0.0,0.7553286674157312,0.9270661422729491,9.0,0.0,2.13842157180275,0.45161755879720056,0.0,0.0,0.0,0.0,0.0,0.0,certain_cold,222.82360076904297,222.82360076904297,POINT (541932.4055763651 8673911.478547975),dronbreen
dronbreen-20220329-DAT_0247_A1_2,1325.0,1261,105.88452911376953,541933.393558634,8673915.696577149,328.6032943725586,2022-03-29 14:12:01.249999872+00:00,0,2022-05-03,100 MHz,20220329,0.0,105.36344909667969,106.50983428955078,0.7844337399739703,0.9270548309326171,11,2.1342852204562264,0.45161755879720056,2.370350708487529,2.3182899115687357,103.18190564726783,108.69137773896264,0.0,0.0,0.7875882109172774,0.7725645446777343,9.0,0.0,2.1342852204562264,0.45161755879720056,0.0,0.0,0.0,0.0,0.0,0.0,certain_cold,222.71876525878906,222.71876525878906,POINT (541933.393558634 8673915.696577149),dronbreen
dronbreen-20220329-DAT_0247_A1_2,1330.0,1267,105.67608642578125,541934.7748785252,8673921.415663876,328.18170166015625,2022-03-29 14:12:03+00:00,0,2022-05-03,100 MHz,20220329,0.0,105.05079650878906,106.30140686035156,0.765965375510864,1.081579051208496,11,2.1301488438387763,0.33869043986002606,2.4128942278876058,2.2888748911728998,102.8938900873233,108.45831328181733,0.0,0.0,0.7806633640990008,0.9271000762939453,9.0,0.0,2.1301488438387763,0.33869043986002606,0.0,0.0,0.0,0.0,0.0,0.0,certain_cold,222.505615234375,222.505615234375,POINT (541934.7748785252 8673921.415663876),dronbreen
dronbreen-20220329-DAT_0247_A1_2,1335.0,1271,105.57189178466797,541935.5259434525,8673925.967477597,327.8646240234375,2022-03-29 14:12:04.333333248+00:00,0,2022-05-03,100 MHz,20220329,0.0,105.05079650878906,106.19718170166016,0.7181980964127285,0.9270548309326171,11,2.1280812329414163,0.33869043986002606,2.345820028818396,2.271398127528704,102.8959320239432,108.35204618650602,0.0,0.0,0.7350807993057278,0.9270548309326171,9.0,0.0,2.1280812329414163,0.33869043986002606,0.0,0.0,0.0,0.0,0.0,0.0,certain_cold,222.29273223876953,222.29273223876953,POINT (541935.5259434525 8673925.967477597),dronbreen
dronbreen-20220329-DAT_0247_A1_2,1340.0,1276,105.36344909667969,541936.5754765081,8673930.869788257,327.55442810058594,2022-03-29 14:12:05.750000128+00:00,0,2022-05-03,100 MHz,20220329,0.0,104.94658660888672,106.09296417236328,0.6932900706094501,0.7725532333374023,11,2.1239450468925614,0.45161755879720056,2.3047645172497475,2.27941924700987,102.77515828134896,108.26439249990104,0.0,0.0,0.7108734543499073,1.081579051208496,9.0,0.0,2.1239450468925614,0.45161755879720056,0.0,0.0,0.0,0.0,0.0,0.0,certain_cold,222.19097900390625,222.19097900390625,POINT (541936.5754765081 8673930.869788257),dronbreen
dronbreen-20220329-DAT_0247_A1_2,1345.0,1281,105.15501403808594,541937.9423084883,8673936.03013522,327.2543029785156,2022-03-29 14:12:07.333333248+00:00,0,2022-05-03,100 MHz,20220329,0.0,104.94658660888672,105.88452911376953,0.6558192967508863,0.7725532333374023,11,2.1198091402152275,0.33870697021484375,2.2814801557217668,2.2446407624836024,102.79988839940032,108.03122732325593,0.0,0.0,0.6882329814985086,1.081579051208496,9.0,0.0,2.1198091402152275,0.33870697021484375,0.0,0.0,0.0,0.0,0.0,0.0,certain_cold,222.0992889404297,222.0992889404297,POINT (541937.9423084883 8673936.03013522),dronbreen
dronbreen-20220329-DAT_0247_A1_2,1350.0,1285,105.05079650878906,541938.8245199781,8673940.05877031,327.000244140625,2022-03-29 14:12:08.500000+00:00,0,2022-05-03,100 MHz,20220329,0.0,104.94658660888672,105.78031158447266,0.6019662992042578,0.6180516357421875,11,2.1177412351022498,0.3386987050374349,2.2319347159112946,2.2275341023257327,102.80193168287964,107.92496651047973,0.0,0.0,0.6339235837723748,1.081579051208496,9.0,0.0,2.1177412351022498,0.3386987050374349,0.0,0.0,0.0,0.0,0.0,0.0,certain_cold,221.94944763183594,221.94944763183594,POINT (541938.8245199781 8673940.05877031),dronbreen
dronbreen-20220329-DAT_0247_A1_2,1355.0,1290,104.84236907958984,541939.8796666755,8673944.970121603,326.65653337751115,2022-03-29 14:12:09.857143040+00:00,0,2022-05-03,100 MHz,20220329,0.0,104.84236907958984,105.67608642578125,0.6055671246308179,0.6180516357421875,11,2.113605673177562,0.4516010284423828,2.2479457856056464,2.244545382257224,102.68105641581845,107.83739908955265,0.0,0.0,0.6447795048607846,1.0815903625488281,9.0,0.0,2.113605673177562,0.4516010284423828,0.0,0.0,0.0,0.0,0.0,0.0,certain_cold,221.8141642979213,221.8141642979213,POINT (541939.8796666755 8673944.970121603),dronbreen
dronbreen-20220329-DAT_0247_A1_2,1360.0,1295,104.6339340209961,541941.0938413356,8673950.333958488,326.2816162109375,2022-03-29 14:12:11.333333248+00:00,0,2022-05-03,100 MHz,20220329,0.0,104.6339340209961,105.46766662597656,0.6031155081258502,0.4635387268066406,11,2.109470089734402,0.22580464680989584,2.171570848315691,2.205583848813486,102.51241291622127,107.58918773075139,0.0,0.0,0.6403176841117876,0.9270774536132812,9.0,0.0,2.109470089734402,0.22580464680989584,0.0,0.0,0.0,0.0,0.0,0.0,certain_cold,221.6476821899414,221.6476821899414,POINT (541941.0938413356 8673950.333958488),dronbreen
dronbreen-20220329-DAT_0247_A1_2,1365.0,1299,104.6339340209961,541942.1998375246,8673954.95889194,325.9820149739583,2022-03-29 14:12:12.666666752+00:00,0,2022-05-03,100 MHz,20220329,0.0,104.52971649169922,105.25923919677734,0.6006567854770024,0.6180516357421875,11,2.109470089734402,0.11290232340494792,2.2010449378778927,2.1962239339497844,102.41722720317861,107.37172848529795,0.104217529296875,0.0,0.6320200061514464,0.7725532333374023,9.0,0.0,2.109470089734402,0.11290232340494792,0.0,0.0,0.0,0.0,0.0,0.0,certain_cold,221.34808095296222,221.34808095296222,POINT (541942.1998375246 8673954.95889194),dronbreen
dronbreen-20220329-DAT_0247_A1_2,1370.0,1304,104.52971649169922,541943.1567350605,8673959.455105834,325.6975402832031,2022-03-29 14:12:14+00:00,0,2022-05-03,100 MHz,20220329,0.0,104.32128143310547,105.05079650878906,0.6191095149167499,0.7725645446777343,11,2.107402346950863,0.2258129119873047,2.2558794513110194,2.2080382049717,102.2018154335777,107.17026250831682,0.20843505859375,0.0,0.6503672692590733,0.9270774536132812,9.0,0.0,2.107402346950863,0.2258129119873047,0.0,0.0,0.0,0.0,0.0,0.0,certain_cold,221.1678237915039,221.1678237915039,POINT (541943.1567350605 8673959.455105834),dronbreen
dronbreen-20220329-DAT_0247_A1_2,1375.0,1309,104.42549133300781,541944.2547920652,8673964.56719098,325.38575526646207,2022-03-29 14:12:15.571428608+00:00,0,2022-05-03,100 MHz,20220329,0.0,104.11283874511719,104.84236907958984,0.6257769221610142,0.7725758560180663,11,2.1053344855523637,0.33870697021484375,2.2680452290530284,2.2223304128858667,101.98043266096526,106.97477516374177,0.312652587890625,0.0,0.6673155537600559,0.7725758560180663,9.0,0.0,2.1053344855523637,0.33870697021484375,0.0,0.0,0.0,0.0,0.0,0.0,certain_cold,220.96026393345426,220.96026393345426,POINT (541944.2547920652 8673964.56719098),dronbreen
dronbreen-20220329-DAT_0247_A1_2,1380.0,1314,104.2170639038086,541945.3346518896,8673969.386270354,325.09197998046875,2022-03-29 14:12:17+00:00,0,2022-05-03,100 MHz,20220329,0.0,104.11283874511719,104.6339340209961,0.5885344433787586,0.4635387268066406,11,2.10119931550822,0.4516010284423828,2.1986018747449365,2.2283076186706303,101.96365702818807,106.78311573792521,0.10422515869140625,0.0,0.6384318224769658,0.4635387268066406,9.0,0.0,2.10119931550822,0.4516010284423828,0.0,0.0,0.0,0.0,0.0,0.0,certain_cold,220.87491607666016,220.87491607666016,POINT (541945.3346518896 8673969.386270354),dronbreen
dronbreen-20220329-DAT_0247_A1_2,1385.0,1319,104.00862884521484,541946.7810674629,8673974.549114766,324.76768493652344,2022-03-29 14:12:18.500000+00:00,0,2022-05-03,100 MHz,20220329,0.0,103.90441131591797,104.42549133300781,0.6275070495477433,0.4635387268066406,11,2.09706412627384,0.33870697021484375,2.174228256790511,2.214986559464616,101.78017018992102,106.54973245900476,0.104217529296875,0.0,0.6809625357960988,0.4635387268066406,9.0,0.0,2.09706412627384,0.33870697021484375,0.0,0.0,0.0,0.0,0.0,0.0,certain_cold,220.7590560913086,220.7590560913086,POINT (541946.7810674629 8673974.549114766),dronbreen
dronbreen-20220329-DAT_0247_A1_2,1390.0,1323,103.90441131591797,541947.9104097578,8673978.833604624,324.4839172363281,2022-03-29 14:12:19.666666752+00:00,0,2022-05-03,100 MHz,20220329,0.0,103.59175872802734,104.2170639038086,0.6964225106331468,0.6180516357421875,11,2.09499658146809,0.33870697021484375,2.2103666918587734,2.2335481640993726,101.46955866958915,106.33926396224679,0.312652587890625,0.0,0.7468908443036594,0.6180516357421875,9.0,0.0,2.09499658146809,0.33870697021484375,0.0,0.0,0.0,0.0,0.0,0.0,certain_cold,220.57950592041016,220.57950592041016,POINT (541947.9104097578 8673978.833604624),dronbreen
dronbreen-20220329-DAT_0247_A1_2,1395.0,1327,103.69597625732422,541948.9410089962,8673983.828384653,324.134521484375,2022-03-29 14:12:21+00:00,0,2022-05-03,100 MHz,20220329,0.0,103.48753356933594,104.00862884521484,0.7182006527754469,0.6180629470825195,11,2.0908615919720317,0.45161755879720056,2.226580881700481,2.2564292131252066,101.34845418413356,106.14770823041722,0.20844268798828125,0.0,0.7553272638266555,0.6180629470825195,9.0,0.0,2.0908615919720317,0.45161755879720056,0.0,0.0,0.0,0.0,0.0,0.0,certain_cold,220.43854522705078,220.43854522705078,POINT (541948.9410089962 8673983.828384653),dronbreen
dronbreen-20220329-DAT_0247_A1_2,1400.0,1333,103.48753356933594,541950.1106634357,8673989.447834376,323.7740391322545,2022-03-29 14:12:22.714285568+00:00,0,2022-05-03,100 MHz,20220329,0.0,103.27910614013672,103.80018615722656,0.7202577496570747,0.4635387268066406,11,2.0867265852779497,0.5645033518473307,2.210873136840322,2.2785660187700763,101.11737260522715,105.96191969213614,0.20842742919921875,0.0,0.7587124020659575,0.4635387268066406,9.0,0.0,2.0867265852779497,0.5645033518473307,0.0,0.0,0.0,0.0,0.0,0.0,certain_cold,220.28650556291853,220.28650556291853,POINT (541950.1106634357 8673989.447834376),dronbreen
dronbreen-20220329-DAT_0247_A1_2,1405.0,1338,103.17489624023438,541951.1485273564,8673994.44284372,323.4771219889323,2022-03-29 14:12:24.333333248+00:00,0,2022-05-03,100 MHz,20220329,0.0,103.07067108154297,103.59175872802734,0.7096225763120307,0.4635387268066406,11,2.0805248582204565,0.5645033518473307,2.205020605611123,2.2695400240427235,100.91492348037994,105.74750632919037,0.10422515869140625,0.0,0.7583137004179182,0.4635387268066406,9.0,0.0,2.0805248582204565,0.5645033518473307,0.0,0.0,0.0,0.0,0.0,0.0,certain_cold,220.30222574869794,220.30222574869794,POINT (541951.1485273564 8673994.44284372),dronbreen
dronbreen-20220329-DAT_0247_A1_2,1410.0,1343,102.9664535522461,541952.3151889186,8673998.961125966,323.2402801513672,2022-03-29 14:12:25.750000128+00:00,0,2022-05-03,100 MHz,20220329,0.0,102.9664535522461,103.27910614013672,0.6598753547214149,0.3090371292114258,11,2.0763901904147835,0.33870697021484375,2.126410727435812,2.2048932215169907,100.86261928250838,105.38294040987444,0.0,0.0,0.7216191635206056,0.3090371292114258,9.0,0.0,2.0763901904147835,0.33870697021484375,0.0,0.0,0.0,0.0,0.0,0.0,certain_cold,220.2738265991211,220.2738265991211,POINT (541952.3151889186 8673998.961125966),dronbreen
dronbreen-20220329-DAT_0247_A1_2,1415.0,1348,102.86224365234375,541953.7006291862,8674003.82742121,322.996826171875,2022-03-29 14:12:27.333333248+00:00,0,2022-05-03,100 MHz,20220329,0.0,102.75802612304688,103.07067108154297,0.616235266813901,0.3090145065307617,11,2.074323134826793,0.33870697021484375,2.1243890520797324,2.190270481793281,100.65623191824238,105.17246528634746,0.104217529296875,0.0,0.6776328752160746,0.3090145065307617,9.0,0.0,2.074323134826793,0.33870697021484375,0.0,0.0,0.0,0.0,0.0,0.0,certain_cold,220.13458251953125,220.13458251953125,POINT (541953.7006291862 8674003.82742121),dronbreen
dronbreen-20220329-DAT_0247_A1_2,1420.0,1352,102.65380096435547,541954.8946180263,8674008.082921157,322.77626546223956,2022-03-29 14:12:28.666666752+00:00,0,2022-05-03,100 MHz,20220329,0.0,102.54959106445312,102.9664535522461,0.6067062962554048,0.30902581787109373,11,2.070188672795744,0.5645198822021485,2.1679162332719937,2.229900528788063,100.40381292159368,105.11223169510554,0.10420989990234375,0.0,0.6593525758502635,0.30902581787109373,9.0,0.0,2.070188672795744,0.5645198822021485,0.0,0.0,0.0,0.0,0.0,0.0,certain_cold,220.1224644978841,220.1224644978841,POINT (541954.8946180263 8674008.082921157),dronbreen
dronbreen-20220329-DAT_0247_A1_2,1425.0,1358,102.34114837646484,541956.211065299,8674013.319259325,322.49359130859375,2022-03-29 14:12:30.249999872+00:00,0,2022-05-03,100 MHz,20220329,0.0,102.34114837646484,102.65380096435547,0.6060600195268396,0.3090145065307617,11,2.0639874661454316,0.5645033518473307,2.1619894217823457,2.2239642627347194,100.2013567289785,104.79359261184182,0.0,0.0,0.6570658656417652,0.1545242202758789,9.0,0.0,2.0639874661454316,0.5645033518473307,0.0,0.0,0.0,0.0,0.0,0.0,certain_cold,220.1524429321289,220.1524429321289,POINT (541956.211065299 8674013.319259325),dronbreen
dronbreen-20220329-DAT_0247_A1_2,1430.0,1363,102.13272094726562,541957.3419525983,8674017.960494967,322.24306233723956,2022-03-29 14:12:31.666666752+00:00,0,2022-05-03,100 MHz,20220329,0.0,102.13272094726562,102.44537353515625,0.5678712254467575,0.3090031951904297,11,2.059853653839712,0.33869043986002606,2.110258577503545,2.163373758271971,100.04520848280238,104.5328859996195,0.0,0.0,0.6145955901186336,0.15451290893554687,9.0,0.0,2.059853653839712,0.33869043986002606,0.0,0.0,0.0,0.0,0.0,0.0,certain_cold,220.11034138997394,220.11034138997394,POINT (541957.3419525983 8674017.960494967),dronbreen
dronbreen-20220329-DAT_0247_A1_2,1435.0,1368,102.02851104736328,541958.5481819733,8674023.457030954,321.9478759765625,2022-03-29 14:12:33.333333248+00:00,0,2022-05-03,100 MHz,20220329,0.0,101.92428588867188,102.23693084716797,0.5697828178052301,0.3090031951904297,11,2.057786875897689,0.33870697021484375,2.1082438694152024,2.1619115841668823,99.83881010643682,104.32240662940302,0.10422515869140625,0.0,0.6076853282740302,0.1545242202758789,9.0,0.0,2.057786875897689,0.33870697021484375,0.0,0.0,0.0,0.0,0.0,0.0,certain_cold,219.91936492919922,219.91936492919922,POINT (541958.5481819733 8674023.457030954),dronbreen
dronbreen-20220329-DAT_0247_A1_2,1440.0,1373,101.820068359375,541959.6671098933,8674028.188728124,321.70968191964283,2022-03-29 14:12:34.857143040+00:00,0,2022-05-03,100 MHz,20220329,0.0,101.61163330078125,101.92428588867188,0.5865173043585761,0.30902581787109373,11,2.0536529717269953,0.5645198822021485,2.1521315437945576,2.2091119876540204,99.48180391191353,104.0541152775396,0.10422515869140625,0.0,0.6197276558850591,0.1545242202758789,9.0,0.0,2.0536529717269953,0.5645198822021485,0.0,0.0,0.0,0.0,0.0,0.0,certain_cold,219.88961356026783,219.88961356026783,POINT (541959.6671098933 8674028.188728124),dronbreen
dronbreen-20220329-DAT_0247_A1_2,1445.0,1378,101.50741577148438,541960.7413401994,8674032.89244487,321.4729817708333,2022-03-29 14:12:36.333333248+00:00,0,2022-05-03,100 MHz,20220329,0.0,101.4031982421875,101.7158432006836,0.5773586011214096,0.30902581787109373,11,2.047452608155314,0.6774139404296875,2.178634614946107,2.2325534223438743,99.24659168805425,103.87244975481684,0.0,0.0,0.6009476451738192,0.15451290893554687,9.0,0.0,2.047452608155314,0.6774139404296875,0.0,0.0,0.0,0.0,0.0,0.0,certain_cold,219.96556599934894,219.96556599934894,POINT (541960.7413401994 8674032.89244487),dronbreen
dronbreen-20220329-DAT_0247_A1_2,1450.0,1383,101.19476318359375,541961.7315015736,8674037.544796431,321.23924255371094,2022-03-29 14:12:37.750000128+00:00,0,2022-05-03,100 MHz,20220329,0.0,101.19476318359375,101.50741577148438,0.6065453398106493,0.30902581787109373,11,2.041252566027401,0.5645033518473307,2.140297415938079,2.2030145986366807,99.07689253774204,103.62528641733608,0.0,0.0,0.6197283508365617,0.30902581787109373,9.0,0.0,2.041252566027401,0.5645033518473307,0.0,0.0,0.0,0.0,0.0,0.0,certain_cold,220.0444793701172,220.0444793701172,POINT (541961.7315015736 8674037.544796431),dronbreen
dronbreen-20220329-DAT_0247_A1_2,1455.0,1388,100.98633575439453,541962.6085550427,8674042.550302519,320.9717025756836,2022-03-29 14:12:39.249999872+00:00,0,2022-05-03,100 MHz,20220329,0.0,100.77790069580078,101.29898071289062,0.6653889330840947,0.4635387268066406,11,2.037119535923143,0.5645033518473307,2.164113719085971,2.2161368347097574,98.66401327261889,103.41286813607252,0.10422515869140625,0.0,0.6668633363139623,0.4635387268066406,9.0,0.0,2.037119535923143,0.5645033518473307,0.0,0.0,0.0,0.0,0.0,0.0,certain_cold,219.98536682128906,219.98536682128906,POINT (541962.6085550427 8674042.550302519),dronbreen
dronbreen-20220329-DAT_0247_A1_2,1460.0,1393,100.6736831665039,541963.5609457265,8674047.185968796,320.7065938313802,2022-03-29 14:12:40.666666752+00:00,0,2022-05-03,100 MHz,20220329,0.0,100.36103057861328,100.98633575439453,0.6723273030190429,0.4635387268066406,11,2.030920036073268,0.5645116170247396,2.1582811934336203,2.212540069934235,98.25311465081167,103.09425168219614,0.10422515869140625,0.0,0.6762974659689993,0.4635387268066406,9.0,0.0,2.030920036073268,0.5645116170247396,0.0,0.0,0.0,0.0,0.0,0.0,certain_cold,220.03291066487628,220.03291066487628,POINT (541963.5609457265 8674047.185968796),dronbreen
dronbreen-20220329-DAT_0247_A1_2,1465.0,1398,100.46524810791016,541964.6537767043,8674052.430839356,320.39635467529297,2022-03-29 14:12:42.249999872+00:00,0,2022-05-03,100 MHz,20220329,0.0,100.04837799072266,100.6736831665039,0.6496213073377274,0.4635387268066406,11,2.0267872189634457,0.5645116170247396,2.15439270978134,2.2019417884350716,97.94444362941063,102.77761752781593,0.20844268798828125,0.0,0.6733903970726359,0.4635387268066406,9.0,0.0,2.0267872189634457,0.5645116170247396,0.0,0.0,0.0,0.0,0.0,0.0,certain_cold,219.9311065673828,219.9311065673828,POINT (541964.6537767043 8674052.430839356),dronbreen
dronbreen-20220329-DAT_0247_A1_2,1470.0,1403,100.15259552001953,541965.7061024016,8674056.930055605,320.12774658203125,2022-03-29 14:12:43.666666752+00:00,0,2022-05-03,100 MHz,20220329,0.0,99.8399429321289,100.46524810791016,0.650534236665632,0.4635387268066406,11,2.020588269727075,0.7903162638346355,2.218613283988382,2.2650764988658394,97.6702939391717,102.63489710086736,0.20844268798828125,0.0,0.6952170609071479,0.4635387268066406,9.0,0.0,2.020588269727075,0.7903162638346355,0.0,0.0,0.0,0.0,0.0,0.0,certain_cold,219.97515106201172,219.97515106201172,POINT (541965.7061024016 8674056.930055605),dronbreen
dronbreen-20220329-DAT_0247_A1_2,1475.0,1409,99.73572540283203,541966.7357486311,8674062.359052831,319.8148600260417,2022-03-29 14:12:45.333333248+00:00,0,2022-05-03,100 MHz,20220329,0.0,99.63151550292969,100.15259552001953,0.6543117717772339,0.30902581787109373,11,2.0123235248467495,0.7903162638346355,2.1839282775869915,2.258798277894564,97.46956134857462,102.3145496743746,0.10420989990234375,0.0,0.7083230027677831,0.30902581787109373,9.0,0.0,2.0123235248467495,0.7903162638346355,0.0,0.0,0.0,0.0,0.0,0.0,certain_cold,220.07913462320965,220.07913462320965,POINT (541966.7357486311 8674062.359052831),dronbreen
dronbreen-20220329-DAT_0247_A1_2,1480.0,1414,99.4230728149414,541967.6981873297,8674067.692901894,319.53358459472656,2022-03-29 14:12:47+00:00,0,2022-05-03,100 MHz,20220329,0.0,99.4230728149414,99.63151550292969,0.6819507227753145,0.3090371292114258,11,2.0061253607853264,0.5645033518473307,2.1068238997752435,2.1927744493510275,97.33903754714171,101.71555077072938,0.0,0.0,0.7460805933039907,0.3090371292114258,9.0,0.0,2.0061253607853264,0.5645033518473307,0.0,0.0,0.0,0.0,0.0,0.0,certain_cold,220.11051177978516,220.11051177978516,POINT (541967.6981873297 8674067.692901894),dronbreen
dronbreen-20220329-DAT_0247_A1_2,1485.0,1418,99.21464538574219,541968.495417076,8674071.780939527,319.32806396484375,2022-03-29 14:12:48.333333248+00:00,0,2022-05-03,100 MHz,20220329,0.0,99.11042022705078,99.4230728149414,0.7003773944724107,0.3090371292114258,11,2.0019935922992933,0.5645033518473307,2.102889993576825,2.1948054293131003,97.0303619639595,101.50313107803268,0.10422515869140625,0.0,0.7719160345489301,0.3090371292114258,9.0,0.0,2.0019935922992933,0.5645033518473307,0.0,0.0,0.0,0.0,0.0,0.0,certain_cold,220.11341857910156,220.11341857910156,POINT (541968.495417076 8674071.780939527),dronbreen
dronbreen-20220329-DAT_0247_A1_2,1490.0,1423,98.90199279785156,541969.5768293099,8674076.77732897,319.0610656738281,2022-03-29 14:12:50+00:00,0,2022-05-03,100 MHz,20220329,0.0,98.79776763916016,99.11042022705078,0.7483591827704205,0.3090145065307617,11,1.9957959995336478,1.0161209106445312,2.2607948474043447,2.361301514682188,96.55819103256604,101.3499968336449,0.10422515869140625,0.0,0.8262841829354642,0.3090145065307617,9.0,0.0,1.9957959995336478,1.0161209106445312,0.0,0.0,0.0,0.0,0.0,0.0,certain_cold,220.15907287597656,220.15907287597656,POINT (541969.5768293099 8674076.77732897),dronbreen
dronbreen-20220329-DAT_0247_A1_2,1495.0,1430,98.27668762207031,541970.8112573351,8674081.98010659,318.77286529541016,2022-03-29 14:12:51.750000128+00:00,0,2022-05-03,100 MHz,20220329,0.0,98.27668762207031,98.79776763916016,0.7938188740396781,0.4635387268066406,11,1.9834018584206268,1.1290149688720703,2.3288250005470825,2.416341477669334,95.99446113639375,101.07999412483672,0.0,0.0,0.8734991472622422,0.4635387268066406,9.0,0.0,1.9834018584206268,1.1290149688720703,0.0,0.0,0.0,0.0,0.0,0.0,certain_cold,220.49617767333984,220.49617767333984,POINT (541970.8112573351 8674081.98010659),dronbreen
dronbreen-20220329-DAT_0247_A1_2,1500.0,1435,97.85982513427734,541971.9535514108,8674087.273055447,318.48203531901044,2022-03-29 14:12:53.333333248+00:00,0,2022-05-03,100 MHz,20220329,0.0,97.85982513427734,98.38090515136719,0.8363375262428112,0.4635387268066406,11,1.9751400330418438,0.7903162638346355,2.1773024820303664,2.285878038043154,95.73243754688146,100.50829273876307,0.0,0.0,0.9166427493735759,0.4635387268066406,9.0,0.0,1.9751400330418438,0.7903162638346355,0.0,0.0,0.0,0.0,0.0,0.0,certain_cold,220.6222101847331,220.6222101847331,POINT (541971.9535514108 8674087.273055447),dronbreen
dronbreen-20220329-DAT_0247_A1_2,1505.0,1439,97.54716491699219,541972.8631188803,8674091.643754162,318.2608235677083,2022-03-29 14:12:54.666666752+00:00,0,2022-05-03,100 MHz,20220329,0.0,97.54716491699219,97.96403503417969,0.8687649575567052,0.30902581787109373,11,1.9689438167040594,0.6774139404296875,2.105024074954138,2.25618748146162,95.46494749318035,100.04625245799153,0.0,0.0,0.9534249524372775,0.30902581787109373,9.0,0.0,1.9689438167040594,0.6774139404296875,0.0,0.0,0.0,0.0,0.0,0.0,certain_cold,220.71365865071613,220.71365865071613,POINT (541972.8631188803 8674091.643754162),dronbreen
dronbreen-20220329-DAT_0247_A1_2,1510.0,1444,97.2345199584961,541973.7962340442,8674096.07722179,318.03643798828125,2022-03-29 14:12:56+00:00,0,2022-05-03,100 MHz,20220329,0.0,97.13030242919922,97.65138244628906,0.9289624601141914,0.4635387268066406,11,1.962748264200906,0.7903079986572266,2.166064549503265,2.3108307453525607,95.01441786680805,99.76726700868024,0.104217529296875,0.0,1.0237702240924864,0.4635387268066406,9.0,0.0,1.962748264200906,0.7903079986572266,0.0,0.0,0.0,0.0,0.0,0.0,certain_cold,220.80191802978516,220.80191802978516,POINT (541973.7962340442 8674096.07722179),dronbreen
dronbreen-20220329-DAT_0247_A1_2,1515.0,1449,96.8176498413086,541974.9474507642,8674101.696123676,317.76312255859375,2022-03-29 14:12:57.666666752+00:00,0,2022-05-03,100 MHz,20220329,0.0,96.60921478271484,97.3387451171875,0.9769352569836125,0.6180516357421875,11,1.9544878941343424,0.9032268524169923,2.240051227023257,2.364369719731337,94.45611430311692,99.49184559678542,0.20843505859375,0.0,1.071009680757392,0.6180516357421875,9.0,0.0,1.9544878941343424,0.9032268524169923,0.0,0.0,0.0,0.0,0.0,0.0,certain_cold,220.94547271728516,220.94547271728516,POINT (541974.9474507642 8674101.696123676),dronbreen
dronbreen-20220329-DAT_0247_A1_2,1520.0,1454,96.40077209472656,541975.8855482903,8674106.377877975,317.5502624511719,2022-03-29 14:12:59+00:00,0,2022-05-03,100 MHz,20220329,0.0,96.19234466552734,96.92186737060547,0.9796618344117087,0.7725758560180663,11,1.9462280298525567,1.2419172922770183,2.434550381146895,2.507967187752535,93.88363028192758,99.23058175420523,0.20842742919921875,0.0,1.0717155831187053,0.7725758560180663,9.0,0.0,1.9462280298525567,1.2419172922770183,0.0,0.0,0.0,0.0,0.0,0.0,certain_cold,221.1494903564453,221.1494903564453,POINT (541975.8855482903 8674106.377877975),dronbreen
dronbreen-20220329-DAT_0247_A1_2,1525.0,1459,95.6712646484375,541976.8285894749,8674111.192715455,317.3280944824219,2022-03-29 14:13:00.428571392+00:00,0,2022-05-03,100 MHz,20220329,0.0,95.6712646484375,96.60921478271484,1.0010934285921713,0.7725532333374023,11,1.9317754403068041,1.3548113505045574,2.4827623014635543,2.563095433260135,93.31175831294516,98.96872111820718,0.0,0.0,1.091101878761356,0.7725758560180663,9.0,0.0,1.9317754403068041,1.3548113505045574,0.0,0.0,0.0,0.0,0.0,0.0,certain_cold,221.65682983398438,221.65682983398438,POINT (541976.8285894749 8674111.192715455),dronbreen
dronbreen-20220329-DAT_0247_A1_2,1530.0,1464,95.15017700195312,541977.8276934953,8674116.487842152,317.08038330078125,2022-03-29 14:13:02+00:00,0,2022-05-03,100 MHz,20220329,0.0,95.04595947265625,96.29656219482422,1.0597385584035663,0.9270774536132812,11,1.9214532191550238,1.0161209106445312,2.363039733785355,2.4181666589831114,92.87237161419498,98.4701500532855,0.104217529296875,0.0,1.14335608698264,0.9270774536132812,9.0,0.0,1.9214532191550238,1.0161209106445312,0.0,0.0,0.0,0.0,0.0,0.0,certain_cold,221.93020629882812,221.93020629882812,POINT (541977.8276934953 8674116.487842152),dronbreen
dronbreen-20220329-DAT_0247_A1_2,1535.0,1469,94.73330688476562,541978.7970677469,8674120.984480679,316.87799072265625,2022-03-29 14:13:03.500000+00:00,0,2022-05-03,100 MHz,20220329,0.0,94.420654296875,95.9839096069336,1.1599137752367752,1.081579051208496,11,1.9131962192439314,1.580632527669271,2.7071261893137697,2.7393646940192995,91.93897765378561,98.46558625002298,0.10420989990234375,0.0,1.2309065295686374,1.081579051208496,9.0,0.0,1.9131962192439314,1.580632527669271,0.0,0.0,0.0,0.0,0.0,0.0,certain_cold,222.14468383789062,222.14468383789062,POINT (541978.7970677469 8674120.984480679),dronbreen
dronbreen-20220329-DAT_0247_A1_2,1540.0,1480,93.69113159179688,541979.8811417477,8674125.48470399,316.6690979003906,2022-03-29 14:13:05+00:00,0,2022-05-03,100 MHz,20220329,0.0,92.96161651611328,95.04595947265625,1.3606389354967445,1.236103271484375,11,1.8925568037923086,1.1854702631632488,2.5524620071999653,2.6150428893642674,90.72843246628109,97.27914352248844,0.5210723876953125,0.0,1.4374770259145881,1.236103271484375,9.0,0.0,1.8925568037923086,1.1854702631632488,0.0,0.0,0.0,0.0,0.0,0.0,certain_cold,222.97796630859375,222.97796630859375,POINT (541979.8811417477 8674125.48470399),dronbreen
dronbreen-20220329-DAT_0247_A1_2,1550.0,1481,93.58692169189453,541988.340912118,8674143.800614234,315.9374694824219,2022-03-29 14:18:25+00:00,0,2022-05-03,100 MHz,20220329,0.0,92.85739135742188,94.9417495727539,1.4229299054648217,1.3906048690795898,11,1.8904932596298565,0.43278810713026256,2.3864308521906055,2.405410531748259,90.91799188583813,96.88114904433765,0.62530517578125,0.0,1.4994244969111643,1.3906048690795898,9.0,0.0,1.8904932596298565,0.24461756812201607,0.0,0.0,0.0,0.0,0.0,0.0,certain_cold,222.35054779052734,222.35054779052734,POINT (541988.340912118 8674143.800614234),dronbreen
dronbreen-20220329-DAT_0247_A1_2,1565.0,1489,92.54474639892578,541993.893242253,8674142.485427076,316.1867370605469,2022-03-29 14:18:28+00:00,0,2022-05-03,100 MHz,20220329,0.0,92.33631896972656,94.31644439697266,1.4216783091953153,1.3906048690795898,11,1.8698588274029124,0.8279421064588759,2.472982423708672,2.4905881596322996,90.2913592718195,96.36140409487972,0.104217529296875,0.0,1.9446873744548336,1.6996306869506834,9.0,1.0,1.8801754669783162,0.5268775092230903,0.0,0.0,0.0,0.0,0.0,0.0,certain_cold,223.6419906616211,223.6419906616211,POINT (541993.893242253 8674142.485427076),dronbreen
dronbreen-20220329-DAT_0247_A1_2,1570.0,1495,92.12788391113281,541997.4830785574,8674139.06182026,316.5047607421875,2022-03-29 14:18:30+00:00,0,2022-05-03,100 MHz,20220329,0.0,92.0236587524414,93.79535675048828,1.3332227732979032,1.0815903625488281,11,1.8616065098664822,0.6774056752522787,2.2570544873351563,2.387873574894913,90.04263446020235,95.77638104272734,0.0,0.0,2.1848346109427044,1.3906161804199217,9.0,1.0,1.8739853436450933,0.6774139404296875,0.0,0.0,0.0,0.0,0.0,0.0,certain_cold,224.3768768310547,224.3768768310547,POINT (541997.4830785574 8674139.06182026),dronbreen
dronbreen-20220329-DAT_0247_A1_2,1575.0,1500,91.91944885253906,542000.3387143561,8674135.863393387,316.76922607421875,2022-03-29 14:18:31.333333248+00:00,0,2022-05-03,100 MHz,20220329,0.0,91.91944885253906,93.48271179199219,1.2652825217778747,0.9270661422729491,11,1.85748056004412,0.33870697021484375,2.1034276965854533,2.2728608189967363,90.0313396283113,95.37082101621995,0.0,0.0,2.4476834318114697,1.236091960144043,9.0,1.0,1.8677956395384048,0.5645033518473307,0.0,0.0,0.0,0.0,0.0,0.0,certain_cold,224.8497772216797,224.8497772216797,POINT (542000.3387143561 8674135.863393387),dronbreen
dronbreen-20220329-DAT_0247_A1_2,1580.0,1505,91.81523132324219,542004.8331894429,8674131.661672262,317.0798645019531,2022-03-29 14:18:33+00:00,0,2022-05-03,100 MHz,20220329,0.0,91.60679626464844,93.06583404541016,1.188589026515676,0.9270774536132812,11,1.8554176568029608,0.33870697021484375,2.101611214722265,2.229358869002878,89.72071644320707,94.95191386685153,0.0,0.0,2.7071357159534117,1.236103271484375,9.0,1.0,1.863669556130347,0.5645033518473307,0.0,0.0,0.0,0.0,0.0,0.0,certain_cold,225.26463317871094,225.26463317871094,POINT (542004.8331894429 8674131.661672262),dronbreen
dronbreen-20220329-DAT_0247_A1_2,1585.0,1511,91.60679626464844,542008.4282212012,8674128.889598668,317.24525960286456,2022-03-29 14:18:34.333333248+00:00,0,2022-05-03,100 MHz,20220329,0.0,91.39835357666016,92.54474639892578,1.0793109246631014,0.7725758560180663,11,1.851291994459308,0.45161755879720056,2.0562378076149446,2.190011995460341,89.49277217767373,94.45032779791221,0.0,0.0,3.0522435799718863,1.0815903625488281,9.0,1.0,1.85748056004412,0.5645198822021485,0.0,0.0,0.0,0.0,0.0,0.0,certain_cold,225.63846333821613,225.63846333821613,POINT (542008.4282212012 8674128.889598668),dronbreen
dronbreen-20220329-DAT_0247_A1_2,1590.0,1516,91.39835357666016,542012.4809748965,8674125.759654202,317.42144775390625,2022-03-29 14:18:36+00:00,0,2022-05-03,100 MHz,20220329,0.0,91.18992614746094,92.12788391113281,0.9963498354607049,0.7725532333374023,11,1.8471663743717497,0.4516092936197917,2.052513840887198,2.146785402250541,89.28835454252636,94.02945551606739,0.0,0.0,3.3637707609307235,1.08160167388916,9.0,1.0,1.8533546505420133,0.4516092936197917,0.0,0.0,0.0,0.0,0.0,0.0,certain_cold,226.0230941772461,226.0230941772461,POINT (542012.4809748965 8674125.759654202),dronbreen
dronbreen-20220329-DAT_0247_A1_2,1595.0,1521,91.18992614746094,542016.6436097006,8674122.788241258,317.5741678873698,2022-03-29 14:18:37.666666752+00:00,0,2022-05-03,100 MHz,20220329,0.0,91.0857162475586,91.91944885253906,0.9137457074801064,0.6180516357421875,11,1.8430412508437655,0.5645033518473307,2.024216616620419,2.133165793954362,89.15816207541229,93.84700302468536,0.0,0.0,3.688355881707219,0.7725532333374023,9.0,1.0,1.8492292356783906,0.5645033518473307,0.0,0.0,0.0,0.0,0.0,0.0,certain_cold,226.38424173990887,226.38424173990887,POINT (542016.6436097006 8674122.788241258),dronbreen
dronbreen-20220329-DAT_0247_A1_2,1600.0,1528,90.87727355957031,542020.4701819485,8674120.364619493,317.71893310546875,2022-03-29 14:18:39.666666752+00:00,0,2022-05-03,100 MHz,20220329,0.0,90.87727355957031,91.60679626464844,0.821210456161565,0.6180403244018554,11,1.8368537067084005,0.4516010284423828,1.9899620276089087,2.06212551559009,88.98571995770263,93.49834986651612,0.0,0.0,4.1171612380475455,0.6180516357421875,9.0,1.0,1.8430412508437655,0.7903079986572266,0.0,0.0,0.0,0.0,0.0,0.0,certain_cold,226.84165954589844,226.84165954589844,POINT (542020.4701819485 8674120.364619493),dronbreen
dronbreen-20220329-DAT_0247_A1_2,1605.0,1536,90.77306365966797,542024.6397782002,8674117.579545759,317.8910217285156,2022-03-29 14:18:42+00:00,0,2022-05-03,100 MHz,20220329,0.0,90.46041107177734,90.98149108886719,0.7410672372288886,0.4635387268066406,11,1.8347914416807305,0.4516010284423828,1.9455773627909512,2.029675780377036,88.57086003426735,92.87104212637718,0.312652587890625,0.0,4.05844883524526,0.7725532333374023,9.0,1.0,1.8347914416807305,0.7903079986572266,0.0,0.0,0.0,0.0,0.0,0.0,certain_cold,227.11795806884766,227.11795806884766,POINT (542024.6397782002 8674117.579545759),dronbreen
dronbreen-20220329-DAT_0247_A1_2,1610.0,1543,90.46041107177734,542028.9770194612,8674114.73769753,318.0629577636719,2022-03-29 14:18:44+00:00,0,2022-05-03,100 MHz,20220329,0.0,90.04354095458984,90.56462097167969,0.7541415961466872,0.6180516357421875,11,1.8286044920949893,0.6774139404296875,2.0456470515810015,2.0907925727429593,88.09349376664836,92.51466815962117,0.4168701171875,0.0,3.878071579955933,0.7725532333374023,9.0,1.0,1.8286044920949893,0.6774139404296875,0.0,0.0,0.0,0.0,0.0,0.0,certain_cold,227.60254669189453,227.60254669189453,POINT (542028.9770194612 8674114.73769753),dronbreen
dronbreen-20220329-DAT_0247_A1_2,1615.0,1548,90.14775848388672,542033.0859736168,8674112.26091523,318.19225056966144,2022-03-29 14:18:45.666666752+00:00,0,2022-05-03,100 MHz,20220329,0.0,89.73088836669922,90.35619354248047,0.7574076728759074,0.6180516357421875,11,1.8224179937291192,0.5645033518473307,2.0054573549587467,2.0526903714505598,87.82304367225616,92.26403823692353,0.4168701171875,0.0,3.725223307543546,0.6180516357421875,9.0,1.0,1.8224179937291192,0.5645033518473307,0.0,0.0,0.0,0.0,0.0,0.0,certain_cold,228.04449208577472,228.04449208577472,POINT (542033.0859736168 8674112.26091523),dronbreen
dronbreen-20220329-DAT_0247_A1_2,1620.0,1553,89.9393310546875,542037.4395997975,8674109.712048454,318.30850655691967,2022-03-29 14:18:47.142856960+00:00,0,2022-05-03,100 MHz,20220329,0.0,89.52245330810547,90.14775848388672,0.7369236062686327,0.6180629470825195,11,1.8182940653881787,0.5645033518473307,2.0017140527630493,2.0415468997671127,87.61854749571013,92.05166429628206,0.41687774658203125,0.0,3.575081985588194,0.6180629470825195,9.0,1.0,1.8182940653881787,0.4516092936197917,0.0,0.0,0.0,0.0,0.0,0.0,certain_cold,228.36917550223217,228.36917550223217,POINT (542037.4395997975 8674109.712048454),dronbreen
dronbreen-20220329-DAT_0247_A1_2,1625.0,1558,89.62667846679688,542041.4730783713,8674107.405730397,318.4129333496094,2022-03-29 14:18:48.500000+00:00,0,2022-05-03,100 MHz,20220329,0.0,89.31402587890625,89.8351058959961,0.7547952200378367,0.6180403244018554,11,1.8121083293214666,0.6774139404296875,2.030911146867697,2.0766179398427336,87.37943903829022,91.76969273661213,0.312652587890625,0.0,3.433630224901268,0.7725532333374023,9.0,1.0,1.8141700391172861,0.45161755879720056,0.0,0.0,0.0,0.0,0.0,0.0,certain_cold,228.7862548828125,228.7862548828125,POINT (542041.4730783713 8674107.405730397),dronbreen
dronbreen-20220329-DAT_0247_A1_2,1630.0,1563,89.31402587890625,542046.1611610054,8674104.667966042,318.55455780029297,2022-03-29 14:18:50.249999872+00:00,0,2022-05-03,100 MHz,20220329,0.0,89.10558319091797,89.62667846679688,0.7461153092757784,0.6180516357421875,11,1.805923056910004,0.6774222056070964,2.0254003941375025,2.0680780901272677,87.17678591485998,91.55547574285487,0.20844268798828125,0.0,3.3228943103207906,0.7725645446777343,9.0,1.0,1.8100463691631687,0.5645116170247396,0.0,0.0,0.0,0.0,0.0,0.0,certain_cold,229.24053192138672,229.24053192138672,POINT (542046.1611610054 8674104.667966042),dronbreen
dronbreen-20220329-DAT_0247_A1_2,1635.0,1569,89.0013656616211,542050.5022277967,8674102.01240146,318.7193908691406,2022-03-29 14:18:52+00:00,0,2022-05-03,100 MHz,20220329,0.0,88.79293823242188,89.31402587890625,0.7434635078538216,0.6180403244018554,11,1.7997381020174668,0.5645116170247396,1.9848688733002164,2.0274290589610353,86.906743491254,91.20022062007412,0.20842742919921875,0.0,3.1715437518283838,0.7725645446777343,9.0,1.0,1.8038612523739672,0.5645116170247396,0.0,0.0,0.0,0.0,0.0,0.0,certain_cold,229.71802520751953,229.71802520751953,POINT (542050.5022277967 8674102.01240146),dronbreen
dronbreen-20220329-DAT_0247_A1_2,1640.0,1574,88.79293823242188,542054.914107237,8674099.23500438,318.9314676920573,2022-03-29 14:18:53.666666752+00:00,0,2022-05-03,100 MHz,20220329,0.0,88.58450317382812,89.10558319091797,0.7326252150083101,0.6180403244018554,11,1.7956153129160697,0.6774056752522787,2.016206002230283,2.054227958749623,86.66535940619562,91.02472695855047,0.20843505859375,0.0,3.0275819377921067,0.7725532333374023,9.0,1.0,1.7997381020174668,0.5645033518473307,0.0,0.0,0.0,0.0,0.0,0.0,certain_cold,230.13852945963544,230.13852945963544,POINT (542054.914107237 8674099.23500438),dronbreen
dronbreen-20220329-DAT_0247_A1_2,1645.0,1580,88.37606811523438,542058.9755705706,8674096.648253161,319.1619644165039,2022-03-29 14:18:55.249999872+00:00,0,2022-05-03,100 MHz,20220329,0.0,88.37606811523438,88.89714813232422,0.7262643154399331,0.4635387268066406,11,1.7873700697402923,0.4516092936197917,1.9009236890355978,1.9814395211988225,86.53252730465078,90.74068894290781,0.0,0.0,2.9407885836795074,0.6180516357421875,9.0,1.0,1.7935539222400774,0.6774056752522787,0.0,0.0,0.0,0.0,0.0,0.0,certain_cold,230.78589630126953,230.78589630126953,POINT (542058.9755705706 8674096.648253161),dronbreen
dronbreen-20220329-DAT_0247_A1_2,1650.0,1586,88.37606811523438,542063.4644416329,8674093.857784305,319.47833251953125,2022-03-29 14:18:57+00:00,0,2022-05-03,100 MHz,20220329,0.0,88.2718505859375,88.688720703125,0.6674624974139437,0.15451290893554687,11,1.7873700697402923,0.11290232340494792,1.7975853080900992,1.911267874027006,86.48091823075664,90.47965305830586,0.0,0.0,2.991140441573799,0.30902581787109373,9.0,1.0,1.7873700697402923,0.4516092936197917,0.0,0.0,0.0,0.0,0.0,0.0,certain_cold,231.10226440429688,231.10226440429688,POINT (542063.4644416329 8674093.857784305),dronbreen
dronbreen-20220329-DAT_0247_A1_2,1655.0,1591,88.2718505859375,542067.4431579986,8674091.470072793,319.79949951171875,2022-03-29 14:18:58.500000+00:00,0,2022-05-03,100 MHz,20220329,0.0,88.1676254272461,88.48028564453125,0.6347065908442179,0.3090371292114258,11,1.7853088926979637,0.11290232340494792,1.815372888474405,1.8981378330979428,86.37875014456799,90.26916092720936,0.0,0.0,3.074844492320319,0.3090371292114258,9.0,1.0,1.7853088926979637,0.11290232340494792,0.0,0.0,0.0,0.0,0.0,0.0,certain_cold,231.52764892578125,231.52764892578125,POINT (542067.4431579986 8674091.470072793),dronbreen
dronbreen-20220329-DAT_0247_A1_2,1660.0,1597,88.2718505859375,542071.8139596037,8674088.784491032,320.19500732421875,2022-03-29 14:19:00.333333248+00:00,0,2022-05-03,100 MHz,20220329,0.0,88.06341552734375,88.48028564453125,0.6081713978029561,0.4635387268066406,11,1.7853088926979637,0.0,1.844504267708793,1.886054159204351,86.27810663464578,90.26559453722922,0.20843505859375,0.0,3.177244003831107,0.6180516357421875,9.0,1.0,1.7853088926979637,0.0,0.0,0.0,0.0,0.0,0.0,0.0,certain_cold,231.92315673828125,231.92315673828125,POINT (542071.8139596037 8674088.784491032),dronbreen
dronbreen-20220329-DAT_0247_A1_2,1665.0,1603,88.2718505859375,542075.935752762,8674086.106628567,320.58753204345703,2022-03-29 14:19:02.249999872+00:00,0,2022-05-03,100 MHz,20220329,0.0,88.06341552734375,88.688720703125,0.5968675741072941,0.6180516357421875,11,1.7853088926979637,0.0,1.8892632603186943,1.8824395723016332,86.27810663464578,90.47402959582297,0.20843505859375,0.0,3.297691141297103,0.6180629470825195,9.0,1.0,1.7853088926979637,0.0,0.0,0.0,0.0,0.0,0.0,0.0,certain_cold,232.31568145751953,232.31568145751953,POINT (542075.935752762 8674086.106628567),dronbreen
dronbreen-20220329-DAT_0247_A1_2,1670.0,1609,88.2718505859375,542080.1615951126,8674083.773218451,320.9532165527344,2022-03-29 14:19:04+00:00,0,2022-05-03,100 MHz,20220329,0.0,88.1676254272461,88.89714813232422,0.5910477181572253,0.4635387268066406,11,1.7853088926979637,0.22580464680989584,1.8582743963464847,1.8941100775842554,86.3680933822779,90.69668017729241,0.10422515869140625,0.0,3.5091562230860283,0.7725532333374023,9.0,1.0,1.7853088926979637,0.22580464680989584,0.0,0.0,0.0,0.0,0.0,0.0,certain_cold,232.68136596679688,232.68136596679688,POINT (542080.1615951126 8674083.773218451),dronbreen
dronbreen-20220329-DAT_0247_A1_2,1675.0,1617,88.48028564453125,542084.0568534816,8674080.793628993,321.3468526204427,2022-03-29 14:19:06.333333248+00:00,0,2022-05-03,100 MHz,20220329,0.0,88.2718505859375,89.20980072021484,0.6972723317493101,0.30902581787109373,11,1.7894313004681506,0.5645116170247396,1.9016400029874008,2.0017308633965114,86.39548768264532,91.08616362350702,0.104217529296875,0.0,3.7351321956519303,0.7725532333374023,9.0,1.0,1.7894313004681506,0.6774056752522787,0.0,0.0,0.0,0.0,0.0,0.0,certain_cold,232.86656697591144,232.86656697591144,POINT (542084.0568534816 8674080.793628993),dronbreen
dronbreen-20220329-DAT_0247_A1_2,1680.0,1626,88.79293823242188,542086.21240566,8674076.33278414,321.7369689941406,2022-03-29 14:19:09+00:00,0,2022-05-03,100 MHz,20220329,0.0,88.688720703125,89.4182357788086,0.7473009192320987,0.3090145065307617,11,1.7956153129160697,0.9032185872395834,2.0335997968037356,2.1444106025196956,86.67873608420034,91.42822039773326,0.0,0.0,3.9844350130872472,0.6180516357421875,9.0,1.0,1.7976766056285425,1.0161126454671223,0.0,0.0,0.0,0.0,0.0,0.0,certain_cold,232.94403076171875,232.94403076171875,POINT (542086.21240566 8674076.33278414),dronbreen
dronbreen-20220329-DAT_0247_A1_2,1685.0,1637,89.31402587890625,542085.2059549945,8674071.40066877,321.97828165690106,2022-03-29 14:19:12.333333248+00:00,0,2022-05-03,100 MHz,20220329,0.0,89.20980072021484,89.8351058959961,0.814080867546757,0.30902581787109373,11,1.805923056910004,1.0161126454671223,2.0950751661618887,2.2263357012506106,87.13764170224412,91.90726491396681,0.0,0.0,4.275155518407381,0.6180516357421875,9.0,1.0,1.807984611637456,1.0161209106445312,0.0,0.0,0.0,0.0,0.0,0.0,certain_cold,232.6642557779948,232.6642557779948,POINT (542085.2059549945 8674071.40066877),dronbreen
dronbreen-20220329-DAT_0247_A1_2,1690.0,1645,89.73088836669922,542082.8445688954,8674066.550166382,322.1151123046875,2022-03-29 14:19:15+00:00,0,2022-05-03,100 MHz,20220329,0.0,89.62667846679688,90.04354095458984,0.8546691057160625,0.30902581787109373,11,1.8141700391172861,0.9032103220621746,2.0499997006881174,2.19942290089377,87.6001045558056,92.07011486558112,0.0,0.0,4.476818039284682,0.4635387268066406,9.0,1.0,1.8162319511939913,0.7903162638346355,0.0,0.0,0.0,0.0,0.0,0.0,certain_cold,232.38422393798828,232.38422393798828,POINT (542082.8445688954 8674066.550166382),dronbreen
dronbreen-20220329-DAT_0247_A1_2,1695.0,1652,90.14775848388672,542081.1570838253,8674062.077469518,322.26839447021484,2022-03-29 14:19:16.750000128+00:00,0,2022-05-03,100 MHz,20220329,0.0,89.8351058959961,90.35619354248047,0.9171957184885088,0.4635387268066406,11,1.8224179937291192,0.7903162638346355,2.0397733432905545,2.1879339859243596,87.84870031285121,92.34259912562536,0.0,0.0,4.708481786826309,0.7725532333374023,9.0,1.0,1.8224179937291192,0.6774139404296875,0.0,0.0,0.0,0.0,0.0,0.0,certain_cold,232.12063598632812,232.12063598632812,POINT (542081.1570838253 8674062.077469518),dronbreen
dronbreen-20220329-DAT_0247_A1_2,1700.0,1657,90.46041107177734,542079.5955257324,8674057.453638459,322.4415690104167,2022-03-29 14:19:18.333333248+00:00,0,2022-05-03,100 MHz,20220329,0.0,90.04354095458984,90.66883850097656,0.9497723560149564,0.6180516357421875,11,1.8286044920949893,0.5645033518473307,2.0110808654055754,2.1364751229553427,88.12978589639748,92.58259355916893,0.0,0.0,4.84581396751233,0.6180516357421875,9.0,1.0,1.8286044920949893,0.5645033518473307,0.0,0.0,0.0,0.0,0.0,0.0,certain_cold,231.98115793863934,231.98115793863934,POINT (542079.5955257324 8674057.453638459),dronbreen
dronbreen-20220329-DAT_0247_A1_2,1705.0,1662,90.66883850097656,542077.9722530297,8674052.25407456,322.66424560546875,2022-03-29 14:19:20+00:00,0,2022-05-03,100 MHz,20220329,0.0,90.46041107177734,90.98149108886719,0.9361636409920292,0.3090145065307617,11,1.832728924321998,0.4516010284423828,1.9126758126204073,2.1069506785048713,88.57286271506256,92.86903944558198,0.0,0.0,5.000515871929945,0.4635387268066406,9.0,1.0,1.832728924321998,0.5645033518473307,0.0,0.0,0.0,0.0,0.0,0.0,certain_cold,231.9954071044922,231.9954071044922,POINT (542077.9722530297 8674052.25407456),dronbreen
dronbreen-20220329-DAT_0247_A1_2,1710.0,1668,90.87727355957031,542076.3991058144,8674047.490311766,322.86891682942706,2022-03-29 14:19:21.666666752+00:00,0,2022-05-03,100 MHz,20220329,0.0,90.87727355957031,91.39835357666016,0.9744059605672308,0.3090145065307617,11,1.8368537067084005,0.5645116170247396,1.946328561895634,2.154569999232614,88.95563235851215,93.31999477771832,0.0,0.0,5.188949631114118,0.46351610412597655,9.0,1.0,1.8389161721789953,0.5645116170247396,0.0,0.0,0.0,0.0,0.0,0.0,certain_cold,231.99164326985675,231.99164326985675,POINT (542076.3991058144 8674047.490311766),dronbreen
dronbreen-20220329-DAT_0247_A1_2,1715.0,1673,91.18992614746094,542074.894995919,8674043.27149994,323.02235412597656,2022-03-29 14:19:23.249999872+00:00,0,2022-05-03,100 MHz,20220329,0.0,91.0857162475586,91.81523132324219,0.9825803134536383,0.30902581787109373,11,1.8430412508437655,0.7903162638346355,2.0290139983016844,2.233128953191002,89.08037317237338,93.8205743984274,0.0,0.0,5.352515530813878,0.6180629470825195,9.0,1.0,1.8430412508437655,0.6774139404296875,0.0,0.0,0.0,0.0,0.0,0.0,certain_cold,231.83242797851562,231.83242797851562,POINT (542074.894995919 8674043.27149994),dronbreen
dronbreen-20220329-DAT_0247_A1_2,1720.0,1680,91.60679626464844,542073.1464899312,8674038.039219199,323.1957746233259,2022-03-29 14:19:25.142856960+00:00,0,2022-05-03,100 MHz,20220329,0.0,91.60679626464844,92.23210144042969,1.0009955796403864,0.4635387268066406,11,1.851291994459308,0.9032103220621746,2.111383216253814,2.2902102709332985,89.5469246825762,94.29197302250192,0.0,0.0,5.600098450781048,0.6180516357421875,9.0,1.0,1.851291994459308,0.9032103220621746,0.0,0.0,0.0,0.0,0.0,0.0,certain_cold,231.58897835867748,231.58897835867748,POINT (542073.1464899312 8674038.039219199),dronbreen
dronbreen-20220329-DAT_0247_A1_2,1725.0,1685,92.0236587524414,542071.7072835484,8674033.944293667,323.3301595052083,2022-03-29 14:19:26.666666752+00:00,0,2022-05-03,100 MHz,20220329,0.0,92.0236587524414,92.33631896972656,0.9777444230558918,0.30902581787109373,11,1.8595433600952451,1.0161126454671223,2.141467574459956,2.3337460387045987,89.90460556378557,94.4553721583824,0.10420989990234375,0.0,5.736201101790375,0.7725532333374023,9.0,1.0,1.8595433600952451,0.9032103220621746,0.0,0.0,0.0,0.0,0.0,0.0,certain_cold,231.3065007527669,231.3065007527669,POINT (542071.7072835484 8674033.944293667),dronbreen
dronbreen-20220329-DAT_0247_A1_2,1730.0,1691,92.54474639892578,542069.7525483097,8674028.734359674,323.5146942138672,2022-03-29 14:19:28.500000+00:00,0,2022-05-03,100 MHz,20220329,0.0,92.4405288696289,92.64897155761719,0.9651408811666119,0.1545242202758789,11,1.8698588274029124,0.9032103220621746,2.0823156953133015,2.289903456653864,90.36395454630305,94.72554588094305,0.20842742919921875,0.0,5.731412288864485,0.7725645446777343,9.0,1.0,1.8677956395384048,0.9032103220621746,0.0,0.0,0.0,0.0,0.0,0.0,certain_cold,230.9699478149414,230.9699478149414,POINT (542069.7525483097 8674028.734359674),dronbreen
dronbreen-20220329-DAT_0247_A1_2,1735.0,1696,92.85739135742188,542067.9803853167,8674024.212506445,323.6723937988281,2022-03-29 14:19:30+00:00,0,2022-05-03,100 MHz,20220329,0.0,92.85739135742188,93.17005920410156,0.9554758567241319,0.30902581787109373,11,1.8760485206630884,0.9032185872395834,2.1049605279738928,2.290915969868809,90.77523817664549,95.25221238487795,0.10420989990234375,0.0,5.513196043151467,0.6180403244018554,9.0,1.0,1.8760485206630884,0.7903245290120442,0.0,0.0,0.0,0.0,0.0,0.0,certain_cold,230.81500244140625,230.81500244140625,POINT (542067.9803853167 8674024.212506445),dronbreen
dronbreen-20220329-DAT_0247_A1_2,1740.0,1701,93.37848663330078,542066.2686551913,8674019.50645028,323.8820059640067,2022-03-29 14:19:31.428571392+00:00,0,2022-05-03,100 MHz,20220329,0.0,93.17005920410156,93.58692169189453,0.9171959706820856,0.30902581787109373,11,1.8863660054109896,0.9032185872395834,2.1141611761680283,2.283731370223025,91.07860503948181,95.67837585651428,0.312652587890625,0.0,5.319410310596027,0.7725645446777343,9.0,1.0,1.882239084930051,0.6774304707845054,0.0,0.0,0.0,0.0,0.0,0.0,certain_cold,230.5035193307059,230.5035193307059,POINT (542066.2686551913 8674019.50645028),dronbreen
dronbreen-20220329-DAT_0247_A1_2,1745.0,1706,93.69113159179688,542064.4534861903,8674014.61105953,324.1221618652344,2022-03-29 14:19:33+00:00,0,2022-05-03,100 MHz,20220329,0.0,93.48271179199219,94.10800170898438,0.9006841041621517,0.46352741546630855,11,1.8925568037923086,0.9032103220621746,2.147654023894233,2.2822778088897486,91.38567575475768,96.20503774621888,0.31264495849609375,0.0,5.090334404204699,0.6180403244018554,9.0,1.0,1.8884297608314347,0.7903079986572266,0.0,0.0,0.0,0.0,0.0,0.0,certain_cold,230.4310302734375,230.4310302734375,POINT (542064.4534861903 8674014.61105953),dronbreen
dronbreen-20220329-DAT_0247_A1_2,1750.0,1712,94.21221923828125,542062.6106273974,8674009.900902556,324.3673400878906,2022-03-29 14:19:34.666666752+00:00,0,2022-05-03,100 MHz,20220329,0.0,93.89957427978516,94.73330688476562,0.9161180255913857,0.6180403244018554,11,1.902875955368817,0.9032185872395834,2.1951570696518754,2.296957325391422,91.79321706462532,96.83966409992546,0.41686248779296875,0.0,4.865045540031279,0.6180516357421875,9.0,1.0,1.8966844808691707,0.7902997334798177,0.0,0.0,0.0,0.0,0.0,0.0,certain_cold,230.15512084960938,230.15512084960938,POINT (542062.6106273974 8674009.900902556),dronbreen
dronbreen-20220329-DAT_0247_A1_2,1755.0,1717,94.52487182617188,542060.9556222415,8674005.302972484,324.6219220842634,2022-03-29 14:19:36.285714432+00:00,0,2022-05-03,100 MHz,20220329,0.0,94.21221923828125,95.15017700195312,0.8970630845354517,0.6180629470825195,11,1.9090679813725044,0.7903245290120443,2.156653710083315,2.2525264918078225,92.14602626117097,97.2163699790634,0.312652587890625,0.0,4.672498917435764,0.6180516357421875,9.0,1.0,1.902875955368817,0.7903162638346355,0.0,0.0,0.0,0.0,0.0,0.0,certain_cold,230.09705025809154,230.09705025809154,POINT (542060.9556222415 8674005.302972484),dronbreen
dronbreen-20220329-DAT_0247_A1_2,1760.0,1722,94.9417495727539,542059.5549719462,8674001.138375483,324.8448747907366,2022-03-29 14:19:37.714285568+00:00,0,2022-05-03,100 MHz,20220329,0.0,94.62909698486328,95.46282958984375,0.8992577473217107,0.6180516357421875,11,1.9173247833307239,0.7903079986572267,2.1639567652703677,2.2603949994710915,92.55527899441287,97.53664758029416,0.41687774658203125,0.0,4.455134179946261,0.6180629470825195,9.0,1.0,1.9111322294567334,0.7903245290120443,0.0,0.0,0.0,0.0,0.0,0.0,certain_cold,229.90312521798268,229.90312521798268,POINT (542059.5549719462 8674001.138375483),dronbreen
dronbreen-20220329-DAT_0247_A1_2,1765.0,1727,95.25438690185547,542058.0146622577,8673996.544040944,325.0847574869792,2022-03-29 14:19:39.333333248+00:00,0,2022-05-03,100 MHz,20220329,0.0,94.9417495727539,95.87969207763672,0.8781454484077598,0.6180403244018554,11,1.923517426388269,0.7903079986572267,2.1694422935279225,2.2573536388701276,92.8622049056787,97.95923674471193,0.3126373291015625,0.0,3.9897708712764386,0.46351610412597655,9.0,1.0,1.9173247833307239,0.9032103220621746,0.0,0.0,0.0,0.0,0.0,0.0,certain_cold,229.83037058512372,229.83037058512372,POINT (542058.0146622577 8673996.544040944),dronbreen
dronbreen-20220329-DAT_0247_A1_2,1770.0,1733,95.6712646484375,542056.2700601683,8673991.139103832,325.3731460571289,2022-03-29 14:19:41.249999872+00:00,0,2022-05-03,100 MHz,20220329,0.0,95.46282958984375,96.29656219482422,0.8744306795842869,0.4635387268066406,11,1.9317754403068041,0.9032268524169923,2.182302281983221,2.3048219263313796,93.33032517045802,98.42906661420994,0.312652587890625,0.0,3.2541773108592182,0.4635387268066406,9.0,1.0,1.9276464233151833,1.1290067036946614,0.0,0.0,0.0,0.0,0.0,0.0,certain_cold,229.7018814086914,229.7018814086914,POINT (542056.2700601683 8673991.139103832),dronbreen
dronbreen-20220329-DAT_0247_A1_2,1775.0,1739,96.088134765625,542054.8168063186,8673986.208535664,325.6508483886719,2022-03-29 14:19:43+00:00,0,2022-05-03,100 MHz,20220329,0.0,95.9839096069336,96.60921478271484,0.8561728392934215,0.4635387268066406,11,1.9400339834896614,0.7902997334798177,2.1455007986674244,2.2630372194413404,93.88908132618288,98.70404306346556,0.312652587890625,0.0,2.4902071026110413,0.4635387268066406,9.0,1.0,1.9379691332353048,1.0161043802897136,0.0,0.0,0.0,0.0,0.0,0.0,certain_cold,229.56271362304688,229.56271362304688,POINT (542054.8168063186 8673986.208535664),dronbreen
dronbreen-20220329-DAT_0247_A1_2,1780.0,1744,96.40077209472656,542053.5137907274,8673981.980539976,325.8994140625,2022-03-29 14:19:44.500000+00:00,0,2022-05-03,100 MHz,20220329,0.0,96.29656219482422,96.92186737060547,0.8895455410695475,0.46351610412597655,11,1.9462280298525567,0.7903079986572267,2.151101451747332,2.2811579398546846,94.19599315836639,99.0224364070633,0.3126373291015625,0.0,1.9222172930693766,0.4635387268066406,9.0,1.0,1.9462280298525567,0.9032185872395834,0.0,0.0,0.0,0.0,0.0,0.0,certain_cold,229.49864196777344,229.49864196777344,POINT (542053.5137907274 8673981.980539976),dronbreen
dronbreen-20220329-DAT_0247_A1_2,1785.0,1750,96.8176498413086,542052.0231769801,8673976.816183683,326.2047424316406,2022-03-29 14:19:46.333333248+00:00,0,2022-05-03,100 MHz,20220329,0.0,96.60921478271484,97.3387451171875,0.8853153845301287,0.4635387268066406,11,1.9544878941343424,0.7903245290120443,2.158588413923629,2.2865736637076743,94.5009842949655,99.44697560493684,0.312652587890625,0.0,1.2772208146884647,0.4635387268066406,9.0,1.0,1.9544878941343424,0.7903245290120443,0.0,0.0,0.0,0.0,0.0,0.0,certain_cold,229.38709259033203,229.38709259033203,POINT (542052.0231769801 8673976.816183683),dronbreen
dronbreen-20220329-DAT_0247_A1_2,1790.0,1755,97.13030242919922,542050.7352460579,8673972.309517087,326.468994140625,2022-03-29 14:19:48+00:00,0,2022-05-03,100 MHz,20220329,0.0,96.92186737060547,97.65138244628906,0.9053861081716446,0.6180403244018554,11,1.9606831105497597,0.9032103220621746,2.2454489503129413,2.340895373728808,94.76314850380629,99.81010131308824,0.10420989990234375,0.0,0.9817994953273294,0.6180403244018554,9.0,1.0,1.9606831105497597,1.0161126454671223,0.0,0.0,0.0,0.0,0.0,0.0,certain_cold,229.33869171142578,229.33869171142578,POINT (542050.7352460579 8673972.309517087),dronbreen
dronbreen-20220329-DAT_0247_A1_2,1795.0,1761,97.65138244628906,542049.2276416583,8673967.716219278,326.7437177385603,2022-03-29 14:19:49.571428608+00:00,0,2022-05-03,100 MHz,20220329,0.0,97.44295501708984,98.06825256347656,0.8836391199743981,0.4635387268066406,11,1.971009131756767,1.2419172922770183,2.375311286878999,2.491596607132538,95.11331222079569,100.39789535977071,0.41686248779296875,0.0,1.0069588594268055,0.6953024345397949,8.0,0.0,1.973074486843999,1.2419172922770183,0.0,0.0,0.0,0.0,0.0,0.0,certain_cold,229.09233529227123,229.09233529227123,POINT (542049.2276416583 8673967.716219278),dronbreen
dronbreen-20220329-DAT_0247_A1_2,1800.0,1767,98.27668762207031,542047.3510510001,8673962.216330657,327.0621744791667,2022-03-29 14:19:51.333333248+00:00,0,2022-05-03,100 MHz,20220329,0.0,97.96403503417969,98.58934020996094,0.8585929965056707,0.4635387268066406,11,1.9834018584206268,1.1290232340494792,2.32882900751847,2.4383925706617724,95.68180445971751,100.87157078442311,0.62530517578125,0.0,0.990945397281602,0.6953080902099609,8.0,0.0,1.9834018584206268,1.0161209106445312,0.0,0.0,0.0,0.0,0.0,0.0,certain_cold,228.78548685709637,228.78548685709637,POINT (542047.3510510001 8673962.216330657),dronbreen
dronbreen-20220329-DAT_0247_A1_2,1805.0,1771,98.69355773925781,542045.8220072063,8673958.074317725,327.314453125,2022-03-29 14:19:52.666666752+00:00,0,2022-05-03,100 MHz,20220329,0.0,98.38090515136719,98.90199279785156,0.8337375640902558,0.4635387268066406,11,1.9916644636315841,0.7903162638346355,2.1923036477239974,2.29922714370494,96.2381669189705,101.04473103024824,0.729522705078125,0.0,0.9727715314498093,0.6953024345397949,8.0,0.0,1.9916644636315841,0.7903162638346355,0.0,0.0,0.0,0.0,0.0,0.0,certain_cold,228.6208953857422,228.6208953857422,POINT (542045.8220072063 8673958.074317725),dronbreen
dronbreen-20220329-DAT_0247_A1_2,1810.0,1777,99.00621032714844,542043.9882080351,8673953.069819547,327.6250762939453,2022-03-29 14:19:54.249999872+00:00,0,2022-05-03,100 MHz,20220329,0.0,98.90199279785156,99.63151550292969,0.8405762112685494,0.6180403244018554,11,1.997861825386686,0.7903079986572266,2.235623503335426,2.307077582793782,96.75349597307405,101.7800123277072,0.62530517578125,0.0,0.9819961839737572,0.8498153434753417,8.0,0.0,1.997861825386686,0.6774139404296875,0.0,0.0,0.0,0.0,0.0,0.0,certain_cold,228.61886596679688,228.61886596679688,POINT (542043.9882080351 8673953.069819547),dronbreen
dronbreen-20220329-DAT_0247_A1_2,1815.0,1782,99.4230728149414,542042.4252637451,8673948.787177436,327.8947245279948,2022-03-29 14:19:55.666666752+00:00,0,2022-05-03,100 MHz,20220329,0.0,99.31886291503906,99.8399429321289,0.8286251342450818,0.6180403244018554,11,2.0061253607853264,0.9032103220621746,2.2852355877791823,2.3509460781073632,97.11878840514952,102.04001744201845,0.7295150756835938,0.0,0.9791256564397405,0.7725532333374023,8.0,0.0,2.004059533121341,0.6774139404296875,0.0,0.0,0.0,0.0,0.0,0.0,certain_cold,228.4716517130534,228.4716517130534,POINT (542042.4252637451 8673948.787177436),dronbreen
dronbreen-20220329-DAT_0247_A1_2,1820.0,1787,99.8399429321289,542040.8028020599,8673943.959888743,328.20240275065106,2022-03-29 14:19:57.333333248+00:00,0,2022-05-03,100 MHz,20220329,0.0,99.63151550292969,100.15259552001953,0.8369276328172554,0.6180403244018554,11,2.0143896549268474,0.6774139404296875,2.2132847017840995,2.2840978943858503,97.50627308650638,102.27783793644284,0.729522705078125,0.0,0.9956290651857568,0.7725532333374023,8.0,0.0,2.010257583635542,0.7903079986572266,0.0,0.0,0.0,0.0,0.0,0.0,certain_cold,228.36245981852215,228.36245981852215,POINT (542040.8028020599 8673943.959888743),dronbreen
dronbreen-20220329-DAT_0247_A1_2,1825.0,1793,100.04837799072266,542039.796056901,8673939.027807206,328.5227966308594,2022-03-29 14:19:59+00:00,0,2022-05-03,100 MHz,20220329,0.0,100.04837799072266,100.46524810791016,0.8403441281854963,0.4635387268066406,11,2.018522027481941,0.5645116170247396,2.1466188978100456,2.258159160679675,97.95240457934891,102.5612215192839,0.521087646484375,0.0,0.9948521164117252,0.6953080902099609,8.0,0.0,2.018522027481941,0.7903079986572266,0.0,0.0,0.0,0.0,0.0,0.0,certain_cold,228.47441864013672,228.47441864013672,POINT (542039.796056901 8673939.027807206),dronbreen
dronbreen-20220329-DAT_0247_A1_2,1830.0,1798,100.36103057861328,542038.2941103564,8673934.01819635,328.8503926595052,2022-03-29 14:20:00.666666752+00:00,0,2022-05-03,100 MHz,20220329,0.0,100.15259552001953,100.6736831665039,0.8774731414631654,0.3090145065307617,11,2.024720865581362,0.7903162638346355,2.1953551752845204,2.343939737790055,97.97909733037177,102.84718135615167,0.521087646484375,0.0,1.0270794467280355,0.6180516357421875,8.0,0.0,2.024720865581362,0.7903162638346355,0.0,0.0,0.0,0.0,0.0,0.0,certain_cold,228.4893620808919,228.4893620808919,POINT (542038.2941103564 8673934.01819635),dronbreen
dronbreen-20220329-DAT_0247_A1_2,1835.0,1804,100.77790069580078,542036.6838834528,8673929.439427108,329.1505780901228,2022-03-29 14:20:02.428571392+00:00,0,2022-05-03,100 MHz,20220329,0.0,100.36103057861328,100.98633575439453,0.8987085123406136,0.30902581787109373,11,2.0329864995766878,0.7903079986572266,2.202979300019309,2.3590883472977744,98.17983346688709,103.16753286612072,0.5210952758789062,0.0,1.0358233475872871,0.6180572914123534,8.0,0.0,2.0329864995766878,0.7903079986572266,0.0,0.0,0.0,0.0,0.0,0.0,certain_cold,228.372677394322,228.372677394322,POINT (542036.6838834528 8673929.439427108),dronbreen
dronbreen-20220329-DAT_0247_A1_2,1840.0,1810,101.09054565429688,542034.6500617778,8673924.475209696,329.50440470377606,2022-03-29 14:20:04.333333248+00:00,0,2022-05-03,100 MHz,20220329,0.0,100.6736831665039,101.29898071289062,0.9183781639878499,0.30902581787109373,11,2.0391859572568145,0.7903079986572266,2.2087016677509617,2.3719790372397216,98.48670669177561,103.48595718761892,0.41686248779296875,0.0,1.0509718768588592,0.4635330711364746,8.0,0.0,2.0391859572568145,0.7903079986572266,0.0,0.0,0.0,0.0,0.0,0.0,certain_cold,228.41385904947919,228.41385904947919,POINT (542034.6500617778 8673924.475209696),dronbreen
dronbreen-20220329-DAT_0247_A1_2,1845.0,1816,101.50741577148438,542032.9532780651,8673920.389998319,329.7943420410156,2022-03-29 14:20:06+00:00,0,2022-05-03,100 MHz,20220329,0.0,100.98633575439453,101.50741577148438,0.9567149083278389,0.4635387268066406,11,2.047452608155314,0.6774056752522787,2.2058578337589014,2.359288885940579,98.82973179643054,103.66401972944837,0.5210800170898438,0.0,1.0836827318172548,0.540783869934082,8.0,0.0,2.047452608155314,0.7903162638346355,0.0,0.0,0.0,0.0,0.0,0.0,certain_cold,228.28692626953125,228.28692626953125,POINT (542032.9532780651 8673920.389998319),dronbreen
dronbreen-20220329-DAT_0247_A1_2,1850.0,1821,101.7158432006836,542031.3307396636,8673915.562721225,330.1261393229167,2022-03-29 14:20:07.666666752+00:00,0,2022-05-03,100 MHz,20220329,0.0,101.29898071289062,101.820068359375,1.0080767955204306,0.6180403244018554,11,2.051585997030205,0.225796381632487,2.1545215134120834,2.2969997681400587,99.23500660714977,103.88404246511585,0.5210800170898438,0.0,1.1334597825760226,0.6180572914123534,8.0,0.0,2.0536529717269953,0.6774139404296875,0.0,0.0,0.0,0.0,0.0,0.0,certain_cold,228.4102961222331,228.4102961222331,POINT (542031.3307396636 8673915.562721225),dronbreen
dronbreen-20220329-DAT_0247_A1_2,1855.0,1827,101.7158432006836,542029.5845952631,8673910.607513653,330.4461364746094,2022-03-29 14:20:09.333333248+00:00,0,2022-05-03,100 MHz,20220329,0.0,101.50741577148438,102.13272094726562,1.0730737192479867,0.46352741546630855,11,2.051585997030205,0.2258129119873047,2.115385127895032,2.326259611774084,99.44343985727642,104.19669686147358,0.20842742919921875,0.0,1.196635078256929,0.7725702003479004,8.0,0.0,2.059853653839712,0.5645033518473307,0.0,0.0,0.0,0.0,0.0,0.0,certain_cold,228.73029327392578,228.73029327392578,POINT (542029.5845952631 8673910.607513653),dronbreen
dronbreen-20220329-DAT_0247_A1_2,1860.0,1833,101.92428588867188,542027.93265967,8673905.903386889,330.7236328125,2022-03-29 14:20:11+00:00,0,2022-05-03,100 MHz,20220329,0.0,101.820068359375,102.54959106445312,1.1069507591656496,0.46351610412597655,11,2.0557198305134596,0.45161755879720056,2.1551773986761167,2.3780837714844356,99.71532551499229,104.65433390883584,0.104217529296875,0.0,1.239936727492011,0.8498153434753417,8.0,0.0,2.0639874661454316,0.4516092936197917,0.0,0.0,0.0,0.0,0.0,0.0,certain_cold,228.79934692382812,228.79934692382812,POINT (542027.93265967 8673905.903386889),dronbreen
dronbreen-20220329-DAT_0247_A1_2,1865.0,1838,102.13272094726562,542026.5425868133,8673901.393553246,330.97853597005206,2022-03-29 14:20:12.666666752+00:00,0,2022-05-03,100 MHz,20220329,0.0,102.13272094726562,102.86224365234375,1.1285033139332354,0.3090371292114258,11,2.059853653839712,0.5645116170247396,2.1580487455625135,2.415613828936859,99.99691420483954,104.99805039476983,0.0,0.0,1.2678525429259706,0.8498209991455078,8.0,0.0,2.0681217205461158,0.5645198822021485,0.0,0.0,0.0,0.0,0.0,0.0,certain_cold,228.84581502278644,228.84581502278644,POINT (542026.5425868133 8673901.393553246),dronbreen
dronbreen-20220329-DAT_0247_A1_2,1870.0,1844,102.44537353515625,542024.782333583,8673896.174274087,331.2916564941406,2022-03-29 14:20:14.500000+00:00,0,2022-05-03,100 MHz,20220329,0.0,102.44537353515625,103.27910614013672,1.1081957580295507,0.4635387268066406,11,2.0660546516254303,0.6774139404296875,2.2231373375122545,2.4404035134186817,100.27109860539424,105.45338106989873,0.0,0.0,1.2443045861661268,0.9270717979431152,8.0,0.0,2.074323134826793,0.6774139404296875,0.0,0.0,0.0,0.0,0.0,0.0,certain_cold,228.84628295898438,228.84628295898438,POINT (542024.782333583 8673896.174274087),dronbreen
dronbreen-20220329-DAT_0247_A1_2,1875.0,1850,102.75802612304688,542023.2827126594,8673891.80058965,331.5576171875,2022-03-29 14:20:16+00:00,0,2022-05-03,100 MHz,20220329,0.0,102.75802612304688,103.59175872802734,1.0772942090999462,0.3090371292114258,11,2.072255962250299,0.6774056752522787,2.20195984731265,2.431807154135827,100.57786025276408,105.77192459831014,0.0,0.0,1.2025321335503567,0.9270717979431152,8.0,0.0,2.0805248582204565,0.5645033518473307,0.0,0.0,0.0,0.0,0.0,0.0,certain_cold,228.79959106445312,228.79959106445312,POINT (542023.2827126594 8673891.80058965),dronbreen
dronbreen-20220329-DAT_0247_A1_2,1880.0,1855,103.07067108154297,542021.5758603597,8673887.21881992,331.8483174641927,2022-03-29 14:20:17.666666752+00:00,0,2022-05-03,100 MHz,20220329,0.0,103.07067108154297,103.90441131591797,1.0395141264338885,0.3090145065307617,11,2.078457431577526,0.7902997334798177,2.245005329362175,2.454617807862097,100.84703465361278,106.12804774384816,0.0,0.0,1.1591738352433707,0.8498209991455078,8.0,0.0,2.0846593595058995,0.4516010284423828,0.0,0.0,0.0,0.0,0.0,0.0,certain_cold,228.77764638264972,228.77764638264972,POINT (542021.5758603597 8673887.21881992),dronbreen
dronbreen-20220329-DAT_0247_A1_2,1885.0,1861,103.48753356933594,542019.8199444734,8673882.573485095,332.1500549316406,2022-03-29 14:20:19.500000+00:00,0,2022-05-03,100 MHz,20220329,0.0,103.3833236694336,104.32128143310547,1.0028714565542014,0.1545242202758789,11,2.0867265852779497,0.9032185872395834,2.2790588831122176,2.485152473473607,101.10950932827888,106.59509577426019,0.10420989990234375,0.0,1.1196857084547536,0.7725702003479004,8.0,0.0,2.088794147479912,0.5645116170247396,0.0,0.0,0.0,0.0,0.0,0.0,certain_cold,228.6625213623047,228.6625213623047,POINT (542019.8199444734 8673882.573485095),dronbreen
dronbreen-20220329-DAT_0247_A1_2,1890.0,1867,103.90441131591797,542017.8431336263,8673877.238886636,332.51526896158856,2022-03-29 14:20:21.333333248+00:00,0,2022-05-03,100 MHz,20220329,0.0,103.69597625732422,104.73814392089844,0.9736966862058416,0.30902581787109373,11,2.09499658146809,0.5645198822021485,2.1916181989286843,2.378188094010385,101.52625429961523,106.90786587860742,0.20843505859375,0.0,1.0779408048563333,0.8498209991455078,8.0,0.0,2.09499658146809,0.5645033518473307,0.0,0.0,0.0,0.0,0.0,0.0,certain_cold,228.6108576456706,228.6108576456706,POINT (542017.8431336263 8673877.238886636),dronbreen
dronbreen-20220329-DAT_0247_A1_2,1895.0,1872,104.00862884521484,542016.3157526772,8673872.833326748,332.8216018676758,2022-03-29 14:20:22.750000128+00:00,0,2022-05-03,100 MHz,20220329,0.0,104.00862884521484,105.05079650878906,0.9889876771229007,0.15451290893554687,11,2.09706412627384,0.4516092936197917,2.150698291908039,2.3621442651306,101.86348807971986,107.19593727428405,0.0,0.0,1.0901932318675214,0.8498153434753417,8.0,0.0,2.099131552958678,0.5645033518473307,0.0,0.0,0.0,0.0,0.0,0.0,certain_cold,228.81297302246094,228.81297302246094,POINT (542016.3157526772 8673872.833326748),dronbreen
dronbreen-20220329-DAT_0247_A1_2,1900.0,1878,104.32128143310547,542014.7275284732,8673868.332817951,333.1256510416667,2022-03-29 14:20:24.333333248+00:00,0,2022-05-03,100 MHz,20220329,0.0,104.11283874511719,105.36344909667969,0.999417317022883,0.3090371292114258,11,2.103266959740983,0.5645116170247396,2.1995247707005263,2.3960885299293895,101.9351323209879,107.54115552080897,0.20844268798828125,0.0,1.086541519352431,1.0043169410705566,8.0,0.0,2.1053344855523637,0.5645198822021485,0.0,0.0,0.0,0.0,0.0,0.0,certain_cold,228.80436960856122,228.80436960856122,POINT (542014.7275284732 8673868.332817951),dronbreen
dronbreen-20220329-DAT_0247_A1_2,1905.0,1883,104.52971649169922,542013.3589846047,8673863.947739404,333.40838623046875,2022-03-29 14:20:26+00:00,0,2022-05-03,100 MHz,20220329,0.0,104.32128143310547,105.57189178466797,1.0279551806081166,0.6180516357421875,11,2.107402346950863,0.33870697021484375,2.2221284589441987,2.3690839826703467,102.18683371446579,107.70633950330765,0.20843505859375,0.0,1.100022521966674,1.0043169410705566,8.0,0.0,2.109470089734402,0.5645198822021485,0.0,0.0,0.0,0.0,0.0,0.0,certain_cold,228.87866973876953,228.87866973876953,POINT (542013.3589846047 8673863.947739404),dronbreen
dronbreen-20220329-DAT_0247_A1_2,1910.0,1889,104.6339340209961,542011.8008533948,8673858.688277123,333.74932861328125,2022-03-29 14:20:28+00:00,0,2022-05-03,100 MHz,20220329,0.0,104.52971649169922,105.78031158447266,1.0772963226525223,0.7725645446777343,11,2.109470089734402,0.33870697021484375,2.271880817043293,2.3927293699783165,102.39322720523973,107.91680087093215,0.0,0.0,1.127623926855654,1.081579051208496,8.0,0.0,2.115673513645861,0.5645033518473307,0.0,0.0,0.0,0.0,0.0,0.0,certain_cold,229.11539459228516,229.11539459228516,POINT (542011.8008533948 8673858.688277123),dronbreen
dronbreen-20220329-DAT_0247_A1_2,1915.0,1893,104.84236907958984,542010.5176454013,8673854.429935634,334.0287272135417,2022-03-29 14:20:29.333333248+00:00,0,2022-05-03,100 MHz,20220329,0.0,104.73814392089844,105.88452911376953,1.0890574294513047,0.9270774536132812,11,2.113605673177562,0.5645033518473307,2.376018851131727,2.443775574920563,102.55045267761587,108.0722203570521,0.0,0.0,1.129343751690813,1.0815847068786621,8.0,0.0,2.1198091402152275,0.5645033518473307,0.0,0.0,0.0,0.0,0.0,0.0,certain_cold,229.18635813395184,229.18635813395184,POINT (542010.5176454013 8673854.429935634),dronbreen
dronbreen-20220329-DAT_0247_A1_2,1920.0,1899,105.15501403808594,542008.8350710717,8673849.476748383,334.3655700683594,2022-03-29 14:20:31+00:00,0,2022-05-03,100 MHz,20220329,0.0,104.84236907958984,106.09296417236328,1.1299892477769327,0.9270774536132812,11,2.1198091402152275,0.6774056752522787,2.4107969314735125,2.495865569275616,102.61695468226874,108.31837856968438,0.0,0.0,1.1503545500187897,1.1588411613464356,8.0,0.0,2.126013048269284,0.6774056752522787,0.0,0.0,0.0,0.0,0.0,0.0,certain_cold,229.21055603027344,229.21055603027344,POINT (542008.8350710717 8673849.476748383),dronbreen
dronbreen-20220329-DAT_0247_A1_2,1925.0,1905,105.46766662597656,542007.266395115,8673844.961353978,334.67408243815106,2022-03-29 14:20:32.666666752+00:00,0,2022-05-03,100 MHz,20220329,0.0,105.05079650878906,106.30140686035156,1.1350481103568695,0.7725758560180663,11,2.126013048269284,0.6774056752522787,2.3612885007083095,2.5034264804663127,102.81947180577625,108.53273156336438,0.0,0.0,1.1358487374855828,1.1588355056762694,8.0,0.0,2.1322170920343098,0.6774056752522787,0.0,0.0,0.0,0.0,0.0,0.0,certain_cold,229.2064158121745,229.2064158121745,POINT (542007.266395115 8673844.961353978),dronbreen
dronbreen-20220329-DAT_0247_A1_2,1930.0,1911,105.78031158447266,542005.4880325813,8673839.60196593,335.05799865722656,2022-03-29 14:20:34.500000+00:00,0,2022-05-03,100 MHz,20220329,0.0,105.36344909667969,106.50983428955078,1.1069503281888642,0.9270548309326171,11,2.1322170920343098,0.5644950866699219,2.392579171102439,2.4678621232790063,103.15777359234146,108.71550979388901,0.0,0.0,1.088416268434379,1.0815847068786621,8.0,0.0,2.13842157180275,0.6774139404296875,0.0,0.0,0.0,0.0,0.0,0.0,certain_cold,229.2776870727539,229.2776870727539,POINT (542005.4880325813 8673839.60196593),dronbreen
dronbreen-20220329-DAT_0247_A1_2,1935.0,1916,105.98873901367188,542004.2403763046,8673834.817466103,335.42169189453125,2022-03-29 14:20:36+00:00,0,2022-05-03,100 MHz,20220329,0.0,105.67608642578125,106.61405944824219,1.0943035107745718,0.7725758560180663,11,2.1363532290057514,0.4516092936197917,2.316210164572532,2.4424283504046995,103.49252143403791,108.79762443998553,0.0,0.0,1.052174878768316,1.0043508750915526,8.0,0.0,2.1446263337122415,0.5645198822021485,0.0,0.0,0.0,0.0,0.0,0.0,certain_cold,229.43295288085938,229.43295288085938,POINT (542004.2403763046 8673834.817466103),dronbreen
dronbreen-20220329-DAT_0247_A1_2,1940.0,1920,106.19718170166016,542003.0031111747,8673830.312439758,335.7685852050781,2022-03-29 14:20:37.333333248+00:00,0,2022-05-03,100 MHz,20220329,0.0,105.67608642578125,106.8224868774414,1.1272802113116593,0.9271000762939453,11,2.1404897945447368,0.5645198822021485,2.399977876859688,2.484177918903265,103.4624063996818,109.03616690354086,0.0,0.0,1.0619879674976456,1.081596018218994,8.0,0.0,2.148763148607433,0.4516092936197917,0.0,0.0,0.0,0.0,0.0,0.0,certain_cold,229.57140350341797,229.57140350341797,POINT (542003.0031111747 8673830.312439758),dronbreen
dronbreen-20220329-DAT_0247_A1_2,1945.0,1925,106.50983428955078,542001.6407029978,8673825.524355777,336.1203155517578,2022-03-29 14:20:38.750000128+00:00,0,2022-05-03,100 MHz,20220329,0.0,105.67608642578125,106.92670440673828,1.1672984391940169,1.2361145828247069,11,2.1466946499572375,0.5645116170247396,2.5406594710395196,2.5078989078620575,103.45640823155783,109.1463826009617,0.0,0.0,1.080188140994639,1.0043339080810547,8.0,0.0,2.152899784261324,0.5645033518473307,0.0,0.0,0.0,0.0,0.0,0.0,certain_cold,229.61048126220703,229.61048126220703,POINT (542001.6407029978 8673825.524355777),dronbreen
dronbreen-20220329-DAT_0247_A1_2,1950.0,1931,106.71826934814453,542000.3177062747,8673820.524823513,336.46219744001115,2022-03-29 14:20:40.428571392+00:00,0,2022-05-03,100 MHz,20220329,0.0,105.78031158447266,107.2393569946289,1.199424231718269,1.5451290893554686,11,2.150831375321006,0.5645033518473307,2.707796805907818,2.5265308482076922,103.55663453073663,109.46303404836493,0.0,0.0,1.085559475146688,1.0043225967407226,8.0,0.0,2.1591051950524456,0.7903162638346355,0.0,0.0,0.0,0.0,0.0,0.0,certain_cold,229.74392809186662,229.74392809186662,POINT (542000.3177062747 8673820.524823513),dronbreen
dronbreen-20220329-DAT_0247_A1_2,1955.0,1937,107.03091430664062,541998.6111206185,8673815.287323946,336.817626953125,2022-03-29 14:20:42.333333248+00:00,0,2022-05-03,100 MHz,20220329,0.0,105.98873901367188,107.55200958251953,1.2152104439548708,1.8541662185668943,11,2.1570365427887817,0.5645116170247396,2.8998986842227303,2.5393338566992445,103.75905741921,109.78169117698141,0.0,0.0,1.0525428617878931,0.9270774536132812,8.0,0.0,2.167379502093565,0.6774139404296875,0.0,0.0,0.0,0.0,0.0,0.0,certain_cold,229.78671264648438,229.78671264648438,POINT (541998.6111206185 8673815.287323946),dronbreen
dronbreen-20220329-DAT_0247_A1_2,1960.0,1942,107.2393569946289,541997.3283061478,8673811.013502242,337.11991119384766,2022-03-29 14:20:43.750000128+00:00,0,2022-05-03,100 MHz,20220329,0.0,106.30140686035156,107.86466217041016,1.1981059148973356,1.8541322845458983,11,2.1611737263460764,0.45161755879720056,2.883129692444986,2.511988869038736,104.09355036708428,110.07251866367744,0.0,0.0,1.0202580443842268,0.9270717979431152,8.0,0.0,2.171516836614484,0.5644950866699219,0.0,0.0,0.0,0.0,0.0,0.0,certain_cold,229.88055419921875,229.88055419921875,POINT (541997.3283061478 8673811.013502242),dronbreen
dronbreen-20220329-DAT_0247_A1_2,1965.0,1947,107.44779205322266,541995.7969328843,8673806.293253325,337.4802769252232,2022-03-29 14:20:45.285714432+00:00,0,2022-05-03,100 MHz,20220329,0.0,106.71826934814453,108.17730712890625,1.1548824499486874,1.5450951553344725,11,2.1653108799535072,0.5645116170247396,2.7192946901060533,2.5181338419155566,104.48058202132675,110.41499445572403,0.0,0.0,0.9583071537617988,0.9270661422729491,8.0,0.0,2.177722759815012,0.5645033518473307,0.0,0.0,0.0,0.0,0.0,0.0,certain_cold,230.03248487200057,230.03248487200057,POINT (541995.7969328843 8673806.293253325),dronbreen
dronbreen-20220329-DAT_0247_A1_2,1970.0,1952,107.76044464111328,541994.2443845179,8673801.725210957,337.850106375558,2022-03-29 14:20:46.714285568+00:00,0,2022-05-03,100 MHz,20220329,0.0,107.13513946533203,108.48995971679688,1.0982620068652444,1.236091960144043,11,2.171516836614484,0.5645198822021485,2.5616579402868065,2.4980687550236436,104.89144428347205,110.73365489865685,0.0,0.0,0.8833222778321324,0.8498153434753417,8.0,0.0,2.1818605438758047,0.5645198822021485,0.0,0.0,0.0,0.0,0.0,0.0,certain_cold,230.08966173444475,230.08966173444475,POINT (541994.2443845179 8673801.725210957),dronbreen
dronbreen-20220329-DAT_0247_A1_2,1975.0,1957,107.96888732910156,541992.4864266829,8673796.904834272,338.2525939941406,2022-03-29 14:20:48.249999872+00:00,0,2022-05-03,100 MHz,20220329,0.0,107.44779205322266,108.80260467529297,1.0632741625010802,0.9270774536132812,11,2.1756544423307878,0.4516010284423828,2.4076728071567355,2.463324519012118,105.22576240865806,111.02463431985757,0.0,0.0,0.818593846566848,0.6953080902099609,8.0,0.0,2.188067213936174,0.7903079986572266,0.0,0.0,0.0,0.0,0.0,0.0,certain_cold,230.28370666503906,230.28370666503906,POINT (541992.4864266829 8673796.904834272),dronbreen
dronbreen-20220329-DAT_0247_A1_2,1980.0,1963,108.17730712890625,541990.5413132884,8673791.772880442,338.6787109375,2022-03-29 14:20:50+00:00,0,2022-05-03,100 MHz,20220329,0.0,107.86466217041016,109.1152572631836,1.0242978060806758,1.0815903625488281,11,2.179791712770898,0.5644950866699219,2.497996062106118,2.4737284833790576,105.61296356403781,111.36695586955594,0.0,0.0,0.7951557516802341,0.4635443824768066,8.0,0.0,2.1963430318475328,0.9032103220621746,0.0,0.0,0.0,0.0,0.0,0.0,certain_cold,230.50140380859375,230.50140380859375,POINT (541990.5413132884 8673791.772880442),dronbreen
dronbreen-20220329-DAT_0247_A1_2,1985.0,1968,108.48995971679688,541988.710912513,8673787.169575792,339.0384434291295,2022-03-29 14:20:51.571428608+00:00,0,2022-05-03,100 MHz,20220329,0.0,108.28152465820312,109.42790985107422,0.9645254675998919,1.0815903625488281,11,2.1859982945420806,0.6774056752522787,2.5312654355012607,2.4835008295254646,105.99297337133956,111.71646113793778,0.0,0.0,0.6996624847387881,0.2317693634033203,8.0,0.0,2.2046194641592756,0.5645198822021485,0.0,0.0,0.0,0.0,0.0,0.0,certain_cold,230.5484837123326,230.5484837123326,POINT (541988.710912513 8673787.169575792),dronbreen
dronbreen-20220329-DAT_0247_A1_2,1990.0,1973,108.80260467529297,541987.0722120488,8673782.73177646,339.3741149902344,2022-03-29 14:20:53+00:00,0,2022-05-03,100 MHz,20220329,0.0,108.59417724609375,109.74056243896484,0.9322487454015993,1.08160167388916,11,2.1922049889668695,0.6774056752522787,2.5366322838509845,2.4766366075421895,106.29969665944343,112.03504302561517,0.0,0.0,0.6655679722212103,0.15450725326538084,8.0,0.0,2.2066887954396766,0.45161755879720056,0.0,0.0,0.0,0.0,0.0,0.0,certain_cold,230.5715103149414,230.5715103149414,POINT (541987.0722120488 8673782.73177646),dronbreen
dronbreen-20220329-DAT_0247_A1_2,1995.0,1978,109.1152572631836,541985.1530342541,8673777.585133696,339.73193359375,2022-03-29 14:20:54.666666752+00:00,0,2022-05-03,100 MHz,20220329,0.0,108.80260467529297,109.94900512695312,0.9302398113947654,0.9270774536132812,11,2.1984120967289766,0.7903245290120443,2.5133844141317683,2.514552587421105,106.46644787229313,112.28516192995296,0.0,0.0,0.6684801160660248,0.4635387268066406,8.0,0.0,2.2128965057023535,0.6774139404296875,0.0,0.0,0.0,0.0,0.0,0.0,certain_cold,230.6166763305664,230.6166763305664,POINT (541985.1530342541 8673777.585133696),dronbreen
dronbreen-20220329-DAT_0247_A1_2,2000.0,1983,109.53213500976562,541983.5706252703,8673773.503570052,340.0160827636719,2022-03-29 14:20:56+00:00,0,2022-05-03,100 MHz,20220329,0.0,109.1152572631836,110.15744018554688,0.9213834657147383,0.7725758560180663,11,2.2066887954396766,0.7903245290120443,2.467987389428716,2.5185384237628026,106.77131010058007,112.5013873481504,0.0,0.0,0.6410764041872279,0.6180403244018554,8.0,0.0,2.2191044705675607,0.5644950866699219,0.0,0.0,0.0,0.0,0.0,0.0,certain_cold,230.48394775390625,230.48394775390625,POINT (541983.5706252703 8673773.503570052),dronbreen
dronbreen-20220329-DAT_0247_A1_2,2005.0,1988,109.84478759765625,541981.7182273743,8673768.669182258,340.39330037434894,2022-03-29 14:20:57.666666752+00:00,0,2022-05-03,100 MHz,20220329,0.0,109.42790985107422,110.47007751464844,0.9192378859901228,0.9270774536132812,11,2.2128965057023535,0.6774139404296875,2.493044964824391,2.4901403339325583,107.11364958229757,112.78433778342509,0.0,0.0,0.6051245751918883,0.540789525604248,8.0,0.0,2.2232429512139444,0.451592763264974,0.0,0.0,0.0,0.0,0.0,0.0,certain_cold,230.5485127766927,230.5485127766927,POINT (541981.7182273743 8673768.669182258),dronbreen
dronbreen-20220329-DAT_0247_A1_2,2010.0,1993,110.15744018554688,541979.9872906124,8673764.133247048,340.7834930419922,2022-03-29 14:20:59.249999872+00:00,0,2022-05-03,100 MHz,20220329,0.0,109.74056243896484,110.78273010253906,0.9204212733382231,1.081579051208496,11,2.2191044705675607,0.7902997334798177,2.5920670446661433,2.5290657643574157,107.3849312454137,113.13836129609021,0.0,0.0,0.5869036469386558,0.540783869934082,8.0,0.0,2.2273818464255712,0.6774222056070964,0.0,0.0,0.0,0.0,0.0,0.0,certain_cold,230.6260528564453,230.6260528564453,POINT (541979.9872906124 8673764.133247048),dronbreen
dronbreen-20220329-DAT_0247_A1_2,2015.0,1999,110.57429504394531,541978.0898820133,8673759.002805227,341.24822998046875,2022-03-29 14:21:01+00:00,0,2022-05-03,100 MHz,20220329,0.0,110.15744018554688,111.09538269042969,0.9277939481829991,0.9270548309326171,11,2.2273818464255712,0.9032103220621747,2.5761307100419706,2.5763967834848036,107.75389722240563,113.49892565357094,0.0,0.0,0.5867379067193025,0.54080083694458,8.0,0.0,2.2356601206280615,0.45161755879720056,0.0,0.0,0.0,0.0,0.0,0.0,certain_cold,230.67393493652344,230.67393493652344,POINT (541978.0898820133 8673759.002805227),dronbreen
dronbreen-20220329-DAT_0247_A1_2,2020.0,2004,110.99117279052734,541976.4858003807,8673754.79650936,341.62317911783856,2022-03-29 14:21:02.333333248+00:00,0,2022-05-03,100 MHz,20220329,0.0,110.57429504394531,111.40803527832031,0.8419871201945106,0.6180629470825195,11,2.2356601206280615,0.6774139404296875,2.4164162779230494,2.483144806939096,108.23825869541493,113.7440716268507,0.0,0.0,0.85852008977476,0.6180403244018554,9.0,0.0,2.2356601206280615,0.33870697021484375,0.0,0.0,0.0,0.0,0.0,0.0,certain_cold,230.63200632731122,230.63200632731122,POINT (541976.4858003807 8673754.79650936),dronbreen
dronbreen-20220329-DAT_0247_A1_2,2025.0,2009,111.19960021972656,541974.4792325051,8673749.585121319,342.0899353027344,2022-03-29 14:21:04+00:00,0,2022-05-03,100 MHz,20220329,0.0,110.88694763183594,111.82490539550781,0.8250446989682755,0.7725532333374023,11,2.239799195376855,0.4516010284423828,2.411945775269647,2.4292679308377405,108.60207478537357,114.10977824197018,0.0,0.0,0.8353606213867438,0.6180516357421875,9.0,0.0,2.2418690009783675,0.6774139404296875,0.0,0.0,0.0,0.0,0.0,0.0,certain_cold,230.8903350830078,230.8903350830078,POINT (541974.4792325051 8673749.585121319),dronbreen
dronbreen-20220329-DAT_0247_A1_2,2030.0,2014,111.40803527832031,541972.840427506,8673745.147340264,342.488778250558,2022-03-29 14:21:05.428571392+00:00,0,2022-05-03,100 MHz,20220329,0.0,111.19960021972656,112.13755798339844,0.8243277348400452,0.7725532333374023,11,2.243938530760187,0.5645116170247396,2.4394204217244204,2.45630814638811,108.88574337549741,114.45141482762759,0.0,0.0,0.8430914717294526,0.6180516357421875,9.0,0.0,2.2480781261872065,0.7903079986572266,0.0,0.0,0.0,0.0,0.0,0.0,certain_cold,231.08074297223772,231.08074297223772,POINT (541972.840427506 8673745.147340264),dronbreen
dronbreen-20220329-DAT_0247_A1_2,2035.0,2019,111.72068786621094,541971.0539523829,8673740.359338703,342.9334411621094,2022-03-29 14:21:07+00:00,0,2022-05-03,100 MHz,20220329,0.0,111.6164779663086,112.45021057128906,0.7913244627851892,0.6180516357421875,11,2.2501477371318828,0.6774139404296875,2.4298235141778926,2.4795662707438324,109.26657275851655,114.80011577908111,0.0,0.0,0.8139602844377888,0.6180177017211914,9.0,0.0,2.2563571856693816,0.9032103220621746,0.0,0.0,0.0,0.0,0.0,0.0,certain_cold,231.21275329589844,231.21275329589844,POINT (541971.0539523829 8673740.359338703),dronbreen
dronbreen-20220329-DAT_0247_A1_2,2040.0,2025,112.03334045410156,541969.1593386136,8673735.647717727,343.38181559244794,2022-03-29 14:21:08.666666752+00:00,0,2022-05-03,100 MHz,20220329,0.0,112.03334045410156,112.76284790039062,0.7954323977387161,0.6180516357421875,11,2.2563571856693816,0.7903162638346355,2.4693593036751422,2.5196150986957817,109.64257749090271,115.15361086358948,0.0,0.0,0.818949434370242,0.7725758560180663,9.0,0.0,2.2646368236454384,0.9032103220621746,0.0,0.0,0.0,0.0,0.0,0.0,certain_cold,231.34847513834637,231.34847513834637,POINT (541969.1593386136 8673735.647717727),dronbreen
dronbreen-20220329-DAT_0247_A1_2,2045.0,2031,112.45021057128906,541967.4242372887,8673731.344293283,343.77306111653644,2022-03-29 14:21:10.333333248+00:00,0,2022-05-03,100 MHz,20220329,0.0,112.34600067138672,113.17972564697266,0.8089698072957208,0.7725419219970703,11,2.2646368236454384,0.9032103220621746,2.5575749940389794,2.5688131457944996,109.90789303863329,115.61783327972609,0.0,0.0,0.8251867089831743,1.081579051208496,9.0,0.0,2.272916732388071,0.7903079986572266,0.0,0.0,0.0,0.0,0.0,0.0,certain_cold,231.32285054524738,231.32285054524738,POINT (541967.4242372887 8673731.344293283),dronbreen
dronbreen-20220329-DAT_0247_A1_2,2050.0,2036,112.86707305908203,541965.6203755427,8673726.790594043,344.18408203125,2022-03-29 14:21:12+00:00,0,2022-05-03,100 MHz,20220329,0.0,112.55442810058594,113.49237823486328,0.8064038906904872,0.9270661422729491,11,2.272916732388071,0.9032103220621746,2.615605281841695,2.5753109701878873,110.10862774932066,115.93817858612856,0.0,0.0,0.8213402607132745,0.7725532333374023,9.0,0.0,2.2791270519673974,0.7903162638346355,0.0,0.0,0.0,0.0,0.0,0.0,certain_cold,231.31700897216797,231.31700897216797,POINT (541965.6203755427 8673726.790594043),dronbreen
dronbreen-20220329-DAT_0247_A1_2,2055.0,2042,113.28394317626953,541963.7137723399,8673721.644380318,344.6452229817708,2022-03-29 14:21:13.666666752+00:00,0,2022-05-03,100 MHz,20220329,0.0,113.07550048828125,113.8050308227539,0.8169907222804232,0.7725758560180663,11,2.281197210375663,0.6774139404296875,2.5019240221509986,2.5159936803590086,110.69584707668658,116.18468423434858,0.0,0.0,0.8418422662829137,0.7725645446777343,9.0,0.0,2.2874078402598874,0.7903162638346355,0.0,0.0,0.0,0.0,0.0,0.0,certain_cold,231.36127980550128,231.36127980550128,POINT (541963.7137723399 8673721.644380318),dronbreen
dronbreen-20220329-DAT_0247_A1_2,2060.0,2046,113.49237823486328,541962.0095390836,8673717.372943858,345.0225830078125,2022-03-29 14:21:15+00:00,0,2022-05-03,100 MHz,20220329,0.0,113.38815307617188,114.11768341064453,0.819764670729439,0.7725758560180663,11,2.285337604591958,0.6774139404296875,2.505699716037944,2.520649068995272,111.00453028435884,116.50130620245757,0.0,0.0,0.8473761921769593,0.7725645446777343,9.0,0.0,2.2936187006675004,0.7903162638346355,0.0,0.0,0.0,0.0,0.0,0.0,certain_cold,231.53020477294922,231.53020477294922,POINT (541962.0095390836 8673717.372943858),dronbreen
dronbreen-20220329-DAT_0247_A1_2,2065.0,2052,113.90924835205078,541959.893113441,8673712.406281667,345.4789733886719,2022-03-29 14:21:16.666666752+00:00,0,2022-05-03,100 MHz,20220329,0.0,113.90924835205078,114.43032836914062,0.7941926325975927,0.6180516357421875,11,2.2936187006675004,0.7903162638346355,2.5034524891391094,2.552651264588546,111.48328739998803,116.85628932120338,0.0,0.0,0.8386095034778809,0.6180516357421875,9.0,0.0,2.301900203244468,0.6774139404296875,0.0,0.0,0.0,0.0,0.0,0.0,certain_cold,231.5697250366211,231.5697250366211,POINT (541959.893113441 8673712.406281667),dronbreen
dronbreen-20220329-DAT_0247_A1_2,2070.0,2056,114.2219009399414,541958.3047351984,8673708.510663612,345.8426818847656,2022-03-29 14:21:18+00:00,0,2022-05-03,100 MHz,20220329,0.0,114.2219009399414,114.74298095703125,0.7887033047617454,0.4635387268066406,11,2.299829789730865,0.9032103220621746,2.5139359774788805,2.5936574273707143,111.75106991625461,117.21381198071805,0.0,0.0,0.8420202849565409,0.6180516357421875,9.0,0.0,2.3060411056023975,0.5645116170247396,0.0,0.0,0.0,0.0,0.0,0.0,certain_cold,231.62078094482422,231.62078094482422,POINT (541958.3047351984 8673708.510663612),dronbreen
dronbreen-20220329-DAT_0247_A1_2,2075.0,2061,114.74298095703125,541956.3049593848,8673703.48561765,346.33009847005206,2022-03-29 14:21:19.666666752+00:00,0,2022-05-03,100 MHz,20220329,0.0,114.6387710571289,115.05562591552734,0.7471727658053064,0.3090031951904297,11,2.310181956375353,1.0161043802897136,2.5426151415116074,2.6320478576893978,112.11500229133316,117.5793946813231,0.0,0.0,0.810247590471031,0.3090371292114258,9.0,0.0,2.3122526464543,0.6773974100748698,0.0,0.0,0.0,0.0,0.0,0.0,certain_cold,231.58711751302081,231.58711751302081,POINT (541956.3049593848 8673703.48561765),dronbreen
dronbreen-20220329-DAT_0247_A1_2,2080.0,2066,115.15984344482422,541954.4967476676,8673699.27297782,346.751220703125,2022-03-29 14:21:21+00:00,0,2022-05-03,100 MHz,20220329,0.0,115.15984344482422,115.36827850341797,0.731413108605308,0.3090031951904297,11,2.3184641073121166,0.9032185872395834,2.5073018581470268,2.5934619273606696,112.67165542274276,117.85646652549943,0.0,0.0,0.8035166889052591,0.15453553161621092,9.0,0.0,2.3184641073121166,0.7903079986572267,0.0,0.0,0.0,0.0,0.0,0.0,certain_cold,231.59137725830078,231.59137725830078,POINT (541954.4967476676 8673699.27297782),dronbreen
dronbreen-20220329-DAT_0247_A1_2,2085.0,2071,115.57672119140625,541952.1368892243,8673693.926533265,347.28025309244794,2022-03-29 14:21:22.666666752+00:00,0,2022-05-03,100 MHz,20220329,0.0,115.47249603271484,115.68093872070312,0.7034759444127265,0.15451290893554687,11,2.326746954987246,0.7903245290120443,2.462161345795246,2.5560208641691307,113.01518769762531,118.13824705579266,0.10422515869140625,0.0,0.7800846335527006,0.3090371292114258,9.0,0.0,2.326746954987246,0.7903245290120443,0.0,0.0,0.0,0.0,0.0,0.0,certain_cold,231.70353190104169,231.70353190104169,POINT (541952.1368892243 8673693.926533265),dronbreen
dronbreen-20220329-DAT_0247_A1_2,2090.0,2076,115.88937377929688,541950.3062258499,8673690.023361629,347.6223449707031,2022-03-29 14:21:24+00:00,0,2022-05-03,100 MHz,20220329,0.0,115.78514862060547,116.0978012084961,0.7103194059205845,0.15451290893554687,11,2.3329592328163455,0.7903162638346355,2.4680301493078023,2.5635624114290527,113.321959919173,118.56098990992857,0.10422515869140625,0.0,0.7933145735890911,0.3090145065307617,9.0,0.0,2.3329592328163455,0.6774056752522787,0.0,0.0,0.0,0.0,0.0,0.0,certain_cold,231.73297119140625,231.73297119140625,POINT (541950.3062258499 8673690.023361629),dronbreen
dronbreen-20220329-DAT_0247_A1_2,2095.0,2081,116.30624389648438,541948.2462866555,8673685.492709897,348.0072937011719,2022-03-29 14:21:25.500000+00:00,0,2022-05-03,100 MHz,20220329,0.0,115.99359130859375,116.5146713256836,0.7272139640318555,0.3090145065307617,11,2.34124260761746,0.7903162638346355,2.490282455837368,2.575821595935531,113.52255574741602,118.98570688686132,0.312652587890625,0.0,0.8130330517757095,0.4635387268066406,9.0,0.0,2.339171576326832,0.6774056752522787,0.0,0.0,0.0,0.0,0.0,0.0,certain_cold,231.7010498046875,231.7010498046875,POINT (541948.2462866555 8673685.492709897),dronbreen
dronbreen-20220329-DAT_0247_A1_2,2100.0,2086,116.618896484375,541946.224582741,8673680.963256216,348.3933410644531,2022-03-29 14:21:27+00:00,0,2022-05-03,100 MHz,20220329,0.0,116.30624389648438,116.82732391357422,0.7277558469061807,0.4635387268066406,11,2.347455389755756,0.6774139404296875,2.4868262112241273,2.549326386771211,113.86300087672932,119.27056693332928,0.312652587890625,0.0,0.813031842911217,0.4635387268066406,9.0,0.0,2.345384286988559,0.6774139404296875,0.0,0.0,0.0,0.0,0.0,0.0,certain_cold,231.77444458007812,231.77444458007812,POINT (541946.224582741 8673680.963256216),dronbreen
dronbreen-20220329-DAT_0247_A1_2,2105.0,2092,116.93154907226562,541943.9348642394,8673675.820622388,348.8624038696289,2022-03-29 14:21:28.750000128+00:00,0,2022-05-03,100 MHz,20220329,0.0,116.72310638427734,117.24420166015625,0.7176465088670506,0.4635387268066406,11,2.353668385175759,0.7903162638346355,2.525712338233894,2.5844479441355497,114.2402945379512,119.7270135064824,0.20844268798828125,0.0,0.8006933645655596,0.4635387268066406,9.0,0.0,2.3515972114975128,0.6774139404296875,0.0,0.0,0.0,0.0,0.0,0.0,certain_cold,231.93085479736328,231.93085479736328,POINT (541943.9348642394 8673675.820622388),dronbreen
dronbreen-20220329-DAT_0247_A1_2,2110.0,2098,117.34841918945312,541942.0304719184,8673671.474289149,349.2584751674107,2022-03-29 14:21:30.428571392+00:00,0,2022-05-03,100 MHz,20220329,0.0,117.13997650146484,117.66107177734375,0.725584442808252,0.46352741546630855,11,2.3619527079316054,0.7903162638346355,2.533432070586432,2.5942037651334062,114.64930984544944,120.15173843335916,0.20844268798828125,0.0,0.8106191141882324,0.4635387268066406,9.0,0.0,2.357810348163205,0.7903162638346355,0.0,0.0,0.0,0.0,0.0,0.0,certain_cold,231.9100559779576,231.9100559779576,POINT (541942.0304719184 8673671.474289149),dronbreen
dronbreen-20220329-DAT_0247_A1_2,2115.0,2104,117.66107177734375,541939.8084185073,8673666.557535386,349.6988525390625,2022-03-29 14:21:32.333333248+00:00,0,2022-05-03,100 MHz,20220329,0.0,117.45262145996094,118.07791900634766,0.7280281015982607,0.46352741546630855,11,2.3681661944883206,0.6773974100748698,2.506379069650541,2.568482682949255,114.98947745769605,120.54106300861254,0.2084503173828125,0.0,0.811919380183347,0.4635387268066406,9.0,0.0,2.3660948575170315,0.6774056752522787,0.0,0.0,0.0,0.0,0.0,0.0,certain_cold,232.03778076171875,232.03778076171875,POINT (541939.8084185073 8673666.557535386),dronbreen
dronbreen-20220329-DAT_0247_A1_2,2120.0,2108,117.97370910644531,541938.0419956981,8673662.842486098,350.02911376953125,2022-03-29 14:21:33.500000+00:00,0,2022-05-03,100 MHz,20220329,0.0,117.66107177734375,118.28636169433594,0.7141971067589408,0.46352741546630855,11,2.3743795855197356,0.6773974100748698,2.512250650750814,2.570335226115818,115.19195337854045,120.75548009313924,0.3126373291015625,0.0,0.7971043396025607,0.4635387268066406,9.0,0.0,2.370237099664553,0.6774056752522787,0.0,0.0,0.0,0.0,0.0,0.0,certain_cold,232.05540466308594,232.05540466308594,POINT (541938.0419956981 8673662.842486098),dronbreen
dronbreen-20220329-DAT_0247_A1_2,2125.0,2113,118.28636169433594,541935.616891548,8673657.742166976,350.47674560546875,2022-03-29 14:21:35+00:00,0,2022-05-03,100 MHz,20220329,0.0,117.86949157714844,118.59901428222656,0.677739919918407,0.3090371292114258,11,2.380593485909198,0.6774139404296875,2.4943173292652685,2.5662124602013745,115.39439259087702,121.07411326849798,0.4168701171875,0.0,0.7551255466439998,0.6180516357421875,9.0,0.0,2.3785221629781863,0.7903162638346355,0.0,0.0,0.0,0.0,0.0,0.0,certain_cold,232.1903839111328,232.1903839111328,POINT (541935.616891548 8673657.742166976),dronbreen
dronbreen-20220329-DAT_0247_A1_2,2130.0,2118,118.59901428222656,541933.544842829,8673653.157993423,350.8963841029576,2022-03-29 14:21:36.428571392+00:00,0,2022-05-03,100 MHz,20220329,0.0,118.18214416503906,118.91166687011719,0.6945765042453017,0.3090371292114258,11,2.3868075907970274,0.5645116170247396,2.472049309474517,2.5491097193906387,115.72948767844291,121.36432335671334,0.4168701171875,0.0,0.7730911062888339,0.6180516357421875,9.0,0.0,2.3847361998777235,0.6774139404296875,0.0,0.0,0.0,0.0,0.0,0.0,certain_cold,232.29736982073103,232.29736982073103,POINT (541933.544842829 8673653.157993423),dronbreen
dronbreen-20220329-DAT_0247_A1_2,2135.0,2122,118.80744934082031,541931.7618096821,8673649.185442857,351.26014200846356,2022-03-29 14:21:37.666666752+00:00,0,2022-05-03,100 MHz,20220329,0.0,118.49479675292969,119.12010192871094,0.6825293157381468,0.3090371292114258,11,2.3909504402117236,0.6774139404296875,2.504203985594694,2.577087488052956,116.00973465023746,121.60516403140316,0.312652587890625,0.0,0.7604986363782097,0.4635387268066406,9.0,0.0,2.3909504402117236,0.6774139404296875,0.0,0.0,0.0,0.0,0.0,0.0,certain_cold,232.45269266764325,232.45269266764325,POINT (541931.7618096821 8673649.185442857),dronbreen
dronbreen-20220329-DAT_0247_A1_2,2140.0,2128,119.22431945800781,541929.4137244908,8673644.27363769,351.67657470703125,2022-03-29 14:21:39.333333248+00:00,0,2022-05-03,100 MHz,20220329,0.0,118.91166687011719,119.32853698730469,0.681950012608793,0.15451290893554687,11,2.3992364077118453,0.6774139404296875,2.497818893716324,2.5846239197368055,116.41863157418203,121.82157228323985,0.312652587890625,0.0,0.7622813804290522,0.30902581787109373,9.0,0.0,2.3971648823980787,0.6774139404296875,0.0,0.0,0.0,0.0,0.0,0.0,certain_cold,232.45225524902344,232.45225524902344,POINT (541929.4137244908 8673644.27363769),dronbreen
dronbreen-20220329-DAT_0247_A1_2,2145.0,2132,119.43275451660156,541927.4504067199,8673640.118232628,352.02939860026044,2022-03-29 14:21:40.666666752+00:00,0,2022-05-03,100 MHz,20220329,0.0,119.12010192871094,119.43275451660156,0.6823853119741906,0.15451290893554687,11,2.403379524870994,0.4516092936197917,2.450318006643345,2.5388646692273706,116.67466043592218,121.87819600939032,0.312652587890625,0.0,0.762282640802872,0.46351610412597655,9.0,0.0,2.403379524870994,0.5645116170247396,0.0,0.0,0.0,0.0,0.0,0.0,certain_cold,232.59664408365887,232.59664408365887,POINT (541927.4504067199 8673640.118232628),dronbreen
dronbreen-20220329-DAT_0247_A1_2,2150.0,2137,119.64118957519531,541924.8952076163,8673634.889812306,352.4741923014323,2022-03-29 14:21:42.333333248+00:00,0,2022-05-03,100 MHz,20220329,0.0,119.53697204589844,119.74539184570312,0.6865654979822965,0.15451290893554687,11,2.4075227303573126,0.4516092936197917,2.4543819772599824,2.543912112139603,117.08745849189003,122.19490539971153,0.104217529296875,0.0,0.7622792943048387,0.3090031951904297,9.0,0.0,2.4075227303573126,0.4516092936197917,0.0,0.0,0.0,0.0,0.0,0.0,certain_cold,232.833002726237,232.833002726237,POINT (541924.8952076163 8673634.889812306),dronbreen
dronbreen-20220329-DAT_0247_A1_2,2155.0,2142,119.84962463378906,541922.6826675651,8673630.540540518,352.85335540771484,2022-03-29 14:21:43.750000128+00:00,0,2022-05-03,100 MHz,20220329,0.0,119.64118957519531,119.95384216308594,0.7148891639486119,0.30902581787109373,11,2.411666023715567,0.33870697021484375,2.4548630058981034,2.5380941547443268,117.20585480937436,122.38917692890689,0.0,0.0,0.7858608965825682,0.3090031951904297,9.0,0.0,2.411666023715567,0.451592763264974,0.0,0.0,0.0,0.0,0.0,0.0,certain_cold,233.00373077392578,233.00373077392578,POINT (541922.6826675651 8673630.540540518),dronbreen
dronbreen-20220329-DAT_0247_A1_2,2160.0,2146,119.95384216308594,541920.8155060024,8673626.57424393,353.2009582519531,2022-03-29 14:21:45+00:00,0,2022-05-03,100 MHz,20220329,0.0,119.74539184570312,120.26648712158203,0.7326285695666116,0.4635387268066406,11,2.4137377032052623,0.33869043986002606,2.4810701451544483,2.545110122346853,117.30800781483578,122.70387115244938,0.0,0.0,0.7954050217675239,0.3090371292114258,9.0,0.0,2.415809101168283,0.5645033518473308,0.0,0.0,0.0,0.0,0.0,0.0,certain_cold,233.2471160888672,233.2471160888672,POINT (541920.8155060024 8673626.57424393),dronbreen
dronbreen-20220329-DAT_0247_A1_2,2165.0,2152,120.16226196289062,541918.5948351128,8673621.666435508,353.61692301432294,2022-03-29 14:21:46.666666752+00:00,0,2022-05-03,100 MHz,20220329,0.0,120.05804443359375,120.57913970947266,0.7824197389641515,0.46355003814697265,11,2.4178808241961267,0.4516010284423828,2.50299217073718,2.581137698152946,117.59835112569831,123.03883301736809,0.0,0.0,0.8393299887568706,0.4635387268066406,9.0,0.0,2.4220244869240375,0.6774222056070964,0.0,0.0,0.0,0.0,0.0,0.0,certain_cold,233.4546610514323,233.4546610514323,POINT (541918.5948351128 8673621.666435508),dronbreen
dronbreen-20220329-DAT_0247_A1_2,2170.0,2157,120.3707046508789,541916.3888310973,8673616.697056608,354.03375244140625,2022-03-29 14:21:48.333333248+00:00,0,2022-05-03,100 MHz,20220329,0.0,120.3707046508789,120.89179229736328,0.8049335581702226,0.4635387268066406,11,2.4220244869240375,0.5645198822021485,2.529773401692471,2.6139631492677453,117.8837616855777,123.37873526266449,0.0,0.0,0.8463047524434906,0.4635387268066406,9.0,0.0,2.428239915199523,0.5645116170247396,0.0,0.0,0.0,0.0,0.0,0.0,certain_cold,233.66304779052734,233.66304779052734,POINT (541916.3888310973 8673616.697056608),dronbreen
dronbreen-20220329-DAT_0247_A1_2,2175.0,2162,120.68335723876953,541914.4281324863,8673612.557263572,354.36875915527344,2022-03-29 14:21:49.750000128+00:00,0,2022-05-03,100 MHz,20220329,0.0,120.57913970947266,121.2044448852539,0.8679690532041304,0.4635387268066406,11,2.428239915199523,0.5645116170247396,2.535722895502108,2.6397713402573615,118.08614503408242,123.69743956064414,0.0,0.0,0.9102006182887318,0.6180516357421875,9.0,0.0,2.432383641193866,0.5645116170247396,0.0,0.0,0.0,0.0,0.0,0.0,certain_cold,233.6854019165039,233.6854019165039,POINT (541914.4281324863 8673612.557263572),dronbreen
dronbreen-20220329-DAT_0247_A1_2,2180.0,2167,120.89179229736328,541912.0331585977,8673607.81461904,354.77232869466144,2022-03-29 14:21:51.333333248+00:00,0,2022-05-03,100 MHz,20220329,0.0,120.89179229736328,121.51708984375,0.9202047484316742,0.4635387268066406,11,2.432383641193866,0.5645116170247396,2.5396912597701595,2.6611915231226067,118.3947613516793,124.01412078943397,0.0,0.0,0.9534250450959108,0.4635387268066406,9.0,0.0,2.4385993898090397,0.5645033518473307,0.0,0.0,0.0,0.0,0.0,0.0,certain_cold,233.88053639729816,233.88053639729816,POINT (541912.0331585977 8673607.81461904),dronbreen
dronbreen-20220329-DAT_0247_A1_2,2185.0,2171,121.2044448852539,541909.8657262499,8673603.652876401,355.1316426595052,2022-03-29 14:21:52.666666752+00:00,0,2022-05-03,100 MHz,20220329,0.0,120.99600982666016,121.72552490234375,0.9560983049239465,0.6180403244018554,11,2.4385993898090397,0.6774056752522787,2.605305984990586,2.7055072355326386,118.46507216783863,124.25646256116528,0.0,0.0,0.9736258975519856,0.6180403244018554,9.0,0.0,2.442743176320073,0.5645033518473307,0.0,0.0,0.0,0.0,0.0,0.0,certain_cold,233.92719777425128,233.92719777425128,POINT (541909.8657262499 8673603.652876401),dronbreen
dronbreen-20220329-DAT_0247_A1_2,2190.0,2176,121.51708984375,541907.6128956861,8673599.36440969,355.4739990234375,2022-03-29 14:21:54+00:00,0,2022-05-03,100 MHz,20220329,0.0,121.2044448852539,122.0381851196289,0.9865901750170625,0.7725532333374023,11,2.444815176989378,0.6774056752522787,2.651949885808869,2.7220139367647986,118.66751766940762,124.5751123354752,0.0,0.0,0.9824143887409956,0.7725532333374023,9.0,0.0,2.4489592412084864,0.5645198822021485,0.0,0.0,0.0,0.0,0.0,0.0,certain_cold,233.9569091796875,233.9569091796875,POINT (541907.6128956861 8673599.36440969),dronbreen
dronbreen-20220329-DAT_0247_A1_2,2195.0,2181,121.82974243164062,541905.4081828704,8673594.64322154,355.85150146484375,2022-03-29 14:21:55.428571392+00:00,0,2022-05-03,100 MHz,20220329,0.0,121.51708984375,122.35083770751953,1.0401798704571674,0.6180629470825195,11,2.4510313046519743,0.5645198822021485,2.5900268261818864,2.721802953317851,119.00188862838263,124.8660389228869,0.0,0.0,1.027741392299321,0.6180629470825195,9.0,0.0,2.4531035406048516,0.4516092936197917,0.0,0.0,0.0,0.0,0.0,0.0,certain_cold,234.02175903320312,234.02175903320312,POINT (541905.4081828704 8673594.64322154),dronbreen
dronbreen-20220329-DAT_0247_A1_2,2200.0,2185,122.0381851196289,541903.5681270183,8673590.739829654,356.1636962890625,2022-03-29 14:21:56.666666752+00:00,0,2022-05-03,100 MHz,20220329,0.0,121.6213150024414,122.55925750732422,1.0730732140442243,0.7725532333374023,11,2.45517564563457,0.5645198822021485,2.635034847332902,2.738257889793775,119.10207500825295,125.07849750151267,0.0,0.0,1.0599684676485581,0.7725532333374023,9.0,0.0,2.457247619684041,0.5644950866699219,0.0,0.0,0.0,0.0,0.0,0.0,certain_cold,234.1255111694336,234.1255111694336,POINT (541903.5681270183 8673590.739829654),dronbreen
dronbreen-20220329-DAT_0247_A1_2,2205.0,2190,122.35083770751953,541901.4072139175,8673585.957982073,356.54871368408203,2022-03-29 14:21:58.249999872+00:00,0,2022-05-03,100 MHz,20220329,0.0,121.93396759033203,122.87191009521484,1.0893306569043062,0.7725419219970703,11,2.4613920847952513,0.6774056752522787,2.6672364846784093,2.775602767693583,119.38106151216215,125.42481617338473,0.0,0.0,1.0830596617445332,0.7725419219970703,9.0,0.0,2.463463968968921,0.6774056752522787,0.0,0.0,0.0,0.0,0.0,0.0,certain_cold,234.1978759765625,234.1978759765625,POINT (541901.4072139175 8673585.957982073),dronbreen
dronbreen-20220329-DAT_0247_A1_2,2210.0,2196,122.66348266601562,541899.1597420754,8673580.677181236,356.98291015625,2022-03-29 14:22:00+00:00,0,2022-05-03,100 MHz,20220329,0.0,122.45503997802734,123.28878021240234,1.128331858272385,0.7725645446777343,11,2.4676085572680213,0.6774056752522787,2.6729808110907713,2.796623539763401,119.89613973753997,125.84768045288972,0.0,0.0,1.1318216903474012,0.7725645446777343,9.0,0.0,2.4696806544944025,0.5645198822021485,0.0,0.0,0.0,0.0,0.0,0.0,certain_cold,234.31942749023438,234.31942749023438,POINT (541899.1597420754 8673580.677181236),dronbreen
dronbreen-20220329-DAT_0247_A1_2,2215.0,2201,122.97613525390625,541897.2199060364,8673576.23012141,357.3534371512277,2022-03-29 14:22:01.428571392+00:00,0,2022-05-03,100 MHz,20220329,0.0,122.87191009521484,123.60143280029297,1.1372193262441854,0.9270661422729491,11,2.473825365056074,0.5645033518473307,2.7014676757626654,2.7806013319109533,120.3344948806625,126.13884801484531,0.0,0.0,1.162588419369484,0.7725645446777343,9.0,0.0,2.473825365056074,0.5645116170247396,0.0,0.0,0.0,0.0,0.0,0.0,certain_cold,234.37730189732144,234.37730189732144,POINT (541897.2199060364 8673576.23012141),dronbreen
dronbreen-20220329-DAT_0247_A1_2,2220.0,2205,123.18456268310547,541895.4935032597,8673572.188497812,357.7021891276042,2022-03-29 14:22:02.666666752+00:00,0,2022-05-03,100 MHz,20220329,0.0,123.0803451538086,123.80986785888672,1.1429357373973086,0.7725645446777343,11,2.477969853200635,0.5645033518473307,2.6562858662634867,2.786628918144283,120.5388891483625,126.35132386433281,0.0,0.0,1.1834225510016845,0.7725645446777343,9.0,0.0,2.480042203371713,0.6774056752522787,0.0,0.0,0.0,0.0,0.0,0.0,certain_cold,234.51762644449872,234.51762644449872,POINT (541895.4935032597 8673572.188497812),dronbreen
dronbreen-20220329-DAT_0247_A1_2,2225.0,2210,123.4972152709961,541893.5867625431,8673567.848815521,358.0931701660156,2022-03-29 14:22:04+00:00,0,2022-05-03,100 MHz,20220329,0.0,123.28878021240234,124.12252044677734,1.1757266102191666,0.7725645446777343,11,2.484186963953458,0.6774139404296875,2.688295090621171,2.8306196460390485,120.71388710422003,126.69741355495965,0.0,0.0,1.2325010812780242,0.7725645446777343,9.0,0.0,2.486259374263702,0.6774139404296875,0.0,0.0,0.0,0.0,0.0,0.0,certain_cold,234.59595489501953,234.59595489501953,POINT (541893.5867625431 8673567.848815521),dronbreen
dronbreen-20220329-DAT_0247_A1_2,2230.0,2215,123.80986785888672,541891.1301943205,8673562.313381797,358.6010335286458,2022-03-29 14:22:05.666666752+00:00,0,2022-05-03,100 MHz,20220329,0.0,123.60143280029297,124.43517303466797,1.2037788156732314,0.7725645446777343,11,2.4904042546731238,0.5645198822021485,2.6678928060903497,2.8230974985216455,121.04784785964668,126.98875797531426,0.0,0.0,1.2846402453813428,0.7725645446777343,9.0,0.0,2.492476724672875,0.5645116170247396,0.0,0.0,0.0,0.0,0.0,0.0,certain_cold,234.7911656697591,234.7911656697591,POINT (541891.1301943205 8673562.313381797),dronbreen
dronbreen-20220329-DAT_0247_A1_2,2235.0,2219,124.018310546875,541889.4095989738,8673558.493493428,358.9427926199777,2022-03-29 14:22:06.857143040+00:00,0,2022-05-03,100 MHz,20220329,0.0,123.80986785888672,124.64360809326172,1.144749136177916,0.7725645446777343,11,2.494549366190305,0.5645198822021485,2.6717625668189706,2.8021259469449378,121.25224020073122,127.20123575141722,0.0,0.0,1.2251339173304727,0.6180516357421875,9.0,0.0,2.4966217240151267,0.5645116170247396,0.0,0.0,0.0,0.0,0.0,0.0,certain_cold,234.9244820731027,234.9244820731027,POINT (541889.4095989738 8673558.493493428),dronbreen
dronbreen-20220329-DAT_0247_A1_2,2240.0,2224,124.33096313476562,541887.2343389363,8673553.817565663,359.3538818359375,2022-03-29 14:22:08.333333248+00:00,0,2022-05-03,100 MHz,20220329,0.0,124.12252044677734,124.95625305175781,1.0888741930997896,0.4635387268066406,11,2.5007669538778257,0.6774056752522787,2.6320300069947713,2.8104022514348532,121.5316299036491,127.54714359488605,0.0,0.0,1.1703490805021493,0.7725645446777343,9.0,0.0,2.502839370648285,0.6773974100748698,0.0,0.0,0.0,0.0,0.0,0.0,certain_cold,235.02291870117188,235.02291870117188,POINT (541887.2343389363 8673553.817565663),dronbreen
dronbreen-20220329-DAT_0247_A1_2,2245.0,2229,124.64360809326172,541884.7240115379,8673548.776727559,359.79791259765625,2022-03-29 14:22:10+00:00,0,2022-05-03,100 MHz,20220329,0.0,124.43517303466797,125.26890563964844,1.0530109776381205,0.46351610412597655,11,2.5069845662473966,0.7902997334798177,2.669155758460911,2.831673957779622,121.8065716415045,127.8975070328119,0.0,0.0,1.1320890420850698,0.7725532333374023,9.0,0.0,2.5090568897938526,0.6774056752522788,0.0,0.0,0.0,0.0,0.0,0.0,certain_cold,235.15430450439453,235.15430450439453,POINT (541884.7240115379 8673548.776727559),dronbreen
dronbreen-20220329-DAT_0247_A1_2,2250.0,2234,125.06047058105469,541882.7770132511,8673544.49784164,360.17718505859375,2022-03-29 14:22:11.333333248+00:00,0,2022-05-03,100 MHz,20220329,0.0,124.74781036376953,125.47733306884766,1.0245903067177615,0.6180629470825195,11,2.515275038794354,0.6774056752522787,2.6772166098771804,2.799155634520155,122.1429136345985,128.0822297980187,0.104217529296875,0.0,1.1090675711981375,0.9270887649536133,9.0,0.0,2.515275038794354,0.5645198822021485,0.0,0.0,0.0,0.0,0.0,0.0,certain_cold,235.11671447753906,235.11671447753906,POINT (541882.7770132511 8673544.49784164),dronbreen
dronbreen-20220329-DAT_0247_A1_2,2255.0,2238,125.26890563964844,541880.8466163316,8673540.095410978,360.58447265625,2022-03-29 14:22:12.666666752+00:00,0,2022-05-03,100 MHz,20220329,0.0,125.16468811035156,125.78998565673828,0.9865896914625755,0.6180516357421875,11,2.5194204667069884,0.6774139404296875,2.6811111426410745,2.789216440875601,122.5557862082574,128.39888755883246,0.0,0.0,1.076908808887909,0.6180516357421875,9.0,0.0,2.5194204667069884,0.6774139404296875,0.0,0.0,0.0,0.0,0.0,0.0,certain_cold,235.31556701660156,235.31556701660156,POINT (541880.8466163316 8673540.095410978),dronbreen
dronbreen-20220329-DAT_0247_A1_2,2260.0,2243,125.68577575683594,541878.9710727946,8673535.570628794,361.01068115234375,2022-03-29 14:22:14+00:00,0,2022-05-03,100 MHz,20220329,0.0,125.58155822753906,125.99842834472656,0.9289661950249485,0.6180516357421875,11,2.5277115521829345,0.6774139404296875,2.688903710096576,2.7769035865918474,122.96464872629002,128.6153378459756,0.104217529296875,0.0,1.0224474049500833,0.6180516357421875,9.0,0.0,2.5277115521829345,0.6774139404296875,0.0,0.0,0.0,0.0,0.0,0.0,certain_cold,235.3249053955078,235.3249053955078,POINT (541878.9710727946 8673535.570628794),dronbreen
dronbreen-20220329-DAT_0247_A1_2,2265.0,2248,125.89421081542969,541876.9604680946,8673530.669447424,361.4627380371094,2022-03-29 14:22:15.500000+00:00,0,2022-05-03,100 MHz,20220329,0.0,125.89421081542969,126.31108093261719,0.9230974194121436,0.6180516357421875,11,2.531857208994208,0.5645116170247396,2.6666387301123904,2.7533766793189027,123.30018415934232,128.90510758870457,0.0,0.0,1.0083288643954982,0.6180516357421875,9.0,0.0,2.531857208994208,0.5645116170247396,0.0,0.0,0.0,0.0,0.0,0.0,certain_cold,235.5685272216797,235.5685272216797,POINT (541876.9604680946 8673530.669447424),dronbreen
dronbreen-20220329-DAT_0247_A1_2,2270.0,2253,126.20686340332031,541875.0263546353,8673525.77065292,361.92999267578125,2022-03-29 14:22:17+00:00,0,2022-05-03,100 MHz,20220329,0.0,125.99842834472656,126.72795104980469,0.9578481996154723,0.9270774536132812,11,2.538075835754665,0.5645033518473307,2.7604285151560615,2.7709143176567577,123.39833354216866,129.32804585236258,0.10422515869140625,0.0,1.0278868075498926,0.9270774536132812,9.0,0.0,2.538075835754665,0.5645033518473307,0.0,0.0,0.0,0.0,0.0,0.0,certain_cold,235.72312927246094,235.72312927246094,POINT (541875.0263546353 8673525.77065292),dronbreen
dronbreen-20220329-DAT_0247_A1_2,2275.0,2257,126.41529083251953,541873.5179429501,8673521.955184218,362.2987747192383,2022-03-29 14:22:18.249999872+00:00,0,2022-05-03,100 MHz,20220329,0.0,126.31108093261719,127.04060363769531,0.9944653055447117,0.7725532333374023,11,2.5422215289994297,0.7903162638346355,2.7720621561808114,2.8419098056275245,123.64884688967699,129.70283768063553,0.0,0.0,1.0457832508376501,0.7725532333374023,9.0,0.0,2.5422215289994297,0.7903162638346355,0.0,0.0,0.0,0.0,0.0,0.0,certain_cold,235.88348388671875,235.88348388671875,POINT (541873.5179429501 8673521.955184218),dronbreen
dronbreen-20220329-DAT_0247_A1_2,2280.0,2263,126.93638610839844,541871.3864440531,8673516.631527355,362.8015899658203,2022-03-29 14:22:20+00:00,0,2022-05-03,100 MHz,20220329,0.0,126.72795104980469,127.45745849609375,1.0040491920092662,0.6180290130615234,11,2.552586618962061,1.0161209106445312,2.816053979123809,2.925117934772494,123.9805522523322,130.20485729356622,0.10422515869140625,0.0,1.042169888826653,0.7725419219970703,9.0,0.0,2.552586618962061,1.1290149688720705,0.0,0.0,0.0,0.0,0.0,0.0,certain_cold,235.86520385742188,235.86520385742188,POINT (541871.3864440531 8673516.631527355),dronbreen
dronbreen-20220329-DAT_0247_A1_2,2285.0,2268,127.3532485961914,541869.4493920367,8673511.825698236,363.2500508626302,2022-03-29 14:22:21.666666752+00:00,0,2022-05-03,100 MHz,20220329,0.0,127.04060363769531,127.77011108398438,0.9579483581516032,0.6180290130615234,11,2.560878749804709,0.7903079986572266,2.750390256841513,2.8461116915589018,124.36055014868751,130.45016457299218,0.20844268798828125,0.0,0.9847115372962394,0.7725419219970703,9.0,0.0,2.5629517144326743,1.0161043802897136,0.0,0.0,0.0,0.0,0.0,0.0,certain_cold,235.89680226643878,235.89680226643878,POINT (541869.4493920367 8673511.825698236),dronbreen
dronbreen-20220329-DAT_0247_A1_2,2290.0,2274,127.66590118408203,541867.6398418737,8673507.535612505,363.65076446533203,2022-03-29 14:22:23.249999872+00:00,0,2022-05-03,100 MHz,20220329,0.0,127.45745849609375,128.29119873046875,0.9263001685116228,0.6180516357421875,11,2.5670981535690296,0.4516010284423828,2.6787915640063025,2.7662191563815766,124.85094043190395,130.89771679465855,0.20844268798828125,0.0,0.9410043382605853,0.9271000762939453,9.0,0.0,2.571244361650401,0.7903162638346355,0.0,0.0,0.0,0.0,0.0,0.0,certain_cold,235.98486328125,235.98486328125,POINT (541867.6398418737 8673507.535612505),dronbreen
dronbreen-20220329-DAT_0247_A1_2,2295.0,2279,127.77011108398438,541865.8662191496,8673503.525793878,364.0353698730469,2022-03-29 14:22:24.666666752+00:00,0,2022-05-03,100 MHz,20220329,0.0,127.77011108398438,128.60385131835938,0.8922038646657494,0.6180516357421875,11,2.5691711726869197,0.5645033518473307,2.702090371037939,2.7776486971783982,125.13965398514921,131.23430841719454,0.0,0.0,0.9085433455951433,0.7725645446777343,9.0,0.0,2.577464036565367,0.6774139404296875,0.0,0.0,0.0,0.0,0.0,0.0,certain_cold,236.2652587890625,236.2652587890625,POINT (541865.8662191496 8673503.525793878),dronbreen
dronbreen-20220329-DAT_0247_A1_2,2300.0,2284,128.18698120117188,541863.8050902351,8673498.809158072,364.49205525716144,2022-03-29 14:22:26.333333248+00:00,0,2022-05-03,100 MHz,20220329,0.0,128.08277893066406,129.12493896484375,0.8368098192970054,0.7725532333374023,11,2.577464036565367,1.1290232340494792,2.918022073451717,2.9356881640397825,125.26888228671791,131.9388356087899,0.0,0.0,0.8546432149155021,0.7725645446777343,9.0,0.0,2.5836838726069544,0.6774139404296875,0.0,0.0,0.0,0.0,0.0,0.0,certain_cold,236.30507405598956,236.30507405598956,POINT (541863.8050902351 8673498.809158072),dronbreen
dronbreen-20220329-DAT_0247_A1_2,2305.0,2290,128.81228637695312,541861.8459594005,8673494.095702447,364.9499206542969,2022-03-29 14:22:28+00:00,0,2022-05-03,100 MHz,20220329,0.0,128.4996337890625,129.4375762939453,0.7948145757737889,0.7725645446777343,11,2.5899038686142917,1.2419255574544272,2.9743633124779625,2.9802200168417485,125.62735574908766,132.30985433392016,0.0,0.0,0.8304760135017979,0.7725645446777343,9.0,0.0,2.5899038686142917,0.9032185872395834,0.0,0.0,0.0,0.0,0.0,0.0,certain_cold,236.13763427734375,236.13763427734375,POINT (541861.8459594005 8673494.095702447),dronbreen
dronbreen-20220329-DAT_0247_A1_2,2310.0,2296,129.3333740234375,541859.9575262162,8673489.570549272,365.37538655598956,2022-03-29 14:22:29.666666752+00:00,0,2022-05-03,100 MHz,20220329,0.0,128.81228637695312,129.750244140625,0.7788770103733949,0.7725419219970703,11,2.600270880988085,0.9032185872395834,2.8590266686571053,2.8607449848138886,126.05961268200677,132.50291783557137,0.20843505859375,0.0,0.827381575954064,0.6180290130615234,9.0,0.0,2.600270880988085,0.9032185872395834,0.0,0.0,0.0,0.0,0.0,0.0,certain_cold,236.04201253255206,236.04201253255206,POINT (541859.9575262162 8673489.570549272),dronbreen
dronbreen-20220329-DAT_0247_A1_2,2315.0,2301,129.64602661132812,541857.9942986533,8673484.577828908,365.8366190592448,2022-03-29 14:22:31.333333248+00:00,0,2022-05-03,100 MHz,20220329,0.0,129.12493896484375,130.06289672851562,0.7673821094459331,0.7725645446777343,11,2.6064912979793506,0.4516092936197917,2.7558308758374417,2.7543825337856647,126.47961330615334,132.70822238720604,0.2084503173828125,0.0,0.8196871331842853,0.7725645446777343,9.0,0.0,2.6064912979793506,0.4516092936197917,0.0,0.0,0.0,0.0,0.0,0.0,certain_cold,236.19059244791669,236.19059244791669,POINT (541857.9942986533 8673484.577828908),dronbreen
dronbreen-20220329-DAT_0247_A1_2,2320.0,2305,129.750244140625,541856.3875350463,8673480.433649836,366.22777303059894,2022-03-29 14:22:32.666666752+00:00,0,2022-05-03,100 MHz,20220329,0.0,129.4375762939453,130.16709899902344,0.7746845105287482,0.6180516357421875,11,2.6085648049877386,0.33870697021484375,2.70209559008123,2.7421649921815434,126.80711383394083,132.79756145902792,0.104217529296875,0.0,0.8377104379471458,0.7725419219970703,9.0,0.0,2.6085648049877386,0.33870697021484375,0.0,0.0,0.0,0.0,0.0,0.0,certain_cold,236.47752888997394,236.47752888997394,POINT (541856.3875350463 8673480.433649836),dronbreen
dronbreen-20220329-DAT_0247_A1_2,2325.0,2310,129.95867919921875,541854.3086418973,8673475.158186622,366.73438262939453,2022-03-29 14:22:34.249999872+00:00,0,2022-05-03,100 MHz,20220329,0.0,129.750244140625,130.47975158691406,0.7615669130139601,0.6180290130615234,11,2.6127118707737718,0.5645116170247396,2.7435190078481084,2.779374182875649,127.07724270302006,133.152753024519,0.0,0.0,0.8271948265497173,0.7725419219970703,9.0,0.0,2.6127118707737718,0.5645116170247396,0.0,0.0,0.0,0.0,0.0,0.0,certain_cold,236.77570343017578,236.77570343017578,POINT (541854.3086418973 8673475.158186622),dronbreen
dronbreen-20220329-DAT_0247_A1_2,2330.0,2315,130.27133178710938,541852.502159615,8673470.356453678,367.1907552083333,2022-03-29 14:22:35.666666752+00:00,0,2022-05-03,100 MHz,20220329,0.0,130.06289672851562,130.68820190429688,0.783048872831399,0.4635387268066406,11,2.6189325982611416,0.6773974100748698,2.744547933022944,2.8161748423444024,127.35777654534243,133.39332208747007,0.20843505859375,0.0,0.8530549121415811,0.6180516357421875,9.0,0.0,2.6189325982611416,0.6773974100748698,0.0,0.0,0.0,0.0,0.0,0.0,certain_cold,236.91942342122394,236.91942342122394,POINT (541852.502159615 8673470.356453678),dronbreen
dronbreen-20220329-DAT_0247_A1_2,2335.0,2320,130.58396911621094,541850.8883990293,8673466.025966765,367.595703125,2022-03-29 14:22:37+00:00,0,2022-05-03,100 MHz,20220329,0.0,130.27133178710938,130.89662170410156,0.7810284039765796,0.46351610412597655,11,2.6251531757323066,0.5644950866699219,2.724872671835515,2.796442251638696,127.5861718479378,133.58178164327313,0.3126373291015625,0.0,0.8590449009425576,0.4635387268066406,9.0,0.0,2.6251531757323066,0.5644950866699219,0.0,0.0,0.0,0.0,0.0,0.0,certain_cold,237.01173400878906,237.01173400878906,POINT (541850.8883990293 8673466.025966765),dronbreen
dronbreen-20220329-DAT_0247_A1_2,2340.0,2325,130.7924041748047,541849.0025724695,8673461.004656008,368.0632731119792,2022-03-29 14:22:38.666666752+00:00,0,2022-05-03,100 MHz,20220329,0.0,130.58396911621094,131.1050567626953,0.8299405646578756,0.4635387268066406,11,2.629300514572305,0.5645116170247396,2.728875723248605,2.814373092280181,127.89475090980112,133.79427496910515,0.20843505859375,0.0,0.914503514142798,0.7725419219970703,9.0,0.0,2.629300514572305,0.5645116170247396,0.0,0.0,0.0,0.0,0.0,0.0,certain_cold,237.2708689371745,237.2708689371745,POINT (541849.0025724695 8673461.004656008),dronbreen
dronbreen-20220329-DAT_0247_A1_2,2345.0,2330,131.1050567626953,541847.4231822946,8673456.79930994,368.4498291015625,2022-03-29 14:22:40+00:00,0,2022-05-03,100 MHz,20220329,0.0,130.89662170410156,131.31350708007812,0.8480631532993039,0.3090484405517578,11,2.63552164921858,0.5645281473795573,2.7129646756438044,2.825575605901845,128.2013171957605,134.00881158841918,0.20843505859375,0.0,0.9390800261517951,1.0815903625488281,9.0,0.0,2.63552164921858,0.5645281473795573,0.0,0.0,0.0,0.0,0.0,0.0,certain_cold,237.3447723388672,237.3447723388672,POINT (541847.4231822946 8673456.79930994),dronbreen
dronbreen-20220329-DAT_0247_A1_2,2350.0,2334,131.31350708007812,541845.707372819,8673452.465652784,368.84203084309894,2022-03-29 14:22:41.333333248+00:00,0,2022-05-03,100 MHz,20220329,0.0,131.2092742919922,131.5219268798828,0.861117689626527,0.3090484405517578,11,2.6396694597369366,0.4516092936197917,2.6957961253327616,2.813064074303923,128.53125154922998,134.19994962264502,0.1042327880859375,0.0,0.9557972764020586,1.236125894165039,9.0,0.0,2.6396694597369366,0.4516092936197917,0.0,0.0,0.0,0.0,0.0,0.0,certain_cold,237.52852376302081,237.52852376302081,POINT (541845.707372819 8673452.465652784),dronbreen
dronbreen-20220329-DAT_0247_A1_2,2355.0,2339,131.5219268798828,541843.4455044921,8673446.81231811,369.3450012207031,2022-03-29 14:22:43+00:00,0,2022-05-03,100 MHz,20220329,0.0,131.417724609375,131.73037719726562,0.8865442414216858,0.4635387268066406,11,2.643816729669229,0.5644950866699219,2.7428615995348546,2.845062792795852,128.7143153538324,134.43378645280822,0.1042022705078125,0.0,0.9842582900678443,1.2360806488037108,9.0,0.0,2.643816729669229,0.5644950866699219,0.0,0.0,0.0,0.0,0.0,0.0,certain_cold,237.8230743408203,237.8230743408203,POINT (541843.4455044921 8673446.81231811),dronbreen
dronbreen-20220329-DAT_0247_A1_2,2360.0,2344,131.83457946777344,541841.7432451166,8673442.452504551,369.7125244140625,2022-03-29 14:22:44.285714432+00:00,0,2022-05-03,100 MHz,20220329,0.0,131.73037719726562,131.9387969970703,0.9463390995733147,0.3090031951904297,11,2.650038214324063,0.5645116170247396,2.727060482969098,2.8700058526969916,129.02087984477868,134.64829434955726,0.1042022705078125,0.0,1.052255455485229,1.3906161804199217,9.0,0.0,2.650038214324063,0.5645116170247396,0.0,0.0,0.0,0.0,0.0,0.0,certain_cold,237.87794494628906,237.87794494628906,POINT (541841.7432451166 8673442.452504551),dronbreen
dronbreen-20220329-DAT_0247_A1_2,2365.0,2349,132.0430145263672,541839.78807571,8673437.606284304,370.115966796875,2022-03-29 14:22:45.714285568+00:00,0,2022-05-03,100 MHz,20220329,0.0,132.0430145263672,132.25144958496094,0.9326771990661004,0.30902581787109373,11,2.6541859531849243,0.5645116170247396,2.7310938094380703,2.8693663407619874,129.32946031835144,134.9650037929767,0.0,0.0,1.0356386550128354,1.3906161804199217,9.0,0.0,2.6541859531849243,0.5645116170247396,0.0,0.0,0.0,0.0,0.0,0.0,certain_cold,238.0729522705078,238.0729522705078,POINT (541839.78807571 8673437.606284304),dronbreen
dronbreen-20220329-DAT_0247_A1_2,2370.0,2353,132.3556671142578,541838.08000643,8673433.432391586,370.4743957519531,2022-03-29 14:22:47+00:00,0,2022-05-03,100 MHz,20220329,0.0,132.14723205566406,132.56410217285156,0.9679003254636885,0.30902581787109373,11,2.660407684341648,0.6774139404296875,2.7626356346256493,2.910925923761249,129.40193449554556,135.30939973297006,0.20843505859375,0.0,1.072279193867498,1.5451290893554686,9.0,0.0,2.660407684341648,0.6774139404296875,0.0,0.0,0.0,0.0,0.0,0.0,certain_cold,238.1187286376953,238.1187286376953,POINT (541838.08000643 8673433.432391586),dronbreen
dronbreen-20220329-DAT_0247_A1_2,2375.0,2358,132.66831970214844,541835.9896742161,8673428.621847738,370.92994689941406,2022-03-29 14:22:48.500000+00:00,0,2022-05-03,100 MHz,20220329,0.0,132.3556671142578,132.7725372314453,0.974299518526408,0.4635387268066406,11,2.666629562019552,0.5645116170247396,2.7648607086148114,2.894623660960655,129.62994031452303,135.4982640311801,0.312652587890625,0.0,1.0781642881152715,1.5451290893554686,9.0,0.0,2.666629562019552,0.5645116170247396,0.0,0.0,0.0,0.0,0.0,0.0,certain_cold,238.26162719726562,238.26162719726562,POINT (541835.9896742161 8673428.621847738),dronbreen
dronbreen-20220329-DAT_0247_A1_2,2380.0,2363,132.8767547607422,541833.9051155215,8673423.625389917,371.3960266113281,2022-03-29 14:22:50+00:00,0,2022-05-03,100 MHz,20220329,0.0,132.56410217285156,133.08518981933594,0.9631922448046584,0.6180516357421875,11,2.670777561366459,0.33870697021484375,2.7622025665063528,2.859285661563483,129.8719329370919,135.7773590550956,0.312652587890625,0.0,1.0638001880297905,1.3906161804199217,9.0,0.0,2.670777561366459,0.33870697021484375,0.0,0.0,0.0,0.0,0.0,0.0,certain_cold,238.51927185058594,238.51927185058594,POINT (541833.9051155215 8673423.625389917),dronbreen
dronbreen-20220329-DAT_0247_A1_2,2385.0,2367,132.98097229003906,541832.1474938908,8673419.636061525,371.77015468052457,2022-03-29 14:22:51.142856960+00:00,0,2022-05-03,100 MHz,20220329,0.0,132.7725372314453,133.2936248779297,0.9814690551232481,0.6180516357421875,11,2.672851585195417,0.33870697021484375,2.7642079937293733,2.8674273337468024,130.0783104391812,135.9878516701938,0.20843505859375,0.0,1.0856941589046833,1.3905935577392576,9.0,0.0,2.672851585195417,0.33870697021484375,0.0,0.0,0.0,0.0,0.0,0.0,certain_cold,238.7891823904855,238.7891823904855,POINT (541832.1474938908 8673419.636061525),dronbreen
dronbreen-20220329-DAT_0247_A1_2,2390.0,2371,133.1894073486328,541830.3156692482,8673415.511497967,372.1647440592448,2022-03-29 14:22:52.333333248+00:00,0,2022-05-03,100 MHz,20220329,0.0,132.98097229003906,133.6062774658203,0.9875867608078234,0.6180516357421875,11,2.6769996809771976,0.4516092936197917,2.7842891499410363,2.8888762272133905,130.2661466518008,136.32110310405858,0.20843505859375,0.0,1.0931713765245399,1.3905935577392576,9.0,0.0,2.6769996809771976,0.4516092936197917,0.0,0.0,0.0,0.0,0.0,0.0,certain_cold,238.975336710612,238.975336710612,POINT (541830.3156692482 8673415.511497967),dronbreen
dronbreen-20220329-DAT_0247_A1_2,2395.0,2376,133.39784240722656,541828.1615191676,8673410.698981468,372.63653564453125,2022-03-29 14:22:53.750000128+00:00,0,2022-05-03,100 MHz,20220329,0.0,133.1894073486328,133.91893005371094,0.9961505838234886,0.6180516357421875,11,2.6811478406759486,0.5645116170247396,2.8087746320701457,2.91539758780326,130.4494753952228,136.65886200712094,0.20843505859375,0.0,1.1016968829716582,1.2360806488037108,9.0,0.0,2.6811478406759486,0.5645116170247396,0.0,0.0,0.0,0.0,0.0,0.0,certain_cold,239.2386932373047,239.2386932373047,POINT (541828.1615191676 8673410.698981468),dronbreen
dronbreen-20220329-DAT_0247_A1_2,2400.0,2381,133.7104949951172,541825.8129652095,8673405.5702567,373.10535685221356,2022-03-29 14:22:55.333333248+00:00,0,2022-05-03,100 MHz,20220329,0.0,133.50205993652344,134.12734985351562,0.9843846066951921,0.4635387268066406,11,2.6873701994209327,0.4516092936197917,2.764195668556948,2.8973992815485268,130.77700772733195,136.8524020627071,0.20843505859375,0.0,1.0902725644792552,1.2360806488037108,9.0,0.0,2.6873701994209327,0.4516092936197917,0.0,0.0,0.0,0.0,0.0,0.0,certain_cold,239.39486185709637,239.39486185709637,POINT (541825.8129652095 8673405.5702567),dronbreen
dronbreen-20220329-DAT_0247_A1_2,2405.0,2385,133.81471252441406,541823.9345104755,8673401.5949027,373.4563206263951,2022-03-29 14:22:56.571428608+00:00,0,2022-05-03,100 MHz,20220329,0.0,133.7104949951172,134.33578491210938,0.9977346587198113,0.6180290130615234,11,2.6894443506413426,0.451592763264974,2.7962487013882953,2.903880401848648,130.98340003178535,137.0628798754412,0.104217529296875,0.0,1.1059329936358282,1.0815903625488281,9.0,0.0,2.6894443506413426,0.451592763264974,0.0,0.0,0.0,0.0,0.0,0.0,certain_cold,239.64160810198103,239.64160810198103,POINT (541823.9345104755 8673401.5949027),dronbreen
dronbreen-20220329-DAT_0247_A1_2,2410.0,2390,134.12734985351562,541821.7523399836,8673397.0074994,373.8586730957031,2022-03-29 14:22:58+00:00,0,2022-05-03,100 MHz,20220329,0.0,134.0231475830078,134.54421997070312,1.0166557718595912,0.6180516357421875,11,2.695666595017075,0.451592763264974,2.802238790640055,2.91618644359027,131.2899160861667,137.27745146754424,0.1042022705078125,0.0,1.1284826696584855,1.0815903625488281,9.0,0.0,2.695666595017075,0.451592763264974,0.0,0.0,0.0,0.0,0.0,0.0,certain_cold,239.7313232421875,239.7313232421875,POINT (541821.7523399836 8673397.0074994),dronbreen
dronbreen-20220329-DAT_0247_A1_2,2415.0,2394,134.2315673828125,541819.8303985788,8673392.729499279,374.2354227701823,2022-03-29 14:22:59.333333248+00:00,0,2022-05-03,100 MHz,20220329,0.0,134.12734985351562,134.85687255859375,1.025456622008339,0.9270774536132812,11,2.6977408090509014,0.33870697021484375,2.872629542681899,2.9058714988986494,131.4084295007854,137.575792911324,0.104217529296875,0.0,1.1350144685742989,0.9270774536132812,9.0,0.0,2.6977408090509014,0.33870697021484375,0.0,0.0,0.0,0.0,0.0,0.0,certain_cold,240.0038553873698,240.0038553873698,POINT (541819.8303985788 8673392.729499279),dronbreen
dronbreen-20220329-DAT_0247_A1_2,2420.0,2399,134.44000244140625,541817.9432959969,8673388.049376663,374.65335845947266,2022-03-29 14:23:00.750000128+00:00,0,2022-05-03,100 MHz,20220329,0.0,134.44000244140625,135.16952514648438,1.0139336669510517,0.9270548309326171,11,2.701889283923035,0.4516092936197917,2.8919867420542236,2.920996086549707,131.70063086079475,137.90889672709588,0.0,0.0,1.1233921179378854,0.9270774536132812,9.0,0.0,2.701889283923035,0.5645116170247396,0.0,0.0,0.0,0.0,0.0,0.0,certain_cold,240.2133560180664,240.2133560180664,POINT (541817.9432959969 8673388.049376663),dronbreen
dronbreen-20220329-DAT_0247_A1_2,2425.0,2404,134.6484375,541816.0486210063,8673382.996827634,375.11118570963544,2022-03-29 14:23:02.333333248+00:00,0,2022-05-03,100 MHz,20220329,0.0,134.54421997070312,135.482177734375,0.9766333833783469,0.9270774536132812,11,2.7060378209619618,0.4516092936197917,2.895870205578699,2.912113392038395,131.8007565314424,138.22564117363572,0.104217529296875,0.0,1.0756492565975857,0.9270774536132812,9.0,0.0,2.708112112704693,0.4516092936197917,0.0,0.0,0.0,0.0,0.0,0.0,certain_cold,240.46274820963544,240.46274820963544,POINT (541816.0486210063 8673382.996827634),dronbreen
dronbreen-20220329-DAT_0247_A1_2,2430.0,2408,134.85687255859375,541814.4454452008,8673378.728755124,375.4807942708333,2022-03-29 14:23:03.666666752+00:00,0,2022-05-03,100 MHz,20220329,0.0,134.6484375,135.69061279296875,0.9606271329012316,0.7725645446777343,11,2.710186419882204,0.4516092936197917,2.854105351995753,2.9106469853047665,131.900881971062,138.43816832190674,0.20843505859375,0.0,1.0569728422113134,0.9270774536132812,9.0,0.0,2.710186419882204,0.4516092936197917,0.0,0.0,0.0,0.0,0.0,0.0,certain_cold,240.62392171223956,240.62392171223956,POINT (541814.4454452008 8673378.728755124),dronbreen
dronbreen-20220329-DAT_0247_A1_2,2435.0,2414,135.0653076171875,541812.1647662212,8673373.260992661,375.93719482421875,2022-03-29 14:23:05.333333248+00:00,0,2022-05-03,100 MHz,20220329,0.0,134.75265502929688,136.00326538085938,0.9137459527105861,0.6180516357421875,11,2.714335080400022,0.4516092936197917,2.8202045505986892,2.899396066229817,132.00100718068435,138.7549132294719,0.312652587890625,0.0,0.9915853083480354,1.0815903625488281,9.0,0.0,2.7164094336698263,0.5645116170247396,0.0,0.0,0.0,0.0,0.0,0.0,certain_cold,240.87188720703125,240.87188720703125,POINT (541812.1647662212 8673373.260992661),dronbreen
dronbreen-20220329-DAT_0247_A1_2,2440.0,2418,135.27374267578125,541810.3435912995,8673368.613950178,376.30653889973956,2022-03-29 14:23:06.666666752+00:00,0,2022-05-03,100 MHz,20220329,0.0,134.85687255859375,136.21170043945312,0.918161865812569,0.7725645446777343,11,2.7184838022334055,0.4516092936197917,2.861985519317363,2.904673191414411,132.10113216133402,138.96744083671285,0.312652587890625,0.0,0.9911247309595083,1.0815903625488281,9.0,0.0,2.720558186055775,0.33870697021484375,0.0,0.0,0.0,0.0,0.0,0.0,certain_cold,241.03279622395831,241.03279622395831,POINT (541810.3435912995 8673368.613950178),dronbreen
dronbreen-20220329-DAT_0247_A1_2,2445.0,2423,135.482177734375,541808.4509300471,8673364.2128142,376.65557861328125,2022-03-29 14:23:08+00:00,0,2022-05-03,100 MHz,20220329,0.0,135.0653076171875,136.31591796875,0.8945239830805635,0.7725645446777343,11,2.7226325851020574,0.4516092936197917,2.8659265732457966,2.9011811911443233,132.30547444332657,139.07575114261093,0.20843505859375,0.0,0.9650626773650457,1.081567739868164,9.0,0.0,2.7226325851020574,0.33870697021484375,0.0,0.0,0.0,0.0,0.0,0.0,certain_cold,241.17340087890625,241.17340087890625,POINT (541808.4509300471 8673364.2128142),dronbreen
dronbreen-20220329-DAT_0247_A1_2,2450.0,2428,135.69061279296875,541806.1828403276,8673359.569598593,377.0081133161272,2022-03-29 14:23:09.571428608+00:00,0,2022-05-03,100 MHz,20220329,0.0,135.37796020507812,136.42013549804688,0.8347997868901278,0.9270774536132812,11,2.7267814287273833,0.4516092936197917,2.915263370458045,2.8872441182428825,132.61403402767462,139.18406167545038,0.312652587890625,0.0,0.9057142795615036,1.0815903625488281,9.0,0.0,2.7267814287273833,0.4516092936197917,0.0,0.0,0.0,0.0,0.0,0.0,certain_cold,241.31750052315846,241.31750052315846,POINT (541806.1828403276 8673359.569598593),dronbreen
dronbreen-20220329-DAT_0247_A1_2,2455.0,2432,135.8990478515625,541804.7748287544,8673355.591185626,377.28392246791293,2022-03-29 14:23:10.714285568+00:00,0,2022-05-03,100 MHz,20220329,0.0,135.58639526367188,136.62855529785156,0.8348011203385087,0.9270774536132812,11,2.7309303328324783,0.33870697021484375,2.9038208449308156,2.875690491860183,132.83454081722005,139.3804097443034,0.312652587890625,0.0,0.9057158158660426,1.0815903625488281,9.0,0.0,2.7309303328324783,0.33870697021484375,0.0,0.0,0.0,0.0,0.0,0.0,certain_cold,241.38487461635043,241.38487461635043,POINT (541804.7748287544 8673355.591185626),dronbreen
dronbreen-20220329-DAT_0247_A1_2,2460.0,2436,136.00326538085938,541803.4672821462,8673350.844928578,377.64581298828125,2022-03-29 14:23:12+00:00,0,2022-05-03,100 MHz,20220329,0.0,135.79483032226562,136.7327880859375,0.8260044144133541,0.7725645446777343,11,2.7330048074788644,0.33870697021484375,2.8602261562799223,2.8751210378008527,133.04091716289136,139.48670124531176,0.20843505859375,0.0,0.9002050599158935,1.0815903625488281,9.0,0.0,2.7330048074788644,0.33870697021484375,0.0,0.0,0.0,0.0,0.0,0.0,certain_cold,241.64254760742188,241.64254760742188,POINT (541803.4672821462 8673350.844928578),dronbreen
dronbreen-20220329-DAT_0247_A1_2,2465.0,2441,136.21170043945312,541802.323407977,8673345.350516327,378.1189676920573,2022-03-29 14:23:13.333333248+00:00,0,2022-05-03,100 MHz,20220329,0.0,136.00326538085938,136.8369903564453,0.8123797749582469,0.7725419219970703,11,2.7371538017880774,0.4516092936197917,2.879719241518107,2.890661306256391,133.2291057083231,139.6111500289816,0.20843505859375,0.0,0.8855013695442316,1.2360806488037108,9.0,0.0,2.7371538017880774,0.4516092936197917,0.0,0.0,0.0,0.0,0.0,0.0,certain_cold,241.90726725260419,241.90726725260419,POINT (541802.323407977 8673345.350516327),dronbreen
dronbreen-20220329-DAT_0247_A1_2,2470.0,2445,136.42013549804688,541801.1809341288,8673340.631551644,378.56239318847656,2022-03-29 14:23:14.500000+00:00,0,2022-05-03,100 MHz,20220329,0.0,136.10748291015625,136.9412078857422,0.8099472137548505,0.9270774536132812,11,2.7413028558921004,0.33869043986002606,2.913576010124474,2.8784487229832685,133.3453365415192,139.70335425437924,0.312652587890625,0.0,0.8750501153756568,1.2360806488037108,9.0,0.0,2.7413028558921004,0.33869043986002606,0.0,0.0,0.0,0.0,0.0,0.0,certain_cold,242.1422576904297,242.1422576904297,POINT (541801.1809341288 8673340.631551644),dronbreen
dronbreen-20220329-DAT_0247_A1_2,2475.0,2449,136.5243377685547,541800.0326667639,8673336.098504025,378.91358439127606,2022-03-29 14:23:15.666666752+00:00,0,2022-05-03,100 MHz,20220329,0.0,136.21170043945312,137.14964294433594,0.8406926973833473,0.9270548309326171,11,2.743377101540538,0.33870697021484375,2.9155224218799254,2.889222134825007,133.44749344052394,139.91384994326512,0.3126373291015625,0.0,0.9040472680007104,1.236103271484375,9.0,0.0,2.743377101540538,0.33870697021484375,0.0,0.0,0.0,0.0,0.0,0.0,certain_cold,242.38924662272137,242.38924662272137,POINT (541800.0326667639 8673336.098504025),dronbreen
dronbreen-20220329-DAT_0247_A1_2,2480.0,2453,136.7327880859375,541798.7624267779,8673330.972357571,379.2651672363281,2022-03-29 14:23:17+00:00,0,2022-05-03,100 MHz,20220329,0.0,136.31591796875,137.2538604736328,0.8389307576807937,0.9270548309326171,11,2.747526548570834,0.33870697021484375,2.9194272051772727,2.892650923107824,133.54759274458038,140.02218569780243,0.4168701171875,0.0,0.8956670527227556,1.236103271484375,9.0,0.0,2.747526548570834,0.33870697021484375,0.0,0.0,0.0,0.0,0.0,0.0,certain_cold,242.53237915039062,242.53237915039062,POINT (541798.7624267779 8673330.972357571),dronbreen
dronbreen-20220329-DAT_0247_A1_2,2485.0,2458,136.8369903564453,541797.4315248003,8673326.154488329,379.5722147623698,2022-03-29 14:23:18.333333248+00:00,0,2022-05-03,100 MHz,20220329,0.0,136.5243377685547,137.35809326171875,0.8301804407678037,0.7725871673583984,11,2.7496008386534876,0.33870697021484375,2.8760942465021824,2.8920972922482235,133.75395382700506,140.12847720326837,0.312652587890625,0.0,0.8875501915709195,1.236125894165039,9.0,0.0,2.7496008386534876,0.33870697021484375,0.0,0.0,0.0,0.0,0.0,0.0,certain_cold,242.7352244059245,242.7352244059245,POINT (541797.4315248003 8673326.154488329),dronbreen
dronbreen-20220329-DAT_0247_A1_2,2490.0,2462,137.04544067382812,541796.1025401548,8673321.274647614,379.92906697591144,2022-03-29 14:23:19.666666752+00:00,0,2022-05-03,100 MHz,20220329,0.0,136.7327880859375,137.56651306152344,0.7865709276812116,0.6180516357421875,11,2.753750374270242,0.33870697021484375,2.842507934889402,2.883844198242842,133.95828569172954,140.3410154557314,0.312652587890625,0.0,0.8393277651858332,1.0815903625488281,9.0,0.0,2.753750374270242,0.33870697021484375,0.0,0.0,0.0,0.0,0.0,0.0,certain_cold,242.88362630208331,242.88362630208331,POINT (541796.1025401548 8673321.274647614),dronbreen
dronbreen-20220329-DAT_0247_A1_2,2495.0,2466,137.14964294433594,541794.763909192,8673316.704669513,380.2749938964844,2022-03-29 14:23:21+00:00,0,2022-05-03,100 MHz,20220329,0.0,136.9412078857422,137.6707305908203,0.7718800249414848,0.6180516357421875,11,2.7558247084862884,0.33870697021484375,2.8445175443331774,2.8818554801515157,134.16464666084985,140.44729181571265,0.20843505859375,0.0,0.8257455583467663,1.0816129852294922,9.0,0.0,2.7558247084862884,0.33870697021484375,0.0,0.0,0.0,0.0,0.0,0.0,certain_cold,243.12535095214844,243.12535095214844,POINT (541794.763909192 8673316.704669513),dronbreen
dronbreen-20220329-DAT_0247_A1_2,2500.0,2471,137.35809326171875,541793.2265316613,8673311.605669824,380.6745125906808,2022-03-29 14:23:22.428571392+00:00,0,2022-05-03,100 MHz,20220329,0.0,137.35809326171875,137.87916564941406,0.726941941425289,0.6180516357421875,11,2.759974332090429,0.33870697021484375,2.8485379670830655,2.874130357460026,134.57741335826526,140.65984555286755,0.0,0.0,0.7852850964697875,1.081567739868164,9.0,0.0,2.759974332090429,0.4516092936197917,0.0,0.0,0.0,0.0,0.0,0.0,certain_cold,243.31641932896207,243.31641932896207,POINT (541793.2265316613 8673311.605669824),dronbreen
dronbreen-20220329-DAT_0247_A1_2,2505.0,2475,137.46229553222656,541791.8941314226,8673307.18653837,381.0287780761719,2022-03-29 14:23:23.666666752+00:00,0,2022-05-03,100 MHz,20220329,0.0,137.46229553222656,138.08761596679688,0.678619368683845,0.4635387268066406,11,2.7620487101417455,0.33869043986002606,2.821080013487349,2.864288487356174,134.6795586975172,140.87035280150624,0.0,0.0,0.722879131810034,0.7725419219970703,9.0,0.0,2.764123406500245,0.4516092936197917,0.0,0.0,0.0,0.0,0.0,0.0,certain_cold,243.5664825439453,243.5664825439453,POINT (541791.8941314226 8673307.18653837),dronbreen
dronbreen-20220329-DAT_0247_A1_2,2510.0,2480,137.6707305908203,541790.4650078517,8673302.241557902,381.4283142089844,2022-03-29 14:23:25+00:00,0,2022-05-03,100 MHz,20220329,0.0,137.6707305908203,138.29603576660156,0.694429867143094,0.4635387268066406,11,2.7661981173741137,0.4516092936197917,2.8408926642689933,2.887565725490631,134.86791005096268,141.0988563064592,0.0,0.0,0.7414115189320805,0.6180742584228516,9.0,0.0,2.7682731464982973,0.33870697021484375,0.0,0.0,0.0,0.0,0.0,0.0,certain_cold,243.75758361816406,243.75758361816406,POINT (541790.4650078517 8673302.241557902),dronbreen
dronbreen-20220329-DAT_0247_A1_2,2515.0,2484,137.87916564941406,541788.7553052614,8673297.287856072,381.83111572265625,2022-03-29 14:23:26.333333248+00:00,0,2022-05-03,100 MHz,20220329,0.0,137.77496337890625,138.4002685546875,0.6857051167172774,0.4635387268066406,11,2.77034758253751,0.33870697021484375,2.8292077143598107,2.873976278057249,134.98398718055853,141.19124475303522,0.0,0.0,0.7228729905199571,0.6180290130615234,9.0,0.0,2.77034758253751,0.451592763264974,0.0,0.0,0.0,0.0,0.0,0.0,certain_cold,243.9519500732422,243.9519500732422,POINT (541788.7553052614 8673297.287856072),dronbreen
dronbreen-20220329-DAT_0247_A1_2,2520.0,2488,137.98338317871094,541787.0143032448,8673292.519279925,382.21962483723956,2022-03-29 14:23:27.666666752+00:00,0,2022-05-03,100 MHz,20220329,0.0,137.87916564941406,138.6086883544922,0.7126805564854195,0.6180516357421875,11,2.7724223367620575,0.33870697021484375,2.860600609923185,2.8825269470798833,135.08613002038078,141.40172398352547,0.0,0.0,0.7369292168432813,0.6180516357421875,9.0,0.0,2.7765718883351287,0.5645281473795573,0.0,0.0,0.0,0.0,0.0,0.0,certain_cold,244.23624165852863,244.23624165852863,POINT (541787.0143032448 8673292.519279925),dronbreen
dronbreen-20220329-DAT_0247_A1_2,2525.0,2493,138.1918182373047,541785.4332984133,8673287.941777231,382.6051330566406,2022-03-29 14:23:29+00:00,0,2022-05-03,100 MHz,20220329,0.0,137.98338317871094,138.81710815429688,0.7206690582269637,0.6180742584228516,11,2.7765718883351287,0.4516258239746094,2.8801619962944107,2.90390792337832,135.17032126400417,141.63017006900364,0.0,0.0,0.7332342284398546,0.6180516357421875,9.0,0.0,2.7807218009725188,0.33870697021484375,0.0,0.0,0.0,0.0,0.0,0.0,certain_cold,244.41331481933594,244.41331481933594,POINT (541785.4332984133 8673287.941777231),dronbreen
dronbreen-20220329-DAT_0247_A1_2,2530.0,2498,138.4002685546875,541783.6864896914,8673283.359121904,382.9932454427083,2022-03-29 14:23:30.333333248+00:00,0,2022-05-03,100 MHz,20220329,0.0,138.1918182373047,139.0255584716797,0.7662234310753513,0.7725645446777343,11,2.7807218009725188,0.4516092936197917,2.921167688473349,2.91949705168827,135.37466281232585,141.84271389665852,0.0,0.0,0.7672158576807037,0.6180063903808594,9.0,0.0,2.782796323022393,0.22578811645507815,0.0,0.0,0.0,0.0,0.0,0.0,certain_cold,244.59297688802081,244.59297688802081,POINT (541783.6864896914 8673283.359121904),dronbreen
dronbreen-20220329-DAT_0247_A1_2,2535.0,2502,138.6086883544922,541782.1239931528,8673278.59610228,383.40321858723956,2022-03-29 14:23:31.666666752+00:00,0,2022-05-03,100 MHz,20220329,0.0,138.29603576660156,139.0255584716797,0.7477021174960665,0.6180516357421875,11,2.784871163077584,0.33870697021484375,2.872667337346392,2.90332365800324,135.4906427804741,141.83095145780715,0.0,0.0,0.7387668211355967,0.6180516357421875,9.0,0.0,2.784871163077584,0.22582117716471353,0.0,0.0,0.0,0.0,0.0,0.0,certain_cold,244.79453023274738,244.79453023274738,POINT (541782.1239931528 8673278.59610228),dronbreen
dronbreen-20220329-DAT_0247_A1_2,2540.0,2506,138.71292114257812,541780.510472477,8673273.831499662,383.8187255859375,2022-03-29 14:23:33+00:00,0,2022-05-03,100 MHz,20220329,0.0,138.29603576660156,139.23399353027344,0.8008793321694748,0.7725419219970703,11,2.7869463211125614,0.33870697021484375,2.911805836534759,2.9194519884956462,135.48858279131684,142.04144650555816,0.0,0.0,0.7916020006285761,0.4635387268066406,9.0,0.0,2.7869463211125614,0.33870697021484375,0.0,0.0,0.0,0.0,0.0,0.0,certain_cold,245.10580444335938,245.10580444335938,POINT (541780.510472477 8673273.831499662),dronbreen
dronbreen-20220329-DAT_0247_A1_2,2545.0,2511,138.9213409423828,541779.0116392843,8673269.424933584,384.18675013950894,2022-03-29 14:23:34.285714432+00:00,0,2022-05-03,100 MHz,20220329,0.0,138.4002685546875,139.4424285888672,0.815655772294328,0.7725645446777343,11,2.791095768276665,0.33869043986002606,2.91578167520094,2.927494003515898,135.5886983880823,142.2539987554724,0.0,0.0,0.7875877903076776,0.6180290130615234,9.0,0.0,2.791095768276665,0.4516092936197917,0.0,0.0,0.0,0.0,0.0,0.0,certain_cold,245.26540919712613,245.26540919712613,POINT (541779.0116392843 8673269.424933584),dronbreen
dronbreen-20220329-DAT_0247_A1_2,2550.0,2516,139.0255584716797,541777.3101685761,8673264.320854722,384.5890372140067,2022-03-29 14:23:35.714285568+00:00,0,2022-05-03,100 MHz,20220329,0.0,138.5044708251953,139.54664611816406,0.8087301288523236,0.9271000762939453,11,2.7931706649155847,0.22582117716471353,2.9516626024776724,2.9166491027743677,135.70218647713193,142.34893046622744,0.0,0.0,0.7852861933653922,0.9270548309326171,9.0,0.0,2.7952458794164032,0.33870697021484375,0.0,0.0,0.0,0.0,0.0,0.0,certain_cold,245.563478742327,245.563478742327,POINT (541777.3101685761 8673264.320854722),dronbreen
dronbreen-20220329-DAT_0247_A1_2,2555.0,2520,139.12979125976562,541775.7730559295,8673259.913102474,384.9349365234375,2022-03-29 14:23:37+00:00,0,2022-05-03,100 MHz,20220329,0.0,138.71292114257812,139.7550811767578,0.7746802930636261,0.7725645446777343,11,2.7952458794164032,0.22580464680989584,2.9088216240616127,2.909384268428024,135.9085696551723,142.55943266416364,0.0,0.0,0.7701567257747958,0.7725645446777343,9.0,0.0,2.797320500363748,0.22578811645507815,0.0,0.0,0.0,0.0,0.0,0.0,certain_cold,245.80514526367188,245.80514526367188,POINT (541775.7730559295 8673259.913102474),dronbreen
dronbreen-20220329-DAT_0247_A1_2,2560.0,2525,139.23399353027344,541773.8276631383,8673254.734985154,385.32904052734375,2022-03-29 14:23:38.500000+00:00,0,2022-05-03,100 MHz,20220329,0.0,139.12979125976562,139.96351623535156,0.7180613063233942,0.6180516357421875,11,2.797320500363748,0.22578811645507815,2.8736684011436,2.896824864386261,136.32337321263017,142.76993428248701,0.0,0.0,0.7191057497229314,0.7725645446777343,9.0,0.0,2.7993954391104774,0.33870697021484375,0.0,0.0,0.0,0.0,0.0,0.0,certain_cold,246.0950469970703,246.0950469970703,POINT (541773.8276631383 8673254.734985154),dronbreen
dronbreen-20220329-DAT_0247_A1_2,2565.0,2529,139.3382110595703,541772.288906993,8673250.437958496,385.66074625651044,2022-03-29 14:23:39.666666752+00:00,0,2022-05-03,100 MHz,20220329,0.0,139.3382110595703,140.06773376464844,0.6846945000654427,0.6180290130615234,11,2.7993954391104774,0.33870697021484375,2.8867450696537893,2.9017484030502243,136.51839949916692,142.88754532505183,0.0,0.0,0.6875754612702036,0.6180516357421875,9.0,0.0,2.8035453584936425,0.4516092936197917,0.0,0.0,0.0,0.0,0.0,0.0,certain_cold,246.32253519694012,246.32253519694012,POINT (541772.288906993 8673250.437958496),dronbreen
dronbreen-20220329-DAT_0247_A1_2,2570.0,2533,139.54664611816406,541770.5554771895,8673245.421515176,386.03651428222656,2022-03-29 14:23:41+00:00,0,2022-05-03,100 MHz,20220329,0.0,139.3382110595703,140.17193603515625,0.6571756961579776,0.6180516357421875,11,2.8035453584936425,0.4516092936197917,2.906166780427202,2.9147379688122457,136.49852489183715,143.0116222028894,0.0,0.0,0.6783007824445367,0.7725419219970703,9.0,0.0,2.8076953335233625,0.4516092936197917,0.0,0.0,0.0,0.0,0.0,0.0,certain_cold,246.4898681640625,246.4898681640625,POINT (541770.5554771895 8673245.421515176),dronbreen
dronbreen-20220329-DAT_0247_A1_2,2575.0,2537,139.7550811767578,541768.9480659628,8673240.765674502,386.37332916259766,2022-03-29 14:23:42.249999872+00:00,0,2022-05-03,100 MHz,20220329,0.0,139.54664611816406,140.38038635253906,0.6759881119650651,0.6180516357421875,11,2.8076953335233625,0.4516092936197917,2.910170418449103,2.9230230870608476,136.7028627157277,143.22416975497543,0.0,0.0,0.7089651129600838,0.7725645446777343,9.0,0.0,2.811845363953254,0.451592763264974,0.0,0.0,0.0,0.0,0.0,0.0,certain_cold,246.61824798583984,246.61824798583984,POINT (541768.9480659628 8673240.765674502),dronbreen
dronbreen-20220329-DAT_0247_A1_2,2580.0,2542,139.96351623535156,541767.4305134881,8673236.29872488,386.69056701660156,2022-03-29 14:23:43.500000+00:00,0,2022-05-03,100 MHz,20220329,0.0,139.85928344726562,140.48458862304688,0.6343953703550684,0.4635387268066406,11,2.811845363953254,0.451592763264974,2.885355875081655,2.917681932724444,137.01140522398805,143.33246684632445,0.0,0.0,0.667540894136885,0.7725419219970703,9.0,0.0,2.8159951457233685,0.5644950866699219,0.0,0.0,0.0,0.0,0.0,0.0,certain_cold,246.72705078125,246.72705078125,POINT (541767.4305134881 8673236.29872488),dronbreen
dronbreen-20220329-DAT_0247_A1_2,2585.0,2547,140.17193603515625,541765.7146163471,8673231.127752595,387.0964660644531,2022-03-29 14:23:45+00:00,0,2022-05-03,100 MHz,20220329,0.0,140.17193603515625,140.6930389404297,0.5910490023104833,0.4635387268066406,11,2.8159951457233685,0.4516092936197917,2.889402665962441,2.91257936165756,137.31995784189786,143.54501713368808,0.0,0.0,0.6231293440488734,0.7725871673583984,9.0,0.0,2.8222203769788576,0.5645281473795573,0.0,0.0,0.0,0.0,0.0,0.0,certain_cold,246.92453002929688,246.92453002929688,POINT (541765.7146163471 8673231.127752595),dronbreen
dronbreen-20220329-DAT_0247_A1_2,2590.0,2551,140.38038635253906,541764.1373032507,8673226.426331565,387.4693857828776,2022-03-29 14:23:46.333333248+00:00,0,2022-05-03,100 MHz,20220329,0.0,140.38038635253906,140.90147399902344,0.56943282714646,0.4635387268066406,11,2.8201455900352475,0.4516258239746094,2.8934503944470036,2.9122913278908085,137.5243073911173,143.7575529604452,0.0,0.0,0.6011941882858977,0.6180516357421875,9.0,0.0,2.826370903210919,0.4516258239746094,0.0,0.0,0.0,0.0,0.0,0.0,certain_cold,247.08899943033856,247.08899943033856,POINT (541764.1373032507 8673226.426331565),dronbreen
dronbreen-20220329-DAT_0247_A1_2,2595.0,2555,140.5888214111328,541762.4394197827,8673221.907261526,387.8331349690755,2022-03-29 14:23:47.666666752+00:00,0,2022-05-03,100 MHz,20220329,0.0,140.5888214111328,141.1099090576172,0.5422529586056667,0.4635387268066406,11,2.824295785201784,0.4516092936197917,2.897493017703727,2.911122791554648,137.7286470044939,143.9700834642561,0.0,0.0,0.5726634544257848,0.6180516357421875,9.0,0.0,2.8305211799311785,0.33870697021484375,0.0,0.0,0.0,0.0,0.0,0.0,certain_cold,247.2443135579427,247.2443135579427,POINT (541762.4394197827 8673221.907261526),dronbreen
dronbreen-20220329-DAT_0247_A1_2,2600.0,2559,140.79725646972656,541760.7855639332,8673217.203464942,388.1925048828125,2022-03-29 14:23:49+00:00,0,2022-05-03,100 MHz,20220329,0.0,140.6930389404297,141.214111328125,0.5136397333692451,0.4635387268066406,11,2.828446034797338,0.4516092936197917,2.9015385706714416,2.9099628350788573,137.82876627082496,144.07838399772973,0.0,0.0,0.5390129503779666,0.6180290130615234,9.0,0.0,2.8325963385826665,0.451592763264974,0.0,0.0,0.0,0.0,0.0,0.0,certain_cold,247.39524841308594,247.39524841308594,POINT (541760.7855639332 8673217.203464942),dronbreen
dronbreen-20220329-DAT_0247_A1_2,2605.0,2565,141.0056915283203,541758.8122469415,8673212.303650292,388.5703887939453,2022-03-29 14:23:50.500000+00:00,0,2022-05-03,100 MHz,20220329,0.0,140.90147399902344,141.4225616455078,0.5043267776986807,0.6180290130615234,11,2.8325963385826665,0.33870697021484375,2.918952601535326,2.8970105156398693,138.04869913426035,144.2753365102709,0.104217529296875,0.0,0.5196322568334896,0.6180290130615234,9.0,0.0,2.8388215915097192,0.5644950866699219,0.0,0.0,0.0,0.0,0.0,0.0,certain_cold,247.564697265625,247.564697265625,POINT (541758.8122469415 8673212.303650292),dronbreen
dronbreen-20220329-DAT_0247_A1_2,2610.0,2569,141.1099090576172,541757.4222199076,8673208.352441587,388.8661193847656,2022-03-29 14:23:51.666666752+00:00,0,2022-05-03,100 MHz,20220329,0.0,141.1099090576172,141.6309814453125,0.4775780572827448,0.6180290130615234,11,2.834671510722115,0.4516092936197917,2.936200502140337,2.9098787480892265,138.2394886131904,144.5014018897393,0.0,0.0,0.4816673796333048,0.6180290130615234,9.0,0.0,2.8429720297280183,0.33870697021484375,0.0,0.0,0.0,0.0,0.0,0.0,certain_cold,247.75621032714844,247.75621032714844,POINT (541757.4222199076 8673208.352441587),dronbreen
dronbreen-20220329-DAT_0247_A1_2,2615.0,2574,141.4225616455078,541755.4037588121,8673202.644812444,389.28358968098956,2022-03-29 14:23:53.333333248+00:00,0,2022-05-03,100 MHz,20220329,0.0,141.31832885742188,141.83941650390625,0.4671310395916364,0.4635387268066406,11,2.8408971077726455,0.5644950866699219,2.933294944439612,2.9338647698855223,138.42189120405774,144.73585415727038,0.0,0.0,0.45559663425702007,0.6180290130615234,9.0,0.0,2.8450472688630293,0.33870697021484375,0.0,0.0,0.0,0.0,0.0,0.0,certain_cold,247.86102803548175,247.86102803548175,POINT (541755.4037588121 8673202.644812444),dronbreen
dronbreen-20220329-DAT_0247_A1_2,2620.0,2578,141.6309814453125,541753.8610238723,8673198.471751332,389.57647705078125,2022-03-29 14:23:54.500000+00:00,0,2022-05-03,100 MHz,20220329,0.0,141.4225616455078,142.0478515625,0.47613380314903136,0.6180290130615234,11,2.8450472688630293,0.451592763264974,2.9462161914706932,2.919748856391494,138.54189679414134,144.92851641386648,0.0,0.0,0.44859294547571765,0.6180516357421875,9.0,0.0,2.849197787038913,0.33870697021484375,0.0,0.0,0.0,0.0,0.0,0.0,certain_cold,247.94549560546875,247.94549560546875,POINT (541753.8610238723 8673198.471751332),dronbreen
dronbreen-20220329-DAT_0247_A1_2,2625.0,2582,141.83941650390625,541752.318278843,8673194.298692698,389.8672688802083,2022-03-29 14:23:55.666666752+00:00,0,2022-05-03,100 MHz,20220329,0.0,141.6309814453125,142.25628662109375,0.4466014360371105,0.4635387268066406,11,2.849197787038913,0.4516092936197917,2.9217712324890748,2.9191320330573634,138.74621473312394,145.14105333328231,0.0,0.0,0.41939553260318635,0.6180516357421875,9.0,0.0,2.8512730660216956,0.22580464680989584,0.0,0.0,0.0,0.0,0.0,0.0,certain_cold,248.02785237630206,248.02785237630206,POINT (541752.318278843 8673194.298692698),dronbreen
dronbreen-20220329-DAT_0247_A1_2,2630.0,2586,142.0478515625,541750.5062447533,8673189.341869293,390.2098083496094,2022-03-29 14:23:57+00:00,0,2022-05-03,100 MHz,20220329,0.0,141.83941650390625,142.4647216796875,0.42414916542116066,0.4635387268066406,11,2.8533483582291197,0.5645116170247396,2.945358784666856,2.939417073790681,138.93076213819612,145.37337604539763,0.0,0.0,0.4028845938995165,0.4635387268066406,9.0,0.0,2.8533483582291197,0.4516092936197917,0.0,0.0,0.0,0.0,0.0,0.0,certain_cold,248.16195678710938,248.16195678710938,POINT (541750.5062447533 8673189.341869293),dronbreen
dronbreen-20220329-DAT_0247_A1_2,2635.0,2591,142.36050415039062,541748.4843543866,8673184.564628176,390.5796712239583,2022-03-29 14:23:58.333333248+00:00,0,2022-05-03,100 MHz,20220329,0.0,142.25628662109375,142.67315673828125,0.3768112612620341,0.4635387268066406,11,2.859574313911313,0.5645116170247396,2.951390650826617,2.939017752438921,139.34152443138817,145.58791892798683,0.0,0.0,0.3676448863641603,0.4635387268066406,9.0,0.0,2.859574313911313,0.5645116170247396,0.0,0.0,0.0,0.0,0.0,0.0,certain_cold,248.2191670735677,248.2191670735677,POINT (541748.4843543866 8673184.564628176),dronbreen
dronbreen-20220329-DAT_0247_A1_2,2640.0,2595,142.56893920898438,541746.5686071161,8673180.127432482,390.902596609933,2022-03-29 14:23:59.571428608+00:00,0,2022-05-03,100 MHz,20220329,0.0,142.4647216796875,142.881591796875,0.330761010966602,0.30902581787109373,11,2.8637250166295702,0.5645116170247396,2.9351475759724273,2.937515477916936,139.54588726564035,145.80042621092215,0.0,0.0,0.33546246863073786,0.30902581787109373,9.0,0.0,2.8637250166295702,0.5645116170247396,0.0,0.0,0.0,0.0,0.0,0.0,certain_cold,248.33365740094865,248.33365740094865,POINT (541746.5686071161 8673180.127432482),dronbreen
dronbreen-20220329-DAT_0247_A1_2,2645.0,2600,142.881591796875,541744.402268371,8673175.008965036,391.2479248046875,2022-03-29 14:24:01+00:00,0,2022-05-03,100 MHz,20220329,0.0,142.881591796875,143.09002685546875,0.256434011116235,0.15451290893554687,11,2.8699511685329293,0.6774139404296875,2.952860239747172,2.9599438775945,139.9327768897552,146.03884176258856,0.0,0.0,0.28114749755041574,0.30902581787109373,9.0,0.0,2.8699511685329293,0.6774139404296875,0.0,0.0,0.0,0.0,0.0,0.0,certain_cold,248.3663330078125,248.3663330078125,POINT (541744.402268371 8673175.008965036),dronbreen
dronbreen-20220329-DAT_0247_A1_2,2650.0,2604,143.19424438476562,541742.6300659273,8673170.72023672,391.53050994873047,2022-03-29 14:24:02.249999872+00:00,0,2022-05-03,100 MHz,20220329,0.0,143.09002685546875,143.2984619140625,0.2126557692832002,0.15451290893554687,11,2.8761774371498,0.5645116170247396,2.935122528064749,2.9387569637407767,140.15897414087533,146.22951462865592,0.104217529296875,0.0,0.23752554647303709,0.15451290893554687,9.0,0.0,2.8761774371498,0.5645116170247396,0.0,0.0,0.0,0.0,0.0,0.0,certain_cold,248.33626556396484,248.33626556396484,POINT (541742.6300659273 8673170.72023672),dronbreen
dronbreen-20220329-DAT_0247_A1_2,2655.0,2609,143.40267944335938,541740.598787351,8673165.524000548,391.9184265136719,2022-03-29 14:24:03.666666752+00:00,0,2022-05-03,100 MHz,20220329,0.0,143.2984619140625,143.5068817138672,0.2098456768432126,0.1544902862548828,11,2.8803283473614525,0.33869043986002606,2.9042847400373213,2.907754771426972,140.39828905668546,146.40705457124423,0.104217529296875,0.0,0.2336777663121523,0.15451290893554687,9.0,0.0,2.8803283473614525,0.33869043986002606,0.0,0.0,0.0,0.0,0.0,0.0,certain_cold,248.5157470703125,248.5157470703125,POINT (541740.598787351 8673165.524000548),dronbreen
dronbreen-20220329-DAT_0247_A1_2,2660.0,2612,143.5068817138672,541739.0306940115,8673161.753380505,392.20177205403644,2022-03-29 14:24:04.666666752+00:00,0,2022-05-03,100 MHz,20220329,0.0,143.5068817138672,143.61109924316406,0.18853438077214393,0.1544902862548828,11,2.88240351784672,0.22578811645507815,2.8953579332743296,2.897373901649667,140.61564835883902,146.50233259819223,0.0,0.0,0.2084321976907975,0.15451290893554687,9.0,0.0,2.88240351784672,0.22578811645507815,0.0,0.0,0.0,0.0,0.0,0.0,certain_cold,248.69489034016925,248.69489034016925,POINT (541739.0306940115 8673161.753380505),dronbreen
dronbreen-20220329-DAT_0247_A1_2,2665.0,2616,143.61109924316406,541737.0691538268,8673157.261608731,392.5250156947545,2022-03-29 14:24:05.857143040+00:00,0,2022-05-03,100 MHz,20220329,0.0,143.61109924316406,143.81954956054688,0.22085435853884203,0.15453553161621092,11,2.8844790050080045,0.33872350056966144,2.908407462977297,2.912684223848465,140.70680023304647,146.72384857066447,0.0,0.0,0.23879041615084998,0.15453553161621092,9.0,0.0,2.8844790050080045,0.4516092936197917,0.0,0.0,0.0,0.0,0.0,0.0,certain_cold,248.9139164515904,248.9139164515904,POINT (541737.0691538268 8673157.261608731),dronbreen
dronbreen-20220329-DAT_0247_A1_2,2670.0,2621,143.81954956054688,541734.735966704,8673152.051576596,392.9006881713867,2022-03-29 14:24:07.249999872+00:00,0,2022-05-03,100 MHz,20220329,0.0,143.71533203125,144.02796936035156,0.22263483734688944,0.15451290893554687,11,2.8886303215052354,0.4516092936197917,2.9277995709117337,2.9321838890498806,140.79161246733776,146.9516889242638,0.0,0.0,0.2277993352887179,0.15453553161621092,9.0,0.0,2.8907055430207356,0.5645281473795573,0.0,0.0,0.0,0.0,0.0,0.0,certain_cold,249.08113861083984,249.08113861083984,POINT (541734.735966704 8673152.051576596),dronbreen
dronbreen-20220329-DAT_0247_A1_2,2675.0,2625,144.02796936035156,541732.8797789292,8673148.1014316,393.1936950683594,2022-03-29 14:24:08.333333248+00:00,0,2022-05-03,100 MHz,20220329,0.0,143.81954956054688,144.2364044189453,0.26957221690490973,0.3090031951904297,11,2.892781081109759,0.451592763264974,2.9440790379501935,2.9402019636730516,140.89173153220906,147.16422244728312,0.0,0.0,0.2662652707510591,0.15451290893554687,9.0,0.0,2.894856935750577,0.4516092936197917,0.0,0.0,0.0,0.0,0.0,0.0,certain_cold,249.1657257080078,249.1657257080078,POINT (541732.8797789292 8673148.1014316),dronbreen
dronbreen-20220329-DAT_0247_A1_2,2680.0,2629,144.2364044189453,541730.6652296345,8673142.94604689,393.57337443033856,2022-03-29 14:24:09.666666752+00:00,0,2022-05-03,100 MHz,20220329,0.0,144.02796936035156,144.44485473632812,0.27321544352329435,0.30902581787109373,11,2.8969321952510763,0.4516258239746094,2.9481653591469157,2.9446270913890937,141.09604473158586,147.37677936509382,0.0,0.0,0.262850238006163,0.30902581787109373,9.0,0.0,2.8990077712490097,0.451592763264974,0.0,0.0,0.0,0.0,0.0,0.0,certain_cold,249.33697001139325,249.33697001139325,POINT (541730.6652296345 8673142.94604689),dronbreen
dronbreen-20220329-DAT_0247_A1_2,2685.0,2633,144.44485473632812,541728.5507756575,8673137.85580469,393.9423522949219,2022-03-29 14:24:11+00:00,0,2022-05-03,100 MHz,20220329,0.0,144.2364044189453,144.6532745361328,0.2810496093055751,0.30902581787109373,11,2.9010836637228468,0.4516092936197917,2.9522422553229335,2.9494450767719274,141.30038034240857,147.58929861266955,0.0,0.0,0.26284561650559163,0.30902581787109373,9.0,0.0,2.9031589609641086,0.33870697021484375,0.0,0.0,0.0,0.0,0.0,0.0,certain_cold,249.49749755859375,249.49749755859375,POINT (541728.5507756575 8673137.85580469),dronbreen
dronbreen-20220329-DAT_0247_A1_2,2690.0,2637,144.6532745361328,541726.817582304,8673133.761055226,394.1959446498326,2022-03-29 14:24:12.142856960+00:00,0,2022-05-03,100 MHz,20220329,0.0,144.44485473632812,144.96592712402344,0.3271568525582971,0.4635387268066406,11,2.905234574627378,0.451592763264974,2.9764395019373633,2.958269014748231,141.50473161689186,147.9060502434597,0.0,0.0,0.30582113655742826,0.30902581787109373,9.0,0.0,2.905234574627378,0.33870697021484375,0.0,0.0,0.0,0.0,0.0,0.0,certain_cold,249.54267011369978,249.54267011369978,POINT (541726.817582304 8673133.761055226),dronbreen
dronbreen-20220329-DAT_0247_A1_2,2695.0,2641,144.86170959472656,541725.0421310528,8673129.558654128,394.45226033528644,2022-03-29 14:24:13.333333248+00:00,0,2022-05-03,100 MHz,20220329,0.0,144.6532745361328,145.1743621826172,0.3065889461378537,0.4635387268066406,11,2.9093858394311947,0.33870697021484375,2.9654875696256755,2.945037377733735,141.72423913614958,148.10339758260042,0.0,0.0,0.29012589712575215,0.30902581787109373,9.0,0.0,2.9093858394311947,0.4516092936197917,0.0,0.0,0.0,0.0,0.0,0.0,certain_cold,249.59055074055988,249.59055074055988,POINT (541725.0421310528 8673129.558654128),dronbreen
dronbreen-20220329-DAT_0247_A1_2,2700.0,2645,144.96592712402344,541723.1182391018,8673124.908562435,394.7269999186198,2022-03-29 14:24:14.666666752+00:00,0,2022-05-03,100 MHz,20220329,0.0,144.86170959472656,145.38279724121094,0.3238240378708431,0.4635387268066406,11,2.911461490518305,0.4516092936197917,2.982520262480099,2.9640210816318118,141.91543076120539,148.32907607473211,0.0,0.0,0.31265449527481187,0.30902581787109373,9.0,0.0,2.9135371540267183,0.4516092936197917,0.0,0.0,0.0,0.0,0.0,0.0,certain_cold,249.76107279459637,249.76107279459637,POINT (541723.1182391018 8673124.908562435),dronbreen
dronbreen-20220329-DAT_0247_A1_2,2705.0,2650,145.27857971191406,541721.2816931901,8673120.323217047,394.99993896484375,2022-03-29 14:24:16+00:00,0,2022-05-03,100 MHz,20220329,0.0,145.0701446533203,145.5912322998047,0.3262500348394977,0.4635387268066406,11,2.9176885182014183,0.5645281473795573,3.00773444134912,2.989655064327816,142.09834413538036,148.56303281774464,0.20843505859375,0.0,0.34311304431167516,0.38628227233886714,8.0,0.0,2.9176885182014183,0.4516258239746094,0.0,0.0,0.0,0.0,0.0,0.0,certain_cold,249.7213592529297,249.7213592529297,POINT (541721.2816931901 8673120.323217047),dronbreen
dronbreen-20220329-DAT_0247_A1_2,2710.0,2654,145.48703002929688,541719.5050585709,8673115.863798799,395.28485107421875,2022-03-29 14:24:17.333333248+00:00,0,2022-05-03,100 MHz,20220329,0.0,145.38279724121094,145.7996826171875,0.277162972326098,0.3090484405517578,11,2.921840235655983,0.7903162638346355,3.042574748167614,3.039501517158428,142.3559589304352,148.82652092796323,0.1042327880859375,0.0,0.3098480141841486,0.38627096099853514,8.0,0.0,2.921840235655983,0.9032351175944011,0.0,0.0,0.0,0.0,0.0,0.0,certain_cold,249.79782104492188,249.79782104492188,POINT (541719.5050585709 8673115.863798799),dronbreen
dronbreen-20220329-DAT_0247_A1_2,2715.0,2660,146.0081024169922,541717.3402034517,8673110.337789722,395.6367492675781,2022-03-29 14:24:19+00:00,0,2022-05-03,100 MHz,20220329,0.0,145.7996826171875,146.11233520507812,0.29105825586163364,0.15453553161621092,11,2.932218680208615,0.7902832031250001,3.0407787095146808,3.0507652872699134,142.7628332745783,149.14918454768733,0.4168701171875,0.0,0.3453627782109495,0.3090031951904297,8.0,0.0,2.934294770406076,0.9032020568847656,0.0,0.0,0.0,0.0,0.0,0.0,certain_cold,249.62864685058594,249.62864685058594,POINT (541717.3402034517 8673110.337789722),dronbreen
dronbreen-20220329-DAT_0247_A1_2,2720.0,2664,146.21652221679688,541715.616483315,8673105.81798762,395.9014587402344,2022-03-29 14:24:20.333333248+00:00,0,2022-05-03,100 MHz,20220329,0.0,146.0081024169922,146.3207550048828,0.2927523145552044,0.15453553161621092,11,2.936369960967116,0.4516092936197917,2.9749118864742354,2.985284478811227,143.0372070129509,149.2916504089241,0.416839599609375,0.0,0.34536721802420484,0.30902581787109373,8.0,0.0,2.9384460754078128,0.33869043986002606,0.0,0.0,0.0,0.0,0.0,0.0,certain_cold,249.6849365234375,249.6849365234375,POINT (541715.616483315 8673105.81798762),dronbreen
dronbreen-20220329-DAT_0247_A1_2,2725.0,2669,146.4249725341797,541713.8907014624,8673101.1585522,396.16304779052734,2022-03-29 14:24:21.750000128+00:00,0,2022-05-03,100 MHz,20220329,0.0,146.21652221679688,146.63340759277344,0.31296902457193365,0.30902581787109373,11,2.9405218980062213,0.4516258239746094,2.991008504442231,2.9914184809010527,143.24152054998476,149.60840925958556,0.4168701171875,0.0,0.36423017797596235,0.3862935836791992,8.0,0.0,2.9405218980062213,0.33870697021484375,0.0,0.0,0.0,0.0,0.0,0.0,certain_cold,249.73807525634766,249.73807525634766,POINT (541713.8907014624 8673101.1585522),dronbreen
dronbreen-20220329-DAT_0247_A1_2,2730.0,2674,146.63340759277344,541712.1245914054,8673096.3582951,396.4063415527344,2022-03-29 14:24:23.249999872+00:00,0,2022-05-03,100 MHz,20220329,0.0,146.5291748046875,146.946044921875,0.33046353661614,0.46351610412597655,11,2.9446735793475263,0.451592763264974,3.0149437294126717,2.9973729600724557,143.55007451890646,149.92514520765604,0.4168853759765625,0.0,0.3775657505068483,0.46352741546630855,8.0,0.0,2.9446735793475263,0.33870697021484375,0.0,0.0,0.0,0.0,0.0,0.0,certain_cold,249.77293395996094,249.77293395996094,POINT (541712.1245914054 8673096.3582951),dronbreen
dronbreen-20220329-DAT_0247_A1_2,2735.0,2679,146.84182739257812,541710.3841028685,8673091.760441313,396.6548767089844,2022-03-29 14:24:24.666666752+00:00,0,2022-05-03,100 MHz,20220329,0.0,146.7376251220703,146.946044921875,0.3185771650458077,0.3090371292114258,10,2.948825004776764,0.4516092936197917,2.9991705203458654,3.000168540760514,143.75441881628447,149.92925122766084,0.4168548583984375,0.0,0.36811023116599806,0.6180290130615234,7.0,0.0,2.9467494380394976,0.33869043986002606,0.0,0.0,0.0,0.0,0.0,0.0,certain_cold,249.81304931640625,249.81304931640625,POINT (541710.3841028685 8673091.760441313),dronbreen
dronbreen-20220329-DAT_0247_A1_2,2740.0,2683,147.05027770996094,541708.7075097886,8673087.366175583,396.8990783691406,2022-03-29 14:24:26+00:00,0,2022-05-03,100 MHz,20220329,0.0,146.84182739257812,147.1544952392578,0.3419665587679245,0.3862935836791992,10,2.9529770858966473,0.4516092936197917,3.0121831545751236,3.006819873426075,143.85451679206895,150.141805839767,0.4168701171875,0.0,0.3899469680901706,0.6180516357421875,7.0,0.0,2.9509008874024696,0.4516092936197917,0.0,0.0,0.0,0.0,0.0,0.0,certain_cold,249.8488006591797,249.8488006591797,POINT (541708.7075097886 8673087.366175583),dronbreen
dronbreen-20220329-DAT_0247_A1_2,2745.0,2688,147.25869750976562,541706.8016630595,8673082.74768744,397.2484130859375,2022-03-29 14:24:27.500000+00:00,0,2022-05-03,100 MHz,20220329,0.0,147.05027770996094,147.36293029785156,0.3200912577480915,0.30902581787109373,10,2.9571286067584315,0.4516092936197917,3.007333953371944,3.0084911441251716,144.05886323667363,150.35434477113887,0.4168701171875,0.0,0.3729990610455795,0.4635387268066406,7.0,0.0,2.9550529923587323,0.5645281473795573,0.0,0.0,0.0,0.0,0.0,0.0,certain_cold,249.98971557617188,249.98971557617188,POINT (541706.8016630595 8673082.74768744),dronbreen
dronbreen-20220329-DAT_0247_A1_2,2750.0,2694,147.46714782714844,541704.8633070019,8673077.942097053,397.553466796875,2022-03-29 14:24:29+00:00,0,2022-05-03,100 MHz,20220329,0.0,147.25869750976562,147.57135009765625,0.3020514471948325,0.2317693634033203,10,2.961280782923095,0.4516258239746094,3.004474462864137,3.0107116827990783,144.2631758923857,150.56687171503617,0.312652587890625,0.0,0.35524299078069893,0.4635387268066406,7.0,0.0,2.961280782923095,0.5645116170247396,0.0,0.0,0.0,0.0,0.0,0.0,certain_cold,250.08631896972656,250.08631896972656,POINT (541704.8633070019 8673077.942097053),dronbreen
dronbreen-20220329-DAT_0247_A1_2,2755.0,2698,147.6755828857422,541703.0351807089,8673073.698219307,397.8026072184245,2022-03-29 14:24:30.333333248+00:00,0,2022-05-03,100 MHz,20220329,0.0,147.46714782714844,147.6755828857422,0.33483168936988644,0.2317693634033203,10,2.9654327023652867,0.451592763264974,3.0085618115476973,3.0182510492497263,144.46752666171923,150.6752040511714,0.312652587890625,0.0,0.39782364495547856,0.3090031951904297,7.0,0.0,2.9654327023652867,0.451592763264974,0.0,0.0,0.0,0.0,0.0,0.0,certain_cold,250.1270243326823,250.1270243326823,POINT (541703.0351807089 8673073.698219307),dronbreen
dronbreen-20220329-DAT_0247_A1_2,2760.0,2703,147.88400268554688,541700.8659844552,8673068.513282258,398.0717468261719,2022-03-29 14:24:32+00:00,0,2022-05-03,100 MHz,20220329,0.0,147.6755828857422,147.88400268554688,0.33338460127900316,0.2317693634033203,10,2.9695843648765954,0.33870697021484375,2.9978109929753796,3.00737410445751,144.6867446981195,150.87284087316957,0.312652587890625,0.0,0.39192844216789174,0.15453553161621092,7.0,0.0,2.9695843648765954,0.4516092936197917,0.0,0.0,0.0,0.0,0.0,0.0,certain_cold,250.187744140625,250.187744140625,POINT (541700.8659844552 8673068.513282258),dronbreen
dronbreen-20220329-DAT_0247_A1_2,2765.0,2708,147.9882354736328,541699.1963111212,8673064.305341894,398.2777506510417,2022-03-29 14:24:33.333333248+00:00,0,2022-05-03,100 MHz,20220329,0.0,147.77980041503906,148.0924530029297,0.38433185585521135,0.3090145065307617,10,2.971660669632345,0.33870697021484375,3.006822161744576,3.0154934127828876,144.78889928877095,151.0833541291978,0.20843505859375,0.0,0.4242465126120529,0.1544902862548828,7.0,0.0,2.973736682117295,0.4516092936197917,0.0,0.0,0.0,0.0,0.0,0.0,certain_cold,250.28951517740887,250.28951517740887,POINT (541699.1963111212 8673064.305341894),dronbreen
dronbreen-20220329-DAT_0247_A1_2,2770.0,2714,148.1966552734375,541696.9776326006,8673059.273956748,398.54156494140625,2022-03-29 14:24:35+00:00,0,2022-05-03,100 MHz,20220329,0.0,148.0924530029297,148.30087280273438,0.3578286523589563,0.30902581787109373,10,2.9758124023018704,0.33869043986002606,3.0109247124192766,3.0163242551481817,145.0974286845399,151.29589712112417,0.1042022705078125,0.0,0.38927895082717745,0.3090484405517578,7.0,0.0,2.97788843807506,0.33870697021484375,0.0,0.0,0.0,0.0,0.0,0.0,certain_cold,250.34490966796875,250.34490966796875,POINT (541696.9776326006 8673059.273956748),dronbreen
dronbreen-20220329-DAT_0247_A1_2,2775.0,2718,148.30087280273438,541695.0943261812,8673054.749235587,398.8209686279297,2022-03-29 14:24:36.333333248+00:00,0,2022-05-03,100 MHz,20220329,0.0,148.1966552734375,148.4051055908203,0.3006455805787682,0.30902581787109373,10,2.97788843807506,0.33872350056966144,3.0129802713542917,3.012132288691987,145.1995644907852,151.4021963734726,0.0,0.0,0.32242028157042735,0.3090031951904297,7.0,0.0,2.9799647894176555,0.22582117716471353,0.0,0.0,0.0,0.0,0.0,0.0,certain_cold,250.5200958251953,250.5200958251953,POINT (541695.0943261812 8673054.749235587),dronbreen
dronbreen-20220329-DAT_0247_A1_2,2780.0,2722,148.5093231201172,541693.2684074353,8673050.226297028,399.11155700683594,2022-03-29 14:24:37.666666752+00:00,0,2022-05-03,100 MHz,20220329,0.0,148.4051055908203,148.613525390625,0.28307358468388033,0.23178067474365233,10,2.982040848385238,0.33870697021484375,3.0101515434102137,3.0145349040036096,145.40389083124208,151.61474015020323,0.0,0.0,0.2999867656061735,0.30902581787109373,7.0,0.0,2.982040848385238,0.22578811645507815,0.0,0.0,0.0,0.0,0.0,0.0,certain_cold,250.60223388671875,250.60223388671875,POINT (541693.2684074353 8673050.226297028),dronbreen
dronbreen-20220329-DAT_0247_A1_2,2785.0,2726,148.613525390625,541691.4558441878,8673045.889871463,399.38616943359375,2022-03-29 14:24:39+00:00,0,2022-05-03,100 MHz,20220329,0.0,148.5093231201172,148.71774291992188,0.2770401268609005,0.15450159759521484,10,2.9841166149485474,0.33869043986002606,3.0072469019560115,3.016026262743025,145.50604771055774,151.72101832948132,0.0,0.0,0.2999892897943478,0.4635387268066406,7.0,0.0,2.9841166149485474,0.33869043986002606,0.0,0.0,0.0,0.0,0.0,0.0,certain_cold,250.77264404296875,250.77264404296875,POINT (541691.4558441878 8673045.889871463),dronbreen
dronbreen-20220329-DAT_0247_A1_2,2790.0,2732,148.82196044921875,541689.381254827,8673040.738906698,399.7082926432292,2022-03-29 14:24:40.666666752+00:00,0,2022-05-03,100 MHz,20220329,0.0,148.71774291992188,149.0303955078125,0.27109648326189406,0.2317693634033203,10,2.9882687905841956,0.4516092936197917,3.031075445559823,3.0343359441730025,145.69554151715877,152.0525969105756,0.0,0.0,0.2991218324334011,0.30902581787109373,7.0,0.0,2.9882687905841956,0.4516092936197917,0.0,0.0,0.0,0.0,0.0,0.0,certain_cold,250.88633219401044,250.88633219401044,POINT (541689.381254827 8673040.738906698),dronbreen
dronbreen-20220329-DAT_0247_A1_2,2795.0,2736,149.0303955078125,541687.9117511967,8673036.661253922,399.9537353515625,2022-03-29 14:24:42+00:00,0,2022-05-03,100 MHz,20220329,0.0,148.82196044921875,149.13461303710938,0.27441750611376425,0.30902581787109373,10,2.992421012171584,0.4516092936197917,3.042043955021142,3.0387233233434516,145.7956533814925,152.1609201048356,0.20843505859375,0.0,0.3068080989431696,0.4635387268066406,7.0,0.0,2.992421012171584,0.4516092936197917,0.0,0.0,0.0,0.0,0.0,0.0,certain_cold,250.92333984375,250.92333984375,POINT (541687.9117511967 8673036.661253922),dronbreen
dronbreen-20220329-DAT_0247_A1_2,2800.0,2742,149.23883056640625,541686.0730240374,8673032.137930105,400.2180582682292,2022-03-29 14:24:43.666666752+00:00,0,2022-05-03,100 MHz,20220329,0.0,149.0303955078125,149.34304809570312,0.322906204279745,0.30902581787109373,10,2.996573279519693,0.33870697021484375,3.0314469791362715,3.0328933789313925,146.01474071470312,152.3587028888125,0.312652587890625,0.0,0.3729986549208745,0.4635387268066406,7.0,0.0,2.996573279519693,0.33870697021484375,0.0,0.0,0.0,0.0,0.0,0.0,certain_cold,250.97922770182294,250.97922770182294,POINT (541686.0730240374 8673032.137930105),dronbreen
dronbreen-20220329-DAT_0247_A1_2,2805.0,2748,149.34304809570312,541683.9466716963,8673027.419593737,400.4077962239583,2022-03-29 14:24:45.333333248+00:00,0,2022-05-03,100 MHz,20220329,0.0,149.23883056640625,149.34304809570312,0.37237415668837415,0.15451290893554687,10,2.9986494302946114,0.22580464680989584,3.011106172713753,3.0301070372012466,146.23169137037172,152.35018729173765,0.104217529296875,0.0,0.4368620393160428,0.4635387268066406,7.0,0.0,2.9986494302946114,0.22580464680989584,0.0,0.0,0.0,0.0,0.0,0.0,certain_cold,251.0647481282552,251.0647481282552,POINT (541683.9466716963 8673027.419593737),dronbreen
dronbreen-20220329-DAT_0247_A1_2,2810.0,2753,149.447265625,541681.6359607921,8673022.881640824,400.6537780761719,2022-03-29 14:24:47+00:00,0,2022-05-03,100 MHz,20220329,0.0,149.447265625,149.55148315429688,0.42032967955402134,0.07725645446777343,10,3.000725592438556,0.22580464680989584,3.0102010529852645,3.0384237458179943,146.43805612421136,152.56069265508552,0.0,0.0,0.5013595135606925,0.6180516357421875,7.0,0.0,3.000725592438556,0.22580464680989584,0.0,0.0,0.0,0.0,0.0,0.0,certain_cold,251.20651245117188,251.20651245117188,POINT (541681.6359607921 8673022.881640824),dronbreen
dronbreen-20220329-DAT_0247_A1_2,2815.0,2758,149.55148315429688,541679.216195537,8673018.154214941,400.9374237060547,2022-03-29 14:24:48.500000+00:00,0,2022-05-03,100 MHz,20220329,0.0,149.55148315429688,149.75991821289062,0.4739065430736131,0.2317693634033203,10,3.0028017659279436,0.22580464680989584,3.020185958147825,3.048342762149444,146.5402033293751,152.7711980378124,0.104217529296875,0.0,0.5690078950150385,0.30902581787109373,7.0,0.0,3.0028017659279436,0.22580464680989584,0.0,0.0,0.0,0.0,0.0,0.0,certain_cold,251.3859405517578,251.3859405517578,POINT (541679.216195537 8673018.154214941),dronbreen
dronbreen-20220329-DAT_0247_A1_2,2820.0,2763,149.65570068359375,541676.9680516024,8673013.538456319,401.23400442940846,2022-03-29 14:24:49.857143040+00:00,0,2022-05-03,100 MHz,20220329,0.0,149.55148315429688,149.8641357421875,0.5292419571111703,0.2317693634033203,10,3.004877950739258,0.11290232340494792,3.015917019959531,3.0532172347600914,146.54448491128622,152.87113398519816,0.20843505859375,0.0,0.6302442914806374,0.6180516357421875,7.0,0.0,3.004877950739258,0.11290232340494792,0.0,0.0,0.0,0.0,0.0,0.0,certain_cold,251.5783037458147,251.5783037458147,POINT (541676.9680516024 8673013.538456319),dronbreen
dronbreen-20220329-DAT_0247_A1_2,2825.0,2767,149.65570068359375,541675.0748722249,8673009.651502986,401.4931945800781,2022-03-29 14:24:51+00:00,0,2022-05-03,100 MHz,20220329,0.0,149.55148315429688,149.96835327148438,0.5855345371075031,0.30902581787109373,10,3.004877950739258,0.11290232340494792,3.0228356537496537,3.0634766406184486,146.54448491128622,152.97535151449503,0.104217529296875,0.0,0.6897987657796395,0.6180516357421875,7.0,0.0,3.004877950739258,0.11290232340494792,0.0,0.0,0.0,0.0,0.0,0.0,certain_cold,251.83749389648438,251.83749389648438,POINT (541675.0748722249 8673009.651502986),dronbreen
dronbreen-20220329-DAT_0247_A1_2,2830.0,2772,149.75991821289062,541672.7086945077,8673004.429496517,401.79465738932294,2022-03-29 14:24:52.666666752+00:00,0,2022-05-03,100 MHz,20220329,0.0,149.65570068359375,149.96835327148438,0.6363969201296391,0.38628227233886714,10,3.006954146849046,0.22580464680989584,3.0400616726798315,3.0818439317597033,146.64028015242837,152.98377380264975,0.20843505859375,0.0,0.7563212008386272,0.6180516357421875,7.0,0.0,3.006954146849046,0.22580464680989584,0.0,0.0,0.0,0.0,0.0,0.0,certain_cold,252.0347391764323,252.0347391764323,POINT (541672.7086945077 8673004.429496517),dronbreen
dronbreen-20220329-DAT_0247_A1_2,2835.0,2777,149.8641357421875,541670.8800106009,8673000.402762474,401.9993591308594,2022-03-29 14:24:54+00:00,0,2022-05-03,100 MHz,20220329,0.0,149.8641357421875,149.96835327148438,0.6690299377549095,0.2317693634033203,10,3.009030354233922,0.22580464680989584,3.0263787682698347,3.090768912234365,146.84664482899123,152.98584418468064,0.20843505859375,0.0,0.8037296741636029,0.6180516357421875,7.0,0.0,3.009030354233922,0.22580464680989584,0.0,0.0,0.0,0.0,0.0,0.0,certain_cold,252.13522338867188,252.13522338867188,POINT (541670.8800106009 8673000.402762474),dronbreen
dronbreen-20220329-DAT_0247_A1_2,2840.0,2782,149.96835327148438,541668.9316566957,8672995.822897723,402.2070748465402,2022-03-29 14:24:55.571428608+00:00,0,2022-05-03,100 MHz,20220329,0.0,149.8641357421875,150.07257080078125,0.6877970058635082,0.38628227233886714,10,3.011106572870561,0.22580464680989584,3.044168938417925,3.09690414010186,146.84457442774044,153.0921321152283,0.312652587890625,0.0,0.8215502651887954,0.7725645446777343,7.0,0.0,3.011106572870561,0.22580464680989584,0.0,0.0,0.0,0.0,0.0,0.0,certain_cold,252.23872157505582,252.23872157505582,POINT (541668.9316566957 8672995.822897723),dronbreen
dronbreen-20220329-DAT_0247_A1_2,2845.0,2788,150.07257080078125,541666.977339889,8672991.302666226,402.4346466064453,2022-03-29 14:24:57.249999872+00:00,0,2022-05-03,100 MHz,20220329,0.0,149.96835327148438,150.07257080078125,0.7287726770432591,0.30902581787109373,10,3.0131828027357055,0.22580464680989584,3.0373928454077257,3.10827411211237,146.94672153660616,153.09420253565946,0.312652587890625,0.0,0.8737180550995998,0.7725645446777343,7.0,0.0,3.0131828027357055,0.11290232340494792,0.0,0.0,0.0,0.0,0.0,0.0,certain_cold,252.36207580566406,252.36207580566406,POINT (541666.977339889 8672991.302666226),dronbreen
dronbreen-20220329-DAT_0247_A1_2,2850.0,2795,150.17678833007812,541664.5388444649,8672986.249022482,402.7265218098958,2022-03-29 14:24:59.333333248+00:00,0,2022-05-03,100 MHz,20220329,0.0,150.07257080078125,150.281005859375,0.730674488400894,0.38628227233886714,10,3.01525904380616,0.22580464680989584,3.048276370951141,3.110733040261682,147.0488686263309,153.30470803382536,0.4168701171875,0.0,0.887228375376403,0.6180516357421875,7.0,0.0,3.0131828027357055,0.11290232340494792,0.0,0.0,0.0,0.0,0.0,0.0,certain_cold,252.5497334798177,252.5497334798177,POINT (541664.5388444649 8672986.249022482),dronbreen
dronbreen-20220329-DAT_0247_A1_2,2855.0,2801,150.281005859375,541662.4400389331,8672981.872755023,403.0171610514323,2022-03-29 14:25:01.333333248+00:00,0,2022-05-03,100 MHz,20220329,0.0,150.17678833007812,150.38522338867188,0.7453909400249852,0.30902581787109373,10,3.0173352960587927,0.11290232340494792,3.0352192967862037,3.1100911364369646,147.15734148943454,153.40467022931546,0.4168701171875,0.0,0.9074018947232197,0.6180516357421875,7.0,0.0,3.01525904380616,0.11290232340494792,0.0,0.0,0.0,0.0,0.0,0.0,certain_cold,252.7361551920573,252.7361551920573,POINT (541662.4400389331 8672981.872755023),dronbreen
dronbreen-20220329-DAT_0247_A1_2,2860.0,2807,150.281005859375,541660.5155191716,8672977.331303725,403.27874755859375,2022-03-29 14:25:03.249999872+00:00,0,2022-05-03,100 MHz,20220329,0.0,150.17678833007812,150.38522338867188,0.8054642371314289,0.30902581787109373,10,3.0173352960587927,0.11290232340494792,3.0352192967862037,3.1250330975479526,147.15734148943454,153.40467022931546,0.4168701171875,0.0,0.9773762573414497,0.7725645446777343,7.0,0.0,3.01525904380616,0.0,0.0,0.0,0.0,0.0,0.0,0.0,certain_cold,252.99774169921875,252.99774169921875,POINT (541660.5155191716 8672977.331303725),dronbreen
dronbreen-20220329-DAT_0247_A1_2,2865.0,2813,150.38522338867188,541658.7810223568,8672973.043872928,403.5264892578125,2022-03-29 14:25:05+00:00,0,2022-05-03,100 MHz,20220329,0.0,150.17678833007812,150.59365844726562,0.8120298192065043,0.30902581787109373,10,3.0194115594705364,0.33870697021484375,3.0540244814420388,3.1449898258049998,147.13843868312563,153.63200809421812,0.4168701171875,0.0,0.983968575066727,0.7725645446777343,7.0,0.0,3.01525904380616,0.11290232340494792,0.0,0.0,0.0,0.0,0.0,0.0,certain_cold,253.14126586914062,253.14126586914062,POINT (541658.7810223568 8672973.043872928),dronbreen
dronbreen-20220329-DAT_0247_A1_2,2870.0,2819,150.59365844726562,541656.9548545385,8672968.520983351,403.80052693684894,2022-03-29 14:25:06.666666752+00:00,0,2022-05-03,100 MHz,20220329,0.0,150.281005859375,150.59365844726562,0.8282891198027986,0.38628227233886714,10,3.0235641196794023,0.33870697021484375,3.066900127393795,3.153208725008304,147.2385294999788,153.63613480666183,0.521087646484375,0.0,1.0076008428965415,0.7725645446777343,7.0,0.0,3.0173352960587927,0.11290232340494792,0.0,0.0,0.0,0.0,0.0,0.0,certain_cold,253.20686848958331,253.20686848958331,POINT (541656.9548545385 8672968.520983351),dronbreen
dronbreen-20220329-DAT_0247_A1_2,2875.0,2825,150.6978759765625,541654.7180077275,8672963.240989294,404.1423645019531,2022-03-29 14:25:08.500000+00:00,0,2022-05-03,100 MHz,20220329,0.0,150.281005859375,150.6978759765625,0.8338070737015894,0.4635387268066406,10,3.0256404164307042,0.11290232340494792,3.06302383526781,3.1404587404269475,147.25325969032957,153.72562214560793,0.62530517578125,0.0,1.013741801983442,0.9270774536132812,7.0,0.0,3.0173352960587927,0.0,0.0,0.0,0.0,0.0,0.0,0.0,certain_cold,253.44448852539062,253.44448852539062,POINT (541654.7180077275 8672963.240989294),dronbreen
dronbreen-20220329-DAT_0247_A1_2,2880.0,2830,150.6978759765625,541652.8930474194,8672959.090335155,404.3904113769531,2022-03-29 14:25:10+00:00,0,2022-05-03,100 MHz,20220329,0.0,150.281005859375,150.80209350585938,0.8458771934879534,0.540783869934082,10,3.0256404164307042,0.0,3.073588639281426,3.141656912522757,147.2553654429443,153.82773392229007,0.521087646484375,0.0,1.0236420818176026,0.7725645446777343,7.0,0.0,3.0173352960587927,0.11290232340494792,0.0,0.0,0.0,0.0,0.0,0.0,certain_cold,253.69253540039062,253.69253540039062,POINT (541652.8930474194 8672959.090335155),dronbreen
dronbreen-20220329-DAT_0247_A1_2,2885.0,2836,150.6978759765625,541650.6376506733,8672953.995869521,404.69476318359375,2022-03-29 14:25:12+00:00,0,2022-05-03,100 MHz,20220329,0.0,150.38522338867188,150.9062957763672,0.8843774578597561,0.540783869934082,10,3.0256404164307042,0.0,3.073588639281426,3.1522410151366045,147.35958297224118,153.93193619279788,0.521087646484375,0.0,1.0695992041509919,0.7725645446777343,7.0,0.0,3.0194115594705364,0.11290232340494792,0.0,0.0,0.0,0.0,0.0,0.0,certain_cold,253.99688720703125,253.99688720703125,POINT (541650.6376506733 8672953.995869521),dronbreen
dronbreen-20220329-DAT_0247_A1_2,2890.0,2842,150.6978759765625,541648.5837325682,8672949.403905962,404.95424397786456,2022-03-29 14:25:13.666666752+00:00,0,2022-05-03,100 MHz,20220329,0.0,150.38522338867188,151.01051330566406,0.9006033375770096,0.5407951812744141,10,3.0256404164307042,0.0,3.073590629480216,3.1568316871815982,147.35958297224118,154.03615372209475,0.4168701171875,0.0,1.0825761143551331,0.6180516357421875,7.0,0.0,3.0194115594705364,0.0,0.0,0.0,0.0,0.0,0.0,0.0,certain_cold,254.25636800130206,254.25636800130206,POINT (541648.5837325682 8672949.403905962),dronbreen
dronbreen-20220329-DAT_0247_A1_2,2895.0,2847,150.6978759765625,541646.681801074,8672945.499005534,405.2011064801897,2022-03-29 14:25:15.142856960+00:00,0,2022-05-03,100 MHz,20220329,0.0,150.38522338867188,151.11473083496094,0.9279915385503483,0.6180403244018554,10,3.0256404164307042,0.0,3.0881181603244583,3.1647540544503627,147.35958297224118,154.14037125139163,0.4168701171875,0.0,1.1090073309248274,0.6180516357421875,7.0,0.0,3.0194115594705364,0.11290232340494792,0.0,0.0,0.0,0.0,0.0,0.0,certain_cold,254.5032305036272,254.5032305036272,POINT (541646.681801074 8672945.499005534),dronbreen
dronbreen-20220329-DAT_0247_A1_2,2900.0,2853,150.6978759765625,541644.2672296121,8672940.771812342,405.521484375,2022-03-29 14:25:17+00:00,0,2022-05-03,100 MHz,20220329,0.0,150.48944091796875,151.2189483642578,0.9141068518849895,0.6180403244018554,10,3.0256404164307042,0.0,3.0881181603244583,3.1607105634970836,147.46380050153806,154.2445887806885,0.312652587890625,0.0,1.0854435240687665,0.7725419219970703,7.0,0.0,3.021487834018387,0.11290232340494792,0.0,0.0,0.0,0.0,0.0,0.0,certain_cold,254.8236083984375,254.8236083984375,POINT (541644.2672296121 8672940.771812342),dronbreen
dronbreen-20220329-DAT_0247_A1_2,2905.0,2859,150.6978759765625,541641.8828385381,8672936.541814325,405.8265889485677,2022-03-29 14:25:18.666666752+00:00,0,2022-05-03,100 MHz,20220329,0.0,150.48944091796875,151.2189483642578,0.9607691634131209,0.6180403244018554,10,3.0256404164307042,0.0,3.0881181603244583,3.17452001330981,147.46380050153806,154.2445887806885,0.312652587890625,0.0,1.1475134982735475,0.7725419219970703,7.0,0.0,3.021487834018387,0.0,0.0,0.0,0.0,0.0,0.0,0.0,certain_cold,255.1287129720052,255.1287129720052,POINT (541641.8828385381 8672936.541814325),dronbreen
dronbreen-20220329-DAT_0247_A1_2,2910.0,2863,150.6978759765625,541639.386783775,8672932.618521284,406.1058044433594,2022-03-29 14:25:20+00:00,0,2022-05-03,100 MHz,20220329,0.0,150.48944091796875,151.2189483642578,0.9516194374177551,0.540783869934082,10,3.0256404164307042,0.0,3.073588639281426,3.1717628352716174,147.46380050153806,154.2445887806885,0.20843505859375,0.0,1.1327705376801165,0.6180516357421875,7.0,0.0,3.021487834018387,0.0,0.0,0.0,0.0,0.0,0.0,0.0,certain_cold,255.40792846679688,255.40792846679688,POINT (541639.386783775 8672932.618521284),dronbreen
dronbreen-20220329-DAT_0247_A1_2,2915.0,2868,150.6978759765625,541636.3283938098,8672928.00432952,406.4090837751116,2022-03-29 14:25:21.428571392+00:00,0,2022-05-03,100 MHz,20220329,0.0,150.48944091796875,151.3231658935547,1.0041867525890622,0.6180403244018554,10,3.0256404164307042,0.0,3.0881181603244583,3.187928945822716,147.46380050153806,154.34880630998538,0.20843505859375,0.0,1.1980043727072807,0.4635387268066406,7.0,0.0,3.021487834018387,0.11290232340494792,0.0,0.0,0.0,0.0,0.0,0.0,certain_cold,255.71120779854908,255.71120779854908,POINT (541636.3283938098 8672928.00432952),dronbreen
dronbreen-20220329-DAT_0247_A1_2,2920.0,2873,150.6978759765625,541633.5050856892,8672924.015526583,406.68212127685547,2022-03-29 14:25:22.750000128+00:00,0,2022-05-03,100 MHz,20220329,0.0,150.59365844726562,151.3231658935547,1.0137591942321296,0.6180403244018554,10,3.0256404164307042,0.0,3.0881181603244583,3.1909571657151936,147.56801803083493,154.34880630998538,0.20843505859375,0.0,1.2074698180729522,0.30902581787109373,7.0,0.0,3.0235641196794023,0.11290232340494792,0.0,0.0,0.0,0.0,0.0,0.0,certain_cold,255.98424530029297,255.98424530029297,POINT (541633.5050856892 8672924.015526583),dronbreen
dronbreen-20220329-DAT_0247_A1_2,2925.0,2878,150.6978759765625,541630.3748490164,8672919.746945499,407.01011149088544,2022-03-29 14:25:24.333333248+00:00,0,2022-05-03,100 MHz,20220329,0.0,150.59365844726562,151.42738342285156,1.033097638629846,0.6180403244018554,10,3.0256404164307042,0.11290232340494792,3.09018133881427,3.1991463853834143,147.5659122782202,154.455129591897,0.104217529296875,0.0,1.2293312280559776,0.15451290893554687,7.0,0.0,3.0235641196794023,0.11290232340494792,0.0,0.0,0.0,0.0,0.0,0.0,certain_cold,256.31223551432294,256.31223551432294,POINT (541630.3748490164 8672919.746945499),dronbreen
dronbreen-20220329-DAT_0247_A1_2,2930.0,2882,150.80209350585938,541627.8034296316,8672916.193533799,407.27809651692706,2022-03-29 14:25:25.666666752+00:00,0,2022-05-03,100 MHz,20220329,0.0,150.6978759765625,151.53160095214844,1.0316947381116743,0.6952967788696288,10,3.0277167242494767,0.11290232340494792,3.1085773446444436,3.2006576714134134,147.6680549427504,154.56142198596055,0.20843505859375,0.0,1.2297517223175929,0.15451290893554687,7.0,0.0,3.0256404164307042,0.11290232340494792,0.0,0.0,0.0,0.0,0.0,0.0,certain_cold,256.4760030110677,256.4760030110677,POINT (541627.8034296316 8672916.193533799),dronbreen
dronbreen-20220329-DAT_0247_A1_2,2935.0,2888,150.80209350585938,541624.7863137947,8672911.775605565,407.6136038643973,2022-03-29 14:25:27.428571392+00:00,0,2022-05-03,100 MHz,20220329,0.0,150.6978759765625,151.53160095214844,1.0709487569603964,0.6180403244018554,10,3.0277167242494767,0.22578811645507815,3.098390336677912,3.219468912082757,147.66175199427317,154.56772493443776,0.104217529296875,0.0,1.275576658931051,0.15451290893554687,7.0,0.0,3.0256404164307042,0.0,0.0,0.0,0.0,0.0,0.0,0.0,certain_cold,256.81151035853793,256.81151035853793,POINT (541624.7863137947 8672911.775605565),dronbreen
dronbreen-20220329-DAT_0247_A1_2,2940.0,2893,151.01051330566406,541622.1484677128,8672907.892265288,407.9051818847656,2022-03-29 14:25:29+00:00,0,2022-05-03,100 MHz,20220329,0.0,150.6978759765625,151.53160095214844,1.0886123449097937,0.7725419219970703,10,3.0318690689962287,0.33869043986002606,3.14702435434357,3.239138481614924,147.6471479871166,154.58232894159434,0.3126373291015625,0.0,1.2916996243215109,0.46351610412597655,7.0,0.0,3.0256404164307042,0.11290232340494792,0.0,0.0,0.0,0.0,0.0,0.0,certain_cold,256.89466857910156,256.89466857910156,POINT (541622.1484677128 8672907.892265288),dronbreen
dronbreen-20220329-DAT_0247_A1_2,2945.0,2899,151.11473083496094,541619.2307524284,8672903.149545208,408.1472880045573,2022-03-29 14:25:30.666666752+00:00,0,2022-05-03,100 MHz,20220329,0.0,150.80209350585938,151.53160095214844,1.1129465214818477,0.7725419219970703,10,3.0339454098795318,0.22580464680989584,3.1388904902676913,3.2395157737428235,147.7597568235295,154.5739376344783,0.4168548583984375,0.0,1.3164819669371053,0.6180290130615234,7.0,0.0,3.0277167242494767,0.11290232340494792,0.0,0.0,0.0,0.0,0.0,0.0,certain_cold,257.0325571695964,257.0325571695964,POINT (541619.2307524284 8672903.149545208),dronbreen
dronbreen-20220329-DAT_0247_A1_2,2950.0,2903,151.2189483642578,541616.8257808377,8672899.16708717,408.3531188964844,2022-03-29 14:25:32+00:00,0,2022-05-03,100 MHz,20220329,0.0,150.80209350585938,151.53160095214844,1.152211444654717,0.7725419219970703,10,3.0360217617396668,0.0,3.132770205265582,3.247309555763069,147.7660717441197,154.5676227138881,0.5210723876953125,0.0,1.355771473306003,0.7725419219970703,7.0,0.0,3.0277167242494767,0.0,0.0,0.0,0.0,0.0,0.0,0.0,certain_cold,257.13417053222656,257.13417053222656,POINT (541616.8257808377 8672899.16708717),dronbreen
dronbreen-20220329-DAT_0247_A1_2,2955.0,2908,151.11473083496094,541614.1730420017,8672894.52562964,408.60850524902344,2022-03-29 14:25:33.500000+00:00,0,2022-05-03,100 MHz,20220329,0.0,150.80209350585938,151.53160095214844,1.1702993258742314,0.6180290130615234,10,3.0339454098795318,0.11290232340494792,3.098311079563367,3.2537935086451006,147.7660481035705,154.5676463544373,0.3126373291015625,0.0,1.3705734429044525,0.7725419219970703,7.0,0.0,3.0277167242494767,0.0,0.0,0.0,0.0,0.0,0.0,0.0,certain_cold,257.4937744140625,257.4937744140625,POINT (541614.1730420017 8672894.52562964),dronbreen
dronbreen-20220329-DAT_0247_A1_2,2960.0,2913,151.11473083496094,541611.7058842691,8672890.076017397,408.8900146484375,2022-03-29 14:25:35+00:00,0,2022-05-03,100 MHz,20220329,0.0,150.80209350585938,151.42738342285156,1.1114287785172738,0.6952854675292969,10,3.0339454098795318,0.11290232340494792,3.1146418038221904,3.2330860821320107,147.7660481035705,154.46342882514043,0.3126373291015625,0.0,1.302261955387288,0.9270548309326171,7.0,0.0,3.0277167242494767,0.0,0.0,0.0,0.0,0.0,0.0,0.0,certain_cold,257.77528381347656,257.77528381347656,POINT (541611.7058842691 8672890.076017397),dronbreen
dronbreen-20220329-DAT_0247_A1_2,2965.0,2918,151.01051330566406,541609.586600052,8672886.350543417,409.15468343098956,2022-03-29 14:25:36.333333248+00:00,0,2022-05-03,100 MHz,20220329,0.0,150.80209350585938,151.53160095214844,1.0943628595877437,0.6952854675292969,10,3.0318690689962287,0.11290232340494792,3.112619293701645,3.225307280649606,147.76812300729378,154.56557145071403,0.3126373291015625,0.0,1.2788219373525633,1.081567739868164,7.0,0.0,3.0277167242494767,0.0,0.0,0.0,0.0,0.0,0.0,0.0,certain_cold,258.1441701253255,258.1441701253255,POINT (541609.586600052 8672886.350543417),dronbreen
dronbreen-20220329-DAT_0247_A1_2,2970.0,2923,151.01051330566406,541606.9456083433,8672881.740480484,409.48358154296875,2022-03-29 14:25:38+00:00,0,2022-05-03,100 MHz,20220329,0.0,150.80209350585938,151.6358184814453,1.0507587373922544,0.7725532333374023,10,3.0318690689962287,0.0,3.128748719516499,3.208788552669406,147.77022443686315,154.66768755044154,0.4168548583984375,0.0,1.231638803745439,1.081567739868164,7.0,0.0,3.0277167242494767,0.0,0.0,0.0,0.0,0.0,0.0,0.0,certain_cold,258.4730682373047,258.4730682373047,POINT (541606.9456083433 8672881.740480484),dronbreen
dronbreen-20220329-DAT_0247_A1_2,2975.0,2928,151.01051330566406,541604.7593424966,8672877.702784121,409.7671712239583,2022-03-29 14:25:39.333333248+00:00,0,2022-05-03,100 MHz,20220329,0.0,150.80209350585938,151.6358184814453,1.0424604238034225,0.7725645446777343,10,3.0318690689962287,0.0,3.128751512541252,3.2060807517485377,147.77022443686315,154.66768755044154,0.5210723876953125,0.0,1.22996251582031,1.2360806488037108,7.0,0.0,3.0277167242494767,0.0,0.0,0.0,0.0,0.0,0.0,0.0,certain_cold,258.75665791829425,258.75665791829425,POINT (541604.7593424966 8672877.702784121),dronbreen
dronbreen-20220329-DAT_0247_A1_2,2980.0,2933,151.01051330566406,541601.978657003,8672872.654185638,410.117919921875,2022-03-29 14:25:41+00:00,0,2022-05-03,100 MHz,20220329,0.0,150.80209350585938,151.53160095214844,0.996527833382238,0.7725645446777343,10,3.0318690689962287,0.0,3.128751512541252,3.1914413317874972,147.77022443686315,154.56347002114467,0.6252899169921875,0.0,1.1880342671335402,1.2360806488037108,7.0,0.0,3.0277167242494767,0.0,0.0,0.0,0.0,0.0,0.0,0.0,certain_cold,259.10740661621094,259.10740661621094,POINT (541601.978657003 8672872.654185638),dronbreen
dronbreen-20220329-DAT_0247_A1_2,2985.0,2938,151.01051330566406,541599.619515157,8672868.42505285,410.383544921875,2022-03-29 14:25:42.333333248+00:00,0,2022-05-03,100 MHz,20220329,0.0,150.80209350585938,151.42738342285156,0.968276944240874,0.6953080902099609,10,3.0318690689962287,0.0,3.110576054663747,3.182733148142411,147.77022443686315,154.4592524918478,0.7295074462890625,0.0,1.144354523366591,1.3905935577392576,7.0,0.0,3.0277167242494767,0.0,0.0,0.0,0.0,0.0,0.0,0.0,certain_cold,259.37303161621094,259.37303161621094,POINT (541599.619515157 8672868.42505285),dronbreen
dronbreen-20220329-DAT_0247_A1_2,2990.0,2943,151.01051330566406,541597.204869401,8672864.132175252,410.6659164428711,2022-03-29 14:25:43.750000128+00:00,0,2022-05-03,100 MHz,20220329,0.0,150.80209350585938,151.3231658935547,0.965527589179657,0.6180516357421875,10,3.0318690689962287,0.11290232340494792,3.096282417772947,3.1839002044086393,147.76812300729378,154.35713639212028,0.8337249755859375,0.0,1.1511096441741395,1.3905935577392576,7.0,0.0,3.0277167242494767,0.0,0.0,0.0,0.0,0.0,0.0,0.0,certain_cold,259.65540313720703,259.65540313720703,POINT (541597.204869401 8672864.132175252),dronbreen
dronbreen-20220329-DAT_0247_A1_2,2995.0,2948,151.11473083496094,541594.6262074473,8672859.479760483,410.9583827427455,2022-03-29 14:25:45.285714432+00:00,0,2022-05-03,100 MHz,20220329,0.0,150.80209350585938,151.2189483642578,0.9249316644135,0.6180403244018554,10,3.0339454098795318,0.11290232340494792,3.098313335888749,3.173810055531686,147.7660481035705,154.25499376654668,1.0421600341796875,0.0,1.111802420454494,1.5451064666748047,7.0,0.0,3.0277167242494767,0.0,0.0,0.0,0.0,0.0,0.0,0.0,certain_cold,259.8436519077846,259.8436519077846,POINT (541594.6262074473 8672859.479760483),dronbreen
dronbreen-20220329-DAT_0247_A1_2,3000.0,2953,151.11473083496094,541592.1606835729,8672855.149872182,411.2352207728795,2022-03-29 14:25:46.714285568+00:00,0,2022-05-03,100 MHz,20220329,0.0,150.80209350585938,151.2189483642578,0.8962386172650146,0.540783869934082,10,3.0339454098795318,0.11290232340494792,3.08383184994581,3.165567144104895,147.7660481035705,154.25499376654668,1.0421600341796875,0.0,1.0861536336535471,1.5451064666748047,7.0,0.0,3.0277167242494767,0.0,0.0,0.0,0.0,0.0,0.0,0.0,certain_cold,260.12048993791853,260.12048993791853,POINT (541592.1606835729 8672855.149872182),dronbreen
dronbreen-20220329-DAT_0247_A1_2,3005.0,2957,151.01051330566406,541589.9608359085,8672851.253567467,411.48602294921875,2022-03-29 14:25:48+00:00,0,2022-05-03,100 MHz,20220329,0.0,150.80209350585938,151.3231658935547,0.8860137886215865,0.540783869934082,10,3.0318690689962287,0.11290232340494792,3.081789119999481,3.160695717685249,147.76812300729378,154.35713639212028,1.0421600341796875,0.0,1.0691157575194228,1.5451064666748047,7.0,0.0,3.0277167242494767,0.22580464680989584,0.0,0.0,0.0,0.0,0.0,0.0,certain_cold,260.4755096435547,260.4755096435547,POINT (541589.9608359085 8672851.253567467),dronbreen
dronbreen-20220329-DAT_0247_A1_2,3010.0,2962,151.01051330566406,541587.6979225449,8672847.213530006,411.7455647786458,2022-03-29 14:25:49.333333248+00:00,0,2022-05-03,100 MHz,20220329,0.0,150.59365844726562,151.42738342285156,0.9011392770504644,0.6180403244018554,10,3.0318690689962287,0.0,3.094221048038231,3.162954638969565,147.5617893782694,154.4592524918478,1.1463775634765625,0.0,1.073701369207794,1.5451290893554686,7.0,0.0,3.0235641196794023,0.33870697021484375,0.0,0.0,0.0,0.0,0.0,0.0,certain_cold,260.73505147298175,260.73505147298175,POINT (541587.6979225449 8672847.213530006),dronbreen
dronbreen-20220329-DAT_0247_A1_2,3015.0,2967,151.01051330566406,541584.943873262,8672842.537986578,412.0321044921875,2022-03-29 14:25:51+00:00,0,2022-05-03,100 MHz,20220329,0.0,150.48944091796875,151.53160095214844,0.9165420674180824,0.7725532333374023,10,3.0318690689962287,0.0,3.128748719516499,3.167377371404151,147.45757184897252,154.56347002114467,1.2505950927734375,0.0,1.0662087343327697,1.6996193756103515,7.0,0.0,3.021487834018387,0.33870697021484375,0.0,0.0,0.0,0.0,0.0,0.0,certain_cold,261.02159118652344,261.02159118652344,POINT (541584.943873262 8672842.537986578),dronbreen
dronbreen-20220329-DAT_0247_A1_2,3020.0,2972,151.01051330566406,541582.0848671211,8672837.95225241,412.27159118652344,2022-03-29 14:25:52.666666752+00:00,0,2022-05-03,100 MHz,20220329,0.0,150.281005859375,151.3231658935547,0.8925266376865749,0.8497983764648437,10,3.0318690689962287,0.11290232340494792,3.1507355120366065,3.1625275943691618,147.2470353608094,154.35713639212028,1.3548126220703125,0.0,1.0515553105271078,1.6996193756103515,7.0,0.0,3.0173352960587927,0.33870697021484375,0.0,0.0,0.0,0.0,0.0,0.0,certain_cold,261.2610778808594,261.2610778808594,POINT (541582.0848671211 8672837.95225241),dronbreen
dronbreen-20220329-DAT_0247_A1_2,3025.0,2976,150.9062957763672,541579.6857098314,8672834.18715846,412.45062255859375,2022-03-29 14:25:54+00:00,0,2022-05-03,100 MHz,20220329,0.0,150.17678833007812,151.11473083496094,0.872009083088852,0.8497983764648437,10,3.0297927391123256,0.11290232340494792,3.1487375656364707,3.154804402430912,147.1448927222763,154.14662644276277,1.2505950927734375,0.0,1.0334470830930096,1.5451290893554686,7.0,0.0,3.01525904380616,0.33870697021484375,0.0,0.0,0.0,0.0,0.0,0.0,certain_cold,261.54432678222656,261.54432678222656,POINT (541579.6857098314 8672834.18715846),dronbreen
dronbreen-20220329-DAT_0247_A1_2,3030.0,2982,150.9062957763672,541576.6490220883,8672829.564925546,412.70763142903644,2022-03-29 14:25:55.666666752+00:00,0,2022-05-03,100 MHz,20220329,0.0,149.96835327148438,151.01051330566406,0.8989261847066955,0.9270661422729491,10,3.0297927391123256,0.22578811645507815,3.176487989534818,3.168389591111143,146.9301590190525,154.04870755809594,1.4590301513671875,0.0,1.0618336158953923,1.6996419982910156,7.0,0.0,3.011106572870561,0.33870697021484375,0.0,0.0,0.0,0.0,0.0,0.0,certain_cold,261.80133565266925,261.80133565266925,POINT (541576.6490220883 8672829.564925546),dronbreen
dronbreen-20220329-DAT_0247_A1_2,3035.0,2987,150.6978759765625,541574.3069122772,8672826.018717347,412.91229248046875,2022-03-29 14:25:57+00:00,0,2022-05-03,100 MHz,20220329,0.0,149.8641357421875,150.9062957763672,0.8813015873575469,0.9270661422729491,10,3.0256404164307042,0.451592763264974,3.196543067990968,3.1835716485185617,146.80497965702736,153.96545186152733,1.2506103515625,0.0,1.0439044594805515,1.5451290893554686,7.0,0.0,3.009030354233922,0.22580464680989584,0.0,0.0,0.0,0.0,0.0,0.0,certain_cold,262.21441650390625,262.21441650390625,POINT (541574.3069122772 8672826.018717347),dronbreen
dronbreen-20220329-DAT_0247_A1_2,3040.0,2992,150.48944091796875,541571.1815394781,8672820.959533432,413.19887288411456,2022-03-29 14:25:58.666666752+00:00,0,2022-05-03,100 MHz,20220329,0.0,149.75991821289062,150.80209350585938,0.8649930021420764,0.9270661422729491,10,3.021487834018387,0.4516092936197917,3.1926151220204635,3.1751460720665516,146.7048667100179,153.8571450087321,1.146392822265625,0.0,1.0218722560606464,1.5451290893554686,7.0,0.0,3.006954146849046,0.33870697021484375,0.0,0.0,0.0,0.0,0.0,0.0,certain_cold,262.7094319661458,262.7094319661458,POINT (541571.1815394781 8672820.959533432),dronbreen
dronbreen-20220329-DAT_0247_A1_2,3045.0,2997,150.281005859375,541568.612334747,8672816.910060126,413.4362487792969,2022-03-29 14:26:00+00:00,0,2022-05-03,100 MHz,20220329,0.0,149.55148315429688,150.59365844726562,0.8804797946581799,1.081579051208496,10,3.0173352960587927,0.33870697021484375,3.2231735827484362,3.1613730196412493,146.51519682054732,153.62994478101518,1.04217529296875,0.0,1.03469811206709,1.5451290893554686,7.0,0.0,3.0028017659279436,0.33870697021484375,0.0,0.0,0.0,0.0,0.0,0.0,certain_cold,263.1552429199219,263.1552429199219,POINT (541568.612334747 8672816.910060126),dronbreen
dronbreen-20220329-DAT_0247_A1_2,3050.0,3001,150.17678833007812,541566.0303543069,8672812.860199062,413.68358357747394,2022-03-29 14:26:01.333333248+00:00,0,2022-05-03,100 MHz,20220329,0.0,149.447265625,150.59365844726562,0.8832167968953543,1.081579051208496,10,3.01525904380616,0.4516092936197917,3.235050432273302,3.174241636305701,146.39837434203523,153.6425497302304,1.04217529296875,0.0,1.042169189461845,1.5451064666748047,7.0,0.0,3.000725592438556,0.33870697021484375,0.0,0.0,0.0,0.0,0.0,0.0,certain_cold,263.5067952473958,263.5067952473958,POINT (541566.0303543069 8672812.860199062),dronbreen
dronbreen-20220329-DAT_0247_A1_2,3055.0,3006,149.8641357421875,541563.2209531132,8672808.834327828,413.95752716064453,2022-03-29 14:26:02.750000128+00:00,0,2022-05-03,100 MHz,20220329,0.0,149.23883056640625,150.48944091796875,0.8808235886311396,1.0815903625488281,10,3.009030354233922,0.5645116170247396,3.246963928166667,3.1857161255746007,146.17730528667116,153.55096619770384,0.833740234375,0.0,1.036446402053939,1.3906161804199217,7.0,0.0,2.996573279519693,0.33870697021484375,0.0,0.0,0.0,0.0,0.0,0.0,certain_cold,264.09339141845703,264.09339141845703,POINT (541563.2209531132 8672808.834327828),dronbreen
dronbreen-20220329-DAT_0247_A1_2,3060.0,3011,149.65570068359375,541560.1454474838,8672804.71162022,414.23124040876115,2022-03-29 14:26:04.285714432+00:00,0,2022-05-03,100 MHz,20220329,0.0,149.13461303710938,150.38522338867188,0.9115262538659843,1.0043339080810547,10,3.004877950739258,0.4516092936197917,3.200301400156569,3.17240012678251,146.09598794458435,153.4238484811969,0.729522705078125,0.0,1.060128479352038,1.3906161804199217,7.0,0.0,2.994497140137446,0.22580464680989584,0.0,0.0,0.0,0.0,0.0,0.0,certain_cold,264.5755397251674,264.5755397251674,POINT (541560.1454474838 8672804.71162022),dronbreen
dronbreen-20220329-DAT_0247_A1_2,3065.0,3016,149.447265625,541557.421347739,8672800.772585308,414.4545200892857,2022-03-29 14:26:05.714285568+00:00,0,2022-05-03,100 MHz,20220329,0.0,149.0303955078125,150.281005859375,0.8998020993448097,1.0043339080810547,10,3.000725592438556,0.9032185872395834,3.2907209690844583,3.260337668928806,145.89668239116466,153.41471897602284,0.521087646484375,0.0,1.0271755339765898,1.3906161804199217,7.0,0.0,2.992421012171584,0.33870697021484375,0.0,0.0,0.0,0.0,0.0,0.0,certain_cold,265.0072544642857,265.0072544642857,POINT (541557.421347739 8672800.772585308),dronbreen
dronbreen-20220329-DAT_0247_A1_2,3070.0,3021,148.82196044921875,541554.5276051476,8672796.65550997,414.6627655029297,2022-03-29 14:26:07.249999872+00:00,0,2022-05-03,100 MHz,20220329,0.0,148.82196044921875,150.07257080078125,0.8393247390092011,0.9270774536132812,9,2.9882687905841956,0.7903162638346355,3.227045516669877,3.202938678647147,145.73094926165228,153.16358198834772,0.0,0.0,0.9634642066674987,0.9270774536132812,6.0,0.0,2.9882687905841956,0.33870697021484375,0.0,0.0,0.0,0.0,0.0,0.0,certain_cold,265.84080505371094,265.84080505371094,POINT (541554.5276051476 8672796.65550997),dronbreen
dronbreen-20220329-DAT_0247_A1_2,3075.0,3026,148.71774291992188,541551.7493862453,8672792.754691778,414.8528137207031,2022-03-29 14:26:08.666666752+00:00,0,2022-05-03,100 MHz,20220329,0.0,148.71774291992188,149.8641357421875,0.7887359721476431,0.9270548309326171,9,2.986192697010424,0.22580464680989584,3.1349266692786983,3.096843392223607,145.72302514320245,152.85885351890693,0.0,0.0,0.8877848995308035,0.8498209991455078,6.0,0.0,2.986192697010424,0.22580464680989584,0.0,0.0,0.0,0.0,0.0,0.0,certain_cold,266.13507080078125,266.13507080078125,POINT (541551.7493862453 8672792.754691778),dronbreen
dronbreen-20220329-DAT_0247_A1_2,3080.0,3031,148.613525390625,541548.5734371243,8672788.323181842,415.0761239188058,2022-03-29 14:26:10.285714432+00:00,0,2022-05-03,100 MHz,20220329,0.0,148.5093231201172,149.65570068359375,0.7442587324821524,0.6180516357421875,9,2.9841166149485474,0.22578811645507815,3.0558010520300405,3.0838050045390757,145.51667675859295,152.648347045118,0.1042022705078125,0.0,0.830474561405436,0.8498096878051757,6.0,0.0,2.9841166149485474,0.22578811645507815,0.0,0.0,0.0,0.0,0.0,0.0,certain_cold,266.4625985281808,266.4625985281808,POINT (541548.5734371243 8672788.323181842),dronbreen
dronbreen-20220329-DAT_0247_A1_2,3085.0,3036,148.5093231201172,541545.7986950341,8672784.249682283,415.21473911830356,2022-03-29 14:26:11.714285568+00:00,0,2022-05-03,100 MHz,20220329,0.0,148.4051055908203,149.447265625,0.692169549214212,0.46356134948730465,9,2.982040848385238,0.33870697021484375,3.0368041026461947,3.079998168501026,145.40389083124208,152.44848038457823,0.104217529296875,0.0,0.7601406531646728,0.8498096878051757,6.0,0.0,2.982040848385238,0.22578811645507815,0.0,0.0,0.0,0.0,0.0,0.0,certain_cold,266.70541599818637,266.70541599818637,POINT (541545.7986950341 8672784.249682283),dronbreen
dronbreen-20220329-DAT_0247_A1_2,3090.0,3041,148.30087280273438,541543.2688853581,8672780.396436213,415.3029479980469,2022-03-29 14:26:13+00:00,0,2022-05-03,100 MHz,20220329,0.0,148.1966552734375,149.23883056640625,0.6503697483369935,0.4635387268066406,9,2.97788843807506,0.33872350056966144,3.0327250634880842,3.066844301396993,145.1995644907852,152.23592134905854,0.104217529296875,0.0,0.7119360492592076,0.9270774536132812,6.0,0.0,2.9799647894176555,0.22582117716471353,0.0,0.0,0.0,0.0,0.0,0.0,certain_cold,267.0020751953125,267.0020751953125,POINT (541543.2688853581 8672780.396436213),dronbreen
dronbreen-20220329-DAT_0247_A1_2,3095.0,3045,148.1966552734375,541540.5936183637,8672776.46780943,415.38458251953125,2022-03-29 14:26:14.333333248+00:00,0,2022-05-03,100 MHz,20220329,0.0,148.0924530029297,149.0303955078125,0.6109005515236071,0.46351610412597655,9,2.9758124023018704,0.33869043986002606,3.0306794364515572,3.056692681902787,145.0974286845399,152.0254198262023,0.1042022705078125,0.0,0.6721767154693297,0.9270548309326171,6.0,0.0,2.97788843807506,0.11291885375976564,0.0,0.0,0.0,0.0,0.0,0.0,certain_cold,267.18792724609375,267.18792724609375,POINT (541540.5936183637 8672776.46780943),dronbreen
dronbreen-20220329-DAT_0247_A1_2,3100.0,3049,147.9882354736328,541537.9642686128,8672772.292479677,415.51348876953125,2022-03-29 14:26:15.666666752+00:00,0,2022-05-03,100 MHz,20220329,0.0,147.9882354736328,148.92617797851562,0.5874875935825028,0.6180516357421875,9,2.971660669632345,0.451592763264974,3.0686627354136924,3.062653234025428,144.98245717853635,151.9319562736121,0.0,0.0,0.6162625380686104,0.9270661422729491,6.0,0.0,2.97788843807506,0.11290232340494792,0.0,0.0,0.0,0.0,0.0,0.0,certain_cold,267.52525329589844,267.52525329589844,POINT (541537.9642686128 8672772.292479677),dronbreen
dronbreen-20220329-DAT_0247_A1_2,3105.0,3054,147.77980041503906,541534.9833274704,8672767.804998543,415.6502903529576,2022-03-29 14:26:17.142856960+00:00,0,2022-05-03,100 MHz,20220329,0.0,147.77980041503906,148.4051055908203,0.7370099425980688,0.6180629470825195,10,2.96750867973179,0.33870697021484375,3.0500544228770674,3.0763637352309368,144.79302453192435,151.39188147393503,0.0,0.0,0.5411889300454406,0.6953080902099609,6.0,0.0,2.9758124023018704,0.22578811645507815,0.0,0.0,0.0,0.0,0.0,0.0,certain_cold,267.87048993791853,267.87048993791853,POINT (541534.9833274704 8672767.804998543),dronbreen
dronbreen-20220329-DAT_0247_A1_2,3110.0,3059,147.6755828857422,541531.8009802096,8672763.04545083,415.7865397135417,2022-03-29 14:26:18.666666752+00:00,0,2022-05-03,100 MHz,20220329,0.0,147.57135009765625,148.1966552734375,0.6319271547935982,0.5408064926147461,10,2.9654327023652867,0.22582117716471353,3.022789767543851,3.040414156867297,144.59733155092297,151.17067382017078,0.0,0.0,0.47720597510738527,0.46352741546630855,6.0,0.0,2.973736682117295,0.22578811645507815,0.0,0.0,0.0,0.0,0.0,0.0,certain_cold,268.1109568277995,268.1109568277995,POINT (541531.8009802096 8672763.04545083),dronbreen
dronbreen-20220329-DAT_0247_A1_2,3115.0,3063,147.57135009765625,541529.5464985908,8672759.548559358,415.87158203125,2022-03-29 14:26:19.750000128+00:00,0,2022-05-03,100 MHz,20220329,0.0,147.46714782714844,147.9882354736328,0.5624067886503499,0.4635387268066406,10,2.963356432806896,0.22580464680989584,3.0078791926585873,3.0246934526161415,144.49520080770498,150.96018249307627,0.0,0.0,0.4254655342746481,0.38628227233886714,6.0,0.0,2.971660669632345,0.11290232340494792,0.0,0.0,0.0,0.0,0.0,0.0,certain_cold,268.30023193359375,268.30023193359375,POINT (541529.5464985908 8672759.548559358),dronbreen
dronbreen-20220329-DAT_0247_A1_2,3120.0,3067,147.46714782714844,541526.8744988415,8672755.511507388,415.9552917480469,2022-03-29 14:26:21+00:00,0,2022-05-03,100 MHz,20220329,0.0,147.36293029785156,147.9882354736328,0.47428732352612196,0.5408064926147461,10,2.961280782923095,0.33870697021484375,3.029253695126244,3.018087929838909,144.38234205272582,150.96882371875856,0.0,0.0,0.3694422871529555,0.3090145065307617,6.0,0.0,2.971660669632345,0.22580464680989584,0.0,0.0,0.0,0.0,0.0,0.0,certain_cold,268.48814392089844,268.48814392089844,POINT (541526.8744988415 8672755.511507388),dronbreen
dronbreen-20220329-DAT_0247_A1_2,3125.0,3071,147.25869750976562,541523.9841558444,8672751.514241965,416.0427754720052,2022-03-29 14:26:22.333333248+00:00,0,2022-05-03,100 MHz,20220329,0.0,147.1544952392578,147.77980041503906,0.44501139864313954,0.5407951812744141,10,2.9571286067584315,0.4516092936197917,3.0399046003258814,3.0243339259934827,144.1630807659705,150.77121488832637,0.0,0.0,0.35748970177692346,0.2317693634033203,6.0,0.0,2.96750867973179,0.5645116170247396,0.0,0.0,0.0,0.0,0.0,0.0,certain_cold,268.78407796223956,268.78407796223956,POINT (541523.9841558444 8672751.514241965),dronbreen
dronbreen-20220329-DAT_0247_A1_2,3130.0,3076,147.05027770996094,541520.9357541866,8672747.46557835,416.1474609375,2022-03-29 14:26:23.750000128+00:00,0,2022-05-03,100 MHz,20220329,0.0,146.84182739257812,147.46714782714844,0.3985238562915845,0.38630489501953125,10,2.9529770858966473,0.33870697021484375,2.997336743413864,2.9989360355860026,143.86948890554424,150.43948631418232,0.0,0.0,0.3189578576646839,0.30902581787109373,6.0,0.0,2.961280782923095,0.6774139404296875,0.0,0.0,0.0,0.0,0.0,0.0,certain_cold,269.09718322753906,269.09718322753906,POINT (541520.9357541866 8672747.46557835),dronbreen
dronbreen-20220329-DAT_0247_A1_2,3135.0,3081,146.946044921875,541517.6720371909,8672742.945035918,416.27463785807294,2022-03-29 14:26:25.333333248+00:00,0,2022-05-03,100 MHz,20220329,0.0,146.7376251220703,147.1544952392578,0.39547709220460103,0.46352741546630855,10,2.9509008874024696,0.22582117716471353,2.995608271489718,2.9858354579225135,143.77809623197163,150.1140241293565,0.0,0.0,0.3466978136437183,0.38627096099853514,6.0,0.0,2.9550529923587323,0.5645281473795573,0.0,0.0,0.0,0.0,0.0,0.0,certain_cold,269.32859293619794,269.32859293619794,POINT (541517.6720371909 8672742.945035918),dronbreen
dronbreen-20220329-DAT_0247_A1_2,3140.0,3085,146.84182739257812,541514.9762046264,8672739.263956565,416.3610026041667,2022-03-29 14:26:26.666666752+00:00,0,2022-05-03,100 MHz,20220329,0.0,146.5291748046875,146.946044921875,0.4086854022987888,0.46355003814697265,10,2.948825004776764,0.4516092936197917,3.0190062107830298,3.0110701786794296,143.54596849890166,149.92925122766084,0.0,0.0,0.3529101693055582,0.38628227233886714,6.0,0.0,2.9509008874024696,0.33872350056966144,0.0,0.0,0.0,0.0,0.0,0.0,certain_cold,269.51917521158856,269.51917521158856,POINT (541514.9762046264 8672739.263956565),dronbreen
dronbreen-20220329-DAT_0247_A1_2,3145.0,3091,146.5291748046875,541511.8143546048,8672734.855130576,416.4080123901367,2022-03-29 14:26:28.249999872+00:00,0,2022-05-03,100 MHz,20220329,0.0,146.21652221679688,146.84182739257812,0.4667193766678886,0.5408178039550781,10,2.9425974287314713,0.5644950866699219,3.0446704628787566,3.032385415313959,143.2202688345791,149.8380807747959,0.0,0.0,0.4098613284966376,0.3862935836791992,6.0,0.0,2.948825004776764,0.6773974100748698,0.0,0.0,0.0,0.0,0.0,0.0,certain_cold,269.8788375854492,269.8788375854492,POINT (541511.8143546048 8672734.855130576),dronbreen
dronbreen-20220329-DAT_0247_A1_2,3150.0,3096,146.3207550048828,541509.0333237244,8672731.140418956,416.4418436686198,2022-03-29 14:26:29.666666752+00:00,0,2022-05-03,100 MHz,20220329,0.0,146.0081024169922,146.63340759277344,0.5391847188129438,0.5408064926147461,10,2.9384460754078128,0.4515762329101563,3.021730976553533,3.0214411450846264,143.03516003070064,149.606349979065,0.1042327880859375,0.0,0.8161829198596184,0.4635387268066406,7.0,1.0,2.9384460754078128,0.9032020568847656,0.0,0.0,0.0,0.0,0.0,0.0,certain_cold,270.121088663737,270.121088663737,POINT (541509.0333237244 8672731.140418956),dronbreen
dronbreen-20220329-DAT_0247_A1_2,3155.0,3101,146.11233520507812,541505.8462393344,8672726.823875414,416.5260721842448,2022-03-29 14:26:31.333333248+00:00,0,2022-05-03,100 MHz,20220329,0.1042327880859375,146.0081024169922,146.4249725341797,0.593214193689768,0.38627096099853514,10,2.934294770406076,0.33870697021484375,2.9789282412665288,3.012758087019196,143.0543237842398,149.37875116693206,0.5211029052734375,0.0,0.8337343534246949,0.6180063903808594,9.0,3.0,2.932218680208615,0.5644950866699219,0.6180063903808594,0.8337343534246949,0.5211029052734375,0.0,0.0007133743221586325,0.005706118872540739,certain_cold,270.4137369791667,270.5179697672526,POINT (541505.8462393344 8672726.823875414),dronbreen
dronbreen-20220329-DAT_0247_A1_2,3160.0,3106,146.0081024169922,541503.0894175502,8672723.047891278,416.6761169433594,2022-03-29 14:26:32.750000128+00:00,0,2022-05-03,100 MHz,20220329,0.2084197998046875,145.7996826171875,146.21652221679688,0.6517603850101922,0.38627096099853514,10,2.932218680208615,0.22583770751953128,2.966161545501654,3.0122583983069355,142.85877985464978,149.1574249793346,1.146392822265625,0.0,1.0131101100418594,0.6180516357421875,9.0,3.0,2.928067448080567,0.33870697021484375,0.6180516357421875,1.0131101100418594,1.146392822265625,0.0,0.0014274536573967004,0.006938725271207656,certain_cold,270.6680145263672,270.8764343261719,POINT (541503.0894175502 8672723.047891278),dronbreen
dronbreen-20220329-DAT_0247_A1_2,3165.0,3110,145.90386962890625,541500.9583958953,8672720.097640812,416.7475891113281,2022-03-29 14:26:34+00:00,0,2022-05-03,100 MHz,20220329,0.2084197998046875,145.69544982910156,146.0081024169922,0.7047856402784904,0.46352741546630855,10,2.9301426021740906,0.11291885375976564,2.9687276738526966,3.0158264431748605,142.76313225820138,148.94041998789237,1.6674652099609375,0.0,1.2012679750143467,0.7725419219970703,9.0,3.0,2.9259913944442317,0.22582117716471353,3.0346732716489737,3.171035413270061,4.602157841978425,0.0,0.0014284734211284804,0.008233283860597166,uncertain_cold,270.8437194824219,271.05213928222656,POINT (541500.9583958953 8672720.097640812),dronbreen
dronbreen-20220329-DAT_0247_A1_2,3170.0,3111,145.90386962890625,541497.6522148167,8672713.017039135,416.73341369628906,2022-03-29 14:27:40.500000+00:00,0,2022-05-03,100 MHz,20220329,0.3126373291015625,145.5912322998047,146.0081024169922,0.738236954115381,0.5407612472534179,10,2.9301426021740906,0.05643463134765625,2.980158261438806,3.0222366447901545,142.660546281704,148.93878843509287,1.77166748046875,0.0,1.254702707073671,0.7725419219970703,9.0,3.0,2.9239156569624707,0.16934521993001303,3.0289901937421897,3.1862579079041007,4.700483038427876,0.0,0.0021427624222491717,0.008599516313480222,uncertain_cold,270.8295440673828,271.1421813964844,POINT (541497.6522148167 8672713.017039135),dronbreen
dronbreen-20220329-DAT_0247_A1_2,3180.0,3113,145.7996826171875,541494.2490475373,8672704.94093774,416.7181091308594,2022-03-29 14:28:47.333333248+00:00,0,2022-05-03,100 MHz,20220329,0.312652587890625,145.48703002929688,146.0081024169922,0.7414956586932908,0.54077255859375,10,2.928067448080567,0.2822558085123698,2.990933346311155,3.0336550782528016,142.54538978583608,148.94974266045298,1.980133056640625,0.0,1.3228182598373712,0.7725419219970703,9.0,3.0,2.921840235655983,0.2822640736897786,3.035398555583284,3.219731591072978,4.915575675734743,0.0,0.002144398274936767,0.009072847321009405,uncertain_cold,270.9184265136719,271.2310791015625,POINT (541494.2490475373 8672704.94093774),dronbreen
dronbreen-20220329-DAT_0247_A1_2,3185.0,3118,145.5912322998047,541493.8674681196,8672700.33881941,416.748779296875,2022-03-29 14:28:49+00:00,0,2022-05-03,100 MHz,20220329,0.312652587890625,145.38279724121094,146.11233520507812,0.8304748965428579,0.7725419219970703,9,2.9239156569624707,0.11286926269531254,3.026358085345253,3.041662504828491,142.4567039003396,149.03842854594947,2.5012054443359375,0.0,1.6599510191035929,1.8541549072265624,8.0,3.0,2.9176885182014183,3.161265055338542,4.684484332276214,4.6110671677142205,6.803123974404713,0.0,0.002147468518205848,0.011401449063123424,uncertain_cold,271.1575469970703,271.47019958496094,POINT (541493.8674681196 8672700.33881941),dronbreen
dronbreen-20220329-DAT_0247_A1_2,3190.0,3126,145.90386962890625,541493.5113885419,8672695.11717172,416.8282470703125,2022-03-29 14:28:51.500000+00:00,0,2022-05-03,100 MHz,20220329,3.334930419921875,145.0701446533203,145.90386962890625,0.9098228699917108,0.9270435195922851,8,2.9301426021740906,0.2258211771647136,3.081580854099022,3.076444136969102,142.1313131043656,148.84270117786096,3.960235595703125,0.0,2.1173893034577813,2.703964595031738,8.0,4.0,2.8637250166295702,3.4999554951985683,5.268968966546097,4.993390321378664,8.482470600569712,0.0,0.022857038873636316,0.014512221703531072,uncertain_temperate,270.92437744140625,274.2593078613281,POINT (541493.5113885419 8672695.11717172),dronbreen
dronbreen-20220329-DAT_0247_A1_2,3195.0,3133,145.7996826171875,541493.1712604128,8672690.206174662,416.9181213378906,2022-03-29 14:28:53.666666752+00:00,0,2022-05-03,100 MHz,20220329,3.7518310546875,145.7996826171875,145.90386962890625,0.8721159522108426,0.15446766357421873,9,2.928067448080567,0.1128692626953125,2.9343106021790715,3.0572707902753806,142.8694405707056,148.83411167538816,4.7939910888671875,0.0,2.476545233764059,3.553785594177246,8.0,4.0,2.8533483582291197,1.1290232340494792,4.695282991025576,3.9432938783854086,7.862588539891419,0.0,0.025732779299241202,0.01698594392874291,uncertain_temperate,271.1184387207031,274.8702697753906,POINT (541493.1712604128 8672690.206174662),dronbreen
dronbreen-20220329-DAT_0247_A1_2,3200.0,3139,145.7996826171875,541492.6395605122,8672685.147478925,417.00724138532365,2022-03-29 14:28:55.285714432+00:00,0,2022-05-03,100 MHz,20220329,4.272918701171875,145.7996826171875,146.0081024169922,0.7340544169627132,0.3090371292114258,10,2.928067448080567,0.1128692626953125,2.946493237426766,3.020787039503595,142.8694405707056,148.9383444634741,5.5235137939453125,0.0,2.9131508879039507,3.7082758804321285,8.0,4.0,2.8429720297280183,1.0161043802897136,4.781868680636731,4.195402980543748,8.542612678291391,0.0,0.029306776424135816,0.019980502259066894,uncertain_temperate,271.20755876813615,275.480477469308,POINT (541492.6395605122 8672685.147478925),dronbreen
dronbreen-20220329-DAT_0247_A1_2,3205.0,3144,145.90386962890625,541491.7836898657,8672680.069919333,417.1375950404576,2022-03-29 14:28:56.714285568+00:00,0,2022-05-03,100 MHz,20220329,4.7939605712890625,145.7996826171875,146.0081024169922,0.7203624797804308,0.3090031951904297,10,2.9301426021740906,0.1128692626953125,2.9485518673028,3.0195028136784945,142.86736695554106,148.94041807863863,6.2530059814453125,0.10418701171875,3.23118033732835,4.09458077545166,8.0,4.0,2.834671510722115,0.9032020568847656,5.0612970922441205,4.392227555762317,9.228091951507423,0.0,0.03285698030821309,0.02214595367173314,uncertain_temperate,271.23372541155135,276.0276859828404,POINT (541491.7836898657 8672680.069919333),dronbreen
dronbreen-20220329-DAT_0247_A1_2,3210.0,3149,145.90386962890625,541490.5878896184,8672675.424954131,417.3226826985677,2022-03-29 14:28:58.333333248+00:00,0,2022-05-03,100 MHz,20220329,5.2108306884765625,145.7996826171875,146.11233520507812,0.7365965346419863,0.38630489501953125,10,2.9301426021740906,0.0,2.9554977822680906,3.0213093393299095,142.8695400150134,149.04247780725223,6.774078369140625,0.10418701171875,3.4546612759226965,4.403595281982422,8.0,4.0,2.826370903210919,1.016137440999349,5.330343252457186,4.577727854829058,9.77756097796626,0.0,0.035714136312695856,0.02367765354482596,uncertain_temperate,271.41881306966144,276.629643758138,POINT (541490.5878896184 8672675.424954131),dronbreen
dronbreen-20220329-DAT_0247_A1_2,3215.0,3156,145.90386962890625,541488.8761550002,8672670.471636157,417.55225626627606,2022-03-29 14:29:00.333333248+00:00,0,2022-05-03,100 MHz,20220329,5.73193359375,145.69544982910156,146.21652221679688,0.7532062004835905,0.6180403244018554,10,2.9301426021740906,0.0,2.994613416062631,3.0254016674687145,142.76530722692746,149.14666481897098,7.2951812744140625,0.0,3.7462033647247917,5.021658229064941,8.0,4.0,2.8159951457233685,1.1290232340494792,5.866990156229748,4.820639145760287,10.329076810480046,0.0,0.03928568589941221,0.025675832822343456,uncertain_temperate,271.6483866373698,277.3803202311198,POINT (541488.8761550002 8672670.471636157),dronbreen
dronbreen-20220329-DAT_0247_A1_2,3220.0,3162,145.90386962890625,541487.0635201454,8672665.594962357,417.7355739048549,2022-03-29 14:29:02.142856960+00:00,0,2022-05-03,100 MHz,20220329,6.2530059814453125,145.69544982910156,146.21652221679688,0.760778824879633,0.4635387268066406,10,2.9301426021740906,0.0,2.9665811669875257,3.0272958377834143,142.76530722692746,149.14666481897098,7.6078338623046875,0.0,3.9461198711067955,5.40795181274414,8.0,4.0,2.8056203390681165,1.0161043802897136,6.176561859772738,4.94730589672607,10.591786542666199,0.0,0.042857026323902765,0.0270460261344912,uncertain_temperate,271.83170427594865,278.08471025739397,POINT (541487.0635201454 8672665.594962357),dronbreen
dronbreen-20220329-DAT_0247_A1_2,3225.0,3167,145.90386962890625,541485.4660655663,8672661.371831568,417.85315958658856,2022-03-29 14:29:03.666666752+00:00,0,2022-05-03,100 MHz,20220329,6.6698760986328125,145.69544982910156,146.3207550048828,0.7799662279737564,0.6180290130615234,10,2.9301426021740906,0.22583770751953128,3.003114749755498,3.0405732446354317,142.7566170099005,149.25958782408387,7.9204864501953125,0.0,4.172561506687854,5.794188839721679,8.0,4.0,2.797320500363748,1.0161043802897136,6.513838684198012,5.125206300286111,10.896636663709273,0.0,0.04571418232838553,0.028598018114943766,uncertain_temperate,271.9492899576823,278.6191660563151,POINT (541485.4660655663 8672661.371831568),dronbreen
dronbreen-20220329-DAT_0247_A1_2,3230.0,3173,146.11233520507812,541483.6114049844,8672656.910364864,417.924072265625,2022-03-29 14:29:05.333333248+00:00,0,2022-05-03,100 MHz,20220329,7.3994140625,145.7996826171875,146.3207550048828,0.7645705091822498,0.4635387268066406,10,2.934294770406076,0.4516258239746095,3.0048161068129793,3.0657168408097304,142.83083575611278,149.28960186595754,8.441604614257812,0.312652587890625,4.147789165247368,3.55380821685791,8.0,5.0,2.7869463211125614,1.0161209106445312,4.62916022017155,5.099384910080369,11.408011784861998,0.0,0.05064195334442122,0.028387672809593232,uncertain_temperate,271.8117370605469,279.2111511230469,POINT (541483.6114049844 8672656.910364864),dronbreen
dronbreen-20220329-DAT_0247_A1_2,3235.0,3179,146.3207550048828,541481.7245514321,8672652.190919323,417.9606192452567,2022-03-29 14:29:07.285714432+00:00,0,2022-05-03,100 MHz,20220329,8.02471923828125,146.0081024169922,146.4249725341797,0.7304268215313359,0.3090371292114258,10,2.9384460754078128,0.4515762329101563,2.9889614215376126,3.0613575050655673,143.03516003070064,149.39791492047124,9.06689453125,0.312652587890625,4.370179064522202,3.553796905517578,8.0,5.0,2.7786466856192527,1.129039764404297,4.650277479761319,5.300384254853332,12.06616247411688,0.0,0.05484334220400558,0.029867116694254115,uncertain_temperate,271.63986424037387,279.6645834786551,POINT (541481.7245514321 8672652.190919323),dronbreen
dronbreen-20220329-DAT_0247_A1_2,3240.0,3186,146.5291748046875,541479.7265742716,8672647.051551374,417.99342854817706,2022-03-29 14:29:09.333333248+00:00,0,2022-05-03,100 MHz,20220329,8.858444213867188,146.4249725341797,146.5291748046875,0.6184134297669389,0.1544902862548828,10,2.9425974287314713,0.33870697021484375,2.9660528127119217,3.025894447822874,143.46294585650625,149.49120148236094,9.900619506835938,0.2084197998046875,4.699003993379363,3.5537742828369137,8.0,5.0,2.7661981173741137,1.1290232340494792,4.642828571134267,5.5684094692634485,12.888352006171772,0.0,0.06045515663126361,0.03206872624269389,uncertain_temperate,271.46425374348956,280.32269795735675,POINT (541479.7265742716 8672647.051551374),dronbreen
dronbreen-20220329-DAT_0247_A1_2,3245.0,3191,146.63340759277344,541477.9177969566,8672642.343382526,418.02880859375,2022-03-29 14:29:11+00:00,0,2022-05-03,100 MHz,20220329,9.379547119140625,146.63340759277344,146.84182739257812,0.5843033175354918,0.15450159759521484,10,2.9446735793475263,0.33870697021484375,2.9681131454577274,3.0211314548464245,143.66931837337071,149.80591661198085,10.421707153320312,0.62530517578125,4.871182425560982,3.5537629714965817,8.0,6.0,2.7578993611018854,0.9032185872395834,4.5881416673726925,5.67011736434048,13.323743111454064,0.0,0.06396596296247349,0.03322014065914028,uncertain_temperate,271.39540100097656,280.7749481201172,POINT (541477.9177969566 8672642.343382526),dronbreen
dronbreen-20220329-DAT_0247_A1_2,3250.0,3196,146.84182739257812,541476.2136586346,8672638.3828236,418.1131591796875,2022-03-29 14:29:12.333333248+00:00,0,2022-05-03,100 MHz,20220329,10.004837036132812,146.84182739257812,147.05027770996094,0.5640196667185693,0.2317693634033203,10,2.948825004776764,0.4516092936197917,2.992195999712056,3.0360563313821727,143.85862108679228,150.03348401574678,11.0469970703125,1.5632476806640625,5.02400712240754,3.5537742828369137,8.0,6.0,2.7496008386534876,0.9032020568847656,4.583163795986114,5.797993298848018,13.941142665731775,0.0,0.06813342774184579,0.03421373331847728,certain_temperate,271.2713317871094,281.2761688232422,POINT (541476.2136586346 8672638.3828236),dronbreen
dronbreen-20220329-DAT_0247_A1_2,3255.0,3201,147.05027770996094,541474.0475956177,8672633.663640186,418.2991638183594,2022-03-29 14:29:14+00:00,0,2022-05-03,100 MHz,20220329,10.630142211914062,147.05027770996094,147.36293029785156,0.5251262564640046,0.3090371292114258,10,2.9529770858966473,0.5645281473795573,3.0222954266990003,3.0519703937362093,144.04382370249394,150.36938430531856,11.463882446289062,2.397003173828125,5.206515607381969,3.4765404510498046,8.0,6.0,2.7413028558921004,0.7902997334798177,4.497293466546967,5.936928480820069,14.31683092399777,0.0,0.0722891678782188,0.03540636364965728,certain_temperate,271.24888610839844,281.8790283203125,POINT (541474.0475956177 8672633.663640186),dronbreen
dronbreen-20220329-DAT_0247_A1_2,3260.0,3206,147.36293029785156,541472.0827974805,8672629.043716317,418.54864501953125,2022-03-29 14:29:15.500000+00:00,0,2022-05-03,100 MHz,20220329,11.255447387695312,147.1544952392578,147.57135009765625,0.47682285640444777,0.38628227233886714,10,2.9592048408969234,0.5644950866699219,3.037229327394549,3.050066889373406,144.14193022033086,150.5839151165832,12.089187622070312,3.439178466796875,5.376387907073062,3.6310307373046875,8.0,6.0,2.735079297142112,0.6774139404296875,4.596077961000584,6.070016090231173,14.906908049711035,0.6214580391561526,0.07637909591608744,0.036483991572414096,certain_temperate,271.1857147216797,282.441162109375,POINT (541472.0827974805 8672629.043716317),dronbreen
dronbreen-20220329-DAT_0247_A1_2,3265.0,3211,147.57135009765625,541470.271098901,8672624.428517152,418.9440002441406,2022-03-29 14:29:17+00:00,0,2022-05-03,100 MHz,20220329,11.776519775390625,147.36293029785156,147.77980041503906,0.437216420906304,0.38627096099853514,10,2.963356432806896,0.5644950866699219,3.041272974601791,3.048162438165429,144.34628712194686,150.79644359094377,12.610260009765625,4.377105712890625,5.590589199726974,3.6310533599853514,8.0,6.0,2.728855873237201,0.7903162638346355,4.610401574358097,6.271039927626565,15.451255288498544,1.536110434157706,0.07980220935566043,0.03788397406425683,certain_temperate,271.3726501464844,283.149169921875,POINT (541470.271098901 8672624.428517152),dronbreen
dronbreen-20220329-DAT_0247_A1_2,3270.0,3217,147.88400268554688,541468.2530825668,8672619.580985961,419.4232395717076,2022-03-29 14:29:18.714285568+00:00,0,2022-05-03,100 MHz,20220329,12.50604248046875,147.6755828857422,148.0924530029297,0.38307646331772377,0.38627096099853514,10,2.9695843648765954,0.5645281473795573,3.0473477951513934,3.046944519687115,144.65281539066365,151.11522049800823,13.33978271484375,5.52349853515625,5.896463299627724,3.7855549575805663,8.0,6.0,2.720558186055775,0.7903162638346355,4.728262151939064,6.541736473173869,16.172808772012417,2.6904724779875835,0.08456656739986253,0.03987221871567588,certain_temperate,271.5392368861607,284.0452793666295,POINT (541468.2530825668 8672619.580985961),dronbreen
dronbreen-20220329-DAT_0247_A1_2,3275.0,3223,148.0924530029297,541466.2600698818,8672614.720935654,419.78851318359375,2022-03-29 14:29:20.500000+00:00,0,2022-05-03,100 MHz,20220329,13.027145385742188,147.88400268554688,148.4051055908203,0.34054844098467085,0.3862935836791992,10,2.973736682117295,0.5645281473795573,3.051397158113885,3.045944044858812,144.85715583052533,151.43195244584186,13.860885620117188,6.5656890869140625,6.169088722212293,3.940056555175781,8.0,6.0,2.714335080400022,0.6774139404296875,4.8322407052383385,6.77378477942026,16.658474684897556,3.7681000221336944,0.0879663016013684,0.04165700950399039,certain_temperate,271.69606018066406,284.72320556640625,POINT (541466.2600698818 8672614.720935654),dronbreen
dronbreen-20220329-DAT_0247_A1_2,3280.0,3228,148.4051055908203,541464.5708381882,8672610.481711382,420.0103759765625,2022-03-29 14:29:22+00:00,0,2022-05-03,100 MHz,20220329,13.652450561523438,148.1966552734375,148.5093231201172,0.31148849233258297,0.38628227233886714,10,2.9799647894176555,0.5644950866699219,3.057459540691712,3.0489129095300704,145.1636955227907,151.54228287076398,14.486175537109375,7.503631591796875,6.424478895885834,3.940045243835449,8.0,6.0,2.708112112704693,0.6774139404296875,4.828738695056577,7.00476194780014,17.27772723135871,4.7120798975475395,0.09199448029211145,0.043290147399640565,certain_temperate,271.6052703857422,285.2577209472656,POINT (541464.5708381882 8672610.481711382),dronbreen
dronbreen-20220329-DAT_0247_A1_2,3285.0,3233,148.613525390625,541462.7689771628,8672605.9598751,420.16265869140625,2022-03-29 14:29:23.666666752+00:00,0,2022-05-03,100 MHz,20220329,14.17352294921875,148.4051055908203,148.71774291992188,0.3075915975876461,0.46352741546630855,10,2.9841166149485474,0.5644950866699219,3.072208381502683,3.0525758410550554,145.36806646125902,151.75478204948317,15.215682983398438,8.44158935546875,6.715315746341823,4.249071061706543,8.0,6.0,2.701889283923035,0.7902997334798177,5.096997572958846,7.281500185015643,18.030781449050465,5.626490889816722,0.09537168916465835,0.04518643729560194,certain_temperate,271.54913330078125,285.72265625,POINT (541462.7689771628 8672605.9598751),dronbreen
dronbreen-20220329-DAT_0247_A1_2,3290.0,3239,148.92617797851562,541460.8863140037,8672601.365764465,420.2968635559082,2022-03-29 14:29:25.249999872+00:00,0,2022-05-03,100 MHz,20220329,14.903030395507812,148.82196044921875,149.0303955078125,0.3275396031140366,0.2317693634033203,10,2.990344895645886,0.5645116170247396,3.0519752617745235,3.0607381711409736,145.77879828451717,152.07355767251408,16.362075805664062,9.587966918945312,7.081284570910954,4.63535333404541,8.0,6.0,2.6935927003210187,0.9032020568847656,5.436700849065493,7.629928359100437,19.203064293987012,6.746978430622363,0.10006991784653033,0.04754895792687645,certain_temperate,271.3706855773926,286.2737159729004,POINT (541460.8863140037 8672601.365764465),dronbreen
dronbreen-20220329-DAT_0247_A1_2,3295.0,3245,149.13461303710938,541458.5814157876,8672595.96773528,420.4945983886719,2022-03-29 14:29:27+00:00,0,2022-05-03,100 MHz,20220329,15.528335571289062,149.13461303710938,149.23883056640625,0.34108139872219756,0.2317693634033203,10,2.994497140137446,0.4516092936197917,3.0372160137513253,3.047507275943636,146.10625307231405,152.26719053120158,17.40423583984375,10.630142211914062,7.442155118946536,5.021635606384277,8.0,6.0,2.6852960639954593,0.7903162638346355,5.749107662193971,7.951168943158809,20.20341692512406,7.830961126633753,0.10412294808734392,0.04990226592866603,certain_temperate,271.3599853515625,286.88832092285156,POINT (541458.5814157876 8672595.96773528),dronbreen
dronbreen-20220329-DAT_0247_A1_2,3300.0,3249,149.34304809570312,541456.8682323693,8672592.193020888,420.67752838134766,2022-03-29 14:29:28.249999872+00:00,0,2022-05-03,100 MHz,20220329,16.049423217773438,149.34304809570312,149.447265625,0.3176308355632507,0.15451290893554687,10,2.9986494302946114,0.5645116170247396,3.055232562439365,3.0678104764249525,146.2917251413828,152.4985885793203,18.133773803710938,11.359664916992188,7.679401535961077,5.021646917724609,8.0,6.0,2.6790737528555075,0.9032185872395834,5.76282723633699,8.183302996962517,20.961005663600446,8.53243305710268,0.10746682502079727,0.05142121869000495,certain_temperate,271.33448028564453,287.38390350341797,POINT (541456.8682323693 8672592.193020888),dronbreen
dronbreen-20220329-DAT_0247_A1_2,3305.0,3255,149.65570068359375,541454.7166710917,8672587.102131577,421.0049743652344,2022-03-29 14:29:30+00:00,0,2022-05-03,100 MHz,20220329,16.883163452148438,149.55148315429688,149.65570068359375,0.31933599396542295,0.07725645446777343,10,3.004877950739258,0.5645116170247396,3.0584200863111954,3.0740755263390542,146.49403898234624,152.71314485554439,19.2801513671875,12.506057739257812,8.034362541700935,5.021635606384277,8.0,6.0,2.6687035536286556,0.9032185872395834,5.758003702394752,8.514033352352596,22.097558415074843,9.68865069137047,0.11281336678141846,0.053685643146246784,certain_temperate,271.3492736816406,288.23243713378906,POINT (541454.7166710917 8672587.102131577),dronbreen
dronbreen-20220329-DAT_0247_A1_2,3310.0,3259,149.8641357421875,541453.0742718709,8672583.20554214,421.2733662923177,2022-03-29 14:29:31.333333248+00:00,0,2022-05-03,100 MHz,20220329,17.404251098632812,149.8641357421875,149.8641357421875,0.319146981818668,0.0,10,3.009030354233922,0.4516092936197917,3.0427314417780758,3.059423053908833,146.82140430040943,152.90686718396557,20.009689331054688,13.339797973632812,8.304350560915378,4.944390463256836,8.0,6.0,2.6624816273382104,0.7903162638346355,5.671014482959836,8.756463124536676,22.78699165755698,10.562495647130504,0.11613352996325611,0.055412527619025674,certain_temperate,271.4092305501302,288.813481648763,POINT (541453.0742718709 8672583.20554214),dronbreen
dronbreen-20220329-DAT_0247_A1_2,3315.0,3265,150.07257080078125,541450.8958824807,8672578.051800545,421.6080017089844,2022-03-29 14:29:33+00:00,0,2022-05-03,100 MHz,20220329,18.029556274414062,150.07257080078125,150.17678833007812,0.3238391915008868,0.15451290893554687,10,3.0131828027357055,0.4516092936197917,3.050753316119429,3.0639995722483246,147.02573284040562,153.22362629045375,18.863296508789062,11.776535034179688,8.122044783868077,5.2534162811279295,9.0,7.0,2.6541859531849243,0.7902997334798177,5.938658044174832,8.581193868802934,21.63264241402055,9.007189128948198,0.12013891797954196,0.05412078130286681,certain_temperate,271.5354309082031,289.5649871826172,POINT (541450.8958824807 8672578.051800545),dronbreen
dronbreen-20220329-DAT_0247_A1_2,3320.0,3269,150.281005859375,541449.0243957503,8672573.71393323,422.01024373372394,2022-03-29 14:29:34.333333248+00:00,0,2022-05-03,100 MHz,20220329,18.550628662109375,150.17678833007812,150.38522338867188,0.31914698181866624,0.07725645446777343,10,3.0173352960587927,0.33870697021484375,3.037269046408509,3.05301318315501,147.14050199632857,153.42150972242143,19.384384155273438,12.50604248046875,8.337764795768429,5.2534162811279295,9.0,7.0,2.647964673218574,0.6773974100748698,5.921905671708196,8.774332222530957,22.117621093738478,9.77280554200371,0.12343960939061101,0.055481161761523394,certain_temperate,271.72923787434894,290.2798665364583,POINT (541449.0243957503 8672573.71393323),dronbreen
dronbreen-20220329-DAT_0247_A1_2,3325.0,3273,150.38522338867188,541447.1165274711,8672569.312916787,422.44737752278644,2022-03-29 14:29:35.666666752+00:00,0,2022-05-03,100 MHz,20220329,18.967498779296875,150.281005859375,150.48944091796875,0.3036450443699242,0.15451290893554687,10,3.0194115594705364,0.33870697021484375,3.042275927026367,3.0534847126040816,147.2426562124225,153.52779056492125,19.801254272460938,13.131362915039062,8.543735094452066,5.407929190063476,9.0,7.0,2.6417432382050703,0.9032351175944011,6.086077483814891,8.988328564223151,22.593142704017254,10.339474483482746,0.12612608042131385,0.05681233103847384,certain_temperate,272.06215413411456,291.02965291341144,POINT (541447.1165274711 8672569.312916787),dronbreen
dronbreen-20220329-DAT_0247_A1_2,3330.0,3279,150.59365844726562,541444.7268982319,8672563.966581767,422.88880411783856,2022-03-29 14:29:37.333333248+00:00,0,2022-05-03,100 MHz,20220329,19.697036743164062,150.48944091796875,150.6978759765625,0.29802513700178,0.15451290893554687,10,3.0235641196794023,0.4516092936197917,3.0610072164116455,3.0715972916678673,147.43233592469548,153.75498096983577,20.53076171875,14.069320678710938,8.906865709398936,5.562442098999023,9.0,7.0,2.6313742093093997,0.9032351175944011,6.219383089325749,9.331249684385316,23.31284078072406,11.287241616736878,0.13079592425242464,0.05914502510421388,certain_temperate,272.29514567057294,291.992182413737,POINT (541444.7268982319 8672563.966581767),dronbreen
dronbreen-20220329-DAT_0247_A1_2,3335.0,3283,150.80209350585938,541442.8368806789,8672559.814248534,423.13746134440106,2022-03-29 14:29:38.666666752+00:00,0,2022-05-03,100 MHz,20220329,20.218124389648438,150.6978759765625,150.80209350585938,0.325136745895374,0.15451290893554687,10,3.0277167242494767,0.33869043986002606,3.050517007882481,3.0639017085872697,147.65127462811657,153.8486948543053,21.051849365234375,14.798828125,9.146047688647979,5.098903372192383,9.0,7.0,2.6251531757323066,1.2419090270996094,5.867928324937496,9.59603853424276,23.95594427202529,11.894733218209097,0.13407058164522676,0.06064934163724068,certain_temperate,272.3353678385417,292.5534922281901,POINT (541442.8368806789 8672559.814248534),dronbreen
dronbreen-20220329-DAT_0247_A1_2,3340.0,3288,150.9062957763672,541440.7902438873,8672555.355796048,423.3543483189174,2022-03-29 14:29:40.142856960+00:00,0,2022-05-03,100 MHz,20220329,21.156051635742188,150.80209350585938,151.01051330566406,0.3116805898317028,0.15451290893554687,9,3.0297927391123256,0.33869043986002606,3.0525775166337827,3.064555440207957,147.75342900217413,154.0591778093493,23.657272338867188,17.716888427734375,7.996808423796798,4.4036065933227535,8.0,7.0,2.6085648049877386,1.9193229675292969,5.46627496786082,8.627708615989162,26.895853972160722,14.47830679444084,0.14019330026557678,0.05299188070753205,certain_temperate,272.4480525425502,293.6041041782924,POINT (541440.7902438873 8672555.355796048),dronbreen
dronbreen-20220329-DAT_0247_A1_2,3345.0,3294,151.11473083496094,541438.6163478331,8672550.363940747,423.5990295410156,2022-03-29 14:29:41.750000128+00:00,0,2022-05-03,100 MHz,20220329,22.302444458007812,151.01051330566406,151.3231658935547,0.3038399200697075,0.2317693634033203,10,3.0339454098795318,0.33870697021484375,3.0615787103410517,3.06787644125854,147.95771996811217,154.37595923110658,24.38677978515625,18.342193603515625,8.313215871910982,4.480851736450195,8.0,7.0,2.5899038686142917,1.6935348510742188,5.445520601789601,8.87046901090686,27.481236496837028,15.247736891834847,0.14758617068487714,0.05501261078901839,certain_temperate,272.4842987060547,294.7867431640625,POINT (541438.6163478331 8672550.363940747),dronbreen
dronbreen-20220329-DAT_0247_A1_2,3350.0,3298,151.2189483642578,541436.9733549724,8672546.172705494,423.825439453125,2022-03-29 14:29:43+00:00,0,2022-05-03,100 MHz,20220329,23.031967163085938,151.2189483642578,151.42738342285156,0.2681862207295774,0.15451290893554687,10,3.0360217617396668,0.33870697021484375,3.0587619698918505,3.066606332481912,148.16409148554337,154.482240301566,23.344619750976562,17.091598510742188,9.967102166266175,4.789877554321289,9.0,8.0,2.577464036565367,1.5806242624918623,5.664328813227272,10.415604615755806,26.368143178860947,14.068075082857803,0.15230873784154542,0.0659117278230061,certain_temperate,272.6064910888672,295.6384582519531,POINT (541436.9733549724 8672546.172705494),dronbreen
dronbreen-20220329-DAT_0247_A1_2,3355.0,3303,151.42738342285156,541434.9785972247,8672541.272778843,424.1158142089844,2022-03-29 14:29:44.500000+00:00,0,2022-05-03,100 MHz,20220329,24.074134826660156,151.3231658935547,151.53160095214844,0.24954241235991206,0.2317693634033203,10,3.040174498300471,0.4516092936197917,3.0822603673299027,3.083647734383208,148.24963178211223,154.6051350635909,24.38677978515625,18.029541015625,9.543750199765139,5.098880749511719,9.0,8.0,2.560878749804709,1.806420644124349,5.984967870628977,10.045119381582138,27.52066802737548,14.895652773405772,0.15898138290770455,0.06302525992352921,certain_temperate,272.6884307861328,296.76256561279297,POINT (541434.9785972247 8672541.272778843),dronbreen
dronbreen-20220329-DAT_0247_A1_2,3360.0,3308,151.6358184814453,541433.0680867729,8672537.013491012,424.38790457589283,2022-03-29 14:29:45.857143040+00:00,0,2022-05-03,100 MHz,20220329,25.116302490234375,151.42738342285156,151.7400360107422,0.26089098372027847,0.30902581787109373,10,3.0443272784993294,0.33870697021484375,3.078660089454201,3.0742015379076544,148.36427209769747,154.80314733589628,25.428955078125,18.86328125,9.270891975587304,5.2534162811279295,9.0,8.0,2.5442946312603247,1.806428909301758,6.110237572946019,9.781925096729697,28.549310919214477,15.742925408910509,0.16563568384937818,0.06113919566254541,certain_temperate,272.7520860944475,297.8683885846819,POINT (541433.0680867729 8672537.013491012),dronbreen
dronbreen-20220329-DAT_0247_A1_2,3365.0,3313,151.7400360107422,541430.9406042686,8672532.215821499,424.71657307942706,2022-03-29 14:29:47.333333248+00:00,0,2022-05-03,100 MHz,20220329,26.05426025390625,151.6358184814453,151.94847106933594,0.2495424123599141,0.2317693634033203,10,3.04640368490726,0.22580464680989584,3.063540466151843,3.0649363069244813,148.58105774614418,155.00323180463707,26.366912841796875,19.592803955078125,9.121242075470303,5.407929190063476,9.0,8.0,2.5277115521829345,1.6935348510742188,6.2050853424898715,9.615323342570017,29.409508112752576,16.550208684122424,0.17170326921539533,0.0601109787190546,certain_temperate,272.9765370686849,299.0307973225911,POINT (541430.9406042686 8672532.215821499),dronbreen
dronbreen-20220329-DAT_0247_A1_2,3370.0,3317,151.84425354003906,541429.0147266824,8672527.566153208,425.07761637369794,2022-03-29 14:29:48.666666752+00:00,0,2022-05-03,100 MHz,20220329,26.88800048828125,151.7400360107422,152.0526885986328,0.2458885926545054,0.2317693634033203,10,3.048480102157904,0.33870697021484375,3.0759828319964924,3.0770788980658907,148.67279729409088,155.11992731528412,27.09644317626953,20.218093872070312,9.083057211191724,5.562453410339355,9.0,8.0,2.5132023537100974,1.69352658589681,6.334438121098761,9.5752883334976,30.126990712249338,17.18754633609052,0.17707618076696782,0.05981824797075154,certain_temperate,273.2333628336589,300.1213633219401,POINT (541429.0147266824 8672527.566153208),dronbreen
dronbreen-20220329-DAT_0247_A1_2,3375.0,3322,152.0526885986328,541426.9593231453,8672522.974529421,425.4615173339844,2022-03-29 14:29:50+00:00,0,2022-05-03,100 MHz,20220329,27.93016815185547,151.84425354003906,152.1569061279297,0.26479366123675485,0.30902581787109373,10,3.052632969098827,0.33870697021484375,3.086873403917326,3.0827595006312776,148.77288732030863,155.22827234766012,28.034378051757812,21.260284423828125,9.19194899379411,5.098880749511719,9.0,8.0,2.4966217240151267,1.3548113505045574,5.836713006994727,9.620839887078093,30.87491212623752,18.41975034934842,0.18368743367361018,0.06045239369661998,certain_temperate,273.40882873535156,301.33899688720703,POINT (541426.9593231453 8672522.974529421),dronbreen
dronbreen-20220329-DAT_0247_A1_2,3380.0,3326,152.1569061279297,541424.8627570617,8672518.474689523,425.8143361409505,2022-03-29 14:29:51.333333248+00:00,0,2022-05-03,100 MHz,20220329,28.451248168945312,151.94847106933594,152.26112365722656,0.306020400341948,0.30902581787109373,10,3.0547094187450043,0.11290232340494792,3.0723758760461872,3.072075040265964,148.8916759228468,155.3179188037157,28.97234344482422,24.907882690429688,9.419752644431522,4.944401774597168,9.0,8.0,2.4883319562361637,0.7903079986572266,5.591376535863714,9.774871996064313,31.583163748324196,22.297062386929724,0.1869862426423433,0.0619081505016383,certain_temperate,273.6574300130208,302.1086781819661,POINT (541424.8627570617 8672518.474689523),dronbreen
dronbreen-20220329-DAT_0247_A1_2,3385.0,3330,152.1569061279297,541422.801596203,8672514.068990871,426.1351572672526,2022-03-29 14:29:52.666666752+00:00,0,2022-05-03,100 MHz,20220329,28.763900756835938,152.0526885986328,152.26112365722656,0.31149246297011624,0.2317693634033203,10,3.0547094187450043,0.11290232340494792,3.065569050830866,3.072624956301512,148.99589345214366,155.3179188037157,29.59764862060547,25.63739013671875,9.69400737914204,2.6267081405639647,9.0,8.0,2.4821147253510074,2.1451441446940107,4.202634003458344,10.234076215183254,32.87827918671914,22.356759570605078,0.18904104643565753,0.06371059734213814,certain_temperate,273.97825113932294,302.7421518961589,POINT (541422.801596203 8672514.068990871),dronbreen
dronbreen-20220329-DAT_0247_A1_2,3390.0,3335,152.26112365722656,541420.8198491614,8672509.572693823,426.4336853027344,2022-03-29 14:29:54+00:00,0,2022-05-03,100 MHz,20220329,30.535598754882812,152.1569061279297,152.4695587158203,0.3501598699538532,0.30902581787109373,10,3.056785879145691,0.11290232340494792,3.074440404640433,3.0788469887444605,149.09803593689924,155.52842890685076,30.744033813476562,26.47113800048828,10.213935330708901,4.326338827514649,9.0,8.0,2.4489592412084864,2.5967451731363935,5.608715941262173,10.81965626991963,34.31341567302978,22.90175614093505,0.20054757262678025,0.06708170204827023,certain_temperate,274.1725616455078,304.7081604003906,POINT (541420.8198491614 8672509.572693823),dronbreen
dronbreen-20220329-DAT_0247_A1_2,3395.0,3339,152.26112365722656,541418.8754123683,8672505.108565502,426.7194112141927,2022-03-29 14:29:55.333333248+00:00,0,2022-05-03,100 MHz,20220329,31.265113830566406,152.1569061279297,152.5737762451172,0.3339300511147749,0.30902581787109373,10,3.056785879145691,0.11290232340494792,3.074440404640433,3.0770434063581633,149.09803593689924,155.63264643614764,31.473556518554688,27.096435546875,10.476722318315558,4.171814607238769,9.0,8.0,2.43445553617011,1.4677219390869143,5.048249059350887,10.855528176148669,34.31622805217695,24.25376401325275,0.20533878300380265,0.06880759885826782,certain_temperate,274.4582875569661,305.72340138753253,POINT (541418.8754123683 8672505.108565502),dronbreen
dronbreen-20220329-DAT_0247_A1_2,3400.0,3343,152.36534118652344,541417.0438990124,8672500.709949316,427.0082499186198,2022-03-29 14:29:56.666666752+00:00,0,2022-05-03,100 MHz,20220329,31.99463653564453,152.1569061279297,152.4695587158203,0.3410813987221988,0.30902581787109373,10,3.0588623502789853,0.11290232340494792,3.076504959966002,3.0798899871811667,149.09596087971232,155.53050396403768,32.4114990234375,27.72173309326172,10.706115229456694,4.017313009643554,9.0,8.0,2.4220244869240375,1.806428909301758,5.026747640082217,11.12431082476687,35.432986739715815,24.700245376983403,0.20998631504048654,0.07026607984522165,certain_temperate,274.6429087320964,306.6375452677409,POINT (541417.0438990124 8672500.709949316),dronbreen
dronbreen-20220329-DAT_0247_A1_2,3405.0,3349,152.36534118652344,541414.4332657881,8672495.48093327,427.37376912434894,2022-03-29 14:29:58.333333248+00:00,0,2022-05-03,100 MHz,20220329,33.03680419921875,152.26112365722656,152.4695587158203,0.3756010294551473,0.15451290893554687,10,3.0588623502789853,0.0,3.062762334393905,3.081836305075603,149.20226130694758,155.5284210660993,33.557891845703125,28.659683227539062,11.087993714196227,3.708298503112793,9.0,8.0,2.401307955221949,1.806420644124349,4.772935493752186,11.487951951735605,36.56279374748475,25.65478132575744,0.2168262410726044,0.07277241417142541,certain_temperate,275.0084279378255,308.04523213704425,POINT (541414.4332657881 8672495.48093327),dronbreen
dronbreen-20220329-DAT_0247_A1_2,3410.0,3353,152.36534118652344,541412.0912972541,8672491.066604933,427.6232198079427,2022-03-29 14:29:59.666666752+00:00,0,2022-05-03,100 MHz,20220329,33.66210174560547,152.26112365722656,152.4695587158203,0.39547771763214323,0.15451290893554687,10,3.0588623502789853,0.11290232340494792,3.0648425818648892,3.0863876032877084,149.2001784090092,155.53050396403768,33.66210174560547,29.284996032714844,11.277372975544544,4.171825918579101,9.0,8.0,2.38887915590286,0.7903162638346355,4.871906702033307,11.554673714472907,36.17831783695945,26.76877994136086,0.2209301766626625,0.07401534291016319,certain_temperate,275.25787862141925,308.9199803670247,POINT (541412.0912972541 8672491.066604933),dronbreen
dronbreen-20220329-DAT_0247_A1_2,3415.0,3358,152.4695587158203,541409.8807371038,8672486.532264737,427.77349853515625,2022-03-29 14:30:01+00:00,0,2022-05-03,100 MHz,20220329,33.87054443359375,152.26112365722656,152.5737762451172,0.44811859890620204,0.30902581787109373,10,3.060938832123045,0.22580464680989584,3.084774096855494,3.1017969874260616,149.191867351129,155.64303255121476,34.600067138671875,30.11872100830078,11.571509456582305,3.8628001007080077,9.0,8.0,2.3868075907970274,0.6774304707845054,4.590967995560786,11.834508592333158,37.08114805598062,27.637640090992036,0.222146274435825,0.07589390009418083,certain_temperate,275.30393981933594,309.1744842529297,POINT (541409.8807371038 8672486.532264737),dronbreen
dronbreen-20220329-DAT_0247_A1_2,3420.0,3363,152.5737762451172,541407.7907288213,8672481.815547626,427.92091878255206,2022-03-29 14:30:02.333333248+00:00,0,2022-05-03,100 MHz,20220329,34.49585723876953,152.1569061279297,152.5737762451172,0.48136014875062433,0.2317693634033203,10,3.063015324656087,0.11290232340494792,3.0738456128310427,3.1026629540627666,149.0918107275044,155.63887164554248,35.53801727294922,30.95246124267578,11.866810185134439,3.24474846496582,9.0,8.0,2.376450711196813,1.5806242624918623,4.321375202736258,12.205206881160853,38.3921180143257,28.098360501299297,0.22609296359913292,0.07777752165004968,certain_temperate,275.3471425374349,309.8429997762044,POINT (541407.7907288213 8672481.815547626),dronbreen
dronbreen-20220329-DAT_0247_A1_2,3425.0,3367,152.5737762451172,541405.733265536,8672477.285929516,428.18979899088544,2022-03-29 14:30:03.666666752+00:00,0,2022-05-03,100 MHz,20220329,35.433799743652344,152.0526885986328,152.67799377441406,0.5493810104456458,0.15451290893554687,10,3.063015324656087,0.11290232340494792,3.0689874637632513,3.11394112152856,148.98759319820752,155.74308917483935,36.16332244873047,31.57776641845703,12.07863037885989,3.5537742828369137,9.0,8.0,2.357810348163205,1.919314702351888,4.67678845126895,12.455374357829902,39.203559045538285,28.537529821649215,0.2322404322399822,0.07916583489062355,certain_temperate,275.61602274576825,311.0498224894206,POINT (541405.733265536 8672477.285929516),dronbreen
dronbreen-20220329-DAT_0247_A1_2,3430.0,3371,152.67799377441406,541403.7523547988,8672472.758671327,428.4886169433594,2022-03-29 14:30:05+00:00,0,2022-05-03,100 MHz,20220329,36.37174987792969,152.0526885986328,152.67799377441406,0.577545421267135,0.30902581787109373,10,3.0650918278563872,0.11290232340494792,3.0826987857935686,3.121072501793074,148.98551810323772,155.74516426980915,37.10127258300781,32.20307922363281,12.355669767417666,3.8628001007080077,9.0,8.0,2.34124260761746,2.1451441446940107,5.000428478367449,12.757179772611082,40.27665607941236,29.027695727228263,0.2382252280028643,0.08092633038965333,certain_temperate,275.8106231689453,312.182373046875,POINT (541403.7523547988 8672472.758671327),dronbreen
dronbreen-20220329-DAT_0247_A1_2,3435.0,3376,152.67799377441406,541401.7401812227,8672468.416548595,428.8132629394531,2022-03-29 14:30:06.333333248+00:00,0,2022-05-03,100 MHz,20220329,37.518150329589844,152.0526885986328,152.78221130371094,0.6017992865624837,0.5408064926147461,10,3.0650918278563872,0.0,3.1124362765599347,3.123611738756775,148.98759677077643,155.84730313156732,37.62236785888672,33.03680419921875,12.685881297133735,4.480851736450195,9.0,8.0,2.3184641073121166,1.6935348510742188,5.321782445078554,13.006725967501009,40.49348891323075,30.16568314487472,0.24573384416502056,0.08308912753908382,certain_temperate,276.13526916503906,313.6534194946289,POINT (541401.7401812227 8672468.416548595),dronbreen
dronbreen-20220329-DAT_0247_A1_2,3440.0,3380,152.67799377441406,541400.044812467,8672464.363324642,429.1020202636719,2022-03-29 14:30:07.500000+00:00,0,2022-05-03,100 MHz,20220329,37.93501281738281,152.1569061279297,152.8864288330078,0.5985788420662407,0.540783869934082,10,3.0650918278563872,0.11290232340494792,3.1144794174633947,3.1250330363040333,149.0897356325346,155.9535993284029,38.456092834472656,33.557891845703125,12.939586143749544,4.944390463256836,9.0,8.0,2.310181956375353,1.0161043802897136,5.55125263668943,13.183409966875846,40.97986160026841,31.034123079907374,0.2484641819005877,0.0847508263886945,certain_temperate,276.4240264892578,314.3590393066406,POINT (541400.044812467 8672464.363324642),dronbreen
dronbreen-20220329-DAT_0247_A1_2,3445.0,3385,152.78221130371094,541397.9626617323,8672459.18162967,429.4791259765625,2022-03-29 14:30:09+00:00,0,2022-05-03,100 MHz,20220329,38.56031036376953,152.36534118652344,152.9906463623047,0.5627305127781108,0.4635387268066406,10,3.0671683417022795,0.22580464680989584,3.1102053832683096,3.126527627396433,149.28987221824207,156.06611533058606,39.70671081542969,34.495849609375,13.313036018851236,5.871479228210449,9.0,8.0,2.299829789730865,1.1290232340494792,6.406104811198754,13.557316790721806,42.26872379837046,31.93383662643423,0.25238743460203433,0.08713734344626464,certain_temperate,276.69691467285156,315.2572250366211,POINT (541397.9626617323 8672459.18162967),dronbreen
dronbreen-20220329-DAT_0247_A1_2,3450.0,3390,152.8864288330078,541395.9222257752,8672454.333534637,429.84727696010043,2022-03-29 14:30:10.428571392+00:00,0,2022-05-03,100 MHz,20220329,39.18562316894531,152.4695587158203,153.09486389160156,0.5725117457214833,0.30902581787109373,10,3.0692448661721574,0.11290232340494792,3.0868281356864165,3.124224812996568,149.39823799288135,156.16618461454053,40.85308837890625,35.32958221435547,13.678367395664164,6.489508241271972,9.0,8.0,2.2894779499839615,1.241933822631836,6.992698057030386,13.924146060496067,43.457720580054755,32.724950013206964,0.25630543840975134,0.08946750538992927,certain_temperate,276.9608481270926,316.14647129603793,POINT (541395.9222257752 8672454.333534637),dronbreen
dronbreen-20220329-DAT_0247_A1_2,3455.0,3394,152.8864288330078,541394.1793623981,8672450.132639354,430.1286112467448,2022-03-29 14:30:11.666666752+00:00,0,2022-05-03,100 MHz,20220329,39.81092834472656,152.5737762451172,153.09486389160156,0.5605831095761706,0.30902581787109373,10,3.0692448661721574,0.0,3.084762714478221,3.1200188254666403,149.50453137894502,156.16410875777373,41.791046142578125,35.95487976074219,13.96616633204369,7.107571188354492,9.0,8.0,2.27705676790679,1.4677054087320964,7.60636016032757,14.226487574429687,44.50013209379702,33.24579380952329,0.26039543632882267,0.09134994151311113,certain_temperate,277.242182413737,317.05311075846356,POINT (541394.1793623981 8672450.132639354),dronbreen
dronbreen-20220329-DAT_0247_A1_2,3460.0,3398,152.8864288330078,541392.358537957,8672445.796422163,430.3586120605469,2022-03-29 14:30:13+00:00,0,2022-05-03,100 MHz,20220329,40.540428161621094,152.67799377441406,153.09486389160156,0.565408047765466,0.38628227233886714,10,3.0692448661721574,0.11290232340494792,3.095516915973431,3.1229308739759736,149.6066730514751,156.16618461454053,42.72898864746094,36.475975036621094,14.300872333426602,7.416563072204589,9.0,8.0,2.2625670259115176,1.6935183207194013,7.93678912743328,14.577453939091036,45.55515457488883,33.6498091091932,0.2651669508606412,0.09353918750399301,certain_temperate,277.47218322753906,318.01261138916016,POINT (541392.358537957 8672445.796422163),dronbreen
dronbreen-20220329-DAT_0247_A1_2,3465.0,3403,152.9906463623047,541390.4371542006,8672440.991878469,430.5523986816406,2022-03-29 14:30:14.500000+00:00,0,2022-05-03,100 MHz,20220329,41.4783935546875,152.8864288330078,153.09486389160156,0.5691269654460517,0.2317693634033203,10,3.071321401244472,0.22580464680989584,3.0883199196449236,3.131758035203403,149.8068179991096,156.17447472549978,43.875389099121094,37.30970764160156,14.695442143607075,7.5711099151611325,9.0,8.0,2.246008239186128,2.032250086466471,8.154526275136169,15.004353142356315,46.90434823130413,34.28074850941853,0.27111718618705927,0.09605451374331783,certain_temperate,277.56175231933594,319.04014587402344,POINT (541390.4371542006 8672440.991878469),dronbreen
dronbreen-20220329-DAT_0247_A1_2,3470.0,3409,153.09486389160156,541388.5176629839,8672436.125363879,430.74537150065106,2022-03-29 14:30:16.333333248+00:00,0,2022-05-03,100 MHz,20220329,42.624786376953125,152.9906463623047,153.1990966796875,0.5834736115843143,0.23178067474365233,10,3.0733979468977335,0.22582117716471353,3.090387099577638,3.136432941968711,149.90896335718375,156.28077968480844,45.33441925048828,38.35188293457031,15.142343666476288,7.88010179901123,9.0,8.0,2.225312384910706,2.3709322611490884,8.524631332801116,15.487540369957687,48.586085745901755,35.10021643915684,0.278420747067867,0.0989082408224863,certain_temperate,277.6505076090495,320.2752939860026,POINT (541388.5176629839 8672436.125363879),dronbreen
dronbreen-20220329-DAT_0247_A1_2,3475.0,3416,153.1990966796875,541386.7554725442,8672431.542835021,430.9517313639323,2022-03-29 14:30:18.333333248+00:00,0,2022-05-03,100 MHz,20220329,43.875396728515625,153.09486389160156,153.4075164794922,0.5797387722345874,0.23175805206298827,10,3.075474807145865,0.33870697021484375,3.102737419724242,3.1479143484366094,150.00079412815714,156.5015862429366,47.001914978027344,39.498291015625,15.604087029963132,5.407929190063476,9.0,8.0,2.2025504644401552,2.2580382029215498,6.260643992354088,15.919720384256829,50.15627150103782,36.34393449261452,0.2863946177192637,0.10185495455360646,certain_temperate,277.7526346842448,321.62803141276044,POINT (541386.7554725442 8672431.542835021),dronbreen
dronbreen-20220329-DAT_0247_A1_2,3480.0,3421,153.4075164794922,541385.0768758708,8672427.14897515,431.1861267089844,2022-03-29 14:30:20+00:00,0,2022-05-03,100 MHz,20220329,45.02178192138672,153.1990966796875,153.51173400878906,0.5797372483431851,0.15450159759521484,10,3.079627647129157,0.4515762329101563,3.1163918692537798,3.1660895148760595,150.08653703542498,156.62429365305158,48.356719970703125,40.43621063232422,15.98561313562044,5.098914683532715,9.0,8.0,2.183929253039127,2.032233556111654,5.907491105267259,16.26159117462332,51.339926334477894,37.45300426854945,0.29347833114425864,0.10420358469043743,certain_temperate,277.7786102294922,322.8003921508789,POINT (541385.0768758708 8672427.14897515),dronbreen
dronbreen-20220329-DAT_0247_A1_2,3485.0,3427,153.61593627929688,541383.103290601,8672422.482408097,431.4453659057617,2022-03-29 14:30:21.750000128+00:00,0,2022-05-03,100 MHz,20220329,46.16814422607422,153.30328369140625,153.61593627929688,0.6057960427296092,0.23179198608398435,10,3.0837805290886053,0.33870697021484375,3.110972884496243,3.160919740936959,150.200957989089,156.71826198161412,50.02417755126953,41.47837829589844,16.47873793045416,4.171837229919434,9.0,8.0,2.1653108799535072,3.3870366414388022,5.793514847675453,16.961998472994942,54.044200986188045,37.458354860979924,0.30054267378960986,0.10727232036976513,certain_temperate,277.82942962646484,323.99757385253906,POINT (541383.103290601 8672422.482408097),dronbreen
dronbreen-20220329-DAT_0247_A1_2,3490.0,3434,153.7201690673828,541380.7037261637,8672417.337500151,431.73609415690106,2022-03-29 14:30:23.666666752+00:00,0,2022-05-03,100 MHz,20220329,48.46092987060547,153.30328369140625,153.8243865966797,0.6292481333053511,0.15451290893554687,10,3.0858574418209765,0.11291885375976564,3.0917860627482048,3.151383828105455,150.21536095617205,156.9123093319139,51.79588317871094,42.416343688964844,17.124198438356157,7.5711099151611325,9.0,8.0,2.121877228897505,4.854783376057943,9.24083275199879,17.925106882782085,57.094117281028645,37.11810958664714,0.31525420616316624,0.11139851421090886,certain_temperate,278.01592508951825,326.4768549601237,POINT (541380.7037261637 8672417.337500151),dronbreen
dronbreen-20220329-DAT_0247_A1_2,3495.0,3438,153.7201690673828,541378.9096513244,8672413.374317527,431.9434814453125,2022-03-29 14:30:25+00:00,0,2022-05-03,100 MHz,20220329,50.75371551513672,153.30328369140625,153.8243865966797,0.651764180319301,0.15450159759521484,10,3.0858574418209765,0.0,3.0897227860928522,3.153936064347087,150.2174262495853,156.91024403850065,52.73383331298828,43.041656494140625,17.540317067497995,7.571075981140137,9.0,8.0,2.0763901904147835,5.645099639892579,9.66952623862013,18.542957396152524,58.74869375751781,37.02679604961109,0.33016952702471314,0.11410550205555163,certain_temperate,278.2233123779297,328.9770278930664,POINT (541378.9096513244 8672413.374317527),dronbreen
dronbreen-20220329-DAT_0247_A1_2,3500.0,3443,153.7201690673828,541376.6962552547,8672408.62727417,432.2352948869978,2022-03-29 14:30:26.571428608+00:00,0,2022-05-03,100 MHz,20220329,53.671791076660156,153.30328369140625,153.8243865966797,0.6577514173270871,0.3862596496582031,10,3.0858574418209765,0.11290232340494792,3.1119864400132298,3.157198126958131,150.21536156060824,156.9123087274777,53.880226135253906,43.666954040527344,18.022406493615875,7.880124421691894,9.0,8.0,2.018522027481941,3.38705317179362,8.811522074269124,18.448677355981776,57.823138810420204,39.724041365361046,0.34915256340326606,0.11724165152144611,certain_temperate,278.515125819615,332.18691689627514,POINT (541376.6962552547 8672408.62727417),dronbreen
dronbreen-20220329-DAT_0247_A1_2,3505.0,3448,153.8243865966797,541374.6666658728,8672404.311247358,432.52239990234375,2022-03-29 14:30:28+00:00,0,2022-05-03,100 MHz,20220329,53.98444366455078,153.30328369140625,153.9285888671875,0.6667721173855121,0.3862935836791992,10,3.0879340609439683,0.11290232340494792,3.11404984419965,3.1611182761628682,150.21328632905008,157.01858622954367,55.130828857421875,44.50068664550781,18.39187275033742,8.03463733062744,9.0,8.0,2.0143896549268474,0.33870697021484375,8.290228291685365,18.504958020977853,57.17349576456763,42.458019738362054,0.3509485385181184,0.11956408965608324,certain_temperate,278.69801330566406,332.68245697021484,POINT (541374.6666658728 8672404.311247358),dronbreen
dronbreen-20220329-DAT_0247_A1_2,3510.0,3453,153.8243865966797,541372.5834342767,8672399.780894674,432.8147888183594,2022-03-29 14:30:29.500000+00:00,0,2022-05-03,100 MHz,20220329,54.088661193847656,153.30328369140625,153.9285888671875,0.6581172987855878,0.4635387268066406,10,3.0879340609439683,0.0,3.122531811845546,3.1572860408424743,150.21534963046227,157.01652292813148,56.381431579589844,45.125999450683594,18.725730992166486,8.343651837158202,9.0,8.0,2.0123235248467495,0.33870697021484375,8.589568927486244,18.83659124075554,58.422060987474524,43.085370042798914,0.35162604831745947,0.12173447530959101,certain_temperate,278.9904022216797,333.07906341552734,POINT (541372.5834342767 8672399.780894674),dronbreen
dronbreen-20220329-DAT_0247_A1_2,3515.0,3458,153.8243865966797,541370.5824777108,8672395.066982556,433.0981140136719,2022-03-29 14:30:31+00:00,0,2022-05-03,100 MHz,20220329,54.297096252441406,153.30328369140625,153.8243865966797,0.6306834879114157,0.4635387268066406,10,3.0879340609439683,0.11290232340494792,3.1245722668259193,3.153703435850025,150.21328632905008,156.91438395903586,57.52782440185547,45.855499267578125,19.00871973745503,8.807190563964843,9.0,8.0,2.00819137765964,0.33870697021484375,9.039588522215489,19.117504572461623,59.5643790956898,43.81894457374379,0.35298106791614153,0.1235741624460041,certain_temperate,279.2737274169922,333.5708236694336,POINT (541370.5824777108 8672395.066982556),dronbreen
dronbreen-20220329-DAT_0247_A1_2,3520.0,3464,153.7201690673828,541368.3632313694,8672389.974171022,433.4038798014323,2022-03-29 14:30:32.666666752+00:00,0,2022-05-03,100 MHz,20220329,54.297096252441406,153.30328369140625,153.9285888671875,0.6495377456689481,0.5407951812744141,10,3.0858574418209765,0.11290232340494792,3.1349198576617177,3.15549716667926,150.21536156060824,157.0165109979855,57.840476989746094,46.58502960205078,19.381535309001123,8.807201875305175,9.0,8.0,2.0061253607853264,0.225796381632487,9.035614414168156,19.48639099225923,59.85926944295775,44.56623714883912,0.35322037818368796,0.12608322919880005,certain_temperate,279.6837107340495,333.9808069864909,POINT (541368.3632313694 8672389.974171022),dronbreen
dronbreen-20220329-DAT_0247_A1_2,3525.0,3468,153.7201690673828,541366.6513696979,8672385.827440482,433.6683654785156,2022-03-29 14:30:34+00:00,0,2022-05-03,100 MHz,20220329,54.40130615234375,153.30328369140625,153.9285888671875,0.6338323911649618,0.5408064926147461,10,3.0858574418209765,0.11291885375976564,3.134922404339633,3.1523023837928705,150.21536095617205,157.0165116024217,58.15312957763672,47.106109619140625,19.636687944604315,8.961726095581055,9.0,8.0,2.004059533121341,0.33870697021484375,9.189315079818796,19.74159290578486,60.185610087744166,45.07362910903318,0.35389829768205033,0.12774308058428316,certain_temperate,279.9481964111328,334.34950256347656,POINT (541366.6513696979 8672385.827440482),dronbreen
dronbreen-20220329-DAT_0247_A1_2,3530.0,3473,153.61593627929688,541364.680075076,8672381.393593317,434.00450134277344,2022-03-29 14:30:35.500000+00:00,0,2022-05-03,100 MHz,20220329,54.505516052246094,153.30328369140625,153.9285888671875,0.5919899920492327,0.5408064926147461,10,3.0837805290886053,0.33870697021484375,3.1491104181518277,3.158302853423745,150.200957989089,157.03091456950474,58.361549377441406,47.731407165527344,19.9173965532951,8.498176057434081,9.0,8.0,1.9999275384455901,1.0161209106445312,8.78926664558699,20.04332550564635,60.60480858316912,45.48814795979963,0.3548168072428818,0.12965709831747063,certain_temperate,280.38856506347656,334.89408111572266,POINT (541364.680075076 8672381.393593317),dronbreen
dronbreen-20220329-DAT_0247_A1_2,3535.0,3480,153.4075164794922,541362.2645929231,8672376.449835597,434.41766357421875,2022-03-29 14:30:37.333333248+00:00,0,2022-05-03,100 MHz,20220329,55.026611328125,153.1990966796875,153.8243865966797,0.5536481758026003,0.5407951812744141,10,3.079627647129157,0.33870697021484375,3.1450418573882306,3.147277420121069,150.10089900093388,156.9225842754333,58.56999206542969,48.46092987060547,20.16283928076491,7.880124421691894,9.0,8.0,1.9854674510958177,1.806420644124349,8.324758101243816,20.340730675293745,61.25424923322855,45.77667270280661,0.35869566622885174,0.13143319012963955,certain_temperate,281.01014709472656,336.03675842285156,POINT (541362.2645929231 8672376.449835597),dronbreen
dronbreen-20220329-DAT_0247_A1_2,3540.0,3485,153.30328369140625,541359.9534666716,8672371.850465635,434.75811767578125,2022-03-29 14:30:39+00:00,0,2022-05-03,100 MHz,20220329,55.860328674316406,153.1990966796875,153.7201690673828,0.5363783710245692,0.38630489501953125,10,3.077550765824524,0.11291885375976564,3.1037559272078052,3.1259832278284065,150.11947504972034,156.79979069734998,58.778411865234375,49.086219787597656,20.25294070865735,8.034648641967774,9.0,8.0,1.9668786930019448,1.8064371744791667,8.466841551499586,20.42825088955771,61.448959947244006,46.415671705588025,0.3643779006505898,0.1321102863616787,certain_temperate,281.454833984375,337.3151626586914,POINT (541359.9534666716 8672371.850465635),dronbreen
dronbreen-20220329-DAT_0247_A1_2,3545.0,3489,153.30328369140625,541357.577931838,8672367.683340644,435.03599039713544,2022-03-29 14:30:40.333333248+00:00,0,2022-05-03,100 MHz,20220329,56.58985900878906,153.09486389160156,153.61593627929688,0.5157312044992562,0.38627096099853514,10,3.077550765824524,0.0,3.101696950306049,3.120464291018464,150.01731312577704,156.6934870451214,58.986839294433594,49.60730743408203,20.316256229267513,7.416585694885254,9.0,8.0,1.9524227527705436,1.580632527669271,7.830459575442481,20.470970200904336,61.49888105225973,47.09526567625589,0.36913663977806455,0.13252329460967954,certain_temperate,281.7327067057292,338.32256571451825,POINT (541357.577931838 8672367.683340644),dronbreen
dronbreen-20220329-DAT_0247_A1_2,3550.0,3493,153.30328369140625,541355.1060102348,8672363.327160286,435.2950439453125,2022-03-29 14:30:41.666666752+00:00,0,2022-05-03,100 MHz,20220329,57.319374084472656,153.09486389160156,153.61593627929688,0.5171323411997815,0.38627096099853514,10,3.077550765824524,0.0,3.101696950306049,3.1206961682518664,150.01731312577704,156.6934870451214,59.29949188232422,50.02417755126953,20.392021694569774,7.571087292480469,9.0,8.0,1.9379691332353048,1.806420644124349,8.021236980369714,20.563400222159167,61.9488087574623,47.37486067613145,0.3738952793721914,0.13301751406459203,certain_temperate,281.99176025390625,339.3111343383789,POINT (541355.1060102348 8672363.327160286),dronbreen
dronbreen-20220329-DAT_0247_A1_2,3555.0,3498,153.30328369140625,541352.7234036244,8672358.973732023,435.4857482910156,2022-03-29 14:30:43+00:00,0,2022-05-03,100 MHz,20220329,58.25732421875,152.9906463623047,153.51173400878906,0.5222426436182039,0.540783869934082,10,3.077550765824524,0.0,3.1247025314752754,3.1215470675676897,149.91309559648016,156.5892847746136,59.50792694091797,50.336830139160156,20.46926853718872,7.416585694885254,9.0,8.0,1.9193889040085454,2.032233556111654,7.925892401552896,20.659258976036906,62.30328505597538,47.541472024102745,0.3800135444979757,0.1335213965696429,certain_temperate,282.1824645996094,340.4397888183594,POINT (541352.7234036244 8672358.973732023),dronbreen
dronbreen-20220329-DAT_0247_A1_2,3560.0,3503,153.30328369140625,541350.5864908611,8672354.938019203,435.6343688964844,2022-03-29 14:30:44.333333248+00:00,0,2022-05-03,100 MHz,20220329,59.195281982421875,152.9906463623047,153.4075164794922,0.5133863547732385,0.46351610412597655,10,3.077550765824524,0.1128692626953125,3.1143065625388613,3.122118469237811,149.91102655026808,156.4871362915288,59.82057189941406,50.64948272705078,20.55214083452098,7.107571188354492,9.0,8.0,1.9008120354899065,1.806428909301758,7.575872226757214,20.718753936484916,62.44283653110638,48.027218095358464,0.3861318593904339,0.13406197401414877,certain_temperate,282.3310852050781,341.5263671875,POINT (541350.5864908611 8672354.938019203),dronbreen
dronbreen-20220329-DAT_0247_A1_2,3565.0,3507,153.1990966796875,541348.4189004526,8672350.653241415,435.8455301920573,2022-03-29 14:30:45.666666752+00:00,0,2022-05-03,100 MHz,20220329,59.82061004638672,152.8864288330078,153.4075164794922,0.5011298146202279,0.4635387268066406,10,3.075474807145865,0.22578811645507815,3.118396016251103,3.124204963510322,149.80267696832718,156.49126834417282,60.02903747558594,50.75372314453125,20.589461172346883,6.644021150207519,9.0,8.0,1.8863660054109896,1.2419172922770183,7.017389280325821,20.712958423045386,62.287518218746456,48.49524240137073,0.3904762582997545,0.13439675310485572,certain_temperate,282.6464335123698,342.46704355875653,POINT (541348.4189004526 8672350.653241415),dronbreen
dronbreen-20220329-DAT_0247_A1_2,3570.0,3511,153.09486389160156,541346.2206310777,8672346.119398814,436.1242980957031,2022-03-29 14:30:47+00:00,0,2022-05-03,100 MHz,20220329,60.13324737548828,152.8864288330078,153.30328369140625,0.5044902802236565,0.38628227233886714,10,3.0733979468977335,0.22582117716471353,3.1057984702769335,3.1227040504811536,149.80474582788688,156.3849666965272,60.445892333984375,50.857933044433594,20.66450313510043,6.334984020996093,9.0,8.0,1.8781120462090546,0.7903079986572266,6.654616002229805,20.76471963238205,62.483511432554366,48.8203139458636,0.3927842244143832,0.13497842193930085,certain_temperate,283.02943420410156,343.16268157958984,POINT (541346.2206310777 8672346.119398814),dronbreen
dronbreen-20220329-DAT_0247_A1_2,3575.0,3516,152.9906463623047,541344.0861545453,8672341.58752178,436.4017639160156,2022-03-29 14:30:48.333333248+00:00,0,2022-05-03,100 MHz,20220329,60.3416748046875,152.8864288330078,153.30328369140625,0.5200380054414981,0.3090145065307617,10,3.071321401244472,0.0,3.0868276782141173,3.115036866049241,149.81510743176335,156.3746050926507,61.071197509765625,51.06636047363281,20.82740910480319,6.025969514465332,9.0,8.0,1.871922213200555,0.5645116170247396,6.335224915288729,20.918980284824315,63.0263870499457,49.11117093345274,0.39441414386726237,0.13613517950294018,certain_temperate,283.41111755371094,343.75279235839844,POINT (541344.0861545453 8672341.58752178),dronbreen
dronbreen-20220329-DAT_0247_A1_2,3580.0,3520,153.09486389160156,541342.079284838,8672337.05957081,436.6782531738281,2022-03-29 14:30:49.666666752+00:00,0,2022-05-03,100 MHz,20220329,60.654335021972656,152.8864288330078,153.30328369140625,0.53996422021775,0.3862935836791992,10,3.0733979468977335,0.11290232340494792,3.0996362056565863,3.1225123272360036,149.81095783255512,156.37875469185894,61.38385772705078,51.37902069091797,20.952422654228236,6.18049373474121,9.0,8.0,1.8677956395384048,0.5645116170247396,6.481190995643464,21.04308316284121,63.33509679923915,49.4277816187296,0.396187915650252,0.13685908280413345,certain_temperate,283.58338928222656,344.2377243041992,POINT (541342.079284838 8672337.05957081),dronbreen
dronbreen-20220329-DAT_0247_A1_2,3585.0,3525,153.09486389160156,541339.9511171122,8672332.262047218,437.0015563964844,2022-03-29 14:30:51.142856960+00:00,0,2022-05-03,100 MHz,20220329,60.96697998046875,152.9906463623047,153.30328369140625,0.50771148421724,0.23175805206298827,10,3.0733979468977335,0.11291885375976564,3.084191531378305,3.1170974573689056,149.91517475496872,156.37875529874222,61.59228515625,51.69166564941406,21.09773983152729,6.489530863952637,9.0,8.0,1.8616065098664822,0.6774056752522787,6.785165295011987,21.19054230653983,63.573309448489056,49.71064135717501,0.3982300805573482,0.13780827975042645,certain_temperate,283.9066925048828,344.87367248535156,POINT (541339.9511171122 8672332.262047218),dronbreen
dronbreen-20220329-DAT_0247_A1_2,3590.0,3530,153.1990966796875,541337.9662619093,8672327.907581076,437.30653381347656,2022-03-29 14:30:52.500000+00:00,0,2022-05-03,100 MHz,20220329,61.38386535644531,153.09486389160156,153.4075164794922,0.5100786808904411,0.3090031951904297,10,3.075474807145865,0.11291885375976564,3.093021004060789,3.1195314099432063,150.01731682341182,156.48506354768193,62.00917053222656,52.108551025390625,21.269797794814995,6.644032461547851,9.0,8.0,1.8554176568029608,0.6774139404296875,6.931423495788311,21.361314626215812,63.984383008864114,50.13333854875307,0.40068033485072196,0.13883761886198598,certain_temperate,284.10743713378906,345.4913024902344,POINT (541337.9662619093 8672327.907581076),dronbreen
dronbreen-20220329-DAT_0247_A1_2,3595.0,3535,153.1990966796875,541335.6999135322,8672323.092524437,437.65185546875,2022-03-29 14:30:54+00:00,0,2022-05-03,100 MHz,20220329,61.69651794433594,153.09486389160156,153.4075164794922,0.49726091185470084,0.30902581787109373,10,3.075474807145865,0.1128692626953125,3.0930214541708527,3.1174594102103157,150.0173186425678,156.48506172852595,62.21760559082031,52.316986083984375,21.434141943853273,6.798534059143066,9.0,8.0,1.8492292356783906,0.6774139404296875,7.0780367169225995,21.524427501841398,64.18700611198815,50.34758556281653,0.4027211601210193,0.13991036767447992,certain_temperate,284.4527587890625,346.14927673339844,POINT (541335.6999135322 8672323.092524437),dronbreen
dronbreen-20220329-DAT_0247_A1_2,3600.0,3540,153.30328369140625,541333.523549607,8672318.466331996,438.0545959472656,2022-03-29 14:30:55.500000+00:00,0,2022-05-03,100 MHz,20220329,62.11335754394531,153.09486389160156,153.51173400878906,0.4893119985288142,0.38627096099853514,10,3.077550765824524,0.22578811645507815,3.109904217989708,3.124375973160674,150.00904163655196,156.59755626383867,62.53022003173828,52.73382568359375,21.599770808645907,6.953046968078613,9.0,8.0,1.8430412508437655,0.6774139404296875,7.224995006178719,21.688840210694348,64.49381130769166,50.77023440764037,0.4051665173002893,0.14089568265299154,certain_temperate,284.7513122558594,346.8646697998047,POINT (541333.523549607 8672318.466331996),dronbreen
dronbreen-20220329-DAT_0247_A1_2,3605.0,3545,153.4075164794922,541331.4125587301,8672314.028247787,438.4761744907924,2022-03-29 14:30:56.857143040+00:00,0,2022-05-03,100 MHz,20220329,62.530242919921875,153.09486389160156,153.61593627929688,0.4981116300136318,0.4635387268066406,10,3.079627647129157,0.11291885375976564,3.1163641096229764,3.121693820420498,150.0131667759692,156.69763339492923,62.8428955078125,53.15071105957031,21.731948481479563,7.107548565673827,9.0,8.0,1.8368537067084005,0.6774139404296875,7.372256628736478,21.81995659913692,64.80068027293272,51.19292629445009,0.4076087297083715,0.14166156248533449,certain_temperate,285.0686580113002,347.5989009312221,POINT (541331.4125587301 8672314.028247787),dronbreen
dronbreen-20220329-DAT_0247_A1_2,3610.0,3550,153.4075164794922,541329.076010547,8672309.18003033,438.9445495605469,2022-03-29 14:30:58.333333248+00:00,0,2022-05-03,100 MHz,20220329,62.8428955078125,153.1990966796875,153.61593627929688,0.4839787106964627,0.46352741546630855,10,3.079627647129157,0.0,3.1143159938983622,3.1174255143258316,150.11946903255836,156.69556392642602,62.947105407714844,53.46336364746094,21.743044370930157,7.571098603820801,9.0,8.0,1.8306666077409077,0.5645033518473307,7.80970795431697,21.827276119094247,64.86283092640078,51.547638128775006,0.4096467823088281,0.14173389198851158,certain_temperate,285.5370330810547,348.3799285888672,POINT (541329.076010547 8672309.18003033),dronbreen
dronbreen-20220329-DAT_0247_A1_2,3615.0,3554,153.4075164794922,541327.0576107294,8672305.02393911,439.28404744466144,2022-03-29 14:30:59.666666752+00:00,0,2022-05-03,100 MHz,20220329,63.05132293701172,153.1990966796875,153.61593627929688,0.4962932903547265,0.46352741546630855,10,3.079627647129157,0.0,3.1143159938983622,3.119361068394197,150.11946903255836,156.69556392642602,63.05132293701172,53.671791076660156,21.780808087809852,8.189150239562988,9.0,8.0,1.8265422756110725,0.4516010284423828,8.402522348653363,21.861925833089085,64.9328649039858,51.79024910968607,0.41100543430960595,0.1419800580027091,certain_temperate,285.87653096516925,348.92785390218097,POINT (541327.0576107294 8672305.02393911),dronbreen
dronbreen-20220329-DAT_0247_A1_2,3620.0,3559,153.4075164794922,541325.0028154398,8672300.804701004,439.4935302734375,2022-03-29 14:31:01+00:00,0,2022-05-03,100 MHz,20220329,63.25975799560547,153.1990966796875,153.61593627929688,0.5546284473465354,0.46352741546630855,10,3.079627647129157,0.0,3.1143159938983622,3.1291722802633117,150.11946903255836,156.69556392642602,63.363975524902344,53.880226135253906,21.81709866013231,8.189150239562988,9.0,8.0,1.8224179937291192,0.33870697021484375,8.396315346726464,21.895701032428416,65.21760163486621,52.02660002529004,0.41236413604324373,0.14221662119827655,certain_temperate,286.0860137939453,349.3457717895508,POINT (541325.0028154398 8672300.804701004),dronbreen
dronbreen-20220329-DAT_0247_A1_2,3625.0,3563,153.4075164794922,541322.9425741679,8672296.554285102,439.61785380045575,2022-03-29 14:31:02.333333248+00:00,0,2022-05-03,100 MHz,20220329,63.363975524902344,153.30328369140625,153.7201690673828,0.6105592190903639,0.4635387268066406,10,3.079627647129157,0.0,3.1143176774715498,3.1395682832164207,150.2236560442771,156.79979671451196,63.67662811279297,54.19287109375,21.85953752858675,8.807190563964843,9.0,8.0,1.8203559286733897,0.33870697021484375,8.999723537349347,21.937816643467986,65.52822691348617,52.341272293056804,0.4130434869100626,0.14249326258735812,certain_temperate,286.21033732096356,349.5743128458659,POINT (541322.9425741679 8672296.554285102),dronbreen
dronbreen-20220329-DAT_0247_A1_2,3630.0,3568,153.4075164794922,541320.3876179744,8672291.358202426,439.7136535644531,2022-03-29 14:31:04+00:00,0,2022-05-03,100 MHz,20220329,63.572410583496094,153.30328369140625,153.7201690673828,0.6708309650444864,0.4635387268066406,10,3.079627647129157,0.11290232340494792,3.116363510703144,3.1538654954285894,150.22158718143118,156.8018655773579,63.989280700683594,54.40130615234375,21.893526533266257,9.579755108642578,9.0,8.0,1.8162319511939913,0.4516010284423828,9.760858053009056,21.97337357012486,65.86081536224563,52.52977149078171,0.4144021886437004,0.14271482281764875,certain_temperate,286.30613708496094,349.87854766845703,POINT (541320.3876179744 8672291.358202426),dronbreen
dronbreen-20220329-DAT_0247_A1_2,3635.0,3573,153.51173400878906,541318.4291661797,8672287.328030437,439.87725830078125,2022-03-29 14:31:05.333333248+00:00,0,2022-05-03,100 MHz,20220329,63.88505554199219,153.1990966796875,153.8243865966797,0.7327351880525332,0.54077255859375,10,3.0817042348924533,0.22578811645507815,3.1369278322929977,3.175654597196741,150.10913207392153,156.91435120244566,64.4061508178711,54.81817626953125,21.980212216273074,10.352319653320311,9.0,8.0,1.8121083293214666,0.33870697021484375,10.515178610627132,22.05738398090917,66.2496418020824,52.97468528531995,0.4161574745702146,0.14318261961013765,certain_temperate,286.3655242919922,350.2505798339844,POINT (541318.4291661797 8672287.328030437),dronbreen
dronbreen-20220329-DAT_0247_A1_2,3640.0,3578,153.61593627929688,541316.0672333225,8672282.292965641,440.196044921875,2022-03-29 14:31:07+00:00,0,2022-05-03,100 MHz,20220329,64.0934829711914,153.09486389160156,153.8243865966797,0.7307594352680372,0.6953080902099609,10,3.0837805290886053,0.11288579305013022,3.163210219724572,3.171191401680418,150.00901788866193,156.91023259961932,64.71878814697266,55.23503112792969,22.06693128383087,11.124884197998046,9.0,8.0,1.8100463691631687,0.2258129119873047,11.273433715980575,22.142193107618187,66.54286581246306,53.41095346243928,0.4172319911826063,0.14365001326236015,certain_temperate,286.5801086425781,350.67359161376953,POINT (541316.0672333225 8672282.292965641),dronbreen
dronbreen-20220329-DAT_0247_A1_2,3645.0,3582,153.61593627929688,541314.3521963335,8672278.239262437,440.5325241088867,2022-03-29 14:31:08.249999872+00:00,0,2022-05-03,100 MHz,20220329,64.19770050048828,152.9906463623047,153.8243865966797,0.7356970942639538,0.8498209991455078,10,3.0837805290886053,0.11291885375976564,3.200726284721811,3.172334035631942,149.904799149768,156.91023380921638,65.03143310546875,55.443458557128906,22.107949503984866,11.588422924804687,9.0,8.0,1.807984611637456,0.33870697021484375,11.73350231822233,22.18434046886079,66.8708707281105,53.60402093448715,0.4179104203340414,0.14391703126288466,certain_temperate,286.91658782958984,351.1142883300781,POINT (541314.3521963335 8672278.239262437),dronbreen
dronbreen-20220329-DAT_0247_A1_2,3650.0,3587,153.7201690673828,541312.2771095945,8672273.430126116,441.01622517903644,2022-03-29 14:31:09.666666752+00:00,0,2022-05-03,100 MHz,20220329,64.51036834716797,152.9906463623047,153.9285888671875,0.7414970407445561,0.9270774536132812,10,3.0858574418209765,0.11291885375976564,3.2240873784335324,3.1757022341852608,149.9027236270705,157.0165116024217,65.44831848144531,55.86034393310547,22.193060566744624,11.124884197998046,9.0,8.0,1.8038612523739672,0.33870697021484375,11.275268788297462,22.268825185642,67.28370340823541,54.02495900631537,0.4196610551403312,0.14437312098594138,certain_temperate,287.2960561116536,351.8064244588216,POINT (541312.2771095945 8672273.430126116),dronbreen
dronbreen-20220329-DAT_0247_A1_2,3655.0,3591,153.7201690673828,541310.1551547159,8672268.898694843,441.42352294921875,2022-03-29 14:31:11+00:00,0,2022-05-03,100 MHz,20220329,64.61458587646484,152.8864288330078,153.9285888671875,0.7582342408088627,1.0043339080810547,10,3.0858574418209765,0.11290232340494792,3.247144851218298,3.1796512780188855,149.7985067022098,157.0165109979855,65.65675354003906,56.06878662109375,22.23477565457465,10.661345471191405,9.0,8.0,1.801799650992707,0.33870697021484375,10.81783211415684,22.31023202038148,67.49011231398092,54.2354278471519,0.4203390242704015,0.14464449128226042,certain_temperate,287.70335388183594,352.3179397583008,POINT (541310.1551547159 8672268.898694843),dronbreen
dronbreen-20220329-DAT_0247_A1_2,3660.0,3596,153.8243865966797,541307.9093615721,8672264.239401717,441.73028564453125,2022-03-29 14:31:12.333333248+00:00,0,2022-05-03,100 MHz,20220329,64.92723846435547,152.9906463623047,154.03280639648438,0.7591895814651161,1.0043339080810547,10,3.0879340609439683,0.11290232340494792,3.249118387853774,3.181894485989962,149.90064899994852,157.12280375884055,66.07362365722656,56.48564147949219,22.265921653049553,10.197806744384765,9.0,8.0,1.7976766056285425,0.3386987050374349,10.360580118267395,22.3409405587804,67.90292898745938,54.656336149259374,0.422086769860436,0.14474897086006105,certain_temperate,287.90589904785156,352.83313751220703,POINT (541307.9093615721 8672264.239401717),dronbreen
dronbreen-20220329-DAT_0247_A1_2,3665.0,3600,153.8243865966797,541305.5410745117,8672259.824476704,441.97808837890625,2022-03-29 14:31:13.666666752+00:00,0,2022-05-03,100 MHz,20220329,65.03144836425781,153.1990966796875,154.03280639648438,0.7725050304516355,0.9270661422729491,10,3.0879340609439683,0.0,3.2240949733044086,3.1830961007815946,150.11116261874352,157.12074045742835,66.28205108642578,56.69408416748047,22.33010017551658,9.888792237854004,9.0,8.0,1.7956153129160697,0.3386987050374349,10.056200231111864,22.40473889634464,68.10933080359355,54.8668044503127,0.42276423006169506,0.14516619028727254,certain_temperate,288.15370178222656,353.1851501464844,POINT (541305.5410745117 8672259.824476704),dronbreen
dronbreen-20220329-DAT_0247_A1_2,3670.0,3605,153.8243865966797,541303.0228435652,8672255.121380758,442.23297119140625,2022-03-29 14:31:15.142856960+00:00,0,2022-05-03,100 MHz,20220329,65.23988342285156,153.4075164794922,154.03280639648438,0.6948680063928339,0.7725645446777343,10,3.0879340609439683,0.11288579305013022,3.1851116060043454,3.1671630070646533,150.31751972107796,157.1228031548986,66.5947036743164,56.90251922607422,22.404617512080833,9.579755108642578,9.0,8.0,1.7914925846962322,0.4516092936197917,9.756285388234035,22.48066463647693,68.44224166718837,55.054981233202255,0.4241192496603771,0.1456506215157203,certain_temperate,288.40858459472656,353.6484680175781,POINT (541303.0228435652 8672255.121380758),dronbreen
dronbreen-20220329-DAT_0247_A1_2,3675.0,3610,153.9285888671875,541300.8028278351,8672250.83951015,442.4745330810547,2022-03-29 14:31:16.500000+00:00,0,2022-05-03,100 MHz,20220329,65.55252075195312,153.61593627929688,154.24124145507812,0.6425289092127265,0.6953080902099609,10,3.090010386431971,0.11288579305013022,3.1692839460738504,3.1581245684272985,150.52386458049523,157.33331315387977,67.01155853271484,57.319374084472656,22.473546216410877,9.116216381835937,9.0,8.0,1.7873700697402923,0.33870697021484375,9.295956932899884,22.54705510081153,68.83073806697625,55.50019455021125,0.42586319561802183,0.14599981966833644,certain_temperate,288.5459442138672,354.0984649658203,POINT (541300.8028278351 8672250.83951015),dronbreen
dronbreen-20220329-DAT_0247_A1_2,3680.0,3614,153.9285888671875,541298.9952269607,8672247.093143178,442.7058410644531,2022-03-29 14:31:17.666666752+00:00,0,2022-05-03,100 MHz,20220329,65.65673828125,153.8243865966797,154.345458984375,0.5709204137438898,0.46352741546630855,10,3.090010386431971,0.33870697021484375,3.142887886135688,3.160512097549869,150.71586820362978,157.4539773774249,67.11577606201172,57.52781677246094,22.535537461083425,9.734268017578124,9.0,8.0,1.7853088926979637,0.2258129119873047,9.899206693044194,22.607272457628785,68.91530914411013,55.72828369036253,0.4265402467757297,0.1464025469662917,certain_temperate,288.7772521972656,354.4339904785156,POINT (541298.9952269607 8672247.093143178),dronbreen
dronbreen-20220329-DAT_0247_A1_2,3685.0,3619,154.24124145507812,541296.3931035408,8672241.55449261,443.0680338541667,2022-03-29 14:31:19.333333248+00:00,0,2022-05-03,100 MHz,20220329,66.07361602783203,153.9285888671875,154.44969177246094,0.5116239630717062,0.5407951812744141,10,3.0962403372867366,0.6774139404296875,3.215284326621767,3.210506650439952,150.75911038123274,157.6191702584157,67.6368637084961,58.04889678955078,22.64884624547927,9.734256706237792,9.0,8.0,1.783247618641805,0.33870697021484375,9.90204262281269,22.72146409746573,69.45199303751477,56.23376746053211,0.42837839869873967,0.14684040423828937,certain_temperate,288.82679239908856,354.9004084269206,POINT (541296.3931035408 8672241.55449261),dronbreen
dronbreen-20220329-DAT_0247_A1_2,3690.0,3623,154.55389404296875,541294.6765797075,8672237.857452862,443.3184509277344,2022-03-29 14:31:20.500000+00:00,0,2022-05-03,100 MHz,20220329,66.59469604492188,154.24124145507812,154.55389404296875,0.46917341936328427,0.5407951812744141,10,3.102470381089574,0.5645281473795573,3.199449003002159,3.1881245571901546,151.08782830505768,157.7073071929892,68.0537338256836,58.569984436035156,22.74626447058044,9.579755108642578,9.0,8.0,1.7791256855500246,0.4516010284423828,9.754021715960942,22.82020549993939,69.88928052731612,56.73443773440263,0.4308833268633617,0.1471736743446695,certain_temperate,288.7645568847656,355.3592529296875,POINT (541294.6765797075 8672237.857452862),dronbreen
dronbreen-20220329-DAT_0247_A1_2,3695.0,3629,154.76234436035156,541292.5492130143,8672233.186316203,443.64447021484375,2022-03-29 14:31:22+00:00,0,2022-05-03,100 MHz,20220329,67.01158142089844,154.55389404296875,154.86656188964844,0.4233379878056518,0.3862935836791992,10,3.106624099044623,0.33872350056966144,3.148820356164305,3.1535792291493676,151.42885853875396,157.99159739386323,68.36639404296875,59.09107971191406,22.869707502261544,9.270740602111816,9.0,8.0,1.7750038193148883,0.3386987050374349,9.445209721494862,22.940986827300488,70.1734234758714,57.28405027901141,0.43299668080025594,0.14777307488319824,certain_temperate,288.8821258544922,355.8937072753906,POINT (541292.5492130143 8672233.186316203),dronbreen
dronbreen-20220329-DAT_0247_A1_2,3700.0,3633,154.86656188964844,541290.5107538057,8672228.843577204,443.89235432942706,2022-03-29 14:31:23.333333248+00:00,0,2022-05-03,100 MHz,20220329,67.22000885009766,154.76234436035156,155.0749969482422,0.3930298148341465,0.30902581787109373,10,3.108700821341308,0.33870697021484375,3.1423303716177173,3.151700436848148,151.63524615142364,158.2020951571701,68.57483673095703,59.299522399902344,22.932515759214258,9.116216381835937,9.0,8.0,1.7729431191907754,0.225796381632487,9.289763852235327,23.002056220182894,70.36210036843312,57.51225876242626,0.43405114719338755,0.14807919462662977,certain_temperate,289.0257924397786,356.2458012898763,POINT (541290.5107538057 8672228.843577204),dronbreen
dronbreen-20220329-DAT_0247_A1_2,3705.0,3637,155.0749969482422,541288.3976048481,8672224.436518505,444.1128743489583,2022-03-29 14:31:24.666666752+00:00,0,2022-05-03,100 MHz,20220329,67.53266143798828,154.97076416015625,155.28341674804688,0.41454582758064173,0.23179198608398435,10,3.112854296525767,0.451592763264974,3.153969787433764,3.1726402472383697,151.8253233491995,158.42885755900363,68.88748931884766,59.71638488769531,23.02584954817787,8.96170347290039,9.0,8.0,1.7708823232038722,0.3387152353922527,9.141273508079587,23.096330869396677,70.69047357094826,57.91340063559471,0.435483880489954,0.14848202483513814,certain_temperate,289.0378774007161,356.5705388387044,POINT (541288.3976048481 8672224.436518505),dronbreen
dronbreen-20220329-DAT_0247_A1_2,3710.0,3643,155.28341674804688,541285.8024440437,8672219.084199635,444.37700907389325,2022-03-29 14:31:26.333333248+00:00,0,2022-05-03,100 MHz,20220329,67.94952392578125,155.28341674804688,155.4918670654297,0.4562594329566989,0.23178067474365233,10,3.117007508296867,0.4516092936197917,3.15807046185601,3.182429799858086,152.13386332559747,158.6414204878791,69.3043441772461,60.237457275390625,23.113615348159012,8.65268896636963,9.0,8.0,1.766760746166948,0.33870697021484375,8.83771420077631,23.183515272894237,71.10327884695161,58.43852260568511,0.43758390527967245,0.148847931300106,certain_temperate,289.0935923258464,357.0431162516276,POINT (541285.8024440437 8672219.084199635),dronbreen
dronbreen-20220329-DAT_0247_A1_2,3715.0,3647,155.4918670654297,541283.5833524038,8672214.797959879,444.6374867757161,2022-03-29 14:31:27.666666752+00:00,0,2022-05-03,100 MHz,20220329,68.2621841430664,155.28341674804688,155.5960693359375,0.47632070236166496,0.3090031951904297,10,3.121161368689114,0.4516092936197917,3.1687666714542058,3.1894326540905955,152.1297523328814,158.74973375110298,69.61700439453125,60.65434265136719,23.135722295315222,8.343663148498536,9.0,8.0,1.7647002672109544,0.33870697021484375,8.534963630876176,23.20539884532719,71.41391547879962,58.857431567098814,0.43900806795471975,0.14879056205286867,certain_temperate,289.14561971028644,357.40780385335285,POINT (541283.5833524038 8672214.797959879),dronbreen
dronbreen-20220329-DAT_0247_A1_2,3720.0,3652,155.70028686523438,541281.0636347481,8672210.316403603,444.9918518066406,2022-03-29 14:31:29+00:00,0,2022-05-03,100 MHz,20220329,68.67904663085938,155.3876495361328,155.90872192382812,0.5708210596295159,0.15451290893554687,9,3.125314661272767,0.33869043986002606,3.1474080105774043,3.195017938625017,152.24403649601177,159.05233496394916,74.6194076538086,61.696495056152344,24.717674009724007,9.270746257781981,8.0,7.0,1.7605790242904527,0.33870697021484375,9.44251540049696,24.78261022094786,76.4122715394518,59.90363117050914,0.44109775269909546,0.15875162793449615,certain_temperate,289.29156494140625,357.9706115722656,POINT (541281.0636347481 8672210.316403603),dronbreen
dronbreen-20220329-DAT_0247_A1_2,3725.0,3655,155.80450439453125,541278.9952206875,8672206.531047724,445.3196716308594,2022-03-29 14:31:30+00:00,0,2022-05-03,100 MHz,20220329,68.8874740600586,155.3876495361328,156.012939453125,0.6165574986814178,0.4635387268066406,9,3.1273914746718554,0.11290232340494792,3.1635727463944874,3.189587358838244,152.25822077508386,159.14236821417396,74.61941528320312,61.904930114746094,24.722696105137345,9.116222037506104,8.0,7.0,1.7585187132542706,0.225796381632487,9.287027312759218,24.786187177091136,76.39237102738394,60.131974370565274,0.44214045240707783,0.15867767238958666,certain_temperate,289.5151672363281,358.4026412963867,POINT (541278.9952206875 8672206.531047724),dronbreen
dronbreen-20220329-DAT_0247_A1_2,3730.0,3659,155.5960693359375,541276.5099544221,8672202.174621789,445.6794840494792,2022-03-29 14:31:31.333333248+00:00,0,2022-05-03,100 MHz,20220329,68.78325653076172,155.3876495361328,156.012939453125,0.7316452600390748,0.6180516357421875,7,3.1232378579156514,0.2999626659089908,3.197902459816492,3.2217847700605984,152.25004020448287,159.15054878477494,74.30677032470703,61.80071258544922,24.721233091212166,9.116227693176269,8.0,7.0,1.756458307748464,0.08717402269842373,9.284306783542105,24.783706555863176,76.06539055008032,60.04209236007593,0.4420629442910682,0.1588808328945517,certain_temperate,290.0834147135417,358.8666712443034,POINT (541276.5099544221 8672202.174621789),dronbreen
