radar_key,distance,x,thickness,easting,northing,elevation,time,part_idx,elevation_date,antenna,date_str,temperate,thickness_user_lower,thickness_user_upper,thickness_user_std,thickness_user_nmad,thickness_user_count,thickness_gpr_uncertainty,thickness_gnss_uncertainty,thickness_nmad,thickness_std,thickness_lower,thickness_upper,temperate_user_lower,temperate_user_upper,temperate_user_std,temperate_user_nmad,temperate_user_count,temperate_user_temperate_line_count,temperate_gpr_uncertainty,temperate_gnss_uncertainty,temperate_nmad,temperate_std,temperate_lower,temperate_upper,temperate_frac,temperate_frac_std,bed_type,bed_elevation,temperate_elevation,geometry,glacier
ragna_mariebreen-20240412-DAT_0405_A1_1,0.0,0,79.34815216064453,555875.8052602522,8639613.895457696,638.23095703125,2024-04-12 16:17:29+00:00,0,2021-08-12,25 MHz,20240412,0.0,79.34815216064453,79.34815216064453,1.5076945980206817,1.5806014526367187,2,1.67352672536877,1.3193633977917658,2.6532456403494677,2.610470163946889,77.21709339187345,81.47921092941561,,,,,,,1.67352672536877,85.41056815938673,85.42696204951788,85.42696204951788,,,0.0,,uncertain_cold,558.8828048706055,558.8828048706055,POINT (555875.8052602522 8639613.895457696),ragna_mariebreen
ragna_mariebreen-20240412-DAT_0405_A1_1,5.0,38,80.56654357910156,555872.8726790955,8639609.681171356,638.6766967773438,2024-04-12 16:17:38+00:00,0,2021-08-12,25 MHz,20240412,80.10964441299438,79.0435562133789,80.87115478515625,1.127834113860579,0.9032048698425292,8,1.6966517549907842,0.9899533589680991,2.1620392844610365,2.26509262923908,77.07921540011723,82.83549559841792,80.41424386203289,73.40845727920532,4.571408216501987,5.193390179300308,7.0,7.0,0.5313412300388478,85.46552407741547,85.62481784438712,85.58934456117726,80.56654357910156,0.0,0.9943289218351711,0.056740776176077395,certain_temperate,558.1101531982422,638.2197976112366,POINT (555872.8726790955 8639609.681171356),ragna_mariebreen
ragna_mariebreen-20240412-DAT_0405_A1_1,10.0,52,80.26195526123047,555872.6542296691,8639604.794978768,637.73759765625,2024-04-12 16:17:40.800000+00:00,0,2021-08-07,25 MHz,20240412,79.80505609512329,77.67285919189453,80.56654357910156,1.8162268037767155,1.6934999404907225,8,1.690867406079585,0.1649894714355469,2.3987905617350105,2.486952736459595,75.9739612812987,82.2654414896974,80.1096555441618,73.25616788864136,4.556888164863232,5.193390179300308,7.0,7.0,0.5313412300388478,0.0,5.220500460414891,4.5877612459466315,80.26195526123047,72.72482665860251,0.9943074005035125,0.05677519504766388,certain_temperate,557.4756423950196,637.2806984901429,POINT (555872.6542296691 8639604.794978768),ragna_mariebreen
ragna_mariebreen-20240412-DAT_0405_A1_1,15.0,64,80.41424560546875,555876.4774734962,8639601.375631845,637.2724731445312,2024-04-12 16:17:43.200000+00:00,0,2021-08-07,25 MHz,20240412,79.95734643936157,76.91136169433594,81.48035430908203,2.4839356543115283,2.596699154663086,8,1.693759238651899,0.4949766794840495,3.1395332091856747,3.0469260914094645,75.14675911251993,83.24495689089804,80.26194588840008,73.40845823287964,4.556888164863232,5.193390179300308,7.0,7.0,0.5313412300388478,2.4748704830805464,5.777422346099982,5.212728379441339,80.41424560546875,70.87719226290285,0.9943181812791128,0.05666767288000686,certain_temperate,556.8582275390625,636.815573978424,POINT (555876.4774734962 8639601.375631845),ragna_mariebreen
ragna_mariebreen-20240412-DAT_0405_A1_1,20.0,74,80.71885681152344,555881.1883851907,8639599.704913914,637.096337890625,2024-04-12 16:17:45.200000+00:00,0,2021-08-07,25 MHz,20240412,77.97746181488037,79.80506134033203,83.30794525146484,2.6129979305133353,2.257992379760742,9,1.6995450973668482,1.154951095581055,3.0530141103874953,3.324172642332907,77.75022179156731,85.36278480022956,80.56655709445477,73.71306943893433,4.262400413033414,4.515991420398652,8.0,8.0,0.5340843553326083,2.4748704830805464,5.177297414264379,4.957649371190121,80.71885681152344,71.18122623552809,0.9660377375878333,0.05280551015465959,certain_temperate,556.3774810791016,634.354942893982,POINT (555881.1883851907 8639599.704913914),ragna_mariebreen
ragna_mariebreen-20240412-DAT_0405_A1_1,25.0,84,81.48035430908203,555885.994118011,8639599.37839384,636.828759765625,2024-04-12 16:17:47.200000+00:00,0,2021-08-07,25 MHz,20240412,78.73895931243896,79.65275573730469,83.30794525146484,2.402498084149938,2.5966934989929196,10,1.7140184524483444,1.484913508097331,3.4475563098483875,3.303759135622248,77.38497546094118,85.57572552782835,81.32805459201336,74.47456693649292,4.290730075723807,4.515991420398652,8.0,8.0,0.5340843553326083,0.0,4.547463535612494,4.323842120305952,81.48035430908203,73.94048258116031,0.9663551414339211,0.05265968848696513,certain_temperate,555.348405456543,634.087364768982,POINT (555885.994118011 8639599.37839384),ragna_mariebreen
ragna_mariebreen-20240412-DAT_0405_A1_1,30.0,93,82.08954620361328,555891.1483009737,8639599.177705524,636.7331787109375,2024-04-12 16:17:49.200000+00:00,0,2021-08-07,25 MHz,20240412,79.34815120697021,80.41424560546875,83.61254119873047,2.1895086469296303,2.7096032981872558,10,1.725606397289389,1.319924036661784,3.4730198580588127,3.084455384002697,78.24170863203801,85.7850781721612,81.93724648654461,75.23605918884277,4.277145528529781,4.515991420398652,8.0,8.0,0.5340843553326083,0.0,4.547463535612494,4.310361930375841,82.08954620361328,74.70197483351016,0.9666048221311473,0.052103412996349546,certain_temperate,554.6436325073242,633.9917837142945,POINT (555891.1483009737 8639599.177705524),ragna_mariebreen
ragna_mariebreen-20240412-DAT_0405_A1_1,35.0,101,82.69874572753906,555896.3118363833,8639598.940184308,636.7100830078125,2024-04-12 16:17:50.800000+00:00,0,2021-08-07,25 MHz,20240412,79.957350730896,82.24185180664062,84.06945037841797,1.8906035625707533,1.9192912605285644,10,1.7372026415946025,1.3199323018391926,2.905817138455739,2.8869492773872905,80.06008777279054,86.25121441226806,82.54644601047039,75.84525871276855,4.27714552852978,4.515991420398652,8.0,8.0,0.5340843553326083,0.0,4.547463535612494,4.31036193037584,82.69874572753906,75.31117435743595,0.9668508273913256,0.051719593700022354,certain_temperate,554.0113372802734,633.9686880111694,POINT (555896.3118363833 8639598.940184308),ragna_mariebreen
ragna_mariebreen-20240412-DAT_0405_A1_1,40.0,109,83.30794525146484,555901.3553038808,8639598.660585286,636.6751220703125,2024-04-12 16:17:52.200000+00:00,0,2021-08-07,25 MHz,20240412,80.56655025482178,83.00334167480469,84.37403869628906,1.783346594797172,1.241894677734375,10,1.7488068780767148,1.154934565226237,2.4360832779992783,2.7518220189426152,80.9075842110788,86.46979616001495,83.15564553439617,76.45445823669434,4.277145528529781,4.515991420398652,8.0,8.0,0.5340843553326083,0.0,4.547463535612494,4.310361930375841,83.30794525146484,75.92037388136173,0.9670932347644853,0.05134138785465452,certain_temperate,553.3671768188476,633.9337270736694,POINT (555901.3553038808 8639598.660585286),ragna_mariebreen
ragna_mariebreen-20240412-DAT_0405_A1_1,45.0,115,83.76483917236328,555905.7736943174,8639598.39289944,636.636376953125,2024-04-12 16:17:53.400000+00:00,0,2021-08-07,25 MHz,20240412,81.02344417572021,83.15565490722656,84.67864990234375,1.7830554869718687,1.241894677734375,10,1.7575150959888663,1.3199323018391929,2.524555997527532,2.8302592573274543,80.95768297972901,86.8766218298413,83.61253945529461,76.91135215759277,4.220604372983314,4.515991420398652,8.0,8.0,0.5340843553326083,0.0,4.547463535612494,4.254262259411957,83.76483917236328,76.37726780226016,0.9672727241676894,0.050386348433124284,certain_temperate,552.8715377807617,633.894981956482,POINT (555905.7736943174 8639598.39289944),ragna_mariebreen
ragna_mariebreen-20240412-DAT_0405_A1_1,50.0,122,84.5263442993164,555911.0576164972,8639598.383699518,636.5952270507812,2024-04-12 16:17:54.800000+00:00,0,2021-08-07,25 MHz,20240412,81.78494930267334,84.06945037841797,84.98324584960938,1.5631649077674528,1.016092046356201,10,1.772038699420143,1.3199405670166018,2.4320376846108025,2.706630521806471,81.85984311632393,87.19285311170341,84.37404458224773,77.6728572845459,4.193085164161679,4.515991420398652,8.0,8.0,0.5340843553326083,0.0,4.547463535612494,4.22696218252823,84.5263442993164,77.13877292921329,0.9675675670186858,0.04960684386531064,certain_temperate,552.0688827514648,633.8538320541381,POINT (555911.0576164972 8639598.383699518),ragna_mariebreen
ragna_mariebreen-20240412-DAT_0405_A1_1,55.0,128,84.98324584960938,555915.7481435833,8639598.573854739,636.5454711914062,2024-04-12 16:17:56+00:00,0,2021-08-07,25 MHz,20240412,82.24185085296631,84.22174835205078,85.13554382324219,1.52003282916019,1.241894677734375,10,1.7807584985208018,0.4949766794840495,2.2267476583286405,2.393032081901922,82.37347814905364,86.98381402623933,84.8309461325407,78.12975883483887,4.139599598346281,4.515991420398652,8.0,8.0,0.5340843553326083,0.0,4.547463535612494,4.173910748116176,84.98324584960938,77.59567447950626,0.9677419358458681,0.0487107730113289,certain_temperate,551.5622253417969,633.8040761947632,POINT (555915.7481435833 8639598.573854739),ragna_mariebreen
ragna_mariebreen-20240412-DAT_0405_A1_1,60.0,134,84.98324584960938,555920.6124299631,8639598.547683498,636.4349853515625,2024-04-12 16:17:57.200000+00:00,0,2021-08-07,25 MHz,20240412,82.24185085296631,84.37403869628906,85.44013977050781,1.462659540152656,1.129007501220703,10,1.7807584985208018,0.0,2.1084968029064393,2.3044465193303227,82.59328019776827,87.22089826902861,84.8309461325407,78.12975883483887,4.113653261918741,4.515991420398652,8.0,8.0,0.5340843553326083,0.0,4.547463535612494,4.148179029153123,84.98324584960938,77.59567447950626,0.9677419358458681,0.04840546181536145,certain_temperate,551.4517395019532,633.6935903549195,POINT (555920.6124299631 8639598.547683498),ragna_mariebreen
ragna_mariebreen-20240412-DAT_0405_A1_1,65.0,141,84.98324584960938,555925.9926451641,8639598.515373884,636.268721147017,2024-04-12 16:17:58.545454592+00:00,0,2021-08-07,25 MHz,20240412,82.24185085296631,84.37403869628906,85.287841796875,1.4337424312881515,1.016103357696533,10,1.7807584985208018,0.0,2.050260194115915,2.2862016948051895,82.59328019776827,87.0686002953958,84.8309461325407,78.28205871582031,4.073991895619289,4.515991420398652,8.0,8.0,0.5340843553326083,0.0,4.547463535612494,4.108850942074037,84.98324584960938,77.7479743604877,0.9677419358458681,0.04793876551654464,certain_temperate,551.2854752974076,633.5273261503739,POINT (555925.9926451641 8639598.515373884),ragna_mariebreen
ragna_mariebreen-20240412-DAT_0405_A1_1,70.0,148,84.98324584960938,555930.9188049096,8639598.478205146,636.0871027166194,2024-04-12 16:17:59.818181632+00:00,0,2021-08-07,25 MHz,20240412,82.24185085296631,84.22174835205078,85.13554382324219,1.467496817844721,0.9031935585021972,10,1.7807584985208018,0.0,1.9967121560640437,2.3075198244952184,82.44098985352998,86.91630232176298,84.8309461325407,78.28205871582031,4.024483057269379,4.515991420398652,8.0,8.0,0.5340843553326083,0.0,4.547463535612494,4.059767231856936,84.98324584960938,77.7479743604877,0.9677419358458681,0.0473561937654312,certain_temperate,551.10385686701,633.3457077199763,POINT (555930.9188049096 8639598.478205146),ragna_mariebreen
ragna_mariebreen-20240412-DAT_0405_A1_1,75.0,155,84.98324584960938,555936.3323609224,8639597.993733954,635.2599975585938,2024-04-12 16:18:01.200000+00:00,0,2023-06-01,25 MHz,20240412,82.24185085296631,84.06945037841797,84.98324584960938,1.4523150141740162,0.7902950706481933,10,1.7807584985208018,0.16498947143554688,1.9552208710090722,2.303810160610877,82.28106497371947,86.77163125430788,84.8309461325407,78.28205871582031,3.9772745749661143,4.515991420398652,8.0,8.0,0.5340843553326083,0.0,4.547463535612494,4.012973852803296,84.98324584960938,77.7479743604877,0.9677419358458681,0.0468006903620097,certain_temperate,550.2767517089844,632.5186025619507,POINT (555936.3323609224 8639597.993733954),ragna_mariebreen
ragna_mariebreen-20240412-DAT_0405_A1_1,80.0,161,84.83094787597656,555940.9118560662,8639597.434838504,634.5595092773438,2024-04-12 16:18:02.400000+00:00,0,2024-04-29,25 MHz,20240412,82.0895528793335,83.91714477539062,84.98324584960938,1.43598616636583,0.7903007263183593,10,1.7778514805839831,0.32997894287109375,1.9733771124071322,2.309047045806347,82.10892963615719,86.79146098884281,84.67864815890789,78.1297607421875,3.954559009310694,4.515991420398652,8.0,8.0,0.5340843553326083,0.0,4.547463535612494,3.9904615092406823,84.83094787597656,77.59567638685489,0.9676840225733301,0.046616937666337135,certain_temperate,549.7285614013672,631.8181142807007,POINT (555940.9118560662 8639597.434838504),ragna_mariebreen
ragna_mariebreen-20240412-DAT_0405_A1_1,85.0,167,84.67864990234375,555945.5366050577,8639596.728866268,634.0553466796875,2024-04-12 16:18:03.600000+00:00,0,2024-04-29,25 MHz,20240412,81.93725490570068,83.91714477539062,84.98324584960938,1.461602752269721,0.7903007263183593,10,1.77494492864243,0.49498494466145837,2.0049974646303954,2.351961351850283,82.07447291226497,86.82591771273503,84.52635018527508,77.97746276855469,3.9301842137485044,4.628891145430505,8.0,8.0,0.5340843553326083,0.0,4.659600769900355,3.96630735730465,84.67864990234375,77.44337841322208,0.9676259009820705,0.04641292956702802,certain_temperate,549.3766967773438,631.3139516830445,POINT (555945.5366050577 8639596.728866268),ragna_mariebreen
ragna_mariebreen-20240412-DAT_0405_A1_1,90.0,173,84.37403869628906,555950.6179700386,8639595.892510485,633.587890625,2024-04-12 16:18:04.888888832+00:00,0,2024-04-29,25 MHz,20240412,81.632643699646,83.91714477539062,84.98324584960938,1.4398394627898425,0.9031992141723633,10,1.7691329408411212,0.4949766794840495,2.047096015355358,2.334088891668257,82.08007284549724,86.82031777950276,84.22173897922039,77.6728515625,3.9087845615421077,4.628891145430505,8.0,8.0,0.5340843553326083,0.0,4.659600769900355,3.94510365480566,84.37403869628906,77.13876720716739,0.9675090224552254,0.04632686335677356,certain_temperate,549.2138519287109,630.8464956283569,POINT (555950.6179700386 8639595.892510485),ragna_mariebreen
ragna_mariebreen-20240412-DAT_0405_A1_1,95.0,179,84.22174835205078,555955.8036861792,8639595.02316652,633.0982788085937,2024-04-12 16:18:06.200000+00:00,0,2024-04-29,25 MHz,20240412,81.48035335540771,83.76483917236328,84.83094787597656,1.4616009856342491,1.129001845550537,10,1.7662279462715076,0.32997067769368493,2.1220478254706268,2.316186358550431,81.96805265017204,86.6277343981678,84.06944863498211,77.52056121826172,3.848609287950486,4.628891145430505,8.0,8.0,0.5340843553326083,0.0,4.659600769900355,3.8854909020495456,84.22174835205078,76.98647686292911,0.9674502720463138,0.0456961457492324,certain_temperate,548.8765304565429,630.3568838119506,POINT (555955.8036861792 8639595.02316652),ragna_mariebreen
ragna_mariebreen-20240412-DAT_0405_A1_1,100.0,185,84.06945037841797,555960.4990462688,8639594.320109658,632.5263061523438,2024-04-12 16:18:07.400000+00:00,0,2024-04-29,25 MHz,20240412,81.3280553817749,83.76483917236328,84.67864990234375,1.4756382368856904,1.2419003334045409,10,1.7633232814126036,0.49498494466145837,2.2128342749341914,2.3519836939001784,81.93335914511395,86.51012992959308,83.9171506613493,77.5205626487732,3.8137972101714395,4.628891145430505,8.0,8.0,0.5340843553326083,0.0,4.659600769900355,3.851012238220297,84.06945037841797,76.98647829344058,0.9673913058274635,0.04536484053368457,certain_temperate,548.4568557739258,629.7849111557007,POINT (555960.4990462688 8639594.320109658),ragna_mariebreen
ragna_mariebreen-20240412-DAT_0405_A1_1,105.0,192,83.76483917236328,555965.980593728,8639593.797896426,631.7292114257813,2024-04-12 16:18:08.800000+00:00,0,2024-04-29,25 MHz,20240412,81.02344417572021,83.61254119873047,84.37403869628906,1.4895479759889685,1.128996189880371,10,1.7575150959888663,0.6599744160970052,2.1906752245131482,2.3964930033914493,81.73519585422633,86.2513840407932,83.61253945529461,77.2159514427185,3.794798114578217,4.628891145430505,8.0,8.0,0.5340843553326083,0.0,4.659600769900355,3.8321976500459156,83.76483917236328,76.6818670873859,0.9672727241676894,0.04530299529101517,certain_temperate,547.964372253418,628.9878164291382,POINT (555965.980593728 8639593.797896426),ragna_mariebreen
ragna_mariebreen-20240412-DAT_0405_A1_1,110.0,198,83.46024322509766,555970.6660082274,8639593.727407739,631.00634765625,2024-04-12 16:18:10+00:00,0,2024-04-29,25 MHz,20240412,80.71884822845459,83.46024322509766,84.22174835205078,1.540161614030238,1.016103357696533,10,1.7517091310137605,0.6599496205647788,2.1299024425740134,2.4240701678566996,81.58834088219604,86.0936506949524,83.30794350802898,76.91135549545288,3.794798114578217,4.628891145430505,8.0,8.0,0.5340843553326083,0.0,4.659600769900355,3.8321976500459156,83.46024322509766,76.37727114012027,0.9671532829199965,0.04546833280060545,certain_temperate,547.5461044311523,628.2649526596069,POINT (555970.6660082274 8639593.727407739),ragna_mariebreen
ragna_mariebreen-20240412-DAT_0405_A1_1,115.0,205,83.15565490722656,555975.8973035644,8639593.652016014,630.3220270330256,2024-04-12 16:18:11.363636224+00:00,0,2024-04-29,25 MHz,20240412,80.4142599105835,83.15565490722656,84.06945037841797,1.5867290921126973,1.016103357696533,10,1.7459052600928555,0.6599661509195963,2.125136826442405,2.4497856455894897,81.28917680728016,85.93592847836437,83.00335519015789,76.60676717758179,3.794798114578217,4.628891145430505,8.0,8.0,0.5340843553326083,0.0,4.659600769900355,3.8321976500459156,83.15565490722656,76.07268282224918,0.9670329696795542,0.04563487737318552,certain_temperate,547.1663721257991,627.5806320363826,POINT (555975.8973035644 8639593.652016014),ragna_mariebreen
ragna_mariebreen-20240412-DAT_0405_A1_1,120.0,212,82.85104370117188,555980.7284609115,8639593.492705952,629.8125554865056,2024-04-12 16:18:12.636363776+00:00,0,2024-04-29,25 MHz,20240412,80.10964870452881,82.69874572753906,84.06945037841797,1.6293625808156695,1.2419003334045409,10,1.7401029213668358,0.6599744160970052,2.237373648938033,2.4735292249363616,80.83769107846183,85.9305050274952,82.6987439841032,76.3021559715271,3.794798114578217,4.628891145430505,8.0,8.0,0.5340843553326083,0.0,4.659600769900355,3.8321976500459156,82.85104370117188,75.76807161619449,0.9669117626745807,0.045802659146520104,certain_temperate,546.9615117853338,627.0711604898626,POINT (555980.7284609115 8639593.492705952),ragna_mariebreen
ragna_mariebreen-20240412-DAT_0405_A1_1,125.0,219,82.54644775390625,555985.8179726752,8639593.039273454,629.3599853515625,2024-04-12 16:18:14+00:00,0,2024-04-29,25 MHz,20240412,79.80505275726318,82.39414978027344,83.91714477539062,1.6194439520922563,1.016092046356201,10,1.7343028613005715,0.4949684143066407,2.070082895090173,2.423922205815353,80.59059768901669,85.72069686664737,82.39414803683758,75.99756002426147,3.8137972101714395,4.628891145430505,8.0,8.0,0.5340843553326083,0.0,4.659600769900355,3.851012238220297,82.54644775390625,75.46347566892887,0.9667896672572038,0.046201833197491694,certain_temperate,546.8135375976562,626.6185903549194,POINT (555985.8179726752 8639593.039273454),ragna_mariebreen
ragna_mariebreen-20240412-DAT_0405_A1_1,130.0,225,82.39414978027344,555990.4932979189,8639592.298273303,628.9512939453125,2024-04-12 16:18:15.249999872+00:00,0,2024-04-29,25 MHz,20240412,79.65275478363037,82.08954620361328,83.76483917236328,1.68228133509398,1.0161090133666992,10,1.7314035829943444,0.4949766794840495,2.0676648199076553,2.4643114192090847,80.28877962228223,85.56560575369433,82.24185006320477,75.84526205062866,3.8137972101714395,4.628891145430505,8.0,8.0,0.5340843553326083,0.0,4.659600769900355,3.851012238220297,82.39414978027344,75.31117769529605,0.9667282810253671,0.046287233017659316,certain_temperate,546.5571441650391,626.2098989486694,POINT (555990.4932979189 8639592.298273303),ragna_mariebreen
ragna_mariebreen-20240412-DAT_0405_A1_1,135.0,231,82.08954620361328,555995.4154081738,8639591.381147873,628.4715209960938,2024-04-12 16:18:16.600000+00:00,0,2024-04-29,25 MHz,20240412,79.34815120697021,82.08954620361328,83.61254119873047,1.6803684761760946,0.9031935585021972,10,1.725606397289389,0.3299872080485026,1.9754411152857916,2.4311000003225045,80.33267142269072,85.36941597965303,81.93724648654461,75.5406584739685,3.7772941042211623,4.628891145430505,8.0,8.0,0.5340843553326083,0.0,4.659600769900355,3.8148652464267987,82.08954620361328,75.0065741186359,0.9666048221311473,0.046014313379830814,certain_temperate,546.3819747924805,625.7301259994507,POINT (555995.4154081738 8639591.381147873),ragna_mariebreen
ragna_mariebreen-20240412-DAT_0405_A1_1,140.0,238,82.08954620361328,556000.1436753032,8639590.185395984,628.0438898259944,2024-04-12 16:18:17.909091072+00:00,0,2024-04-29,25 MHz,20240412,79.34815120697021,81.78495025634766,83.46024322509766,1.7227768445151843,0.9031935585021972,10,1.725606397289389,0.16498947143554688,1.9546604738855564,2.4439515175322817,80.05147427899733,85.19371920244798,81.93724648654461,75.69295835494995,3.762406466969343,4.62889079195112,8.0,8.0,0.5340843553326083,0.0,4.659600418750616,3.8001248033852497,82.08954620361328,75.15887399961734,0.9666048221311473,0.04583295487633888,certain_temperate,545.9543436223811,625.3024948293513,POINT (556000.1436753032 8639590.185395984),ragna_mariebreen
ragna_mariebreen-20240412-DAT_0405_A1_1,145.0,246,81.93724822998047,556005.5604465368,8639588.814528037,627.6068359375,2024-04-12 16:18:19.400000+00:00,0,2024-04-29,25 MHz,20240412,79.1958532333374,81.48035430908203,83.46024322509766,1.7574298275405538,0.9031935585021972,10,1.7227086401944396,0.16498947143554688,1.9521027608210122,2.4664764712874065,79.74976291170218,85.19083462247751,81.7849485129118,75.54066038131714,3.762406466969343,4.62889079195112,8.0,8.0,0.5340843553326083,0.0,4.659600418750616,3.8001248033852497,81.93724822998047,75.00657602598453,0.9665427500207409,0.04591814526659556,certain_temperate,545.6695877075196,624.865440940857,POINT (556005.5604465368 8639588.814528037),ragna_mariebreen
ragna_mariebreen-20240412-DAT_0405_A1_1,150.0,252,81.93724822998047,556009.935479354,8639587.875237932,627.27900390625,2024-04-12 16:18:20.600000+00:00,0,2024-04-29,25 MHz,20240412,79.1958532333374,81.32804870605469,83.30794525146484,1.7689085773516946,0.9031992141723633,10,1.7227086401944396,0.4949684143066407,2.0071092672406703,2.5182844051437483,79.53564283958309,85.10035111793644,81.7849485129118,75.54066038131714,3.762406466969343,4.62889079195112,8.0,8.0,0.5340843553326083,0.0,4.659600418750616,3.8001248033852497,81.93724822998047,75.00657602598453,0.9665427500207409,0.04591814526659556,certain_temperate,545.3417556762695,624.5376089096069,POINT (556009.935479354 8639587.875237932),ragna_mariebreen
ragna_mariebreen-20240412-DAT_0405_A1_1,155.0,259,81.48035430908203,556014.9063479443,8639586.774001114,626.771728515625,2024-04-12 16:18:22+00:00,0,2024-04-29,25 MHz,20240412,78.73895931243896,81.17575073242188,83.15565490722656,1.7445540367924814,0.9032048698425292,10,1.7140184524483444,0.8249556223551433,2.1057516641560654,2.581061762429896,79.27353859015467,85.05786704949377,81.32805459201336,75.0837664604187,3.762406466969343,4.62889079195112,8.0,8.0,0.5340843553326083,0.0,4.659600418750616,3.8001248033852497,81.48035430908203,74.54968210508609,0.9663551414339211,0.04617562722785037,certain_temperate,545.291374206543,624.0303335189819,POINT (556014.9063479443 8639586.774001114),ragna_mariebreen
ragna_mariebreen-20240412-DAT_0405_A1_1,160.0,266,81.17575073242188,556019.8193010908,8639585.744895726,626.0760620117187,2024-04-12 16:18:23.400000+00:00,0,2024-04-29,25 MHz,20240412,78.43435573577881,81.02344512939453,83.00334167480469,1.7486845102644932,1.016092046356201,10,1.7082274446890602,0.6599661509195963,2.0942873178761494,2.5320927786294707,79.19216243053329,84.83462437366593,81.0234510153532,74.77916288375854,3.782553837840258,4.62889079195112,8.0,8.0,0.5340843553326083,0.0,4.659600418750616,3.820073249922194,81.17575073242188,74.24507852842594,0.9662288925952841,0.046597090925695535,certain_temperate,544.9003112792968,623.3346670150756,POINT (556019.8193010908 8639585.744895726),ragna_mariebreen
ragna_mariebreen-20240412-DAT_0405_A1_1,165.0,273,80.87115478515625,556024.6658826711,8639584.89926746,625.2957397460938,2024-04-12 16:18:24.800000+00:00,0,2024-04-29,25 MHz,20240412,78.12975978851318,80.87115478515625,82.85104370117188,1.6742172739096886,1.016103357696533,10,1.7024386833345513,0.4949684143066407,2.0434669645475747,2.4385025490929264,79.09822184742987,84.62397663889826,80.71885506808758,74.47456693649292,3.782553837840258,4.62889079195112,8.0,8.0,0.5340843553326083,0.0,4.659600418750616,3.820073249922194,80.87115478515625,73.94048258116031,0.9661016959146199,0.04677259583950616,certain_temperate,544.4245849609375,622.5543447494507,POINT (556024.6658826711 8639584.89926746),ragna_mariebreen
ragna_mariebreen-20240412-DAT_0405_A1_1,170.0,282,80.71885681152344,556029.7164092215,8639584.061940923,624.5193725585938,2024-04-12 16:18:26.600000+00:00,0,2024-04-29,25 MHz,20240412,77.97746181488037,80.56654357910156,82.69874572753906,1.6484691742277529,1.4676973091125487,10,1.6995450973668482,0.6599661509195963,2.3405435799231626,2.457938053882247,78.74335712172993,84.5219321849107,80.56655709445477,74.4745683670044,3.768566404276815,4.515991243658959,8.0,8.0,0.5340843553326083,0.0,4.547463360095982,3.806223698372828,80.71885681152344,73.94048401167178,0.9660377375878333,0.04668755917934177,certain_temperate,543.8005157470703,621.7779775619507,POINT (556029.7164092215 8639584.061940923),ragna_mariebreen
ragna_mariebreen-20240412-DAT_0405_A1_1,175.0,303,80.26195526123047,556034.5008627705,8639583.102128167,623.8295288085938,2024-04-12 16:18:31+00:00,0,2024-04-29,25 MHz,20240412,77.5205602645874,79.95735168457031,82.39414978027344,1.539490143910663,1.6934886291503906,10,1.690867406079585,0.8249638875325522,2.5313043550187313,2.4309726250768846,78.07596974549597,84.27553171934778,80.1096555441618,74.01766681671143,3.768566404276815,4.515991243658959,8.0,8.0,0.5340843553326083,0.0,4.547463360095982,3.806223698372828,80.26195526123047,73.48358246137882,0.9658444030210753,0.04695333414207483,certain_temperate,543.5675735473633,621.0881338119507,POINT (556034.5008627705 8639583.102128167),ragna_mariebreen
ragna_mariebreen-20240412-DAT_0405_A1_1,180.0,316,79.95735168457031,556039.7010447526,8639582.159223218,623.1206909179688,2024-04-12 16:18:33.400000+00:00,0,2024-04-29,25 MHz,20240412,77.21595668792725,79.80506134033203,82.08954620361328,1.4305004499224778,1.8064040840148925,10,1.685084934169202,0.6599661509195963,2.5569830407081966,2.306815574109049,77.99534684469366,83.89926069925166,79.80505196750164,73.71306324005127,3.768566404276815,4.515991243658959,8.0,8.0,0.5340843553326083,0.0,4.547463360095982,3.806223698372828,79.95735168457031,73.17897888471866,0.9657142846919468,0.047132206418538124,certain_temperate,543.1633392333985,620.3792959213257,POINT (556039.7010447526 8639582.159223218),ragna_mariebreen
ragna_mariebreen-20240412-DAT_0405_A1_1,185.0,325,79.65275573730469,556044.6846291701,8639581.133073166,622.5120849609375,2024-04-12 16:18:35.200000+00:00,0,2024-04-29,25 MHz,20240412,76.91136074066162,79.65275573730469,81.78495025634766,1.3999056283566211,1.8063984283447265,10,1.679304796223333,0.4949766794840495,2.515579812643209,2.24160707532705,77.9020226017721,83.53568339188024,79.50045602023602,73.40846729278564,3.789555585623543,4.515991243658959,8.0,8.0,0.5340843553326083,0.0,4.547463360095982,3.827006354207116,79.65275573730469,72.87438293745303,0.9655831744769232,0.047575950769632155,certain_temperate,542.8593292236328,619.7706899642944,POINT (556044.6846291701 8639581.133073166),ragna_mariebreen
ragna_mariebreen-20240412-DAT_0405_A1_1,190.0,333,79.50045013427734,556049.439240937,8639580.134866258,621.9955322265625,2024-04-12 16:18:36.800000+00:00,0,2024-04-29,25 MHz,20240412,76.75905513763428,79.50045013427734,81.63265228271484,1.4218280466301272,1.8063984283447265,10,1.6764154105176579,0.3299872080485026,2.4864302660688136,2.222803450663323,77.79186587059681,83.34123654639538,79.34815041720867,73.2561616897583,3.7895555856235434,4.515991243658959,8.0,8.0,0.5340843553326083,0.0,4.547463360095982,3.8270063542071164,79.50045013427734,72.72207733442569,0.9655172393110628,0.04766709596263836,certain_temperate,542.4950820922852,619.2541372299195,POINT (556049.439240937 8639580.134866258),ragna_mariebreen
ragna_mariebreen-20240412-DAT_0405_A1_1,195.0,342,79.34815216064453,556054.3766295657,8639579.103490146,621.4649325284091,2024-04-12 16:18:38.454545408+00:00,0,2024-04-29,25 MHz,20240412,76.60675716400146,79.19585418701172,81.63265228271484,1.399171205314177,1.8063984283447265,10,1.67352672536877,0.32997894287109375,2.484482458217031,2.2061862716103935,77.49010572863287,83.3384007410937,79.19585244357586,73.10386371612549,3.7895555856235434,4.515991243658959,8.0,8.0,0.5340843553326083,0.0,4.547463360095982,3.8270063542071164,79.34815216064453,72.56977936079288,0.9654510543472649,0.047758586462749476,certain_temperate,542.1167803677646,618.723537531766,POINT (556054.3766295657 8639579.103490146),ragna_mariebreen
ragna_mariebreen-20240412-DAT_0405_A1_1,200.0,350,79.19585418701172,556059.2151760288,8639578.149341952,620.921142578125,2024-04-12 16:18:40+00:00,0,2024-04-29,25 MHz,20240412,76.45445919036865,79.0435562133789,81.48035430908203,1.3762350827124294,1.8063984283447265,10,1.6706385989088628,0.32997894287109375,2.4825379579834808,2.189507349563134,77.34064123285214,83.1832692896088,79.04355446994305,72.95156574249268,3.7709836544761735,4.515991243658959,8.0,8.0,0.5340843553326083,0.16499127944310507,4.550455486399984,3.812189127421382,79.19585418701172,72.39257717292857,0.965384614828832,0.04761592248972324,certain_temperate,541.7252883911133,618.1797475814819,POINT (556059.2151760288 8639578.149341952),ragna_mariebreen
ragna_mariebreen-20240412-DAT_0405_A1_1,205.0,357,79.0435562133789,556064.4140310644,8639577.3367875,620.2710876464844,2024-04-12 16:18:41.500000+00:00,0,2024-04-29,25 MHz,20240412,76.14986157417297,78.89125061035156,81.32804870605469,1.3781049838477148,1.8063984283447265,10,1.667751034040464,0.3299872080485026,2.4805967731465306,2.1884831311948907,77.19116676859002,83.02813254781623,78.89125649631023,72.79926776885986,3.7645526076904403,4.515991243658959,8.0,8.0,0.5344056394406665,0.16499127944310507,4.550493206517581,3.805872809990785,79.0435562133789,72.23997222108726,0.9633911380278188,0.04762630615363498,certain_temperate,541.2275314331055,617.3773930072784,POINT (556064.4140310644 8639577.3367875),ragna_mariebreen
ragna_mariebreen-20240412-DAT_0405_A1_1,210.0,363,78.89125061035156,556069.0828230656,8639576.614397889,619.6760498046875,2024-04-12 16:18:42.800000+00:00,0,2024-04-29,25 MHz,20240412,75.99755597114563,78.73895263671875,81.32804870605469,1.3962202737990885,1.9192969161987303,10,1.6648638890750556,0.16499773661295575,2.546114034124056,2.1790885881948716,77.0659326062847,83.00106873648873,78.73895089328289,72.64696216583252,3.7645526076904403,4.515991243658959,8.0,8.0,0.5344056394406665,0.0,4.547501105032343,3.8022947970317715,78.89125061035156,72.11255652639186,0.9633204618152391,0.0477182523862346,certain_temperate,540.784799194336,616.7823551654816,POINT (556069.0828230656 8639576.614397889),ragna_mariebreen
ragna_mariebreen-20240412-DAT_0405_A1_1,215.0,370,78.89125061035156,556073.6618862363,8639575.683603536,619.1284912109375,2024-04-12 16:18:44.200000+00:00,0,2024-04-29,25 MHz,20240412,75.99755597114563,78.58665466308594,81.17575073242188,1.3701343904435546,1.9192969161987303,10,1.6648638890750556,0.16498947143554688,2.5461134985229266,2.1624665414074804,76.91363544776571,82.8487699477421,78.73895089328289,72.64696216583252,3.786111015579574,4.515991243658959,8.0,8.0,0.5344056394406665,0.0,4.547501105032343,3.8236404132395845,78.89125061035156,72.11255652639186,0.9633204618152391,0.047991519798303045,certain_temperate,540.2372406005859,616.2347965717315,POINT (556073.6618862363 8639575.683603536),ragna_mariebreen
ragna_mariebreen-20240412-DAT_0405_A1_1,220.0,378,78.73895263671875,556078.8021118509,8639574.477780338,618.513134765625,2024-04-12 16:18:45.800000+00:00,0,2024-04-29,25 MHz,20240412,75.84525799751282,78.43435668945312,81.02344512939453,1.3164093197004785,1.6934942848205565,10,1.6619774562041976,0.32997894287109375,2.395616425972486,2.1456907197132526,76.73993786057129,82.71786395827637,78.58665291965008,72.4946641921997,3.786111015579574,4.515991243658959,8.0,8.0,0.5344056394406665,0.0,4.547501105032343,3.8236404132395845,78.73895263671875,71.96025855275904,0.9632495157440474,0.04808434566113313,certain_temperate,539.7741821289062,615.619440126419,POINT (556078.8021118509 8639574.477780338),ragna_mariebreen
ragna_mariebreen-20240412-DAT_0405_A1_1,225.0,385,78.58665466308594,556083.4985594702,8639573.365628188,617.9293701171875,2024-04-12 16:18:47.200000+00:00,0,2024-04-29,25 MHz,20240412,75.69296002388,78.28205871582031,80.87115478515625,1.3184664668733397,1.5805957969665527,10,1.6590915937506436,0.32997894287109375,2.315114272035121,2.1447202249854973,76.59047040325949,82.56274309771707,78.2820552289486,72.3423662185669,3.7645525621433307,4.403091463395953,8.0,8.0,0.5344056394406665,0.0,4.435403456563597,3.80229475193677,78.58665466308594,71.80796057912623,0.9631782946912337,0.04790320415447882,certain_temperate,539.3427154541016,615.0356754779816,POINT (556083.4985594702 8639573.365628188),ragna_mariebreen
ragna_mariebreen-20240412-DAT_0405_A1_1,230.0,392,78.43435668945312,556088.2499221547,8639572.255726233,617.3243530273437,2024-04-12 16:18:48.600000+00:00,0,2024-04-29,25 MHz,20240412,75.54066205024719,78.12975311279297,80.71885681152344,1.3358480919881328,1.2419003334045409,10,1.6562063046961704,0.16498947143554688,2.076669758895293,2.1341815701266516,76.46534906046675,82.38326086384966,78.12975725531578,72.19006824493408,3.7645525621433307,4.403091463395953,8.0,8.0,0.5344056394406665,0.0,4.435403456563597,3.80229475193677,78.43435668945312,71.65566260549342,0.9631067970549819,0.047996219017240195,certain_temperate,538.8899963378906,614.4306583881378,POINT (556088.2499221547 8639572.255726233),ragna_mariebreen
ragna_mariebreen-20240412-DAT_0405_A1_1,235.0,400,78.43435668945312,556093.714797735,8639570.988697898,616.6549560546875,2024-04-12 16:18:50.200000+00:00,0,2024-04-29,25 MHz,20240412,75.54066205024719,78.12975311279297,80.56654357910156,1.3169000752477358,1.129001845550537,10,1.6562063046961704,0.0,2.004411257943804,2.1159501723582332,76.4735468080968,82.22274988379773,78.12975725531578,72.19006824493408,3.7645525621433307,4.403091463395953,8.0,8.0,0.5344056394406665,0.0,4.435403456563597,3.80229475193677,78.43435668945312,71.65566260549342,0.9631067970549819,0.047996219017240195,certain_temperate,538.2205993652344,613.7612614154816,POINT (556093.714797735 8639570.988697898),ragna_mariebreen
ragna_mariebreen-20240412-DAT_0405_A1_1,240.0,406,78.43435668945312,556097.9644559671,8639570.044583702,616.1263916015625,2024-04-12 16:18:51.400000+00:00,0,2024-04-29,25 MHz,20240412,75.54066205024719,78.28205871582031,80.41424560546875,1.2705822808130665,1.2419003334045409,10,1.6562063046961704,0.0,2.070105253803693,2.087438299934031,76.62585241112414,82.07045191016492,78.12975725531578,72.19006824493408,3.7645525621433307,4.403091463395953,8.0,8.0,0.5344056394406665,0.0,4.435403456563597,3.80229475193677,78.43435668945312,71.65566260549342,0.9631067970549819,0.047996219017240195,certain_temperate,537.6920349121094,613.2326969623566,POINT (556097.9644559671 8639570.044583702),ragna_mariebreen
ragna_mariebreen-20240412-DAT_0405_A1_1,245.0,413,78.43435668945312,556102.9023000698,8639568.793387432,615.4734375,2024-04-12 16:18:52.800000+00:00,0,2024-04-29,25 MHz,20240412,75.54066205024719,78.12975311279297,80.26195526123047,1.2705836830534523,1.2419003334045409,10,1.6562063046961704,0.16498947143554688,2.076669758895293,2.0939493176869397,76.46534906046675,81.92635931355669,78.12975725531578,72.19006824493408,3.7645525621433307,4.403091463395953,8.0,8.0,0.5344056394406665,0.0,4.435403456563597,3.80229475193677,78.43435668945312,71.65566260549342,0.9631067970549819,0.047996219017240195,certain_temperate,537.0390808105469,612.5797428607941,POINT (556102.9023000698 8639568.793387432),ragna_mariebreen
ragna_mariebreen-20240412-DAT_0405_A1_1,250.0,420,78.28205871582031,556107.836846385,8639567.430378834,614.8374633789062,2024-04-12 16:18:54.200000+00:00,0,2024-04-29,25 MHz,20240412,75.38836407661438,77.97745513916016,80.10964965820312,1.271090821258364,1.354798821258545,10,1.6533215920427748,0.16498947143554688,2.1438688529112455,2.0919765028046324,76.31592156670385,81.77118323065943,77.97745928168297,72.03777027130127,3.7645525621433307,4.403091463395953,8.0,8.0,0.5344056394406665,0.0,4.435403456563597,3.80229475193677,78.28205871582031,71.5033646318606,0.9630350212210101,0.04808959580137535,certain_temperate,536.5554046630859,611.9437687397003,POINT (556107.836846385 8639567.430378834),ragna_mariebreen
ragna_mariebreen-20240412-DAT_0405_A1_1,255.0,427,78.28205871582031,556113.044708988,8639566.301898625,614.2330688476562,2024-04-12 16:18:55.600000+00:00,0,2024-04-29,25 MHz,20240412,75.38836407661438,77.82515716552734,79.95735168457031,1.2743315341303674,1.4676973091125487,10,1.6533215920427748,0.0,2.210793449848057,2.087436980029316,76.17183557348457,81.61067327661308,77.97745928168297,72.03777027130127,3.7645525621433307,4.403091463395953,8.0,8.0,0.5344056394406665,0.0,4.435403456563597,3.80229475193677,78.28205871582031,71.5033646318606,0.9630350212210101,0.04808959580137535,certain_temperate,535.9510101318359,611.3393742084503,POINT (556113.044708988 8639566.301898625),ragna_mariebreen
ragna_mariebreen-20240412-DAT_0405_A1_1,260.0,434,78.28205871582031,556118.0324794,8639565.369260857,613.6553955078125,2024-04-12 16:18:57+00:00,0,2024-04-29,25 MHz,20240412,75.38836407661438,77.82515716552734,79.80506134033203,1.2852066343376287,1.5806014526367187,10,1.6533215920427748,0.16499773661295575,2.2932504206648607,2.1005838790078606,76.1636227723226,81.46659573353678,77.97745928168297,72.03777027130127,3.786767380279248,4.403091463395953,8.0,8.0,0.5344056394406665,0.0,4.435403456563597,3.824290336756997,78.28205871582031,71.5033646318606,0.9630350212210101,0.048373374977604744,certain_temperate,535.3733367919922,610.7617008686066,POINT (556118.0324794 8639565.369260857),ragna_mariebreen
ragna_mariebreen-20240412-DAT_0405_A1_1,265.0,441,78.12975311279297,556122.8664016736,8639564.355910525,613.0709594726562,2024-04-12 16:18:58.400000+00:00,0,2024-04-29,25 MHz,20240412,75.23605847358704,77.82515716552734,79.65275573730469,1.270584882069543,1.4676973091125487,10,1.650437314346229,0.16499773661295575,2.2147918576809893,2.0893907064542683,76.16649276858811,81.31142013424392,77.82515367865562,71.88546466827393,3.764112453280098,4.403091463395953,8.0,8.0,0.5344056394406665,0.0,4.435403456563597,3.8018590121681664,78.12975311279297,71.35105902883326,0.9629629619457722,0.0481777082777414,certain_temperate,534.9412063598633,610.1772648334503,POINT (556122.8664016736 8639564.355910525),ragna_mariebreen
ragna_mariebreen-20240412-DAT_0405_A1_1,270.0,448,78.12975311279297,556127.800034533,8639563.4024853,612.4011474609375,2024-04-12 16:18:59.800000+00:00,0,2024-04-29,25 MHz,20240412,75.23605847358704,77.67285919189453,79.65275573730469,1.2595834739024914,1.4676973091125487,10,1.650437314346229,0.0,2.208637299278134,2.0761728869038487,76.0224218775483,81.30319305165092,77.82515367865562,71.88546466827393,3.7641124532800982,4.403091463395953,8.0,8.0,0.5344056394406665,0.0,4.435403456563597,3.801859012168167,78.12975311279297,71.35105902883326,0.9629629619457722,0.048177708277741406,certain_temperate,534.2713943481446,609.5074528217316,POINT (556127.800034533 8639563.4024853),ragna_mariebreen
ragna_mariebreen-20240412-DAT_0405_A1_1,275.0,455,78.12975311279297,556132.7474580129,8639562.399996536,611.7287089029948,2024-04-12 16:19:01.166666752+00:00,0,2024-04-29,25 MHz,20240412,75.23605847358704,77.82515716552734,79.65275573730469,1.2485888938528729,1.354798821258545,10,1.650437314346229,0.0,2.1352805845298026,2.0695210930162404,76.17471985118111,81.30319305165092,77.82515367865562,71.88546466827393,3.764112453280098,4.403091463395953,8.0,8.0,0.5344056394406665,0.0,4.435403456563597,3.8018590121681664,78.12975311279297,71.35105902883326,0.9629629619457722,0.0481777082777414,certain_temperate,533.5989557902018,608.8350142637888,POINT (556132.7474580129 8639562.399996536),ragna_mariebreen
ragna_mariebreen-20240412-DAT_0405_A1_1,280.0,462,78.12975311279297,556137.2799475066,8639561.554387638,611.1924194335937,2024-04-12 16:19:02.400000+00:00,0,2024-04-29,25 MHz,20240412,75.23605847358704,77.82515716552734,79.50045013427734,1.2108660083481342,1.4676916534423827,10,1.650437314346229,0.0,2.2086335409412823,2.046983101727842,76.17471985118111,81.15088744862358,77.82515367865562,71.88546466827393,3.7641124532800982,4.403091463395953,8.0,8.0,0.5344056394406665,0.0,4.435403456563597,3.801859012168167,78.12975311279297,71.35105902883326,0.9629629619457722,0.048177708277741406,certain_temperate,533.0626663208008,608.2987247943878,POINT (556137.2799475066 8639561.554387638),ragna_mariebreen
ragna_mariebreen-20240412-DAT_0405_A1_1,285.0,469,78.12975311279297,556142.4171252648,8639560.330058072,610.6097839355468,2024-04-12 16:19:03.800000+00:00,0,2024-04-29,25 MHz,20240412,75.23605847358704,77.97745513916016,79.50045013427734,1.1622121876631513,1.128996189880371,10,1.650437314346229,0.16499773661295575,2.006439627409254,2.025315963208348,76.31879074222093,81.15911453121657,77.82515367865562,71.88546466827393,3.7641124532800982,4.403091463395953,8.0,8.0,0.5344056394406665,0.0,4.435403456563597,3.801859012168167,78.12975311279297,71.35105902883326,0.9629629619457722,0.048177708277741406,certain_temperate,532.4800308227539,607.7160892963409,POINT (556142.4171252648 8639560.330058072),ragna_mariebreen
ragna_mariebreen-20240412-DAT_0405_A1_1,290.0,476,78.28205871582031,556147.1107921121,8639559.385546593,610.0415649414062,2024-04-12 16:19:05+00:00,0,2024-04-29,25 MHz,20240412,75.38836407661438,78.12975311279297,79.50045013427734,1.0865717660203047,1.016097702026367,10,1.6533215920427748,0.16499773661295575,1.9476013657485245,1.9852795124401847,76.46821871958822,81.16198452748209,77.97745928168297,72.03777027130127,3.764112453280098,4.403091463395953,8.0,8.0,0.5344056394406665,0.0,4.435403456563597,3.8018590121681664,78.28205871582031,71.5033646318606,0.9630350212210101,0.04808397371030553,certain_temperate,531.7595062255859,607.1478703022003,POINT (556147.1107921121 8639559.385546593),ragna_mariebreen
ragna_mariebreen-20240412-DAT_0405_A1_1,295.0,482,78.28205871582031,556152.0209318172,8639558.43125167,609.417578125,2024-04-12 16:19:06.200000+00:00,0,2024-04-29,25 MHz,20240412,75.38836407661438,78.28205871582031,79.50045013427734,1.052229138144541,1.016097702026367,10,1.6533215920427748,0.16498947143554688,1.9476006655530544,1.9666926479650653,76.620525143364,81.16198370673365,77.97745928168297,72.03777027130127,3.7641124532800982,4.403091463395953,8.0,8.0,0.5344056394406665,0.0,4.435403456563597,3.801859012168167,78.28205871582031,71.5033646318606,0.9630350212210101,0.04808397371030554,certain_temperate,531.1355194091797,606.523883485794,POINT (556152.0209318172 8639558.43125167),ragna_mariebreen
ragna_mariebreen-20240412-DAT_0405_A1_1,300.0,488,78.43435668945312,556157.017085035,8639557.29431538,608.793994140625,2024-04-12 16:19:07.400000+00:00,0,2024-04-29,25 MHz,20240412,75.54066205024719,78.28205871582031,79.50045013427734,1.0279451593055713,0.9031935585021972,10,1.6562063046961704,0.16498947143554688,1.8936735340390083,1.9562494983870746,76.6176546634941,81.16485418660356,78.12975725531578,72.19006824493408,3.764112453280098,4.403091463395953,8.0,8.0,0.5344056394406665,0.0,4.435403456563597,3.8018590121681664,78.43435668945312,71.65566260549342,0.9631067970549819,0.04799060784272677,certain_temperate,530.3596374511719,605.9002995014191,POINT (556157.017085035 8639557.29431538),ragna_mariebreen
ragna_mariebreen-20240412-DAT_0405_A1_1,305.0,493,78.43435668945312,556161.5184618635,8639556.248948084,608.2379455566406,2024-04-12 16:19:08.500000+00:00,0,2024-04-29,25 MHz,20240412,75.54066205024719,78.28205871582031,79.50045013427734,1.012280913681845,0.7902950706481933,10,1.6562063046961704,0.0,1.8350982596052388,1.9410646490830474,76.62585241112414,81.15665643897351,78.12975725531578,72.19006824493408,3.764112453280098,4.403091463395953,8.0,8.0,0.5344056394406665,0.0,4.435403456563597,3.8018590121681664,78.43435668945312,71.65566260549342,0.9631067970549819,0.04799060784272677,certain_temperate,529.8035888671875,605.3442509174347,POINT (556161.5184618635 8639556.248948084),ragna_mariebreen
ragna_mariebreen-20240412-DAT_0405_A1_1,310.0,498,78.43435668945312,556166.5267062321,8639555.056687642,607.6157684326172,2024-04-12 16:19:09.750000128+00:00,0,2024-04-29,25 MHz,20240412,75.54066205024719,78.28205871582031,79.65275573730469,1.0380487668824212,0.6773965827941895,10,1.6562063046961704,0.16498947143554688,1.7969716135156866,1.961577449866826,76.6176546634941,81.3171597896309,78.12975725531578,72.19006824493408,3.7641124532800982,4.403091463395953,8.0,8.0,0.5344056394406665,0.0,4.435403456563597,3.801859012168167,78.43435668945312,71.65566260549342,0.9631067970549819,0.047990607842726775,certain_temperate,529.1814117431641,604.7220737934113,POINT (556166.5267062321 8639555.056687642),ragna_mariebreen
ragna_mariebreen-20240412-DAT_0405_A1_1,315.0,505,78.58665466308594,556171.8173421096,8639553.875945931,606.9583374023438,2024-04-12 16:19:11.200000+00:00,0,2024-04-29,25 MHz,20240412,75.69296002388,78.28205871582031,79.65275573730469,0.9949471017599295,0.7902950706481933,10,1.6590915937506436,0.32997894287109375,1.8670932804450902,1.9624960520961205,76.59047040325949,81.34434404986551,78.2820552289486,72.3423662185669,3.7641124532800982,4.403091463395953,8.0,8.0,0.5344056394406665,0.0,4.435403456563597,3.801859012168167,78.58665466308594,71.80796057912623,0.9631782946912337,0.04789760385421004,certain_temperate,528.3716827392578,604.0646427631378,POINT (556171.8173421096 8639553.875945931),ragna_mariebreen
ragna_mariebreen-20240412-DAT_0405_A1_1,320.0,512,78.73895263671875,556176.5453222701,8639552.76538857,606.4015258789062,2024-04-12 16:19:12.600000+00:00,0,2024-04-29,25 MHz,20240412,75.84525799751282,78.58665466308594,79.65275573730469,0.9311202653466296,0.6773909271240234,10,1.6619774562041976,0.32997894287109375,1.824805095296274,1.933401178288789,76.8922358342041,81.34717456618652,78.4343532025814,72.4946641921997,3.786986159540874,4.403091463395953,8.0,8.0,0.5344056394406665,0.0,4.435403456563597,3.8245069695347826,78.73895263671875,71.96025855275904,0.9632495157440474,0.048095460159510287,certain_temperate,527.6625732421875,603.5078312397003,POINT (556176.5453222701 8639552.76538857),ragna_mariebreen
ragna_mariebreen-20240412-DAT_0405_A1_1,325.0,520,78.89125061035156,556181.332596201,8639551.72495649,605.882734818892,2024-04-12 16:19:14.181818368+00:00,0,2024-04-29,25 MHz,20240412,75.99755597114563,78.73895263671875,79.65275573730469,0.8262629597463842,0.5644980949401855,10,1.6648638890750556,0.3299872080485026,1.7886647046925435,1.8876900712962972,77.04170093864278,81.35000743538066,78.58665117621422,72.64696216583252,3.768511470682849,4.403091463395953,8.0,8.0,0.5344056394406665,0.0,4.435403456563597,3.806214404383205,78.89125061035156,72.11255652639186,0.9633204618152391,0.04776843365426851,certain_temperate,526.9914842085404,602.9890401796861,POINT (556181.332596201 8639551.72495649),ragna_mariebreen
ragna_mariebreen-20240412-DAT_0405_A1_1,330.0,531,79.0435562133789,556186.2978632816,8639550.593635207,605.3389892578125,2024-04-12 16:19:16.200000+00:00,0,2024-04-29,25 MHz,20240412,76.14986157417297,79.0435562133789,79.65275573730469,0.7337460511366243,0.45159960708618163,10,1.667751034040464,0.3299872080485026,1.7590415782860496,1.8516663675125906,77.34347237161737,81.35283957906623,78.73895677924156,72.79926776885986,3.768511470682849,4.403091463395953,8.0,8.0,0.5344056394406665,0.0,4.435403456563597,3.806214404383205,79.0435562133789,72.2648621294192,0.9633911380278188,0.04767639072955818,certain_temperate,526.2954330444336,602.4452946186066,POINT (556186.2978632816 8639550.593635207),ragna_mariebreen
ragna_mariebreen-20240412-DAT_0405_A1_1,335.0,540,79.19585418701172,556191.3176090829,8639549.45778008,604.7684936523438,2024-04-12 16:19:18+00:00,0,2024-04-29,25 MHz,20240412,76.30215954780579,79.19585418701172,79.80506134033203,0.7109131697759622,0.5644980949401855,10,1.6706385989088628,0.32997894287109375,1.7940394449659103,1.8453500930347604,77.49293920648495,81.5079763208588,78.89125475287437,72.95156574249268,3.768511470682849,4.403091463395953,8.0,8.0,0.5344056394406665,0.0,4.435403456563597,3.806214404383205,79.19585418701172,72.41716010305201,0.9634615388783759,0.047584706413847766,certain_temperate,525.572639465332,601.8747990131378,POINT (556191.3176090829 8639549.45778008),ragna_mariebreen
ragna_mariebreen-20240412-DAT_0405_A1_1,340.0,548,79.34815216064453,556196.1354235844,8639548.317104576,604.2548495205966,2024-04-12 16:19:19.545454592+00:00,0,2024-04-29,25 MHz,20240412,76.4544575214386,79.34815216064453,79.80506134033203,0.6493364555079575,0.45159960708618163,10,1.67352672536877,0.32997894287109375,1.7645169334359578,1.8251618108303385,77.64240370226568,81.51080979871088,79.04355272650719,73.10386371612549,3.768511470682849,4.403091463395953,8.0,8.0,0.5344056394406665,0.0,4.435403456563597,3.806214404383205,79.34815216064453,72.56945807668482,0.9635316694792401,0.04749337404925698,certain_temperate,524.9066973599521,601.3611548813907,POINT (556196.1354235844 8639548.317104576),ragna_mariebreen
ragna_mariebreen-20240412-DAT_0405_A1_1,345.0,556,79.50045013427734,556200.8288228728,8639547.425224425,603.7889404296875,2024-04-12 16:19:21+00:00,0,2024-04-29,25 MHz,20240412,76.60675549507141,79.34815216064453,79.80506134033203,0.6399394321158915,0.33870677490234374,10,1.6764154105176579,0.49498494466145837,1.7804777458388354,1.86142450849864,77.60018799509004,81.55302550588652,79.19585070014,73.2561616897583,3.768511470682849,4.403091463395953,8.0,8.0,0.5344056394406665,0.0,4.435403456563597,3.806214404383205,79.50045013427734,72.72175605031764,0.9636015313835526,0.04740239161310133,certain_temperate,524.2884902954102,600.8952457904816,POINT (556200.8288228728 8639547.425224425),ragna_mariebreen
ragna_mariebreen-20240412-DAT_0405_A1_1,350.0,562,79.80506134033203,556205.8364771106,8639546.586786032,603.3063720703125,2024-04-12 16:19:22.400000+00:00,0,2024-04-29,25 MHz,20240412,76.9113667011261,79.50045013427734,79.95735168457031,0.5931198561153165,0.5645150619506836,10,1.6821947349262698,0.4949766794840495,1.842134168462195,1.851100268263438,77.74694477658758,81.71085704226007,79.50046190619469,73.56077289581299,3.766587541630399,4.403091463395953,8.0,8.0,0.5344056394406665,0.0,4.435403456563597,3.804309542641256,79.80506134033203,73.02636725637232,0.9637404621886618,0.047197351626203615,certain_temperate,523.5013107299804,600.4126774311065,POINT (556205.8364771106 8639546.586786032),ragna_mariebreen
ragna_mariebreen-20240412-DAT_0405_A1_1,355.0,569,79.95735168457031,556210.6968861225,8639545.891291548,602.8009887695313,2024-04-12 16:19:23.800000+00:00,0,2024-04-29,25 MHz,20240412,77.06365704536438,79.65275573730469,80.10964965820312,0.5470056941080172,0.5644924392700195,10,1.685084934169202,0.32997067769368493,1.807496499995137,1.8021118480516818,77.93566753820085,81.82673785730697,79.65275225043297,73.71306324005127,3.766587541630399,4.403091463395953,8.0,8.0,0.5344056394406665,0.0,4.435403456563597,3.804309542641256,79.95735168457031,73.1786576006106,0.9638095237243289,0.04710745744168078,certain_temperate,522.843637084961,599.9072941303253,POINT (556210.6968861225 8639545.891291548),ragna_mariebreen
ragna_mariebreen-20240412-DAT_0405_A1_1,360.0,576,80.10964965820312,556215.6811116043,8639545.113989461,602.2339274088541,2024-04-12 16:19:25.333333248+00:00,0,2024-04-29,25 MHz,20240412,77.21595501899719,79.65275573730469,80.26195526123047,0.5297723252008104,0.5644867835998535,10,1.6879758254619697,0.3299872080485026,1.8101931592177039,1.7996701534915605,77.93282726646072,81.98188373207444,79.80505022406578,73.86536121368408,3.7665875416303987,4.403091463395953,8.0,8.0,0.5344056394406665,0.0,4.435403456563597,3.8043095426412554,80.10964965820312,73.33095557424342,0.9638783261248526,0.04701790056130529,certain_temperate,522.124277750651,599.3402327696482,POINT (556215.6811116043 8639545.113989461),ragna_mariebreen
ragna_mariebreen-20240412-DAT_0405_A1_1,365.0,584,80.26195526123047,556220.6984403249,8639544.263584519,601.6879170735677,2024-04-12 16:19:26.833333248+00:00,0,2024-04-29,25 MHz,20240412,77.36826062202454,79.80506134033203,80.41424560546875,0.5563498313273831,0.6773965827941895,10,1.690867406079585,0.16499773661295575,1.8289677330152514,1.7876750188017145,78.10616262703871,82.11314431876207,79.95735582709312,74.01766681671143,3.766587541630399,4.403091463395953,8.0,8.0,0.5344056394406665,0.0,4.435403456563597,3.804309542641256,80.26195526123047,73.48326117727076,0.963946870845748,0.04692867909050058,certain_temperate,521.4259618123373,598.7942224343618,POINT (556220.6984403249 8639544.263584519),ragna_mariebreen
ragna_mariebreen-20240412-DAT_0405_A1_1,370.0,591,80.26195526123047,556225.8363195012,8639543.604275102,601.1820068359375,2024-04-12 16:19:28.200000+00:00,0,2024-04-29,25 MHz,20240412,77.36826062202454,79.80506134033203,80.56654357910156,0.5745819828676957,0.5645037506103515,10,1.690867406079585,0.0,1.7826096233879862,1.7858267105121026,78.11419393425244,82.25741098518115,79.95735582709312,74.01766681671143,3.743810478515618,4.403091463395953,8.0,8.0,0.5344056394406665,0.0,4.435403456563597,3.781759681221075,80.26195526123047,73.48326117727076,0.963946870845748,0.046644895035643605,certain_temperate,520.920051574707,598.2883121967316,POINT (556225.8363195012 8639543.604275102),ragna_mariebreen
ragna_mariebreen-20240412-DAT_0405_A1_1,375.0,597,80.26195526123047,556230.7136887466,8639542.686150376,600.7043212890625,2024-04-12 16:19:29.400000+00:00,0,2024-04-29,25 MHz,20240412,77.36826062202454,79.95735168457031,80.56654357910156,0.6091991000894902,0.5645037506103515,10,1.690867406079585,0.16498120625813803,1.7902278815318033,1.804819915368439,78.25845457663213,82.26544068703974,79.95735582709312,74.01766681671143,3.7438104785156177,4.403091463395953,8.0,8.0,0.5344056394406665,0.0,4.435403456563597,3.7817596812210748,80.26195526123047,73.48326117727076,0.963946870845748,0.0466448950356436,certain_temperate,520.442366027832,597.8106266498565,POINT (556230.7136887466 8639542.686150376),ragna_mariebreen
ragna_mariebreen-20240412-DAT_0405_A1_1,380.0,603,80.41424560546875,556235.4655605638,8639541.762925005,600.2320190429688,2024-04-12 16:19:30.600000+00:00,0,2024-04-29,25 MHz,20240412,77.52055096626282,79.95735168457031,80.87115478515625,0.6790201492075332,0.5645150619506836,10,1.693759238651899,0.16498120625813803,1.7929630258614468,1.8322411194946127,78.25557638890491,82.57293008082165,80.1096461713314,74.1699571609497,3.743810478515618,4.403091463395953,8.0,8.0,0.5344056394406665,0.0,4.435403456563597,3.781759681221075,80.41424560546875,73.63555152150904,0.9640151490893407,0.046556557862690584,certain_temperate,519.8177734375,597.3383244037628,POINT (556235.4655605638 8639541.762925005),ragna_mariebreen
ragna_mariebreen-20240412-DAT_0405_A1_1,385.0,609,80.41424560546875,556240.101561737,8639540.98392364,599.7835571289063,2024-04-12 16:19:31.800000+00:00,0,2024-04-29,25 MHz,20240412,77.52055096626282,80.10964965820312,80.87115478515625,0.743518870739159,0.6774022384643554,10,1.693759238651899,0.16498947143554688,1.831642890107065,1.8571112501270557,78.4078735612376,82.57293088212178,80.1096461713314,74.1699571609497,3.7438104785156185,4.403091463395953,8.0,8.0,0.5344056394406665,0.0,4.435403456563597,3.7817596812210756,80.41424560546875,73.63555152150904,0.9640151490893407,0.04655655786269059,certain_temperate,519.3693115234375,596.8898624897004,POINT (556240.101561737 8639540.98392364),ragna_mariebreen
ragna_mariebreen-20240412-DAT_0405_A1_1,390.0,616,80.56654357910156,556245.3866751092,8639540.15073005,599.2833557128906,2024-04-12 16:19:33.166666752+00:00,0,2024-04-29,25 MHz,20240412,77.67284893989563,80.26195526123047,81.02344512939453,0.8092456830521187,0.6773909271240234,10,1.6966517549907842,0.16498947143554688,1.8343138149040457,1.8869889451017936,78.5573002511484,82.7281001394766,80.26194414496422,74.32225513458252,3.7438104785156177,4.403091463395953,8.0,8.0,0.5344056394406665,0.0,4.435403456563597,3.7817596812210748,80.56654357910156,73.78784949514186,0.9640831726091755,0.04646855024678926,certain_temperate,518.7168121337891,596.3896610736847,POINT (556245.3866751092 8639540.15073005),ragna_mariebreen
ragna_mariebreen-20240412-DAT_0405_A1_1,395.0,623,80.56654357910156,556250.3019410644,8639539.203191787,598.8034912109375,2024-04-12 16:19:34.400000+00:00,0,2024-04-29,25 MHz,20240412,77.67284893989563,80.26195526123047,81.17575073242188,0.9229182692939212,0.5644867835998535,10,1.6966517549907842,0.0,1.788091861894186,1.931425719387053,78.56530350623969,82.87240248741266,80.26194414496422,74.32225513458252,3.708293558528621,4.403091463395953,8.0,8.0,0.5344056394406665,0.0,4.435403456563597,3.7466025281167536,80.56654357910156,73.78784949514186,0.9640831726091755,0.046027710682260525,certain_temperate,518.236947631836,595.9097965717316,POINT (556250.3019410644 8639539.203191787),ragna_mariebreen
ragna_mariebreen-20240412-DAT_0405_A1_1,400.0,628,80.56654357910156,556254.6656927282,8639538.357283637,598.3545227050781,2024-04-12 16:19:35.500000+00:00,0,2024-04-29,25 MHz,20240412,77.67284893989563,80.41424560546875,81.32804870605469,0.9766481780604667,0.5645037506103515,10,1.6966517549907842,0.1650060017903646,1.7956944736767733,1.964610857663415,78.70958899537388,83.03270531614956,80.26194414496422,74.47455501556396,3.6957064275663116,4.2901915616244075,8.0,8.0,0.5344056394406665,0.0,4.323347432591933,3.7341445320475932,80.56654357910156,73.9401493761233,0.9640831726091755,0.04587147795334928,certain_temperate,517.7879791259766,595.4608280658722,POINT (556254.6656927282 8639538.357283637),ragna_mariebreen
ragna_mariebreen-20240412-DAT_0405_A1_1,405.0,634,80.71885681152344,556259.6174900244,8639537.349213403,597.8225952148438,2024-04-12 16:19:36.800000+00:00,0,2024-04-29,25 MHz,20240412,77.8251621723175,80.41424560546875,81.48035430908203,1.0779987368879929,0.6774135498046875,10,1.6995450973668482,0.3299954732259115,1.859096465434828,2.0394685158308747,78.68295979707855,83.21164011747223,80.4142573773861,74.62686824798584,3.6957064275663116,4.2901915616244075,8.0,8.0,0.5344056394406665,0.0,4.323347432591933,3.7341445320475932,80.71885681152344,74.09246260854518,0.9641509462161656,0.045784920321600885,certain_temperate,517.1037384033203,594.9289005756378,POINT (556259.6174900244 8639537.349213403),ragna_mariebreen
ragna_mariebreen-20240412-DAT_0405_A1_1,410.0,641,80.87115478515625,556264.6556644688,8639536.150067408,597.3094648881392,2024-04-12 16:19:38.090908928+00:00,0,2024-04-29,25 MHz,20240412,77.97746014595032,80.56654357910156,81.63265228271484,1.133016327660518,0.6774078941345214,10,1.7024386833345513,0.32997067769368493,1.8617356347471243,2.071449762218924,78.83242186519233,83.36677399662408,80.5665553510189,74.77916622161865,3.6957064275663116,4.2901915616244075,8.0,8.0,0.5344056394406665,0.0,4.323347432591933,3.7341445320475932,80.87115478515625,74.24476058217799,0.9642184577814751,0.04569869735858714,certain_temperate,516.438310102983,594.4157702489333,POINT (556264.6556644688 8639536.150067408),ragna_mariebreen
ragna_mariebreen-20240412-DAT_0405_A1_1,415.0,648,81.02344512939453,556269.8108149329,8639534.972626934,596.7951049804688,2024-04-12 16:19:39.400000+00:00,0,2024-04-29,25 MHz,20240412,78.1297504901886,80.71885681152344,81.63265228271484,1.206068336443742,0.7903007263183593,10,1.7053326550132095,0.32997894287109375,1.9083031218891964,2.1146267753825736,78.98189234240131,83.36961675183697,80.71884569525719,74.93145656585693,3.6957064275663116,4.2901915616244075,8.0,8.0,0.5344056394406665,0.0,4.323347432591933,3.7341445320475932,81.02344512939453,74.39705092641627,0.964285712183866,0.045612802833356,certain_temperate,515.7716598510742,593.9014103412628,POINT (556269.8108149329 8639534.972626934),ragna_mariebreen
ragna_mariebreen-20240412-DAT_0405_A1_1,420.0,654,81.17575073242188,556274.4496335039,8639533.933225349,596.3262451171875,2024-04-12 16:19:40.600000+00:00,0,2024-04-29,25 MHz,20240412,78.28205609321594,80.71885681152344,81.78495025634766,1.2685560949723327,0.7902950706481933,10,1.7082274446890602,0.3299872080485026,1.9108895465084828,2.153176055587656,78.97904861512231,83.52475845274878,80.87115129828453,75.08376216888428,3.6957064275663116,4.2901915616244075,8.0,8.0,0.5344056394406665,0.0,4.323347432591933,3.7341445320475932,81.17575073242188,74.54935652944361,0.9643527209407109,0.045527222036398536,certain_temperate,515.1504943847656,593.4325504779815,POINT (556274.4496335039 8639533.933225349),ragna_mariebreen
ragna_mariebreen-20240412-DAT_0405_A1_1,425.0,661,81.32804870605469,556279.6043899975,8639532.76596194,595.7745361328125,2024-04-12 16:19:42+00:00,0,2024-04-29,25 MHz,20240412,78.43435406684875,81.02344512939453,81.93724822998047,1.333625546195381,0.9031879028320312,10,1.71112261469883,0.3299872080485026,1.9627991613589837,2.1943995209337643,79.28079422918262,83.67989913019238,81.02344927191734,75.23606014251709,3.6957064275663116,4.2901915616244075,8.0,8.0,0.5344056394406665,0.0,4.323347432591933,3.7341445320475932,81.32804870605469,74.70165450307643,0.9644194753809394,0.04544196604204491,certain_temperate,514.4464874267578,592.8808414936066,POINT (556279.6043899975 8639532.76596194),ragna_mariebreen
ragna_mariebreen-20240412-DAT_0405_A1_1,430.0,667,81.48035430908203,556284.2961693783,8639531.819767088,595.2810262044271,2024-04-12 16:19:43.222222336+00:00,0,2024-04-29,25 MHz,20240412,78.5866596698761,81.32804870605469,82.08954620361328,1.3809983812017113,0.9031935585021972,10,1.7140184524483444,0.3299872080485026,1.965326796471499,2.2257374826539653,79.58255427386389,83.83504063580408,81.17575487494469,75.38836574554443,3.6957064275663116,4.2901915616244075,8.0,8.0,0.5344056394406665,0.0,4.323347432591933,3.7341445320475932,81.48035430908203,74.85396010610377,0.9644859836000567,0.04535702451105294,certain_temperate,513.8006718953451,592.3873315652212,POINT (556284.2961693783 8639531.819767088),ragna_mariebreen
ragna_mariebreen-20240412-DAT_0405_A1_1,435.0,673,81.63265228271484,556289.6284112949,8639530.796303825,594.7812703450521,2024-04-12 16:19:44.555555584+00:00,0,2024-04-29,25 MHz,20240412,78.73895764350891,81.48035430908203,82.24185180664062,1.442074042730474,0.9032048698425292,10,1.7169146651724574,0.32997894287109375,1.967856983403478,2.2663317530625537,79.73201736494839,83.99018875077427,81.3280528485775,75.54066371917725,3.6730536605722666,4.2901915616244075,8.0,8.0,0.5344056394406665,0.0,4.323347432591933,3.7117263612649727,81.63265228271484,75.00625807973658,0.9645522403316712,0.044994907771115145,certain_temperate,513.1486180623373,591.8875757058462,POINT (556289.6284112949 8639530.796303825),ragna_mariebreen
ragna_mariebreen-20240412-DAT_0405_A1_1,440.0,678,81.78495025634766,556293.7628253326,8639529.881169623,594.4169677734375,2024-04-12 16:19:45.600000+00:00,0,2024-04-29,25 MHz,20240412,78.89125561714172,81.78495025634766,82.24185180664062,1.4727568053429145,0.7903007263183593,10,1.7198113952911533,0.4949684143066407,1.9563538035217096,2.317705238855537,79.99532879734173,84.03147326564655,81.48035082221031,75.69296169281006,3.673053660572267,4.2901915616244075,8.0,8.0,0.5344056394406665,0.0,4.323347432591933,3.711726361264973,81.78495025634766,75.1585560533694,0.9646182502998913,0.04491111933258389,certain_temperate,512.6320175170898,591.5232731342315,POINT (556293.7628253326 8639529.881169623),ragna_mariebreen
ragna_mariebreen-20240412-DAT_0405_A1_1,445.0,685,82.08954620361328,556299.0980300559,8639528.721341223,593.96484375,2024-04-12 16:19:47+00:00,0,2024-04-29,25 MHz,20240412,79.19585156440735,81.93724822998047,82.39414978027344,1.528401333635346,0.7903007263183593,10,1.725606397289389,0.4949766794840495,1.961452163479509,2.3576959066549326,80.14205482769783,84.18934318255607,81.78494676947594,75.99755764007568,3.6730536605722666,4.2901915616244075,8.0,8.0,0.5344056394406665,0.0,4.323347432591933,3.7117263612649727,82.08954620361328,75.46315200063502,0.9647495354398906,0.04474447515474988,certain_temperate,511.8752975463867,591.0711491107941,POINT (556299.0980300559 8639528.721341223),ragna_mariebreen
ragna_mariebreen-20240412-DAT_0405_A1_1,450.0,692,82.24185180664062,556303.5991871629,8639527.927734774,593.5223083496094,2024-04-12 16:19:48.249999872+00:00,0,2024-04-29,25 MHz,20240412,79.34815716743469,82.24185180664062,82.54644775390625,1.5769560608647002,0.7902950706481933,10,1.7285048092019228,0.3299872080485026,1.9290377735028037,2.362924216052587,80.48213011475016,84.30616944579671,81.93725237250328,76.14986324310303,3.655136364175451,4.2901915616244075,8.0,8.0,0.5344056394406665,0.0,4.323347432591933,3.693996647018473,82.24185180664062,75.61545760366236,0.9648148165971588,0.04444375076535322,certain_temperate,511.28045654296875,590.6286137104034,POINT (556303.5991871629 8639527.927734774),ragna_mariebreen
ragna_mariebreen-20240412-DAT_0405_A1_1,455.0,698,82.39414978027344,556308.4709149024,8639526.814183157,592.9730285644531,2024-04-12 16:19:49.600000+00:00,0,2024-04-29,25 MHz,20240412,79.5004551410675,82.39414978027344,82.69874572753906,1.6384311862481642,0.6773965827941895,10,1.7314035829943444,0.4949684143066407,1.9239589987180417,2.4345859710508173,80.59338547077402,84.49951003703848,82.0895503461361,76.30216121673584,3.655136364175451,4.2901915616244075,8.0,8.0,0.5344056394406665,0.0,4.323347432591933,3.693996647018473,82.39414978027344,75.76775557729518,0.964879853157988,0.044361600598135584,certain_temperate,510.57887878417966,590.0793339252472,POINT (556308.4709149024 8639526.814183157),ragna_mariebreen
ragna_mariebreen-20240412-DAT_0405_A1_1,460.0,705,82.69874572753906,556313.5260332244,8639525.587125285,592.3965454101562,2024-04-12 16:19:51+00:00,0,2024-04-29,25 MHz,20240412,79.80505108833313,82.54644775390625,83.00334167480469,1.678293053858166,0.6773965827941895,10,1.7372026415946025,0.6599578857421875,1.9779493318327972,2.504013778625256,80.68811047856666,84.86167895014428,82.39414629340172,76.60675716400146,3.655136364175451,4.2901915616244075,8.0,8.0,0.5344056394406665,0.0,4.323347432591933,3.693996647018473,82.69874572753906,76.0723515245608,0.9650092076518361,0.04419820798997044,certain_temperate,509.6977996826172,589.5028507709503,POINT (556313.5260332244 8639525.587125285),ragna_mariebreen
ragna_mariebreen-20240412-DAT_0405_A1_1,465.0,712,83.00334167480469,556318.5707874825,8639524.22935457,591.8494873046875,2024-04-12 16:19:52.400000+00:00,0,2024-04-29,25 MHz,20240412,80.10964703559875,82.69874572753906,83.30794525146484,1.7424834687210424,0.6773965827941895,10,1.743003698123945,0.6599661509195963,1.9830490015162563,2.5514438756906825,80.83498146883214,85.17170951017177,82.69874224066734,76.91135311126709,3.655136364175451,4.2901915616244075,8.0,8.0,0.5344056394406665,0.0,4.323347432591933,3.693996647018473,83.00334167480469,76.37694747182643,0.9651376127657243,0.04403601457994012,certain_temperate,508.8461456298828,588.9557926654816,POINT (556318.5707874825 8639524.22935457),ragna_mariebreen
ragna_mariebreen-20240412-DAT_0405_A1_1,470.0,719,83.30794525146484,556323.1097314481,8639522.751660293,591.4244995117188,2024-04-12 16:19:53.666666752+00:00,0,2024-04-29,25 MHz,20240412,80.41425061225891,82.85104370117188,83.61254119873047,1.8112340835786116,0.6773965827941895,10,1.7488068780767148,0.6599661509195963,1.9881516409844844,2.602777309468658,80.98185114363051,85.48173375627184,83.0033458173275,77.21595668792725,3.655136364175451,4.2901915616244075,8.0,8.0,0.5344056394406665,0.0,4.323347432591933,3.693996647018473,83.30794525146484,76.68155104848658,0.965265082094255,0.043875003196182906,certain_temperate,508.1165542602539,588.5308048725128,POINT (556323.1097314481 8639522.751660293),ragna_mariebreen
ragna_mariebreen-20240412-DAT_0405_A1_1,475.0,726,83.61254119873047,556327.7326949574,8639521.140896577,591.0531005859375,2024-04-12 16:19:55+00:00,0,2024-04-29,25 MHz,20240412,80.71884655952454,83.15565490722656,83.91714477539062,1.8782953893788235,0.5644924392700195,10,1.7546118711224312,0.8249638875325522,2.0193761284143172,2.6994854701921116,81.21678197843093,85.85601770418626,83.30794176459312,77.52055263519287,3.633142818863417,4.2901915616244075,8.0,8.0,0.5344056394406665,0.0,4.323347432591933,3.6722358488698412,83.61254119873047,76.98614699575221,0.965391619514013,0.04345212771644095,certain_temperate,507.44055938720703,588.1594059467316,POINT (556327.7326949574 8639521.140896577),ragna_mariebreen
ragna_mariebreen-20240412-DAT_0405_A1_1,480.0,733,84.06945037841797,556332.4948355684,8639519.585468557,590.6823974609375,2024-04-12 16:19:56.400000+00:00,0,2024-04-29,25 MHz,20240412,81.17575573921204,83.30794525146484,84.06945037841797,1.9549404767347687,0.7903120376586914,10,1.7633232814126036,0.8249556223551433,2.1010601825019926,2.7589224420420084,81.36118877629208,86.01620685359073,83.76485094428062,77.97746181488037,3.633142818863417,4.2901915616244075,8.0,8.0,0.5344056394406665,0.0,4.323347432591933,3.6722358488698412,84.06945037841797,77.44305617543971,0.9655797126520909,0.04321596968351425,certain_temperate,506.61294708251955,587.7887028217316,POINT (556332.4948355684 8639519.585468557),ragna_mariebreen
ragna_mariebreen-20240412-DAT_0405_A1_1,485.0,740,84.37403869628906,556337.2964634696,8639518.217833454,590.292529296875,2024-04-12 16:19:57.800000+00:00,0,2024-04-29,25 MHz,20240412,81.48034405708313,83.46024322509766,84.5263442993164,2.0392738776468633,0.9032048698425292,10,1.7691329408411212,0.6599661509195963,2.0931234363113997,2.779212951679244,81.57202007019016,86.4145674542239,84.06943926215172,78.28205013275146,3.6331428188634165,4.2901915616244075,8.0,8.0,0.5344056394406665,0.16499127944310507,4.326494556241985,3.6759404581708166,84.37403869628906,77.72275458497886,0.9657039690890937,0.04305996103779265,certain_temperate,505.918490600586,587.3988346576691,POINT (556337.2964634696 8639518.217833454),ragna_mariebreen
ragna_mariebreen-20240412-DAT_0405_A1_1,490.0,747,84.67864990234375,556342.4074395197,8639517.067629699,589.8832946777344,2024-04-12 16:19:59.200000+00:00,0,2024-04-29,25 MHz,20240412,81.63265562057495,83.61254119873047,84.67864990234375,2.0783955838030046,1.2419003334045409,10,1.77494492864243,0.6599744160970052,2.26457770185224,2.811711922012619,81.71886864794033,86.57232245313389,84.3740504682064,78.58666133880615,3.62692417340462,4.2901915616244075,8.0,8.0,0.5347440812817168,0.16499127944310507,4.326536373381296,3.669843636230961,84.67864990234375,78.02704240170868,0.9640287807460132,0.04283162494427339,certain_temperate,505.20464477539065,586.8373003959656,POINT (556342.4074395197 8639517.067629699),ragna_mariebreen
ragna_mariebreen-20240412-DAT_0405_A1_1,495.0,754,84.98324584960938,556347.490085338,8639515.841822956,589.4709594726562,2024-04-12 16:20:00.600000+00:00,0,2024-04-29,25 MHz,20240412,81.93725156784058,83.91714477539062,84.98324584960938,2.0552002853056783,1.4676973091125487,10,1.7807584985208018,0.6599578857421875,2.4001626261950615,2.7983018875253434,82.01802781190277,86.88236281309723,84.67864641547203,78.89125728607178,3.62692417340462,4.2901915616244075,8.0,8.0,0.5347440812817168,0.0,4.323389280171183,3.6661328661264596,84.98324584960938,78.35651320479006,0.9641577083657272,0.04267810833941325,certain_temperate,504.48771362304683,586.4249651908874,POINT (556347.490085338 8639515.841822956),ragna_mariebreen
ragna_mariebreen-20240412-DAT_0405_A1_1,500.0,760,85.287841796875,556352.4708898197,8639514.70494888,589.102783203125,2024-04-12 16:20:02+00:00,0,2024-04-29,25 MHz,20240412,82.2418475151062,84.22174835205078,85.59244537353516,2.016719094499343,1.6934942848205565,10,1.7865739232809572,0.6599661509195963,2.5485926697742474,2.773906561120145,82.31717446172593,87.49701926386001,84.98324236273766,79.1958532333374,3.6056775457989167,4.2901915616244075,8.0,8.0,0.5347440812817168,0.0,4.323389280171183,3.645114785126022,85.287841796875,78.66110915205569,0.9642857150844165,0.04227657154681373,certain_temperate,503.81494140625,586.0567889213562,POINT (556352.4708898197 8639514.70494888),ragna_mariebreen
ragna_mariebreen-20240412-DAT_0405_A1_1,505.0,767,85.59244537353516,556357.0971984186,8639513.590844935,588.8135986328125,2024-04-12 16:20:03.400000+00:00,0,2024-04-29,25 MHz,20240412,82.54645109176636,84.67864990234375,86.35395050048828,2.0108325198576917,1.5805957969665527,10,1.79239133059961,0.9899450937906901,2.586685339216433,2.8698615634985134,82.63105180439364,88.4015485984384,85.28784593939781,79.50045680999756,3.6056775457989167,4.2901915616244075,8.0,8.0,0.5347440812817168,0.0,4.323389280171183,3.645114785126022,85.59244537353516,78.96571272871584,0.9644128139057632,0.0421261190758522,certain_temperate,503.22115325927734,585.7676043510437,POINT (556357.0971984186 8639513.590844935),ragna_mariebreen
ragna_mariebreen-20240412-DAT_0405_A1_1,510.0,777,86.2016372680664,556361.7829803653,8639512.367488261,588.4721313476563,2024-04-12 16:20:05.400000+00:00,0,2024-04-29,25 MHz,20240412,83.15564298629761,85.74474334716797,87.26774597167969,1.875204005467391,1.4677029647827147,10,1.8040312932646476,1.6499112447102866,2.8514712019116613,3.081091703377313,83.30000695595939,89.71248236288827,85.89703783392906,80.10964870452881,3.6056775457989167,4.2901915616244075,8.0,8.0,0.5347440812817168,0.0,4.323389280171183,3.645114785126022,86.2016372680664,79.5749046232471,0.9646643105826809,0.04182841138604044,certain_temperate,502.27049407958987,585.4261370658875,POINT (556361.7829803653 8639512.367488261),ragna_mariebreen
ragna_mariebreen-20240412-DAT_0405_A1_1,515.0,786,87.11544036865234,556366.580831235,8639510.796716979,588.0859319513494,2024-04-12 16:20:07.090908928+00:00,0,2024-04-29,25 MHz,20240412,84.06944608688354,86.81084442138672,87.72463989257812,1.7200793270237669,1.354798821258545,10,1.8215048669300034,1.8149089813232422,2.906416081159234,3.0936139839986487,84.23950730021076,90.29597701375408,86.810840934515,81.02345180511475,3.6056775457989167,4.2901915616244075,8.0,8.0,0.5347440812817168,0.0,4.323389280171183,3.645114785126022,87.11544036865234,80.48870772383303,0.9650349666043258,0.041389649533314934,certain_temperate,500.97049158269704,585.0399376695806,POINT (556366.580831235 8639510.796716979),ragna_mariebreen
ragna_mariebreen-20240412-DAT_0405_A1_1,520.0,793,87.87693786621094,556371.3843466028,8639509.297267739,587.7212646484375,2024-04-12 16:20:08.400000+00:00,0,2024-04-29,25 MHz,20240412,84.83094358444214,87.57233428955078,88.02924346923828,1.6085885409589313,1.3548044769287109,10,1.836078016723897,1.319924036661784,2.6360722897447966,2.7750565832354988,85.31105545976125,90.29052229902781,87.5723384320736,81.78494930267334,3.5851138665676294,4.2901915616244075,8.0,8.0,0.5347440812817168,0.0,4.323389280171183,3.624774843865661,87.87693786621094,81.25020522139162,0.9653379560584348,0.04079698216187072,certain_temperate,499.8443267822265,584.6752703666687,POINT (556371.3843466028 8639509.297267739),ragna_mariebreen
ragna_mariebreen-20240412-DAT_0405_A1_1,525.0,798,88.33383178710938,556375.9006236158,8639507.992566615,587.43740234375,2024-04-12 16:20:09.400000+00:00,0,2024-04-29,25 MHz,20240412,85.28783750534058,88.02924346923828,88.48613739013672,1.5532442740615127,1.354793165588379,10,1.844826912010266,1.3199323018391929,2.642171860087989,2.749213595125108,85.7608502897573,90.7545305696177,88.02923235297203,82.24184322357178,3.5851138665676294,4.2901915616244075,8.0,8.0,0.5347440812817168,0.0,4.323389280171183,3.624774843865661,88.33383178710938,81.70709914229006,0.965517240448599,0.04058596569441254,certain_temperate,499.10357055664065,584.3914080619812,POINT (556375.9006236158 8639507.992566615),ragna_mariebreen
ragna_mariebreen-20240412-DAT_0405_A1_1,530.0,804,89.0953369140625,556381.3625267368,8639506.428675344,587.1556396484375,2024-04-12 16:20:10.600000+00:00,0,2024-04-29,25 MHz,20240412,86.0493426322937,88.63843536376953,89.0953369140625,1.4179252667633582,1.354798821258545,10,1.8594170118432614,1.3199488321940105,2.6523906932475083,2.6851831605438754,86.35815105177191,91.37562122606012,88.79073747992516,83.0033483505249,3.585113866567629,4.2901915616244075,8.0,8.0,0.5347440812817168,0.0,4.323389280171183,3.6247748438656604,89.0953369140625,82.46860426924319,0.9658119674129878,0.040239074128264135,certain_temperate,498.060302734375,584.1096453666687,POINT (556381.3625267368 8639506.428675344),ragna_mariebreen
ragna_mariebreen-20240412-DAT_0405_A1_1,535.0,809,89.55224609375,556385.8552909862,8639505.123044265,586.9385864257813,2024-04-12 16:20:11.600000+00:00,0,2024-04-29,25 MHz,20240412,86.5062518119812,89.0953369140625,89.55224609375,1.3450726253828416,1.016103357696533,10,1.8681760923891049,1.154934565226237,2.4200045032294284,2.5754953173482638,86.8989863586801,91.7485966491324,89.24764665961266,83.4602575302124,3.5851138665676294,4.2901915616244075,8.0,8.0,0.5347440812817168,0.0,4.323389280171183,3.624774843865661,89.55224609375,82.92551344893069,0.965986399954949,0.040033768252048796,certain_temperate,497.3863403320313,583.8925921440125,POINT (556385.8552909862 8639505.123044265),ragna_mariebreen
ragna_mariebreen-20240412-DAT_0405_A1_1,540.0,815,90.16143035888672,556390.8172763028,8639503.714764636,586.6964277787642,2024-04-12 16:20:12.727272704+00:00,0,2024-04-29,25 MHz,20240412,87.11543607711792,89.70453643798828,90.31373596191406,1.3144523229155396,0.6773965827941895,10,1.8798599441831172,1.1549263000488281,2.3079415717625684,2.568173101157063,87.49824358156857,92.52002881833377,89.85683092474937,84.06944179534912,3.585113866567629,4.2901915616244075,8.0,8.0,0.5347440812817168,0.0,4.323389280171183,3.6247748438656604,90.16143035888672,83.5346977140674,0.9662162160732782,0.03976327629560797,certain_temperate,496.5349974198775,583.6504334969954,POINT (556390.8172763028 8639503.714764636),ragna_mariebreen
ragna_mariebreen-20240412-DAT_0405_A1_1,545.0,821,90.61833190917969,556395.5645936361,8639502.385720063,586.4623524058949,2024-04-12 16:20:13.818181632+00:00,0,2024-04-29,25 MHz,20240412,87.57233762741089,90.16143035888672,90.92293548583984,1.2534295373423303,0.6773965827941895,10,1.888627234580954,1.154951095581055,2.3151006446299536,2.543994982201614,87.94764968673675,93.13671615798981,90.31373247504234,84.52634334564209,3.5652447621295447,4.2901915616244075,8.0,8.0,0.5347440812817168,0.0,4.323389280171183,3.6051243316088253,90.61833190917969,83.99159926436037,0.9663865553735685,0.03934352671270462,certain_temperate,495.8440204967152,583.4163581241261,POINT (556395.5645936361 8639502.385720063),ragna_mariebreen
ragna_mariebreen-20240412-DAT_0405_A1_1,550.0,827,91.2275390625,556400.0097617747,8639501.196651863,586.2867431640625,2024-04-12 16:20:15+00:00,0,2024-04-29,25 MHz,20240412,88.1815447807312,90.7706298828125,91.68443298339844,1.2506533959341504,0.9032048698425292,10,1.9003224866742972,1.3199323018391926,2.483792638628626,2.6301294172645036,88.45687820322402,93.99818466298692,90.92293962836266,85.1355504989624,3.5652447621295447,4.2901915616244075,8.0,8.0,0.5347440812817168,0.0,4.323389280171183,3.6051243316088253,91.2275390625,84.60080641768069,0.9666110221423162,0.03908079510603695,certain_temperate,495.0592041015625,583.2407488822937,POINT (556400.0097617747 8639501.196651863),ragna_mariebreen
ragna_mariebreen-20240412-DAT_0405_A1_1,555.0,836,91.83673095703125,556405.3262098331,8639499.924763909,586.123046875,2024-04-12 16:20:17+00:00,0,2024-04-29,25 MHz,20240412,88.79073667526245,91.07522583007812,92.29363250732422,1.28671106220992,1.2419003334045409,10,1.912023551410823,1.154934565226237,2.5557825316748457,2.577854392458456,88.8414604191399,94.52739791826244,91.5321315228939,85.74474239349365,3.565244762129545,4.2901915616244075,8.0,8.0,0.5347440812817168,0.0,4.323389280171183,3.6051243316088257,91.83673095703125,85.20999831221194,0.9668325053600398,0.03882155565617486,certain_temperate,494.28631591796875,583.0770525932312,POINT (556405.3262098331 8639499.924763909),ragna_mariebreen
ragna_mariebreen-20240412-DAT_0405_A1_1,560.0,844,92.29363250732422,556410.2352551017,8639499.008559454,585.972412109375,2024-04-12 16:20:18.600000+00:00,0,2024-04-29,25 MHz,20240412,89.24763822555542,91.68443298339844,92.75052642822266,1.2924058833419658,1.5805901412963865,10,1.9208034362106932,0.8249556223551433,2.620744706028708,2.457712470308741,89.59396948947797,94.84098992214312,91.98903307318687,86.20164394378662,3.5652447621295447,4.2901915616244075,8.0,8.0,0.5347440812817168,0.0,4.323389280171183,3.6051243316088253,92.29363250732422,85.6668998625049,0.9669967017331659,0.03862936873620848,certain_temperate,493.6787796020508,582.9264178276062,POINT (556410.2352551017 8639499.008559454),ragna_mariebreen
ragna_mariebreen-20240412-DAT_0405_A1_1,565.0,851,92.59822845458984,556414.9557990644,8639497.898494119,585.815185546875,2024-04-12 16:20:20+00:00,0,2024-04-29,25 MHz,20240412,89.55223417282104,91.98902893066406,93.05513000488281,1.355475340105779,1.4676916534423827,10,1.9266584453844864,0.6599661509195963,2.5103160906777116,2.4464017419806323,89.952471029319,95.09168790622788,92.2936290204525,86.50623989105225,3.5652447621295447,4.2901915616244075,8.0,8.0,0.5347440812817168,0.0,4.323389280171183,3.6051243316088253,92.59822845458984,85.97149580977053,0.9671052639709781,0.038502299899591926,certain_temperate,493.21695709228516,582.7691912651062,POINT (556414.9557990644 8639497.898494119),ragna_mariebreen
ragna_mariebreen-20240412-DAT_0405_A1_1,570.0,858,92.90283203125,556419.5900662483,8639496.784920115,585.704736328125,2024-04-12 16:20:21.400000+00:00,0,2024-04-29,25 MHz,20240412,89.8568377494812,92.29363250732422,93.35972595214844,1.3141587519271938,1.129001845550537,10,1.9325150658586496,0.6599744160970052,2.3334150674343737,2.4284138722507915,90.2515304751835,95.40182798428916,92.59823259711266,86.8108434677124,3.5288114201810146,4.2901915616244075,8.0,8.0,0.5347440812817168,0.0,4.323389280171183,3.569098103396119,92.90283203125,86.27609938643069,0.9672131170259244,0.037983895033404554,certain_temperate,492.801904296875,582.6587420463562,POINT (556419.5900662483 8639496.784920115),ragna_mariebreen
ragna_mariebreen-20240412-DAT_0405_A1_1,575.0,866,93.20743560791016,556424.6082273345,8639495.314740688,585.6256713867188,2024-04-12 16:20:23+00:00,0,2024-04-29,25 MHz,20240412,90.16144132614136,92.59822845458984,93.8166275024414,1.2327000558150387,1.129007501220703,10,1.9383731377217046,0.6599578857421875,2.3382670441604825,2.390059467795892,90.55058716960012,95.86426878743113,92.90283617377281,87.11544704437256,3.5288114201810146,4.2901915616244075,8.0,8.0,0.5347440812817168,0.0,4.323389280171183,3.569098103396119,93.20743560791016,86.58070296309084,0.9673202651494223,0.03785976298098623,certain_temperate,492.4182357788086,582.57967710495,POINT (556424.6082273345 8639495.314740688),ragna_mariebreen
ragna_mariebreen-20240412-DAT_0405_A1_1,580.0,875,93.51202392578125,556429.5080242296,8639493.839740897,585.5709394975142,2024-04-12 16:20:24.727272704+00:00,0,2024-04-29,25 MHz,20240412,90.46602964401245,93.20743560791016,94.12123107910156,1.168844800218808,0.9032105255126953,10,1.9442323542926538,0.6599578857421875,2.243072248463828,2.36257952785302,91.15424690288773,96.17441978412398,93.2074244916439,87.42003536224365,3.5288114201810146,4.2901915616244075,8.0,8.0,0.5347440812817168,0.0,4.323389280171183,3.569098103396119,93.51202392578125,86.88529128096194,0.9674267099150121,0.0377364457749494,certain_temperate,492.058915571733,582.5249452157454,POINT (556429.5080242296 8639493.839740897),ragna_mariebreen
ragna_mariebreen-20240412-DAT_0405_A1_1,585.0,884,93.8166275024414,556433.9965492843,8639492.273461748,585.5091430664063,2024-04-12 16:20:26.400000+00:00,0,2024-04-29,25 MHz,20240412,90.77063322067261,93.51202392578125,93.96892547607422,1.0797896733294972,0.6774078941345214,10,1.9500932896589176,0.3299872080485026,2.0906068140337033,2.253375497886983,91.5342081113414,95.94674129051407,93.51202806830406,87.72463893890381,3.5288114201810146,4.2901915616244075,8.0,8.0,0.5347440812817168,0.0,4.323389280171183,3.569098103396119,93.8166275024414,87.1898948576221,0.9675324687866281,0.037613923183171166,certain_temperate,491.6925155639649,582.4631487846375,POINT (556433.9965492843 8639492.273461748),ragna_mariebreen
ragna_mariebreen-20240412-DAT_0405_A1_1,590.0,893,93.8166275024414,556438.5799656551,8639490.627307892,585.4340362548828,2024-04-12 16:20:28.249999872+00:00,0,2024-04-29,25 MHz,20240412,90.77063322067261,93.51202392578125,94.12123107910156,1.1035163507783257,0.6774078941345214,10,1.9500932896589176,0.0,2.064399499469157,2.240672259570295,91.56193063612233,96.07132436876049,93.51202806830406,87.72463893890381,3.51039383342245,4.2901915616244075,8.0,8.0,0.5347440812817168,0.0,4.323389280171183,3.5508894798622204,93.8166275024414,87.1898948576221,0.9675324687866281,0.037417608443994624,certain_temperate,491.6174087524414,582.388041973114,POINT (556438.5799656551 8639490.627307892),ragna_mariebreen
ragna_mariebreen-20240412-DAT_0405_A1_1,595.0,901,93.8166275024414,556443.6766747044,8639489.206951803,585.3934326171875,2024-04-12 16:20:30+00:00,0,2024-04-29,25 MHz,20240412,90.77063322067261,93.35972595214844,94.27352142333984,1.0458420621438336,0.7903063819885253,10,1.9500932896589176,0.16498947143554688,2.11060880825157,2.21897971667309,91.40266556369403,96.23058181179425,93.51202806830406,87.72463893890381,3.51039383342245,4.2901915616244075,8.0,8.0,0.5347440812817168,0.0,4.323389280171183,3.5508894798622204,93.8166275024414,87.1898948576221,0.9675324687866281,0.037417608443994624,certain_temperate,491.5768051147461,582.3474383354187,POINT (556443.6766747044 8639489.206951803),ragna_mariebreen
ragna_mariebreen-20240412-DAT_0405_A1_1,600.0,909,93.6643295288086,556448.7165910491,8639487.974684466,585.413857199929,2024-04-12 16:20:31.545454592+00:00,0,2024-04-29,25 MHz,20240412,90.6183352470398,93.20743560791016,94.27352142333984,1.0434976592683372,0.7902894149780273,10,1.9471627180162674,0.3299872080485026,2.127179251340718,2.2336565476381196,91.23250922753337,96.24844780371663,93.35973009467125,87.572340965271,3.5288114201810146,4.2901915616244075,8.0,8.0,0.5347440812817168,0.0,4.323389280171183,3.569098103396119,93.6643295288086,87.03759688398928,0.9674796766592779,0.03767508333143674,certain_temperate,491.7495276711204,582.3678629181602,POINT (556448.7165910491 8639487.974684466),ragna_mariebreen
ragna_mariebreen-20240412-DAT_0405_A1_1,605.0,917,93.51202392578125,556453.4785045641,8639486.815670742,585.4766235351562,2024-04-12 16:20:33+00:00,0,2024-04-29,25 MHz,20240412,90.46602964401245,93.35972595214844,94.27352142333984,0.992742992140799,0.9031935585021972,10,1.9442323542926538,0.16499773661295575,2.150121462774979,2.18924698218598,91.40850487278153,96.22474250270675,93.2074244916439,87.42003536224365,3.5288114201810146,4.2901915616244075,8.0,8.0,0.5347440812817168,0.0,4.323389280171183,3.569098103396119,93.51202392578125,86.88529128096194,0.9674267099150121,0.0377364457749494,certain_temperate,491.964599609375,582.4306292533875,POINT (556453.4785045641 8639486.815670742),ragna_mariebreen
ragna_mariebreen-20240412-DAT_0405_A1_1,610.0,924,93.51202392578125,556457.9167362122,8639485.694198176,585.5473388671875,2024-04-12 16:20:34.400000+00:00,0,2024-04-29,25 MHz,20240412,90.46602964401245,93.20743560791016,94.12123107910156,1.0274414005993002,0.9031992141723633,10,1.9442323542926538,0.16499773661295575,2.150123838537522,2.205198297711842,91.25621452854325,96.07245215846847,93.2074244916439,87.42003536224365,3.5288114201810146,4.2901915616244075,8.0,8.0,0.5347440812817168,0.0,4.323389280171183,3.569098103396119,93.51202392578125,86.88529128096194,0.9674267099150121,0.0377364457749494,certain_temperate,492.0353149414062,582.5013445854187,POINT (556457.9167362122 8639485.694198176),ragna_mariebreen
ragna_mariebreen-20240412-DAT_0405_A1_1,615.0,932,93.6643295288086,556462.809709971,8639484.405192569,585.6053466796875,2024-04-12 16:20:36+00:00,0,2024-04-29,25 MHz,20240412,90.6183352470398,93.05513000488281,94.12123107910156,1.0076878124985822,0.9031935585021972,10,1.9471627180162674,0.16499773661295575,2.1527715874285778,2.1986590529179537,91.10098904182004,96.07537204216433,93.35973009467125,87.572340965271,3.547950501768492,4.2901915616244075,8.0,8.0,0.5347440812817168,0.0,4.323389280171183,3.5880222958428116,93.6643295288086,87.03759688398928,0.9674796766592779,0.037879420261875026,certain_temperate,491.9410171508789,582.5593523979187,POINT (556462.809709971 8639484.405192569),ragna_mariebreen
ragna_mariebreen-20240412-DAT_0405_A1_1,620.0,940,93.6643295288086,556468.0609212309,8639483.130872367,585.6482950846354,2024-04-12 16:20:37.666666752+00:00,0,2024-04-29,25 MHz,20240412,90.6183352470398,93.05513000488281,94.12123107910156,0.9870158408388848,0.7903007263183593,10,1.9471627180162674,0.0,2.101432342106646,2.1830352540670037,91.10796728686654,96.06839379711784,93.35973009467125,87.572340965271,3.547950501768492,4.2901915616244075,8.0,8.0,0.5347440812817168,0.0,4.323389280171183,3.5880222958428116,93.6643295288086,87.03759688398928,0.9674796766592779,0.037879420261875026,certain_temperate,491.9839655558268,582.6023008028666,POINT (556468.0609212309 8639483.130872367),ragna_mariebreen
ragna_mariebreen-20240412-DAT_0405_A1_1,625.0,947,93.6643295288086,556472.8182588326,8639482.084561666,585.6619364420573,2024-04-12 16:20:39.166666752+00:00,0,2024-04-29,25 MHz,20240412,90.6183352470398,93.05513000488281,94.12123107910156,1.0324475443727927,0.7902894149780273,10,1.9471627180162674,0.0,2.101428088195932,2.203948861093176,91.10796728686654,96.06839379711784,93.35973009467125,87.572340965271,3.5677998236305055,4.2901915616244075,8.0,8.0,0.5347440812817168,0.0,4.323389280171183,3.6076511491500525,93.6643295288086,87.03759688398928,0.9674796766592779,0.03809134001790028,certain_temperate,491.99760691324866,582.6159421602885,POINT (556472.8182588326 8639482.084561666),ragna_mariebreen
ragna_mariebreen-20240412-DAT_0405_A1_1,630.0,955,93.6643295288086,556477.4063863963,8639481.205092762,585.6496459960938,2024-04-12 16:20:40.600000+00:00,0,2024-04-29,25 MHz,20240412,90.6183352470398,93.05513000488281,94.12123107910156,1.0274406969146992,0.7902894149780273,10,1.9471627180162674,0.0,2.101428088195932,2.20160782977102,91.10796728686654,96.06839379711784,93.35973009467125,87.572340965271,3.567799823630505,4.2901915616244075,8.0,8.0,0.5347440812817168,0.0,4.323389280171183,3.607651149150052,93.6643295288086,87.03759688398928,0.9674796766592779,0.03809134001790027,certain_temperate,491.9853164672852,582.603651714325,POINT (556477.4063863963 8639481.205092762),ragna_mariebreen
ragna_mariebreen-20240412-DAT_0405_A1_1,635.0,962,93.6643295288086,556482.7173726617,8639480.454524424,585.6567016601563,2024-04-12 16:20:42.200000+00:00,0,2024-04-29,25 MHz,20240412,90.6183352470398,93.05513000488281,94.12123107910156,1.0056379145093166,0.6774022384643554,10,1.9471627180162674,0.16499773661295575,2.068221626469566,2.1977203003609316,91.10098904182004,96.07537204216433,93.35973009467125,87.572340965271,3.567799823630505,4.2901915616244075,8.0,8.0,0.5347440812817168,0.0,4.323389280171183,3.607651149150052,93.6643295288086,87.03759688398928,0.9674796766592779,0.03809134001790027,certain_temperate,491.9923721313477,582.6107073783875,POINT (556482.7173726617 8639480.454524424),ragna_mariebreen
ragna_mariebreen-20240412-DAT_0405_A1_1,640.0,969,93.51202392578125,556487.6167701718,8639479.873285428,585.7014892578125,2024-04-12 16:20:43.600000+00:00,0,2024-04-29,25 MHz,20240412,90.46602964401245,93.05513000488281,94.12123107910156,1.0078152450327293,0.7903063819885253,10,1.9442323542926538,0.3299872080485026,2.124503514321827,2.2146382488059717,91.0830927321737,96.09326835181068,93.2074244916439,87.42003536224365,3.5883472951824764,4.2901915616244075,8.0,8.0,0.5347440812817168,0.0,4.323389280171183,3.6279729248313335,93.51202392578125,86.88529128096194,0.9674267099150121,0.03837311122717738,certain_temperate,492.1894653320312,582.6554949760437,POINT (556487.6167701718 8639479.873285428),ragna_mariebreen
ragna_mariebreen-20240412-DAT_0405_A1_1,645.0,976,93.35972595214844,556492.5632370618,8639479.293984609,585.7636108398438,2024-04-12 16:20:45+00:00,0,2024-04-29,25 MHz,20240412,90.31373167037964,93.05513000488281,93.96892547607422,0.9766468957818358,0.6773965827941895,10,1.9413024936737973,0.16498947143554688,2.0627028453002945,2.179384329729151,91.10682897638935,95.91722650456768,93.0551265180111,87.26773738861084,3.5883472951824764,4.2901915616244075,8.0,8.0,0.5347440812817168,0.0,4.323389280171183,3.6279729248313335,93.35972595214844,86.73299330732912,0.9673735730187337,0.03843570938738279,certain_temperate,492.4038848876953,582.717616558075,POINT (556492.5632370618 8639479.293984609),ragna_mariebreen
ragna_mariebreen-20240412-DAT_0405_A1_1,650.0,983,93.35972595214844,556497.5774023066,8639478.692657474,585.789794921875,2024-04-12 16:20:46.333333248+00:00,0,2024-04-29,25 MHz,20240412,90.31373167037964,92.90283203125,93.96892547607422,1.0103695802329442,0.9031992141723633,10,1.9413024936737973,0.16498120625813803,2.147473629836713,2.194702909056848,90.95453170266549,95.91722580465873,93.0551265180111,87.26773738861084,3.609581181372786,4.2901915616244075,8.0,8.0,0.5347440812817168,0.0,4.323389280171183,3.648976231408802,93.35972595214844,86.73299330732912,0.9673735730187337,0.038663150995354015,certain_temperate,492.43006896972656,582.7438006401062,POINT (556497.5774023066 8639478.692657474),ragna_mariebreen
ragna_mariebreen-20240412-DAT_0405_A1_1,655.0,990,93.20743560791016,556502.404322224,8639478.058855359,585.7916137695313,2024-04-12 16:20:47.600000+00:00,0,2024-04-29,25 MHz,20240412,90.16144132614136,92.90283203125,93.8166275024414,1.0178686575294962,1.0160863906860351,10,1.9383731377217046,0.32997894287109375,2.213279936455573,2.2140987168056236,90.93657250520076,95.78288702849065,92.90283617377281,87.11544704437256,3.609581181372786,4.2901915616244075,8.0,8.0,0.5347440812817168,0.0,4.323389280171183,3.648976231408802,93.20743560791016,86.58070296309084,0.9673202651494223,0.03872632218481993,certain_temperate,492.58417816162114,582.7456194877625,POINT (556502.404322224 8639478.058855359),ragna_mariebreen
ragna_mariebreen-20240412-DAT_0405_A1_1,660.0,997,93.05513000488281,556507.6841909268,8639477.493268045,585.78466796875,2024-04-12 16:20:49+00:00,0,2024-04-29,25 MHz,20240412,90.00913572311401,92.90283203125,93.8166275024414,1.0285703058298503,1.016103357696533,10,1.9354438478267086,0.3299872080485026,2.2107239717088314,2.2164817435748967,90.93945879990403,95.78000073378738,92.75053057074547,86.96314144134521,3.6095811813727856,4.2901915616244075,8.0,8.0,0.5347440812817168,0.0,4.323389280171183,3.6489762314088017,93.05513000488281,86.4283973600635,0.9672667774295843,0.038789706501762805,certain_temperate,492.7295379638672,582.7386736869812,POINT (556507.6841909268 8639477.493268045),ragna_mariebreen
ragna_mariebreen-20240412-DAT_0405_A1_1,665.0,1003,92.90283203125,556512.1920411245,8639476.784379536,585.785400390625,2024-04-12 16:20:50.200000+00:00,0,2024-04-29,25 MHz,20240412,89.8568377494812,92.75052642822266,93.8166275024414,1.060156935952033,0.9031992141723633,10,1.9325150658586496,0.16498947143554688,2.13953378705194,2.210377509454538,90.81098111927645,95.75617281138761,92.59823259711266,86.8108434677124,3.631489309728578,4.2901915616244075,8.0,8.0,0.5347440812817168,0.0,4.323389280171183,3.6706492394587054,92.90283203125,86.27609938643069,0.9672131170259244,0.03908911311236501,certain_temperate,492.882568359375,582.7394061088562,POINT (556512.1920411245 8639476.784379536),ragna_mariebreen
ragna_mariebreen-20240412-DAT_0405_A1_1,670.0,1010,92.90283203125,556517.071740508,8639476.109349446,585.7834167480469,2024-04-12 16:20:51.500000+00:00,0,2024-04-29,25 MHz,20240412,89.8568377494812,92.59822845458984,93.6643295288086,1.101648367392018,0.7903007263183593,10,1.9325150658586496,0.0,2.0878672653667394,2.224464790718918,90.66571338873119,95.59684459466725,92.59823259711266,86.8108434677124,3.6314893097285776,4.2901915616244075,8.0,8.0,0.5347440812817168,0.0,4.323389280171183,3.670649239458705,92.90283203125,86.27609938643069,0.9672131170259244,0.039089113112365,certain_temperate,492.8805847167969,582.7374224662781,POINT (556517.071740508 8639476.109349446),ragna_mariebreen
ragna_mariebreen-20240412-DAT_0405_A1_1,675.0,1017,92.90283203125,556522.0020166113,8639475.734271154,585.7843627929688,2024-04-12 16:20:52.800000+00:00,0,2024-04-29,25 MHz,20240412,89.8568377494812,92.75052642822266,93.6643295288086,1.0977798578518865,0.7903007263183593,10,1.9325150658586496,0.16499773661295575,2.0943767499849177,2.228667617470889,90.81098041617291,95.60387554085834,92.59823259711266,86.8108434677124,3.5957849364434047,4.2901915616244075,8.0,8.0,0.5347440812817168,0.0,4.323389280171183,3.6353294956054705,92.90283203125,86.27609938643069,0.9672131170259244,0.03870479357651745,certain_temperate,492.88153076171875,582.7383685112,POINT (556522.0020166113 8639475.734271154),ragna_mariebreen
ragna_mariebreen-20240412-DAT_0405_A1_1,680.0,1024,92.75052642822266,556527.52201621,8639475.39734119,585.7714385986328,2024-04-12 16:20:54.249999872+00:00,0,2024-04-29,25 MHz,20240412,89.70453214645386,92.59822845458984,93.51202392578125,1.1402734660610336,0.6773965827941895,10,1.9295865000266175,0.0,2.045035498827885,2.2413227430443423,90.66864195456323,95.44161042580787,92.44592699408531,86.65853786468506,3.618692486061867,4.2901915616244075,8.0,8.0,0.5347440812817168,0.0,4.323389280171183,3.6579894123885106,92.75052642822266,86.12379378340334,0.9671592776982672,0.03901533096809196,certain_temperate,493.02091217041016,582.725444316864,POINT (556527.52201621 8639475.39734119),ragna_mariebreen
ragna_mariebreen-20240412-DAT_0405_A1_1,685.0,1029,92.90283203125,556532.2034305619,8639475.007448152,585.7626647949219,2024-04-12 16:20:55.500000+00:00,0,2024-04-29,25 MHz,20240412,89.8568377494812,92.4459228515625,93.51202392578125,1.1616583181065947,1.016103357696533,10,1.9325150658586496,0.16499773661295575,2.189590090948584,2.2608159546686464,90.50637683951275,95.451569937831,92.59823259711266,86.8108434677124,3.6019998687491066,4.2901915616244075,8.0,8.0,0.5347440812817168,0.0,4.323389280171183,3.641476937581015,92.90283203125,86.27609938643069,0.9672131170259244,0.03877169070085497,certain_temperate,492.8598327636719,582.7166705131531,POINT (556532.2034305619 8639475.007448152),ragna_mariebreen
ragna_mariebreen-20240412-DAT_0405_A1_1,690.0,1035,92.90283203125,556537.0123959207,8639474.525059279,585.7529541015625,2024-04-12 16:20:56.800000+00:00,0,2024-04-29,25 MHz,20240412,89.8568377494812,92.4459228515625,93.51202392578125,1.2289267140547797,1.016103357696533,10,1.9325150658586496,0.16498947143554688,2.1895894681372146,2.296104717553779,90.50637754261629,95.45156923472746,92.59823259711266,86.8108434677124,3.601999868749107,4.2901915616244075,8.0,8.0,0.5347440812817168,0.0,4.323389280171183,3.6414769375810154,92.90283203125,86.27609938643069,0.9672131170259244,0.03877169070085497,certain_temperate,492.8501220703125,582.7069598197937,POINT (556537.0123959207 8639474.525059279),ragna_mariebreen
ragna_mariebreen-20240412-DAT_0405_A1_1,695.0,1042,93.05513000488281,556541.9929129472,8639474.170727631,585.725390625,2024-04-12 16:20:58.200000+00:00,0,2024-04-29,25 MHz,20240412,90.00913572311401,92.29363250732422,93.35972595214844,1.258047704159876,1.128996189880371,10,1.9354438478267086,0.16498947143554688,2.2467302487257417,2.3142706064150693,90.35116901634818,95.30218944312448,92.75053057074547,86.96314144134521,3.6255536771866326,4.2901915616244075,8.0,8.0,0.5347440812817168,0.0,4.323389280171183,3.664777032593844,93.05513000488281,86.4283973600635,0.9672667774295843,0.038961352017845674,certain_temperate,492.67026062011723,582.6793963432312,POINT (556541.9929129472 8639474.170727631),ragna_mariebreen
ragna_mariebreen-20240412-DAT_0405_A1_1,700.0,1049,93.05513000488281,556546.9764812624,8639473.742073791,585.6766967773438,2024-04-12 16:20:59.600000+00:00,0,2024-04-29,25 MHz,20240412,90.00913572311401,92.29363250732422,93.51202392578125,1.256406821604015,1.2419003334045409,10,1.9354438478267086,0.16499773661295575,2.3055332526962093,2.31337961488182,90.35116831430092,95.45448811880455,92.75053057074547,86.96314144134521,3.6255536771866326,4.2901915616244075,8.0,8.0,0.5347440812817168,0.0,4.323389280171183,3.664777032593844,93.05513000488281,86.4283973600635,0.9672667774295843,0.038961352017845674,certain_temperate,492.62156677246094,582.630702495575,POINT (556546.9764812624 8639473.742073791),ragna_mariebreen
ragna_mariebreen-20240412-DAT_0405_A1_1,705.0,1057,93.20743560791016,556552.1311058211,8639473.357682839,585.6033325195312,2024-04-12 16:21:01+00:00,0,2024-04-29,25 MHz,20240412,90.16144132614136,92.29363250732422,93.51202392578125,1.218817951473338,1.241911644744873,10,1.9383731377217046,0.16499773661295575,2.3079989617591687,2.295654998679494,90.34824959536871,95.45740683773676,92.90283617377281,87.11544704437256,3.625553677186633,4.2901915616244075,8.0,8.0,0.5347440812817168,0.0,4.323389280171183,3.6647770325938445,93.20743560791016,86.58070296309084,0.9673202651494223,0.03889768722356037,certain_temperate,492.3958969116211,582.5573382377625,POINT (556552.1311058211 8639473.357682839),ragna_mariebreen
ragna_mariebreen-20240412-DAT_0405_A1_1,710.0,1064,93.20743560791016,556557.237032904,8639472.915470656,585.4948120117188,2024-04-12 16:21:02.400000+00:00,0,2024-04-29,25 MHz,20240412,90.16144132614136,92.4459228515625,93.6643295288086,1.179273024756417,1.241905989074707,10,1.9383731377217046,0.16499773661295575,2.3079959185033476,2.274906490615962,90.500539939607,95.6097124407641,92.90283617377281,87.11544704437256,3.6497497956483254,4.2901915616244075,8.0,8.0,0.5347440812817168,0.0,4.323389280171183,3.6887158745694713,93.20743560791016,86.58070296309084,0.9673202651494223,0.039157281517769656,certain_temperate,492.2873764038086,582.44881772995,POINT (556557.237032904 8639472.915470656),ragna_mariebreen
ragna_mariebreen-20240412-DAT_0405_A1_1,715.0,1071,93.05513000488281,556562.5124909927,8639472.554686088,585.3665649414063,2024-04-12 16:21:03.800000+00:00,0,2024-04-29,25 MHz,20240412,90.00913572311401,92.59822845458984,93.51202392578125,1.212143217157476,1.129001845550537,10,1.9354438478267086,0.16499773661295575,2.2467336977118966,2.2896415265448278,90.65576426156655,95.45448811880455,92.75053057074547,86.96314144134521,3.6497497956483254,4.2901915616244075,8.0,8.0,0.5347440812817168,0.0,4.323389280171183,3.6887158745694713,93.05513000488281,86.4283973600635,0.9672667774295843,0.03922137119637375,certain_temperate,492.3114349365235,582.3205706596375,POINT (556562.5124909927 8639472.554686088),ragna_mariebreen
ragna_mariebreen-20240412-DAT_0405_A1_1,720.0,1077,93.05513000488281,556567.3394085751,8639472.30584301,585.1948852539062,2024-04-12 16:21:05+00:00,0,2024-04-29,25 MHz,20240412,90.00913572311401,92.59822845458984,93.6643295288086,1.2163893377140411,1.3548044769287109,10,1.9354438478267086,0.16498947143554688,2.3682608776232645,2.291891671671949,90.6557649636138,95.60679301978463,92.75053057074547,86.96314144134521,3.674575993207598,4.2901915616244075,8.0,8.0,0.5347440812817168,0.0,4.323389280171183,3.713281562489361,93.05513000488281,86.4283973600635,0.9672667774295843,0.03948816140512387,certain_temperate,492.13975524902344,582.1488909721375,POINT (556567.3394085751 8639472.30584301),ragna_mariebreen
ragna_mariebreen-20240412-DAT_0405_A1_1,725.0,1083,92.90283203125,556572.2149197689,8639472.021779293,584.99189453125,2024-04-12 16:21:06.200000+00:00,0,2024-04-29,25 MHz,20240412,89.8568377494812,92.59822845458984,93.6643295288086,1.2394763516592842,1.354798821258545,10,1.9325150658586496,0.16498947143554688,2.3658647153924046,2.301768370574644,90.65868314564364,95.6038748377548,92.59823259711266,86.8108434677124,3.674575993207598,4.2901915616244075,8.0,8.0,0.5347440812817168,0.0,4.323389280171183,3.713281562489361,92.90283203125,86.27609938643069,0.9672131170259244,0.03955289535168928,certain_temperate,492.08906249999995,581.9459002494812,POINT (556572.2149197689 8639472.021779293),ragna_mariebreen
ragna_mariebreen-20240412-DAT_0405_A1_1,730.0,1089,92.90283203125,556577.3665579668,8639471.455338206,584.791259765625,2024-04-12 16:21:07.444444416+00:00,0,2024-04-29,25 MHz,20240412,89.8568377494812,92.59822845458984,93.6643295288086,1.2884116220668902,1.354798821258545,10,1.9325150658586496,0.0,2.3601047277301497,2.3226319096334866,90.66571338873119,95.59684459466725,92.59823259711266,86.8108434677124,3.674575993207598,4.2901915616244075,8.0,8.0,0.5347440812817168,0.0,4.323389280171183,3.713281562489361,92.90283203125,86.27609938643069,0.9672131170259244,0.03955289535168928,certain_temperate,491.888427734375,581.7452654838562,POINT (556577.3665579668 8639471.455338206),ragna_mariebreen
ragna_mariebreen-20240412-DAT_0405_A1_1,735.0,1094,92.90283203125,556582.0417230827,8639470.819723632,584.6197509765625,2024-04-12 16:21:08.555555584+00:00,0,2024-04-29,25 MHz,20240412,89.8568377494812,92.59822845458984,93.6643295288086,1.3417171329419193,1.354798821258545,10,1.9325150658586496,0.16499773661295575,2.3658652917995147,2.358398523932701,90.6586824425401,95.60387554085834,92.59823259711266,86.8108434677124,3.674575993207598,4.2901915616244075,8.0,8.0,0.5347440812817168,0.0,4.323389280171183,3.713281562489361,92.90283203125,86.27609938643069,0.9672131170259244,0.03955289535168928,certain_temperate,491.7169189453125,581.5737566947937,POINT (556582.0417230827 8639470.819723632),ragna_mariebreen
ragna_mariebreen-20240412-DAT_0405_A1_1,740.0,1100,92.75052642822266,556586.8868547428,8639470.191095468,584.4347330729166,2024-04-12 16:21:09.666666752+00:00,0,2024-04-29,25 MHz,20240412,89.70453214645386,92.75052642822266,93.8166275024414,1.4168330170812582,1.354798821258545,10,1.9295865000266175,0.0,2.3577073412890996,2.3938921987793336,90.82093992819604,95.74621400246802,92.44592699408531,86.65853786468506,3.674575993207598,4.2901915616244075,8.0,8.0,0.5347440812817168,0.0,4.323389280171183,3.713281562489361,92.75052642822266,86.12379378340334,0.9671592776982672,0.03961784514561501,certain_temperate,491.684206644694,581.3887387911478,POINT (556586.8868547428 8639470.191095468),ragna_mariebreen
ragna_mariebreen-20240412-DAT_0405_A1_1,745.0,1105,92.90283203125,556591.5154233463,8639469.574285634,584.231689453125,2024-04-12 16:21:10.750000128+00:00,0,2024-04-29,25 MHz,20240412,89.8568377494812,92.75052642822266,93.8166275024414,1.4416292128632329,1.241894677734375,10,1.9325150658586496,0.3299872080485026,2.3207344587072587,2.4334750511618095,90.7900402545284,95.77711367613566,92.59823259711266,86.8108434677124,3.6497497956483254,4.2901915616244075,8.0,8.0,0.5347440812817168,0.0,4.323389280171183,3.6887158745694713,92.90283203125,86.27609938643069,0.9672131170259244,0.0392856677869696,certain_temperate,491.328857421875,581.1856951713562,POINT (556591.5154233463 8639469.574285634),ragna_mariebreen
ragna_mariebreen-20240412-DAT_0405_A1_1,750.0,1112,93.05513000488281,556597.2915345763,8639468.694306191,583.9315551757812,2024-04-12 16:21:12.200000+00:00,0,2024-04-29,25 MHz,20240412,90.00913572311401,92.75052642822266,93.8166275024414,1.5243506980167953,1.128996189880371,10,1.9354438478267086,0.3299872080485026,2.264832630092188,2.4856547419362554,90.78715319687669,95.78000073378738,92.75053057074547,86.96314144134521,3.6497497956483254,4.2901915616244075,8.0,8.0,0.5347440812817168,0.0,4.323389280171183,3.6887158745694713,93.05513000488281,86.4283973600635,0.9672667774295843,0.03922137119637375,certain_temperate,490.8764251708984,580.8855608940124,POINT (556597.2915345763 8639468.694306191),ragna_mariebreen
ragna_mariebreen-20240412-DAT_0405_A1_1,755.0,1118,93.20743560791016,556601.8713771927,8639467.765261993,583.6741333007812,2024-04-12 16:21:13.400000+00:00,0,2024-04-29,25 MHz,20240412,90.16144132614136,92.59822845458984,93.8166275024414,1.5941827126286372,1.241905989074707,10,1.9383731377217046,0.32997894287109375,2.3256197043968814,2.5313227856248224,90.6319689285406,95.78288702849065,92.90283617377281,87.11544704437256,3.649749795648326,4.2901915616244075,8.0,8.0,0.5347440812817168,0.0,4.323389280171183,3.6887158745694717,93.20743560791016,86.58070296309084,0.9673202651494223,0.039157281517769656,certain_temperate,490.4666976928711,580.6281390190125,POINT (556601.8713771927 8639467.765261993),ragna_mariebreen
ragna_mariebreen-20240412-DAT_0405_A1_1,760.0,1125,93.35972595214844,556606.9748438667,8639466.522628604,583.3592163085938,2024-04-12 16:21:14.800000+00:00,0,2024-04-29,25 MHz,20240412,90.31373167037964,92.59822845458984,93.96892547607422,1.6653433509586457,1.241894677734375,10,1.9413024936737973,0.16498120625813803,2.3104494283466717,2.563053383553426,90.64992812600534,95.91722580465873,93.0551265180111,87.26773738861084,3.649749795648326,4.2901915616244075,8.0,8.0,0.5347440812817168,0.16499127944310507,4.326536373381296,3.692403949406551,93.35972595214844,86.70811845151337,0.9673735730187337,0.03909340733839564,certain_temperate,489.99949035644534,580.313222026825,POINT (556606.9748438667 8639466.522628604),ragna_mariebreen
ragna_mariebreen-20240412-DAT_0405_A1_1,765.0,1132,93.35972595214844,556611.1635699532,8639465.168004548,583.0595703125,2024-04-12 16:21:16+00:00,0,2024-04-29,25 MHz,20240412,90.16143202781677,92.75052642822266,93.96892547607422,1.7578000966345684,1.2419003334045409,10,1.9413024936737973,0.0,2.304554579534712,2.6188769638286944,90.80922393454885,95.91022796974802,93.0551265180111,87.26773738861084,3.6437868467105874,4.2901915616244075,8.0,8.0,0.5350996482997973,0.16499127944310507,4.326580334552464,3.6865615877350977,93.35972595214844,86.70777867950557,0.9657422524357993,0.03902953666100318,certain_temperate,489.69984436035156,579.8612763881683,POINT (556611.1635699532 8639465.168004548),ragna_mariebreen
ragna_mariebreen-20240412-DAT_0405_A1_1,770.0,1139,93.35972595214844,556615.971372261,8639463.280320274,582.6844482421875,2024-04-12 16:21:17.400000+00:00,0,2024-04-29,25 MHz,20240412,90.16143202781677,92.90283203125,93.96892547607422,1.853153950183609,1.129001845550537,10,1.9413024936737973,0.16498120625813803,2.2517813698534352,2.6888759237725357,90.95453170266549,95.91722580465873,93.0551265180111,87.26773738861084,3.619665298756644,4.2901915616244075,8.0,8.0,0.5350996482997973,0.0,4.32343327334236,3.6590037590351816,93.35972595214844,86.73263774031105,0.9657422524357993,0.03877116456631315,certain_temperate,489.32472229003906,579.4861543178558,POINT (556615.971372261 8639463.280320274),ragna_mariebreen
ragna_mariebreen-20240412-DAT_0405_A1_1,775.0,1146,93.20743560791016,556620.4654037387,8639461.379766244,582.332470703125,2024-04-12 16:21:18.800000+00:00,0,2024-04-29,25 MHz,20240412,90.00914168357849,93.05513000488281,94.12123107910156,1.9837318975278373,1.354798821258545,10,1.9383731377217046,0.1649894714355469,2.3706521872280653,2.7784355648449113,91.10974779392126,96.06661329006312,92.90283617377281,87.11544704437256,3.619665298756644,4.2901915616244075,8.0,8.0,0.5350996482997973,0.0,4.32343327334236,3.6590037590351816,93.20743560791016,86.58034739607277,0.965686279174274,0.03883451223766376,certain_temperate,489.1250350952148,579.1341767787933,POINT (556620.4654037387 8639461.379766244),ragna_mariebreen
ragna_mariebreen-20240412-DAT_0405_A1_1,780.0,1154,93.51202392578125,556625.1893477557,8639458.855715394,581.9402221679687,2024-04-12 16:21:20.400000+00:00,0,2024-04-29,25 MHz,20240412,90.31373000144958,93.20743560791016,94.27352142333984,2.0631449252906444,1.4676916534423827,10,1.9442323542926538,0.6599578857421875,2.52382698456453,2.9106959376039594,91.15424690288773,96.32671012836227,93.2074244916439,87.42003536224365,3.619665298756644,4.2901915616244075,8.0,8.0,0.5350996482997973,0.0,4.32343327334236,3.6590037590351816,93.51202392578125,86.88493571394386,0.9657980461756438,0.03870802006840858,certain_temperate,488.4281982421875,578.7419282436371,POINT (556625.1893477557 8639458.855715394),ragna_mariebreen
ragna_mariebreen-20240412-DAT_0405_A1_1,785.0,1161,93.8166275024414,556629.6324323858,8639456.282916382,581.5336181640625,2024-04-12 16:21:21.800000+00:00,0,2024-04-29,25 MHz,20240412,90.61833357810974,93.35972595214844,94.578125,2.2025884635737274,1.5805957969665527,10,1.9500932896589176,0.4949766794840495,2.5585442784900416,2.9831630346787734,91.34779510055195,96.59005585159649,93.51202806830406,87.72463893890381,3.619665298756644,4.2901915616244075,8.0,8.0,0.5350996482997973,0.0,4.32343327334236,3.6590037590351816,93.8166275024414,87.18953929060402,0.9659090929883571,0.03858234297179835,certain_temperate,487.71699066162114,578.3353242397309,POINT (556629.6324323858 8639456.282916382),ragna_mariebreen
ragna_mariebreen-20240412-DAT_0405_A1_1,790.0,1167,93.96892547607422,556634.0511360161,8639453.634669583,581.0907287597656,2024-04-12 16:21:23+00:00,0,2024-04-29,25 MHz,20240412,90.77063155174255,93.6643295288086,94.88272857666016,2.2277217763042656,1.4676973091125487,10,1.953024214404726,0.4949684143066407,2.492675812132144,3.0036713578273937,91.6495597371916,96.89749836827716,93.66432604193687,87.87693691253662,3.619665298756644,4.2901915616244075,8.0,8.0,0.5350996482997973,0.0,4.32343327334236,3.6590037590351816,93.96892547607422,87.34183726423683,0.9659643450414255,0.03851981152725068,certain_temperate,487.1218032836914,577.892434835434,POINT (556634.0511360161 8639453.634669583),ragna_mariebreen
ragna_mariebreen-20240412-DAT_0405_A1_1,795.0,1172,94.27352142333984,556637.8176489172,8639451.369204655,580.7096557617188,2024-04-12 16:21:24+00:00,0,2024-04-29,25 MHz,20240412,91.07522749900818,93.6643295288086,95.18732452392578,2.2692727090336646,1.4677086204528809,10,1.9588871168657898,0.49498494466145837,2.497282007826904,3.0383955404175507,91.64387194893608,97.2077821037983,93.9689219892025,88.18153285980225,3.596188101859078,4.2901915616244075,8.0,8.0,0.5350996482997973,0.0,4.32343327334236,3.6357805898545865,94.27352142333984,87.64643321150245,0.9660743135925773,0.0381463219742288,certain_temperate,486.4361343383789,577.5113618373871,POINT (556637.8176489172 8639451.369204655),ragna_mariebreen
ragna_mariebreen-20240412-DAT_0405_A1_1,800.0,1178,94.42583465576172,556642.3817166081,8639448.913110655,580.2661010742188,2024-04-12 16:21:25.200000+00:00,0,2024-04-29,25 MHz,20240412,91.22754073143005,94.12123107910156,95.33963012695312,2.304208439843338,1.354793165588379,10,1.9618193852072368,0.49497667948404955,2.434995222774151,3.0664496975579474,92.09793248190738,97.36292872414731,94.12123522162437,88.33384609222412,3.596188101859078,4.2901915616244075,8.0,8.0,0.5350996482997973,0.0,4.32343327334236,3.6357805898545865,94.42583465576172,87.79874644392433,0.9661290372916337,0.038084790195070245,certain_temperate,485.8402664184571,577.0678071498871,POINT (556642.3817166081 8639448.913110655),ragna_mariebreen
ragna_mariebreen-20240412-DAT_0405_A1_1,805.0,1184,94.73042297363281,556647.1076951486,8639446.724307358,579.8294555664063,2024-04-12 16:21:26.400000+00:00,0,2024-04-29,25 MHz,20240412,91.53212904930115,94.42583465576172,95.79652404785156,2.312192613447332,1.2419003334045409,10,1.9676842263700118,0.6599578857421875,2.418603329148656,3.1070179122977475,92.3504249069028,97.87193379671048,94.42582353949547,88.63843441009521,3.596188101859078,4.2901915616244075,8.0,8.0,0.5350996482997973,0.0,4.32343327334236,3.6357805898545865,94.73042297363281,88.10333476179542,0.9662379431661371,0.03796233553037167,certain_temperate,485.0990325927735,576.6311616420746,POINT (556647.1076951486 8639446.724307358),ragna_mariebreen
ragna_mariebreen-20240412-DAT_0405_A1_1,810.0,1190,95.03502655029297,556651.9158219944,8639445.022916347,579.3874389648438,2024-04-12 16:21:27.600000+00:00,0,2024-04-29,25 MHz,20240412,91.8367326259613,94.88272857666016,96.10112762451172,2.285114943305572,1.0161090133666992,10,1.9735507362533034,0.8249556223551433,2.3681072219108588,3.1300486564173,92.74369742040709,98.24015878076479,94.73042711615562,88.94303798675537,3.596188101859078,4.2901915616244075,8.0,8.0,0.5350996482997973,0.0,4.32343327334236,3.6357805898545865,95.03502655029297,88.40793833845558,0.9663461563548982,0.03784065972724234,certain_temperate,484.3524124145508,576.1891450405121,POINT (556651.9158219944 8639445.022916347),ragna_mariebreen
ragna_mariebreen-20240412-DAT_0405_A1_1,815.0,1196,95.4919204711914,556656.6428675365,8639443.74808182,578.9335660067471,2024-04-12 16:21:28.727272704+00:00,0,2024-04-29,25 MHz,20240412,92.29362654685974,95.18732452392578,96.71031951904297,2.2189122103755676,1.241905989074707,10,1.982352831892077,0.8249556223551433,2.4804445195701366,3.0876926541221175,93.04016953907585,98.8574745038929,95.18732103705406,89.39993190765381,3.580084789821253,4.2901915616244075,8.0,8.0,0.5350996482997973,0.0,4.32343327334236,3.619853413595646,95.4919204711914,88.86483225935402,0.9665071776905299,0.03749097067223939,certain_temperate,483.4416455355557,575.7352720824155,POINT (556656.6428675365 8639443.74808182),ragna_mariebreen
ragna_mariebreen-20240412-DAT_0405_A1_1,820.0,1202,95.79652404785156,556661.3009387244,8639442.517808434,578.4800636985085,2024-04-12 16:21:29.818181632+00:00,0,2024-04-29,25 MHz,20240412,92.5982301235199,95.64421844482422,97.31951904296875,2.1793616704148877,1.354798821258545,10,1.988222725918865,0.8249638875325522,2.543437608764289,3.063202950192271,93.49163975320965,99.47209773458331,95.49192461371422,89.70453548431396,3.557277934783661,4.2901915616244075,8.0,8.0,0.5350996482997973,0.0,4.32343327334236,3.5972987002623618,95.79652404785156,89.16943583601417,0.9666136745970649,0.03713368486112039,certain_temperate,482.68353965065694,575.2817697741768,POINT (556661.3009387244 8639442.517808434),ragna_mariebreen
ragna_mariebreen-20240412-DAT_0405_A1_1,825.0,1207,96.25342559814453,556665.7285496412,8639441.420245826,578.0683959960937,2024-04-12 16:21:30.800000+00:00,0,2024-04-29,25 MHz,20240412,93.05513167381287,95.94881439208984,97.77642059326172,2.1717804311199234,1.4676973091125487,10,1.997029988695968,1.1549428304036458,2.7342562258186445,3.1683831773078275,93.64186365198901,100.08337133336255,95.94882616400719,90.16143703460693,3.5572779347836616,4.2901915616244075,8.0,8.0,0.5350996482997973,0.0,4.32343327334236,3.597298700262362,96.25342559814453,89.62633738630714,0.966772154814682,0.03695741645222271,certain_temperate,481.8149703979492,574.8701020717621,POINT (556665.7285496412 8639441.420245826),ragna_mariebreen
ragna_mariebreen-20240412-DAT_0405_A1_1,830.0,1213,96.86262512207031,556670.9232595098,8639440.256054403,577.5971069335938,2024-04-12 16:21:32+00:00,0,2024-04-29,25 MHz,20240412,93.66433119773865,96.40571594238281,98.23331451416016,2.0808722953868948,1.354798821258545,10,2.008777553193855,1.4849300384521484,2.841774854452149,3.2511896264324105,93.90767581514046,100.7313546414025,96.55802568793297,90.77063655853271,3.5572779347836616,4.2901915616244075,8.0,8.0,0.5350996482997973,0.0,4.32343327334236,3.597298700262362,96.86262512207031,90.23553691023292,0.9669811351870647,0.03672497963275961,certain_temperate,480.73448181152344,574.3988130092621,POINT (556670.9232595098 8639440.256054403),ragna_mariebreen
ragna_mariebreen-20240412-DAT_0405_A1_1,835.0,1219,97.62413024902344,556676.024504051,8639438.976346001,577.1007995605469,2024-04-12 16:21:33.166666752+00:00,0,2024-04-29,25 MHz,20240412,94.42583632469177,96.86262512207031,98.69021606445312,2.0230955560214023,1.354793165588379,10,2.023469377764664,1.484913508097331,2.8521677669460854,3.22371091726209,94.35276527552882,101.20007591099461,97.3195308148861,91.53214168548584,3.557277934783661,4.2901915616244075,8.0,8.0,0.5350996482997973,0.0,4.32343327334236,3.5972987002623618,97.62413024902344,90.99704203718605,0.9672386948168108,0.03643851090616242,certain_temperate,479.47666931152344,573.9025056362152,POINT (556676.024504051 8639438.976346001),ragna_mariebreen
ragna_mariebreen-20240412-DAT_0405_A1_1,840.0,1225,98.23331451416016,556680.7085366371,8639437.994559545,576.6606633112981,2024-04-12 16:21:34.230769152+00:00,0,2024-04-29,25 MHz,20240412,95.03502058982849,97.47181701660156,99.14710998535156,1.976898945314135,1.354793165588379,10,2.0352281523640445,1.1549263000488281,2.703973541335902,3.063354016548492,95.13172975525433,101.4871972466988,97.92871508002281,92.14132595062256,3.5572779347836616,4.2901915616244075,8.0,8.0,0.5350996482997973,0.0,4.32343327334236,3.597298700262362,98.23331451416016,91.60622630232277,0.9674418608376424,0.03621254105470387,certain_temperate,478.42734879713794,573.4623693869664,POINT (556680.7085366371 8639437.994559545),ragna_mariebreen
ragna_mariebreen-20240412-DAT_0405_A1_1,845.0,1230,98.69021606445312,556685.7971333289,8639436.98646142,576.2429715670072,2024-04-12 16:21:35.384615424+00:00,0,2024-04-29,25 MHz,20240412,95.49192214012146,97.77642059326172,99.45172119140625,1.938526483337244,1.354793165588379,10,2.0440507573784403,1.154951095581055,2.7106309327254854,3.0446576915185584,95.42864387220769,101.79949791246028,98.38561663031578,92.59822750091553,3.557277934783661,4.2901915616244075,8.0,8.0,0.5350996482997973,0.0,4.32343327334236,3.5972987002623618,98.69021606445312,92.06312785261574,0.967592593755769,0.036044889520359905,certain_temperate,477.5527555025541,573.0446776426755,POINT (556685.7971333289 8639436.98646142),ragna_mariebreen
ragna_mariebreen-20240412-DAT_0405_A1_1,850.0,1235,99.29942321777344,556690.8857300205,8639435.978363292,575.8252798227163,2024-04-12 16:21:36.538461440+00:00,0,2024-04-29,25 MHz,20240412,96.10112929344177,98.23331451416016,99.60401153564453,1.9024938004836929,1.3548044769287109,10,2.0558186156742995,1.154942830403646,2.71951802581999,3.0298128296864584,95.87528925516614,101.96203679463855,98.9948237836361,93.20743465423584,3.535144240924735,4.2901915616244075,8.0,8.0,0.5350996482997973,0.0,4.32343327334236,3.575412764668422,99.29942321777344,92.67233500593605,0.9677914148875015,0.03560085372471716,certain_temperate,476.5258566049429,572.6269858983846,POINT (556690.8857300205 8639435.978363292),ragna_mariebreen
ragna_mariebreen-20240412-DAT_0405_A1_1,855.0,1240,99.75631713867188,556695.6125806974,8639434.903862763,575.4089599609375,2024-04-12 16:21:37.600000+00:00,0,2024-04-29,25 MHz,20240412,96.55802321434021,98.69021606445312,100.06092071533203,1.8489040972858757,1.354798821258545,10,2.0646474574678635,0.9899450937906901,2.660496242890096,2.9429928259017673,96.40050856952091,102.35062821026425,99.45171770453453,93.66432857513428,3.535144240924735,4.2901915616244075,8.0,8.0,0.5350996482997973,0.0,4.32343327334236,3.575412764668422,99.75631713867188,93.12922892683449,0.9679389334322989,0.035437798250014675,certain_temperate,475.65264282226565,572.2106660366059,POINT (556695.6125806974 8639434.903862763),ragna_mariebreen
ragna_mariebreen-20240412-DAT_0405_A1_1,860.0,1245,100.21321868896484,556699.9995526734,8639433.8927426,575.0004028320312,2024-04-12 16:21:38.600000+00:00,0,2024-04-29,25 MHz,20240412,97.01492476463318,99.14710998535156,100.67011260986328,1.7960176262188923,1.3548044769287109,10,2.073479124563572,1.154934565226237,2.7328894417193887,2.97638519745751,96.7736758636715,103.04354673154334,99.9086192548275,94.12123012542725,3.535144240924735,4.2901915616244075,8.0,8.0,0.5350996482997973,0.0,4.32343327334236,3.575412764668422,100.21321868896484,93.58613047712745,0.9680851092682861,0.03527622690073334,certain_temperate,474.7871841430664,571.8021089076996,POINT (556699.9995526734 8639433.8927426),ragna_mariebreen
ragna_mariebreen-20240412-DAT_0405_A1_1,865.0,1251,100.8224105834961,556705.2790881174,8639432.769398058,574.5399291992187,2024-04-12 16:21:39.800000+00:00,0,2024-04-29,25 MHz,20240412,97.62411665916443,99.90861511230469,101.43161010742188,1.6214334729479054,1.128996189880371,10,2.085258590762025,1.319924036661784,2.713878267289961,2.9528883080977297,97.44072069541721,103.89950452430935,100.51781114935875,94.7304220199585,3.535144240924735,4.2901915616244075,8.0,8.0,0.5350996482997973,0.0,4.32343327334236,3.575412764668422,100.8224105834961,94.1953223716587,0.9682779462837481,0.03506307992901147,certain_temperate,473.7175186157226,571.341635274887,POINT (556705.2790881174 8639432.769398058),ragna_mariebreen
ragna_mariebreen-20240412-DAT_0405_A1_1,870.0,1257,101.43161010742188,556710.5272538902,8639431.644782962,574.093505859375,2024-04-12 16:21:41+00:00,0,2024-04-29,25 MHz,20240412,98.23331618309021,100.51781463623047,102.04081726074219,1.4696887495873374,1.241894677734375,10,2.0970428254076308,1.3199405670166016,2.7716663043437775,2.8809402515000753,98.03994625553513,104.51868564143753,101.12701067328453,95.33962154388428,3.5351442409247356,4.2901915616244075,8.0,8.0,0.5350996482997973,0.0,4.32343327334236,3.5754127646684224,101.43161010742188,94.80452189558449,0.9684684693366842,0.03485249063069013,certain_temperate,472.6618957519531,570.8952119350433,POINT (556710.5272538902 8639431.644782962),ragna_mariebreen
ragna_mariebreen-20240412-DAT_0405_A1_1,875.0,1263,102.04081726074219,556715.1129062474,8639430.614806505,573.6838156960227,2024-04-12 16:21:42.090908928+00:00,0,2024-04-29,25 MHz,20240412,98.84252333641052,101.2793197631836,102.49771881103516,1.345935594116892,1.3547875099182127,10,2.1088317512063575,1.3199323018391926,2.832815178116104,2.8285924520590404,98.7914707652871,104.98556780893165,101.73621782660484,95.94882869720459,3.5136962896429265,4.2901915616244075,8.0,8.0,0.5350996482997973,0.0,4.32343327334236,3.554207823054391,102.04081726074219,95.4137290489048,0.968656719828506,0.03443422332324595,certain_temperate,471.64299843528056,570.4855217716911,POINT (556715.1129062474 8639430.614806505),ragna_mariebreen
ragna_mariebreen-20240412-DAT_0405_A1_1,880.0,1269,102.65000915527344,556719.7514540432,8639429.566699844,573.274755859375,2024-04-12 16:21:43.200000+00:00,0,2024-04-29,25 MHz,20240412,99.45171523094177,101.88851165771484,102.9546127319336,1.2268276082477592,1.1289905342102051,10,2.120624849385456,1.319915771484375,2.741139730473535,2.782864239592582,99.39066710777898,105.45245728186946,102.3454097211361,96.55802059173584,3.5136962896429265,4.2901915616244075,8.0,8.0,0.5350996482997973,0.0,4.32343327334236,3.554207823054391,102.65000915527344,96.02292094343605,0.9688427312315796,0.034229868253863836,certain_temperate,470.62474670410154,570.0764619350433,POINT (556719.7514540432 8639429.566699844),ragna_mariebreen
ragna_mariebreen-20240412-DAT_0405_A1_1,885.0,1275,103.25920104980469,556724.623102718,8639428.426656554,572.87939453125,2024-04-12 16:21:44.400000+00:00,0,2024-04-29,25 MHz,20240412,100.06090712547302,102.49771881103516,103.56380462646484,1.0770403608461145,1.0160807350158692,10,2.132422341042598,1.154942830403646,2.6293607668307457,2.653513504953368,100.072617167376,105.988906270124,102.95460161566734,97.16721248626709,3.5136962896429265,4.2901915616244075,8.0,8.0,0.5350996482997973,0.0,4.32343327334236,3.554207823054391,103.25920104980469,96.6321128379673,0.9690265478348119,0.03402792442630053,certain_temperate,469.6201934814453,569.6811006069183,POINT (556724.623102718 8639428.426656554),ragna_mariebreen
ragna_mariebreen-20240412-DAT_0405_A1_1,890.0,1281,103.71611022949219,556729.3803481914,8639427.393622626,572.5094848632813,2024-04-12 16:21:45.600000+00:00,0,2024-04-29,25 MHz,20240412,100.51781630516052,103.1069107055664,104.02070617675781,1.0740445202688094,0.9031992141723633,10,2.141273594955691,1.154951095581055,2.5951365016353036,2.659424049142559,100.67401846758332,106.4535984147409,103.41151079535484,97.77642107009888,3.501474314673472,4.177292013332248,8.0,8.0,0.5350996482997973,0.0,4.211424960540072,3.5421256344077676,103.71611022949219,97.24132142179909,0.9691629977517011,0.033760177728665054,certain_temperate,468.7933746337891,569.3111909389496,POINT (556729.3803481914 8639427.393622626),ragna_mariebreen
ragna_mariebreen-20240412-DAT_0405_A1_1,895.0,1288,104.32530975341797,556734.8386345636,8639426.128809243,572.0767211914062,2024-04-12 16:21:47+00:00,0,2024-04-29,25 MHz,20240412,101.1270158290863,103.41151428222656,104.6299057006836,1.1080599051321223,0.9031992141723633,10,2.153078749618472,0.8249473571777344,2.476298662248709,2.558140535141605,101.10580696251463,106.93561302039552,104.02071031928062,98.38562059402466,3.5014743146734717,4.177292013332248,8.0,8.0,0.5350996482997973,0.0,4.211424960540072,3.5421256344077667,104.32530975341797,97.85052094572487,0.9693430680254761,0.03356303779925997,certain_temperate,467.7514114379883,568.8784272670746,POINT (556734.8386345636 8639426.128809243),ragna_mariebreen
ragna_mariebreen-20240412-DAT_0405_A1_1,900.0,1293,104.47760009765625,556739.0649359933,8639425.268411733,571.7471313476562,2024-04-12 16:21:48.111111168+00:00,0,2024-04-29,25 MHz,20240412,101.27930617332458,103.41151428222656,105.08680725097656,1.1469213853457447,0.9032105255126953,10,2.156030512044371,0.4949684143066407,2.389403807108472,2.4917644279086546,101.19939735493101,107.29892417827212,104.1730006635189,98.53791093826294,3.480533012461925,4.177292013332248,8.0,8.0,0.5350996482997973,0.0,4.211424960540072,3.5214260867506293,104.47760009765625,98.00281128996315,0.9693877546828967,0.033313676895417164,certain_temperate,467.26953125,568.5488374233246,POINT (556739.0649359933 8639425.268411733),ragna_mariebreen
ragna_mariebreen-20240412-DAT_0405_A1_1,905.0,1299,104.7822036743164,556743.998827185,8639424.27164802,571.3713745117187,2024-04-12 16:21:49.400000+00:00,0,2024-04-29,25 MHz,20240412,101.58390974998474,103.71611022949219,105.39140319824219,1.2347854355201542,1.016103357696533,10,2.1619352633088647,0.0,2.3888135373570996,2.489710656785456,101.55417496618333,107.55333846155105,104.47760424017906,98.8425145149231,3.4805330124619256,4.177292013332248,8.0,8.0,0.5350996482997973,0.0,4.211424960540072,3.5214260867506297,104.7822036743164,98.3074148666233,0.9694767449797812,0.033216833492833414,certain_temperate,466.5891708374023,568.1730805873871,POINT (556743.998827185 8639424.27164802),ragna_mariebreen
ragna_mariebreen-20240412-DAT_0405_A1_1,910.0,1306,104.47760009765625,556749.4965638643,8639423.194678737,570.9870361328125,2024-04-12 16:21:50.800000+00:00,0,2024-04-29,25 MHz,20240412,101.27930617332458,104.32530975341797,105.39140319824219,1.3227591968370174,1.016103357696533,10,2.156030512044371,0.16499773661295575,2.389175141230939,2.5348340605985675,102.16297494540287,107.55373800625729,104.1730006635189,98.53791093826294,3.4805330124619256,4.177292013332248,8.0,8.0,0.5350996482997973,0.0,4.211424960540072,3.5214260867506297,104.47760009765625,98.00281128996315,0.9693877546828967,0.03331367689541717,certain_temperate,466.5094360351562,567.7887422084808,POINT (556749.4965638643 8639423.194678737),ragna_mariebreen
ragna_mariebreen-20240412-DAT_0405_A1_1,915.0,1312,104.93450927734375,556754.3200614211,8639422.462314485,570.68994140625,2024-04-12 16:21:52+00:00,0,2024-04-29,25 MHz,20240412,101.73621535301208,104.17301177978516,105.08680725097656,1.3470876113951042,1.129001845550537,10,2.164888102168511,0.16499773661295575,2.447163647011514,2.5551144359445708,102.00184510078554,107.25797392997617,104.6299098432064,98.99482011795044,3.4805330124619256,4.177292013332248,8.0,8.0,0.5350996482997973,0.0,4.211424960540072,3.5214260867506297,104.93450927734375,98.45972046965065,0.9695210474956478,0.03316862142331858,certain_temperate,465.75543212890625,567.4916474819183,POINT (556754.3200614211 8639422.462314485),ragna_mariebreen
ragna_mariebreen-20240412-DAT_0405_A1_1,920.0,1318,104.6299057006836,556758.9993017225,8639421.798497876,570.41484375,2024-04-12 16:21:53.200000+00:00,0,2024-04-29,25 MHz,20240412,101.43161177635193,103.868408203125,105.39140319824219,1.3824922527873744,1.354798821258545,10,2.1589828315143165,0.6599661509195963,2.63291512077711,2.6472716173733124,101.61080722262973,107.64900417873746,104.32530626654625,98.69021654129028,3.4603028250993884,4.177292013332248,8.0,8.0,0.5350996482997973,0.0,4.211424960540072,3.5014321748395147,104.6299057006836,98.15511689299049,0.9694323157140075,0.03307183354440107,certain_temperate,465.78493804931645,567.2165498256684,POINT (556758.9993017225 8639421.798497876),ragna_mariebreen
ragna_mariebreen-20240412-DAT_0405_A1_1,925.0,1325,104.32530975341797,556764.4096345414,8639421.127550388,570.083837890625,2024-04-12 16:21:54.600000+00:00,0,2024-04-29,25 MHz,20240412,101.1270158290863,103.868408203125,105.69601440429688,1.4295099504645346,1.6934999404907225,10,2.153078749618472,0.4949684143066407,2.7836457895468585,2.631395168289436,101.65916810000812,107.90525450741376,104.02071031928062,98.38562059402466,3.460302825099388,4.177292013332248,8.0,8.0,0.5350996482997973,0.0,4.211424960540072,3.5014321748395143,104.32530975341797,97.85052094572487,0.9693430680254761,0.03316839253368255,certain_temperate,465.758528137207,566.8855439662933,POINT (556764.4096345414 8639421.127550388),ragna_mariebreen
ragna_mariebreen-20240412-DAT_0405_A1_1,930.0,1331,104.17301177978516,556769.1061044156,8639420.427243076,569.802294921875,2024-04-12 16:21:55.800000+00:00,0,2024-04-29,25 MHz,20240412,100.97471785545349,104.02070617675781,105.69601440429688,1.4233680108077194,1.9193025718688963,10,2.150127101663644,0.16498947143554688,2.8868651581561,2.5838429853967146,101.86425815304078,107.85246242801391,103.86841234564781,98.23332262039185,3.460302825099388,4.177292013332248,8.0,8.0,0.5350996482997973,0.0,4.211424960540072,3.5014321748395143,104.17301177978516,97.69822297209205,0.9692982484648457,0.033216883778057975,certain_temperate,465.6292831420899,566.6040009975434,POINT (556769.1061044156 8639420.427243076),ragna_mariebreen
ragna_mariebreen-20240412-DAT_0405_A1_1,935.0,1337,104.17301177978516,556773.8418032278,8639419.72856525,569.5346069335938,2024-04-12 16:21:57+00:00,0,2024-04-29,25 MHz,20240412,100.97471785545349,104.02070617675781,105.69601440429688,1.4686397624801473,1.9193025718688963,10,2.150127101663644,0.0,2.882146581229182,2.6038335786386666,101.87057907509417,107.84614150596052,103.86841234564781,98.23332262039185,3.460302825099388,4.177292013332248,8.0,8.0,0.5350996482997973,0.0,4.211424960540072,3.5014321748395143,104.17301177978516,97.69822297209205,0.9692982484648457,0.033216883778057975,certain_temperate,465.3615951538086,566.3363130092621,POINT (556773.8418032278 8639419.72856525),ragna_mariebreen
ragna_mariebreen-20240412-DAT_0405_A1_1,940.0,1344,104.17301177978516,556778.5168509969,8639418.785398176,569.2454650878906,2024-04-12 16:21:58.200000+00:00,0,2024-04-29,25 MHz,20240412,100.97471785545349,104.02070617675781,105.69601440429688,1.4545315643296919,1.9193025718688963,10,2.150127101663644,0.0,2.882146581229182,2.5959022756914183,101.87057907509417,107.84614150596052,103.86841234564781,98.23332262039185,3.4407966110862405,4.177292013332248,8.0,8.0,0.5350996482997973,0.0,4.211424960540072,3.4821563653105994,104.17301177978516,97.69822297209205,0.9692982484648457,0.03302963552940042,certain_temperate,465.0724533081054,566.0471711635589,POINT (556778.5168509969 8639418.785398176),ragna_mariebreen
ragna_mariebreen-20240412-DAT_0405_A1_1,945.0,1351,104.17301177978516,556783.792501128,8639417.569108946,568.8693603515625,2024-04-12 16:21:59.600000+00:00,0,2024-04-29,25 MHz,20240412,100.97471785545349,103.868408203125,105.69601440429688,1.3911359909250138,1.8064097396850585,10,2.150127101663644,0.0,2.808231240645532,2.5609189558741257,101.71828110146136,107.84614150596052,103.86841234564781,98.23332262039185,3.44079661108624,4.177292013332248,8.0,8.0,0.5350996482997973,0.0,4.211424960540072,3.482156365310599,104.17301177978516,97.69822297209205,0.9692982484648457,0.03302963552940042,certain_temperate,464.6963485717773,565.6710664272308,POINT (556783.792501128 8639417.569108946),ragna_mariebreen
ragna_mariebreen-20240412-DAT_0405_A1_1,950.0,1357,104.17301177978516,556788.2861745337,8639416.450956304,568.5494018554688,2024-04-12 16:22:00.800000+00:00,0,2024-04-29,25 MHz,20240412,100.97471785545349,103.868408203125,105.69601440429688,1.3720133777965997,1.8064097396850585,10,2.150127101663644,0.9899450937906901,2.977608770415919,2.73595660617664,101.5013345156305,108.06308809179137,103.86841234564781,98.23332262039185,3.44079661108624,4.177292013332248,8.0,8.0,0.5350996482997973,0.0,4.211424960540072,3.482156365310599,104.17301177978516,97.69822297209205,0.9692982484648457,0.03302963552940042,certain_temperate,464.3763900756836,565.3511079311371,POINT (556788.2861745337 8639416.450956304),ragna_mariebreen
ragna_mariebreen-20240412-DAT_0405_A1_1,955.0,1364,105.08680725097656,556793.8833327442,8639415.108316861,568.1722869873047,2024-04-12 16:22:02.249999872+00:00,0,2024-04-29,25 MHz,20240412,101.8885133266449,103.71611022949219,105.69601440429688,1.354716115846903,1.6934942848205565,10,2.1678410512031454,1.6499195098876953,3.207754994557642,3.0425359434072314,100.99181780532227,108.42030682846679,104.78220781683922,99.14711809158325,3.4069236541612833,4.177292013332248,8.0,8.0,0.5350996482997973,0.0,4.211424960540072,3.4486896669451483,105.08680725097656,98.61201844328346,0.9695652193838828,0.03242008909857353,certain_temperate,463.0854797363281,564.973993062973,POINT (556793.8833327442 8639415.108316861),ragna_mariebreen
ragna_mariebreen-20240412-DAT_0405_A1_1,960.0,1369,105.69601440429688,556798.0726914455,8639414.272426711,567.9163208007812,2024-04-12 16:22:03.333333248+00:00,0,2024-04-29,25 MHz,20240412,102.49772047996521,103.71611022949219,105.84830474853516,1.345174536728328,1.128984878540039,10,2.179655703174548,0.6599744160970052,2.5418638968788203,2.6449876651028426,101.43872901101253,108.12568596701482,105.39141497015953,99.75632524490356,3.406923654161283,4.177292013332248,8.0,8.0,0.5350996482997973,0.0,4.211424960540072,3.448689666945148,105.69601440429688,99.22122559660377,0.9697406383546507,0.032233227273163675,certain_temperate,462.2203063964844,564.7180268764496,POINT (556798.0726914455 8639414.272426711),ragna_mariebreen
ragna_mariebreen-20240412-DAT_0405_A1_1,965.0,1376,105.69601440429688,556803.0868881192,8639413.29986947,567.6337829589844,2024-04-12 16:22:04.600000+00:00,0,2024-04-29,25 MHz,20240412,102.49772047996521,103.868408203125,106.3051986694336,1.353574549509737,1.016092046356201,10,2.179655703174548,0.0,2.4048580064215153,2.565748047931016,101.68875249995045,108.48485437260814,105.39141497015953,99.75632524490356,3.4069236541612824,4.177292013332248,8.0,8.0,0.5350996482997973,0.0,4.211424960540072,3.4486896669451474,105.69601440429688,99.22122559660377,0.9697406383546507,0.032233227273163675,certain_temperate,461.9377685546875,564.4354890346527,POINT (556803.0868881192 8639413.29986947),ragna_mariebreen
ragna_mariebreen-20240412-DAT_0405_A1_1,970.0,1382,105.69601440429688,556807.8867301433,8639412.380550135,567.3636291503906,2024-04-12 16:22:05.800000+00:00,0,2024-04-29,25 MHz,20240412,102.49772047996521,104.02070617675781,106.60980987548828,1.3880751763918013,1.241894677734375,10,2.179655703174548,0.0,2.5086253955037408,2.584115260528536,101.84105047358327,108.78946557866283,105.39141497015953,99.75632524490356,3.4069236541612824,4.177292013332248,8.0,8.0,0.5350996482997973,0.0,4.211424960540072,3.4486896669451474,105.69601440429688,99.22122559660377,0.9697406383546507,0.032233227273163675,certain_temperate,461.6676147460937,564.1653352260589,POINT (556807.8867301433 8639412.380550135),ragna_mariebreen
ragna_mariebreen-20240412-DAT_0405_A1_1,975.0,1388,105.69601440429688,556812.7726816417,8639411.278631128,567.0675048828125,2024-04-12 16:22:07+00:00,0,2024-04-29,25 MHz,20240412,102.49772047996521,104.47760009765625,106.60980987548828,1.4616027434483647,1.241877710723877,10,2.179655703174548,0.4949684143066407,2.5569812208804623,2.6706132807275464,102.24245072556889,108.84495924757564,105.39141497015953,99.75632524490356,3.388943736227526,4.17729177031517,8.0,8.0,0.5350996482997973,0.0,4.21142471949261,3.430928632444334,105.69601440429688,99.22122559660377,0.9697406383546507,0.032063117567181935,certain_temperate,461.3714904785156,563.8692109584808,POINT (556812.7726816417 8639411.278631128),ragna_mariebreen
ragna_mariebreen-20240412-DAT_0405_A1_1,980.0,1394,106.15290832519531,556817.5268125997,8639410.134069618,566.7630493164063,2024-04-12 16:22:08.200000+00:00,0,2024-04-29,25 MHz,20240412,102.95461440086365,104.93450927734375,106.76210021972656,1.4769488426988426,1.9192969161987303,10,2.1885191290822497,1.319924036661784,3.1961721000982446,2.9518118715233053,102.37876761572838,109.31784188134193,105.84830889105797,100.213219165802,3.388943736227526,4.17729177031517,8.0,8.0,0.5350996482997973,0.0,4.21142471949261,3.430928632444334,106.15290832519531,99.67811951750221,0.9698708780118034,0.0319251143439766,certain_temperate,460.610140991211,563.5647553920746,POINT (556817.5268125997 8639410.134069618),ragna_mariebreen
ragna_mariebreen-20240412-DAT_0405_A1_1,985.0,1401,106.9144058227539,556822.8046258953,8639408.79785738,566.4140791459517,2024-04-12 16:22:09.545454592+00:00,0,2024-04-29,25 MHz,20240412,103.71611189842224,105.69601440429688,107.06670379638672,1.4956758109440536,1.8063927726745606,10,2.203296636627262,1.4849217732747397,3.2128746615592223,3.049025233277277,103.03904079853442,109.72367740214918,106.60980638861656,100.9747166633606,3.388943736227526,4.17729177031517,8.0,8.0,0.5350996482997973,0.0,4.21142471949261,3.430928632444334,106.9144058227539,100.4396170150608,0.9700854725823019,0.031697727823936324,certain_temperate,459.49967332319784,563.2157852216201,POINT (556822.8046258953 8639408.79785738),ragna_mariebreen
ragna_mariebreen-20240412-DAT_0405_A1_1,990.0,1408,107.52360534667969,556827.7852142594,8639407.462953446,566.0812932794744,2024-04-12 16:22:10.818181632+00:00,0,2024-04-29,25 MHz,20240412,104.32531142234802,106.60980987548828,108.28510284423828,1.531518025938101,1.4676916534423827,10,2.2151230852256063,1.4849217732747397,3.0439910881980654,3.0752740396943725,103.94302099080979,110.95189172891678,107.21900591254234,101.58391618728638,3.388943736227526,4.17729177031517,8.0,8.0,0.5350996482997973,0.0,4.21142471949261,3.430928632444334,107.52360534667969,101.04881653898659,0.9702549601641457,0.03151813711324902,certain_temperate,458.5576879327947,562.8829993551427,POINT (556827.7852142594 8639407.462953446),ragna_mariebreen
ragna_mariebreen-20240412-DAT_0405_A1_1,995.0,1414,108.28510284423828,556832.4727201166,8639406.132915694,565.7551879882812,2024-04-12 16:22:12+00:00,0,2024-04-29,25 MHz,20240412,105.08680891990662,107.06670379638672,109.04660034179688,1.6767592767810173,2.0322010597229,10,2.2299115227279542,1.6499112447102866,3.438684873866058,3.241332162381318,104.29276931363188,111.82053482455171,107.98050341010094,102.34541368484497,3.3334905963975565,4.06439222202301,8.0,8.0,0.5350996482997973,0.0,4.099465302701281,3.376165160338206,108.28510284423828,101.81031403654518,0.9704641373529264,0.030784387776706328,certain_temperate,457.47008514404297,562.5568940639496,POINT (556832.4727201166 8639406.132915694),ragna_mariebreen
ragna_mariebreen-20240412-DAT_0405_A1_1,1000.0,1420,109.04660034179688,556837.2280452872,8639404.578909973,565.40908203125,2024-04-12 16:22:13.200000+00:00,0,2024-04-29,25 MHz,20240412,105.84830641746521,107.06670379638672,109.50349426269531,1.8034630718178029,2.0322010597229,10,2.244705864571443,1.6499195098876955,3.4483010243724896,3.3186469922183632,104.28085763991119,112.28934041917084,108.74200090765953,103.10691118240356,3.333490596397557,4.06439222202301,8.0,8.0,0.5350996482997973,0.0,4.099465302701281,3.3761651603382066,109.04660034179688,102.57181153410377,0.9706703930768414,0.030569413314574016,certain_temperate,456.36248168945315,562.2107881069184,POINT (556837.2280452872 8639404.578909973),ragna_mariebreen
ragna_mariebreen-20240412-DAT_0405_A1_1,1005.0,1426,109.80810546875,556841.9872909763,8639403.120826708,565.0724400111607,2024-04-12 16:22:14.428571392+00:00,0,2024-04-29,25 MHz,20240412,106.60981154441833,107.218994140625,110.41728973388672,1.9570510048163274,2.257986724090576,10,2.2595061430884513,1.3199323018391929,3.4563121008181903,3.267665516472816,104.60220425756351,113.0340796169482,109.50350603461266,103.86841630935669,3.333490596397557,4.06439222202301,8.0,8.0,0.5350996482997973,0.0,4.099465302701281,3.3761651603382066,109.80810546875,103.3333166610569,0.9708737901389086,0.03035741835420543,certain_temperate,455.26433454241067,561.874146086829,POINT (556841.9872909763 8639403.120826708),ragna_mariebreen
ragna_mariebreen-20240412-DAT_0405_A1_1,1010.0,1432,110.26499938964844,556847.0050221576,8639401.492568387,564.7126116071429,2024-04-12 16:22:15.714285568+00:00,0,2024-04-29,25 MHz,20240412,107.06670546531677,107.98049926757812,111.17879486083984,2.058457205658573,2.9354002738952634,10,2.268388863523992,0.9899450937906901,3.83955128795857,3.219134261320523,105.50550849489231,113.65378563352566,109.9603999555111,104.32531023025513,3.333490596397557,4.06439222202301,8.0,8.0,0.5350996482997973,0.0,4.099465302701281,3.3761651603382066,110.26499938964844,103.79021058195534,0.9709944774675987,0.03023162939146129,certain_temperate,454.44761221749445,561.5143176828112,POINT (556847.0050221576 8639401.492568387),ragna_mariebreen
ragna_mariebreen-20240412-DAT_0405_A1_1,1015.0,1437,110.7219009399414,556851.1864648086,8639400.135686452,564.4127546037946,2024-04-12 16:22:16.785714432+00:00,0,2024-04-29,25 MHz,20240412,107.52360701560974,108.43740844726562,111.94029235839844,2.1847917535157997,3.386988569641113,10,2.2772737514628494,1.3199323018391926,4.28950913175619,3.4207472906911485,105.80526160095553,114.57243920470853,110.41730150580406,104.7822117805481,3.316736291160549,3.9514923202514645,8.0,8.0,0.5350996482997973,0.0,3.9875585501177118,3.3596236781389672,110.7219009399414,104.2471121322483,0.9711141707541084,0.029955557690069266,certain_temperate,453.6908536638532,561.214460679463,POINT (556851.1864648086 8639400.135686452),ragna_mariebreen
ragna_mariebreen-20240412-DAT_0405_A1_1,1020.0,1443,111.4833984375,556856.1633466771,8639398.545659142,564.0317993164062,2024-04-12 16:22:18+00:00,0,2024-04-29,25 MHz,20240412,108.28510451316833,109.65579223632812,112.70178985595703,2.0748547190318876,3.1611972496032714,10,2.292086222389932,2.309869130452474,4.536774482116816,3.8592974432888574,106.40169410463525,115.9558879876499,111.17879900336266,105.54370927810669,3.3167362911605496,3.9514923202514645,8.0,8.0,0.5350996482997973,0.0,3.9875585501177118,3.3596236781389677,111.4833984375,105.0086096298069,0.9713114780392643,0.029750943527434567,certain_temperate,452.54840087890625,560.8335053920746,POINT (556856.1633466771 8639398.545659142),ragna_mariebreen
ragna_mariebreen-20240412-DAT_0405_A1_1,1025.0,1449,112.85408782958984,556861.2591201175,8639396.931301098,563.6709228515625,2024-04-12 16:22:19.200000+00:00,0,2024-04-29,25 MHz,20240412,109.65579390525818,110.87419128417969,113.61558532714844,1.8566988783739333,2.9353946182250974,10,2.3187621818417496,2.309869130452474,4.396441176731658,3.7629090051065286,107.6012486547166,116.88852795661153,112.5494883954525,106.91439867019653,3.3167362911605496,3.9514923202514645,8.0,8.0,0.5350996482997973,0.0,3.9875585501177118,3.3596236781389677,112.85408782958984,106.37929902189674,0.9716599195842945,0.029389598152340175,certain_temperate,450.8168350219727,560.4726289272309,POINT (556861.2591201175 8639396.931301098),ragna_mariebreen
ragna_mariebreen-20240412-DAT_0405_A1_1,1030.0,1454,113.61558532714844,556865.4450853827,8639395.46561731,563.3505859375,2024-04-12 16:22:20.200000+00:00,0,2024-04-29,25 MHz,20240412,110.41729140281677,112.09259796142578,114.22479248046875,1.7066175642911796,2.5966934989929196,10,2.333589615097783,1.9799067179361982,4.013538118809039,3.50402834094821,109.03225956454529,117.28513087734925,113.3109858930111,107.67589616775513,3.300775489029979,3.8385927719593047,8.0,8.0,0.5350996482997973,0.0,3.8757097546834935,3.343867590469405,113.61558532714844,107.14079651945534,0.9718498662386644,0.02905213646108162,certain_temperate,449.73500061035156,560.1522920131683,POINT (556865.4450853827 8639395.46561731),ragna_mariebreen
ragna_mariebreen-20240412-DAT_0405_A1_1,1035.0,1460,114.68169403076172,556870.316039383,8639393.933414808,562.9432484019886,2024-04-12 16:22:21.363636224+00:00,0,2024-04-29,25 MHz,20240412,111.48340010643005,113.76789093017578,115.44319152832031,1.4860840654165524,1.9192969161987303,10,2.3543568927216834,2.309885660807292,3.816054087252852,3.6175978209019073,110.46962348433254,118.74145897416355,114.37709459662437,108.74200487136841,3.300775489029979,3.8385927719593047,8.0,8.0,0.5350996482997973,0.0,3.8757097546834935,3.343867590469405,114.68169403076172,108.20690522306862,0.9721115566755252,0.028782060789445552,certain_temperate,448.2615543712269,559.744954477657,POINT (556870.316039383 8639393.933414808),ragna_mariebreen
ragna_mariebreen-20240412-DAT_0405_A1_1,1040.0,1466,115.74778747558594,556874.8972773901,8639392.497595273,562.5371537642045,2024-04-12 16:22:22.454545408+00:00,0,2024-04-29,25 MHz,20240412,112.54949355125427,115.29087829589844,116.81388092041016,1.398156073635964,1.6934999404907225,10,2.3751337061726363,2.4748668670654297,3.82546313279029,3.70419580180918,111.86068498765827,120.24407422865032,115.4431880414486,109.80809831619263,3.300775489029979,3.8385927719593047,8.0,8.0,0.5350996482997973,0.0,3.8757097546834935,3.343867590469405,115.74778747558594,109.27299866789284,0.9723684228088916,0.028516964004397873,certain_temperate,446.78936628861857,559.3388598398728,POINT (556874.8972773901 8639392.497595273),ragna_mariebreen
ragna_mariebreen-20240412-DAT_0405_A1_1,1045.0,1473,116.9661865234375,556880.4001422038,8639390.869621841,562.0702880859375,2024-04-12 16:22:23.800000+00:00,0,2024-04-29,25 MHz,20240412,113.76789259910583,116.66158294677734,118.33688354492188,1.3762341915090643,1.6934999404907225,10,2.3988904760189094,2.6398646036783853,3.9486076900763827,3.823294546796895,113.09457290450268,121.90389358719654,116.66158708930016,111.02649736404419,3.2856196533575703,3.725692870187759,8.0,8.0,0.5350996482997973,0.0,3.7639233515812287,3.3289079500851457,116.9661865234375,110.4913977157444,0.9726562520383547,0.02809033748141565,certain_temperate,445.1041015625,558.8719941616058,POINT (556880.4001422038 8639390.869621841),ragna_mariebreen
ragna_mariebreen-20240412-DAT_0405_A1_1,1050.0,1479,118.18458557128906,556885.1639654593,8639389.874616923,561.7161865234375,2024-04-12 16:22:25+00:00,0,2024-04-29,25 MHz,20240412,114.9862916469574,117.72767639160156,119.55528259277344,1.3701346542933222,1.4677029647827147,10,2.4226593872566853,3.464820226033529,4.475311128650827,4.444268969840761,113.49988054679142,123.78307843758358,117.87998613715172,112.24489641189575,3.2856196533575703,3.725692870187759,8.0,8.0,0.5350996482997973,0.0,3.7639233515812287,3.3289079500851457,118.18458557128906,111.70979676359596,0.9729381466384003,0.0278007460742474,certain_temperate,443.53160095214844,558.5178925991058,POINT (556885.1639654593 8639389.874616923),ragna_mariebreen
ragna_mariebreen-20240412-DAT_0405_A1_1,1055.0,1485,120.16448211669922,556889.9953352652,8639388.956881186,561.3776000976562,2024-04-12 16:22:26.200000+00:00,0,2024-04-29,25 MHz,20240412,116.96618819236755,118.94608306884766,120.46908569335938,1.3416205500317766,1.5806014526367187,10,2.4613088195002697,3.464820226033529,4.534459312394163,4.456788754691926,114.69602185709071,124.71914690511632,119.85988268256187,114.22479295730591,3.2856196533575694,3.725692870187759,8.0,8.0,0.5350996482997973,0.0,3.7639233515812287,3.3289079500851453,120.16448211669922,113.68969330900612,0.9733840327192056,0.027342685587965165,certain_temperate,441.213117980957,558.1793061733246,POINT (556889.9953352652 8639388.956881186),ragna_mariebreen
ragna_mariebreen-20240412-DAT_0405_A1_1,1060.0,1491,121.38288116455078,556895.0078585014,8639387.881156519,561.0057712131077,2024-04-12 16:22:27.444444416+00:00,0,2024-04-29,25 MHz,20240412,118.18458724021912,120.62138366699219,122.29667663574219,1.498171193007657,1.3547875099182127,10,2.4851079525692605,2.309877395629883,3.653319629569149,3.708882856376413,117.22855370974929,125.68950659298508,121.07828173041344,115.44319200515747,3.2712800679269316,3.612793321895599,8.0,8.0,0.5350996482997973,0.0,3.6522058020248536,3.314755634496546,121.38288116455078,114.90809235685768,0.9736511945206182,0.026950094086927074,certain_temperate,439.6228900485569,557.807477288776,POINT (556895.0078585014 8639387.881156519),ragna_mariebreen
ragna_mariebreen-20240412-DAT_0405_A1_1,1065.0,1496,122.29667663574219,556899.6176234245,8639386.72677918,560.6275906032986,2024-04-12 16:22:28.555555584+00:00,0,2024-04-29,25 MHz,20240412,119.09838271141052,122.14437866210938,123.51507568359375,1.638824213501229,1.129001845550537,10,2.5029644117443848,2.4748751322428384,3.6965501395097347,3.8827287530048817,118.62445852570671,127.03499581999641,121.99207720160484,116.35698747634888,3.271280067926932,3.612793321895599,8.0,8.0,0.5350996482997973,0.0,3.6522058020248536,3.314755634496546,122.29667663574219,115.82188782804909,0.9738480716540016,0.026748724151109713,certain_temperate,438.3309139675564,557.4292966789669,POINT (556899.6176234245 8639386.72677918),ragna_mariebreen
ragna_mariebreen-20240412-DAT_0405_A1_1,1070.0,1501,123.6673812866211,556904.1485537228,8639385.705682322,560.2771362304687,2024-04-12 16:22:29.600000+00:00,0,2024-04-29,25 MHz,20240412,120.46908736228943,123.51507568359375,124.73346710205078,1.7141489028298675,0.9032048698425292,10,2.529760557388032,3.629801432291667,4.515631290582758,4.744834388749061,119.09069471948331,129.15784806616122,123.36278185248375,117.72769212722778,3.271280067926932,3.612793321895599,8.0,8.0,0.5350996482997973,0.0,3.6522058020248536,3.314755634496546,123.6673812866211,117.19259247892799,0.9741379344249309,0.02645224661420751,certain_temperate,436.60975494384763,557.0788423061371,POINT (556904.1485537228 8639385.705682322),ragna_mariebreen
ragna_mariebreen-20240412-DAT_0405_A1_1,1075.0,1507,125.64726257324219,556909.4912281142,8639384.585707484,559.8949340820312,2024-04-12 16:22:30.800000+00:00,0,2024-04-29,25 MHz,20240412,122.44896864891052,125.3426742553711,126.5610580444336,1.8650085809370422,1.016092046356201,10,2.5684886289138413,3.95978864034017,4.827991607251931,5.074969647199435,120.62281621587174,131.28091608393296,125.34266313910484,119.70757341384888,3.300775489029979,3.8385927719593047,8.0,8.0,0.5350996482997973,0.0,3.8757097546834935,3.343867590469405,125.64726257324219,119.17247376554909,0.9745454548007576,0.026270174307266695,certain_temperate,434.24767150878904,556.6966401576996,POINT (556909.4912281142 8639384.585707484),ragna_mariebreen
ragna_mariebreen-20240412-DAT_0405_A1_1,1080.0,1512,127.32257080078125,556913.9617689756,8639383.65316667,559.5686645507812,2024-04-12 16:22:31.800000+00:00,0,2024-04-29,25 MHz,20240412,124.12427687644958,127.0179672241211,127.9317626953125,1.9987449120111547,1.016103357696533,10,2.6012794571379643,4.124786376953125,4.981263243711202,5.270246549537938,122.14144003055127,132.80828988888234,127.0179713666439,121.38288164138794,3.31673629116055,3.9514923202514645,8.0,8.0,0.5350996482997973,0.0,3.9875585501177118,3.359623678138968,127.32257080078125,120.84778199308815,0.9748803852748468,0.02604986900830154,certain_temperate,432.24609375,556.3703706264496,POINT (556913.9617689756 8639383.65316667),ragna_mariebreen
ragna_mariebreen-20240412-DAT_0405_A1_1,1085.0,1518,129.4547576904297,556919.3042842107,8639382.347057497,559.1190185546875,2024-04-12 16:22:33+00:00,0,2024-04-29,25 MHz,20240412,126.25646376609802,128.99786376953125,130.52085876464844,2.109655640313037,1.6934999404907225,10,2.643038727577624,3.9597803751627603,5.053064058909342,5.2073180482570764,124.23703250440545,135.28169002977424,129.15015825629234,123.51506853103638,3.333490596397557,4.06439222202301,8.0,8.0,0.5350996482997973,0.16499127944310507,4.102784163265718,3.3801942713657422,129.4547576904297,122.9551098219311,0.9752941183360764,0.02575023626685908,certain_temperate,429.6642608642578,555.9207246303558,POINT (556919.3042842107 8639382.347057497),ragna_mariebreen
ragna_mariebreen-20240412-DAT_0405_A1_1,1090.0,1523,130.97775268554688,556923.8219098133,8639381.416490821,558.7425537109375,2024-04-12 16:22:34+00:00,0,2024-04-29,25 MHz,20240412,127.62715911865234,130.36856079101562,133.2622528076172,2.323090525640177,2.709586331176758,10,2.672883962955091,3.7948074340820312,5.374637683350077,5.190531931460003,125.72691537789036,137.90389822074243,130.67315325140953,125.03806352615356,3.346635583591066,4.064392045283317,8.0,8.0,0.5354723063802702,0.16499127944310507,4.102832608205554,3.3932171228128616,130.97775268554688,124.47774869216067,0.9744186054639471,0.02555117579109571,certain_temperate,427.7648010253906,555.391960144043,POINT (556923.8219098133 8639381.416490821),ragna_mariebreen
ragna_mariebreen-20240412-DAT_0405_A1_1,1095.0,1529,132.95765686035156,556928.7409935769,8639380.279110676,558.364208984375,2024-04-12 16:22:35.200000+00:00,0,2024-04-29,25 MHz,20240412,129.60706329345703,131.8915557861328,134.93756103515625,2.121352700811895,2.596710466003418,10,2.711703414298473,4.124786376953125,5.577643167760714,5.37283308356569,126.95524156774921,139.87387525353984,132.65305742621422,127.01796770095825,3.364841581504637,4.177291947054862,8.0,8.0,0.5354723063802702,0.0,4.211472260603126,3.407182040854705,132.95765686035156,126.48249539457798,0.9747995441103949,0.02530761793612839,certain_temperate,425.4065521240234,555.0136154174804,POINT (556928.7409935769 8639380.279110676),ragna_mariebreen
ragna_mariebreen-20240412-DAT_0405_A1_1,1100.0,1535,134.78524780273438,556933.6914655517,8639379.143042611,558.030419921875,2024-04-12 16:22:36.400000+00:00,0,2024-04-29,25 MHz,20240412,131.43465423583984,133.56686401367188,136.46054077148438,1.761826489080573,2.48378935546875,10,2.7475562251021914,3.794790903727214,5.302708060552502,5.005350716057226,128.88183432186537,141.14557046329088,134.48064836859703,128.84555864334106,3.388943675814558,4.177292013332248,8.0,8.0,0.5354723063802702,0.0,4.211472326342605,3.4309867135772607,134.78524780273438,128.3100863369608,0.9751412441530819,0.025143283341916345,certain_temperate,423.24517211914065,554.6798263549805,POINT (556933.6914655517 8639379.143042611),ragna_mariebreen
ragna_mariebreen-20240412-DAT_0405_A1_1,1105.0,1541,136.46054077148438,556938.4536671033,8639377.999220217,557.7438598632813,2024-04-12 16:22:37.600000+00:00,0,2024-04-29,25 MHz,20240412,133.10994720458984,135.08984375,137.3743438720703,1.482610285503028,2.032195404052734,10,2.7804373172323773,3.134849548339844,4.657030333381774,4.44479995325597,130.89960349844102,141.5645841236293,136.15594133734703,130.52085161209106,3.409354314361776,4.177292013332248,8.0,8.0,0.5354723063802702,0.0,4.211472326342605,3.45114871191571,136.46054077148438,129.9853793057108,0.9754464290706175,0.024984177074829646,certain_temperate,421.2833190917969,554.3932662963867,POINT (556938.4536671033 8639377.999220217),ragna_mariebreen
ragna_mariebreen-20240412-DAT_0405_A1_1,1110.0,1548,137.678955078125,556943.5247933478,8639376.830937784,557.4639615145596,2024-04-12 16:22:38.909091072+00:00,0,2024-04-29,25 MHz,20240412,134.32836151123047,136.91744995117188,138.59274291992188,1.220615536510154,1.6934999404907225,10,2.804360509735106,2.6398646036783853,4.207287135763123,4.040201143790462,133.06604462398082,142.44414824711293,137.37435564398766,131.7392659187317,3.430488648907019,4.177292013332248,8.0,8.0,0.5354723063802702,0.0,4.211472326342605,3.472028652125456,137.678955078125,131.20379361235143,0.9756637202469087,0.024916579639643627,certain_temperate,419.7850064364346,554.1133679476651,POINT (556943.5247933478 8639376.830937784),ragna_mariebreen
ragna_mariebreen-20240412-DAT_0405_A1_1,1115.0,1555,138.8973388671875,556948.513087955,8639375.696478467,557.1953125,2024-04-12 16:22:40.200000+00:00,0,2024-04-29,25 MHz,20240412,135.54674530029297,138.28814697265625,139.65884399414062,1.2209358191922481,1.5805901412963865,10,2.828290702483485,2.474858601888021,4.077060042709328,3.9515614219799624,134.52993551012602,143.41705545667085,138.59273943305016,132.9576497077942,3.474875574532523,4.177292013332248,8.0,8.0,0.5354723063802702,0.0,4.211472326342605,3.515891188501563,138.8973388671875,132.42217740141393,0.9758771939461105,0.025017582070849972,certain_temperate,418.2979736328125,553.8447189331055,POINT (556948.513087955 8639375.696478467),ragna_mariebreen
ragna_mariebreen-20240412-DAT_0405_A1_1,1120.0,1561,139.96343994140625,556953.1624169277,8639374.622511905,556.9427001953125,2024-04-12 16:22:41.400000+00:00,0,2024-04-29,25 MHz,20240412,136.61284637451172,139.5065460205078,140.57264709472656,1.1352894801647129,1.241894677734375,10,2.8492360042812623,2.144896189371745,3.776377611132003,3.7426738670430195,135.9402138050133,144.1389793102211,139.6588405072689,134.02375078201294,3.49810129264062,4.177292013332248,8.0,8.0,0.5354723063802702,0.0,4.211472326342605,3.5388477283537054,139.96343994140625,133.48827847563268,0.9760609372826418,0.024992964549206933,certain_temperate,416.9792602539062,553.5921066284179,POINT (556953.1624169277 8639374.622511905),ragna_mariebreen
ragna_mariebreen-20240412-DAT_0405_A1_1,1125.0,1567,140.8772430419922,556958.4566194105,8639373.584495641,556.6665954589844,2024-04-12 16:22:42.750000128+00:00,0,2024-04-29,25 MHz,20240412,137.52664947509766,140.57264709472656,141.48643493652344,1.1168642911145392,1.0160863906860351,10,2.8671935830782362,2.1448796590169272,3.7220611692779793,3.7508257276600263,136.99196171417307,145.06712031707693,140.57264360785484,134.93755388259888,3.521997141126318,4.177292013332248,8.0,8.0,0.5354723063802702,0.0,4.211472326342605,3.5624702739815475,140.8772430419922,134.40208157621862,0.9762162184995642,0.025000468954921935,certain_temperate,415.7893524169922,553.3160018920898,POINT (556958.4566194105 8639373.584495641),ragna_mariebreen
ragna_mariebreen-20240412-DAT_0405_A1_1,1130.0,1573,141.94332885742188,556963.2802161667,8639372.620147856,556.4323120117188,2024-04-12 16:22:44+00:00,0,2024-04-29,25 MHz,20240412,138.59273529052734,141.33413696289062,142.40023803710938,1.0964885580185353,1.016097702026367,10,2.888148791674433,1.9798901875813801,3.646069546483553,3.6692854557252814,137.8325132541333,145.9018617458667,141.63872942328453,136.00363969802856,3.521997141126318,4.177292013332248,8.0,8.0,0.5354723063802702,0.0,4.211472326342605,3.5624702739815475,141.94332885742188,135.4681673916483,0.9763948500160926,0.024812699332027545,certain_temperate,414.4889831542969,553.0817184448242,POINT (556963.2802161667 8639372.620147856),ragna_mariebreen
ragna_mariebreen-20240412-DAT_0405_A1_1,1135.0,1580,142.704833984375,556967.692406086,8639371.736144109,556.2919034090909,2024-04-12 16:22:45.272727296+00:00,0,2024-04-29,25 MHz,20240412,139.35424041748047,142.24794006347656,143.46633911132812,1.0841996193018468,1.016097702026367,10,2.903120365572742,1.8149007161458335,3.5713340653785295,3.5913035629091756,138.8242034400679,146.8900757347368,142.40023455023766,136.7651448249817,3.4981012926406194,4.177292013332248,8.0,8.0,0.5354723063802702,0.0,4.211472326342605,3.538847728353705,142.704833984375,136.22967251860143,0.9765208124115726,0.024512843713644854,certain_temperate,413.5870694247159,552.9413098421963,POINT (556967.692406086 8639371.736144109),ragna_mariebreen
ragna_mariebreen-20240412-DAT_0405_A1_1,1140.0,1588,143.61862182617188,556972.7547588882,8639370.5912901,556.132470703125,2024-04-12 16:22:46.800000+00:00,0,2024-04-29,25 MHz,20240412,140.26802825927734,143.0094451904297,144.38014221191406,1.1536416438009074,1.354793165588379,10,2.921089422475729,1.9798901875813801,3.779972630920177,3.7126294740106074,139.48060280673207,147.90898459561168,143.31402239203453,137.67893266677856,3.4981012926406194,4.177292013332248,8.0,8.0,0.5354723063802702,0.0,4.211472326342605,3.538847728353705,143.61862182617188,137.1434603603983,0.9766702010902882,0.02435687829447723,certain_temperate,412.51384887695315,552.7818771362305,POINT (556972.7547588882 8639370.5912901),ragna_mariebreen
ragna_mariebreen-20240412-DAT_0405_A1_1,1145.0,1596,144.5324249267578,556977.8949546014,8639369.239815986,555.9744140625,2024-04-12 16:22:48.400000+00:00,0,2024-04-29,25 MHz,20240412,141.18183135986328,144.2278289794922,145.29393005371094,1.2081997267054625,1.241894677734375,10,2.9390625617845485,2.1449127197265625,3.8446120360724723,3.8338604430703405,140.58932113735025,148.93243789585287,144.22782549262047,138.5927357673645,3.474875574532523,4.177292013332248,8.0,8.0,0.5354723063802702,0.0,4.211472326342605,3.515891188501563,144.5324249267578,138.05726346098425,0.9768177032344648,0.02404218690922418,certain_temperate,411.44198913574223,552.6238204956055,POINT (556977.8949546014 8639369.239815986),ragna_mariebreen
ragna_mariebreen-20240412-DAT_0405_A1_1,1150.0,1604,145.59854125976562,556982.6987251756,8639367.921852548,555.8369029651989,2024-04-12 16:22:49.909091072+00:00,0,2024-04-29,25 MHz,20240412,142.2479476928711,145.44622802734375,146.3600311279297,1.2183973524410634,1.016097702026367,10,2.96003616308799,2.3098856608072915,3.889709551220383,3.947388752229403,141.69157946152674,150.1146796937467,145.29394182562828,139.65885210037231,3.474875574532523,4.177292013332248,8.0,8.0,0.5354723063802702,0.0,4.211472326342605,3.515891188501563,145.59854125976562,139.12337979399206,0.9769874509874611,0.023866142781835426,certain_temperate,410.23836170543325,552.4863093983043,POINT (556982.6987251756 8639367.921852548),ragna_mariebreen
ragna_mariebreen-20240412-DAT_0405_A1_1,1155.0,1612,146.6646270751953,556987.4161136502,8639366.654488461,555.7224365234375,2024-04-12 16:22:51.400000+00:00,0,2024-04-29,25 MHz,20240412,143.31403350830078,146.5123291015625,147.27383422851562,1.156436523983697,1.016097702026367,10,2.9810141116811986,2.309869130452474,3.9056875289663124,3.944526076458769,142.74113028237255,151.04503304770557,146.36002764105797,140.724937915802,3.4523335813118097,4.177292013332248,8.0,8.0,0.5354723063802702,0.0,4.211472326342605,3.4936138520954816,146.6646270751953,140.18946560942175,0.9771547261687259,0.023538965394442314,certain_temperate,409.0578094482422,552.371842956543,POINT (556987.4161136502 8639366.654488461),ragna_mariebreen
ragna_mariebreen-20240412-DAT_0405_A1_1,1160.0,1619,147.73072814941406,556991.9679627996,8639365.278759135,555.63916015625,2024-04-12 16:22:52.800000+00:00,0,2024-04-29,25 MHz,20240412,144.38013458251953,147.57843017578125,148.1876220703125,1.1564312098306766,0.7903007263183593,10,3.0019972044994363,2.144896189371745,3.7732137650845057,3.866510057154165,143.88890894952385,151.8771432965699,147.42612871527672,141.79103899002075,3.4278313447314215,4.177292013332248,8.0,8.0,0.5354723063802702,0.0,4.211472326342605,3.4694031646413523,147.73072814941406,141.2555666836405,0.9773195894390654,0.023203238673978045,certain_temperate,407.90843200683594,552.2885665893555,POINT (556991.9679627996 8639365.278759135),ragna_mariebreen
ragna_mariebreen-20240412-DAT_0405_A1_1,1165.0,1626,148.64453125,556996.5841177299,8639363.868468892,555.5763916015625,2024-04-12 16:22:54.200000+00:00,0,2024-04-29,25 MHz,20240412,145.29393768310547,148.4922332763672,149.1014404296875,1.1828700586897145,0.9032105255126953,10,3.019986534442313,1.9798901875813801,3.7223746555781894,3.7999296570908427,144.8810999607592,152.7125737452955,148.33993181586266,142.7048420906067,3.4278313447314215,4.177292013332248,8.0,8.0,0.5354723063802702,0.0,4.211472326342605,3.4694031646413523,148.64453125,142.16936978422643,0.9774590189176937,0.023060595071380547,certain_temperate,406.9318603515625,552.225798034668,POINT (556996.5841177299 8639363.868468892),ragna_mariebreen
ragna_mariebreen-20240412-DAT_0405_A1_1,1170.0,1633,149.55831909179688,557001.7060398826,8639362.199846666,555.5107574462891,2024-04-12 16:22:55.750000128+00:00,0,2024-04-29,25 MHz,20240412,146.20772552490234,149.25372314453125,150.0152130126953,1.171930800607254,0.7903007263183593,10,3.03797898673205,2.1448796590169272,3.8018943059361066,3.8991341188656263,145.5348758667461,153.73406029048047,149.25371965765953,143.61862993240356,3.405950872014726,4.177292013332248,8.0,8.0,0.5354723063802702,0.0,4.211472326342605,3.4477865266686796,149.55831909179688,143.0831576260233,0.9775967422792577,0.022773396309196278,certain_temperate,405.9524383544922,552.1601638793945,POINT (557001.7060398826 8639362.199846666),ragna_mariebreen
ragna_mariebreen-20240412-DAT_0405_A1_1,1175.0,1640,150.62442016601562,557006.423600188,8639360.998562228,555.4892211914063,2024-04-12 16:22:57.200000+00:00,0,2024-04-29,25 MHz,20240412,147.2738265991211,150.1675262451172,150.77671813964844,1.1666404394234522,0.7903007263183593,10,3.058974726953357,2.309885660807292,3.9137543847515306,4.006737832831174,146.334394608173,154.60984977659263,150.16752099990845,144.68473100662231,3.3820924145074374,4.06439222202301,8.0,8.0,0.5354723063802702,0.0,4.099513962086402,3.4242195740298187,150.62442016601562,144.14925870024206,0.9777553097751244,0.022453812009896892,certain_temperate,404.86480102539065,552.1386276245117,POINT (557006.423600188 8639360.998562228),ragna_mariebreen
ragna_mariebreen-20240412-DAT_0405_A1_1,1180.0,1648,151.69052124023438,557011.5277141861,8639359.571249649,555.4638305664063,2024-04-12 16:22:58.800000+00:00,0,2024-04-29,25 MHz,20240412,148.33992767333984,151.08131408691406,151.8428192138672,1.1872223806091953,1.0161090133666992,10,3.0799749501665756,2.1448796590169272,3.8883456600928907,3.936527838887658,147.32808155410743,155.59605174667382,151.2336220741272,145.75083208084106,3.3609002317527636,4.06439222202301,8.0,8.0,0.5354723063802702,0.0,4.099513962086402,3.4032897259410615,151.69052124023438,145.2153597744608,0.9779116484042655,0.022156296941125673,certain_temperate,403.7733093261719,552.1132369995117,POINT (557011.5277141861 8639359.571249649),ragna_mariebreen
ragna_mariebreen-20240412-DAT_0405_A1_1,1185.0,1655,152.60430908203125,557015.9305572478,8639358.189439261,555.4503662109375,2024-04-12 16:23:00.200000+00:00,0,2024-04-29,25 MHz,20240412,149.25371551513672,151.8428192138672,152.90892028808594,1.2310251770845135,1.241894677734375,10,3.0979783827783,1.9798901875813801,3.8806877748187434,3.87722300128051,148.16621273301521,156.5855267689379,152.14740991592407,146.66461992263794,3.363179412597916,4.06439222202301,8.0,8.0,0.5354723063802702,0.0,4.099513962086402,3.4055405374510914,152.60430908203125,146.12914761625768,0.9780439124750177,0.02203856124921129,certain_temperate,402.8460571289063,552.099772644043,POINT (557015.9305572478 8639358.189439261),ragna_mariebreen
ragna_mariebreen-20240412-DAT_0405_A1_1,1190.0,1662,153.5181121826172,557020.7491989199,8639356.82483017,555.4708374023437,2024-04-12 16:23:01.600000+00:00,0,2024-04-29,25 MHz,20240412,150.16751861572266,152.75662231445312,153.82272338867188,1.2444544494688623,1.354793165588379,10,3.1159852867505413,2.144896189371745,4.0181349519338285,3.982287137717487,148.9737736563084,157.6055720468166,153.06121301651,147.57842302322388,3.363179412597916,4.06439222202301,8.0,8.0,0.5354723063802702,0.0,4.099513962086402,3.4055405374510914,153.5181121826172,147.04295071684362,0.9781746041606554,0.021907378645962323,certain_temperate,401.9527252197265,552.1202438354492,POINT (557020.7491989199 8639356.82483017),ragna_mariebreen
ragna_mariebreen-20240412-DAT_0405_A1_1,1195.0,1669,154.58421325683594,557025.5365529743,8639355.552029062,555.5327758789062,2024-04-12 16:23:03+00:00,0,2024-04-29,25 MHz,20240412,151.2336196899414,153.82272338867188,154.88880920410156,1.154197872650173,1.4676916534423827,10,3.1369972258983543,2.474875132242839,4.256744918957725,4.159078172470212,149.82700586668813,158.8845267260853,154.12731409072876,148.64452409744263,3.3426107404866365,4.06439222202301,8.0,8.0,0.5354723063802702,0.0,4.099513962086402,3.3852292615592265,154.58421325683594,148.10905179106237,0.978325124562832,0.02162323480556849,certain_temperate,400.9485626220703,552.1821823120117,POINT (557025.5365529743 8639355.552029062),ragna_mariebreen
ragna_mariebreen-20240412-DAT_0405_A1_1,1200.0,1677,155.8026123046875,557030.4815831361,8639354.267140068,555.6036987304688,2024-04-12 16:23:04.500000+00:00,0,2024-04-29,25 MHz,20240412,152.45201873779297,155.1934051513672,156.10720825195312,1.0963689121383984,1.241905989074707,10,3.161015912706848,2.6398646036783853,4.30153893529276,4.261799094002846,151.07504301015862,160.2255703931617,155.34571313858032,149.8629231452942,3.3426107404866365,4.06439222202301,8.0,8.0,0.5354723063802702,0.0,4.099513962086402,3.3852292615592265,155.8026123046875,149.32745083891393,0.9784946252355377,0.021454137970099173,certain_temperate,399.80108642578125,552.2531051635742,POINT (557030.4815831361 8639354.267140068),ragna_mariebreen
ragna_mariebreen-20240412-DAT_0405_A1_1,1205.0,1685,157.02101135253906,557035.2070422389,8639353.066274725,555.6392822265625,2024-04-12 16:23:06+00:00,0,2024-04-29,25 MHz,20240412,153.67041778564453,156.4118194580078,157.32562255859375,1.0473178005890749,1.128984878540039,10,3.1850399059461845,2.6398646036783853,4.288119772603814,4.2673456508296175,152.27498923086242,161.46245278573915,156.56411218643188,151.08132219314575,3.3227875988522304,4.06439222202301,8.0,8.0,0.5354723063802702,0.0,4.099513962086402,3.3656571450440964,157.02101135253906,150.5458498867655,0.9786614954391557,0.02116142018339191,certain_temperate,398.61827087402344,552.288688659668,POINT (557035.2070422389 8639353.066274725),ragna_mariebreen
ragna_mariebreen-20240412-DAT_0405_A1_1,1210.0,1693,158.23941040039062,557040.1121799534,8639351.891473105,555.6838500976562,2024-04-12 16:23:07.600000+00:00,0,2024-04-29,25 MHz,20240412,154.8888168334961,157.63021850585938,158.54400634765625,0.9979225450879674,0.7903120376586914,10,3.2090690864400693,2.6398646036783853,4.229846645466899,4.273506631946906,153.47485937248723,162.6993654810284,157.78251123428345,152.29972124099731,3.3227875988522304,4.06439222202301,8.0,8.0,0.5354723063802702,0.0,4.099513962086402,3.3656571450440964,158.23941040039062,151.76424893461706,0.9788257959353073,0.02099848318724542,certain_temperate,397.4444396972656,552.3332565307617,POINT (557040.1121799534 8639351.891473105),ragna_mariebreen
ragna_mariebreen-20240412-DAT_0405_A1_1,1215.0,1701,159.4578094482422,557044.8841202136,8639350.89734663,555.7911376953125,2024-04-12 16:23:09.200000+00:00,0,2024-04-29,25 MHz,20240412,156.10721588134766,158.69630432128906,159.61012268066406,0.9660326280298694,0.6774022384643554,10,3.233103338529835,2.474875132242839,4.1275704609955834,4.184636562023645,154.62469970912363,163.6817272928295,159.000910282135,153.51812028884888,3.3037230321577074,4.06439222202301,8.0,8.0,0.5354723063802702,0.0,4.099513962086402,3.346836784802856,159.4578094482422,152.98264798246862,0.9789875856285227,0.020718477468048065,certain_temperate,396.3333282470703,552.440544128418,POINT (557044.8841202136 8639350.89734663),ragna_mariebreen
ragna_mariebreen-20240412-DAT_0405_A1_1,1220.0,1710,160.52391052246094,557050.085691477,8639349.585901761,555.9224243164062,2024-04-12 16:23:11+00:00,0,2024-04-29,25 MHz,20240412,157.1733169555664,159.91470336914062,160.8284912109375,0.9829545425099411,0.7902781036376952,10,3.2541374186978054,1.9798901875813801,3.8902332803752837,3.9339007520896074,156.10558595238248,164.63760862769564,160.06701135635376,154.58422136306763,3.2897141676394095,4.06439222202301,8.0,8.0,0.5354723063802702,0.0,4.099513962086402,3.3330091352511557,160.52391052246094,154.04874905668737,0.9791271371598831,0.020493608440837877,certain_temperate,395.3985137939453,552.5718307495117,POINT (557050.085691477 8639349.585901761),ragna_mariebreen
ragna_mariebreen-20240412-DAT_0405_A1_1,1225.0,1718,161.285400390625,557054.9260827036,8639347.887212638,556.0284790039062,2024-04-12 16:23:12.600000+00:00,0,2024-04-29,25 MHz,20240412,157.93480682373047,160.37161254882812,161.43771362304688,1.0025598447258985,1.128984878540039,10,3.2691638306554305,1.4849052429199219,3.763905231018553,3.7279353500796626,156.78101709234508,165.02830907952992,160.82850122451782,155.3457112312317,3.271469909621554,4.06439222202301,8.0,8.0,0.5354723063802702,0.0,4.099513962086402,3.315003161455425,161.285400390625,154.81023892485143,0.9792256859035005,0.020283732450043345,certain_temperate,394.7430786132812,552.6778854370117,POINT (557054.9260827036 8639347.887212638),ragna_mariebreen
ragna_mariebreen-20240412-DAT_0405_A1_1,1230.0,1725,161.89459228515625,557059.4728244293,8639345.8785279,556.1072998046875,2024-04-12 16:23:14+00:00,0,2024-04-29,25 MHz,20240412,158.54399871826172,161.13308715820312,162.19920349121094,1.0473200195072736,1.0161090133666992,10,3.2811863105393435,1.3199323018391926,3.6797938003309842,3.6885341409793155,157.59636482164498,165.73592582776908,161.43769311904907,156.10720300674438,3.2591020638086103,3.9514923202514645,8.0,8.0,0.5354723063802702,0.0,3.9876085750618135,3.302798336747454,161.89459228515625,155.57173070036413,0.9793038574074612,0.020131012517503526,certain_temperate,394.21270751953125,552.756706237793,POINT (557059.4728244293 8639345.8785279),ragna_mariebreen
ragna_mariebreen-20240412-DAT_0405_A1_1,1235.0,1731,162.50379943847656,557063.7696574463,8639343.325850343,556.1559244791666,2024-04-12 16:23:15.333333248+00:00,0,2024-04-29,25 MHz,20240412,159.15320587158203,161.58999633789062,162.80841064453125,0.9923566864432939,1.0161090133666992,10,3.293210277643419,0.9899698893229167,3.5857707458212276,3.57911247485616,158.1512066795163,166.24720030290558,162.04690027236938,156.7164101600647,3.259102063808611,3.9514923202514645,8.0,8.0,0.5354723063802702,0.0,3.9876085750618135,3.3027983367474545,162.50379943847656,156.18093785368444,0.9793814447510006,0.0200555437784856,certain_temperate,393.65212504069007,552.8053309122721,POINT (557063.7696574463 8639343.325850343),ragna_mariebreen
ragna_mariebreen-20240412-DAT_0405_A1_1,1240.0,1737,162.80841064453125,557067.5738439371,8639340.777621407,556.1910034179688,2024-04-12 16:23:16.600000+00:00,0,2024-04-29,25 MHz,20240412,159.45781707763672,162.04689025878906,163.1129913330078,0.9373258804416927,1.016097702026367,10,3.299222852527444,0.6599578857421875,3.514665045442579,3.4927060637474803,158.68230769306228,166.4775738987346,162.35151147842407,157.02102136611938,3.241452311661101,3.9514923202514645,8.0,8.0,0.5354723063802702,0.0,3.9876085750618135,3.2853833383143134,162.80841064453125,156.48554905973913,0.9794200216461171,0.019909612155961317,certain_temperate,393.3825927734375,552.8404098510742,POINT (557067.5738439371 8639340.777621407),ragna_mariebreen
ragna_mariebreen-20240412-DAT_0405_A1_1,1245.0,1745,163.1129913330078,557071.4289755478,8639337.220015727,556.2051696777344,2024-04-12 16:23:18.166666752+00:00,0,2024-04-29,25 MHz,20240412,159.76239776611328,162.65609741210938,163.72219848632812,0.917174442816602,0.9031992141723633,10,3.30523511669605,0.6599413553873699,3.4893940146783144,3.493037464406475,159.28562240564645,167.09267349279105,162.65609216690063,157.32560205459595,3.2414523116611007,3.9514923202514645,8.0,8.0,0.5354723063802702,0.0,3.9876085750618135,3.285383338314313,163.1129913330078,156.7901297482157,0.979458450614433,0.01987243496162378,certain_temperate,393.09217834472656,552.8545761108398,POINT (557071.4289755478 8639337.220015727),ragna_mariebreen
ragna_mariebreen-20240412-DAT_0405_A1_1,1250.0,1753,163.41758728027344,557074.551499431,8639333.76863077,556.2390869140625,2024-04-12 16:23:19.600000+00:00,0,2024-04-29,25 MHz,20240412,160.0669937133789,163.1129913330078,164.17909240722656,0.8881993738352041,1.128996189880371,10,3.3112479721401584,0.9899698893229167,3.6357992122135587,3.568375210435358,159.6569236955377,167.63516004469668,162.96068811416626,157.63019800186157,3.2246051479775457,3.8385924184799194,8.0,8.0,0.5354723063802702,0.0,3.875760873184996,3.26876260246343,163.41758728027344,157.09472569548132,0.9794967382479585,0.01973230177757493,certain_temperate,392.821499633789,552.8884933471679,POINT (557074.551499431 8639333.76863077),ragna_mariebreen
ragna_mariebreen-20240412-DAT_0405_A1_1,1255.0,1761,164.0268096923828,557077.6416828291,8639329.358198088,556.2801920572916,2024-04-12 16:23:21.222222336+00:00,0,2024-04-29,25 MHz,20240412,160.67621612548828,163.5699005126953,164.63600158691406,0.8769540319297089,0.9032105255126953,10,3.32327514947897,1.1549593607584636,3.6323378281135947,3.625898125742895,160.0516496910301,168.15425240857928,163.56991052627563,158.23942041397095,3.2246051479775453,3.8385924184799194,8.0,8.0,0.5354723063802702,0.0,3.875760873184996,3.2687626024634295,164.0268096923828,157.7039481075907,0.979572890717205,0.019659012779831512,certain_temperate,392.2533823649088,552.9295984903971,POINT (557077.6416828291 8639329.358198088),ragna_mariebreen
ragna_mariebreen-20240412-DAT_0405_A1_1,1260.0,1767,164.48370361328125,557079.934201371,8639325.233315788,556.3046061197916,2024-04-12 16:23:22.555555584+00:00,0,2024-04-29,25 MHz,20240412,161.13311004638672,164.0268096923828,164.9405975341797,0.8851431782220234,0.7903007263183593,10,3.3322958304653416,0.9899368286132814,3.5649327713718457,3.587150522675987,160.55058035208006,168.41682687448244,164.02680444717407,158.69631433486938,3.2246051479775453,3.8385924184799194,8.0,8.0,0.5354723063802702,0.0,3.875760873184996,3.2687626024634295,164.48370361328125,158.16084202848913,0.9796296320347204,0.019604405039169936,certain_temperate,391.8209025065104,552.9540125528971,POINT (557079.934201371 8639325.233315788),ragna_mariebreen
ragna_mariebreen-20240412-DAT_0405_A1_1,1265.0,1774,164.9405975341797,557082.2097189887,8639320.569921926,556.3241577148438,2024-04-12 16:23:24+00:00,0,2024-04-29,25 MHz,20240412,161.59000396728516,164.63600158691406,165.39749145507812,0.9075690694562639,0.7903007263183593,10,3.341317148367227,1.1549263000488283,3.6225447247117186,3.6499228293692845,161.10071446356505,168.93277857842713,164.4836983680725,159.15320825576782,3.2085733214657406,3.725692870187759,8.0,8.0,0.5354723063802702,0.0,3.7639763487392037,3.2529484087704033,164.9405975341797,158.61773594938757,0.9796860589995122,0.019452902253496725,certain_temperate,391.38356018066406,552.9735641479492,POINT (557082.2097189887 8639320.569921926),ragna_mariebreen
ragna_mariebreen-20240412-DAT_0405_A1_1,1270.0,1782,165.54978942871094,557084.0648699527,8639315.6202317,556.318603515625,2024-04-12 16:23:25.500000+00:00,0,2024-04-29,25 MHz,20240412,162.1991958618164,165.24520874023438,165.85440063476562,0.923472154887871,0.9031879028320312,10,3.353346554109225,1.4849383036295574,3.776999240847761,3.781901069355951,161.5777880011396,169.5218213738604,165.09289026260376,159.76240015029907,3.208573321465741,3.725692870187759,8.0,8.0,0.5354723063802702,0.0,3.7639763487392037,3.252948408770404,165.54978942871094,159.22692784391882,0.9797608104579477,0.01938131925469719,certain_temperate,390.76881408691406,552.9680099487305,POINT (557084.0648699527 8639315.6202317),ragna_mariebreen
ragna_mariebreen-20240412-DAT_0405_A1_1,1275.0,1789,166.31130981445312,557085.3493245787,8639311.168188984,556.3063354492188,2024-04-12 16:23:26.800000+00:00,0,2024-04-29,25 MHz,20240412,162.9607162475586,165.85440063476562,166.31130981445312,0.9610843568089625,0.7902894149780273,10,3.3683854751022193,1.3199323018391926,3.7030797115029035,3.743250610261222,162.23663309243815,169.9290773567806,165.85441064834595,160.52392053604126,3.208573321465741,3.725692870187759,8.0,8.0,0.5354723063802702,0.0,3.7639763487392037,3.252948408770404,166.31130981445312,159.988448229661,0.9798534833822627,0.019292574419896145,certain_temperate,389.9950256347656,552.9557418823242,POINT (557085.3493245787 8639311.168188984),ragna_mariebreen
ragna_mariebreen-20240412-DAT_0405_A1_1,1280.0,1797,166.7681884765625,557085.9661588593,8639306.102946222,556.2689597389915,2024-04-12 16:23:28.272727296+00:00,0,2024-04-29,25 MHz,20240412,163.41759490966797,166.46359252929688,167.0727996826172,0.9792845238221431,0.6774135498046875,10,3.377408988426144,0.9899202982584636,3.58409302187664,3.653194745781204,162.94409914643538,170.59229306547869,166.31128931045532,160.98079919815063,3.2246051479775453,3.8385924184799194,8.0,8.0,0.5354723063802702,0.0,3.875760873184996,3.2687626024634295,166.7681884765625,160.44532689177038,0.9799086768435731,0.019335852823218317,certain_temperate,389.500771262429,552.918366172097,POINT (557085.9661588593 8639306.102946222),ragna_mariebreen
ragna_mariebreen-20240412-DAT_0405_A1_1,1285.0,1805,167.22508239746094,557085.5261753631,8639301.19706106,556.1940795898438,2024-04-12 16:23:29.800000+00:00,0,2024-04-29,25 MHz,20240412,163.8744888305664,166.7681884765625,167.52967834472656,0.9553016765719944,0.6774022384643554,10,3.3864334148385433,0.9899533589680991,3.592605282903172,3.655207274468648,163.24002480036106,171.057842020928,166.76818323135376,161.43769311904907,3.2246051479775453,3.8385924184799194,8.0,8.0,0.5354723063802702,0.0,3.875760873184996,3.2687626024634295,167.22508239746094,160.90222081266882,0.9799635705430192,0.019283023226822498,certain_temperate,388.96899719238286,552.8434860229493,POINT (557085.5261753631 8639301.19706106),ragna_mariebreen
ragna_mariebreen-20240412-DAT_0405_A1_1,1290.0,1813,167.68199157714844,557083.2126721892,8639296.521668706,556.0666137695313,2024-04-12 16:23:31.400000+00:00,0,2024-04-29,25 MHz,20240412,164.3313980102539,166.9204864501953,167.83428955078125,0.8995857024026327,0.7903007263183593,10,3.3954587495228905,0.6599744160970052,3.548137763339166,3.5740678205066803,163.46148278589916,171.2932932150774,167.22509241104126,161.89460229873657,3.185772096807406,3.8385924184799194,8.0,8.0,0.5354723063802702,0.0,3.875760873184996,3.230460407387291,167.68199157714844,161.35912999235632,0.9800181669159567,0.018998892289167922,certain_temperate,388.38462219238284,552.7160202026367,POINT (557083.2126721892 8639296.521668706),ragna_mariebreen
ragna_mariebreen-20240412-DAT_0405_A1_1,1295.0,1819,167.83428955078125,557080.4842778029,8639292.946103763,555.9592407226562,2024-04-12 16:23:32.600000+00:00,0,2024-04-29,25 MHz,20240412,164.48369598388672,167.0727996826172,168.44349670410156,0.882376214149146,0.9032105255126953,10,3.3984672279729566,0.49498494466145837,3.5511095235777534,3.545867648170738,163.63847448033252,171.87782190638623,167.37739038467407,162.04690027236938,3.2029528537157703,3.9514923202514645,8.0,8.0,0.5354723063802702,0.0,3.9876085750618135,3.2474047444114817,167.83428955078125,161.51142796598913,0.9800362990431657,0.01908401949499515,certain_temperate,388.12495117187495,552.6086471557617,POINT (557080.4842778029 8639292.946103763),ragna_mariebreen
ragna_mariebreen-20240412-DAT_0405_A1_1,1300.0,1826,168.13890075683594,557075.8998626241,8639289.57093563,555.8268636067709,2024-04-12 16:23:34.111111168+00:00,0,2024-04-29,25 MHz,20240412,164.7883071899414,167.3773956298828,168.59579467773438,0.8343341642979245,1.016097702026367,10,3.4044846862758615,0.3299954732259115,3.568174257445915,3.520728119175231,163.95695516242304,172.01623514519414,167.68200159072876,162.35151147842407,3.2029528537157703,3.9514923202514645,8.0,8.0,0.5354723063802702,0.0,3.9876085750618135,3.2474047444114817,168.13890075683594,161.81603917204382,0.9800724665629865,0.019049445662475878,certain_temperate,387.68796284993493,552.4762700398763,POINT (557075.8998626241 8639289.57093563),ragna_mariebreen
ragna_mariebreen-20240412-DAT_0405_A1_1,1305.0,1831,168.13890075683594,557072.2245612956,8639287.438288886,555.7224426269531,2024-04-12 16:23:35.249999872+00:00,0,2024-04-29,25 MHz,20240412,164.7883071899414,167.52967834472656,168.74807739257812,0.8447758349419104,1.129007501220703,10,3.4044846862758615,0.32997894287109375,3.6019522511601667,3.5232156183133294,164.10923947203418,172.1685162652705,167.68200159072876,162.35151147842407,3.2029528537157703,3.9514923202514645,8.0,8.0,0.5354723063802702,0.0,3.9876085750618135,3.2474047444114817,168.13890075683594,161.81603917204382,0.9800724665629865,0.019049445662475878,certain_temperate,387.5835418701172,552.3718490600586,POINT (557072.2245612956 8639287.438288886),ragna_mariebreen
ragna_mariebreen-20240412-DAT_0405_A1_1,1310.0,1838,168.44349670410156,557066.832465728,8639285.939994026,555.561865234375,2024-04-12 16:23:36.800000+00:00,0,2024-04-29,25 MHz,20240412,165.09290313720703,167.68199157714844,168.900390625,0.8829620392698765,1.128996189880371,10,3.4105021085995344,0.4949684143066407,3.62645153844464,3.5575469535502577,164.23575908877464,172.3466231133738,167.98659753799438,162.6561074256897,3.2029528537157703,3.9514923202514645,8.0,8.0,0.5354723063802702,0.0,3.9876085750618135,3.2474047444114817,168.44349670410156,162.12063511930944,0.9801085014710874,0.019014998598267517,certain_temperate,387.1183685302734,552.2112716674804,POINT (557066.832465728 8639285.939994026),ragna_mariebreen
ragna_mariebreen-20240412-DAT_0405_A1_1,1315.0,1845,168.59579467773438,557061.76995988,8639285.023156513,555.414453125,2024-04-12 16:23:38.200000+00:00,0,2024-04-29,25 MHz,20240412,165.24520111083984,167.83428955078125,169.20498657226562,0.8097270384344797,0.7903120376586914,10,3.413510918864433,0.4949684143066407,3.538593455207333,3.542980158163436,164.38507942027775,172.65419670276913,168.1388955116272,162.8084053993225,3.2029528537157708,3.9514923202514645,8.0,8.0,0.5354723063802702,0.0,3.9876085750618135,3.247404744411482,168.59579467773438,162.27293309294225,0.9801264700979103,0.018997821741865602,certain_temperate,386.81865844726565,552.0638595581055,POINT (557061.76995988 8639285.023156513),ragna_mariebreen
ragna_mariebreen-20240412-DAT_0405_A1_1,1320.0,1852,168.900390625,557056.863138562,8639284.522342138,555.2691372958096,2024-04-12 16:23:39.545454592+00:00,0,2024-04-29,25 MHz,20240412,165.54979705810547,167.83428955078125,169.0526885986328,0.9025944271154158,0.9031992141723633,10,3.419528736728357,0.1649894714355469,3.5406450157389666,3.5404907861559844,164.41078282419292,172.47619532522114,168.44349145889282,163.11300134658813,3.220942184516874,3.9514923202514645,8.0,8.0,0.5354723063802702,0.0,3.9876085750618135,3.2651491768218706,168.900390625,162.57752904020788,0.9801623101373775,0.01907006948058605,certain_temperate,386.3687466708096,551.9185437289151,POINT (557056.863138562 8639284.522342138),ragna_mariebreen
ragna_mariebreen-20240412-DAT_0405_A1_1,1325.0,1859,168.44349670410156,557052.1950727485,8639284.329278322,555.1252330433239,2024-04-12 16:23:40.818181632+00:00,0,2024-04-29,25 MHz,20240412,165.09290313720703,167.3773956298828,168.74807739257812,1.1620999861719958,1.241894677734375,10,3.4105021085995344,1.4849383036295574,3.9215900842557554,3.89705565474873,163.65764208988207,172.46783093257886,167.98659753799438,162.6561074256897,3.2209421845168733,3.9514923202514645,8.0,8.0,0.5354723063802702,0.0,3.9876085750618135,3.2651491768218697,168.44349670410156,162.12063511930944,0.9801085014710874,0.019121796017895442,certain_temperate,386.6817363392223,551.7746394764293,POINT (557052.1950727485 8639284.329278322),ragna_mariebreen
ragna_mariebreen-20240412-DAT_0405_A1_1,1330.0,1866,167.52967834472656,557046.9635074431,8639283.88953254,554.9370971679688,2024-04-12 16:23:42.200000+00:00,0,2024-04-29,25 MHz,20240412,164.17908477783203,166.7681884765625,168.2911834716797,1.4200170311826223,1.4676916534423827,10,3.3924500365539676,1.8149172465006511,4.117858745967976,4.101108414929947,162.92076831986523,172.13860362837696,167.07277917861938,161.7422890663147,3.220942184516874,3.9514923202514645,8.0,8.0,0.5354723063802702,0.0,3.9876085750618135,3.2651491768218706,167.52967834472656,161.20681675993444,0.98,0.019226099019238413,certain_temperate,387.4074188232422,551.5865036010742,POINT (557046.9635074431 8639283.88953254),ragna_mariebreen
ragna_mariebreen-20240412-DAT_0405_A1_1,1335.0,1872,166.7681884765625,557042.3312710511,8639283.400122765,554.7666870117188,2024-04-12 16:23:43.400000+00:00,0,2024-04-29,25 MHz,20240412,163.41759490966797,166.31130981445312,167.98658752441406,1.529410725073833,1.4676803421020508,10,3.377408988426144,1.6499112447102866,4.035242765573832,4.058102482256211,162.5524404910364,171.74545684783078,166.31128931045532,160.98079919815063,3.2078631493110477,3.9514923202514645,8.0,8.0,0.5354723063802702,0.0,3.9876085750618135,3.2522479265283573,166.7681884765625,160.44532689177038,0.9799086768435731,0.019235461982378483,certain_temperate,387.9984985351563,551.4160934448242,POINT (557042.3312710511 8639283.400122765),ragna_mariebreen
ragna_mariebreen-20240412-DAT_0405_A1_1,1340.0,1878,166.00668334960938,557037.5718058035,8639282.756536022,554.5991821289062,2024-04-12 16:23:44.600000+00:00,0,2024-04-29,25 MHz,20240412,162.65608978271484,165.85440063476562,167.52967834472656,1.7062346142871732,1.4677029647827147,10,3.362369338233828,1.3199323018391929,3.8989615080128033,3.9948698861321126,162.24223385454445,171.14184512494774,165.5497841835022,160.2192940711975,3.2265954693968597,3.9514923202514645,8.0,8.0,0.5354723063802702,0.0,3.9876085750618135,3.2707260530396836,166.00668334960938,159.68382176481725,0.9798165140144497,0.019436539567516467,certain_temperate,388.5924987792969,551.2485885620117,POINT (557037.5718058035 8639282.756536022),ragna_mariebreen
ragna_mariebreen-20240412-DAT_0405_A1_1,1345.0,1885,165.54978942871094,557031.9836249626,8639281.818073057,554.4173583984375,2024-04-12 16:23:46+00:00,0,2024-04-29,25 MHz,20240412,162.1991958618164,165.0928955078125,166.9204864501953,1.9163268829574418,1.4677029647827147,10,3.353346554109225,1.1549263000488283,3.8383511907240404,4.0312648874572945,161.54623681680476,170.46714514120305,165.09289026260376,159.76240015029907,3.2265954693968597,3.9514923202514645,8.0,8.0,0.5354723063802702,0.0,3.9876085750618135,3.2707260530396836,165.54978942871094,159.22692784391882,0.9797608104579477,0.019490181657925314,certain_temperate,388.86756896972656,551.066764831543,POINT (557031.9836249626 8639281.818073057),ragna_mariebreen
ragna_mariebreen-20240412-DAT_0405_A1_1,1350.0,1892,164.9405975341797,557027.1251036746,8639280.78794937,554.2663463245739,2024-04-12 16:23:47.272727296+00:00,0,2024-04-29,25 MHz,20240412,161.59000396728516,164.33139038085938,165.70208740234375,1.9413833614982652,1.5806014526367187,10,3.341317148367227,1.1549263000488283,3.8725387017555652,4.033264732300581,160.79610325751037,169.23737452569276,164.4836983680725,159.15320825576782,3.2265954693968597,3.9514923202514645,8.0,8.0,0.5354723063802702,0.0,3.9876085750618135,3.2707260530396836,164.9405975341797,158.61773594938757,0.9796860589995122,0.01956216672931739,certain_temperate,389.3257487903942,550.9157527576793,POINT (557027.1251036746 8639280.78794937),ragna_mariebreen
ragna_mariebreen-20240412-DAT_0405_A1_1,1355.0,1898,164.48370361328125,557022.5051101546,8639280.123098869,554.1188049316406,2024-04-12 16:23:48.500000+00:00,0,2024-04-29,25 MHz,20240412,161.13311004638672,163.72219848632812,164.9405975341797,1.8318942651696235,1.354793165588379,10,3.3322958304653416,1.6499277750651045,3.9575145844573925,4.145153044632893,160.0038040526151,168.65899196789272,164.02680444717407,158.69631433486938,3.2265954693968593,3.9514923202514645,8.0,8.0,0.5354723063802702,0.0,3.9876085750618135,3.270726053039683,164.48370361328125,158.16084202848913,0.9796296320347204,0.019616505456266534,certain_temperate,389.6351013183594,550.7682113647461,POINT (557022.5051101546 8639280.123098869),ragna_mariebreen
ragna_mariebreen-20240412-DAT_0405_A1_1,1360.0,1905,163.41758728027344,557017.6141920313,8639279.300393825,553.9548645019531,2024-04-12 16:23:49.833333248+00:00,0,2024-04-29,25 MHz,20240412,160.0669937133789,162.35150146484375,164.0268096923828,1.7312069504280294,1.4677029647827147,10,3.3112479721401584,2.144896189371745,4.209405514917245,4.308366314671265,158.40625840564147,167.9720527515851,162.96068811416626,157.63019800186157,3.24611304171664,3.9514923202514645,8.0,8.0,0.5354723063802702,0.16499179601669314,3.9910204761012342,3.29411638580908,163.41758728027344,157.0698830157573,0.9794967382479585,0.01986391486828962,certain_temperate,390.5372772216797,550.6042709350586,POINT (557017.6141920313 8639279.300393825),ragna_mariebreen
ragna_mariebreen-20240412-DAT_0405_A1_1,1365.0,1912,162.50379943847656,557012.4518202168,8639277.88317343,553.7823608398437,2024-04-12 16:23:51.200000+00:00,0,2024-04-29,25 MHz,20240412,159.000905752182,161.43771362304688,163.1129913330078,1.7065415500925423,1.3548044769287109,10,3.293210277643419,1.9798901875813801,4.07439495610862,4.204459911790043,157.59516250592986,166.95554245012482,162.04690027236938,156.7164101600647,3.241963417767454,3.9514923202514645,8.0,8.0,0.5358620211127049,0.16499179601669314,3.991072782527288,3.2900907587126285,162.50379943847656,156.1557227262624,0.9784442351600479,0.01995007765338343,certain_temperate,391.27856140136714,550.2794671535491,POINT (557012.4518202168 8639277.88317343),ragna_mariebreen
ragna_mariebreen-20240412-DAT_0405_A1_1,1370.0,1918,161.58999633789062,557007.5525593485,8639276.712656226,553.5899726019966,2024-04-12 16:23:52.444444416+00:00,0,2024-04-29,25 MHz,20240412,158.08710265159607,160.8284912109375,162.35150146484375,1.6572000643133338,1.354793165588379,10,3.2751749215258417,2.1448796590169272,4.142794230924505,4.251304690494025,156.91348424820342,166.26650842757783,161.13309717178345,155.80260705947876,3.241963417767454,3.9514923202514645,8.0,8.0,0.5358620211127049,0.0,3.987660926242011,3.2859511420307856,161.58999633789062,155.26674503836605,0.9783223357529517,0.02006289678346418,certain_temperate,391.99997626410595,550.087078915702,POINT (557007.5525593485 8639276.712656226),ragna_mariebreen
ragna_mariebreen-20240412-DAT_0405_A1_1,1375.0,1923,160.52391052246094,557003.1669469844,8639275.600610975,553.4280938042534,2024-04-12 16:23:53.555555584+00:00,0,2024-04-29,25 MHz,20240412,157.02101683616638,160.06700134277344,161.43771362304688,1.6308658628277612,1.129007501220703,10,3.2541374186978054,2.309869130452474,4.147235666971326,4.310989353051504,156.07639916520844,165.42831580061187,160.06701135635376,154.73652124404907,3.241963417767455,3.9514923202514645,8.0,8.0,0.5358620211127049,0.0,3.987660926242011,3.2859511420307865,160.52391052246094,154.20065922293637,0.9781783681017139,0.02019614029595816,certain_temperate,392.9041832817925,549.9252001179589,POINT (557003.1669469844 8639275.600610975),ragna_mariebreen
ragna_mariebreen-20240412-DAT_0405_A1_1,1380.0,1929,159.4578094482422,556998.5187319486,8639274.440493545,553.2596801757812,2024-04-12 16:23:54.800000+00:00,0,2024-04-29,25 MHz,20240412,155.95491576194763,159.0009002685547,160.52391052246094,1.665345754245434,1.129007501220703,10,3.233103338529835,1.9799067179361982,3.9557105236801986,4.140816862712591,155.2097279156615,164.31508287535414,159.000910282135,153.67042016983032,3.241963417767454,3.9514923202514645,8.0,8.0,0.5358620211127049,0.0,3.987660926242011,3.2859511420307856,159.4578094482422,153.13455814871762,0.9780324733017761,0.020331167404000684,certain_temperate,393.80187072753904,549.7567864894867,POINT (556998.5187319486 8639274.440493545),ragna_mariebreen
ragna_mariebreen-20240412-DAT_0405_A1_1,1385.0,1936,158.69630432128906,556993.3742870888,8639273.22266249,553.0896850585938,2024-04-12 16:23:56.200000+00:00,0,2024-04-29,25 MHz,20240412,155.1934106349945,157.63021850585938,159.4578094482422,1.7144536235345875,1.6934886291503906,10,3.2180812298781514,2.309869130452474,4.308067541134077,4.316351865773019,153.66896337624308,163.41906457785848,158.23940515518188,152.9089150428772,3.262150754032908,3.9514923202514645,8.0,8.0,0.5358620211127049,0.0,3.987660926242011,3.3058698776129205,158.69630432128906,152.3730530217645,0.9779270619988556,0.020555933977066735,certain_temperate,394.3933807373047,549.5867913722992,POINT (556993.3742870888 8639273.22266249),ragna_mariebreen
ragna_mariebreen-20240412-DAT_0405_A1_1,1390.0,1942,157.32562255859375,556988.7290467945,8639272.286102848,552.9488891601562,2024-04-12 16:23:57.400000+00:00,0,2024-04-29,25 MHz,20240412,153.8227288722992,156.56411743164062,158.54400634765625,1.6760652021728846,1.9192969161987303,10,3.191046945029114,3.134833017985026,4.867613307213167,4.77693973354946,152.09086820361534,163.01725557568153,156.86872339248657,151.53823328018188,3.2621507540329078,3.9514923202514645,8.0,8.0,0.5358620211127049,0.0,3.987660926242011,3.3058698776129196,157.32562255859375,151.00237125906918,0.9777347540131935,0.02073502523607027,certain_temperate,395.6232666015625,549.4459954738617,POINT (556988.7290467945 8639272.286102848),ragna_mariebreen
ragna_mariebreen-20240412-DAT_0405_A1_1,1395.0,1949,155.8026123046875,556983.2934778217,8639270.937819041,552.796797318892,2024-04-12 16:23:58.727272704+00:00,0,2024-04-29,25 MHz,20240412,152.29971861839294,155.04112243652344,157.32562255859375,1.7128748863684347,1.9192969161987303,10,3.161015912706848,2.6398811340332036,4.543643323891114,4.46037379359197,150.92274969936008,161.4439952957571,155.34571313858032,150.01522302627563,3.2621507540329078,3.9514923202514645,8.0,8.0,0.5358620211127049,0.0,3.987660926242011,3.3058698776129196,155.8026123046875,149.47936100516293,0.9775171055576122,0.02093771539371527,certain_temperate,396.9941850142045,549.2939036325974,POINT (556983.2934778217 8639270.937819041),ragna_mariebreen
ragna_mariebreen-20240412-DAT_0405_A1_1,1400.0,1955,154.88880920410156,556978.7135972503,8639269.733204363,552.6752818714489,2024-04-12 16:23:59.818181632+00:00,0,2024-04-29,25 MHz,20240412,151.385915517807,153.82272338867188,156.10720825195312,1.672681812648406,2.2579810684204102,10,3.143001318273002,1.9798901875813801,4.347056584275369,4.073854058248972,150.10810060276927,159.82183103785573,154.43191003799438,149.1014199256897,3.2621507540329078,3.9514923202514645,8.0,8.0,0.5358620211127049,0.0,3.987660926242011,3.3058698776129196,154.88880920410156,148.565557904577,0.9773844624134291,0.02106124238926955,certain_temperate,397.7864726673473,549.1723881851543,POINT (556978.7135972503 8639269.733204363),ragna_mariebreen
ragna_mariebreen-20240412-DAT_0405_A1_1,1405.0,1961,153.9750213623047,556973.7051473353,8639268.612452567,552.5657348632812,2024-04-12 16:24:01+00:00,0,2024-04-29,25 MHz,20240412,150.47212767601013,152.90892028808594,154.88880920410156,1.6018400308165484,1.9192856048583984,10,3.124990061009614,1.8148841857910158,4.091824131394195,3.952879832928083,149.29514560096953,158.50258389121797,153.5181221961975,148.18763208389282,3.2621507540329078,3.9514923202514645,8.0,8.0,0.5358620211127049,0.0,3.987660926242011,3.3058698776129196,153.9750213623047,147.65177006278012,0.9772502471160422,0.02118623348885295,certain_temperate,398.59071350097656,549.0628411769867,POINT (556973.7051473353 8639268.612452567),ragna_mariebreen
ragna_mariebreen-20240412-DAT_0405_A1_1,1410.0,1966,153.21353149414062,556969.5145831697,8639267.322407316,552.4637451171875,2024-04-12 16:24:02+00:00,0,2024-04-29,25 MHz,20240412,149.71063780784607,152.1474151611328,153.67041015625,1.5534925897783682,1.8063984283447265,10,3.109983037439659,1.979906717936198,4.1054963630257415,4.000670485229644,148.46067878529968,157.35714653208314,152.75663232803345,147.5784420967102,3.2722927823658527,3.8385924184799194,8.0,8.0,0.5358620211127049,0.0,3.8758147351082854,3.3158781882322885,153.21353149414062,147.0425800755975,0.9771371780799366,0.021357727026160192,certain_temperate,399.2502136230469,548.960851430893,POINT (556969.5145831697 8639267.322407316),ragna_mariebreen
ragna_mariebreen-20240412-DAT_0405_A1_1,1415.0,1971,152.1474151611328,556964.8138668241,8639264.112433748,552.2901733398437,2024-04-12 16:24:03.200000+00:00,0,2024-04-29,25 MHz,20240412,148.64452147483826,151.23362731933594,152.60430908203125,1.5162987293169572,1.9192969161987303,10,3.0889762666756835,2.474875132242839,4.398918270303462,4.238625146531346,147.27549881001747,156.56243759134972,151.69051599502563,146.5123257637024,3.2722927823658527,3.8385924184799194,8.0,8.0,0.5358620211127049,0.0,3.8758147351082854,3.3158781882322885,152.1474151611328,145.9764637425897,0.9769769753723072,0.021507383342006223,certain_temperate,400.1427581787109,548.7872796535491,POINT (556964.8138668241 8639264.112433748),ragna_mariebreen
ragna_mariebreen-20240412-DAT_0405_A1_1,1420.0,1977,150.9290313720703,556960.3772937089,8639261.512496307,552.1310313831676,2024-04-12 16:24:04.363636224+00:00,0,2024-04-29,25 MHz,20240412,147.42613768577576,150.1675262451172,151.53822326660156,1.4769481259097468,1.8063871170043944,10,3.0649745519929774,2.639848073323568,4.430113008837829,4.306302662519556,146.12242218531912,155.58332732639963,150.47213220596313,145.2939419746399,3.2722927823658527,3.8385924184799194,8.0,8.0,0.5358620211127049,0.0,3.8758147351082854,3.3158781882322885,150.9290313720703,144.7580799535272,0.9767911206051589,0.02168100300265623,certain_temperate,401.2020000110973,548.6281376968731,POINT (556960.3772937089 8639261.512496307),ragna_mariebreen
ragna_mariebreen-20240412-DAT_0405_A1_1,1425.0,1983,149.71063232421875,556956.2797123819,8639259.007803306,551.9815840287642,2024-04-12 16:24:05.454545408+00:00,0,2024-04-29,25 MHz,20240412,146.2077386379242,148.94912719726562,150.62442016601562,1.4699493357971207,1.8063871170043944,10,3.0409783577603715,2.30990219116211,4.224480077072435,4.09193701746653,145.13033190226716,154.4432154610141,149.25373315811157,144.07554292678833,3.2722927823658527,3.8385924184799194,8.0,8.0,0.5358620211127049,0.0,3.8758147351082854,3.3158781882322885,149.71063232421875,143.53968090567562,0.9766022383853903,0.021857450814042768,certain_temperate,402.2709517045455,548.4786903424697,POINT (556956.2797123819 8639259.007803306),ragna_mariebreen
ragna_mariebreen-20240412-DAT_0405_A1_1,1430.0,1989,148.79681396484375,556952.1018306082,8639256.215479998,551.8460693359375,2024-04-12 16:24:06.600000+00:00,0,2024-04-29,25 MHz,20240412,145.2939202785492,147.88302612304688,149.71063232421875,1.471707048722906,1.6934999404907225,10,3.0229847400268706,1.9799067179361982,3.9907905731328843,3.901844305892394,144.26937598085487,153.32428246641075,148.33991479873657,143.16172456741333,3.272292782365853,3.8385924184799194,8.0,8.0,0.5358620211127049,0.0,3.8758147351082854,3.3158781882322894,148.79681396484375,142.62586254630062,0.9764585437486438,0.021991685810819835,certain_temperate,403.04925537109375,548.343175649643,POINT (556952.1018306082 8639256.215479998),ragna_mariebreen
ragna_mariebreen-20240412-DAT_0405_A1_1,1435.0,1995,147.88302612304688,556948.000551354,8639253.142010963,551.7222412109375,2024-04-12 16:24:07.800000+00:00,0,2024-04-29,25 MHz,20240412,144.38013243675232,146.81692504882812,148.79681396484375,1.4734588796343455,1.5806240753173828,10,3.00499513579039,1.9798901875813801,3.9304367935991373,3.8885784023185437,143.21831963547632,152.39541937819556,147.4261269569397,142.24793672561646,3.2941808064103735,3.8385924184799194,8.0,8.0,0.5358620211127049,0.0,3.8758147351082854,3.337480380615516,147.88302612304688,141.71207470450375,0.9763130781258158,0.022275584242301295,certain_temperate,403.8392150878906,548.2193475246429,POINT (556948.000551354 8639253.142010963),ragna_mariebreen
ragna_mariebreen-20240412-DAT_0405_A1_1,1440.0,2001,146.96922302246094,556944.0877249456,8639250.262497973,551.5963745117188,2024-04-12 16:24:09+00:00,0,2024-04-29,25 MHz,20240412,143.46632933616638,145.59854125976562,147.88302612304688,1.492569588338357,1.4677029647827147,10,2.987008705432635,1.9798901875813801,3.8725105750718547,3.882003366464783,142.01494165026523,151.46662573254727,146.51232385635376,141.33413362503052,3.294180806410374,3.8385924184799194,8.0,8.0,0.5358620211127049,0.0,3.8758147351082854,3.3374803806155167,146.96922302246094,140.7982716039178,0.9761658011503591,0.022414086015185183,certain_temperate,404.6271514892578,548.0934808254242,POINT (556944.0877249456 8639250.262497973),ragna_mariebreen
ragna_mariebreen-20240412-DAT_0405_A1_1,1445.0,2006,146.05543518066406,556940.467557349,8639247.527464619,551.4872572157118,2024-04-12 16:24:10.111111168+00:00,0,2024-04-29,25 MHz,20240412,142.5525414943695,144.6847381591797,146.81692504882812,1.509737795028138,1.6934886291503906,10,2.9690261127725477,2.309869130452474,4.125350311816464,4.053383730647637,140.9230083100089,150.57865489799892,145.59853601455688,140.42034578323364,3.2941808064103735,3.8385924184799194,8.0,8.0,0.5358620211127049,0.0,3.8758147351082854,3.337480380615516,146.05543518066406,139.88448376212094,0.976016683788853,0.022554318518414728,certain_temperate,405.43182203504773,547.9843635294172,POINT (556940.467557349 8639247.527464619),ragna_mariebreen
ragna_mariebreen-20240412-DAT_0405_A1_1,1450.0,2012,144.8370361328125,556936.4278025618,8639244.48552852,551.3729654947916,2024-04-12 16:24:11.333333248+00:00,0,2024-04-29,25 MHz,20240412,141.33414244651794,143.61862182617188,145.59854125976562,1.550169948122292,1.8063984283447265,10,2.9450546368947137,3.1348495483398433,4.665158495372678,4.572051549696596,139.3173861310464,149.8997769548911,144.38013696670532,139.20194673538208,3.2941808064103735,3.8385924184799194,8.0,8.0,0.5358620211127049,0.0,3.8758147351082854,3.337480380615516,144.8370361328125,138.66608471426937,0.9758149311818113,0.02274405010186538,certain_temperate,406.53592936197913,547.8700718084971,POINT (556936.4278025618 8639244.48552852),ragna_mariebreen
ragna_mariebreen-20240412-DAT_0405_A1_1,1455.0,2019,143.16172790527344,556932.1526478775,8639241.2435918,551.28271484375,2024-04-12 16:24:12.600000+00:00,0,2024-04-29,25 MHz,20240412,139.65883421897888,142.40023803710938,144.2278289794922,1.5577972023288684,1.5805901412963865,10,2.91210441686582,3.2998390197753906,4.676275749560216,4.66862097569992,137.9991825169913,148.62888449961025,142.70482873916626,137.52663850784302,3.2941808064103735,3.8385924184799194,8.0,8.0,0.5358620211127049,0.0,3.8758147351082854,3.337480380615516,143.16172790527344,136.9907764867303,0.9755319124912187,0.023010205692613958,certain_temperate,408.12098693847656,547.7798211574554,POINT (556932.1526478775 8639241.2435918),ragna_mariebreen
ragna_mariebreen-20240412-DAT_0405_A1_1,1460.0,2025,141.79103088378906,556928.3023435962,8639238.180543305,551.215380859375,2024-04-12 16:24:13.800000+00:00,0,2024-04-29,25 MHz,20240412,138.2881371974945,141.1818389892578,142.8571319580078,1.6220693110276312,1.241894677734375,10,2.8851548616382883,2.8048375447591147,4.211120351962213,4.338472205500808,137.15800596238836,146.88096498487727,141.33413171768188,136.15594148635864,3.294180806410374,3.8385924184799194,8.0,8.0,0.5358620211127049,0.0,3.8758147351082854,3.3374803806155167,141.79103088378906,135.62007946524594,0.975295378949847,0.023232645858328384,certain_temperate,409.424349975586,547.7124871730805,POINT (556928.3023435962 8639238.180543305),ragna_mariebreen
ragna_mariebreen-20240412-DAT_0405_A1_1,1465.0,2031,140.57264709472656,556924.6009148707,8639234.937483871,551.1618041992188,2024-04-12 16:24:15+00:00,0,2024-04-29,25 MHz,20240412,137.069753408432,140.26803588867188,141.6387481689453,1.660696495324525,1.129007501220703,10,2.861207375302848,2.639848073323568,4.053389129176988,4.23240101411725,136.37505431991028,145.5317297377069,140.11574792861938,134.93755769729614,3.2941808064103735,3.8385924184799194,8.0,8.0,0.5358620211127049,0.0,3.8758147351082854,3.337480380615516,140.57264709472656,134.40169567618344,0.9750812568540871,0.023434009919373222,certain_temperate,410.5891571044922,547.6589105129242,POINT (556924.6009148707 8639234.937483871),ragna_mariebreen
ragna_mariebreen-20240412-DAT_0405_A1_1,1470.0,2037,139.354248046875,556920.8215450061,8639231.210581314,551.0954478870739,2024-04-12 16:24:16.363636224+00:00,0,2024-04-29,25 MHz,20240412,135.85135436058044,139.354248046875,140.4203338623047,1.696243398702575,1.016097702026367,10,2.8372667445067594,2.474875132242839,3.8996851205887455,4.129446835511998,135.58926604164867,144.18531586753102,138.89734888076782,133.71915864944458,3.2941808064103735,3.8385924184799194,8.0,8.0,0.5358620211127049,0.0,3.8758147351082854,3.337480380615516,139.354248046875,133.18329662833187,0.9748633878379059,0.023638897648116906,certain_temperate,411.7411998401989,547.5925542007793,POINT (556920.8215450061 8639231.210581314),ragna_mariebreen
ragna_mariebreen-20240412-DAT_0405_A1_1,1475.0,2043,138.28814697265625,556917.7754974267,8639227.632410405,551.0133833451705,2024-04-12 16:24:17.454545408+00:00,0,2024-04-29,25 MHz,20240412,134.7852532863617,138.28814697265625,139.65884399414062,1.686793733180741,1.241894677734375,10,2.8163246682959677,2.144896189371745,3.751608547145983,3.92142032925975,134.74805314615477,143.1989378206421,137.83124780654907,132.65305757522583,3.28164612397487,3.8385924184799194,8.0,8.0,0.5358620211127049,0.0,3.8758147351082854,3.325108928842825,138.28814697265625,132.11719555411312,0.9746696028330817,0.023730494592741565,certain_temperate,412.72523637251425,547.5104896588759,POINT (556917.7754974267 8639227.632410405),ragna_mariebreen
ragna_mariebreen-20240412-DAT_0405_A1_1,1480.0,2049,137.3743438720703,556914.4195411729,8639223.980533022,550.9319946289063,2024-04-12 16:24:18.600000+00:00,0,2024-04-29,25 MHz,20240412,133.87145018577576,137.2220458984375,138.8973388671875,1.5111917919597897,1.128996189880371,10,2.798378841706878,2.144896189371745,3.702179925619304,3.8360402027326046,133.69621212400992,142.42317264161508,136.91744470596313,131.7392544746399,3.28164612397487,3.8385924184799194,8.0,8.0,0.5358620211127049,0.0,3.8758147351082854,3.325108928842825,137.3743438720703,131.2033924535272,0.9745011070658388,0.023888347936576126,certain_temperate,413.557650756836,547.4291009426117,POINT (556914.4195411729 8639223.980533022),ragna_mariebreen
ragna_mariebreen-20240412-DAT_0405_A1_1,1485.0,2055,136.30824279785156,556910.7284146899,8639220.104982387,550.8514770507812,2024-04-12 16:24:19.800000+00:00,0,2024-04-29,25 MHz,20240412,132.805349111557,136.15594482421875,137.98355102539062,1.3301448597786873,0.7902894149780273,10,2.7774475371922365,2.1448796590169272,3.597121200758476,3.752866760426681,132.64671078051066,141.49278506909872,135.85134363174438,130.67315340042114,3.28164612397487,3.8385924184799194,8.0,8.0,0.5358620211127049,0.0,3.8758147351082854,3.325108928842825,136.30824279785156,130.13729137930844,0.9743016738064078,0.024075184718224497,certain_temperate,414.54323425292966,547.3485833644867,POINT (556910.7284146899 8639220.104982387),ragna_mariebreen
ragna_mariebreen-20240412-DAT_0405_A1_1,1490.0,2060,135.3944549560547,556907.9803047802,8639216.231108513,550.7777221679687,2024-04-12 16:24:20.800000+00:00,0,2024-04-29,25 MHz,20240412,131.89156126976013,135.24215698242188,137.3743438720703,1.2762507849415974,0.5645037506103515,10,2.7595114373995355,1.8149007161458335,3.350736108239302,3.540845103738591,131.93931457282898,140.6771862816632,134.9375557899475,129.75936555862427,3.28164612397487,3.8385924184799194,8.0,8.0,0.5358620211127049,0.0,3.8758147351082854,3.325108928842825,135.3944549560547,129.22350353751156,0.9741282337786175,0.024237670036339393,certain_temperate,415.383267211914,547.2748284816741,POINT (556907.9803047802 8639216.231108513),ragna_mariebreen
ragna_mariebreen-20240412-DAT_0405_A1_1,1495.0,2066,134.63294982910156,556904.8864201576,8639211.78448586,550.6994018554688,2024-04-12 16:24:22+00:00,0,2024-04-29,25 MHz,20240412,131.130056142807,134.32835388183594,135.6990509033203,1.218397988216688,0.9031879028320312,10,2.7445678114913012,1.9798901875813801,3.502622733692184,3.5968196068812874,130.94418225102947,139.08322253412678,134.17605066299438,128.99786043167114,3.28164612397487,3.8385924184799194,8.0,8.0,0.5358620211127049,0.0,3.8758147351082854,3.325108928842825,134.63294982910156,128.46199841055844,0.9739818990021313,0.024374762107942215,certain_temperate,416.0664520263672,547.1965081691742,POINT (556904.8864201576 8639211.78448586),ragna_mariebreen
ragna_mariebreen-20240412-DAT_0405_A1_1,1500.0,2073,133.56686401367188,556902.9650288131,8639207.440389333,550.6036210493608,2024-04-12 16:24:23.272727296+00:00,0,2024-04-29,25 MHz,20240412,130.06397032737732,133.56686401367188,134.63294982910156,1.195008594507654,1.128996189880371,10,2.723652486088981,1.8149007161458335,3.4621929280745953,3.4842779761942797,130.29392229796025,137.9058915448132,133.1099648475647,127.93177461624146,3.28164612397487,3.8385924184799194,8.0,8.0,0.5358620211127049,0.0,3.8758147351082854,3.325108928842825,133.56686401367188,127.39591259512875,0.9737742312649041,0.024569313266492216,certain_temperate,417.0367570356889,547.1007273630662,POINT (556902.9650288131 8639207.440389333),ragna_mariebreen
ragna_mariebreen-20240412-DAT_0405_A1_1,1505.0,2079,132.95765686035156,556901.6503457,8639202.591032846,550.5049031575521,2024-04-12 16:24:24.666666752+00:00,0,2024-04-29,25 MHz,20240412,129.454763174057,132.65306091308594,134.17605590820312,1.189390474229197,1.4677029647827147,10,2.711703414298473,1.154942830403646,3.2926251443871877,3.1783451745847136,129.70565046514713,137.12346635614193,132.50075769424438,127.32256746292114,3.28164612397487,3.8385924184799194,8.0,8.0,0.5358620211127049,0.0,3.8758147351082854,3.325108928842825,132.95765686035156,126.78670544180844,0.9736540657453544,0.02468188896726465,certain_temperate,417.54724629720056,547.0020094712576,POINT (556901.6503457 8639202.591032846),ragna_mariebreen
ragna_mariebreen-20240412-DAT_0405_A1_1,1510.0,2087,132.50076293945312,556902.0010896592,8639197.517018454,550.4273315429688,2024-04-12 16:24:26.200000+00:00,0,2024-04-29,25 MHz,20240412,128.99786925315857,131.7392578125,133.10995483398438,1.1691791876723716,1.3548044769287109,10,2.7027432123335102,0.4949684143066407,3.063545294863807,2.98610022870337,128.991565216343,135.85764743014138,132.04386377334595,126.8656735420227,3.2816461239748707,3.8385924184799194,8.0,8.0,0.5358620211127049,0.0,3.8758147351082854,3.325108928842826,132.50076293945312,126.32981152091,0.9735632187424066,0.024766997949094337,certain_temperate,417.92656860351565,546.9244378566742,POINT (556902.0010896592 8639197.517018454),ragna_mariebreen
ragna_mariebreen-20240412-DAT_0405_A1_1,1515.0,2095,132.50076293945312,556903.8606735207,8639192.827920038,550.3630249023438,2024-04-12 16:24:27.800000+00:00,0,2024-04-29,25 MHz,20240412,128.99786925315857,132.04385375976562,132.65306091308594,1.1823245452124966,0.6774135498046875,10,2.7027432123335102,0.6599578857421875,2.863434022328286,3.02295494722963,129.26170256280164,135.43521211004992,132.04386377334595,126.8656735420227,3.28164612397487,3.8385924184799194,8.0,8.0,0.5358620211127049,0.0,3.8758147351082854,3.325108928842825,132.50076293945312,126.32981152091,0.9735632187424066,0.024766997949094333,certain_temperate,417.86226196289067,546.8601312160492,POINT (556903.8606735207 8639192.827920038),ragna_mariebreen
ragna_mariebreen-20240412-DAT_0405_A1_1,1520.0,2101,133.10995483398438,556906.5745241116,8639188.800813027,550.322255452474,2024-04-12 16:24:29.166666752+00:00,0,2024-04-29,25 MHz,20240412,129.60706114768982,132.50076293945312,133.41455078125,1.1893903873917102,0.6773909271240234,10,2.714690411513281,1.319915771484375,3.0936354249208624,3.244436956976532,129.48220009031857,136.43311363038455,132.6530556678772,127.47486543655396,3.28164612397487,3.8385924184799194,8.0,8.0,0.5358620211127049,0.0,3.8758147351082854,3.325108928842825,133.10995483398438,126.93900341544125,0.97368420948934,0.02465364914343004,certain_temperate,417.2123006184896,546.8193617661794,POINT (556906.5745241116 8639188.800813027),ragna_mariebreen
ragna_mariebreen-20240412-DAT_0405_A1_1,1525.0,2107,133.71914672851562,556909.3035468782,8639185.438320328,550.2821502685547,2024-04-12 16:24:30.249999872+00:00,0,2024-04-29,25 MHz,20240412,130.21625304222107,133.2622528076172,134.32835388183594,1.1572119276301267,0.9031879028320312,10,2.726639704970372,1.6499112447102866,3.3124793711002165,3.39056199494889,130.0752838406923,137.51532284876083,133.26224756240845,128.0840573310852,3.28164612397487,3.8385924184799194,8.0,8.0,0.5358620211127049,0.0,3.8758147351082854,3.325108928842825,133.71914672851562,127.5481953099725,0.9738040978274687,0.024541333116920486,certain_temperate,416.56300354003906,546.7792565822601,POINT (556909.3035468782 8639185.438320328),ragna_mariebreen
ragna_mariebreen-20240412-DAT_0405_A1_1,1530.0,2113,134.63294982910156,556912.9901394588,8639181.350935735,550.2772938121449,2024-04-12 16:24:31.545454592+00:00,0,2024-04-29,25 MHz,20240412,131.130056142807,134.17605590820312,135.24215698242188,1.0679111295983814,0.9031992141723633,10,2.7445678114913012,1.8149172465006511,3.412088202846056,3.4593368243407214,130.8856794732766,138.5325334173484,134.17605066299438,128.99786043167114,3.28164612397487,3.8385924184799194,8.0,8.0,0.5358620211127049,0.0,3.8758147351082854,3.325108928842825,134.63294982910156,128.46199841055844,0.9739818990021313,0.024374762107942215,certain_temperate,415.6443439830433,546.7744001258503,POINT (556912.9901394588 8639181.350935735),ragna_mariebreen
ragna_mariebreen-20240412-DAT_0405_A1_1,1535.0,2119,135.3944549560547,556916.213693678,8639178.031421518,550.3138150301846,2024-04-12 16:24:32.636363776+00:00,0,2024-04-29,25 MHz,20240412,131.89156126976013,134.93756103515625,136.00364685058594,1.0159674169652975,1.241894677734375,10,2.7595114373995355,1.8149007161458335,3.5286074269023575,3.4555690956687073,131.63471862556335,139.30648926017884,134.9375557899475,129.75936555862427,3.28164612397487,3.8385924184799194,8.0,8.0,0.5358620211127049,0.0,3.8758147351082854,3.325108928842825,135.3944549560547,129.22350353751156,0.9741282337786175,0.024237670036339393,certain_temperate,414.91936007412994,546.8109213438901,POINT (556916.213693678 8639178.031421518),ragna_mariebreen
ragna_mariebreen-20240412-DAT_0405_A1_1,1540.0,2126,136.30824279785156,556920.6047910322,8639174.641613686,550.4048461914062,2024-04-12 16:24:34+00:00,0,2024-04-29,25 MHz,20240412,132.805349111557,135.8513641357422,137.0697479248047,1.0129174740456217,1.3547818542480468,10,2.7774475371922365,1.8149007161458335,3.5837847736606134,3.469017330678652,132.53352154886107,140.3875905116858,135.85134363174438,130.67315340042114,3.28164612397487,3.8385924184799194,8.0,8.0,0.5358620211127049,0.0,3.8758147351082854,3.325108928842825,136.30824279785156,130.13729137930844,0.9743016738064078,0.024075184718224497,certain_temperate,414.0966033935547,546.9019525051117,POINT (556920.6047910322 8639174.641613686),ragna_mariebreen
ragna_mariebreen-20240412-DAT_0405_A1_1,1545.0,2132,137.0697479248047,556924.2879039361,8639171.66601888,550.4850219726562,2024-04-12 16:24:35.200000+00:00,0,2024-04-29,25 MHz,20240412,133.56685423851013,136.76515197753906,137.98355102539062,0.9999812872584236,1.128996189880371,10,2.792397951307764,1.8149172465006511,3.516538543351643,3.4772652336254586,133.4347749823457,141.313928020584,136.6128487586975,131.43465852737427,3.28164612397487,3.8385924184799194,8.0,8.0,0.5358620211127049,0.0,3.8758147351082854,3.325108928842825,137.0697479248047,130.89879650626156,0.9744444435090359,0.02394143254553261,certain_temperate,413.41527404785154,546.9821282863617,POINT (556924.2879039361 8639171.66601888),ragna_mariebreen
ragna_mariebreen-20240412-DAT_0405_A1_1,1550.0,2139,137.98355102539062,556928.4429797172,8639168.300346125,550.567431640625,2024-04-12 16:24:36.600000+00:00,0,2024-04-29,25 MHz,20240412,134.48065733909607,137.83123779296875,139.0496368408203,1.0448509415994336,0.9031992141723633,10,2.8103423530649483,2.1448796590169272,3.648876774238447,3.6864951353903104,134.29591137337252,142.58496326041654,137.52665185928345,132.3484616279602,3.28164612397487,3.8385924184799194,8.0,8.0,0.5358620211127049,0.0,3.8758147351082854,3.325108928842825,137.98355102539062,131.8125996068475,0.9746136864846304,0.023782879188049073,certain_temperate,412.5838806152344,547.0645379543305,POINT (556928.4429797172 8639168.300346125),ragna_mariebreen
ragna_mariebreen-20240412-DAT_0405_A1_1,1555.0,2146,139.0496368408203,556932.3473344499,8639165.12404444,550.6365800337358,2024-04-12 16:24:37.909091072+00:00,0,2024-04-29,25 MHz,20240412,135.54674315452576,138.7450408935547,139.96343994140625,0.9633634618011084,0.7903007263183593,10,2.8312825013102465,2.1448796590169272,3.6388520981086194,3.6803177190867085,135.19304577054422,143.51543506441672,138.59273767471313,133.4145474433899,3.28164612397487,3.8385924184799194,8.0,8.0,0.5358620211127049,0.0,3.8758147351082854,3.325108928842825,139.0496368408203,132.8786854222772,0.9748083219353924,0.023600537178903935,certain_temperate,411.58694319291544,547.1336863474412,POINT (556932.3473344499 8639165.12404444),ragna_mariebreen
ragna_mariebreen-20240412-DAT_0405_A1_1,1560.0,2153,139.96343994140625,556936.1792377144,8639161.954912256,550.7053100585938,2024-04-12 16:24:39.200000+00:00,0,2024-04-29,25 MHz,20240412,136.4605462551117,139.5065460205078,140.72494506835938,0.9573228402174124,1.016097702026367,10,2.8492360042812623,1.979906717936198,3.6153327592193785,3.5992559564753765,136.03693848941418,144.194552599453,139.50654077529907,134.32835054397583,3.28164612397487,3.8385924184799194,8.0,8.0,0.5358620211127049,0.0,3.8758147351082854,3.325108928842825,139.96343994140625,133.79248852286312,0.97497279512592,0.023446452340330343,certain_temperate,410.74187011718755,547.2024163722992,POINT (556936.1792377144 8639161.954912256),ragna_mariebreen
ragna_mariebreen-20240412-DAT_0405_A1_1,1565.0,2160,140.8772430419922,556940.1117852139,8639158.8407184,550.8217041015625,2024-04-12 16:24:40.600000+00:00,0,2024-04-29,25 MHz,20240412,137.37434935569763,140.4203338623047,141.33413696289062,0.9823036649665098,1.128996189880371,10,2.8671935830782362,1.6499112447102866,3.4953738791481026,3.4507863811706887,137.11231237533298,144.64215844986234,140.420343875885,135.24215364456177,3.2598009986080942,3.8385924184799194,8.0,8.0,0.5358620211127049,0.0,3.8758147351082854,3.3035512189456546,140.8772430419922,134.70629162344906,0.9751351345990606,0.023139301481335948,certain_temperate,409.94446105957036,547.318810415268,POINT (556940.1117852139 8639158.8407184),ragna_mariebreen
ragna_mariebreen-20240412-DAT_0405_A1_1,1570.0,2167,141.48643493652344,556943.9831133679,8639155.686775643,550.932373046875,2024-04-12 16:24:42+00:00,0,2024-04-29,25 MHz,20240412,137.98354125022888,141.1818389892578,142.09564208984375,1.0129194624113176,0.7902894149780273,10,2.879167329006571,1.3199323018391926,3.264411608434766,3.3253318070816595,138.01453322728008,145.26294785182148,141.02953577041626,135.85134553909302,3.2598009986080942,3.8385924184799194,8.0,8.0,0.5358620211127049,0.0,3.8758147351082854,3.3035512189456546,141.48643493652344,135.3154835179803,0.9752421941519264,0.023039671612833934,certain_temperate,409.44593811035156,547.4294793605804,POINT (556943.9831133679 8639155.686775643),ragna_mariebreen
ragna_mariebreen-20240412-DAT_0405_A1_1,1575.0,2173,142.09564208984375,556947.7533302981,8639152.542209653,551.031660600142,2024-04-12 16:24:43.363636224+00:00,0,2024-04-29,25 MHz,20240412,138.5927484035492,141.94332885742188,142.704833984375,1.0103746275950207,0.5645150619506836,10,2.8911431303845867,1.6499277750651045,3.376336404813723,3.4787680508175662,138.61451972151437,146.0336431202825,141.63874292373657,136.46055269241333,3.2598009986080942,3.8385924184799194,8.0,8.0,0.5358620211127049,0.0,3.8758147351082854,3.3035512189456546,142.09564208984375,135.92469067130062,0.9753483383812731,0.022940893546524097,certain_temperate,408.93601851029825,547.5287669138474,POINT (556947.7533302981 8639152.542209653),ragna_mariebreen
ragna_mariebreen-20240412-DAT_0405_A1_1,1580.0,2181,143.0094451904297,556951.6075229951,8639149.181105973,551.1534201882102,2024-04-12 16:24:44.818181632+00:00,0,2024-04-29,25 MHz,20240412,139.50655150413513,142.8571319580078,143.61862182617188,1.088822016713966,0.5644924392700195,10,2.9091099266734153,1.8149007161458335,3.474972933553509,3.5975434061339038,139.4283150811629,147.04743870301678,142.5525460243225,137.37435579299927,3.2598009986080942,3.8385924184799194,8.0,8.0,0.5358620211127049,0.0,3.8758147351082854,3.3035512189456546,143.0094451904297,136.83849377188656,0.9755058578009995,0.022794305608747602,certain_temperate,408.14397499778056,547.6505265019157,POINT (556951.6075229951 8639149.181105973),ragna_mariebreen
ragna_mariebreen-20240412-DAT_0405_A1_1,1585.0,2188,143.77093505859375,556955.278229994,8639145.765049709,551.2771362304687,2024-04-12 16:24:46.200000+00:00,0,2024-04-29,25 MHz,20240412,140.2680413722992,143.61862182617188,144.2278289794922,1.0946101384665854,0.45161657409667966,10,2.924084934992305,1.6498947143554688,3.3876810365655574,3.5313731933542374,140.26117856149753,147.58527224416653,143.31403589248657,138.13584566116333,3.2598009986080942,3.8385924184799194,8.0,8.0,0.5358620211127049,0.0,3.8758147351082854,3.3035512189456546,143.77093505859375,137.59998364005062,0.9756355922365884,0.02267357444172958,certain_temperate,407.506201171875,547.7742425441742,POINT (556955.278229994 8639145.765049709),ragna_mariebreen
ragna_mariebreen-20240412-DAT_0405_A1_1,1590.0,2194,144.5324249267578,556958.4671761475,8639142.769139653,551.3854614257813,2024-04-12 16:24:47.400000+00:00,0,2024-04-29,25 MHz,20240412,141.02953124046326,144.38014221191406,144.6847381591797,1.027945787303085,0.33870677490234374,10,2.9390625617845485,1.6499112447102866,3.387479614236778,3.523771899419592,141.00963841314675,148.055241957947,144.07552576065063,138.8973355293274,3.2598009986080942,3.8385924184799194,8.0,8.0,0.5358620211127049,0.0,3.8758147351082854,3.3035512189456546,144.5324249267578,138.3614735082147,0.9757639596231111,0.022554115453746845,certain_temperate,406.85303649902346,547.8825677394867,POINT (556958.4671761475 8639142.769139653),ragna_mariebreen
ragna_mariebreen-20240412-DAT_0405_A1_1,1595.0,2201,145.29393005371094,556962.2565386232,8639139.127833415,551.52109375,2024-04-12 16:24:48.800000+00:00,0,2024-04-29,25 MHz,20240412,141.79103636741638,145.14163208007812,145.29393005371094,1.0428795419938208,0.3386954635620117,10,2.9540430674215057,1.4849217732747397,3.3235640108118787,3.4668372987545433,141.83537088093996,148.6001912528491,144.83703088760376,139.65884065628052,3.2598009986080942,3.8385924184799194,8.0,8.0,0.5358620211127049,0.0,3.8758147351082854,3.3035512189456546,145.29393005371094,139.1229786351678,0.9758909839867389,0.022435906285988964,certain_temperate,406.22716369628904,548.0182000637054,POINT (556962.2565386232 8639139.127833415),ragna_mariebreen
ragna_mariebreen-20240412-DAT_0405_A1_1,1600.0,2207,145.9031219482422,556965.9157384759,8639135.662012946,551.6049237932477,2024-04-12 16:24:50.071428608+00:00,0,2024-04-29,25 MHz,20240412,142.40022826194763,145.75083923339844,145.9031219482422,1.092251182434794,0.45158264007568355,10,2.966029062180182,1.154942830403646,3.214832533743548,3.3651499200969397,142.5678812790424,149.08607990259821,145.446222782135,140.26803255081177,3.223320348516272,3.8385924184799194,8.0,8.0,0.5358620211127049,0.0,3.8758147351082854,3.2675590545283266,145.9031219482422,139.73217052969906,0.9759916467891813,0.022092195872681297,certain_temperate,405.70180184500555,548.1020301069532,POINT (556965.9157384759 8639135.662012946),ragna_mariebreen
ragna_mariebreen-20240412-DAT_0405_A1_1,1605.0,2213,146.3600311279297,556969.6483126383,8639132.146034362,551.6837376185825,2024-04-12 16:24:51.357143040+00:00,0,2024-04-29,25 MHz,20240412,142.85713744163513,146.3600311279297,146.5123291015625,1.0889390772367553,0.3386954635620117,10,2.975019913329559,1.154942830403646,3.2092602018604985,3.372006040940828,143.16869341057537,149.70366681891682,145.9031319618225,140.87724113464355,3.2016594160103704,3.725692870187759,8.0,8.0,0.5358620211127049,0.0,3.7640318102586345,3.2461933278532347,146.3600311279297,140.34137911353085,0.9760665964655831,0.02187523049384896,certain_temperate,405.32370649065285,548.180843932288,POINT (556969.6483126383 8639132.146034362),ragna_mariebreen
ragna_mariebreen-20240412-DAT_0405_A1_1,1610.0,2219,146.96922302246094,556973.259551116,8639128.67292325,551.7678955078125,2024-04-12 16:24:52.600000+00:00,0,2024-04-29,25 MHz,20240412,143.46632933616638,146.81692504882812,147.12152099609375,1.1392573737365213,0.3386954635620117,10,2.987008705432635,1.4849217732747397,3.3528984917699534,3.5249285159686257,143.48117720477939,150.4572688401425,146.51232385635376,141.4864330291748,3.2016594160103704,3.725692870187759,8.0,8.0,0.5358620211127049,0.0,3.7640318102586345,3.2461933278532347,146.96922302246094,140.9505710080621,0.9761658011503591,0.021784556998855936,certain_temperate,404.7986724853515,548.2650018215179,POINT (556973.259551116 8639128.67292325),ragna_mariebreen
ragna_mariebreen-20240412-DAT_0405_A1_1,1615.0,2226,147.73072814941406,556976.9181876051,8639124.995228203,551.8775329589844,2024-04-12 16:24:53.833333248+00:00,0,2024-04-29,25 MHz,20240412,144.2278344631195,147.42613220214844,147.88302612304688,1.1398189910011443,0.5644924392700195,10,3.0019972044994363,1.3199323018391929,3.3275907517683057,3.471800084899447,144.14677121298288,151.16238711221243,147.27382898330688,142.24793815612793,3.20165941601037,3.725692870187759,8.0,8.0,0.5358620211127049,0.0,3.7640318102586345,3.2461933278532342,147.73072814941406,141.71207613501522,0.9762886588986974,0.021672264505270895,certain_temperate,404.1468048095703,548.3746392726898,POINT (556976.9181876051 8639124.995228203),ragna_mariebreen
ragna_mariebreen-20240412-DAT_0405_A1_1,1620.0,2231,148.1876220703125,556979.9130846075,8639121.910678405,551.9561401367188,2024-04-12 16:24:54.800000+00:00,0,2024-04-29,25 MHz,20240412,144.68472838401794,147.73072814941406,148.4922332763672,1.1713763130706027,0.6773909271240234,10,3.010991287589771,0.9899533589680991,3.241131693563789,3.379082516556322,144.5611735771005,151.66178784868075,147.73072290420532,142.70483207702637,3.2016594160103704,3.725692870187759,8.0,8.0,0.5358620211127049,0.0,3.7640318102586345,3.2461933278532347,148.1876220703125,142.16897005591366,0.9763617660007224,0.021605444309587732,certain_temperate,403.7685180664063,548.4532464504242,POINT (556979.9130846075 8639121.910678405),ragna_mariebreen
ragna_mariebreen-20240412-DAT_0405_A1_1,1625.0,2236,148.64453125,556983.7276321284,8639118.233233295,552.0293579101562,2024-04-12 16:24:56+00:00,0,2024-04-29,25 MHz,20240412,145.14163756370544,148.1876220703125,148.94912719726562,1.2052139150861005,0.6774135498046875,10,3.019986534442313,1.154942830403646,3.303498255966342,3.450616204510557,144.95432474255037,152.18242452502776,148.18763208389282,143.16174125671387,3.2016594160103704,3.725692870187759,8.0,8.0,0.5358620211127049,0.0,3.7640318102586345,3.2461933278532347,148.64453125,142.62587923560116,0.9764344260980368,0.0215390326780715,certain_temperate,403.38482666015625,548.5264642238617,POINT (556983.7276321284 8639118.233233295),ragna_mariebreen
ragna_mariebreen-20240412-DAT_0405_A1_1,1630.0,2242,149.25372314453125,556987.4811407762,8639114.702211505,552.102490234375,2024-04-12 16:24:57.200000+00:00,0,2024-04-29,25 MHz,20240412,145.7508294582367,148.64453125,149.71063232421875,1.2558966837234498,0.9031879028320312,10,3.0319811260958986,1.154942830403646,3.3678703773044267,3.4790916875946367,145.4000278225858,152.95513575163295,148.79682397842407,143.77093315124512,3.20165941601037,3.725692870187759,8.0,8.0,0.5358620211127049,0.0,3.7640318102586345,3.2461933278532342,149.25372314453125,143.2350711301324,0.9765306110126144,0.021451119265614653,certain_temperate,402.8487670898437,548.5995965480804,POINT (556987.4811407762 8639114.702211505),ragna_mariebreen
ragna_mariebreen-20240412-DAT_0405_A1_1,1635.0,2248,149.71063232421875,556991.20958243,8639111.2073909,552.1475830078125,2024-04-12 16:24:58.400000+00:00,0,2024-04-29,25 MHz,20240412,146.2077386379242,149.25372314453125,150.31980895996094,1.2998635680529576,0.7903120376586914,10,3.0409783577603715,1.1549263000488283,3.3475359964875175,3.50300577025828,146.00081611682336,153.57271598766883,149.25373315811157,144.22784233093262,3.180046197340854,3.725692870187759,8.0,8.0,0.5358620211127049,0.0,3.7640318102586345,3.224878590411276,149.71063232421875,143.6919803098199,0.9766022383853903,0.021241284923932662,certain_temperate,402.43695068359375,548.644689321518,POINT (556991.20958243 8639111.2073909),ragna_mariebreen
ragna_mariebreen-20240412-DAT_0405_A1_1,1640.0,2254,150.31980895996094,556994.5852093316,8639107.9772543,552.1391296386719,2024-04-12 16:24:59.500000+00:00,0,2024-04-29,25 MHz,20240412,146.81691527366638,149.71063232421875,150.9290313720703,1.3455533681616618,0.9031992141723633,10,3.0529752678827355,1.484905242919922,3.513028663025155,3.6518646515617097,146.3156946860942,154.32396901019487,149.86290979385376,144.8370189666748,3.1800461973408534,3.725692870187759,8.0,8.0,0.5358620211127049,0.0,3.7640318102586345,3.2248785904112753,150.31980895996094,144.3011569455621,0.9766970586875374,0.02115520382405414,certain_temperate,401.81932067871094,548.6362359523773,POINT (556994.5852093316 8639107.9772543),ragna_mariebreen
ragna_mariebreen-20240412-DAT_0405_A1_1,1645.0,2260,151.08131408691406,556997.9465250684,8639104.523136852,552.1343017578125,2024-04-12 16:25:00.600000+00:00,0,2024-04-29,25 MHz,20240412,147.5784204006195,150.31980895996094,151.53822326660156,1.355479283380449,1.0161090133666992,10,3.067974150231959,1.6499277750651045,3.62866429646886,3.737920697004736,146.83631544777768,155.02171677878482,150.62441492080688,145.59852409362793,3.1800461973408534,3.725692870187759,8.0,8.0,0.5358620211127049,0.0,3.7640318102586345,3.2248785904112753,151.08131408691406,145.06266207251522,0.9768145140418927,0.021048573852828923,certain_temperate,401.05298767089846,548.631408071518,POINT (556997.9465250684 8639104.523136852),ragna_mariebreen
ragna_mariebreen-20240412-DAT_0405_A1_1,1650.0,2266,151.8428192138672,557001.690380099,8639100.656652361,552.110400390625,2024-04-12 16:25:01.800000+00:00,0,2024-04-29,25 MHz,20240412,148.33992552757263,150.77671813964844,152.1474151611328,1.4218297174165193,1.128996189880371,10,3.0829752997268827,1.4849383036295574,3.6033888023743263,3.7055874311154806,147.3547627827929,155.56937051798835,151.38592004776,146.36002922058105,3.1800461973408534,3.725692870187759,8.0,8.0,0.5358620211127049,0.0,3.7640318102586345,3.2248785904112753,151.8428192138672,145.82416719946835,0.9769307912983306,0.02094301339901909,certain_temperate,400.26758117675786,548.6075067043305,POINT (557001.690380099 8639100.656652361),ragna_mariebreen
ragna_mariebreen-20240412-DAT_0405_A1_1,1655.0,2271,152.4520263671875,557005.1617868495,8639097.233992033,552.0799696180555,2024-04-12 16:25:02.888888832+00:00,0,2024-04-29,25 MHz,20240412,148.94913268089294,151.69052124023438,152.75662231445312,1.401836578548647,0.9032105255126953,10,3.094977889643907,1.154942830403646,3.4247000353727852,3.5885828500736077,148.38707136489413,156.06007218979337,151.99512720108032,146.96923637390137,3.180046197340854,3.725692870187759,8.0,8.0,0.5358620211127049,0.0,3.7640318102586345,3.224878590411276,152.4520263671875,146.43337435278866,0.9770229771963956,0.020859323900894376,certain_temperate,399.62794325086804,548.577075931761,POINT (557005.1617868495 8639097.233992033),ragna_mariebreen
ragna_mariebreen-20240412-DAT_0405_A1_1,1660.0,2276,152.90892028808594,557008.7112661463,8639093.76077845,552.0490112304688,2024-04-12 16:25:04+00:00,0,2024-04-29,25 MHz,20240412,149.40602660179138,152.4520263671875,153.36581420898438,1.4036753735461267,0.9031879028320312,10,3.1039805349691365,1.1549263000488283,3.43282657701112,3.597061922501699,149.1401462485824,156.67769432758948,152.45202112197876,147.4261302947998,3.180046197340854,3.725692870187759,8.0,8.0,0.5358620211127049,0.0,3.7640318102586345,3.224878590411276,152.90892028808594,146.8902682736871,0.9770916328511445,0.02079699595909468,certain_temperate,399.1400909423828,548.5461175441742,POINT (557008.7112661463 8639093.76077845),ragna_mariebreen
ragna_mariebreen-20240412-DAT_0405_A1_1,1665.0,2282,153.5181121826172,557012.9167608602,8639090.136795124,552.0295776367187,2024-04-12 16:25:05.200000+00:00,0,2024-04-29,25 MHz,20240412,150.01521849632263,153.21353149414062,154.1273193359375,1.4120053521955787,1.128984878540039,10,3.1159852867505413,1.154942830403646,3.5096814819465747,3.6106808725468382,149.89039182678587,157.45045900329225,153.06121301651,148.03532218933105,3.1800461973408534,3.725692870187759,8.0,8.0,0.5358620211127049,0.0,3.7640318102586345,3.2248785904112753,153.5181121826172,147.49946016821835,0.9771825380309022,0.020714469140670745,certain_temperate,398.51146545410154,548.5266839504242,POINT (557012.9167608602 8639090.136795124),ragna_mariebreen
ragna_mariebreen-20240412-DAT_0405_A1_1,1670.0,2287,153.9750213623047,557016.6379885322,8639087.200236106,552.0263549804688,2024-04-12 16:25:06.200000+00:00,0,2024-04-29,25 MHz,20240412,150.47212767601013,153.82272338867188,154.88880920410156,1.4545251025110069,1.241883366394043,10,3.124990061009614,1.154942830403646,3.5555210755437603,3.6352577758316276,150.49113880728876,158.22039378548467,153.5181221961975,148.49223136901855,3.180046197340854,3.725692870187759,8.0,8.0,0.5358620211127049,0.0,3.7640318102586345,3.224878590411276,153.9750213623047,147.95636934790585,0.9772502471160422,0.0206530005270022,certain_temperate,398.0513336181641,548.5234612941742,POINT (557016.6379885322 8639087.200236106),ragna_mariebreen
ragna_mariebreen-20240412-DAT_0405_A1_1,1675.0,2292,154.58421325683594,557020.3156120034,8639084.621802097,551.9978637695312,2024-04-12 16:25:07.166666752+00:00,0,2024-04-29,25 MHz,20240412,151.08131957054138,154.27963256835938,155.4980010986328,1.521383381442777,1.241883366394043,10,3.1369972258983543,1.6498947143554688,3.7556861502897556,3.8571377415231547,150.73521383410235,159.04241983288983,154.12731409072876,149.1014232635498,3.180046197340854,3.725692870187759,8.0,8.0,0.5358620211127049,0.0,3.7640318102586345,3.224878590411276,154.58421325683594,148.5655612424371,0.9773399002880415,0.020571610323864863,certain_temperate,397.4136505126953,548.4949700832367,POINT (557020.3156120034 8639084.621802097),ragna_mariebreen
ragna_mariebreen-20240412-DAT_0405_A1_1,1680.0,2298,155.4980010986328,557024.4518776278,8639081.612435114,551.9068145751953,2024-04-12 16:25:08.249999872+00:00,0,2024-04-29,25 MHz,20240412,151.99510741233826,154.7365264892578,156.71640014648438,1.5562197495032586,1.4676803421020508,8,3.1550105131787065,1.6499112447102866,3.8510237652191144,3.8856297253384295,151.17614751312485,160.27677912261734,155.04110193252563,150.01521110534668,3.180046197340854,3.725692870187759,8.0,8.0,0.5358620211127049,0.16499127944310507,3.767646160526645,3.2290964750507674,155.4980010986328,149.45452382355472,0.9774730629233448,0.020450720748003325,certain_temperate,396.4088134765625,548.4039208889008,POINT (557024.4518776278 8639081.612435114),ragna_mariebreen
ragna_mariebreen-20240412-DAT_0405_A1_1,1685.0,2303,156.10720825195312,557028.8579930856,8639078.508740235,551.7889404296875,2024-04-12 16:25:09.400000+00:00,0,2024-04-29,25 MHz,20240412,152.4520149230957,155.6503143310547,157.32562255859375,1.5552930713036779,1.8063984283447265,7,3.167021343042617,1.8149172465006511,4.072717039134841,3.9677305020097062,152.00011587084285,160.9758210188056,155.65030908584595,150.624418258667,3.176723096573672,3.725692870187759,8.0,8.0,0.5362687528735285,0.16499127944310507,3.7677040303835843,3.2258914938208045,156.10720825195312,150.0633422410002,0.976585364828522,0.02034962467233749,certain_temperate,395.6817321777344,548.1337471008301,POINT (557028.8579930856 8639078.508740235),ragna_mariebreen
ragna_mariebreen-20240412-DAT_0405_A1_1,1690.0,2308,157.17330932617188,557032.6500700928,8639075.76131403,551.6927124023438,2024-04-12 16:25:10.400000+00:00,0,2024-04-29,25 MHz,20240412,153.51811599731445,156.56411743164062,157.93479919433594,1.4568331252773246,1.4676803421020508,6,3.1880432346215453,1.8149007161458335,3.9511479169825643,3.9471314939064497,152.89567303717547,161.6032435888011,156.7164101600647,151.69051933288574,3.1767230965736717,3.725692870187759,8.0,8.0,0.5362687528735285,0.0,3.7640897356833074,3.221669413147964,157.17330932617188,151.15425058001222,0.9767441854820781,0.02021159387807518,certain_temperate,394.5194030761719,548.0375190734864,POINT (557032.6500700928 8639075.76131403),ragna_mariebreen
ragna_mariebreen-20240412-DAT_0405_A1_1,1695.0,2314,157.78250122070312,557036.7669497506,8639072.952858975,551.5989685058594,2024-04-12 16:25:11.500000+00:00,0,2024-04-29,25 MHz,20240412,154.1273078918457,157.63021850585938,158.54400634765625,1.3361336798406716,0.9031992141723633,6,3.200057355202321,1.8149172465006511,3.788147371567209,3.9140190212407697,153.95132034360617,162.22290450990945,157.32560205459595,152.299711227417,3.176723096573672,3.725692870187759,8.0,8.0,0.5362687528735285,0.0,3.7640897356833074,3.2216694131479646,157.78250122070312,151.76344247454347,0.9768339752470737,0.02013355772659563,certain_temperate,393.81646728515625,547.943775177002,POINT (557036.7669497506 8639072.952858975),ragna_mariebreen
ragna_mariebreen-20240412-DAT_0405_A1_1,1700.0,2320,158.84861755371094,557041.090425887,8639070.090904377,551.5018717447916,2024-04-12 16:25:12.666666752+00:00,0,2024-04-29,25 MHz,20240412,155.19342422485352,158.84861755371094,159.0009002685547,1.3975130788871069,0.22577435302734375,5,3.221085736128433,1.4849383036295574,3.5540693779892916,3.8122798809553315,155.301726649683,162.54779117258263,158.39171838760376,153.3658275604248,3.176723096573672,3.725692870187759,8.0,8.0,0.5362687528735285,0.0,3.7640897356833074,3.2216694131479646,158.84861755371094,152.82955880755128,0.9769894545816774,0.019998430867675242,certain_temperate,392.6532541910807,547.8466784159342,POINT (557041.090425887 8639070.090904377),ragna_mariebreen
ragna_mariebreen-20240412-DAT_0405_A1_1,1705.0,2325,159.15321350097656,557045.1986902546,8639067.364853982,551.4081488715278,2024-04-12 16:25:13.777777664+00:00,0,2024-04-29,25 MHz,20240412,155.49802017211914,159.15321350097656,159.91470336914062,1.4883346571266354,0.9031879028320312,5,3.227094381494748,0.6599578857421875,3.415469359524455,3.6145293759537394,155.85932786877433,163.20858900134286,158.69631433486938,153.67042350769043,3.176723096573672,3.725692870187759,8.0,8.0,0.5362687528735285,0.0,3.7640897356833074,3.2216694131479646,159.15321350097656,153.1341547548169,0.9770334933963807,0.019960156799185082,certain_temperate,392.25493537055127,547.7529555426704,POINT (557045.1986902546 8639067.364853982),ragna_mariebreen
ragna_mariebreen-20240412-DAT_0405_A1_1,1710.0,2332,159.4578094482422,557049.6512659003,8639064.54962799,551.3214111328125,2024-04-12 16:25:15+00:00,0,2024-04-29,25 MHz,20240412,155.80261611938477,159.4578094482422,161.13308715820312,1.6835852204776676,2.483766732788086,5,3.233103338529835,0.49498494466145837,4.106953186482539,3.678644653627897,156.18703472456366,164.40386188188165,159.000910282135,153.97501945495605,3.1767230965736726,3.725692870187759,8.0,8.0,0.5362687528735285,0.0,3.7640897356833074,3.2216694131479646,159.4578094482422,153.43875070208253,0.9770773639653952,0.0199220289527732,certain_temperate,391.8636016845703,547.6662178039551,POINT (557049.6512659003 8639064.54962799),ragna_mariebreen
ragna_mariebreen-20240412-DAT_0405_A1_1,1715.0,2338,159.61012268066406,557054.0790107821,8639061.828541167,551.2226684570312,2024-04-12 16:25:16.200000+00:00,0,2024-04-29,25 MHz,20240412,155.95492935180664,159.61012268066406,162.19920349121094,1.8942753463637492,2.48378935546875,5,3.2361082344159398,0.4949684143066407,4.109330821235465,3.7822836122979173,156.3363801379439,165.4729460339311,159.15322351455688,154.12733268737793,3.1559893682345614,3.725692870187759,8.0,8.0,0.5362687528735285,0.0,3.7640897356833074,3.201226806666175,159.61012268066406,153.5910639345044,0.9770992386480997,0.01977311535903539,certain_temperate,391.61254577636714,547.5674751281738,POINT (557054.0790107821 8639061.828541167),ragna_mariebreen
ragna_mariebreen-20240412-DAT_0405_A1_1,1720.0,2343,159.91470336914062,557057.8982826333,8639059.566333327,551.1267700195312,2024-04-12 16:25:17.200000+00:00,0,2024-04-29,25 MHz,20240412,156.2595100402832,159.91470336914062,163.1129913330078,2.058581561339982,2.0321727813720702,5,3.24211735467057,0.6599413553873699,3.8828563902565483,3.89674294490868,156.60610131781945,166.421593384329,159.45780420303345,154.4319133758545,3.1559893682345614,3.725692870187759,8.0,8.0,0.5362687528735285,0.0,3.7640897356833074,3.201226806666175,159.91470336914062,153.89564462298097,0.9771428564612978,0.01973545460012769,certain_temperate,391.2120666503906,547.4715766906738,POINT (557057.8982826333 8639059.566333327),ragna_mariebreen
ragna_mariebreen-20240412-DAT_0405_A1_1,1725.0,2349,160.21929931640625,557062.7356325507,8639056.824981755,551.0171264648437,2024-04-12 16:25:18.400000+00:00,0,2024-04-29,25 MHz,20240412,156.56410598754883,160.21929931640625,164.33139038085938,2.353019765089464,1.5806014526367187,5,3.248127083316795,0.8249638875325522,3.7052929596978155,4.094825634872695,156.86804657077383,167.6826431264918,159.76240015029907,154.73650932312012,3.1559893682345614,3.725692870187759,8.0,8.0,0.5362687528735285,0.0,3.7640897356833074,3.201226806666175,160.21929931640625,154.2002405702466,0.9771863106101905,0.019697935153255238,certain_temperate,390.7978271484375,547.3619331359863,POINT (557062.7356325507 8639056.824981755),ragna_mariebreen
ragna_mariebreen-20240412-DAT_0405_A1_1,1730.0,2354,160.67620849609375,557066.9393470304,8639054.485615905,550.928564453125,2024-04-12 16:25:19.400000+00:00,0,2024-04-29,25 MHz,20240412,157.02101516723633,160.67620849609375,165.24520874023438,2.5452773203308157,1.3547818542480468,5,3.257142549946513,0.49498494466145837,3.5622214359460247,4.163222828951628,157.38166942573602,168.5397478105921,160.21930932998657,155.19341850280762,3.1559893682345614,3.725692870187759,8.0,8.0,0.5362687528735285,0.0,3.7640897356833074,3.201226806666175,160.67620849609375,154.6571497499341,0.9772511850816651,0.01964192084051627,certain_temperate,390.2523559570312,547.2733711242676,POINT (557066.9393470304 8639054.485615905),ragna_mariebreen
ragna_mariebreen-20240412-DAT_0405_A1_1,1735.0,2359,160.67620849609375,557070.8550007845,8639052.332918039,550.8440958658854,2024-04-12 16:25:20.333333248+00:00,0,2024-04-29,25 MHz,20240412,157.02101516723633,160.67620849609375,166.00668334960938,2.876807389441422,1.8063984283447265,5,3.257142549946513,0.16497294108072919,3.728172332911557,4.348817588483756,157.41489071612185,169.26800112958128,160.21930932998657,155.19341850280762,3.1559893682345614,3.725692870187759,8.0,8.0,0.5362687528735285,0.0,3.7640897356833074,3.201226806666175,160.67620849609375,154.6571497499341,0.9772511850816651,0.01964192084051627,certain_temperate,390.16788736979163,547.188902537028,POINT (557070.8550007845 8639052.332918039),ragna_mariebreen
ragna_mariebreen-20240412-DAT_0405_A1_1,1740.0,2365,160.8284912109375,557075.2951977145,8639050.009562045,550.7472778320313,2024-04-12 16:25:21.400000+00:00,0,2024-04-29,25 MHz,20240412,157.17329788208008,160.8284912109375,166.6158905029297,3.155582917925969,2.9353606842041016,5,3.2601474558790495,0.16497294108072919,4.39000226101703,4.540207160171178,157.5641723684585,169.8802093454087,160.37159204483032,155.34570121765137,3.1559893682345614,3.725692870187759,8.0,8.0,0.5362687528735285,0.0,3.7640897356833074,3.201226806666175,160.8284912109375,154.80943246477784,0.977272725116451,0.019623322612007017,certain_temperate,389.9187866210938,547.0920845031739,POINT (557075.2951977145 8639050.009562045),ragna_mariebreen
ragna_mariebreen-20240412-DAT_0405_A1_1,1745.0,2370,160.8284912109375,557079.8222905612,8639047.73945864,550.6378479003906,2024-04-12 16:25:22.500000+00:00,0,2024-04-29,25 MHz,20240412,157.17329788208008,160.8284912109375,167.0727996826172,3.541424005162091,3.386999880981445,5,3.2601474558790495,0.1650060017903646,4.703993687120531,4.816375442076727,157.5641706974613,170.3371201960934,160.37159204483032,155.34570121765137,3.1559893682345614,3.725692870187759,8.0,8.0,0.5362687528735285,0.0,3.7640897356833074,3.201226806666175,160.8284912109375,154.80943246477784,0.977272725116451,0.019623322612007017,certain_temperate,389.8093566894531,546.9826545715332,POINT (557079.8222905612 8639047.73945864),ragna_mariebreen
ragna_mariebreen-20240412-DAT_0405_A1_1,1750.0,2375,160.98080444335938,557084.3258578752,8639045.468396042,550.5064453125,2024-04-12 16:25:23.600000+00:00,0,2024-04-29,25 MHz,20240412,157.32561111450195,160.98080444335938,167.52967834472656,3.9105710155728897,2.9354059295654293,5,3.2631530395757484,0.2252912521362305,4.394943899449621,5.098184929543096,157.70988348620043,170.8005993018855,160.5239052772522,155.49801445007324,3.1559893682345614,3.725692870187759,8.0,8.0,0.5362687528735285,0.0031729092200597124,3.7640910729722457,3.201228379086852,160.98080444335938,154.96173631080086,0.9772942287032521,0.0196047558536396,certain_temperate,389.5256408691406,546.8512519836426,POINT (557084.3258578752 8639045.468396042),ragna_mariebreen
ragna_mariebreen-20240412-DAT_0405_A1_1,2010.0,2659,163.87449645996094,557311.9392552697,8638920.123054374,540.2957375266335,2024-04-12 16:26:20.090908928+00:00,0,2024-04-29,25 MHz,20240412,160.37160277366638,160.21929931640625,168.13890075683594,5.4827879164036535,8.580386878967285,6,3.3202680970069722,0.104704221089681,9.200988110125468,6.410624505161585,156.89738071265987,171.46081936058232,163.41759729385376,158.54400634765625,3.0333900278843613,3.4998928899049755,8.0,8.0,0.5358620211127049,0.0031729092200597124,3.5406790893600215,3.0803592703274396,163.87449645996094,158.00813493302033,0.9786245342505115,0.018510446063372054,certain_temperate,376.42124106667256,536.792843840339,POINT (557311.9392552697 8638920.123054374),ragna_mariebreen
ragna_mariebreen-20240412-DAT_0405_A1_1,2015.0,2665,163.72219848632812,557316.1806236624,8638917.577801445,540.1225708007812,2024-04-12 16:26:21.200000+00:00,0,2024-04-29,25 MHz,20240412,160.21930480003357,160.06700134277344,167.22508239746094,5.133803467083769,7.902984640502929,6,3.317261417325841,4.289775848388672,9.58454831321344,7.467418441398522,154.64423450837077,172.6478492318636,163.26529932022095,158.39170837402344,3.0333900278843613,3.4998928899049755,8.0,8.0,0.5358620211127049,0.0,3.5406776676899567,3.0803576362070815,163.72219848632812,157.85584635291073,0.9786046503242682,0.018527664885575484,certain_temperate,376.4003723144531,536.6196771144866,POINT (557316.1806236624 8638917.577801445),ragna_mariebreen
ragna_mariebreen-20240412-DAT_0405_A1_1,2020.0,2671,159.91470336914062,557320.5981834544,8638914.559236197,539.9178100585938,2024-04-12 16:26:22.400000+00:00,0,2024-04-29,25 MHz,20240412,156.41180968284607,159.61012268066406,166.46359252929688,4.944462354880574,6.0965635894775385,7,3.24211735467057,4.124786376953125,8.043212989688724,7.209222952287253,154.36367744632165,171.7100377636393,159.45780420303345,154.58421325683594,3.0333900278843613,3.4998928899049755,8.0,8.0,0.5358620211127049,0.0,3.5406776676899567,3.0803576362070815,159.91470336914062,154.04835123572323,0.9780952369451068,0.01896880001635751,certain_temperate,380.00310668945315,536.4149163722992,POINT (557320.5981834544 8638914.559236197),ragna_mariebreen
ragna_mariebreen-20240412-DAT_0405_A1_1,2025.0,2676,159.91470336914062,557324.2092566084,8638911.842281137,539.7019287109375,2024-04-12 16:26:23.400000+00:00,0,2024-04-29,25 MHz,20240412,156.41180968284607,159.61012268066406,165.70208740234375,4.611941174986639,6.0965635894775385,7,3.24211735467057,0.0,6.905028062361466,5.637492912899602,156.3680053259935,168.94420475701432,159.45780420303345,154.58421325683594,3.0333900278843613,3.4998928899049755,8.0,8.0,0.5358620211127049,0.0,3.5406776676899567,3.0803576362070815,159.91470336914062,154.04835123572323,0.9780952369451068,0.01896880001635751,certain_temperate,379.7872253417969,536.199035024643,POINT (557324.2092566084 8638911.842281137),ragna_mariebreen
ragna_mariebreen-20240412-DAT_0405_A1_1,2030.0,2682,159.91470336914062,557328.6187505184,8638908.451072868,539.4150390625,2024-04-12 16:26:24.600000+00:00,0,2024-04-29,25 MHz,20240412,156.41180968284607,159.4578094482422,164.78829956054688,4.340511991529521,6.096586212158202,7,3.24211735467057,0.0,6.905048036308914,5.417690401828778,156.21569209357162,168.03041691521744,159.45780420303345,154.58421325683594,3.015380629049305,3.3869929881334304,8.0,8.0,0.5358620211127049,0.0,3.4291208213383233,3.0626244372623903,159.91470336914062,154.04835123572323,0.9780952369451068,0.018856181236122625,certain_temperate,379.5003356933594,535.9121453762054,POINT (557328.6187505184 8638908.451072868),ragna_mariebreen
ragna_mariebreen-20240412-DAT_0405_A1_1,2035.0,2687,159.91470336914062,557332.3475697031,8638905.739029001,539.2289428710938,2024-04-12 16:26:25.600000+00:00,0,2024-04-29,25 MHz,20240412,156.41180968284607,159.4578094482422,164.17909240722656,4.07498932503983,5.41919528503418,7,3.24211735467057,0.0,6.314982381510876,5.207385422709238,156.21569209357162,167.42120976189713,159.45780420303345,154.58421325683594,3.015380629049305,3.3869929881334304,8.0,8.0,0.5358620211127049,0.0,3.4291208213383233,3.0626244372623903,159.91470336914062,154.04835123572323,0.9780952369451068,0.018856181236122625,certain_temperate,379.3142395019531,535.7260491847992,POINT (557332.3475697031 8638905.739029001),ragna_mariebreen
ragna_mariebreen-20240412-DAT_0405_A1_1,2040.0,2692,159.91470336914062,557336.3137718478,8638902.80105041,539.0421346028646,2024-04-12 16:26:26.666666752+00:00,0,2024-04-29,25 MHz,20240412,156.41180968284607,159.30551147460938,163.5699005126953,3.7755922737677015,5.193375686645507,7,3.24211735467057,0.0,6.122293358219352,4.976587380845478,156.0633941199388,166.81201786736588,159.45780420303345,154.58421325683594,3.0136631101984896,3.2740932631015776,8.0,8.0,0.5358620211127049,0.0,3.317655015392367,3.060933427476368,159.91470336914062,154.04835123572323,0.9780952369451068,0.018845441017652214,certain_temperate,379.127431233724,535.5392409165701,POINT (557336.3137718478 8638902.80105041),ragna_mariebreen
ragna_mariebreen-20240412-DAT_0405_A1_1,2045.0,2697,159.91470336914062,557340.4402842845,8638899.662887074,538.8375990125868,2024-04-12 16:26:27.777777664+00:00,0,2024-04-29,25 MHz,20240412,156.41180968284607,159.15321350097656,163.5699005126953,3.351583050995272,3.2740900817871093,8,3.24211735467057,0.16498947143554688,4.6106628949422666,4.666010653101797,155.9069007515421,166.81621326212976,159.45780420303345,154.73651313781738,3.0043715279330003,3.161193361330032,8.0,8.0,0.5358620211127049,0.0,3.2062893776744574,3.0517857695987547,159.91470336914062,154.20065111670468,0.9780952369451068,0.018787337653360308,certain_temperate,378.92289564344617,535.3347053262922,POINT (557340.4402842845 8638899.662887074),ragna_mariebreen
ragna_mariebreen-20240412-DAT_0405_A1_1,2050.0,2702,160.06700134277344,557344.3655955732,8638897.079010952,538.7160278320313,2024-04-12 16:26:28.800000+00:00,0,2024-04-29,25 MHz,20240412,156.56410765647888,159.15321350097656,163.41758728027344,3.1505367737299173,3.0482704833984373,8,3.245122180680871,0.16498947143554688,4.455333032803463,4.525916642610209,155.90389980525072,166.66690097599928,159.61010217666626,154.8888111114502,3.004371527933,3.161193361330032,8.0,8.0,0.5358620211127049,0.0,3.2062893776744574,3.0517857695987542,160.06700134277344,154.3529490903375,0.9781160785364291,0.018769462179773874,certain_temperate,378.64902648925784,535.2131341457367,POINT (557344.3655955732 8638897.079010952),ragna_mariebreen
ragna_mariebreen-20240412-DAT_0405_A1_1,2055.0,2707,160.06700134277344,557349.047137333,8638894.332134267,538.6530151367188,2024-04-12 16:26:30+00:00,0,2024-04-29,25 MHz,20240412,156.56410765647888,159.0009002685547,162.19920349121094,2.994152414853699,2.370902178955078,8,3.245122180680871,0.0,4.018954479677633,4.415401074752011,155.7557780878738,165.44432567189182,159.61010217666626,154.8888111114502,3.0043715279330003,3.161193361330032,8.0,8.0,0.5358620211127049,0.0,3.2062893776744574,3.0517857695987547,160.06700134277344,154.3529490903375,0.9781160785364291,0.018769462179773877,certain_temperate,378.5860137939453,535.1501214504242,POINT (557349.047137333 8638894.332134267),ragna_mariebreen
ragna_mariebreen-20240412-DAT_0405_A1_1,2060.0,2714,160.06700134277344,557353.7413059908,8638891.66026474,538.603076171875,2024-04-12 16:26:31.200000+00:00,0,2024-04-29,25 MHz,20240412,156.56410765647888,159.4578094482422,163.41758728027344,2.9011450255116853,2.9353606842041016,9,3.245122180680871,0.0,4.375746829275906,4.35286806905495,156.2126872675613,166.66270946095432,159.61010217666626,154.8888111114502,3.004371527933,3.161193361330032,8.0,8.0,0.5358620211127049,0.0,3.2062893776744574,3.0517857695987542,160.06700134277344,154.3529490903375,0.9781160785364291,0.018769462179773874,certain_temperate,378.5360748291016,535.1001824855805,POINT (557353.7413059908 8638891.66026474),ragna_mariebreen
ragna_mariebreen-20240412-DAT_0405_A1_1,2065.0,2719,160.06700134277344,557357.6824780416,8638889.515610753,538.5622436523438,2024-04-12 16:26:32.200000+00:00,0,2024-04-29,25 MHz,20240412,156.56410765647888,159.30551147460938,163.41758728027344,2.7916977290092055,2.257992379760742,9,3.245122180680871,0.16498947143554688,3.9568382681490952,4.283878581774547,156.05619777888353,166.66690097599928,159.61010217666626,154.8888111114502,3.004371527933,3.161193361330032,8.0,8.0,0.5358620211127049,0.0,3.2062893776744574,3.0517857695987542,160.06700134277344,154.3529490903375,0.9781160785364291,0.018769462179773874,certain_temperate,378.49524230957036,535.0593499660492,POINT (557357.6824780416 8638889.515610753),ragna_mariebreen
ragna_mariebreen-20240412-DAT_0405_A1_1,2070.0,2725,159.91470336914062,557362.5304221802,8638886.738461893,538.5125366210938,2024-04-12 16:26:33.400000+00:00,0,2024-04-29,25 MHz,20240412,156.41180968284607,159.15321350097656,163.2653045654297,2.7085290340017676,2.257992379760742,9,3.24211735467057,0.6599578857421875,4.005670847619282,4.275862355179355,155.84460815243327,166.57390991397298,159.45780420303345,154.73651313781738,3.004371527933,3.161193361330032,8.0,8.0,0.5358620211127049,0.0,3.2062893776744574,3.0517857695987542,159.91470336914062,154.20065111670468,0.9780952369451068,0.018787337653360305,certain_temperate,378.59783325195315,535.0096429347992,POINT (557362.5304221802 8638886.738461893),ragna_mariebreen
ragna_mariebreen-20240412-DAT_0405_A1_1,2075.0,2730,159.4578094482422,557366.7432036244,8638884.679589538,538.5110473632812,2024-04-12 16:26:34.400000+00:00,0,2024-04-29,25 MHz,20240412,155.95491576194763,159.30551147460938,163.2653045654297,2.6091756147563805,2.032195404052734,9,3.233103338529835,0.4949684143066407,3.8506842364737013,4.1839871316022625,156.03473925252268,166.53607678751638,159.000910282135,154.27961921691895,3.004371527933,3.161193361330032,8.0,8.0,0.5358620211127049,0.0,3.2062893776744574,3.0517857695987542,159.4578094482422,153.74375719580624,0.9780324733017761,0.0188411689482551,certain_temperate,379.05323791503906,535.0081536769867,POINT (557366.7432036244 8638884.679589538),ragna_mariebreen
ragna_mariebreen-20240412-DAT_0405_A1_1,2080.0,2735,159.4578094482422,557370.9559978921,8638882.620730013,538.5170288085938,2024-04-12 16:26:35.400000+00:00,0,2024-04-29,25 MHz,20240412,155.95491576194763,158.84861755371094,163.2653045654297,2.5530111088577843,2.032195404052734,9,3.233103338529835,0.1650060017903646,3.8223032766242744,4.122869134497342,155.6113062961641,166.50261582297654,159.000910282135,154.27961921691895,3.004371527933,3.161193361330032,8.0,8.0,0.5358620211127049,0.0,3.2062893776744574,3.0517857695987542,159.4578094482422,153.74375719580624,0.9780324733017761,0.0188411689482551,certain_temperate,379.05921936035156,535.0141351222992,POINT (557370.9559978921 8638882.620730013),ragna_mariebreen
ragna_mariebreen-20240412-DAT_0405_A1_1,2085.0,2741,159.61012268066406,557375.9596446905,8638880.259664416,538.5531372070312,2024-04-12 16:26:36.600000+00:00,0,2024-04-29,25 MHz,20240412,156.1072289943695,158.54400634765625,163.1129913330078,2.4774390428977817,2.032195404052734,9,3.2361082344159398,0.16498947143554688,3.82484459694669,4.078887377927161,155.30369493815573,166.35330274250833,159.15322351455688,154.43193244934082,3.004371527933,3.161193361330032,8.0,8.0,0.5358620211127049,0.0,3.2062893776744574,3.0517857695987542,159.61012268066406,153.89607042822811,0.9780534365398436,0.018823189140352463,certain_temperate,378.94301452636716,535.0502435207367,POINT (557375.9596446905 8638880.259664416),ragna_mariebreen
ragna_mariebreen-20240412-DAT_0405_A1_1,2090.0,2746,159.30551147460938,557379.8376648708,8638878.535553731,538.6174038973721,2024-04-12 16:26:37.545454592+00:00,0,2024-04-29,25 MHz,20240412,155.80261778831482,158.54400634765625,163.1129913330078,2.456671711386761,2.257992379760742,9,3.230098821162405,0.659990946451823,3.995954958571319,4.111491498398251,155.2471705246476,166.40982715601646,158.8486123085022,154.12732124328613,3.004371527933,3.161193361330032,8.0,8.0,0.5358620211127049,0.0,3.2062893776744574,3.0517857695987542,159.30551147460938,153.59145922217343,0.978011472083608,0.018859181331035407,certain_temperate,379.31189242276275,535.1145102110776,POINT (557379.8376648708 8638878.535553731),ragna_mariebreen
ragna_mariebreen-20240412-DAT_0405_A1_1,2095.0,2753,159.0009002685547,557385.0348765472,8638876.26380247,538.7208751331676,2024-04-12 16:26:38.818181632+00:00,0,2024-04-29,25 MHz,20240412,155.49800658226013,158.39170837402344,162.96070861816406,2.4778296575607865,2.9353833068847655,9,3.2240897187399034,0.6599744160970052,4.409852140687335,4.119461197326022,155.10076310793545,166.25165388425205,158.5440011024475,153.82271003723145,3.004371527933,3.161193361330032,8.0,8.0,0.5358620211127049,0.0,3.2062893776744574,3.0517857695987542,159.0009002685547,153.28684801611874,0.977969346837797,0.018895311428165345,certain_temperate,379.71997486461294,535.2179814468731,POINT (557385.0348765472 8638876.26380247),ragna_mariebreen
ragna_mariebreen-20240412-DAT_0405_A1_1,2100.0,2759,158.69630432128906,557389.8338237747,8638874.80479631,538.8570556640625,2024-04-12 16:26:40+00:00,0,2024-04-29,25 MHz,20240412,155.1934106349945,158.39170837402344,162.80841064453125,2.4260657869422864,3.386999880981445,9,3.2180812298781514,0.6599578857421875,4.718406447818553,4.083795589353031,155.10665263430647,166.09346638424822,158.23940515518188,153.51811408996582,3.0043715279330003,3.161193361330032,8.0,8.0,0.5358620211127049,0.0,3.2062893776744574,3.0517857695987547,158.69630432128906,152.98225206885311,0.9779270619988556,0.01893157840557201,certain_temperate,380.16075134277344,535.354161977768,POINT (557389.8338237747 8638874.80479631),ragna_mariebreen
ragna_mariebreen-20240412-DAT_0405_A1_1,2105.0,2765,158.39170837402344,557394.6658270223,8638873.925991872,539.0243530273438,2024-04-12 16:26:41.200000+00:00,0,2024-04-29,25 MHz,20240412,154.88881468772888,158.23941040039062,162.50379943847656,2.349571590566194,3.386999880981445,9,3.2120730553112695,0.4949684143066407,4.694057438675652,4.010348326893022,154.98942470137317,165.75378513749402,157.93480920791626,153.2135181427002,3.004371527933,3.161193361330032,8.0,8.0,0.5358620211127049,0.0,3.2062893776744574,3.0517857695987542,158.39170837402344,152.6776561215875,0.9778846145277827,0.018967984869754224,certain_temperate,380.6326446533203,535.5214593410492,POINT (557394.6658270223 8638873.925991872),ragna_mariebreen
ragna_mariebreen-20240412-DAT_0405_A1_1,2110.0,2771,158.23941040039062,557399.7797619876,8638873.356798187,539.2667846679688,2024-04-12 16:26:42.500000+00:00,0,2024-04-29,25 MHz,20240412,154.73651671409607,158.0871124267578,162.19920349121094,2.2641022543525473,3.386999880981445,9,3.2090690864400693,0.32997894287109375,4.677475675837551,3.9412142193044915,154.86112257800076,165.425193339968,157.78251123428345,153.06122016906738,2.987157960437202,3.0482938130378723,8.0,8.0,0.5358620211127049,0.0,3.095035262525447,3.0348411467940686,158.23941040039062,152.52535814795468,0.9778633295117112,0.01887745886362218,certain_temperate,381.0273742675781,535.7638909816742,POINT (557399.7797619876 8638873.356798187),ragna_mariebreen
ragna_mariebreen-20240412-DAT_0405_A1_1,2115.0,2777,158.0871124267578,557404.4607907656,8638873.229956897,539.6112005060369,2024-04-12 16:26:43.727272704+00:00,0,2024-04-29,25 MHz,20240412,154.58421874046326,157.78250122070312,161.7423095703125,2.195324507452773,3.161180282592773,9,3.206065196806226,0.16498947143554688,4.5054562866495615,3.8891548265502993,154.5721935139783,164.95261727703732,157.63021326065063,152.90892219543457,2.9871579604372016,3.0482938130378723,8.0,8.0,0.5358620211127049,0.0,3.095035262525447,3.034841146794068,158.0871124267578,152.37306017432186,0.977842003484519,0.018895645031287163,certain_temperate,381.52408807927907,536.1083068197423,POINT (557404.4607907656 8638873.229956897),ragna_mariebreen
ragna_mariebreen-20240412-DAT_0405_A1_1,2120.0,2784,158.0871124267578,557409.2399714569,8638873.19182841,539.9930419921875,2024-04-12 16:26:45+00:00,0,2024-04-29,25 MHz,20240412,154.58421874046326,157.63021850585938,161.285400390625,2.125534156332352,2.709586331176758,9,3.206065196806226,0.1650060017903646,4.2009450261695775,3.850191745424437,154.41990994953665,164.49570894694773,157.63021326065063,152.90892219543457,2.987157960437201,3.0482938130378723,8.0,8.0,0.5358620211127049,0.0,3.095035262525447,3.0348411467940677,158.0871124267578,152.37306017432186,0.977842003484519,0.018895645031287163,certain_temperate,381.9059295654297,536.490148305893,POINT (557409.2399714569 8638873.19182841),ragna_mariebreen
ragna_mariebreen-20240412-DAT_0405_A1_1,2125.0,2791,157.93479919433594,557414.1938460186,8638873.91919685,540.4526123046875,2024-04-12 16:26:46.400000+00:00,0,2024-04-29,25 MHz,20240412,154.43190550804138,157.4779052734375,160.8284912109375,2.0515001425304615,2.257992379760742,9,3.2030610856838315,0.3299954732259115,3.9328141219779584,3.8180034266320644,154.25789015996804,164.04850632440696,157.47790002822876,152.7566089630127,2.9871579604372016,3.0482938130378723,8.0,8.0,0.5358620211127049,0.0,3.095035262525447,3.034841146794068,157.93479919433594,152.2207469419,0.9778206341847163,0.018913868100478334,certain_temperate,382.51781311035154,536.9497186183929,POINT (557414.1938460186 8638873.91919685),ragna_mariebreen
ragna_mariebreen-20240412-DAT_0405_A1_1,2130.0,2798,157.78250122070312,557419.188616927,8638874.797217399,540.969677734375,2024-04-12 16:26:47.800000+00:00,0,2024-04-29,25 MHz,20240412,154.27960753440857,157.4779052734375,160.67620849609375,1.933632246196439,2.709586331176758,9,3.200057355202321,0.6599413553873698,4.244731764815643,3.796685835391925,154.21050727669223,163.94360649283902,157.32560205459595,152.60431098937988,2.9871579604372016,3.0482938130378723,8.0,8.0,0.5358620211127049,0.0,3.095035262525447,3.034841146794068,157.78250122070312,152.06844896826718,0.9777992257747595,0.01893212452158318,certain_temperate,383.18717651367183,537.4667840480804,POINT (557419.188616927 8638874.797217399),ragna_mariebreen
ragna_mariebreen-20240412-DAT_0405_A1_1,2135.0,2805,157.32562255859375,557424.0586508058,8638875.60801035,541.5096842447916,2024-04-12 16:26:49.222222336+00:00,0,2024-04-29,25 MHz,20240412,153.8227288722992,157.32562255859375,160.67620849609375,1.947409149281288,3.161180282592773,9,3.191046945029114,0.6599578857421875,4.539976409122217,3.7961463895689547,154.0670454126092,163.9347856420783,156.86872339248657,152.1474323272705,2.9610450243630977,3.0482938130378723,8.0,8.0,0.5358620211127049,0.0,3.095035262525447,3.0091420275514498,157.32562255859375,151.6115703061578,0.9777347540131935,0.018821123833533838,certain_temperate,384.1840616861979,538.0067905584971,POINT (557424.0586508058 8638875.60801035),ragna_mariebreen
ragna_mariebreen-20240412-DAT_0405_A1_1,2140.0,2812,157.17330932617188,557429.1192791836,8638876.687385807,542.0854695638021,2024-04-12 16:26:50.777777664+00:00,0,2024-04-29,25 MHz,20240412,153.67041563987732,157.02101135253906,160.37161254882812,1.908311886802928,2.483811978149414,9,3.1880432346215453,0.3299954732259115,4.054853711413558,3.730170362795666,153.81593464859486,163.57668925277233,156.7164101600647,151.99511909484863,2.9610450243630972,3.0482938130378723,8.0,8.0,0.5358620211127049,0.0,3.095035262525447,3.0091420275514493,157.17330932617188,151.45925707373593,0.9777131772480198,0.018839362974907063,certain_temperate,384.91216023763025,538.5825758775076,POINT (557429.1192791836 8638876.687385807),ragna_mariebreen
ragna_mariebreen-20240412-DAT_0405_A1_1,2145.0,2821,157.02101135253906,557434.155766638,8638877.654074576,542.61806640625,2024-04-12 16:26:52.400000+00:00,0,2024-04-29,25 MHz,20240412,153.5181176662445,156.71640014648438,159.61012268066406,1.8477606829709818,2.0321727813720702,9,3.1850399059461845,0.8249473571777344,3.8671363510915544,3.773491339080772,153.42626073536755,162.9002620917809,156.56411218643188,151.84282112121582,2.9610450243630977,3.0482938130378723,8.0,8.0,0.5358620211127049,0.0,3.095035262525447,3.0091420275514498,157.02101135253906,151.30695910010311,0.9776915607909953,0.018857635668356795,certain_temperate,385.59705505371096,539.1151727199555,POINT (557434.155766638 8638877.654074576),ragna_mariebreen
ragna_mariebreen-20240412-DAT_0405_A1_1,2150.0,2829,156.4118194580078,557438.7577875558,8638877.957319228,543.0647583007812,2024-04-12 16:26:54+00:00,0,2024-04-29,25 MHz,20240412,152.90892577171326,156.25950622558594,157.17330932617188,1.8422727062771775,1.016097702026367,10,3.1730274039890944,1.3199323018391926,3.583682286136362,3.8992682534288554,152.82289100302984,160.60992454872797,155.95492029190063,151.23362922668457,2.9610450243630977,3.0482938130378723,8.0,8.0,0.5358620211127049,0.0,3.095035262525447,3.0091420275514498,156.4118194580078,150.69776720557186,0.9776046740046075,0.018931082284085667,certain_temperate,386.65293884277344,539.5618646144867,POINT (557438.7577875558 8638877.957319228),ragna_mariebreen
ragna_mariebreen-20240412-DAT_0405_A1_1,2155.0,2837,155.8026123046875,557443.8257025296,8638878.494065769,543.5895385742188,2024-04-12 16:26:55.750000128+00:00,0,2024-04-29,25 MHz,20240412,152.29971861839294,154.88880920410156,156.71640014648438,2.028376984578731,1.6934886291503906,10,3.161015912706848,1.6499277750651045,3.9474278967929055,4.102267233480274,151.32309984083074,160.2821095097552,155.34571313858032,150.62442207336426,2.9610450243630977,3.0482938130378723,8.0,8.0,0.5358620211127049,0.0,3.095035262525447,3.0091420275514498,155.8026123046875,150.08856005225155,0.9775171055576122,0.01900510511705978,certain_temperate,387.78692626953125,540.0866448879242,POINT (557443.8257025296 8638878.494065769),ragna_mariebreen
ragna_mariebreen-20240412-DAT_0405_A1_1,2160.0,2845,154.88880920410156,557448.6854813608,8638878.742915828,544.0762451171875,2024-04-12 16:26:57.400000+00:00,0,2024-04-29,25 MHz,20240412,151.385915517807,153.82272338867188,156.56411743164062,2.2594835227233507,2.48378935546875,10,3.143001318273002,2.9698435465494795,4.986746187644533,4.8789029265917705,149.4985554944236,160.8882853258889,154.43191003799438,149.71061897277832,2.9610450243630977,3.0482938130378723,8.0,8.0,0.5358620211127049,0.0,3.095035262525447,3.0091420275514498,154.88880920410156,149.17475695166561,0.9773844624134291,0.019117230221979697,certain_temperate,389.1874359130859,540.5733514308929,POINT (557448.6854813608 8638878.742915828),ragna_mariebreen
ragna_mariebreen-20240412-DAT_0405_A1_1,2165.0,2854,153.06121826171875,557454.0424334968,8638879.040407041,544.5964965820312,2024-04-12 16:26:59.200000+00:00,0,2024-04-29,25 MHz,20240412,149.5583245754242,152.60430908203125,154.7365264892578,2.086317336648332,2.370902178955078,10,3.106981592205625,3.7948074340820312,5.44748338393453,5.329785934281811,147.69983173209184,159.64100383919723,152.60431909561157,147.8830280303955,2.9447035371346075,2.9353939112663268,8.0,8.0,0.5358620211127049,0.0,2.983904408651594,2.993063151235547,153.06121826171875,147.3471660092828,0.9771144269849925,0.019238730558772052,certain_temperate,391.5352783203125,541.0936028957367,POINT (557454.0424334968 8638879.040407041),ragna_mariebreen
ragna_mariebreen-20240412-DAT_0405_A1_1,2170.0,2862,151.3859100341797,557458.7577414399,8638879.832470546,545.1144653320313,2024-04-12 16:27:00.800000+00:00,0,2024-04-29,25 MHz,20240412,147.88301634788513,150.9290313720703,153.06121826171875,2.0912520262587413,2.258003691101074,10,3.073974219597604,4.454765319824219,5.864540239991993,5.802377667369694,145.5166149470842,158.47363468670486,150.9290108680725,146.20771980285645,2.9447035371346075,2.9353939112663268,8.0,8.0,0.5358620211127049,0.0,2.983904408651594,2.993063151235547,151.3859100341797,145.67185778174374,0.9768611643877315,0.01945163546904568,certain_temperate,393.7285552978516,541.6115716457367,POINT (557458.7577414399 8638879.832470546),ragna_mariebreen
ragna_mariebreen-20240412-DAT_0405_A1_1,2175.0,2871,148.94912719726562,557463.8660161304,8638880.661224915,545.7752852006392,2024-04-12 16:27:02.454545408+00:00,0,2024-04-29,25 MHz,20240412,145.44623351097107,148.4922332763672,150.9290313720703,2.261306446575818,1.4676916534423827,10,3.0259836412530197,4.94973373413086,5.984192495692994,6.226551845222946,142.69081611881646,156.73044852962104,148.49222803115845,143.77093696594238,2.9447035371346075,2.9353939112663268,8.0,8.0,0.5358620211127049,0.0,2.983904408651594,2.993063151235547,148.94912719726562,143.23507494482968,0.9764826169027806,0.01976986097565173,certain_temperate,396.8261580033736,542.2723915143447,POINT (557463.8660161304 8638880.661224915),ragna_mariebreen
ragna_mariebreen-20240412-DAT_0405_A1_1,2180.0,2879,146.81692504882812,557468.9181871654,8638881.447039513,546.4692993164062,2024-04-12 16:27:04+00:00,0,2024-04-29,25 MHz,20240412,143.31403136253357,146.5123291015625,147.73072814941406,2.5804192975279596,1.128984878540039,10,2.9840113592808732,4.454765319824219,5.479403681332297,5.950447176312092,141.15049566074902,153.09256159022755,146.36002588272095,141.63873481750488,2.9447035371346075,2.9353939112663268,8.0,8.0,0.5358620211127049,0.0,2.983904408651594,2.993063151235547,146.81692504882812,141.10287279639218,0.9761410771603508,0.02005697596619234,certain_temperate,399.6523742675781,542.9664056301117,POINT (557468.9181871654 8638881.447039513),ragna_mariebreen
ragna_mariebreen-20240412-DAT_0405_A1_1,2185.0,2886,144.8370361328125,557473.889360718,8638882.324278504,547.1392211914062,2024-04-12 16:27:05.400000+00:00,0,2024-04-29,25 MHz,20240412,141.33414244651794,144.6847381591797,145.29393005371094,2.67328393235907,0.6774022384643554,10,2.9450546368947137,3.464828491210938,4.59752727892708,5.274924669681198,140.13738911959607,149.84127909329456,144.38013696670532,139.65884590148926,2.944703537134607,2.9353939112663268,8.0,8.0,0.5358620211127049,0.0,2.983904408651594,2.993063151235546,144.8370361328125,139.12298388037655,0.9758149311818113,0.02033115020687372,certain_temperate,402.30218505859375,543.6363275051117,POINT (557473.889360718 8638882.324278504),ragna_mariebreen
ragna_mariebreen-20240412-DAT_0405_A1_1,2190.0,2893,143.61862182617188,557478.7884579701,8638883.421933025,547.7668701171875,2024-04-12 16:27:06.800000+00:00,0,2024-04-29,25 MHz,20240412,140.11572813987732,142.704833984375,143.77093505859375,2.6361984539030052,1.8063758056640624,10,2.921089422475729,3.2998390197753906,4.762845212876468,5.135293882427021,138.29782808801727,148.17794095495148,143.1617226600647,138.44043159484863,2.9447035371346075,2.9353939112663268,8.0,8.0,0.5358620211127049,0.0,2.983904408651594,2.993063151235547,143.61862182617188,137.90456957373593,0.9756097528178883,0.0205036331618522,certain_temperate,404.14824829101565,544.263976430893,POINT (557478.7884579701 8638883.421933025),ragna_mariebreen
ragna_mariebreen-20240412-DAT_0405_A1_1,2195.0,2900,141.79103088378906,557483.7535310596,8638884.634057637,548.4337036132813,2024-04-12 16:27:08.200000+00:00,0,2024-04-29,25 MHz,20240412,138.2881371974945,140.8772430419922,142.24794006347656,2.3416539543432773,1.6934773178100584,10,2.8851548616382883,3.629801432291667,4.936338971286194,5.194508663520852,136.24047940627582,146.88470369919293,141.33413171768188,136.61284065246582,2.944703537134607,2.9353939112663268,8.0,8.0,0.5358620211127049,0.0,2.983904408651594,2.993063151235546,141.79103088378906,136.07697863135311,0.975295378949847,0.020767911191421306,certain_temperate,406.64267272949223,544.9308099269867,POINT (557483.7535310596 8638884.634057637),ragna_mariebreen
ragna_mariebreen-20240412-DAT_0405_A1_1,2200.0,2906,140.26803588867188,557488.0452403626,8638885.78090761,549.0380737304688,2024-04-12 16:27:09.400000+00:00,0,2024-04-29,25 MHz,20240412,136.76514220237732,139.65884399414062,141.029541015625,2.0900206568850277,1.241894677734375,10,2.8552213148591994,3.4648119608561205,4.658273614924621,4.95231229095299,135.16916575612424,145.51921925364138,139.8111367225647,135.08984565734863,2.944703537134607,2.9353939112663268,8.0,8.0,0.5358620211127049,0.0,2.983904408651594,2.993063151235546,140.26803588867188,134.55398363623593,0.9750271423984668,0.020993403938954155,certain_temperate,408.7700378417969,545.5351800441742,POINT (557488.0452403626 8638885.78090761),ragna_mariebreen
ragna_mariebreen-20240412-DAT_0405_A1_1,2205.0,2913,138.59274291992188,557493.0433447681,8638887.143372301,549.7825317382812,2024-04-12 16:27:10.800000+00:00,0,2024-04-29,25 MHz,20240412,135.08984923362732,138.13584899902344,139.5065460205078,1.7844988452634014,1.241905989074707,10,2.8223074524273613,3.299822489420573,4.516257112190629,4.694537671215262,133.7937011644014,143.84869385512985,138.1358437538147,133.41455268859863,2.944703537134607,2.9353939112663268,8.0,8.0,0.5358620211127049,0.0,2.983904408651594,2.993063151235546,138.59274291992188,132.87869066748593,0.9747252733982001,0.021247169765851597,certain_temperate,411.1897888183594,546.2796380519867,POINT (557493.0433447681 8638887.143372301),ragna_mariebreen
ragna_mariebreen-20240412-DAT_0405_A1_1,2210.0,2920,137.2220458984375,557498.1232226505,8638888.807130825,550.5449096679688,2024-04-12 16:27:12.200000+00:00,0,2024-04-29,25 MHz,20240412,133.71915221214294,136.61285400390625,138.13584899902344,1.6280118429914217,1.4676916534423827,10,2.795388336568133,2.969827016194662,4.334534259632202,4.391411051047393,132.53436550222565,142.21433750070403,136.76514673233032,132.04385566711426,2.944703537134607,2.9353939112663268,8.0,8.0,0.5358620211127049,0.0,2.983904408651594,2.993063151235546,137.2220458984375,131.50799364600155,0.9744728067318923,0.021459405577687406,certain_temperate,413.3228637695313,547.0420159816742,POINT (557498.1232226505 8638888.807130825),ragna_mariebreen
ragna_mariebreen-20240412-DAT_0405_A1_1,2215.0,2926,135.8513641357422,557502.5170301156,8638890.1444542,551.1789794921875,2024-04-12 16:27:13.400000+00:00,0,2024-04-29,25 MHz,20240412,132.34847044944763,135.24215698242188,136.91744995117188,1.5732727161454079,1.4677029647827147,10,2.7684792314584565,3.6298179626464844,4.795227595203365,4.828585997612078,130.67706599789946,141.4825409356943,135.394464969635,130.67317390441895,2.9447035371346066,2.9353939112663268,8.0,8.0,0.5358620211127049,0.0,2.983904408651594,2.9930631512355457,135.8513641357422,130.13731188330624,0.9742152483445475,0.02167592173894014,certain_temperate,415.32761535644534,547.676085805893,POINT (557502.5170301156 8638890.1444542),ragna_mariebreen
ragna_mariebreen-20240412-DAT_0405_A1_1,2220.0,2933,133.87144470214844,557507.6761396526,8638891.792932738,551.9431945800782,2024-04-12 16:27:14.800000+00:00,0,2024-04-29,25 MHz,20240412,130.36855101585388,133.41455078125,135.54673767089844,1.5980608529813218,1.8064097396850585,10,2.7296273523424683,3.794823964436849,5.0114539358702475,4.940177415189837,128.73998615941403,140.2213022927344,133.41454553604126,128.6932544708252,2.944703537134607,2.9353939112663268,8.0,8.0,0.5358620211127049,0.0,2.983904408651594,2.993063151235546,133.87144470214844,128.1573924497125,0.973833899424271,0.021996502268921497,certain_temperate,418.07174987792973,548.4403008937836,POINT (557507.6761396526 8638891.792932738),ragna_mariebreen
ragna_mariebreen-20240412-DAT_0405_A1_1,2225.0,2939,132.34844970703125,557512.2120675866,8638893.303757103,552.636962890625,2024-04-12 16:27:16+00:00,0,2024-04-29,25 MHz,20240412,128.8455560207367,131.8915557861328,134.32835388183594,1.6197653416109932,1.9192969161987303,10,2.6997564438189294,2.8048375447591147,4.340449188846947,4.216567119152303,127.99851089704764,138.2213987709211,131.89155054092407,127.17025947570801,2.944703537134607,2.9353939112663268,8.0,8.0,0.5358620211127049,0.0,2.983904408651594,2.993063151235546,132.34844970703125,126.6343974545953,0.9735327939688858,0.022249626222695107,certain_temperate,420.28851318359375,549.1340692043304,POINT (557512.2120675866 8638893.303757103),ragna_mariebreen
ragna_mariebreen-20240412-DAT_0405_A1_1,2230.0,2945,131.28236389160156,557516.7787024488,8638895.020662641,553.3363159179687,2024-04-12 16:27:17.200000+00:00,0,2024-04-29,25 MHz,20240412,127.779470205307,130.67315673828125,133.41455078125,1.7346978541320788,2.145082580566406,10,2.6788549097677454,2.6398646036783853,4.329726091889674,4.14177804794888,126.91215304866051,137.17555447087074,130.82546472549438,126.25647354125977,2.9204099447409533,2.7095944612026215,8.0,8.0,0.5358620211127049,0.0,2.7620735417166062,2.9691652616539974,131.28236389160156,125.72061152014706,0.9733178655345751,0.022245257155426485,certain_temperate,422.05395202636714,549.8334222316741,POINT (557516.7787024488 8638895.020662641),ragna_mariebreen
ragna_mariebreen-20240412-DAT_0405_A1_1,2235.0,2952,129.91165161132812,557521.9370029949,8638896.687780714,554.03642578125,2024-04-12 16:27:18.600000+00:00,0,2024-04-29,25 MHz,20240412,126.40875792503357,128.69326782226562,132.04385375976562,1.8650061442042256,2.258003691101074,10,2.651990740887539,2.474875132242839,4.272779245289104,4.078763259600484,125.0658635423504,135.67125803968085,129.45475244522095,124.88576126098633,2.9204099447409533,2.7095944612026215,8.0,8.0,0.5358620211127049,0.0,2.7620735417166062,2.9691652616539974,129.91165161132812,124.34989923987362,0.9730363393671988,0.022479969336994383,certain_temperate,424.1247741699219,550.5335320949555,POINT (557521.9370029949 8638896.687780714),ragna_mariebreen
ragna_mariebreen-20240412-DAT_0405_A1_1,2240.0,2958,128.99786376953125,557526.3323161314,8638897.988008449,554.5908935546875,2024-04-12 16:27:19.800000+00:00,0,2024-04-29,25 MHz,20240412,125.4949700832367,127.77947235107422,130.97775268554688,1.8765764207785829,2.4838006668090817,10,2.634087990717284,2.1448796590169272,4.2081105079295185,3.880781797206298,124.38257254470584,134.37465249191527,128.54096460342407,123.97197341918945,2.9204099447409533,2.7095944612026215,8.0,8.0,0.5358620211127049,0.0,2.7620735417166062,2.9691652616539974,128.99786376953125,123.43611139807675,0.9728453356983271,0.022639211684610406,certain_temperate,425.5930297851562,551.0879998683929,POINT (557526.3323161314 8638897.988008449),ragna_mariebreen
ragna_mariebreen-20240412-DAT_0405_A1_1,2245.0,2965,127.9317626953125,557531.5453302162,8638899.285108576,555.2081787109375,2024-04-12 16:27:21.200000+00:00,0,2024-04-29,25 MHz,20240412,124.42886900901794,126.5610580444336,129.60707092285156,1.7845030704187992,2.4838006668090817,10,2.61320767688523,2.1448879241943364,4.1950761998237684,3.8228065316231623,123.18031869188265,132.9878102754025,127.47486352920532,122.9058723449707,2.9204099447409533,2.7095944612026215,8.0,8.0,0.5358620211127049,0.0,2.7620735417166062,2.9691652616539974,127.9317626953125,122.370010323858,0.9726190461813835,0.02282787232203093,certain_temperate,427.27641601562505,551.705285024643,POINT (557531.5453302162 8638899.285108576),ragna_mariebreen
ragna_mariebreen-20240412-DAT_0405_A1_1,2250.0,2971,127.0179672241211,557536.3392590956,8638900.546138175,555.7894287109375,2024-04-12 16:27:22.500000+00:00,0,2024-04-29,25 MHz,20240412,123.51507353782654,125.79956817626953,128.388671875,1.7197819091188589,2.4837950111389158,10,2.5953160884753825,1.9798984527587888,4.1018168096216066,3.689622378681633,122.535266798894,131.65297325237555,126.56106805801392,121.9920768737793,2.9204099447409533,2.7095944612026215,8.0,8.0,0.5358620211127049,0.0,2.7620735417166062,2.9691652616539974,127.0179672241211,121.45621485266659,0.9724220615173776,0.02299210110635717,certain_temperate,428.7714614868164,552.286535024643,POINT (557536.3392590956 8638900.546138175),ragna_mariebreen
ragna_mariebreen-20240412-DAT_0405_A1_1,2255.0,2977,126.10416412353516,557540.8130362551,8638901.87507507,556.3212557705966,2024-04-12 16:27:23.727272704+00:00,0,2024-04-29,25 MHz,20240412,122.6012704372406,125.3426742553711,127.1702651977539,1.6509678916844048,2.032189748382568,10,2.577429743701697,1.9798984527587888,3.8331367234141345,3.645385706112275,122.09257549272482,130.42036396040018,125.64726495742798,121.07827377319336,2.9204099447409533,2.7095944612026215,8.0,8.0,0.5358620211127049,0.0,2.7620735417166062,2.9691652616539974,126.10416412353516,120.54241175208065,0.9722222203315742,0.023158711411623477,certain_temperate,430.21709164706147,552.8183620843021,POINT (557540.8130362551 8638901.87507507),ragna_mariebreen
ragna_mariebreen-20240412-DAT_0405_A1_1,2260.0,2984,125.19036865234375,557545.4830234535,8638903.254511308,556.8593139648438,2024-04-12 16:27:25+00:00,0,2024-04-29,25 MHz,20240412,121.6874749660492,124.73346710205078,125.95187377929688,1.6547896522849166,1.354793165588379,10,2.559549054291379,1.9798984527587888,3.5080983119185127,3.634503822789264,121.49752995115298,129.18781093019467,124.73346948623657,120.16447830200195,2.9204099447409533,2.7095944612026215,8.0,8.0,0.5358620211127049,0.0,2.7620735417166062,2.9691652616539974,125.19036865234375,119.62861628088925,0.9720194634459288,0.023327752575367778,certain_temperate,431.6689453125,553.3564202785492,POINT (557545.4830234535 8638903.254511308),ragna_mariebreen
ragna_mariebreen-20240412-DAT_0405_A1_1,2265.0,2990,124.27656555175781,557550.0558854922,8638905.009024538,557.3856689453125,2024-04-12 16:27:26.200000+00:00,0,2024-04-29,25 MHz,20240412,120.77367186546326,123.97196960449219,125.19036865234375,1.5745817036489103,1.241894677734375,10,2.5416738378745887,1.6499029795328777,3.274841695501108,3.4149075070158945,120.94174094315198,128.22059731368395,123.81966638565063,119.25067520141602,2.9204099447409533,2.7095944612026215,8.0,8.0,0.5358620211127049,0.0,2.7620735417166062,2.9691652616539974,124.27656555175781,118.71481318030331,0.9718137231203441,0.023499281073427167,certain_temperate,433.10910339355473,553.882775259018,POINT (557550.0558854922 8638905.009024538),ragna_mariebreen
ragna_mariebreen-20240412-DAT_0405_A1_1,2270.0,2996,123.6673812866211,557554.7559451417,8638906.917792166,557.9175537109375,2024-04-12 16:27:27.400000+00:00,0,2024-04-29,25 MHz,20240412,120.16448760032654,123.2104721069336,124.73346710205078,1.5435057334515374,1.5805901412963865,10,2.529760557388032,1.4849217732747397,3.332108393378723,3.3146781291189304,120.27709842626118,127.6668407827232,123.21048212051392,118.6414909362793,2.880495815802253,2.7095944612026215,8.0,8.0,0.5358620211127049,0.0,2.7620735417166062,2.9299153998921676,123.6673812866211,118.10562891516659,0.9716748778064931,0.023292284398957176,certain_temperate,434.25017242431636,554.4146600246429,POINT (557554.7559451417 8638906.917792166),ragna_mariebreen
ragna_mariebreen-20240412-DAT_0405_A1_1,2275.0,3002,122.90586853027344,557559.4749803691,8638909.125235353,558.4506469726563,2024-04-12 16:27:28.600000+00:00,0,2024-04-29,25 MHz,20240412,119.40297484397888,122.60127258300781,124.12427520751953,1.541833642545444,1.4676916534423827,10,2.514871966457208,1.6499195098876953,3.3467796740097535,3.379950647282494,119.59348013724623,127.13206765328111,122.44896936416626,117.87997817993164,2.880495815802253,2.7095944612026215,8.0,8.0,0.5358620211127049,0.0,2.7620735417166062,2.9299153998921676,122.90586853027344,117.34411615881893,0.9714993781160927,0.02343660111797466,certain_temperate,435.54477844238284,554.9477532863617,POINT (557559.4749803691 8638909.125235353),ragna_mariebreen
ragna_mariebreen-20240412-DAT_0405_A1_1,2280.0,3008,122.14437866210938,557563.83665481,8638911.195936369,558.9137129350142,2024-04-12 16:27:29.727272704+00:00,0,2024-04-29,25 MHz,20240412,118.64148497581482,121.83977508544922,123.81967163085938,1.6264335868266226,1.354798821258545,10,2.4999879390711275,1.3199323018391926,3.134906828443735,3.261509955419012,119.01273405692848,126.64671265938011,121.6874794960022,117.11848831176758,2.880495815802253,2.7095944612026215,8.0,8.0,0.5358620211127049,0.0,2.7620735417166062,2.9299153998921676,122.14437866210938,116.58262629065487,0.9713216954831406,0.023582712911992706,certain_temperate,436.76933427290487,555.4108192487197,POINT (557563.83665481 8638911.195936369),ragna_mariebreen
ragna_mariebreen-20240412-DAT_0405_A1_1,2285.0,3015,121.68746948242188,557568.7168180913,8638913.531984024,559.4212036132812,2024-04-12 16:27:31+00:00,0,2024-04-29,25 MHz,20240412,118.18457579612732,121.07827758789062,123.2104721069336,1.694721174526966,1.241889022064209,10,2.4910592308522377,0.8249556223551433,2.9031390276032427,3.1237809990233893,118.45417243175272,125.8345772630715,121.2305703163147,116.66157913208008,2.8804958158022527,2.7095944612026215,8.0,8.0,0.5358620211127049,0.0,2.7620735417166062,2.929915399892167,121.68746948242188,116.12571711096737,0.97121401487603,0.023671260714467804,certain_temperate,437.7337341308594,555.9183099269867,POINT (557568.7168180913 8638913.531984024),ragna_mariebreen
ragna_mariebreen-20240412-DAT_0405_A1_1,2290.0,3021,121.38288116455078,557573.112506856,8638915.763220245,559.9067993164062,2024-04-12 16:27:32.200000+00:00,0,2024-04-29,25 MHz,20240412,117.87998747825623,120.92597961425781,122.60127258300781,1.6363053978347453,1.016103357696533,10,2.4851079525692605,0.6599578857421875,2.7647372353260713,3.0477534844306886,118.35473362313283,125.1725185741328,120.9259819984436,116.35699081420898,2.8804958158022527,2.7095944612026215,8.0,8.0,0.5358620211127049,0.0,2.7620735417166062,2.929915399892167,121.38288116455078,115.82112879309628,0.9711417816689826,0.023730659448570463,certain_temperate,438.52391815185547,556.4039056301117,POINT (557573.112506856 8638915.763220245),ragna_mariebreen
ragna_mariebreen-20240412-DAT_0405_A1_1,2295.0,3027,121.07827758789062,557577.084444017,8638918.038845096,560.3707275390625,2024-04-12 16:27:33.333333248+00:00,0,2024-04-29,25 MHz,20240412,117.57538390159607,120.77367401123047,122.14437866210938,1.5781800505251684,0.6773965827941895,10,2.47915705865121,0.6599744160970052,2.6534227107160944,3.0120488414430344,118.20817484900829,124.70987782433156,120.62137842178345,116.05238723754883,2.880495815802253,2.7095944612026215,8.0,8.0,0.5358620211127049,0.0,2.7620735417166062,2.9299153998921676,121.07827758789062,115.51652521643612,0.9710691813917504,0.023790360031437544,certain_temperate,439.2924499511719,556.867833852768,POINT (557577.084444017 8638918.038845096),ragna_mariebreen
ragna_mariebreen-20240412-DAT_0405_A1_1,2300.0,3033,120.77367401123047,557581.3074729217,8638920.29393487,560.8485565185547,2024-04-12 16:27:34.500000+00:00,0,2024-04-29,25 MHz,20240412,117.27078032493591,120.62138366699219,121.68746948242188,1.5502506899713093,0.5644867835998535,10,2.473206852179653,0.4949684143066407,2.5846452742472277,2.9605781642419338,118.09913350794181,124.20971964147225,120.31677484512329,115.74778366088867,2.8804958158022527,2.7095944612026215,8.0,8.0,0.5358620211127049,0.0,2.7620735417166062,2.929915399892167,120.77367401123047,115.21192163977597,0.9709962149038471,0.023850361756274814,certain_temperate,440.0748825073242,557.3456628322601,POINT (557581.3074729217 8638920.29393487),ragna_mariebreen
ragna_mariebreen-20240412-DAT_0405_A1_1,2305.0,3038,120.62138366699219,557585.9778103809,8638922.583214223,561.3458023071289,2024-04-12 16:27:35.750000128+00:00,0,2024-04-29,25 MHz,20240412,117.11848998069763,120.46908569335938,121.23057556152344,1.4998882930488628,0.6774022384643554,10,2.470232231814631,0.32997067769368493,2.5825959265649825,2.9087098203255946,117.97691235925247,123.72274889563035,120.16448450088501,115.59549331665039,2.880495815802253,2.7095944612026215,8.0,8.0,0.5358620211127049,0.0,2.7620735417166062,2.9299153998921676,120.62138366699219,115.05963129553768,0.9709595962191477,0.02388047399418529,certain_temperate,440.7244186401367,557.8429086208344,POINT (557585.9778103809 8638922.583214223),ragna_mariebreen
ragna_mariebreen-20240412-DAT_0405_A1_1,2310.0,3044,120.46908569335938,557590.742121277,8638924.504096031,561.7650146484375,2024-04-12 16:27:37+00:00,0,2024-04-29,25 MHz,20240412,116.96619200706482,120.46908569335938,121.07827758789062,1.4254452943147704,0.5644980949401855,10,2.467257636145359,0.0,2.5310113279692534,2.8494305624460665,118.00182805721401,123.54553522403599,120.0121865272522,115.44319534301758,2.880495815802253,2.7095944612026215,8.0,8.0,0.5358620211127049,0.0,2.7620735417166062,2.9299153998921676,120.46908569335938,114.90733332190487,0.9709228831103542,0.023910663878816463,certain_temperate,441.2959289550781,558.262120962143,POINT (557590.742121277 8638924.504096031),ragna_mariebreen
ragna_mariebreen-20240412-DAT_0405_A1_1,2315.0,3050,120.62138366699219,557595.1360991925,8638926.586399367,562.1599853515625,2024-04-12 16:27:38.200000+00:00,0,2024-04-29,25 MHz,20240412,117.11848998069763,120.46908569335938,121.83977508544922,1.3354570043073146,0.9031992141723633,10,2.470232231814631,0.32997067769368493,2.650791720923222,2.8274322870029955,117.97691235925247,124.33194841955613,120.16448450088501,115.59549331665039,2.8804958158022536,2.7095944612026215,8.0,8.0,0.5358620211127049,0.0,2.7620735417166062,2.9299153998921676,120.62138366699219,115.05963129553768,0.9709595962191477,0.023880473994185292,certain_temperate,441.53860168457027,558.6570916652679,POINT (557595.1360991925 8638926.586399367),ragna_mariebreen
ragna_mariebreen-20240412-DAT_0405_A1_1,2320.0,3056,120.77367401123047,557599.0392244575,8638929.504600195,562.5924560546875,2024-04-12 16:27:39.400000+00:00,0,2024-04-29,25 MHz,20240412,117.27078032493591,120.62138366699219,121.68746948242188,1.2991696012184848,1.016092046356201,10,2.473206852179653,0.6599578857421875,2.7540405936169527,2.870564090444922,118.06163826078053,124.24721488863354,120.31677484512329,115.74778366088867,2.880495815802253,2.7095944612026215,8.0,8.0,0.5358620211127049,0.0,2.7620735417166062,2.9299153998921676,120.77367401123047,115.21192163977597,0.9709962149038471,0.023850361756274818,certain_temperate,441.8187820434571,559.089562368393,POINT (557599.0392244575 8638929.504600195),ragna_mariebreen
ragna_mariebreen-20240412-DAT_0405_A1_1,2325.0,3063,121.23057556152344,557602.3168033966,8638933.848810125,563.1288818359375,2024-04-12 16:27:40.800000+00:00,0,2024-04-29,25 MHz,20240412,117.72768187522888,120.77367401123047,121.99207305908203,1.2859064699366556,1.241894677734375,10,2.4821323454625257,0.8249556223551433,2.8954853047169187,2.9146334604323085,118.15804162894761,124.60770544136489,120.77367639541626,116.20468521118164,2.880495815802253,2.7095944612026215,8.0,8.0,0.5358620211127049,0.16499179601669314,2.7669970261284584,2.934557299368696,121.23057556152344,115.64399777737934,0.9711055262249674,0.023760472986787292,certain_temperate,441.89830627441404,559.6259881496429,POINT (557602.3168033966 8638933.848810125),ragna_mariebreen
ragna_mariebreen-20240412-DAT_0405_A1_1,2330.0,3069,121.53517150878906,557603.5856210088,8638938.25810615,563.5863980379971,2024-04-12 16:27:41.909091072+00:00,0,2024-04-29,25 MHz,20240412,118.18457794189453,121.23057556152344,122.44896697998047,1.292307942819572,0.9031992141723633,10,2.4880834321759204,0.989953358968099,2.8260105517994982,2.973319128091548,118.55278415471062,125.12675838679328,121.07827234268188,116.50928115844727,2.883873021066418,2.822494539713859,8.0,8.0,0.5354723063802702,0.16499179601669314,2.877573337096306,2.9378013011924016,121.53517150878906,115.948966172343,0.9724310787955549,0.02372871149367543,certain_temperate,442.05122652920807,560.2358044711026,POINT (557603.5856210088 8638938.25810615),ragna_mariebreen
ragna_mariebreen-20240412-DAT_0405_A1_1,2335.0,3076,122.14437866210938,557604.6662930561,8638943.664855476,564.1122192382812,2024-04-12 16:27:43.200000+00:00,0,2024-04-29,25 MHz,20240412,118.79378509521484,121.99207305908203,123.2104721069336,1.331206385341182,1.2419003334045409,10,2.4999879390711275,1.154942830403646,3.020951683677215,3.0587486129747607,119.238197129233,125.96434803678262,121.6874794960022,117.11848831176758,2.883873021066418,2.822494539713859,8.0,8.0,0.5354723063802702,0.0,2.8728393650907034,2.933164535537506,122.14437866210938,116.58301600538731,0.9725685815131669,0.02361036220131045,certain_temperate,441.96784057617185,560.7616256713867,POINT (557604.6662930561 8638943.664855476),ragna_mariebreen
ragna_mariebreen-20240412-DAT_0405_A1_1,2340.0,3081,122.60127258300781,557604.740611746,8638948.098755177,564.444482421875,2024-04-12 16:27:44.200000+00:00,0,2024-04-29,25 MHz,20240412,119.25067901611328,122.44896697998047,123.6673812866211,1.3253906753804356,1.241894677734375,10,2.508917857481427,1.319915771484375,3.095020008010829,3.129457924591381,119.61403374277674,126.50231452382482,122.14437341690063,117.57538223266602,2.8839448332618445,2.709594814682007,8.0,8.0,0.5354723063802702,0.0,2.7619983075034322,2.933235140966011,122.60127258300781,117.03990992628574,0.9726708092313969,0.02352296001910792,certain_temperate,441.8432098388672,561.0938888549805,POINT (557604.740611746 8638948.098755177),ragna_mariebreen
ragna_mariebreen-20240412-DAT_0405_A1_1,2345.0,3087,123.36276245117188,557604.3978226102,8638953.297147494,564.820166015625,2024-04-12 16:27:45.400000+00:00,0,2024-04-29,25 MHz,20240412,120.01216888427734,123.2104721069336,124.27656555175781,1.2435219712839058,1.1289905342102051,10,2.5238043632250307,1.8149007161458335,3.307275721743896,3.348103936016051,120.10186259892195,127.38517505976945,122.9058632850647,118.33687210083008,2.8839448332618454,2.709594814682007,8.0,8.0,0.5354723063802702,0.0,2.7619983075034322,2.933235140966012,123.36276245117188,117.80139979444981,0.9728395060201354,0.023377758214544988,certain_temperate,441.4574035644531,561.4695724487304,POINT (557604.3978226102 8638953.297147494),ragna_mariebreen
ragna_mariebreen-20240412-DAT_0405_A1_1,2350.0,3093,124.27656555175781,557603.472778832,8638958.508467559,565.2109497070312,2024-04-12 16:27:46.600000+00:00,0,2024-04-29,25 MHz,20240412,120.92597198486328,123.6673812866211,124.8857650756836,1.224308465107668,1.129001845550537,10,2.5416738378745887,1.8149172465006511,3.3209449975930294,3.3545434454655583,120.54423695601746,128.00890940628724,123.81966638565063,119.25067520141602,2.8839448332618454,2.709594814682007,8.0,8.0,0.5354723063802702,0.0,2.7619983075034322,2.933235140966012,124.27656555175781,118.71520289503574,0.9730392165890753,0.023205862026020995,certain_temperate,440.9343841552734,561.8603561401367,POINT (557603.472778832 8638958.508467559),ragna_mariebreen
ragna_mariebreen-20240412-DAT_0405_A1_1,2355.0,3098,125.03807067871094,557602.1894676209,8638962.792609408,565.5280883789062,2024-04-12 16:27:47.600000+00:00,0,2024-04-29,25 MHz,20240412,121.6874771118164,124.12427520751953,125.3426742553711,1.1527483418211846,1.354793165588379,10,2.5565695076844133,1.6499195098876955,3.3307276319529278,3.2537840703250835,121.08153268855251,128.38541677433813,124.58117151260376,120.01218032836914,2.883944833261845,2.709594814682007,8.0,8.0,0.5354723063802702,0.0,2.7619983075034322,2.933235140966011,125.03807067871094,119.47670802198887,0.9732034127789448,0.023064534006384564,certain_temperate,440.49001770019527,562.1774948120117,POINT (557602.1894676209 8638962.792609408),ragna_mariebreen
ragna_mariebreen-20240412-DAT_0405_A1_1,2360.0,3104,125.79956817626953,557600.3933835117,8638967.967568781,565.9017700195312,2024-04-12 16:27:48.800000+00:00,0,2024-04-29,25 MHz,20240412,122.448974609375,125.19036865234375,125.95187377929688,1.150509695903084,0.9031992141723633,10,2.5714689462123306,1.4849217732747397,3.1037419407162905,3.1845121721304124,122.22095032309478,128.92129210854586,125.34266901016235,120.77367782592773,2.883944833261845,2.709594814682007,8.0,8.0,0.5354723063802702,0.0,2.7619983075034322,2.933235140966011,125.79956817626953,120.23820551954746,0.9733656194892522,0.02292491838462339,certain_temperate,440.1022018432617,562.5511764526367,POINT (557600.3933835117 8638967.967568781),ragna_mariebreen
ragna_mariebreen-20240412-DAT_0405_A1_1,2365.0,3109,126.40876770019531,557598.6581357534,8638972.344547741,566.1751342773438,2024-04-12 16:27:49.800000+00:00,0,2024-04-29,25 MHz,20240412,123.05817413330078,126.10416412353516,126.71336364746094,1.1284596950759878,0.5645094062805176,10,2.5833913022600306,1.4849217732747397,3.0327502638887625,3.186271265405563,123.12441525939607,129.69311251160002,125.95186853408813,121.38287734985352,2.8839448332618445,2.709594814682007,8.0,8.0,0.5354723063802702,0.0,2.7619983075034322,2.933235140966011,126.40876770019531,120.84740504347324,0.9734939780851186,0.022814436733547782,certain_temperate,439.76636657714846,562.8245407104492,POINT (557598.6581357534 8638972.344547741),ragna_mariebreen
ragna_mariebreen-20240412-DAT_0405_A1_1,2370.0,3114,127.1702651977539,557596.4300287368,8638976.570638314,566.3834716796875,2024-04-12 16:27:50.800000+00:00,0,2024-04-29,25 MHz,20240412,123.81967163085938,126.71336364746094,127.47486114501953,1.1369885545854022,0.6773965827941895,10,2.598297623480964,1.6499112447102866,3.151543080141777,3.2811736663679465,123.63548163938975,130.55274315309072,126.71336603164673,122.14437484741211,2.8839448332618454,2.709594814682007,8.0,8.0,0.5354723063802702,0.0,2.7619983075034322,2.933235140966012,127.1702651977539,121.60890254103184,0.9736526965506893,0.022677823536635843,certain_temperate,439.21320648193364,563.032878112793,POINT (557596.4300287368 8638976.570638314),ragna_mariebreen
ragna_mariebreen-20240412-DAT_0405_A1_1,2375.0,3119,127.9317626953125,557593.8225246172,8638981.600035468,566.6097412109375,2024-04-12 16:27:52+00:00,0,2024-04-29,25 MHz,20240412,124.58116912841797,127.32257080078125,127.9317626953125,1.1255977471328675,0.9031879028320312,10,2.61320767688523,1.8149089813232422,3.307339922179423,3.3748658138317524,124.14094401986874,131.113389476225,127.47486352920532,122.9058723449707,2.883944833261845,2.709594814682007,8.0,8.0,0.5354723063802702,0.0,2.7619983075034322,2.933235140966011,127.9317626953125,122.37040003859043,0.973809525513422,0.022542836684978425,certain_temperate,438.677978515625,563.259147644043,POINT (557593.8225246172 8638981.600035468),ragna_mariebreen
ragna_mariebreen-20240412-DAT_0405_A1_1,2380.0,3126,128.84556579589844,557591.7884639873,8638986.231389508,566.7859598795573,2024-04-12 16:27:53.166666752+00:00,0,2024-04-29,25 MHz,20240412,125.4949722290039,128.23635864257812,128.84556579589844,1.1555399526432306,0.9032105255126953,10,2.631104697670938,1.8149172465006511,3.3215095657168447,3.3988099570152936,125.04001126756526,132.0419131709113,128.38866662979126,123.81967544555664,2.8839448332618445,2.709594814682007,8.0,8.0,0.5354723063802702,0.0,2.7619983075034322,2.933235140966011,128.84556579589844,123.28420313917637,0.9739952745273195,0.02238295757752534,certain_temperate,437.9403940836588,563.4353663126627,POINT (557591.7884639873 8638986.231389508),ragna_mariebreen
ragna_mariebreen-20240412-DAT_0405_A1_1,2385.0,3133,129.60707092285156,557589.9454251699,8638990.99483189,566.9866129557291,2024-04-12 16:27:54.444444416+00:00,0,2024-04-29,25 MHz,20240412,126.25647735595703,129.15016174316406,129.91165161132812,1.23363219513856,0.5645037506103515,10,2.646022889787696,1.4849217732747397,3.0862751482132924,3.2754050434882416,126.11595182853623,132.94586152595596,129.15017175674438,124.58118057250977,2.8839448332618454,2.709594814682007,8.0,8.0,0.5354723063802702,0.0,2.7619983075034322,2.933235140966012,129.60707092285156,124.0457082661295,0.9741480650474004,0.02225144672066935,certain_temperate,437.37954203287757,563.6360193888346,POINT (557589.9454251699 8638990.99483189),ragna_mariebreen
ragna_mariebreen-20240412-DAT_0405_A1_1,2390.0,3138,130.2162628173828,557588.5219757835,8638995.279339572,567.2119344075521,2024-04-12 16:27:55.555555584+00:00,0,2024-04-29,25 MHz,20240412,126.86566925048828,129.7593536376953,130.52085876464844,1.283903060286427,0.6774022384643554,10,2.657959751548222,1.4849052429199219,3.1190651506465645,3.30425493712489,126.71473648256705,133.5654759197767,129.75936365127563,125.19037246704102,2.883944833261845,2.709594814682007,8.0,8.0,0.5354723063802702,0.0,2.7619983075034322,2.933235140966011,130.2162628173828,124.65490016066074,0.9742690083834348,0.02214734758058854,certain_temperate,436.9956715901693,563.8613408406576,POINT (557588.5219757835 8638995.279339572),ragna_mariebreen
ragna_mariebreen-20240412-DAT_0405_A1_1,2395.0,3144,130.97775268554688,557587.0879465565,8639000.382544879,567.4996215820313,2024-04-12 16:27:56.800000+00:00,0,2024-04-29,25 MHz,20240412,127.62715911865234,130.52085876464844,131.13006591796875,1.4487605961674976,0.4515939514160156,10,2.672883962955091,0.4949684143066407,2.755583333441265,3.0802937644957415,127.8025316300703,133.84839305254687,130.5208535194397,125.95186233520508,2.8839448332618454,2.709594814682007,8.0,8.0,0.5354723063802702,0.0,2.7619983075034322,2.933235140966012,130.97775268554688,125.41639002882481,0.9744186054639471,0.022018585401947295,certain_temperate,436.5218688964844,564.1490280151368,POINT (557587.0879465565 8639000.382544879),ragna_mariebreen
ragna_mariebreen-20240412-DAT_0405_A1_1,2400.0,3150,130.67315673828125,557585.947919361,8639005.473198889,567.8005981445312,2024-04-12 16:27:58+00:00,0,2024-04-29,25 MHz,20240412,127.32256317138672,130.52085876464844,131.4346466064453,1.6540874751330443,1.241883366394043,10,2.666913863771938,0.6599578857421875,3.015003857950843,3.2068644098440267,127.773501130897,134.18200424019673,130.21625757217407,125.64726638793945,2.883944833261845,2.709594814682007,8.0,8.0,0.5354723063802702,0.0,2.7619983075034322,2.933235140966011,130.67315673828125,125.11179408155918,0.9743589758560339,0.022069910188501487,certain_temperate,437.12744140625,564.4500045776367,POINT (557585.947919361 8639005.473198889),ragna_mariebreen
ragna_mariebreen-20240412-DAT_0405_A1_1,2405.0,3155,130.36856079101562,557584.7274373731,8639010.231600134,568.0739135742188,2024-04-12 16:27:59.166666752+00:00,0,2024-04-29,25 MHz,20240412,127.0179672241211,129.91165161132812,130.97775268554688,1.4449326720450204,1.128996189880371,10,2.6609443167958804,0.8249638875325522,3.00596448242249,3.138314914020624,127.12576035845748,133.76364393841752,129.91166162490845,125.34267044067383,2.883944833261845,2.709594814682007,8.0,8.0,0.5354723063802702,0.0,2.7619983075034322,2.933235140966011,130.36856079101562,124.80719813429356,0.9742990676082892,0.022121474807755892,certain_temperate,437.7053527832031,564.7233200073242,POINT (557584.7274373731 8639010.231600134),ragna_mariebreen
ragna_mariebreen-20240412-DAT_0405_A1_1,2410.0,3161,129.91165161132812,557583.8902497661,8639014.658484152,568.3409790039062,2024-04-12 16:28:00.200000+00:00,0,2024-04-29,25 MHz,20240412,126.5610580444336,129.30245971679688,130.67315673828125,1.0635590052336048,1.129007501220703,10,2.651990740887539,1.154942830403646,3.1050935201804535,3.0818996720963385,126.40989202852163,133.5657244265565,129.45475244522095,124.88576126098633,2.8839448332618445,2.709594814682007,8.0,8.0,0.5354723063802702,0.0,2.7619983075034322,2.933235140966011,129.91165161132812,124.35028895460606,0.9742086754703196,0.02219927772060107,certain_temperate,438.4293273925781,564.9903854370117,POINT (557583.8902497661 8639014.658484152),ragna_mariebreen
ragna_mariebreen-20240412-DAT_0405_A1_1,2415.0,3167,129.30245971679688,557583.2948790634,8639019.883571088,568.6547241210938,2024-04-12 16:28:01.400000+00:00,0,2024-04-29,25 MHz,20240412,125.95186614990234,129.15016174316406,129.7593536376953,0.7890889208803417,0.7903007263183593,10,2.640055006155279,0.9899368286132814,2.9282145751617654,2.927887751473163,126.33061118320411,132.57890419765528,128.8455605506897,124.27656936645508,2.8839448332618454,2.709594814682007,8.0,8.0,0.5354723063802702,0.0,2.7619983075034322,2.933235140966012,129.30245971679688,123.74109706007481,0.9740871629647794,0.022303866759985618,certain_temperate,439.3522644042969,565.3041305541992,POINT (557583.2948790634 8639019.883571088),ragna_mariebreen
ragna_mariebreen-20240412-DAT_0405_A1_1,2420.0,3173,128.99786376953125,557582.7088178325,8639024.885645201,568.9400024414062,2024-04-12 16:28:02.600000+00:00,0,2024-04-29,25 MHz,20240412,125.64727020263672,128.23635864257812,129.30245971679688,0.7511055290721383,0.7902894149780273,10,2.634087990717284,0.8249473571777344,2.8711522154671387,2.8606148291509435,125.47611269611691,132.0627056632581,128.54096460342407,123.97197341918945,2.883944833261845,2.709594814682007,8.0,8.0,0.5354723063802702,0.0,2.7619983075034322,2.933235140966011,128.99786376953125,123.43650111280918,0.9740259763302691,0.022356531720667303,certain_temperate,439.942138671875,565.5894088745117,POINT (557582.7088178325 8639024.885645201),ragna_mariebreen
ragna_mariebreen-20240412-DAT_0405_A1_1,2425.0,3179,128.5409698486328,557582.2200241885,8639029.81731177,569.2334350585937,2024-04-12 16:28:03.800000+00:00,0,2024-04-29,25 MHz,20240412,125.19037628173828,128.0840606689453,128.99786376953125,0.6227974565078925,0.7903007263183593,10,2.6251385433631595,1.319924036661784,3.0427170542835094,3.0035692943964336,125.14577003757333,131.93615440090323,128.08407068252563,123.51507949829102,2.8839448332618454,2.709594814682007,8.0,8.0,0.5354723063802702,0.0,2.7619983075034322,2.933235140966012,128.5409698486328,122.97960719191074,0.9739336526646709,0.022435997150619908,certain_temperate,440.6924652099609,565.8828414916992,POINT (557582.2200241885 8639029.81731177),ragna_mariebreen
ragna_mariebreen-20240412-DAT_0405_A1_1,2430.0,3185,127.77947235107422,557581.9760385078,8639034.721961396,569.5436401367188,2024-04-12 16:28:05+00:00,0,2024-04-29,25 MHz,20240412,124.42887878417969,127.77947235107422,128.69326782226562,0.6580091217198988,0.5645037506103515,10,2.6102255499721814,0.989953358968099,2.8481484440093623,2.8681459305492796,124.98782676564261,131.48491340769723,127.32257318496704,122.75358200073242,2.883944833261845,2.709594814682007,8.0,8.0,0.5354723063802702,0.0,2.7619983075034322,2.933235140966011,127.77947235107422,122.21810969435215,0.973778311138359,0.022569703726262103,certain_temperate,441.76416778564453,566.1930465698242,POINT (557581.9760385078 8639034.721961396),ragna_mariebreen
ragna_mariebreen-20240412-DAT_0405_A1_1,2435.0,3191,127.62716674804688,557582.147846963,8639039.457794715,569.8634521484375,2024-04-12 16:28:06.200000+00:00,0,2024-04-29,25 MHz,20240412,124.27657318115234,127.47486114501953,128.23635864257812,0.6704256957349427,0.6773909271240234,10,2.6072432715137084,0.6599744160970052,2.7734711418916964,2.7717781874200846,124.78538467054423,130.92583511705342,127.1702675819397,122.60127639770508,2.883944833261845,2.709594814682007,8.0,8.0,0.5354723063802702,0.0,2.7619983075034322,2.933235140966011,127.62716674804688,122.06580409132481,0.9737470191318354,0.022596637587004798,certain_temperate,442.23628540039067,566.512858581543,POINT (557582.147846963 8639039.457794715),ragna_mariebreen
ragna_mariebreen-20240412-DAT_0405_A1_1,2440.0,3198,127.1702651977539,557582.7764352357,8639044.994595945,570.2743308327415,2024-04-12 16:28:07.545454592+00:00,0,2024-04-29,25 MHz,20240412,123.81967163085938,127.0179672241211,127.47486114501953,0.7899051691083985,0.5645037506103515,10,2.598297623480964,0.989953358968099,2.8372209426782753,2.8905204322583873,124.23747119047547,130.25535717866515,126.71336603164673,122.14437484741211,2.8839448332618454,2.709594814682007,8.0,8.0,0.5354723063802702,0.0,2.7619983075034322,2.933235140966012,127.1702651977539,121.60890254103184,0.9736526965506893,0.022677823536635843,certain_temperate,443.1040656349876,566.923737265847,POINT (557582.7764352357 8639044.994595945),ragna_mariebreen
ragna_mariebreen-20240412-DAT_0405_A1_1,2445.0,3204,126.71336364746094,557583.5533147476,8639049.49504699,570.6352483575994,2024-04-12 16:28:08.636363776+00:00,0,2024-04-29,25 MHz,20240412,123.3627700805664,126.5610580444336,127.1702651977539,0.9216629057699325,0.5645037506103515,10,2.589353319024167,0.4949766794840495,2.696000187022931,2.792707474091549,123.92481971606217,129.8065035261253,126.25646448135376,121.68747329711914,2.893050512197772,2.709594814682007,8.0,8.0,0.5354723063802702,0.0,2.7619983075034322,2.942188276951017,126.71336364746094,121.15200099073887,0.9735576937550449,0.022831455411812376,certain_temperate,443.92188471013844,567.2846547907048,POINT (557583.5533147476 8639049.49504699),ragna_mariebreen
ragna_mariebreen-20240412-DAT_0405_A1_1,2450.0,3209,126.71336364746094,557584.7083747947,8639054.243991328,571.0232543945312,2024-04-12 16:28:09.750000128+00:00,0,2024-04-29,25 MHz,20240412,123.3627700805664,126.2564697265625,126.86567687988281,0.9927430701746951,0.7902950706481933,10,2.589353319024167,0.16499773661295575,2.7122944461322227,2.7780413364830894,123.66186477323552,129.4602818332098,126.25646448135376,121.68747329711914,2.893050512197772,2.709594814682007,8.0,8.0,0.5354723063802702,0.0,2.7619983075034322,2.942188276951017,126.71336364746094,121.15200099073887,0.9735576937550449,0.022831455411812376,certain_temperate,444.3098907470703,567.6726608276367,POINT (557584.7083747947 8639054.243991328),ragna_mariebreen
ragna_mariebreen-20240412-DAT_0405_A1_1,2455.0,3216,126.5610580444336,557586.4057924654,8639059.480992982,571.4488525390625,2024-04-12 16:28:11+00:00,0,2024-04-29,25 MHz,20240412,123.21046447753906,125.79956817626953,126.86567687988281,1.1380093727720937,1.241894677734375,10,2.586372085630874,0.4949684143066407,2.911462980543767,2.868689531651859,123.16625955468872,129.49898550146364,126.10415887832642,121.5351676940918,2.8930505121977714,2.709594814682007,8.0,8.0,0.5354723063802702,0.0,2.7619983075034322,2.942188276951017,126.5610580444336,120.99969538771153,0.9735258726604656,0.02285893115070251,certain_temperate,444.8877944946289,568.098258972168,POINT (557586.4057924654 8639059.480992982),ragna_mariebreen
ragna_mariebreen-20240412-DAT_0405_A1_1,2460.0,3222,126.2564697265625,557588.2226092019,8639064.2110187,571.8108825683594,2024-04-12 16:28:12.249999872+00:00,0,2024-04-29,25 MHz,20240412,122.90587615966797,125.64726257324219,126.86567687988281,1.2899104803325048,1.354793165588379,10,2.580410521433704,0.4949684143066407,2.9561760285564813,2.927008923382131,123.01980901698529,129.4931304361397,125.79957056045532,121.2305793762207,2.8930505121977714,2.709594814682007,8.0,8.0,0.5354723063802702,0.0,2.7619983075034322,2.942188276951017,126.2564697265625,120.69510706984043,0.9734620049637772,0.022914077341647042,certain_temperate,445.5544128417969,568.4602890014648,POINT (557588.2226092019 8639064.2110187),ragna_mariebreen
ragna_mariebreen-20240412-DAT_0405_A1_1,2465.0,3227,126.10416412353516,557590.2519154749,8639068.652047914,572.1769775390625,2024-04-12 16:28:13.400000+00:00,0,2024-04-29,25 MHz,20240412,122.75357055664062,125.64726257324219,126.86567687988281,1.366836447592807,1.241889022064209,10,2.577429743701697,0.0,2.86101947334194,2.9174279696654586,123.06983282954049,129.4431066235845,125.64726495742798,121.07827377319336,2.893050512197772,2.709594814682007,8.0,8.0,0.5354723063802702,0.0,2.7619983075034322,2.942188276951017,126.10416412353516,120.54280146681309,0.9734299530060546,0.022941752417974547,certain_temperate,446.0728134155273,568.826383972168,POINT (557590.2519154749 8639068.652047914),ragna_mariebreen
ragna_mariebreen-20240412-DAT_0405_A1_1,2470.0,3232,126.2564697265625,557592.042841413,8639072.636328885,572.5209350585938,2024-04-12 16:28:14.400000+00:00,0,2024-04-29,25 MHz,20240412,122.90587615966797,125.64726257324219,126.86567687988281,1.396682921581591,1.354793165588379,10,2.580410521433704,0.4949684143066407,2.9561760285564813,2.97560672363212,123.01980901698529,129.4931304361397,125.79957056045532,121.2305793762207,2.893050512197772,2.709594814682007,8.0,8.0,0.5354723063802702,0.0,2.7619983075034322,2.942188276951017,126.2564697265625,120.69510706984043,0.9734620049637772,0.022914077341647045,certain_temperate,446.26446533203125,569.1703414916992,POINT (557592.042841413 8639072.636328885),ragna_mariebreen
ragna_mariebreen-20240412-DAT_0405_A1_1,2475.0,3238,126.5610580444336,557594.2484326168,8639077.419827696,572.9332885742188,2024-04-12 16:28:15.600000+00:00,0,2024-04-29,25 MHz,20240412,123.21046447753906,125.4949722290039,126.86567687988281,1.4179209781817739,1.6934829734802246,10,2.586372085630874,0.32997067769368493,3.1090329356466535,2.96794560493217,122.88763619130792,129.4730129175788,126.10415887832642,121.5351676940918,2.893050512197772,2.709594814682007,8.0,8.0,0.5354723063802702,0.0,2.7619983075034322,2.942188276951017,126.5610580444336,120.99969538771153,0.9735258726604656,0.022858931150702512,certain_temperate,446.37223052978516,569.5826950073242,POINT (557594.2484326168 8639077.419827696),ragna_mariebreen
ragna_mariebreen-20240412-DAT_0405_A1_1,2480.0,3244,126.5610580444336,557596.4540238205,8639082.203326505,573.3456420898438,2024-04-12 16:28:16.800000+00:00,0,2024-04-29,25 MHz,20240412,123.21046447753906,125.79956817626953,127.0179672241211,1.4363426286330725,1.4677029647827147,10,2.586372085630874,0.0,2.9737976659757077,2.9584456581386043,123.21319609063866,129.60433930975196,126.10415887832642,121.5351676940918,2.893050512197772,2.709594814682007,8.0,8.0,0.5354723063802702,0.0,2.7619983075034322,2.942188276951017,126.5610580444336,120.99969538771153,0.9735258726604656,0.022858931150702512,certain_temperate,446.78458404541016,569.9950485229492,POINT (557596.4540238205 8639082.203326505),ragna_mariebreen
ragna_mariebreen-20240412-DAT_0405_A1_1,2485.0,3250,126.5610580444336,557598.6281174035,8639086.799349066,573.6866455078125,2024-04-12 16:28:18+00:00,0,2024-04-29,25 MHz,20240412,123.21046447753906,126.10416412353516,127.47486114501953,1.4014697736834054,1.241894677734375,10,2.586372085630874,0.0,2.8690805070467373,2.941672669057319,123.51779203790429,130.0612332306504,126.10415887832642,121.5351676940918,2.893050512197772,2.709594814682007,8.0,8.0,0.5354723063802702,0.0,2.7619983075034322,2.942188276951017,126.5610580444336,120.99969538771153,0.9735258726604656,0.022858931150702512,certain_temperate,447.1255874633789,570.336051940918,POINT (557598.6281174035 8639086.799349066),ragna_mariebreen
ragna_mariebreen-20240412-DAT_0405_A1_1,2490.0,3256,126.5610580444336,557600.887176819,8639091.31091644,574.0134998668324,2024-04-12 16:28:19.181818368+00:00,0,2024-04-29,25 MHz,20240412,123.21046447753906,126.40876770019531,127.9317626953125,1.391783156337421,1.241883366394043,10,2.586372085630874,0.49498494466145837,2.911460965992555,2.978488041781712,123.77545597144535,130.56507442406246,126.10415887832642,121.5351676940918,2.893050512197772,2.709594814682007,8.0,8.0,0.5354723063802702,0.0,2.7619983075034322,2.942188276951017,126.5610580444336,120.99969538771153,0.9735258726604656,0.022858931150702512,certain_temperate,447.4524418223988,570.6629062999378,POINT (557600.887176819 8639091.31091644),ragna_mariebreen
ragna_mariebreen-20240412-DAT_0405_A1_1,2495.0,3262,127.0179672241211,557603.1318329844,8639095.568022085,574.3200850053267,2024-04-12 16:28:20.272727296+00:00,0,2024-04-29,25 MHz,20240412,123.66737365722656,126.40876770019531,128.23635864257812,1.364196363699381,1.4676916534423827,10,2.5953160884753825,0.8249721527099609,3.0936004010586924,3.045862171959966,123.68548940889895,130.9596369338745,126.56106805801392,121.9920768737793,2.893050512197772,2.709594814682007,8.0,8.0,0.5354723063802702,0.0,2.7619983075034322,2.942188276951017,127.0179672241211,121.45660456739903,0.9736211054221765,0.022776702976934217,certain_temperate,447.30211778120565,570.9694914384322,POINT (557603.1318329844 8639095.568022085),ragna_mariebreen
ragna_mariebreen-20240412-DAT_0405_A1_1,2500.0,3268,127.32257080078125,557605.492088044,8639099.93150272,574.6317260742187,2024-04-12 16:28:21.400000+00:00,0,2024-04-29,25 MHz,20240412,123.97197723388672,126.5610580444336,128.69326782226562,1.375484811089676,1.5806071083068847,10,2.6012794571379643,0.6599661509195963,3.11456721958571,3.015653925772321,123.87736466878734,131.3769611979119,126.86567163467407,122.29668045043945,2.893050512197772,2.709594814682007,8.0,8.0,0.5354723063802702,0.0,2.7619983075034322,2.942188276951017,127.32257080078125,121.76120814405918,0.9736842136800935,0.02272221251897641,certain_temperate,447.30915527343745,571.2811325073242,POINT (557605.492088044 8639099.93150272),ragna_mariebreen
ragna_mariebreen-20240412-DAT_0405_A1_1,2505.0,3274,127.62716674804688,557608.0742216296,8639104.730747318,574.9359741210938,2024-04-12 16:28:22.600000+00:00,0,2024-04-29,25 MHz,20240412,124.27657318115234,126.86567687988281,128.84556579589844,1.3516661381734414,1.4676916534423827,10,2.6072432715137084,0.6599578857421875,3.063883267585637,3.010027115640573,124.1762044617668,131.53503821401446,127.1702675819397,122.44897651672363,2.902270339321066,2.822494716453552,8.0,8.0,0.5354723063802702,0.0,2.8728395387331367,2.9512545998952753,127.62716674804688,121.91350421034336,0.9737470191318354,0.022740223835341706,certain_temperate,447.3088073730469,571.5853805541992,POINT (557608.0742216296 8639104.730747318),ragna_mariebreen
ragna_mariebreen-20240412-DAT_0405_A1_1,2510.0,3279,127.9317626953125,557610.1993418908,8639108.80347594,575.1591796875,2024-04-12 16:28:23.600000+00:00,0,2024-04-29,25 MHz,20240412,124.58116912841797,127.1702651977539,128.99786376953125,1.3547167257712769,1.4676973091125487,10,2.61320767688523,0.6599578857421875,3.068963043873519,3.016563637745713,124.47501033531785,131.6931186319673,127.47486352920532,122.75357246398926,2.902270339321066,2.822494716453552,8.0,8.0,0.5354723063802702,0.0,2.8728395387331367,2.9512545998952753,127.9317626953125,122.21810015760899,0.973809525513422,0.022686081065209984,certain_temperate,447.2274169921875,571.8085861206055,POINT (557610.1993418908 8639108.80347594),ragna_mariebreen
ragna_mariebreen-20240412-DAT_0405_A1_1,2515.0,3284,128.23635864257812,557612.3584179742,8639112.815571845,575.3741048177084,2024-04-12 16:28:24.666666752+00:00,0,2024-04-29,25 MHz,20240412,124.8857650756836,127.47486114501953,129.15016174316406,1.298373286276998,1.354793165588379,10,2.6191726692150645,0.6599744160970052,3.021770378865795,2.9968992127836867,124.77381843875483,131.85120444942876,127.77945947647095,123.05816841125488,2.902270339321066,2.822494716453552,8.0,8.0,0.5354723063802702,0.0,2.8728395387331367,2.9512545998952753,128.23635864257812,122.52269610487461,0.9738717349559702,0.022632195502449565,certain_temperate,447.13774617513025,572.0235112508138,POINT (557612.3584179742 8639112.815571845),ragna_mariebreen
ragna_mariebreen-20240412-DAT_0405_A1_1,2520.0,3290,128.5409698486328,557614.986549492,8639117.641573753,575.6337890625,2024-04-12 16:28:26+00:00,0,2024-04-29,25 MHz,20240412,125.19037628173828,127.9317626953125,129.4547576904297,1.2686583013584867,1.354793165588379,10,2.6251385433631595,0.6599744160970052,3.026942867527964,2.989383295490766,125.22493455120113,132.16158583454106,128.08407068252563,123.36277961730957,2.902270339321066,2.822494716453552,8.0,8.0,0.5354723063802702,0.0,2.8728395387331367,2.9512545998952753,128.5409698486328,122.8273073109293,0.9739336526646709,0.02257856263834573,certain_temperate,447.0928192138672,572.2831954956055,POINT (557614.986549492 8639117.641573753),ragna_mariebreen
ragna_mariebreen-20240412-DAT_0405_A1_1,2525.0,3296,128.84556579589844,557617.3376197787,8639121.760984894,575.8589965820313,2024-04-12 16:28:27.200000+00:00,0,2024-04-29,25 MHz,20240412,125.4949722290039,128.23635864257812,129.60707092285156,1.253942552812968,1.241905989074707,10,2.631104697670938,0.6599578857421875,2.983385128802348,2.9884156783845315,125.52374802897002,132.31968153645968,128.38866662979126,123.6673755645752,2.902270339321066,2.822494716453552,8.0,8.0,0.5354723063802702,0.0,2.8728395387331367,2.9512545998952753,128.84556579589844,123.13190325819492,0.9739952745273195,0.022525186034872878,certain_temperate,447.01343078613286,572.5084030151368,POINT (557617.3376197787 8639121.760984894),ragna_mariebreen
ragna_mariebreen-20240412-DAT_0405_A1_1,2530.0,3302,129.15016174316406,557619.9005283518,8639125.88924756,576.0960815429687,2024-04-12 16:28:28.400000+00:00,0,2024-04-29,25 MHz,20240412,125.79956817626953,128.5409698486328,129.91165161132812,1.2435221789286302,1.241894677734375,10,2.6370714270406435,0.6599578857421875,2.9886439254037005,2.989320580291596,125.82257140059995,132.630050059361,128.69326257705688,123.97197151184082,2.902270339321066,2.822494716453552,8.0,8.0,0.5354723063802702,0.0,2.8728395387331367,2.9512545998952753,129.15016174316406,123.43649920546055,0.9740566057241359,0.02247206120494606,certain_temperate,446.94591979980464,572.7454879760742,POINT (557619.9005283518 8639125.88924756),ragna_mariebreen
ragna_mariebreen-20240412-DAT_0405_A1_1,2535.0,3308,129.4547576904297,557622.7694297214,8639130.030295264,576.3560913085937,2024-04-12 16:28:29.600000+00:00,0,2024-04-29,25 MHz,20240412,126.10416412353516,128.84556579589844,130.2162628173828,1.2527122386296132,1.241894677734375,10,2.643038727577624,0.49498494466145837,2.9619193441924816,2.9664712646053175,126.15657642981373,132.90525218346752,128.9978585243225,124.27656745910645,2.902270339321066,2.822494716453552,8.0,8.0,0.5354723063802702,0.0,2.8728395387331367,2.9512545998952753,129.4547576904297,123.74109515272617,0.9741176483068553,0.022419186371360568,certain_temperate,446.901333618164,573.0054977416992,POINT (557622.7694297214 8639130.030295264),ragna_mariebreen
ragna_mariebreen-20240412-DAT_0405_A1_1,2540.0,3314,129.60707092285156,557625.8187798135,8639134.178886283,576.6347290039063,2024-04-12 16:28:30.800000+00:00,0,2024-04-29,25 MHz,20240412,126.25647735595703,128.99786376953125,130.36856079101562,1.2393672490019498,1.128996189880371,10,2.646022889787696,0.4949684143066407,2.919086031826752,2.96352189840742,126.30594421938834,133.06048034115855,129.15017175674438,124.42888069152832,2.9022703393210665,2.822494716453552,8.0,8.0,0.5354723063802702,0.0,2.8728395387331367,2.9512545998952757,129.60707092285156,123.89340838514805,0.9741480650474004,0.022392839516052632,certain_temperate,447.0276580810547,573.2841354370117,POINT (557625.8187798135 8639134.178886283),ragna_mariebreen
ragna_mariebreen-20240412-DAT_0405_A1_1,2545.0,3320,129.91165161132812,557628.9779599012,8639138.33207217,576.91552734375,2024-04-12 16:28:32+00:00,0,2024-04-29,25 MHz,20240412,126.5610580444336,129.15016174316406,130.52085876464844,1.2256753597593966,1.016097702026367,10,2.651990740887539,0.32996241251627606,2.859088075504157,2.940103768738125,126.47772276660598,133.19329774120652,129.45475244522095,124.73346138000488,2.902270339321066,2.822494716453552,8.0,8.0,0.5354723063802702,0.0,2.8728395387331367,2.9512545998952753,129.91165161132812,124.19798907362461,0.9742086754703196,0.02234033901750497,certain_temperate,447.0038757324219,573.5649337768555,POINT (557628.9779599012 8639138.33207217),ragna_mariebreen
ragna_mariebreen-20240412-DAT_0405_A1_1,2550.0,3326,129.91165161132812,557632.1857485563,8639142.450063847,577.146533203125,2024-04-12 16:28:33.200000+00:00,0,2024-04-29,25 MHz,20240412,126.5610580444336,129.30245971679688,130.52085876464844,1.2078814112357674,0.9031992141723633,10,2.651990740887539,0.0,2.801575219449732,2.9141091937952748,126.65046897590933,133.17284950553596,129.45475244522095,124.73346138000488,2.902270339321066,2.822494716453552,8.0,8.0,0.5354723063802702,0.0,2.8728395387331367,2.9512545998952753,129.91165161132812,124.19798907362461,0.9742086754703196,0.02234033901750497,certain_temperate,447.2348815917969,573.7959396362305,POINT (557632.1857485563 8639142.450063847),ragna_mariebreen
ragna_mariebreen-20240412-DAT_0405_A1_1,2555.0,3331,129.91165161132812,557635.0102724063,8639145.770145994,577.3133178710938,2024-04-12 16:28:34.200000+00:00,0,2024-04-29,25 MHz,20240412,126.5610580444336,129.4547576904297,130.52085876464844,1.258866676767009,0.7903007263183593,10,2.651990740887539,0.0,2.7672423326793343,2.9356089997865267,126.80276694954215,133.17284950553596,129.45475244522095,124.73346138000488,2.902270339321066,2.822494716453552,8.0,8.0,0.5354723063802702,0.0,2.8728395387331367,2.9512545998952753,129.91165161132812,124.19798907362461,0.9742086754703196,0.02234033901750497,certain_temperate,447.40166625976565,573.9627243041992,POINT (557635.0102724063 8639145.770145994),ragna_mariebreen
ragna_mariebreen-20240412-DAT_0405_A1_1,2560.0,3337,129.91165161132812,557638.4737641979,8639149.787134789,577.4889526367188,2024-04-12 16:28:35.400000+00:00,0,2024-04-29,25 MHz,20240412,126.5610580444336,129.30245971679688,130.52085876464844,1.2998623761640182,0.9031992141723633,10,2.651990740887539,0.16498947143554688,2.8064292679345035,2.9580261345033088,126.64534165102754,133.17797683041778,129.45475244522095,124.73346138000488,2.902270339321066,2.822494716453552,8.0,8.0,0.5354723063802702,0.0,2.8728395387331367,2.9512545998952753,129.91165161132812,124.19798907362461,0.9742086754703196,0.02234033901750497,certain_temperate,447.5773010253906,574.1383590698242,POINT (557638.4737641979 8639149.787134789),ragna_mariebreen
ragna_mariebreen-20240412-DAT_0405_A1_1,2565.0,3343,129.7593536376953,557641.7060651272,8639153.334132118,577.6508345170455,2024-04-12 16:28:36.545454592+00:00,0,2024-04-29,25 MHz,20240412,126.40876007080078,129.15016174316406,130.36856079101562,1.2847079626200781,1.016097702026367,10,2.6490065954219495,0.32996241251627606,2.856320303524416,2.962530284314741,126.48068405337855,133.03803848080113,129.30245447158813,124.58116340637207,2.902270339321066,2.822494716453552,8.0,8.0,0.5354723063802702,0.0,2.8728395387331367,2.9512545998952753,129.7593536376953,124.0456910999918,0.9741784043079482,0.02236655977359887,certain_temperate,447.8914808793502,574.300240950151,POINT (557641.7060651272 8639153.334132118),ragna_mariebreen
ragna_mariebreen-20240412-DAT_0405_A1_1,2570.0,3350,129.60707092285156,557645.1928811404,8639157.270874863,577.8217717950994,2024-04-12 16:28:37.818181632+00:00,0,2024-04-29,25 MHz,20240412,126.25647735595703,128.69326782226562,130.36856079101562,1.3164101239188897,1.354793165588379,10,2.646022889787696,0.4949684143066407,3.013618321215651,2.9965591065082973,126.00134827212271,133.06048034115855,129.15017175674438,124.42888069152832,2.902270339321066,2.822494716453552,8.0,8.0,0.5354723063802702,0.0,2.8728395387331367,2.9512545998952753,129.60707092285156,123.89340838514805,0.9741480650474004,0.02239283951605263,certain_temperate,448.2147008722478,574.4711782282048,POINT (557645.1928811404 8639157.270874863),ragna_mariebreen
ragna_mariebreen-20240412-DAT_0405_A1_1,2575.0,3356,129.30245971679688,557648.2344651967,8639160.918234227,577.9947509765625,2024-04-12 16:28:39+00:00,0,2024-04-29,25 MHz,20240412,125.95186614990234,128.388671875,130.36856079101562,1.3656111943790823,1.5805901412963865,10,2.640055006155279,0.6599744160970052,3.1470179313425377,3.0447250449985788,125.66737500302368,133.08985766299196,128.8455605506897,124.12426948547363,2.902270339321066,2.822494716453552,8.0,8.0,0.5354723063802702,0.0,2.8728395387331367,2.9512545998952753,129.30245971679688,123.58879717909336,0.9740871629647794,0.022445592649031797,certain_temperate,448.6922912597656,574.644157409668,POINT (557648.2344651967 8639160.918234227),ragna_mariebreen
ragna_mariebreen-20240412-DAT_0405_A1_1,2580.0,3362,128.99786376953125,557651.3713642478,8639164.660976173,578.169189453125,2024-04-12 16:28:40.200000+00:00,0,2024-04-29,25 MHz,20240412,125.64727020263672,128.388671875,130.36856079101562,1.343635226393415,1.5805788299560546,10,2.634087990717284,0.4949684143066407,3.1115338197916955,2.998127564932408,125.70848283800984,133.04874982800578,128.54096460342407,123.81967353820801,2.902270339321066,2.822494716453552,8.0,8.0,0.5354723063802702,0.0,2.8728395387331367,2.9512545998952753,128.99786376953125,123.28420123182774,0.9740259763302691,0.022498592259684924,certain_temperate,449.17132568359375,574.8185958862305,POINT (557651.3713642478 8639164.660976173),ragna_mariebreen
ragna_mariebreen-20240412-DAT_0405_A1_1,2585.0,3368,128.84556579589844,557654.7719886845,8639168.675383603,578.348779296875,2024-04-12 16:28:41.400000+00:00,0,2024-04-29,25 MHz,20240412,125.4949722290039,128.5409698486328,130.2162628173828,1.2705827888696402,1.354793165588379,10,2.631104697670938,0.16498947143554688,2.9640172026011657,2.926484935748416,125.90469720419888,132.85253546181673,128.38866662979126,123.6673755645752,2.902270339321066,2.822494716453552,8.0,8.0,0.5354723063802702,0.0,2.8728395387331367,2.9512545998952753,128.84556579589844,123.13190325819492,0.9739952745273195,0.022525186034872878,certain_temperate,449.5032135009766,574.9981857299805,POINT (557654.7719886845 8639168.675383603),ragna_mariebreen
ragna_mariebreen-20240412-DAT_0405_A1_1,2590.0,3374,128.84556579589844,557658.3727050606,8639172.791247908,578.5145263671875,2024-04-12 16:28:42.600000+00:00,0,2024-04-29,25 MHz,20240412,125.4949722290039,128.69326782226562,130.2162628173828,1.1866748859633913,1.241894677734375,10,2.631104697670938,0.32997894287109375,2.9281223375107417,2.9051325817973663,126.04155176792564,132.86797887172278,128.38866662979126,123.6673755645752,2.902270339321066,2.822494716453552,8.0,8.0,0.5354723063802702,0.16499179601669314,2.8775735104530757,2.955862988393717,128.84556579589844,123.10706057847094,0.9739952745273195,0.022525186034872878,certain_temperate,449.66896057128906,575.163932800293,POINT (557658.3727050606 8639172.791247908),ragna_mariebreen
ragna_mariebreen-20240412-DAT_0405_A1_1,2595.0,3379,129.15016174316406,557661.4144628753,8639176.17631823,578.6451416015625,2024-04-12 16:28:43.600000+00:00,0,2024-04-29,25 MHz,20240412,125.6472680568695,128.69326782226562,130.2162628173828,1.09118332202407,1.354793165588379,10,2.6370714270406435,0.6599578857421875,3.0372939672992563,2.929227059230977,125.97486937423277,132.93466126541568,128.69326257705688,123.97197151184082,2.8987716819030136,2.709594637942314,8.0,8.0,0.5358620211127049,0.16499179601669314,2.766997199201609,2.9524985456773103,129.15016174316406,123.41128407803852,0.9728773573411342,0.022444971363393944,certain_temperate,449.49497985839844,575.142247915268,POINT (557661.4144628753 8639176.17631823),ragna_mariebreen
ragna_mariebreen-20240412-DAT_0405_A1_1,2600.0,3385,129.4547576904297,557665.0362766396,8639180.162761258,578.7964599609375,2024-04-12 16:28:44.800000+00:00,0,2024-04-29,25 MHz,20240412,125.95186400413513,128.84556579589844,130.2162628173828,0.97928273082951,1.241894677734375,10,2.643038727577624,0.6599578857421875,2.9939105726479895,2.8948562647097607,126.12137818737577,132.94045042590548,128.9978585243225,124.27656745910645,2.898771681903013,2.709594637942314,8.0,8.0,0.5358620211127049,0.0,2.7620737150982655,2.9478848975958702,129.4547576904297,123.74070543799374,0.9729411745942071,0.02239216026988333,certain_temperate,449.34170227050777,575.2935662746429,POINT (557665.0362766396 8639180.162761258),ragna_mariebreen
ragna_mariebreen-20240412-DAT_0405_A1_1,2605.0,3390,129.7593536376953,557668.1054218169,8639183.455909757,578.9221557617187,2024-04-12 16:28:45.800000+00:00,0,2024-04-29,25 MHz,20240412,126.25645995140076,128.99786376953125,130.2162628173828,0.8466016121720678,1.128996189880371,10,2.6490065954219495,0.6599744160970052,2.9542231752621477,2.858240098771255,126.26788168671614,132.94624490019794,129.30245447158813,124.58116340637207,2.859714387377646,2.709594637942314,8.0,8.0,0.5358620211127049,0.0,2.7620737150982655,2.909486979356618,129.7593536376953,124.04530138525936,0.9730046922391808,0.022038599200812404,certain_temperate,449.1628021240234,575.4192620754242,POINT (557668.1054218169 8639183.455909757),ragna_mariebreen
ragna_mariebreen-20240412-DAT_0405_A1_1,2610.0,3396,130.06396484375,557671.8856684898,8639187.411762549,579.0626220703125,2024-04-12 16:28:47+00:00,0,2024-04-29,25 MHz,20240412,126.56107115745544,129.15016174316406,130.2162628173828,0.7732558947278053,1.016097702026367,10,2.654975325751728,0.3299954732259115,2.8618605019747823,2.7849085571040546,126.47475691534827,132.89166764519862,129.60706567764282,124.88577461242676,2.859714387377646,2.709594637942314,8.0,8.0,0.5358620211127049,0.0,2.7620737150982655,2.909486979356618,130.06396484375,124.34991259131405,0.9730679155406134,0.02198698456419587,certain_temperate,448.9986572265625,575.559728384018,POINT (557671.8856684898 8639187.411762549),ragna_mariebreen
ragna_mariebreen-20240412-DAT_0405_A1_1,2615.0,3401,130.06396484375,557675.1743924257,8639190.527938526,579.2079467773438,2024-04-12 16:28:48+00:00,0,2024-04-29,25 MHz,20240412,126.56107115745544,129.30245971679688,130.36856079101562,0.7150730577170464,0.9031992141723633,10,2.654975325751728,0.16498947143554688,2.809249780015414,2.754531717716803,126.6423628189311,133.0286576888814,129.60706567764282,124.88577461242676,2.859714387377646,2.709594637942314,8.0,8.0,0.5358620211127049,0.0,2.7620737150982655,2.909486979356618,130.06396484375,124.34991259131405,0.9730679155406134,0.02198698456419587,certain_temperate,449.14398193359375,575.7050530910492,POINT (557675.1743924257 8639190.527938526),ragna_mariebreen
ragna_mariebreen-20240412-DAT_0405_A1_1,2620.0,3407,130.2162628173828,557678.6807121552,8639193.822467417,579.381797096946,2024-04-12 16:28:49.090908928+00:00,0,2024-04-29,25 MHz,20240412,126.71336913108826,129.4547576904297,130.36856079101562,0.6773138563364773,0.7903007263183593,10,2.657959751548222,0.16498947143554688,2.777867312265687,2.7478583708991002,126.79168210634747,133.03163637509783,129.75936365127563,125.03807258605957,2.859714387377646,2.709594637942314,8.0,8.0,0.5358620211127049,0.0,2.7620737150982655,2.909486979356618,130.2162628173828,124.50221056494686,0.9730994146928709,0.021961269088087338,certain_temperate,449.1655342795632,575.8789034106514,POINT (557678.6807121552 8639193.822467417),ragna_mariebreen
ragna_mariebreen-20240412-DAT_0405_A1_1,2625.0,3414,130.2162628173828,557682.8898414184,8639197.738738017,579.5970581054687,2024-04-12 16:28:50.400000+00:00,0,2024-04-29,25 MHz,20240412,126.71336913108826,129.7593536376953,130.36856079101562,0.5955113674019776,0.5645037506103515,10,2.657959751548222,0.0,2.717243920832916,2.723854590383866,127.1013938861471,133.02652054256384,129.75936365127563,125.03807258605957,2.8758186319119976,2.822494186234474,8.0,8.0,0.5358620211127049,0.0,2.8729116827703556,2.925317232254168,130.2162628173828,124.50221056494686,0.9730994146928709,0.022084942154614647,certain_temperate,449.3807952880859,576.0941644191741,POINT (557682.8898414184 8639197.738738017),ragna_mariebreen
ragna_mariebreen-20240412-DAT_0405_A1_1,2630.0,3419,130.2162628173828,557686.1266265193,8639200.592134684,579.781884765625,2024-04-12 16:28:51.400000+00:00,0,2024-04-29,25 MHz,20240412,126.71336913108826,129.91165161132812,130.52085876464844,0.518960551629805,0.45160526275634766,10,2.657959751548222,0.0,2.696052179428194,2.7081488317664886,127.2536918597799,133.17881851619666,129.75936365127563,125.03807258605957,2.8758186319119976,2.822494186234474,8.0,8.0,0.5358620211127049,0.0,2.8729116827703556,2.925317232254168,130.2162628173828,124.50221056494686,0.9730994146928709,0.022084942154614647,certain_temperate,449.5656219482422,576.2789910793305,POINT (557686.1266265193 8639200.592134684),ragna_mariebreen
ragna_mariebreen-20240412-DAT_0405_A1_1,2635.0,3425,130.2162628173828,557690.0210535629,8639203.882610017,580.005712890625,2024-04-12 16:28:52.600000+00:00,0,2024-04-29,25 MHz,20240412,126.71336913108826,130.06396484375,130.52085876464844,0.4765043825681561,0.4515939514160156,10,2.657959751548222,0.0,2.6960502847324297,2.700334510288854,127.40600509220178,133.17881851619666,129.75936365127563,125.03807258605957,2.8758186319119976,2.822494186234474,8.0,8.0,0.5358620211127049,0.0,2.8729116827703556,2.925317232254168,130.2162628173828,124.50221056494686,0.9730994146928709,0.022084942154614647,certain_temperate,449.78945007324216,576.5028192043304,POINT (557690.0210535629 8639203.882610017),ragna_mariebreen
ragna_mariebreen-20240412-DAT_0405_A1_1,2640.0,3431,130.2162628173828,557693.8857070233,8639207.320786241,580.236474609375,2024-04-12 16:28:53.800000+00:00,0,2024-04-29,25 MHz,20240412,126.71336913108826,130.06396484375,130.52085876464844,0.4355284272717162,0.4515939514160156,10,2.657959751548222,0.0,2.6960502847324297,2.6934058461011885,127.40600509220178,133.17881851619666,129.75936365127563,125.03807258605957,2.8758186319119976,2.822494186234474,8.0,8.0,0.5358620211127049,0.0,2.8729116827703556,2.925317232254168,130.2162628173828,124.50221056494686,0.9730994146928709,0.022084942154614647,certain_temperate,450.0202117919922,576.7335809230805,POINT (557693.8857070233 8639207.320786241),ragna_mariebreen
ragna_mariebreen-20240412-DAT_0405_A1_1,2645.0,3436,130.2162628173828,557697.276307499,8639210.414690396,580.4479893275669,2024-04-12 16:28:54.857143040+00:00,0,2024-04-29,25 MHz,20240412,126.71336913108826,130.06396484375,130.52085876464844,0.4274654517072673,0.3386954635620117,10,2.657959751548222,0.0,2.6794523055818273,2.6921138076339908,127.40600509220178,133.17881851619666,129.75936365127563,125.03807258605957,2.8758186319119976,2.822494186234474,8.0,8.0,0.5358620211127049,0.0,2.8729116827703556,2.925317232254168,130.2162628173828,124.50221056494686,0.9730994146928709,0.022084942154614647,certain_temperate,450.2317265101841,576.9450956412724,POINT (557697.276307499 8639210.414690396),ragna_mariebreen
ragna_mariebreen-20240412-DAT_0405_A1_1,2650.0,3442,130.2162628173828,557701.3968233503,8639214.177417424,580.7049647739956,2024-04-12 16:28:56.142856960+00:00,0,2024-04-29,25 MHz,20240412,126.71336913108826,130.06396484375,130.52085876464844,0.4414080144844352,0.3386954635620117,10,2.657959751548222,0.16498947143554688,2.6845271806357918,2.6994096765378086,127.40088925966778,133.18393434873065,129.75936365127563,125.03807258605957,2.8758186319119976,2.822494186234474,8.0,8.0,0.5358620211127049,0.0,2.8729116827703556,2.925317232254168,130.2162628173828,124.50221056494686,0.9730994146928709,0.022084942154614647,certain_temperate,450.4887019566128,577.202071087701,POINT (557701.3968233503 8639214.177417424),ragna_mariebreen
ragna_mariebreen-20240412-DAT_0405_A1_1,2655.0,3447,130.06396484375,557704.7780122272,8639217.308168171,580.922802734375,2024-04-12 16:28:57.200000+00:00,0,2024-04-29,25 MHz,20240412,126.56107115745544,129.7593536376953,130.2162628173828,0.5488899759957012,0.5645037506103515,10,2.654975325751728,0.3299954732259115,2.73431078649689,2.7311300222524464,127.08394880987952,132.89166764519862,129.60706567764282,124.88577461242676,2.8758186319119976,2.822494186234474,8.0,8.0,0.5358620211127049,0.0,2.8729116827703556,2.925317232254168,130.06396484375,124.34991259131405,0.9730679155406134,0.022110802445295362,certain_temperate,450.85883789062495,577.4199090480804,POINT (557704.7780122272 8639217.308168171),ragna_mariebreen
ragna_mariebreen-20240412-DAT_0405_A1_1,2660.0,3453,129.91165161132812,557708.5673845644,8639221.041110616,581.205419921875,2024-04-12 16:28:58.400000+00:00,0,2024-04-29,25 MHz,20240412,126.40875792503357,129.4547576904297,130.06396484375,0.6503316293659922,0.7903007263183593,10,2.651990740887539,0.6599744160970052,2.8448543649324383,2.809190692674609,126.72187988129592,132.79684265288378,129.45475244522095,124.73346138000488,2.875818631911998,2.822494186234474,8.0,8.0,0.5358620211127049,0.0,2.8729116827703556,2.925317232254168,129.91165161132812,124.19759935889218,0.9730363393671988,0.022136725969091064,certain_temperate,451.29376831054685,577.7025262355804,POINT (557708.5673845644 8639221.041110616),ragna_mariebreen
ragna_mariebreen-20240412-DAT_0405_A1_1,2665.0,3459,129.4547576904297,557712.2782782991,8639224.770780828,581.481689453125,2024-04-12 16:28:59.600000+00:00,0,2024-04-29,25 MHz,20240412,125.95186400413513,129.15016174316406,130.06396484375,0.7266908456001823,0.6774022384643554,10,2.643038727577624,0.8249473571777344,2.85045007854307,2.862563788401716,126.3813728639626,132.83275372295145,128.9978585243225,124.27656745910645,2.8758186319119976,2.822494186234474,8.0,8.0,0.5358620211127049,0.0,2.8729116827703556,2.925317232254168,129.4547576904297,123.74070543799374,0.9729411745942071,0.02221485469687454,certain_temperate,452.0269317626953,577.9787957668304,POINT (557712.2782782991 8639224.770780828),ragna_mariebreen
ragna_mariebreen-20240412-DAT_0405_A1_1,2670.0,3464,129.15016174316406,557715.3125725365,8639227.764715422,581.6929321289062,2024-04-12 16:29:00.600000+00:00,0,2024-04-29,25 MHz,20240412,125.6472680568695,128.99786376953125,129.7593536376953,0.8532709263593753,0.7903007263183593,10,2.6370714270406435,0.8249473571777344,2.8738926722214297,2.8918428600459762,126.23477060182432,132.52244680540224,128.69326257705688,123.97197151184082,2.8758186319119976,2.822494186234474,8.0,8.0,0.5358620211127049,0.0,2.8729116827703556,2.925317232254168,129.15016174316406,123.43610949072811,0.9728773573411342,0.02226724762165631,certain_temperate,452.5427703857422,578.1900384426117,POINT (557715.3125725365 8639227.764715422),ragna_mariebreen
ragna_mariebreen-20240412-DAT_0405_A1_1,2675.0,3471,128.69326782226562,557719.4683730071,8639231.755041402,581.9644775390625,2024-04-12 16:29:02+00:00,0,2024-04-29,25 MHz,20240412,125.19037413597107,128.388671875,129.4547576904297,1.0648897516661437,1.016097702026367,10,2.628121548389525,0.9899533589680991,2.986550697059208,3.0035014082309264,125.58028612406734,132.26314344136233,128.23636865615845,123.51507759094238,2.8767546621674596,2.709594637942314,8.0,8.0,0.5358620211127049,0.0,2.7620737150982655,2.926237429186703,128.69326782226562,122.97921556982968,0.9727810650427162,0.02235357537226002,certain_temperate,453.2712097167969,578.461583852768,POINT (557719.4683730071 8639231.755041402),ragna_mariebreen
ragna_mariebreen-20240412-DAT_0405_A1_1,2680.0,3477,128.23635864257812,557722.9203982212,8639235.033310102,582.1879374186198,2024-04-12 16:29:03.166666752+00:00,0,2024-04-29,25 MHz,20240412,124.73346495628357,127.9317626953125,129.30245971679688,1.1732461477239011,1.016097702026367,10,2.6191726692150645,0.8249638875325522,2.927983167123618,2.986157633154178,125.18574177643806,132.0484806356713,127.77945947647095,123.05816841125488,2.8767546621674596,2.709594637942314,8.0,8.0,0.5358620211127049,0.0,2.7620737150982655,2.926237429186703,128.23635864257812,122.52230639014218,0.9726840833335119,0.022433221690157188,certain_temperate,453.95157877604163,578.6850437323252,POINT (557722.9203982212 8639235.033310102),ragna_mariebreen
ragna_mariebreen-20240412-DAT_0405_A1_1,2685.0,3484,127.9317626953125,557726.6755112072,8639238.330479747,582.4482421875,2024-04-12 16:29:04.400000+00:00,0,2024-04-29,25 MHz,20240412,124.42886900901794,127.47486114501953,129.15016174316406,1.1931772359542774,1.128996189880371,10,2.61320767688523,0.32997894287109375,2.865723793744718,2.8916106898525804,124.8409020592951,131.7841208288885,127.47486352920532,122.75357246398926,2.87675466216746,2.709594637942314,8.0,8.0,0.5358620211127049,0.0,2.7620737150982655,2.926237429186704,127.9317626953125,122.21771044287655,0.9726190461813835,0.022486633511169984,certain_temperate,454.5164794921875,578.9453485012054,POINT (557726.6755112072 8639238.330479747),ragna_mariebreen
ragna_mariebreen-20240412-DAT_0405_A1_1,2690.0,3490,127.9317626953125,557730.3861011819,8639241.501684045,582.718505859375,2024-04-12 16:29:05.600000+00:00,0,2024-04-29,25 MHz,20240412,124.42886900901794,127.1702651977539,128.84556579589844,1.191012458471722,1.4676916534423827,10,2.61320767688523,0.4949766794840495,3.0377582302331754,2.9141665964731347,124.51059298566368,131.50523800798868,127.47486352920532,122.75357246398926,2.8936230761459965,2.822494539713859,8.0,8.0,0.5358620211127049,0.0,2.8729120300464377,2.942822218972055,127.9317626953125,122.21771044287655,0.9726190461813835,0.022618488287678543,certain_temperate,454.7867431640625,579.2156121730804,POINT (557730.3861011819 8639241.501684045),ragna_mariebreen
ragna_mariebreen-20240412-DAT_0405_A1_1,2695.0,3496,127.47486114501953,557734.090384473,8639244.635400737,583.0103271484375,2024-04-12 16:29:06.800000+00:00,0,2024-04-29,25 MHz,20240412,123.97196745872498,126.71336364746094,128.388671875,1.2382278477091018,1.3548101325988768,10,2.6042611408184095,1.3199323018391926,3.218681075597255,3.171372821643275,123.79370658352084,131.3083289389401,127.01796197891235,122.29667091369629,2.8936230761459965,2.822494539713859,8.0,8.0,0.5358620211127049,0.0,2.8729120300464377,2.942822218972055,127.47486114501953,121.76080889258358,0.9725209060450786,0.022699558565152052,certain_temperate,455.5354660034179,579.5074334621429,POINT (557734.090384473 8639244.635400737),ragna_mariebreen
ragna_mariebreen-20240412-DAT_0405_A1_1,2700.0,3502,126.71336364746094,557738.1413595546,8639248.081511626,583.3421020507812,2024-04-12 16:29:08.111111168+00:00,0,2024-04-29,25 MHz,20240412,123.21046996116638,126.2564697265625,127.9317626953125,1.3599366035040175,1.4676916534423827,10,2.589353319024167,1.319924036661784,3.255928264394571,3.208796914553654,123.3501060064994,130.8381264153756,126.25646448135376,121.5351734161377,2.893623076145996,2.822494539713859,8.0,8.0,0.5358620211127049,0.0,2.8729120300464377,2.9428222189720548,126.71336364746094,120.99931139502499,0.9723557674939461,0.02283597398768901,certain_temperate,456.6287384033203,579.8392083644867,POINT (557738.1413595546 8639248.081511626),ragna_mariebreen
ragna_mariebreen-20240412-DAT_0405_A1_1,2705.0,3507,126.2564697265625,557741.7060990031,8639251.11632354,583.6367492675781,2024-04-12 16:29:09.249999872+00:00,0,2024-04-29,25 MHz,20240412,122.75357604026794,125.95187377929688,127.62716674804688,1.4287887838122344,1.354798821258545,10,2.580410521433704,0.9899450937906901,3.0779846643428166,3.1112613417380515,123.18808837738051,130.39095214996325,125.79957056045532,121.07827949523926,2.893623076145996,2.822494539713859,8.0,8.0,0.5358620211127049,0.0,2.8729120300464377,2.9428222189720548,126.2564697265625,120.54241747412655,0.9722557292004055,0.022918612269238987,certain_temperate,457.3802795410156,580.1338555812836,POINT (557741.7060990031 8639251.11632354),ragna_mariebreen
ragna_mariebreen-20240412-DAT_0405_A1_1,2710.0,3512,125.79956817626953,557745.4731280094,8639254.345785141,583.9627075195312,2024-04-12 16:29:10.400000+00:00,0,2024-04-29,25 MHz,20240412,122.29667448997498,125.4949722290039,127.1702651977539,1.4449308135354328,1.354793165588379,10,2.5714689462123306,0.9899450937906901,3.070489920449112,3.111313048530922,122.73953327485258,129.92570415190525,125.34266901016235,120.62137794494629,2.893623076145996,2.822494539713859,8.0,8.0,0.5358620211127049,0.0,2.8729120300464377,2.9428222189720548,125.79956817626953,120.08551592383358,0.972154962556101,0.02300185221694458,certain_temperate,458.1631393432617,580.4598138332367,POINT (557745.4731280094 8639254.345785141),ragna_mariebreen
ragna_mariebreen-20240412-DAT_0405_A1_1,2715.0,3518,125.3426742553711,557749.098918038,8639257.569344694,584.3013305664062,2024-04-12 16:29:11.500000+00:00,0,2024-04-29,25 MHz,20240412,121.83978056907654,125.19036865234375,126.71336364746094,1.5022093048735168,1.2419003334045409,10,2.5625289063335903,0.6599661509195964,2.9230850405462316,3.0428181857947787,122.54421867243806,129.35951362736662,124.88577508926392,120.16448402404785,2.8936230761459965,2.822494539713859,8.0,8.0,0.5358620211127049,0.0,2.8729120300464377,2.942822218972055,125.3426742553711,119.62862200293515,0.9720534629797525,0.023085697615247754,certain_temperate,458.95865631103516,580.7984368801117,POINT (557749.098918038 8639257.569344694),ragna_mariebreen
ragna_mariebreen-20240412-DAT_0405_A1_1,2720.0,3525,125.19036865234375,557753.3525389027,8639261.377704108,584.71943359375,2024-04-12 16:29:12.800000+00:00,0,2024-04-29,25 MHz,20240412,121.6874749660492,125.03807067871094,126.5610580444336,1.4395700451567042,1.128996189880371,10,2.559549054291379,0.16499773661295575,2.8023468755983236,2.941237414647748,122.47320896422977,129.12591975891476,124.73346948623657,120.01217842102051,2.8936230761459965,2.822494539713859,8.0,8.0,0.5358620211127049,0.0,2.8729120300464377,2.942822218972055,125.19036865234375,119.4763163999078,0.9720194634459288,0.023113783490658516,certain_temperate,459.5290649414062,581.2165399074554,POINT (557753.3525389027 8639261.377704108),ragna_mariebreen
ragna_mariebreen-20240412-DAT_0405_A1_1,2725.0,3530,125.19036865234375,557756.6470574874,8639264.159227919,585.0426513671875,2024-04-12 16:29:13.800000+00:00,0,2024-04-29,25 MHz,20240412,121.6874749660492,124.8857650756836,126.5610580444336,1.3966807123138751,1.3548044769287109,10,2.559549054291379,0.0,2.8959949122935233,2.9158203602885906,122.32621602139221,129.12060709872497,124.73346948623657,120.01217842102051,2.893623076145996,2.822494539713859,8.0,8.0,0.5358620211127049,0.0,2.8729120300464377,2.9428222189720548,125.19036865234375,119.4763163999078,0.9720194634459288,0.023113783490658513,certain_temperate,459.8522827148438,581.539757680893,POINT (557756.6470574874 8639264.159227919),ragna_mariebreen
ragna_mariebreen-20240412-DAT_0405_A1_1,2730.0,3536,125.19036865234375,557760.564736103,8639267.637059106,585.4293823242188,2024-04-12 16:29:15+00:00,0,2024-04-29,25 MHz,20240412,121.6874749660492,124.73346710205078,126.40876770019531,1.281188497808326,1.241905989074707,10,2.559549054291379,0.16499773661295575,2.8497098273527635,2.867047188542185,122.16860538756961,128.97362941467648,124.73346948623657,120.01217842102051,2.893623076145996,2.822494539713859,8.0,8.0,0.5358620211127049,0.0,2.8729120300464377,2.9428222189720548,125.19036865234375,119.4763163999078,0.9720194634459288,0.023113783490658513,certain_temperate,460.239013671875,581.9264886379242,POINT (557760.564736103 8639267.637059106),ragna_mariebreen
ragna_mariebreen-20240412-DAT_0405_A1_1,2735.0,3542,125.3426742553711,557764.4117187613,8639270.925774217,585.7783203125,2024-04-12 16:29:16.200000+00:00,0,2024-04-29,25 MHz,20240412,121.83978056907654,124.73346710205078,126.40876770019531,1.1823269693725267,1.3547875099182127,10,2.5625289063335903,0.0,2.8986209812298016,2.8221359744528347,122.17093819571718,128.9712966065289,124.88577508926392,120.16448402404785,2.893623076145996,2.822494539713859,8.0,8.0,0.5358620211127049,0.0,2.8729120300464377,2.9428222189720548,125.3426742553711,119.62862200293515,0.9720534629797525,0.02308569761524775,certain_temperate,460.4356460571289,582.2754266262054,POINT (557764.4117187613 8639270.925774217),ragna_mariebreen
ragna_mariebreen-20240412-DAT_0405_A1_1,2740.0,3548,125.19036865234375,557768.1535780918,8639274.28456698,586.1294189453125,2024-04-12 16:29:17.400000+00:00,0,2024-04-29,25 MHz,20240412,121.6874749660492,124.73346710205078,126.40876770019531,1.1330162364932317,1.2419003334045409,10,2.559549054291379,0.49498494466145837,2.8876665137920114,2.842538873775113,122.12649539971771,129.0157394025284,124.73346948623657,120.01217842102051,2.893623076145996,2.822494539713859,8.0,8.0,0.5358620211127049,0.0,2.8729120300464377,2.9428222189720548,125.19036865234375,119.4763163999078,0.9720194634459288,0.023113783490658513,certain_temperate,460.9390502929688,582.626525259018,POINT (557768.1535780918 8639274.28456698),ragna_mariebreen
ragna_mariebreen-20240412-DAT_0405_A1_1,2745.0,3554,124.8857650756836,557771.7621664614,8639277.583632505,586.4909224076705,2024-04-12 16:29:18.545454592+00:00,0,2024-04-29,25 MHz,20240412,121.38287138938904,124.73346710205078,126.2564697265625,1.075607575328003,0.9031992141723633,10,2.5535899685375356,0.6599578857421875,2.7878549027613335,2.8483851204624377,122.09597470616244,128.89396212245083,124.42886590957642,119.70757484436035,2.893623076145996,2.822494539713859,8.0,8.0,0.5358620211127049,0.0,2.8729120300464377,2.9428222189720548,124.8857650756836,119.17171282324765,0.971951217305097,0.023170159340357127,certain_temperate,461.6051573319869,582.9880287213759,POINT (557771.7621664614 8639277.583632505),ragna_mariebreen
ragna_mariebreen-20240412-DAT_0405_A1_1,2750.0,3561,124.5811767578125,557775.787365779,8639281.187867822,586.9011174982244,2024-04-12 16:29:19.818181632+00:00,0,2024-04-29,25 MHz,20240412,121.07828307151794,124.5811767578125,126.2564697265625,1.0827669114840661,0.5644980949401855,10,2.5476318103180704,0.4949684143066407,2.655951744911202,2.8120821034796446,121.98590768272496,128.85173880165004,124.12427759170532,119.40298652648926,2.893623076145996,2.822494539713859,8.0,8.0,0.5358620211127049,0.0,2.8729120300464377,2.9428222189720548,124.5811767578125,118.86712450537655,0.9718826408815817,0.023226808025511258,certain_temperate,462.3199407404119,583.3982238119298,POINT (557775.787365779 8639281.187867822),ragna_mariebreen
ragna_mariebreen-20240412-DAT_0405_A1_1,2755.0,3567,124.42887115478516,557779.4778656644,8639284.253440112,587.2683715820312,2024-04-12 16:29:21+00:00,0,2024-04-29,25 MHz,20240412,120.9259774684906,124.27656555175781,126.10416412353516,1.0845528311623283,0.6774022384643554,10,2.5446527446277716,0.3299954732259115,2.653870455724575,2.7857511458623625,121.71060479541502,128.67012487987793,123.97197198867798,119.25068092346191,2.911389721208194,2.9353940880060194,8.0,8.0,0.5358620211127049,0.0,2.9839045825179604,2.9602936027407343,124.42887115478516,118.71481890234921,0.9718482241799247,0.023398024061365364,certain_temperate,462.8395004272461,583.7654778957367,POINT (557779.4778656644 8639284.253440112),ragna_mariebreen
ragna_mariebreen-20240412-DAT_0405_A1_1,2760.0,3573,124.27656555175781,557783.295678918,8639287.39205438,587.6515808105469,2024-04-12 16:29:22.249999872+00:00,0,2024-04-29,25 MHz,20240412,120.77367186546326,123.97196960449219,125.79956817626953,1.047932868755739,0.7903007263183593,10,2.5416738378745887,0.16499773661295575,2.666815589657985,2.7541774540944473,121.42494582148122,128.34659195928052,123.81966638565063,119.09837532043457,2.911389721208194,2.9353940880060194,8.0,8.0,0.5358620211127049,0.0,2.9839045825179604,2.9602936027407343,124.27656555175781,118.56251329932186,0.9718137231203441,0.02342669921945726,certain_temperate,463.37501525878906,584.1486871242523,POINT (557783.295678918 8639287.39205438),ragna_mariebreen
ragna_mariebreen-20240412-DAT_0405_A1_1,2765.0,3579,124.27656555175781,557787.3237457756,8639290.576721469,588.0394897460938,2024-04-12 16:29:23.600000+00:00,0,2024-04-29,25 MHz,20240412,120.77367186546326,123.81967163085938,125.64726257324219,0.9907908285867727,1.128984878540039,10,2.5416738378745887,0.16499773661295575,2.7860253062733666,2.7329465083011053,121.2726478478484,128.19428635625317,123.81966638565063,119.09837532043457,2.911389721208194,2.9353940880060194,8.0,8.0,0.5358620211127049,0.0,2.9839045825179604,2.9602936027407343,124.27656555175781,118.56251329932186,0.9718137231203441,0.02342669921945726,certain_temperate,463.76292419433594,584.5365960597992,POINT (557787.3237457756 8639290.576721469),ragna_mariebreen
ragna_mariebreen-20240412-DAT_0405_A1_1,2770.0,3585,124.42887115478516,557790.865875787,8639293.311165445,588.4061112837358,2024-04-12 16:29:24.727272704+00:00,0,2024-04-29,25 MHz,20240412,120.9259774684906,123.6673812866211,125.3426742553711,0.9617546825739681,1.354798821258545,10,2.5446527446277716,0.16498120625813803,2.887551945029489,2.7253345590244504,121.11738591620175,127.89266962579043,123.97197198867798,119.25068092346191,2.911389721208194,2.9353940880060194,8.0,8.0,0.5358620211127049,0.0,2.9839045825179604,2.9602936027407343,124.42887115478516,118.71481890234921,0.9718482241799247,0.023398024061365364,certain_temperate,463.9772401289506,584.9032175974412,POINT (557790.865875787 8639293.311165445),ragna_mariebreen
ragna_mariebreen-20240412-DAT_0405_A1_1,2775.0,3592,124.12427520751953,557794.9607250092,8639296.444492022,588.8428344726562,2024-04-12 16:29:26+00:00,0,2024-04-29,25 MHz,20240412,120.62138152122498,123.51507568359375,124.8857650756836,0.9557081208932825,1.128996189880371,10,2.5386953890368216,0.6599661509195963,2.8557244256827095,2.791757083096202,120.89199932201439,127.50884143726296,123.66737604141235,118.94608497619629,2.911389721208194,2.9353940880060194,8.0,8.0,0.5358620211127049,0.0,2.9839045825179604,2.9602936027407343,124.12427520751953,118.41022295508358,0.9717791408615424,0.023455441865346094,certain_temperate,464.7185592651367,585.3399407863617,POINT (557794.9607250092 8639296.444492022),ragna_mariebreen
ragna_mariebreen-20240412-DAT_0405_A1_1,2780.0,3598,123.81967163085938,557799.0287139344,8639299.51916735,589.2997680664063,2024-04-12 16:29:27.200000+00:00,0,2024-04-29,25 MHz,20240412,120.31677794456482,123.2104721069336,124.73346710205078,1.026563868765938,1.241894677734375,10,2.532738524425594,0.6599661509195963,2.897002268562131,2.8114325761299797,120.59316055622566,127.35077865275872,123.3627724647522,118.64148139953613,2.911389721208194,2.9353940880060194,8.0,8.0,0.5358620211127049,0.0,2.9839045825179604,2.9602936027407343,123.81967163085938,118.10561937842343,0.9717097159105893,0.02351314361330121,certain_temperate,465.4800964355469,585.7968743801117,POINT (557799.0287139344 8639299.51916735),ragna_mariebreen
ragna_mariebreen-20240412-DAT_0405_A1_1,2785.0,3604,123.51507568359375,557803.0496130892,8639302.591881257,589.7466918945313,2024-04-12 16:29:28.400000+00:00,0,2024-04-29,25 MHz,20240412,120.0121819972992,123.05817413330078,123.97196960449219,1.0625866822737773,1.129001845550537,10,2.5267824537244112,0.8249556223551433,2.887875778935347,2.862563851628556,120.40013324811768,126.63001048967529,123.05817651748657,118.33688545227051,2.911389721208194,2.9353940880060194,8.0,8.0,0.5358620211127049,0.0,2.9839045825179604,2.9602936027407343,123.51507568359375,117.8010234311578,0.9716399502902151,0.023571128504719912,certain_temperate,466.23161621093755,586.2437982082367,POINT (557803.0496130892 8639302.591881257),ragna_mariebreen
ragna_mariebreen-20240412-DAT_0405_A1_1,2790.0,3610,123.05817413330078,557806.9292778511,8639305.658689937,590.1642822265625,2024-04-12 16:29:29.600000+00:00,0,2024-04-29,25 MHz,20240412,119.55528044700623,122.60127258300781,123.51507568359375,1.1261712894760432,1.128996189880371,10,2.5178494173418535,0.8249556223551433,2.8800607396422158,2.878954539499401,119.9517221556213,126.16462611098027,122.6012749671936,117.87998390197754,2.911389721208194,2.9353940880060194,8.0,8.0,0.5358620211127049,0.0,2.9839045825179604,2.9602936027407343,123.05817413330078,117.34412188086483,0.9715346525253974,0.02365864552853253,certain_temperate,467.1061080932617,586.6613885402679,POINT (557806.9292778511 8639305.658689937),ragna_mariebreen
ragna_mariebreen-20240412-DAT_0405_A1_1,2795.0,3616,122.75357818603516,557810.8308470037,8639308.577492243,590.568896484375,2024-04-12 16:29:30.800000+00:00,0,2024-04-29,25 MHz,20240412,119.2506844997406,122.14437866210938,123.05817413330078,1.1797099147847654,1.129001845550537,10,2.511894978495323,0.6599744160970052,2.831930045066283,2.8525248633331977,119.54722972281218,125.65532307259798,122.29667901992798,117.57538795471191,2.911389721208194,2.9353940880060194,8.0,8.0,0.5358620211127049,0.16499127944310507,2.988462594690447,2.964887913011214,122.75357818603516,117.01470067291994,0.9714640197209905,0.02371735116996698,certain_temperate,467.8153182983399,587.0660027980805,POINT (557810.8308470037 8639308.577492243),ragna_mariebreen
ragna_mariebreen-20240412-DAT_0405_A1_1,2800.0,3622,122.44896697998047,557814.782610164,8639311.517030155,590.9858093261719,2024-04-12 16:29:32+00:00,0,2024-04-29,25 MHz,20240412,118.79377365112305,121.68746948242188,122.75357818603516,1.2904097028648824,1.3547875099182127,10,2.5059409022931365,0.989953358968099,3.0158243741551582,2.9874578925845623,118.99307762919823,125.4479700392588,121.99206781387329,117.27077674865723,2.9084717505715796,2.8224943629741666,8.0,8.0,0.5362687528735285,0.16499127944310507,2.877721447017023,2.9620962545929714,122.44896697998047,116.70970073099045,0.9701492514064654,0.023752521742768918,certain_temperate,468.5368423461914,587.3306159973145,POINT (557814.782610164 8639311.517030155),ragna_mariebreen
ragna_mariebreen-20240412-DAT_0405_A1_1,2805.0,3628,121.83977508544922,557818.7579024205,8639314.45755928,591.4111450195312,2024-04-12 16:29:33.200000+00:00,0,2024-04-29,25 MHz,20240412,118.1845817565918,121.23057556152344,122.29667663574219,1.3720133025120338,1.128996189880371,10,2.494035348015168,1.319924036661784,3.0392505945497605,3.1376475713465104,118.40880098163463,125.118451215631,121.38287591934204,116.66158485412598,2.908471750571579,2.8224943629741666,8.0,8.0,0.5362687528735285,0.0,2.8729877487259627,2.957497607637483,121.83977508544922,116.12531610125245,0.9699999993738174,0.023871282990565245,certain_temperate,469.571369934082,587.7559516906738,POINT (557818.7579024205 8639314.45755928),ragna_mariebreen
ragna_mariebreen-20240412-DAT_0405_A1_1,2810.0,3634,121.23057556152344,557822.816326855,8639317.38297255,591.8573608398438,2024-04-12 16:29:34.400000+00:00,0,2024-04-29,25 MHz,20240412,117.57538223266602,120.77367401123047,121.83977508544922,1.4657383544445268,0.9031992141723633,10,2.4821323454625257,1.1549428304036458,2.882818541353871,3.1053603406982955,118.03599727321115,124.57745182346854,120.77367639541626,116.0523853302002,2.9084717505715796,2.8224943629741666,8.0,8.0,0.5362687528735285,0.0,2.8729877487259627,2.9574976076374835,121.23057556152344,115.51611657732667,0.9698492454405412,0.02399123931483404,certain_temperate,470.6267852783203,588.2021675109863,POINT (557822.816326855 8639317.38297255),ragna_mariebreen
ragna_mariebreen-20240412-DAT_0405_A1_1,2815.0,3640,120.77367401123047,557826.8653314555,8639320.345237285,592.2796752929687,2024-04-12 16:29:35.600000+00:00,0,2024-04-29,25 MHz,20240412,117.11848068237305,120.46908569335938,121.38288116455078,1.5615141659753653,0.6773965827941895,10,2.473206852179653,0.8249473571777344,2.693725376901692,3.0390157561823625,117.86192434894993,123.99004250896023,120.31677484512329,115.59548377990723,2.9084717505715796,2.8224943629741666,8.0,8.0,0.5362687528735285,0.0,2.8729877487259627,2.9574976076374835,120.77367401123047,115.0592150270337,0.9697351814558731,0.024082001101507662,certain_temperate,471.50600128173824,588.6244819641113,POINT (557826.8653314555 8639320.345237285),ragna_mariebreen
ragna_mariebreen-20240412-DAT_0405_A1_1,2820.0,3645,120.46908569335938,557830.8020661406,8639323.079404319,592.6534576416016,2024-04-12 16:29:36.750000128+00:00,0,2024-04-29,25 MHz,20240412,116.81389236450195,120.16448211669922,121.07827758789062,1.6419683629126058,0.7903007263183593,10,2.467257636145359,0.8249556223551433,2.7189128820159487,3.076356956983186,117.56296101896179,123.67979868562806,120.0121865272522,115.29089546203613,2.9269974807762513,2.935394264745712,8.0,8.0,0.5362687528735285,0.0,2.9839778257906926,2.9757181364805123,120.46908569335938,114.75462670916261,0.9696586613252689,0.02429666884188527,certain_temperate,472.1843719482422,588.9982643127441,POINT (557830.8020661406 8639323.079404319),ragna_mariebreen
ragna_mariebreen-20240412-DAT_0405_A1_1,2825.0,3651,120.01217651367188,557835.0511458486,8639326.236250823,593.0615234375,2024-04-12 16:29:38+00:00,0,2024-04-29,25 MHz,20240412,116.35698318481445,119.70758819580078,120.77367401123047,1.7107651467908072,0.7902894149780273,10,2.4583345998092883,0.8249556223551433,2.7108150329561713,3.106554066960533,117.11452807627504,123.36673413075621,119.5552773475647,114.83398628234863,2.9269974807762513,2.935394264745712,8.0,8.0,0.5362687528735285,0.0,2.9839778257906926,2.9757181364805123,120.01217651367188,114.29771752947511,0.969543146078673,0.024389170880863124,certain_temperate,473.0493469238281,589.4063301086426,POINT (557835.0511458486 8639326.236250823),ragna_mariebreen
ragna_mariebreen-20240412-DAT_0405_A1_1,2830.0,3657,119.70758819580078,557839.1581840101,8639329.312688459,593.4819702148437,2024-04-12 16:29:39.200000+00:00,0,2024-04-29,25 MHz,20240412,116.05239486694336,119.4029769897461,120.62138366699219,1.7839930623573816,0.9032048698425292,10,2.452387136783703,0.6599661509195963,2.6954660127571737,3.1036090661616944,116.86333961621779,123.1610210405205,119.2506890296936,114.52939796447754,2.9269974807762513,2.935394264745712,8.0,8.0,0.5362687528735285,0.0,2.9839778257906926,2.9757181364805123,119.70758819580078,113.99312921160401,0.9694656505577677,0.02445122756953955,certain_temperate,473.77438201904295,589.8267768859863,POINT (557839.1581840101 8639329.312688459),ragna_mariebreen
ragna_mariebreen-20240412-DAT_0405_A1_1,2835.0,3663,119.4029769897461,557843.1945974266,8639332.386178449,593.9084838867187,2024-04-12 16:29:40.400000+00:00,0,2024-04-29,25 MHz,20240412,115.74778366088867,119.09838104248047,120.31678009033203,1.8483495967503174,1.016097702026367,10,2.4464399370525194,0.8249638875325522,2.774542903146682,3.1752212542034637,116.51659217014053,122.89856896267197,118.94607782363892,114.22478675842285,2.9269974807762513,2.935394264745712,8.0,8.0,0.5362687528735285,0.0,2.9839778257906926,2.9757181364805123,119.4029769897461,113.68851800554933,0.9693877537980371,0.024513605561338823,certain_temperate,474.50550689697263,590.2532905578613,POINT (557843.1945974266 8639332.386178449),ragna_mariebreen
ragna_mariebreen-20240412-DAT_0405_A1_1,2840.0,3669,118.94608306884766,557846.9127228947,8639335.314324273,594.2993774414062,2024-04-12 16:29:41.545454592+00:00,0,2024-04-29,25 MHz,20240412,115.29088973999023,118.94608306884766,120.01217651367188,1.8422725871353605,1.016097702026367,10,2.437520927288314,0.6599496205647788,2.7220389991172684,3.12586149052745,116.4208025353916,122.53745704712793,118.48918390274048,113.76789283752441,2.9269974807762513,2.935394264745712,8.0,8.0,0.5362687528735285,0.0,2.9839778257906926,2.9757181364805123,118.94608306884766,113.23162408465089,0.9692701664943288,0.024607766857543886,certain_temperate,475.3532943725586,590.6441841125488,POINT (557846.9127228947 8639335.314324273),ragna_mariebreen
ragna_mariebreen-20240412-DAT_0405_A1_1,2845.0,3676,118.79379272460938,557850.9524339185,8639338.56398881,594.7103881835938,2024-04-12 16:29:42.818181632+00:00,0,2024-04-29,25 MHz,20240412,115.13859939575195,118.48917388916016,119.85987854003906,1.8197554308644948,1.0161146690368652,10,2.4345484336851837,0.4949849446614583,2.6841246603003346,3.0795366533881863,116.00481558742499,122.34423684177423,118.3368935585022,113.61560249328613,2.9269974807762513,2.935394264745712,8.0,8.0,0.5362687528735285,0.0,2.9839778257906926,2.9757181364805123,118.79379272460938,113.07933374041261,0.9692307717009172,0.024639313331477574,certain_temperate,475.9165954589844,591.0551948547363,POINT (557850.9524339185 8639338.56398881),ragna_mariebreen
ragna_mariebreen-20240412-DAT_0405_A1_1,2850.0,3682,118.48917388916016,557854.8016410625,8639341.585658804,595.0845947265625,2024-04-12 16:29:44+00:00,0,2024-04-29,25 MHz,20240412,114.83398056030273,118.18458557128906,119.55528259277344,1.7821907451391263,0.7902950706481933,10,2.4286032470484455,0.6599744160970052,2.6378487940304063,3.0838099509432144,115.66790522577897,122.07196293828353,118.03227472305298,113.31098365783691,2.9269974807762513,2.935394264745712,8.0,8.0,0.5362687528735285,0.0,2.9839778257906926,2.9757181364805123,118.48917388916016,112.77471490496339,0.9691516683855299,0.02470265750619791,certain_temperate,476.59542083740234,591.4294013977051,POINT (557854.8016410625 8639341.585658804),ragna_mariebreen
ragna_mariebreen-20240412-DAT_0405_A1_1,2855.0,3688,118.18458557128906,557858.8050433466,8639344.695046386,595.4793090820312,2024-04-12 16:29:45.200000+00:00,0,2024-04-29,25 MHz,20240412,114.52939224243164,118.03227996826172,119.25067901611328,1.7888271145541415,0.7902950706481933,10,2.4226593872566853,0.4949684143066407,2.595927298002585,3.05191328244894,115.55957451919906,121.72338446517594,117.72768640518188,113.00639533996582,2.9269974807762513,2.935394264745712,8.0,8.0,0.5362687528735285,0.0,2.9839778257906926,2.9757181364805123,118.18458557128906,112.4701265870923,0.9690721652812109,0.02476632182299851,certain_temperate,477.2947235107422,591.8241157531738,POINT (557858.8050433466 8639344.695046386),ragna_mariebreen
ragna_mariebreen-20240412-DAT_0405_A1_1,2860.0,3694,118.03227996826172,557862.9889160268,8639347.998186707,595.9018188476563,2024-04-12 16:29:46.400000+00:00,0,2024-04-29,25 MHz,20240412,114.3770866394043,117.87998962402344,119.09838104248047,1.752807784122561,1.016097702026367,10,2.4196875099488455,0.32997894287109375,2.6450384285684834,3.006012121835408,115.43790572936692,121.54046493713699,117.57538080215454,112.85408973693848,2.9269974807762513,2.935394264745712,8.0,8.0,0.5362687528735285,0.0,2.9839778257906926,2.9757181364805123,118.03227996826172,112.31782098406495,0.9690322568551561,0.02479827960252319,certain_temperate,477.86953887939455,592.2466255187989,POINT (557862.9889160268 8639347.998186707),ragna_mariebreen
ragna_mariebreen-20240412-DAT_0405_A1_1,2865.0,3700,117.87998962402344,557867.0874165415,8639351.104821619,596.3003429066051,2024-04-12 16:29:47.545454592+00:00,0,2024-04-29,25 MHz,20240412,114.22479629516602,117.72767639160156,118.79379272460938,1.6625560584174697,1.128996189880371,10,2.4167161152075662,0.16498120625813803,2.6725209029466424,2.9379973157412813,115.30533546185563,121.2161336543553,117.42309045791626,112.54949951171875,2.9362517805096413,3.0482941665172576,8.0,8.0,0.5362687528735285,0.0,3.095106056491711,2.984821383911367,117.87998962402344,112.01323075884522,0.9689922493163122,0.02490882286191893,certain_temperate,478.4203532825817,592.6451495777477,POINT (557867.0874165415 8639351.104821619),ragna_mariebreen
ragna_mariebreen-20240412-DAT_0405_A1_1,2870.0,3706,117.87998962402344,557871.0377949761,8639354.012312377,596.6736117276279,2024-04-12 16:29:48.636363776+00:00,0,2024-04-29,25 MHz,20240412,114.22479629516602,117.57537841796875,118.48917388916016,1.5588745956668333,1.016092046356201,10,2.4167161152075662,0.1650060017903646,2.6268206655192747,2.8805960784438738,115.1530357993182,120.9115165078107,117.42309045791626,112.54949951171875,2.9554442805693455,3.1611937148094174,8.0,8.0,0.5362687528735285,0.0,3.2063577276809108,3.003703559084782,117.87998962402344,112.01323075884522,0.9689922493163122,0.025071636755277068,certain_temperate,478.79362210360443,593.0184183987705,POINT (557871.0377949761 8639354.012312377),ragna_mariebreen
ragna_mariebreen-20240412-DAT_0405_A1_1,2875.0,3711,117.72767639160156,557875.0086951888,8639357.047608672,597.0240325927734,2024-04-12 16:29:49.750000128+00:00,0,2024-04-29,25 MHz,20240412,114.07248306274414,117.42308807373047,118.33688354492188,1.5149371672965704,1.016097702026367,10,2.413744459429428,0.3299954732259115,2.6396048696422576,2.8688140317267714,114.98689035437847,120.77308126427387,117.27077722549438,112.39718627929688,2.9554442805693455,3.1611937148094174,8.0,8.0,0.5362687528735285,0.0,3.2063577276809108,3.003703559084782,117.72767639160156,111.86091752642335,0.9689521322352526,0.025104073835098478,certain_temperate,479.2963562011719,593.368839263916,POINT (557875.0086951888 8639357.047608672),ragna_mariebreen
ragna_mariebreen-20240412-DAT_0405_A1_1,2880.0,3716,117.57537841796875,557878.6051511768,8639359.786261654,597.334619140625,2024-04-12 16:29:50.800000+00:00,0,2024-04-29,25 MHz,20240412,113.92018508911133,117.27079010009766,118.18458557128906,1.4808688620480024,1.016103357696533,10,2.410773287568,0.4949601491292318,2.662570079227892,2.872244066903229,114.80973069543522,120.6456449759515,117.11847925186157,112.24488830566406,2.9665651304297493,3.1611937148094174,8.0,8.0,0.5362687528735285,0.0,3.2063577276809108,3.0146463886151236,117.57537841796875,111.70861955279054,0.9689119152492661,0.02523117654687792,certain_temperate,479.7592407226563,593.6794258117676,POINT (557878.6051511768 8639359.786261654),ragna_mariebreen
ragna_mariebreen-20240412-DAT_0405_A1_1,2885.0,3722,117.27079010009766,557882.594318424,8639362.857891293,597.6842041015625,2024-04-12 16:29:52+00:00,0,2024-04-29,25 MHz,20240412,113.61559677124023,116.9661865234375,117.87998962402344,1.4301403197716398,0.9032048698425292,10,2.4048316540416015,0.4949684143066407,2.616101689986258,2.8413923258990867,114.51094539160509,120.33523075585585,116.81389093399048,111.94029998779297,2.9665651304297493,3.1611937148094174,8.0,8.0,0.5362687528735285,0.0,3.2063577276809108,3.0146463886151236,117.27079010009766,111.40403123491944,0.9688311699295494,0.025296709674230113,certain_temperate,480.41341400146484,594.0290107727051,POINT (557882.594318424 8639362.857891293),ragna_mariebreen
ragna_mariebreen-20240412-DAT_0405_A1_1,2890.0,3728,117.11848449707031,557886.4484313614,8639366.099882208,598.0607299804688,2024-04-12 16:29:53.181818368+00:00,0,2024-04-29,25 MHz,20240412,113.46329116821289,116.81388092041016,117.72767639160156,1.358896381118072,0.6774078941345214,10,2.4018608961295405,0.3299872080485026,2.517282021718586,2.7792852851853187,114.38945782989319,120.15209948211853,116.66158533096313,111.78799438476562,2.9665651304297493,3.1611937148094174,8.0,8.0,0.5362687528735285,0.0,3.2063577276809108,3.0146463886151236,117.11848449707031,111.2517256318921,0.9687906367252485,0.025329606536224923,certain_temperate,480.94224548339844,594.4055366516113,POINT (557886.4484313614 8639366.099882208),ragna_mariebreen
ragna_mariebreen-20240412-DAT_0405_A1_1,2895.0,3735,116.9661865234375,557890.5778723081,8639369.590383746,598.4508056640625,2024-04-12 16:29:54.454545408+00:00,0,2024-04-29,25 MHz,20240412,113.31099319458008,116.50929260253906,117.27079010009766,1.2927053731316227,0.6773965827941895,10,2.3988904760189094,0.4949766794840495,2.541366474861217,2.7696145238806524,114.0598687051364,119.72021399750032,116.50928735733032,111.63569641113281,2.9665651304297493,3.1611937148094174,8.0,8.0,0.5362687528735285,0.0,3.2063577276809108,3.0146463886151236,116.9661865234375,111.09942765825929,0.96875,0.02536258741611033,certain_temperate,481.484619140625,594.7956123352051,POINT (557890.5778723081 8639369.590383746),ragna_mariebreen
ragna_mariebreen-20240412-DAT_0405_A1_1,2900.0,3741,116.66158294677734,557894.4237998646,8639372.737274442,598.7990356445313,2024-04-12 16:29:55.600000+00:00,0,2024-04-29,25 MHz,20240412,113.00638961791992,116.35698699951172,116.81388092041016,1.2252558186432034,0.5644980949401855,10,2.392950056783284,0.4949684143066407,2.507959689590615,2.7335792519221718,113.91338234543603,119.25748557448584,116.20468378067017,111.33109283447266,2.9665651304297493,3.1611937148094174,8.0,8.0,0.5362687528735285,0.0,3.2063577276809108,3.0146463886151236,116.66158294677734,110.79482408159913,0.968668406200823,0.02542880917176598,certain_temperate,482.13745269775393,595.1438423156739,POINT (557894.4237998646 8639372.737274442),ragna_mariebreen
ragna_mariebreen-20240412-DAT_0405_A1_1,2905.0,3746,116.50929260253906,557897.9499946525,8639375.603351304,599.108447265625,2024-04-12 16:29:56.600000+00:00,0,2024-04-29,25 MHz,20240412,112.85409927368164,116.20468139648438,116.66158294677734,1.2277736804950994,0.5645037506103515,10,2.3899803566342603,0.6599661509195963,2.54287748621722,2.7667651935019237,113.72525375578637,119.14101058747535,116.05239343643188,111.17880249023438,2.986672497797571,3.274093616580963,8.0,8.0,0.5362687528735285,0.0,3.317721083129915,3.03443516727725,116.50929260253906,110.64253373736085,0.9686274523927737,0.025634629059042825,certain_temperate,482.599154663086,595.4532539367676,POINT (557897.9499946525 8639375.603351304),ragna_mariebreen
ragna_mariebreen-20240412-DAT_0405_A1_1,2910.0,3752,116.05238342285156,557902.296908702,8639379.136864878,599.4846923828125,2024-04-12 16:29:57.800000+00:00,0,2024-04-29,25 MHz,20240412,112.39719009399414,115.90008544921875,116.35698699951172,1.1937198123750985,0.5645037506103515,10,2.3810716661305724,0.6599744160970052,2.53450843234059,2.7440910151832143,113.4292417655446,118.82783068318587,115.59548425674438,110.72189331054688,2.986672497797571,3.274093616580963,8.0,8.0,0.5362687528735285,0.0,3.317721083129915,3.03443516727725,116.05238342285156,110.18562455767335,0.9685039357137607,0.025735555011526575,certain_temperate,483.4323089599609,595.829499053955,POINT (557902.296908702 8639379.136864878),ragna_mariebreen
ragna_mariebreen-20240412-DAT_0405_A1_1,2915.0,3757,115.90008544921875,557905.9768489206,8639382.083885293,599.8197143554687,2024-04-12 16:29:58.800000+00:00,0,2024-04-29,25 MHz,20240412,112.24489212036133,115.74778747558594,116.20468139648438,1.1906889952178072,0.6774022384643554,10,2.3781025887994156,0.4949684143066407,2.521753248573744,2.7051997961977787,113.3187206477659,118.63374822430441,115.44318628311157,110.56959533691406,2.9866724977975716,3.274093616580963,8.0,8.0,0.5362687528735285,0.0,3.317721083129915,3.0344351672772505,115.90008544921875,110.03332658404054,0.9684625484555063,0.02576937269909238,certain_temperate,483.91962890624995,596.1645210266113,POINT (557905.9768489206 8639382.083885293),ragna_mariebreen
ragna_mariebreen-20240412-DAT_0405_A1_1,2920.0,3762,115.59548950195312,557909.7838257812,8639384.93696795,600.1483968098959,2024-04-12 16:29:59.800000+00:00,0,2024-04-29,25 MHz,20240412,111.9402961730957,115.44319152832031,115.90008544921875,1.164869030798107,0.5644924392700195,10,2.3721650189812813,0.6599744160970052,2.5261403011658046,2.723903993552924,112.98092974142985,118.36234723610922,115.13859033584595,110.26499938964844,2.986672497797571,3.274093616580963,8.0,8.0,0.5362687528735285,0.0,3.317721083129915,3.03443516727725,115.59548950195312,109.72873063677491,0.9683794467707526,0.025837275404652426,certain_temperate,484.55290730794275,596.4932034810384,POINT (557909.7838257812 8639384.93696795),ragna_mariebreen
ragna_mariebreen-20240412-DAT_0405_A1_1,2925.0,3767,115.29087829589844,557913.6206013574,8639387.766483359,600.47412109375,2024-04-12 16:30:00.800000+00:00,0,2024-04-29,25 MHz,20240412,111.63568496704102,115.13858795166016,115.74778747558594,1.1727002088564797,0.6774022384643554,10,2.3662279364625607,0.6599661509195963,2.5482275723200263,2.722097674130656,112.68204770821706,118.20432771902904,114.83397912979126,109.96038818359375,2.986672497797571,3.274093616580963,8.0,8.0,0.5362687528735285,0.0,3.317721083129915,3.03443516727725,115.29087829589844,109.42411943072022,0.9682959017843873,0.025905540333660763,certain_temperate,485.18324279785156,596.8189277648926,POINT (557913.6206013574 8639387.766483359),ragna_mariebreen
ragna_mariebreen-20240412-DAT_0405_A1_1,2930.0,3773,114.98628997802734,557918.2247320489,8639391.161901848,600.864990234375,2024-04-12 16:30:02+00:00,0,2024-04-29,25 MHz,20240412,111.33109664916992,114.833984375,115.44319152832031,1.1647588698185165,0.6774022384643554,10,2.3602920906456464,0.4949684143066407,2.5049643264929236,2.6781776843866303,112.42235163257722,117.8548242707431,114.52939081192017,109.65579986572266,2.986672497797571,3.274093616580963,8.0,8.0,0.5362687528735285,0.0,3.317721083129915,3.03443516727725,114.98628997802734,109.11953111284913,0.9682119204858606,0.025974161775010676,certain_temperate,485.87870025634766,597.2097969055176,POINT (557918.2247320489 8639391.161901848),ragna_mariebreen
ragna_mariebreen-20240412-DAT_0405_A1_1,2935.0,3777,114.833984375,557921.95947893,8639393.925098604,601.1746215820312,2024-04-12 16:30:03+00:00,0,2024-04-29,25 MHz,20240412,111.17879104614258,114.52938079833984,115.29087829589844,1.1465830739755594,0.7903063819885253,10,2.3573242430720254,0.49498494466145837,2.5350684132441867,2.667703212117841,112.12064924783103,117.69960984640726,114.37708520889282,109.50349426269531,2.9866724977975716,3.274093616580963,8.0,8.0,0.5362687528735285,0.0,3.317721083129915,3.0344351672772505,114.833984375,108.96722550982179,0.9681697595990305,0.02600861159745483,certain_temperate,486.34063720703125,597.5194282531738,POINT (557921.95947893 8639393.925098604),ragna_mariebreen
ragna_mariebreen-20240412-DAT_0405_A1_1,2940.0,3783,114.52938079833984,557926.1414267954,8639396.986342765,601.5420349121093,2024-04-12 16:30:04.200000+00:00,0,2024-04-29,25 MHz,20240412,110.87418746948242,114.37708282470703,115.13858795166016,1.0483060469502725,0.7903063819885253,10,2.351389297079591,0.4949766794840495,2.5295489157289093,2.6216367230655764,111.97416094922845,117.54150982713874,114.07248163223267,109.19889068603516,2.9866724977975716,3.274093616580963,8.0,8.0,0.5362687528735285,0.0,3.317721083129915,3.0344351672772505,114.52938079833984,108.66262193316163,0.9680851035482905,0.02607778438142804,certain_temperate,487.0126541137695,597.8868415832519,POINT (557926.1414267954 8639396.986342765),ragna_mariebreen
ragna_mariebreen-20240412-DAT_0405_A1_1,2945.0,3789,114.37708282470703,557930.1899731511,8639399.948912794,601.9103332519531,2024-04-12 16:30:05.400000+00:00,0,2024-04-29,25 MHz,20240412,110.72188949584961,114.22479248046875,114.98628997802734,1.0349413234661726,0.7903007263183593,10,2.348422200158216,0.16498947143554688,2.483321081515611,2.571655478266568,111.87058170913146,117.34050074936464,113.92018365859985,109.04659271240234,2.9722145442539776,3.3869938718318937,8.0,8.0,0.5362687528735285,0.0,3.429185276874863,3.0202058658944773,114.37708282470703,108.51032395952882,0.9680426074997968,0.025986102030676535,certain_temperate,487.5332504272461,598.2551399230957,POINT (557930.1899731511 8639399.948912794),ragna_mariebreen
ragna_mariebreen-20240412-DAT_0405_A1_1,2950.0,3795,114.37708282470703,557933.9089863311,8639402.711480983,602.2477416992188,2024-04-12 16:30:06.500000+00:00,0,2024-04-29,25 MHz,20240412,110.72188949584961,113.9201889038086,114.833984375,0.9968865028676329,0.7903007263183593,10,2.348422200158216,0.4949684143066407,2.5267876442978965,2.5988195899209403,111.5201721202512,117.23400115855739,113.92018365859985,109.04659271240234,2.9722145442539776,3.3869938718318937,8.0,8.0,0.5362687528735285,0.0,3.429185276874863,3.0202058658944773,114.37708282470703,108.51032395952882,0.9680426074997968,0.025986102030676535,certain_temperate,487.8706588745117,598.5925483703613,POINT (557933.9089863311 8639402.711480983),ragna_mariebreen
ragna_mariebreen-20240412-DAT_0405_A1_1,2955.0,3801,113.9201889038086,557937.7033263369,8639405.644779403,602.5897827148438,2024-04-12 16:30:07.600000+00:00,0,2024-04-29,25 MHz,20240412,110.26499557495117,113.61558532714844,114.68169403076172,0.9686984245628977,0.9032048698425292,10,2.339522125552946,0.8249556223551433,2.640017915036638,2.6631357818477404,111.13487664719283,117.16240271071733,113.46328973770142,108.5896987915039,2.972214544253978,3.3869938718318937,8.0,8.0,0.5362687528735285,0.0,3.429185276874863,3.0202058658944777,113.9201889038086,108.05343003863038,0.9679144376073342,0.0260903231714586,certain_temperate,488.66959381103516,598.9345893859863,POINT (557937.7033263369 8639405.644779403),ragna_mariebreen
ragna_mariebreen-20240412-DAT_0405_A1_1,2960.0,3807,113.61558532714844,557941.9904074322,8639409.10144538,602.9907348632812,2024-04-12 16:30:08.800000+00:00,0,2024-04-29,25 MHz,20240412,109.96039199829102,113.15869140625,114.37708282470703,1.016473204126251,0.9031879028320312,10,2.333589615097783,0.4949766794840495,2.550762786451809,2.5930407207816772,110.77318466659797,116.76258956435906,113.15868616104126,108.28509521484375,2.9722145442539776,3.3869938718318937,8.0,8.0,0.5362687528735285,0.0,3.429185276874863,3.0202058658944773,113.61558532714844,107.74882646197022,0.9678284161602254,0.02616027137206296,certain_temperate,489.37514953613277,599.3355415344238,POINT (557941.9904074322 8639409.10144538),ragna_mariebreen
ragna_mariebreen-20240412-DAT_0405_A1_1,2965.0,3812,113.46328735351562,557945.5619487154,8639412.192965608,603.3608032226563,2024-04-12 16:30:09.800000+00:00,0,2024-04-29,25 MHz,20240412,109.8080940246582,112.70178985595703,114.0724868774414,1.0533292590097691,0.7903007263183593,10,2.3306237428694025,0.32997067769368493,2.482994747675383,2.578796270908247,110.34792331790433,116.4263534154941,113.00638818740845,108.13279724121094,2.9722145442539776,3.3869938718318937,8.0,8.0,0.5362687528735285,0.0,3.429185276874863,3.0202058658944773,113.46328735351562,107.59652848833741,0.9677852333198403,0.026195385428887667,certain_temperate,489.89751586914065,599.7056098937989,POINT (557945.5619487154 8639412.192965608),ragna_mariebreen
ragna_mariebreen-20240412-DAT_0405_A1_1,2970.0,3817,113.31099700927734,557949.1240791444,8639415.321327617,603.7374206542969,2024-04-12 16:30:10.800000+00:00,0,2024-04-29,25 MHz,20240412,109.65580368041992,112.3971939086914,113.9201889038086,1.1140902044791288,1.016097702026367,10,2.327658226049216,0.8249556223551433,2.670393067736135,2.709195744103089,109.92767075711944,116.38971205538056,112.85409784317017,107.98050689697266,2.9722145442539776,3.3869938718318937,8.0,8.0,0.5362687528735285,0.0,3.429185276874863,3.0202058658944773,113.31099700927734,107.44423814409913,0.9677419365698622,0.02623059211111369,certain_temperate,490.42642364501955,600.0822273254395,POINT (557949.1240791444 8639415.321327617),ragna_mariebreen
ragna_mariebreen-20240412-DAT_0405_A1_1,2975.0,3824,112.70178985595703,557953.0926296166,8639418.876349904,604.1998291015625,2024-04-12 16:30:12+00:00,0,2024-04-29,25 MHz,20240412,109.04659652709961,111.78799438476562,113.31099700927734,1.1324485207953254,1.354798821258545,10,2.315797351819567,1.4849300384521484,3.066498726540672,2.9749578561794014,109.0370064542592,116.06198493978377,112.24489068984985,107.37129974365234,2.9722145442539776,3.3869938718318937,8.0,8.0,0.5362687528735285,0.0,3.429185276874863,3.0202058658944773,112.70178985595703,106.83503099077882,0.9675675662868435,0.026372381024762196,certain_temperate,491.49803924560547,600.5446357727051,POINT (557953.0926296166 8639418.876349904),ragna_mariebreen
ragna_mariebreen-20240412-DAT_0405_A1_1,2980.0,3830,111.94029235839844,557956.8587545399,8639422.385647593,604.6463989257812,2024-04-12 16:30:13.200000+00:00,0,2024-04-29,25 MHz,20240412,108.28509902954102,111.17879486083984,112.70178985595703,1.1911231612805433,1.4676973091125487,10,2.300976232235676,1.4849300384521484,3.1070314178629097,2.9863494815158425,108.44027174784426,115.44031296895261,111.48339319229126,106.60980224609375,2.9943594364258703,3.4998930666446686,8.0,8.0,0.5362687528735285,0.0,3.5407394218236328,3.0420014151576567,111.94029235839844,106.07353349322022,0.9673469378018541,0.02674961243480454,certain_temperate,492.7061065673828,600.9912055969238,POINT (557956.8587545399 8639422.385647593),ragna_mariebreen
ragna_mariebreen-20240412-DAT_0405_A1_1,2985.0,3836,111.33108520507812,557960.6122950192,8639425.81995905,605.0723999023437,2024-04-12 16:30:14.400000+00:00,0,2024-04-29,25 MHz,20240412,107.6758918762207,110.5696029663086,112.09259796142578,1.2052126724597874,1.354793165588379,10,2.2891230227264208,1.319924036661784,2.969469346071561,2.904276374863685,107.92720184692234,114.73499908081203,110.87418603897095,106.00059509277344,2.9943594364258703,3.4998930666446686,8.0,8.0,0.5362687528735285,0.0,3.5407394218236328,3.0420014151576567,111.33108520507812,105.46432633989991,0.9671682592321421,0.026895987144202285,certain_temperate,493.7413146972656,601.4172065734863,POINT (557960.6122950192 8639425.81995905),ragna_mariebreen
ragna_mariebreen-20240412-DAT_0405_A1_1,2990.0,3841,110.7219009399414,557964.0653056346,8639428.925162997,605.4574279785156,2024-04-12 16:30:15.500000+00:00,0,2024-04-29,25 MHz,20240412,107.06670761108398,110.11270141601562,111.4833984375,1.2129916293649456,1.354798821258545,10,2.2772737514628494,1.319915771484375,2.960343430921219,2.898189447883678,107.48056285907853,114.1155369944371,110.26500177383423,105.39141082763672,2.9943594364258703,3.4998930666446686,8.0,8.0,0.5362687528735285,0.0,3.5407394218236328,3.0420014151576567,110.7219009399414,104.8551420747632,0.9669876212580554,0.02704396701109831,certain_temperate,494.7355270385742,601.8022346496582,POINT (557964.0653056346 8639428.925162997),ragna_mariebreen
ragna_mariebreen-20240412-DAT_0405_A1_1,2995.0,3846,110.11270141601562,557967.8326271527,8639432.155290037,605.8946940104166,2024-04-12 16:30:16.666666752+00:00,0,2024-04-29,25 MHz,20240412,106.4575080871582,109.65579223632812,111.02649688720703,1.2382236561729705,1.241894677734375,10,2.265427731191848,1.3199405670166016,2.9011563722581584,2.8995868202927655,107.03388340768645,113.64840571584871,109.65580224990845,104.78221130371094,2.9943594364258703,3.4998930666446686,8.0,8.0,0.5362687528735285,0.0,3.5407394218236328,3.0420014151576567,110.11270141601562,104.24594255083741,0.9668049799718583,0.027193588005010545,certain_temperate,495.781992594401,602.2395006815592,POINT (557967.8326271527 8639432.155290037),ragna_mariebreen
ragna_mariebreen-20240412-DAT_0405_A1_1,3000.0,3852,109.50349426269531,557972.1896470366,8639435.689460875,606.4014892578125,2024-04-12 16:30:18+00:00,0,2024-04-29,25 MHz,20240412,105.84830093383789,109.04660034179688,110.5696029663086,1.2600950905008392,1.2419003334045409,10,2.253585166417293,1.154942830403646,2.820435335530165,2.8284940659123117,106.51430118020541,113.10190212790006,109.04659509658813,104.17300415039062,2.9943594364258703,3.4998930666446686,8.0,8.0,0.5362687528735285,0.0,3.5407394218236328,3.0420014151576567,109.50349426269531,103.6367353975171,0.9666203041878396,0.02734487567348764,certain_temperate,496.8979949951172,602.7462959289551,POINT (557972.1896470366 8639435.689460875),ragna_mariebreen
ragna_mariebreen-20240412-DAT_0405_A1_1,3005.0,3858,109.04660034179688,557976.1156263018,8639438.758725166,606.8757202148438,2024-04-12 16:30:19.200000+00:00,0,2024-04-29,25 MHz,20240412,105.39140701293945,108.5896987915039,109.96039581298828,1.3243162211459905,1.129001845550537,10,2.244705864571443,1.1549263000488283,2.765357905270568,2.8506793279105076,106.06530595817033,112.48478864632186,108.5897011756897,103.71611022949219,2.9952584250318948,3.4998928899049755,8.0,8.0,0.5362687528735285,0.16499127944310507,3.5445812923966353,3.047356121349349,109.04660034179688,103.15503421182541,0.9664804467319427,0.027467691937607622,certain_temperate,497.8291198730469,603.2205268859864,POINT (557976.1156263018 8639438.758725166),ragna_mariebreen
ragna_mariebreen-20240412-DAT_0405_A1_1,3010.0,3864,108.43740844726562,557980.0415887174,8639441.827999681,607.3636108398438,2024-04-12 16:30:20.400000+00:00,0,2024-04-29,25 MHz,20240412,104.62991547584534,108.13280487060547,109.35120391845703,1.3354575843634249,1.016092046356201,10,2.2328700410690376,1.154942830403646,2.7114653987231265,2.846585414393572,105.61892309896137,111.86508569010113,107.98050928115845,103.10691833496094,2.9926990566876,3.4998928899049755,8.0,8.0,0.5366924641645027,0.16499127944310507,3.5446454215041934,3.0449151987012852,108.43740844726562,102.54543732603611,0.9648876432410138,0.027598400769075777,certain_temperate,498.92620239257815,603.5561178684235,POINT (557980.0415887174 8639441.827999681),ragna_mariebreen
ragna_mariebreen-20240412-DAT_0405_A1_1,3015.0,3870,107.98049926757812,557983.9393128364,8639445.007801408,607.8494995117187,2024-04-12 16:30:21.600000+00:00,0,2024-04-29,25 MHz,20240412,104.17300629615784,107.52360534667969,108.74199676513672,1.316898398800958,0.9031935585021972,10,2.223995343706946,1.154942830403646,2.6637955691927306,2.8309485376981844,105.01760290647118,111.24799920534522,107.52360010147095,102.65000915527344,3.0153805791611945,3.6127931451559063,8.0,8.0,0.5366924641645027,0.0,3.652439337042639,3.062769798446084,107.98049926757812,102.11331669110893,0.964739068653635,0.027925232793089918,certain_temperate,499.8690002441406,604.0420065402984,POINT (557983.9393128364 8639445.007801408),ragna_mariebreen
ragna_mariebreen-20240412-DAT_0405_A1_1,3020.0,3876,107.37130737304688,557987.5172282353,8639448.09631986,608.318320534446,2024-04-12 16:30:22.727272704+00:00,0,2024-04-29,25 MHz,20240412,103.56381440162659,107.06670379638672,108.13280487060547,1.3253877141212078,0.9031992141723633,10,2.2121661462916666,1.3199323018391926,2.7297745622521665,2.8969903232459844,104.49067966213691,110.70882900485528,106.9144082069397,102.04081726074219,3.0153805791611945,3.6127931451559063,8.0,8.0,0.5366924641645027,0.0,3.652439337042639,3.062769798446084,107.37130737304688,101.50412479657768,0.9645390089347458,0.028083672006383124,certain_temperate,500.9470131613991,604.5108275630257,POINT (557987.5172282353 8639448.09631986),ragna_mariebreen
ragna_mariebreen-20240412-DAT_0405_A1_1,3025.0,3883,106.76210021972656,557991.5213743149,8639451.581872752,608.8545532226562,2024-04-12 16:30:24+00:00,0,2024-04-29,25 MHz,20240412,102.95460724830627,106.4574966430664,107.52360534667969,1.3413334546195916,0.9032048698425292,10,2.2003405230397353,1.154951095581055,2.6440857564424634,2.8239309281560665,103.9724593293597,110.0086426603864,106.30520105361938,101.43161010742188,3.0153805791611945,3.6127931451559063,8.0,8.0,0.5366924641645027,0.0,3.652439337042639,3.062769798446084,106.76210021972656,100.89491764325737,0.9643366610100016,0.028243923386250872,certain_temperate,502.0924530029297,605.047060251236,POINT (557991.5213743149 8639451.581872752),ragna_mariebreen
ragna_mariebreen-20240412-DAT_0405_A1_1,3030.0,3889,106.3051986694336,557995.1962709595,8639454.826808918,609.37607421875,2024-04-12 16:30:25.200000+00:00,0,2024-04-29,25 MHz,20240412,102.4977056980133,106.00060272216797,107.06670379638672,1.3319829745147322,1.016092046356201,10,2.1914739573307958,1.1549263000488281,2.6774719253190886,2.8125773782423638,103.52342431434111,109.54388220421357,105.84829950332642,100.9747085571289,3.015380579161195,3.6127931451559063,8.0,8.0,0.5366924641645027,0.0,3.652439337042639,3.0627697984460847,106.3051986694336,100.4380160929644,0.9641833793730064,0.02836531624890534,certain_temperate,503.0708755493164,605.5685812473297,POINT (557995.1962709595 8639454.826808918),ragna_mariebreen
ragna_mariebreen-20240412-DAT_0405_A1_1,3035.0,3895,105.69601440429688,557998.8679945273,8639457.959920142,609.904833984375,2024-04-12 16:30:26.400000+00:00,0,2024-04-29,25 MHz,20240412,101.88852143287659,105.69601440429688,106.60980987548828,1.332463294909814,1.1289905342102051,10,2.179655703174548,1.1549263000488281,2.7128165012145686,2.803606993715012,103.22928504278885,109.07653923699631,105.2391152381897,100.36552429199219,3.0153805791611945,3.6127931451559063,8.0,8.0,0.5366924641645027,0.0,3.652439337042639,3.062769798446084,105.69601440429688,99.82883182782768,0.9639769484887455,0.028528801167725108,certain_temperate,504.20881958007817,606.0973410129548,POINT (557998.8679945273 8639457.959920142),ragna_mariebreen
ragna_mariebreen-20240412-DAT_0405_A1_1,3040.0,3901,105.2391128540039,558002.6432727714,8639461.246332604,610.4493896484375,2024-04-12 16:30:27.600000+00:00,0,2024-04-29,25 MHz,20240412,101.43161988258362,104.93450927734375,106.00060272216797,1.3474667672906842,0.9031992141723633,10,2.170794405216465,0.9899616241455078,2.5511058753962943,2.740080118528056,102.54863996679887,108.38647203271285,104.78221368789673,99.90862274169922,3.0153805791611945,3.6127931451559063,8.0,8.0,0.5366924641645027,0.0,3.652439337042639,3.062769798446084,105.2391128540039,99.37193027753472,0.9638205523767353,0.02865266056874093,certain_temperate,505.21027679443364,606.6418966770173,POINT (558002.6432727714 8639461.246332604),ragna_mariebreen
ragna_mariebreen-20240412-DAT_0405_A1_1,3045.0,3907,104.7822036743164,558006.3745881136,8639464.456441795,610.9795166015625,2024-04-12 16:30:28.800000+00:00,0,2024-04-29,25 MHz,20240412,100.97471070289612,104.32530975341797,105.543701171875,1.3738925769079764,1.016103357696533,10,2.1619352633088647,0.8249721527099609,2.5272532854875163,2.6911194600701243,102.01132117620216,107.85768974909081,104.32530450820923,99.45171356201172,3.0153805791611945,3.6127931451559063,8.0,8.0,0.5366924641645027,0.0,3.652439337042639,3.062769798446084,104.7822036743164,98.91502109784722,0.9636627896922771,0.028777602239914588,certain_temperate,506.1973129272461,607.1720236301422,POINT (558006.3745881136 8639464.456441795),ragna_mariebreen
ragna_mariebreen-20240412-DAT_0405_A1_1,3050.0,3913,104.47760009765625,558010.0603922425,8639467.627407288,611.50048828125,2024-04-12 16:30:30+00:00,0,2024-04-29,25 MHz,20240412,100.67010712623596,103.71611022949219,105.08680725097656,1.344018266834542,1.1289905342102051,10,2.156030512044371,0.9899450937906901,2.627371021367712,2.7266910274491125,101.34367290522279,107.45924457524596,104.02070093154907,99.14710998535156,3.038846882032215,3.7256926934480665,8.0,8.0,0.5366924641645027,0.0,3.7641499501352595,3.0858757547133817,104.47760009765625,98.61041752118706,0.9635568488569666,0.029086109167819466,certain_temperate,507.02288818359375,607.6929953098297,POINT (558010.0603922425 8639467.627407288),ragna_mariebreen
ragna_mariebreen-20240412-DAT_0405_A1_1,3055.0,3919,103.868408203125,558013.6959515885,8639470.684571212,612.0196166992188,2024-04-12 16:30:31.200000+00:00,0,2024-04-29,25 MHz,20240412,100.06091523170471,103.1069107055664,104.6299057006836,1.3963082997600034,1.128996189880371,10,2.144224449319707,1.1549263000488283,2.684433952320167,2.8073528662395737,100.67143267289913,107.06538373335087,103.41150903701782,98.53791809082031,3.0388468820322148,3.7256926934480665,8.0,8.0,0.5366924641645027,0.0,3.7641499501352595,3.0858757547133813,103.868408203125,98.00122562665581,0.9633431084842048,0.029256700228711,certain_temperate,508.1512084960938,608.2121237277985,POINT (558013.6959515885 8639470.684571212),ragna_mariebreen
ragna_mariebreen-20240412-DAT_0405_A1_1,3060.0,3926,103.41151428222656,558017.8492820113,8639474.135865752,612.6383911132813,2024-04-12 16:30:32.600000+00:00,0,2024-04-29,25 MHz,20240412,99.60402131080627,102.34540557861328,104.02070617675781,1.4127366856745975,1.3548044769287109,10,2.1353726874850816,1.154942830403646,2.7801447132593875,2.808831500643798,99.91770925164855,106.44840250372255,102.95461511611938,98.08102416992188,3.0388468820322148,3.7256926934480665,8.0,8.0,0.5366924641645027,0.0,3.7641499501352595,3.0858757547133813,103.41151428222656,97.54433170575737,0.9631811505919058,0.029385962512247094,certain_temperate,509.2268768310547,608.830898141861,POINT (558017.8492820113 8639474.135865752),ragna_mariebreen
ragna_mariebreen-20240412-DAT_0405_A1_1,3065.0,3934,102.80230712890625,558021.9068697736,8639477.434208438,613.2191162109375,2024-04-12 16:30:34+00:00,0,2024-04-29,25 MHz,20240412,98.99481415748596,101.43161010742188,103.25920104980469,1.4229136402574256,1.6934999404907225,10,2.123573813271012,1.3199323018391926,3.01988891687939,2.8768855120563166,98.93125272859602,105.75955842863054,102.34540796279907,97.47181701660156,3.038846882032215,3.7256926934480665,8.0,8.0,0.5366924641645027,0.0,3.7641499501352595,3.0858757547133817,102.80230712890625,96.93512455243706,0.9629629618463136,0.029560103920836456,certain_temperate,510.41680908203125,609.4116232395172,POINT (558021.9068697736 8639477.434208438),ragna_mariebreen
ragna_mariebreen-20240412-DAT_0405_A1_1,3070.0,3940,102.193115234375,558025.7249137393,8639480.69766786,613.7471923828125,2024-04-12 16:30:35.333333248+00:00,0,2024-04-29,25 MHz,20240412,98.38562226295471,100.8224105834961,102.80230712890625,1.4516057198035546,1.8063984283447265,10,2.1117796098368076,1.4849217732747397,3.150822285562008,2.961716556160345,98.24082080328935,105.38389690911299,101.73621606826782,96.86262512207031,3.0388468820322156,3.7256926934480665,8.0,8.0,0.5366924641645027,0.0,3.7641499501352595,3.085875754713382,102.193115234375,96.32593265790581,0.9627421772720405,0.029736317119433794,certain_temperate,511.5540771484375,609.9396994113922,POINT (558025.7249137393 8639480.69766786),ragna_mariebreen
ragna_mariebreen-20240412-DAT_0405_A1_1,3075.0,3946,101.43161010742188,558029.2908680338,8639483.851236442,614.2430053710938,2024-04-12 16:30:36.600000+00:00,0,2024-04-29,25 MHz,20240412,97.62411713600159,100.21321868896484,102.34540557861328,1.5260396440075157,1.6934999404907225,10,2.0970428254076308,1.4849300384521484,3.0774255277964406,2.988545269152486,97.64366506417102,104.91495920340711,100.9747109413147,96.10111999511719,3.038846882032215,3.7256926934480665,8.0,8.0,0.5366924641645027,0.0,3.7641499501352595,3.0858757547133817,101.43161010742188,95.56442753095268,0.9624624614813081,0.029959564664446346,certain_temperate,512.8113952636719,610.4355123996735,POINT (558029.2908680338 8639483.851236442),ragna_mariebreen
ragna_mariebreen-20240412-DAT_0405_A1_1,3080.0,3952,100.8224105834961,558032.5670916962,8639487.042273004,614.7220825195312,2024-04-12 16:30:37.800000+00:00,0,2024-04-29,25 MHz,20240412,97.0149176120758,99.75631713867188,101.58390808105469,1.5399099581364557,1.5805957969665527,10,2.085258590762025,1.484913508097331,3.0085801618479575,2.9874059309113936,97.19638129633583,104.14384392339073,100.36551141738892,95.4919204711914,3.038846882032215,3.7256926934480665,8.0,8.0,0.5366924641645027,0.0,3.7641499501352595,3.0858757547133817,100.8224105834961,94.9552280070269,0.9622356483108772,0.030140589422979466,certain_temperate,513.8996719360351,610.9145895481109,POINT (558032.5670916962 8639487.042273004),ragna_mariebreen
ragna_mariebreen-20240412-DAT_0405_A1_1,3085.0,3959,100.06092071533203,558036.4442345176,8639490.705411408,615.2844116210938,2024-04-12 16:30:39.200000+00:00,0,2024-04-29,25 MHz,20240412,96.25342774391174,99.14710998535156,100.51781463623047,1.581442292424245,1.5806071083068847,10,2.070534989262433,1.484913508097331,2.998399923145703,2.998840274599159,96.59915330041952,103.06577132116252,99.60402154922485,94.73043060302734,3.038846882032215,3.7256926934480665,8.0,8.0,0.5366924641645027,0.0,3.7641499501352595,3.0858757547133817,100.06092071533203,94.19373813886284,0.9619482516830682,0.030369967219046206,certain_temperate,515.2234909057618,611.4769186496735,POINT (558036.4442345176 8639490.705411408),ragna_mariebreen
ragna_mariebreen-20240412-DAT_0405_A1_1,3090.0,3965,99.45172119140625,558039.88361494,8639494.126737237,615.8024780273438,2024-04-12 16:30:40.400000+00:00,0,2024-04-29,25 MHz,20240412,95.64422821998596,98.38561248779297,99.75631713867188,1.732692702535106,1.6934999404907225,10,2.058761263277819,1.6499112447102864,3.1350673203356907,3.1564107869561493,95.74729767439509,102.39463195206976,98.99482202529907,94.12123107910156,3.038846882032215,3.7256926934480665,8.0,8.0,0.5366924641645027,0.0,3.7641499501352595,3.0858757547133817,99.45172119140625,93.58453861493706,0.9617151626356236,0.030556000897999598,certain_temperate,516.3507568359375,611.9949850559235,POINT (558039.88361494 8639494.126737237),ragna_mariebreen
ragna_mariebreen-20240412-DAT_0405_A1_1,3095.0,3971,98.53792572021484,558043.4092497695,8639497.458618717,616.3248413085937,2024-04-12 16:30:41.600000+00:00,0,2024-04-29,25 MHz,20240412,94.73043274879456,97.47181701660156,98.84251403808594,1.839964252962185,1.8064040840148925,10,2.041109777081338,1.9798901875813801,3.3688558876454993,3.386969549487677,94.62821115836839,101.68611989631911,98.08102655410767,93.20743560791016,3.063080142089178,3.8385924184799194,8.0,8.0,0.5366924641645027,0.0,3.8759296376872583,3.109742554931521,98.53792572021484,92.67074314374565,0.9613601266355946,0.031085291472304596,certain_temperate,517.7869155883789,612.5173483371734,POINT (558043.4092497695 8639497.458618717),ragna_mariebreen
ragna_mariebreen-20240412-DAT_0405_A1_1,3100.0,3977,97.62413024902344,558047.0148926895,8639500.84972381,616.8713745117187,2024-04-12 16:30:42.800000+00:00,0,2024-04-29,25 MHz,20240412,93.81663727760315,96.71031951904297,98.08102416992188,1.882887266706428,1.9193138832092285,10,2.023469377764664,1.979906717936198,3.4202667610524022,3.3999593223456963,93.87933754550795,100.91200614345689,97.16723108291626,92.29364013671875,3.063080142089178,3.8385924184799194,8.0,8.0,0.5366924641645027,0.0,3.8759296376872583,3.109742554931521,97.62413024902344,91.75694767255425,0.9609984441171666,0.031376260503174304,certain_temperate,519.2472442626953,613.0638815402984,POINT (558047.0148926895 8639500.84972381),ragna_mariebreen
ragna_mariebreen-20240412-DAT_0405_A1_1,3105.0,3983,96.71031951904297,558050.8323228313,8639504.342838615,617.4127197265625,2024-04-12 16:30:44+00:00,0,2024-04-29,25 MHz,20240412,92.90282654762268,95.79652404785156,97.47181701660156,1.9425108901110462,1.9192969161987303,10,2.0058400635619367,1.979906717936198,3.4098571267501807,3.4229772903890336,92.97811581405735,100.29022525039578,96.25342035293579,91.37982940673828,3.0630801420891784,3.8385924184799194,8.0,8.0,0.5366924641645027,0.0,3.8759296376872583,3.109742554931522,96.71031951904297,90.84313694257378,0.9606299204639629,0.03167273314081064,certain_temperate,520.7024002075195,613.6052267551422,POINT (558050.8323228313 8639504.342838615),ragna_mariebreen
ragna_mariebreen-20240412-DAT_0405_A1_1,3110.0,3989,95.79652404785156,558054.7564096852,8639507.821838878,617.9498413085937,2024-04-12 16:30:45.200000+00:00,0,2024-04-29,25 MHz,20240412,91.98903107643127,94.88272857666016,96.86262512207031,2.0706298891310273,1.9192912605285644,10,1.988222725918865,1.9798901875813801,3.399510803848489,3.487191262392134,92.07684284079326,99.6685108579372,95.18732517957687,90.46603393554688,3.0372108499154327,3.7256926492631433,8.0,8.0,0.5366924641645027,0.0,3.764149906401761,3.084264668917859,95.72401764374138,89.92934147138237,0.9602543723870566,0.03170481267564894,certain_temperate,522.1533172607421,614.1423483371734,POINT (558054.7564096852 8639507.821838878),ragna_mariebreen
ragna_mariebreen-20240412-DAT_0405_A1_1,3115.0,3995,94.88272857666016,558058.7479240171,8639511.191986306,618.4881225585938,2024-04-12 16:30:46.400000+00:00,0,2024-04-29,25 MHz,20240412,91.07523560523987,94.12123107910156,96.10112762451172,2.0332624664428147,1.6934886291503906,10,1.9706173836797602,1.9798984527587888,3.2666855516194357,3.4550668609366486,91.3277868329965,98.89457187061679,94.27352970838547,89.55223846435547,3.0372108499154327,3.7256926492631433,8.0,8.0,0.5366924641645027,0.0,3.764149906401761,3.084264668917859,94.81022217254997,89.01554600019097,0.9598715906621084,0.032010155014266156,certain_temperate,523.6053939819336,614.6806295871735,POINT (558058.7479240171 8639511.191986306),ragna_mariebreen
ragna_mariebreen-20240412-DAT_0405_A1_1,3120.0,4001,93.96892547607422,558062.577676519,8639514.501180537,619.0009710138494,2024-04-12 16:30:47.545454592+00:00,0,2024-04-29,25 MHz,20240412,90.16143250465393,93.35972595214844,95.4919204711914,2.035479132210669,1.6934886291503906,10,1.953024214404726,1.8149007161458335,3.1584920339585354,3.3543022358134267,90.69361114000739,98.15803528333245,93.35972660779953,88.63843536376953,3.0372108499154327,3.7256926492631433,8.0,8.0,0.5366924641645027,0.0,3.764149906401761,3.084264668917859,93.89641907196403,88.10174289960503,0.9594813609698056,0.03232143854500867,certain_temperate,525.0320455377752,615.1934780424291,POINT (558062.577676519 8639514.501180537),ragna_mariebreen
ragna_mariebreen-20240412-DAT_0405_A1_1,3125.0,4007,93.20743560791016,558066.2833129232,8639517.602062324,619.4776444868608,2024-04-12 16:30:48.636363776+00:00,0,2024-04-29,25 MHz,20240412,89.39994263648987,92.59822845458984,94.73042297363281,1.996165780895578,1.4677029647827147,10,1.9383731377217046,1.9798901875813801,3.1355075456382,3.4149573058444775,89.82744236109181,97.50120906713084,92.59823673963547,87.87694549560547,3.0372108499154327,3.7256926492631433,8.0,8.0,0.5366924641645027,0.0,3.764149906401761,3.084264668917859,93.13492920379997,87.34025303144097,0.9591503301578103,0.03258549953773941,certain_temperate,526.2702088789506,615.6701515154405,POINT (558066.2833129232 8639517.602062324),ragna_mariebreen
ragna_mariebreen-20240412-DAT_0405_A1_1,3130.0,4013,92.1413345336914,558070.3489226857,8639520.839966027,619.9618774414063,2024-04-12 16:30:49.800000+00:00,0,2024-04-29,25 MHz,20240412,88.33384156227112,91.83673095703125,93.51202392578125,2.0499259603876423,1.354798821258545,10,1.9178764850375147,2.1448879241943364,3.18029468214788,3.5328445850738666,88.95944153481204,96.38931334800046,91.53213566541672,86.81084442138672,3.0372108499154327,3.7256926492631433,8.0,8.0,0.5366924641645027,0.0,3.764149906401761,3.084264668917859,92.06882812958122,86.27415195722222,0.9586776880247151,0.03296252290338685,certain_temperate,527.8205429077149,616.154384469986,POINT (558070.3489226857 8639520.839966027),ragna_mariebreen
ragna_mariebreen-20240412-DAT_0405_A1_1,3135.0,4018,91.2275390625,558073.9496614261,8639523.597961077,620.364013671875,2024-04-12 16:30:50.800000+00:00,0,2024-04-29,25 MHz,20240412,87.42004609107971,91.2275390625,92.75052642822266,2.0511200684444253,1.0161090133666992,10,1.9003224866742972,1.6499195098876953,2.714026062791786,3.24662185627515,88.71090242951779,95.26716306120487,90.61834019422531,85.89704895019531,3.0372108499154327,3.7256926492631433,8.0,8.0,0.5366924641645027,0.0,3.764149906401761,3.084264668917859,91.15503265838981,85.36035648603081,0.9582637763711704,0.033292697371071676,certain_temperate,529.136474609375,616.5565207004547,POINT (558073.9496614261 8639523.597961077),ragna_mariebreen
ragna_mariebreen-20240412-DAT_0405_A1_1,3140.0,4024,90.61833190917969,558078.4148431232,8639526.727473253,620.8511352539062,2024-04-12 16:30:52+00:00,0,2024-04-29,25 MHz,20240412,86.8108389377594,90.31373596191406,91.5321273803711,2.0319296237478537,1.1289905342102051,10,1.888627234580954,1.4849300384521484,2.6545337964762563,3.1465327022235914,87.91125182038505,93.93461152190011,90.009133040905,85.287841796875,3.0372108499154327,3.7256926492631433,8.0,8.0,0.5366924641645027,0.0,3.764149906401761,3.084264668917859,90.5458255050695,84.7511493327105,0.9579831929014511,0.03351651686724286,certain_temperate,530.2328033447266,617.043642282486,POINT (558078.4148431232 8639526.727473253),ragna_mariebreen
ragna_mariebreen-20240412-DAT_0405_A1_1,3145.0,4030,89.8568344116211,558082.2822138638,8639529.124377139,621.2650146484375,2024-04-12 16:30:53+00:00,0,2024-04-29,25 MHz,20240412,86.0493414402008,89.24762725830078,90.4660415649414,1.9066210776182446,1.016103357696533,10,1.874017149385511,1.6499112447102866,2.6956656738428473,3.141552375057688,86.75079979297354,92.96286903026865,89.2476355433464,84.5263442993164,3.0372108499154327,3.7256926492631433,8.0,8.0,0.5366924641645027,0.0,3.764149906401761,3.084264668917859,89.78432800751091,83.9896518351519,0.9576271187789822,0.03380055473579685,certain_temperate,531.4081802368164,617.4575216770172,POINT (558082.2822138638 8639529.124377139),ragna_mariebreen
ragna_mariebreen-20240412-DAT_0405_A1_1,3150.0,4035,89.0953369140625,558086.5618293796,8639531.683458677,621.7201334635416,2024-04-12 16:30:54.111111168+00:00,0,2024-04-29,25 MHz,20240412,85.28784394264221,88.48613739013672,89.55224609375,1.8405946857985367,1.128996189880371,10,1.8594170118432614,1.6499195098876955,2.7302561069988602,3.093130260824783,86.00024398674225,92.03813949714447,88.48613804578781,83.76484680175781,3.0372108499154327,3.7256926492631433,8.0,8.0,0.5366924641645027,0.0,3.764149906401761,3.084264668917859,89.02283050995231,83.22815433759331,0.9572649579282378,0.034089447945463126,certain_temperate,532.6247965494791,617.9126404921213,POINT (558086.5618293796 8639531.683458677),ragna_mariebreen
ragna_mariebreen-20240412-DAT_0405_A1_1,3155.0,4040,88.33383178710938,558090.9562683653,8639534.237037407,622.1781463623047,2024-04-12 16:30:55.249999872+00:00,0,2024-04-29,25 MHz,20240412,84.52633881568909,87.72463989257812,88.63843536376953,1.7776292928330975,1.241894677734375,10,1.844826912010266,1.4849217732747397,2.674075802704123,2.9611391238442395,85.3564382525097,91.00663700383795,87.72463291883469,83.00334167480469,3.0372108499154327,3.7256926492631433,8.0,8.0,0.5366924641645027,0.0,3.764149906401761,3.084264668917859,88.26132538299919,82.46664921064018,0.9568965492112171,0.03438332503491211,certain_temperate,533.8443145751953,618.3706533908844,POINT (558090.9562683653 8639534.237037407),ragna_mariebreen
ragna_mariebreen-20240412-DAT_0405_A1_1,3160.0,4045,87.72463989257812,558095.4499432375,8639536.641741784,622.6053344726563,2024-04-12 16:30:56.400000+00:00,0,2024-04-29,25 MHz,20240412,83.91714692115784,87.11544036865234,88.02924346923828,1.6655767680604694,1.241894677734375,10,1.8331625617257743,1.8149007161458335,2.862979562931707,3.0705855398412893,84.53583776608356,90.60884607180706,87.11544102430344,82.39414978027344,3.0372108499154327,3.7256926492631433,8.0,8.0,0.5366924641645027,0.0,3.764149906401761,3.084264668917859,87.65213348846794,81.85745731610893,0.9565972231281576,0.034622095384313954,certain_temperate,534.8806945800782,618.797841501236,POINT (558095.4499432375 8639536.641741784),ragna_mariebreen
ragna_mariebreen-20240412-DAT_0405_A1_1,3165.0,4051,86.65853881835938,558100.203635394,8639539.076030826,623.0447143554687,2024-04-12 16:30:57.600000+00:00,0,2024-04-29,25 MHz,20240412,82.85104584693909,86.50624084472656,87.26774597167969,1.5699947818613982,1.016103357696533,10,1.8127661018601486,1.8149172465006511,2.7590780317383037,3.0074788722068795,83.94108089811529,89.83290591829096,86.04933995008469,81.32804870605469,3.0372108499154327,3.7256926492631433,8.0,8.0,0.5366924641645027,0.0,3.764149906401761,3.084264668917859,86.58603241424919,80.79135624189018,0.9560632682787211,0.03504802748037996,certain_temperate,536.3861755371094,619.2372213840484,POINT (558100.203635394 8639539.076030826),ragna_mariebreen
ragna_mariebreen-20240412-DAT_0405_A1_1,3170.0,4056,86.04933166503906,558104.2387605797,8639541.03325553,623.421923828125,2024-04-12 16:30:58.600000+00:00,0,2024-04-29,25 MHz,20240412,82.24183869361877,85.74474334716797,86.65853881835938,1.5063224989471888,1.241889022064209,10,1.8011204823664513,1.4849217732747397,2.644109681512655,2.7781351902993956,83.41042810180257,88.99285406372478,85.44013279676437,80.71884155273438,3.0622686453268644,3.7256926492631433,8.0,8.0,0.5366924641645027,0.0,3.764149906401761,3.1089432380220448,85.97682526092888,80.18214908856987,0.9557522075099715,0.03558736118076129,certain_temperate,537.372592163086,619.6144308567048,POINT (558104.2387605797 8639541.03325553),ragna_mariebreen
ragna_mariebreen-20240412-DAT_0405_A1_1,3175.0,4062,85.287841796875,558109.2465592555,8639543.403818835,623.890234375,2024-04-12 16:30:59.800000+00:00,0,2024-04-29,25 MHz,20240412,81.48034882545471,84.67864990234375,85.89704132080078,1.4313105602946337,1.5805901412963865,10,1.7865739232809572,1.6499029795328777,2.9003950455036827,2.8218214233416536,82.24677280322484,88.32891841991969,84.67864292860031,79.95735168457031,3.0622686453268644,3.7256926492631433,8.0,8.0,0.5366924641645027,0.0,3.764149906401761,3.1089432380220448,85.21533539276481,79.42065922040581,0.9553571424577917,0.035905101838783635,certain_temperate,538.602392578125,620.0827414035797,POINT (558109.2465592555 8639543.403818835),ragna_mariebreen
ragna_mariebreen-20240412-DAT_0405_A1_1,3180.0,4067,84.5263442993164,558113.4667807383,8639545.350248624,624.2841857910156,2024-04-12 16:31:00.800000+00:00,0,2024-04-29,25 MHz,20240412,80.71885132789612,83.76483917236328,85.44013977050781,1.3995376624441298,1.8063984283447265,10,1.772038699420143,1.8149089813232422,3.114015260825916,2.8970194047209934,81.22830299822138,87.97667594464971,83.91714543104172,79.19585418701172,3.062268645326865,3.7256926492631433,8.0,8.0,0.5366924641645027,0.0,3.764149906401761,3.108943238022045,84.45383789520622,78.65916172284722,0.9549549551328333,0.03622857075757422,certain_temperate,539.7578414916992,620.4766928195953,POINT (558113.4667807383 8639545.350248624),ragna_mariebreen
ragna_mariebreen-20240412-DAT_0405_A1_1,3185.0,4073,83.61254119873047,558117.9779998079,8639547.290338963,624.6646931966146,2024-04-12 16:31:01.833333248+00:00,0,2024-04-29,25 MHz,20240412,79.80504822731018,82.69874572753906,84.5263442993164,1.4233666865164798,1.8063984283447265,10,1.7546118711224312,1.6499195098876953,3.01064320192847,2.797654362439491,80.29024054643776,86.93484948041771,83.00334233045578,78.28205108642578,3.0622686453268644,3.7256926492631433,8.0,8.0,0.5366924641645027,0.0,3.764149906401761,3.1089432380220448,83.54003479462028,77.74535862226128,0.9544626569551256,0.03662451351703876,certain_temperate,541.0521519978842,620.8572002251943,POINT (558117.9779998079 8639547.290338963),ragna_mariebreen
ragna_mariebreen-20240412-DAT_0405_A1_1,3190.0,4078,83.00334167480469,558122.3323065691,8639548.944576679,625.0472534179687,2024-04-12 16:31:02.800000+00:00,0,2024-04-29,25 MHz,20240412,79.1958487033844,81.78495025634766,83.76483917236328,1.4469788638013505,1.9192912605285644,10,1.743003698123945,1.6499112447102864,3.0731007061006834,2.8025018892737688,79.38489421385715,86.16489521485379,82.39414280653,77.6728515625,3.0622686453268644,3.7256926492631433,8.0,8.0,0.5366924641645027,0.0,3.764149906401761,3.1089432380220448,82.9308352706945,77.1361590983355,0.9541284375472796,0.03689331758863876,certain_temperate,542.043911743164,621.2397604465484,POINT (558122.3323065691 8639548.944576679),ragna_mariebreen
ragna_mariebreen-20240412-DAT_0405_A1_1,3195.0,4084,82.08954620361328,558127.8106559084,8639550.776519272,625.5650634765625,2024-04-12 16:31:04+00:00,0,2024-04-29,25 MHz,20240412,78.282053232193,80.71885681152344,82.69874572753906,1.5094835815524261,1.6934999404907225,10,1.725606397289389,1.9798901875813801,3.124999942670268,3.029228165098073,78.09251285209103,85.32508968697147,81.48034733533859,76.7590560913086,3.0622686453268644,3.7256926492631433,8.0,8.0,0.5366924641645027,0.0,3.764149906401761,3.1089432380220448,82.0170397995031,76.22236362714409,0.9536178094836064,0.03730400260383063,certain_temperate,543.4755172729492,621.7575705051422,POINT (558127.8106559084 8639550.776519272),ragna_mariebreen
ragna_mariebreen-20240412-DAT_0405_A1_1,3200.0,4089,81.17575073242188,558132.0856804228,8639551.88755871,625.9498346502131,2024-04-12 16:31:04.909091072+00:00,0,2024-04-29,25 MHz,20240412,77.36825776100159,79.95735168457031,81.93724822998047,1.4714422288074172,1.4676973091125487,10,1.7082274446890602,2.1448879241943364,3.1100997735313607,3.1118688023214194,77.21534781693198,84.6792520976188,80.56655186414719,75.84526062011719,3.0622686453268644,3.7256926492631433,8.0,8.0,0.5366924641645027,0.0,3.764149906401761,3.1089432380220448,81.10324432831169,75.30856815595268,0.9530956851391389,0.03772393378191184,certain_temperate,544.7740839177912,622.1423416787928,POINT (558132.0856804228 8639551.88755871),ragna_mariebreen
ragna_mariebreen-20240412-DAT_0405_A1_1,3205.0,4095,80.10964965820312,558137.21570984,8639553.220806036,626.4115600585938,2024-04-12 16:31:06+00:00,0,2024-04-29,25 MHz,20240412,76.30215668678284,79.0435562133789,80.87115478515625,1.4054177084181312,1.354793165588379,10,1.6879758254619697,1.9798984527587893,2.933381119477257,2.9571031780639543,76.44177600156611,83.47293499696904,79.50045078992844,74.77915954589844,3.0622686453268644,3.7256926492631433,8.0,8.0,0.5366924641645027,0.0,3.764149906401761,3.1089432380220448,80.03714325409294,74.24246708173393,0.9524714814299478,0.03822596476694605,certain_temperate,546.3019104003906,622.6040670871735,POINT (558137.21570984 8639553.220806036),ragna_mariebreen
ragna_mariebreen-20240412-DAT_0405_A1_1,3210.0,4100,79.34815216064453,558141.9927479045,8639554.53920084,626.80810546875,2024-04-12 16:31:07+00:00,0,2024-04-29,25 MHz,20240412,75.54065918922424,78.28205871582031,79.80506134033203,1.2460044662083516,1.241894677734375,10,1.67352672536877,1.6499112447102866,2.6580446208688695,2.65996728283566,75.93197386289586,82.15514619325648,78.73895329236984,74.01766204833984,3.0622686453268644,3.7256926492631433,8.0,8.0,0.5366924641645027,0.0,3.764149906401761,3.1089432380220448,79.27564575653435,73.48096958417534,0.9520153542616617,0.038592816114068285,certain_temperate,547.4599533081055,623.0006124973297,POINT (558141.9927479045 8639554.53920084),ragna_mariebreen
ragna_mariebreen-20240412-DAT_0405_A1_1,3215.0,4105,78.58665466308594,558146.7383923803,8639555.670117307,627.2499389648438,2024-04-12 16:31:08+00:00,0,2024-04-29,25 MHz,20240412,74.77916169166565,77.52056121826172,78.89125061035156,1.1260580306646324,1.128996189880371,10,1.6590915937506436,2.3098856608072915,3.0598674937358945,3.0587846231602347,74.67659274402415,81.73521908458913,77.97745579481125,73.25616455078125,3.0622686453268644,3.7256926492631433,8.0,8.0,0.5366924641645027,0.0,3.764149906401761,3.1089432380220448,78.51414825897575,72.71947208661675,0.9515503874322728,0.03896677697320645,certain_temperate,548.6632843017578,623.4424459934235,POINT (558146.7383923803 8639555.670117307),ragna_mariebreen
ragna_mariebreen-20240412-DAT_0405_A1_1,3220.0,4110,77.21595001220703,558151.4840299283,8639556.801051242,627.7100830078125,2024-04-12 16:31:09+00:00,0,2024-04-29,25 MHz,20240412,73.40845704078674,76.7590560913086,77.97745513916016,0.9712213656845137,1.129001845550537,10,1.6331445663244457,2.6398646036783853,3.3031335830580058,3.2525862388922437,73.65485791782335,81.0816533126454,76.60675114393234,71.88545989990234,3.088062183367941,3.7256926492631433,8.0,8.0,0.5366924641645027,0.0,3.764149906401761,3.134352700229848,77.14344360809685,71.34876743573784,0.9506903305493443,0.03999254276972246,certain_temperate,550.4941329956055,623.9025900363922,POINT (558151.4840299283 8639556.801051242),ragna_mariebreen
ragna_mariebreen-20240412-DAT_0405_A1_1,3225.0,4114,76.14985656738281,558156.1982736145,8639557.744513908,628.1370849609375,2024-04-12 16:31:10+00:00,0,2024-04-29,25 MHz,20240412,72.34236359596252,75.84526062011719,77.3682632446289,0.9355409946245227,1.241905989074707,10,1.61299729140913,1.9798901875813801,2.839728138867143,2.7197357168661194,73.29149371278712,79.92203015195898,75.54065769910812,70.81936645507812,3.0880621833679416,3.7256926492631433,8.0,8.0,0.5366924641645027,0.0,3.764149906401761,3.134352700229849,76.07735016327263,70.28267399091362,0.9499999981214522,0.04055243598043293,certain_temperate,551.9872283935547,624.3295919895172,POINT (558156.1982736145 8639557.744513908),ragna_mariebreen
ragna_mariebreen-20240412-DAT_0405_A1_1,3230.0,4119,75.38835906982422,558161.8741871144,8639558.802999107,628.6482788085938,2024-04-12 16:31:11.200000+00:00,0,2024-04-29,25 MHz,20240412,71.58086609840393,74.62686157226562,76.14985656738281,1.09883679598357,1.4677029647827147,10,1.5986249945801234,1.9798901875813801,2.937638340744024,2.7718241885777624,72.08214802685873,78.6945701127897,74.77916020154953,69.90556907653809,3.096433935581004,3.7256926492631433,8.0,8.0,0.5366924641645027,0.0,3.764149906401761,3.142601138946626,75.31585266571403,69.36887661237358,0.9494949483129907,0.04107310430663581,certain_temperate,553.2599197387696,624.8407858371735,POINT (558161.8741871144 8639558.802999107),ragna_mariebreen
ragna_mariebreen-20240412-DAT_0405_A1_1,3235.0,4124,74.322265625,558166.7076349233,8639559.341939554,629.0802734375,2024-04-12 16:31:12.200000+00:00,0,2024-04-29,25 MHz,20240412,70.51477265357971,74.01766204833984,74.93146514892578,1.2052107228097046,1.129001845550537,10,1.5785308571748677,1.9798984527587893,2.772436242286987,2.804334223423692,71.48551719658079,77.46361000068484,73.71306675672531,68.83947563171387,3.096433935581004,3.7256926492631433,8.0,8.0,0.5366924641645027,0.0,3.764149906401761,3.142601138946626,74.24975922088981,68.30278316754936,0.9487704937490556,0.041662265130672324,certain_temperate,554.7580078125,625.2727804660797,POINT (558166.7076349233 8639559.341939554),ragna_mariebreen
ragna_mariebreen-20240412-DAT_0405_A1_1,3240.0,4129,73.56076049804688,558171.614804707,8639559.623366702,629.56708984375,2024-04-12 16:31:13.200000+00:00,0,2024-04-29,25 MHz,20240412,69.75326752662659,72.64696502685547,73.86536407470703,1.3762327561965293,1.6934886291503906,10,1.564197619874294,2.474875132242839,3.3822514470801965,3.2350792437655547,69.7192148472441,76.7931142543184,72.95156162977219,68.07797050476074,3.096433935581004,3.7256926492631433,8.0,8.0,0.5366924641645027,0.0,3.764149906401761,3.142601138946626,73.48825409393669,67.54127804059624,0.9482401630211343,0.04209355524081644,certain_temperate,556.0063293457031,625.7595968723297,POINT (558171.614804707 8639559.623366702),ragna_mariebreen
ragna_mariebreen-20240412-DAT_0405_A1_1,3245.0,4134,72.03776550292969,558176.2631101235,8639559.42846345,630.079335530599,2024-04-12 16:31:14.166666752+00:00,0,2024-04-29,25 MHz,20240412,68.2302725315094,71.73316955566406,73.86536407470703,1.614386645586149,1.5806014526367187,9,1.5355832323459495,3.134833017985026,3.831904861317468,3.8459638786080714,68.24243984482835,77.35609378554274,71.428566634655,66.55497550964355,3.096433935581004,3.7256926492631433,8.0,8.0,0.5366924641645027,0.0,3.764149906401761,3.142601138946626,71.9652590988195,66.01828304547905,0.947145876265895,0.042983481149968146,certain_temperate,558.0415700276693,626.2718425591787,POINT (558176.2631101235 8639559.42846345),ragna_mariebreen
ragna_mariebreen-20240412-DAT_0405_A1_1,3250.0,4140,70.66706848144531,558181.2659582954,8639559.025125597,630.6273315429687,2024-04-12 16:31:15.200000+00:00,0,2024-04-29,25 MHz,20240412,66.85957551002502,70.66706848144531,72.49466705322266,1.6858387986871126,1.3548044769287109,9,1.5098919918671376,2.4748668670654297,3.2000367197125796,3.353623755277502,67.76797554799134,75.39375998667663,70.05786961317062,65.18427848815918,3.122741154999886,3.7256926492631433,8.0,8.0,0.5366924641645027,0.0,3.764149906401761,3.168525070473798,70.59456207733513,64.64758602399468,0.9461206888408,0.04418948206150376,certain_temperate,559.9602630615234,626.8198385715484,POINT (558181.2659582954 8639559.025125597),ragna_mariebreen
ragna_mariebreen-20240412-DAT_0405_A1_1,3255.0,4145,69.7532730102539,558186.0381947916,8639558.407289136,631.16513671875,2024-04-12 16:31:16.200000+00:00,0,2024-04-29,25 MHz,20240412,65.94578003883362,69.7532730102539,71.58086395263672,1.6357956339373485,1.5805901412963865,9,1.492798592663192,2.309877395629883,3.1721044144010184,3.1999700900332786,67.00300371051269,74.33113325237794,69.14407414197922,64.27048301696777,3.122741154999886,3.7256926492631433,8.0,8.0,0.5366924641645027,0.0,3.764149906401761,3.168525070473798,69.68076660614372,63.73379055280327,0.9454148485496792,0.04476838175809807,certain_temperate,561.4118637084961,627.3576437473297,POINT (558186.0381947916 8639558.407289136),ragna_mariebreen
ragna_mariebreen-20240412-DAT_0405_A1_1,3260.0,4151,68.53487396240234,558191.554034094,8639557.299563924,631.8736083984375,2024-04-12 16:31:17.400000+00:00,0,2024-04-29,25 MHz,20240412,64.72738099098206,67.46878051757812,71.12397003173828,1.725835819812041,1.8063927726745606,8,1.4700515567887236,2.6398646036783853,3.520368099296134,3.479719239007263,64.44720200538107,74.14554854393533,67.92567509412766,63.05208396911621,3.122741154999886,3.7256926492631433,8.0,8.0,0.5366924641645027,0.16499127944310507,3.767764143382207,3.17281787131144,68.48715610305248,62.49060296019139,0.9444444448309769,0.045564264942151864,certain_temperate,563.3387344360351,628.0661154270172,POINT (558191.554034094 8639557.299563924),ragna_mariebreen
ragna_mariebreen-20240412-DAT_0405_A1_1,3265.0,4156,67.31647491455078,558196.0752680453,8639556.298822451,632.4759887695312,2024-04-12 16:31:18.400000+00:00,0,2024-04-29,25 MHz,20240412,63.66128158569336,67.16417694091797,70.21016693115234,1.7582909551760355,0.9032105255126953,7,1.4473572875998995,2.6398646036783853,3.143169975855505,3.486447379034485,64.15357430295285,73.22076956911746,66.70727604627609,61.83368492126465,3.1262541341629793,3.6127931009709835,8.0,8.0,0.5362687528735285,0.16499127944310507,3.65610178852071,3.176203899149411,67.26835206394286,61.27260890359788,0.9457013556711459,0.04644114443204786,certain_temperate,565.1595138549804,628.8207954406738,POINT (558196.0752680453 8639556.298822451),ragna_mariebreen
ragna_mariebreen-20240412-DAT_0405_A1_1,3270.0,4162,66.09807586669922,558201.3558047377,8639555.181203682,633.1796997070312,2024-04-12 16:31:19.600000+00:00,0,2024-05-06,25 MHz,20240412,62.4428825378418,65.79347229003906,69.14407348632812,2.0009837301552134,2.032195404052734,7,1.4247183066529223,2.6398646036783853,3.6233307245294437,3.605917812071135,62.793687734597455,72.14385804176973,65.48887699842453,60.615285873413086,3.1262541341629793,3.6127931009709835,8.0,8.0,0.5362687528735285,0.0,3.652377056894874,3.1719156808905953,66.02514575129806,60.07901712053956,0.9447004579039654,0.04729720333263155,certain_temperate,567.081623840332,629.5245063781738,POINT (558201.3558047377 8639555.181203682),ragna_mariebreen
ragna_mariebreen-20240412-DAT_0405_A1_1,3275.0,4168,64.87967681884766,558206.1301580333,8639554.762107449,633.9404093424479,2024-04-12 16:31:20.666666752+00:00,0,2024-04-29,25 MHz,20240412,61.224483489990234,64.2704849243164,67.9256820678711,2.356841926548141,3.612796856689453,7,1.4021372920107529,2.804849942525228,4.78387638985752,3.922738335967131,61.13469599874584,71.06147099344166,64.27047795057297,59.39688682556152,3.1533633227076465,3.6127931009709835,8.0,8.0,0.5362687528735285,0.0,3.652377056894874,3.198637900780008,64.80674670344649,58.860618072688,0.943661967690388,0.04860325262581439,certain_temperate,569.0607325236002,630.2852160135905,POINT (558206.1301580333 8639554.762107449),ragna_mariebreen
ragna_mariebreen-20240412-DAT_0405_A1_1,3280.0,4174,63.50898361206055,558211.391366044,8639555.157907212,634.6857055664062,2024-04-12 16:31:21.800000+00:00,0,2024-04-29,25 MHz,20240412,59.853790283203125,62.74748611450195,66.707275390625,2.9516306279579907,3.386991397476196,6,1.376806594905323,2.3098732630411787,4.324675897413013,3.9928979770320923,60.05841361806618,69.39634788706077,62.89978474378586,58.026193618774414,3.1533633227076465,3.6127931009709835,8.0,8.0,0.5362687528735285,0.0,3.652377056894874,3.198637900780008,63.43605349665938,57.48992486590089,0.9424460427333419,0.049652240413257276,certain_temperate,571.1767219543457,631.0305122375488,POINT (558211.391366044 8639555.157907212),ragna_mariebreen
ragna_mariebreen-20240412-DAT_0405_A1_1,3285.0,4178,62.74748611450195,558215.4226329792,8639556.767787816,635.0256551106771,2024-04-12 16:31:22.666666752+00:00,0,2024-05-06,25 MHz,20240412,59.09229278564453,61.68138122558594,65.9457778930664,3.236027140240204,3.612796856689453,6,1.3627688011823011,2.1448879241943364,4.41701076980074,4.114554005624635,59.140184064240415,68.48697505441193,62.138287246227264,57.26469612121582,3.1533633227076465,3.6127931009709835,8.0,8.0,0.5362687528735285,0.0,3.652377056894874,3.198637900780008,62.67455599910079,56.728427368342295,0.9417475734057711,0.05025481525990335,certain_temperate,572.2781689961752,631.3704617818197,POINT (558215.4226329792 8639556.767787816),ragna_mariebreen
ragna_mariebreen-20240412-DAT_0405_A1_1,3290.0,4183,61.52908706665039,558220.5778474088,8639559.260818938,635.3941379123264,2024-04-12 16:31:23.777777664+00:00,0,2024-04-29,25 MHz,20240412,57.87389373779297,60.462989807128906,64.87967681884766,3.4326590618710986,3.9514866645812985,6,1.3403624219225851,2.14489205678304,4.691628738265315,4.263834142224452,57.93373431245203,67.40893231352453,60.9198881983757,56.04629707336426,3.1220113712336195,3.6127931009709835,8.0,8.0,0.5362687528735285,0.0,3.652377056894874,3.1677340761845136,61.45615695124923,55.51002832049073,0.9405940587920962,0.050740414332033745,certain_temperate,573.865050845676,631.738944583469,POINT (558220.5778474088 8639559.260818938),ragna_mariebreen
ragna_mariebreen-20240412-DAT_0405_A1_1,3295.0,4187,60.76758575439453,558224.3032642487,8639562.246856283,635.5867614746094,2024-04-12 16:31:24.750000128+00:00,0,2024-04-29,25 MHz,20240412,57.11239242553711,59.549190521240234,64.11817932128906,3.488626314516456,4.064393635940552,6,1.3263935280930306,2.6398604710896816,5.02468692816408,4.571509232247659,56.59484066074827,67.07252918178104,60.15838688611984,55.2847957611084,3.1220113712336195,3.6127931009709835,8.0,8.0,0.5362687528735285,0.0,3.652377056894874,3.1677340761845136,60.69465563899337,54.74852700823487,0.9398496207561926,0.05137626141429923,certain_temperate,574.8191757202148,631.931568145752,POINT (558224.3032642487 8639562.246856283),ragna_mariebreen
ragna_mariebreen-20240412-DAT_0405_A1_1,3300.0,4193,59.09229278564453,558227.3528354756,8639565.959404582,635.9579119001116,2024-04-12 16:31:25.714285568+00:00,0,2024-04-29,25 MHz,20240412,55.43709945678711,59.09229278564453,62.899784088134766,3.9597928707423247,2.258003691101074,5,1.295762179825347,2.1448879241943364,3.373147566153384,4.686096820724275,56.586390985090404,65.4056858886889,58.48309391736984,53.6095027923584,3.1502094731259573,3.6127931009709835,8.0,8.0,0.5362687528735285,0.0,3.652377056894874,3.1955287355742947,59.01936267024337,53.07323403948487,0.9381443305624216,0.053309988910960775,certain_temperate,576.8656191144671,632.3027185712542,POINT (558227.3528354756 8639565.959404582),ragna_mariebreen
ragna_mariebreen-20240412-DAT_0405_A1_1,3305.0,4197,58.787689208984375,558229.6462014153,8639569.779662918,636.5117390950521,2024-04-12 16:31:26.666666752+00:00,0,2024-04-29,25 MHz,20240412,55.13249588012695,56.9600944519043,62.138282775878906,4.615086216912767,3.8385910045623777,4,1.2902081076372351,0.9899492263793946,4.1688628344105085,4.893225645865947,55.333860633592174,63.76451659419103,58.178490340709686,53.30489921569824,3.1502094731259573,3.6127931009709835,8.0,8.0,0.5362687528735285,0.0,3.652377056894874,3.1955287355742947,58.71475909358321,52.76863046282472,0.9378238304985322,0.05358621023403857,certain_temperate,577.7240498860677,632.8565457661947,POINT (558229.6462014153 8639569.779662918),ragna_mariebreen
ragna_mariebreen-20240412-DAT_0405_A1_1,3310.0,4204,58.17849349975586,558231.5256835545,8639574.672886947,637.3197980608259,2024-04-12 16:31:27.857143040+00:00,0,2024-04-29,25 MHz,20240412,54.52330017089844,55.13249969482422,60.76758575439453,5.116605441500658,4.177289295959472,4,1.279114866757655,1.154934565226237,4.518822253027038,5.3990425018061226,53.409128378968354,62.490957070250396,57.56929463148117,52.69570350646973,3.1502094731259573,3.6127931009709835,8.0,8.0,0.5362687528735285,0.0,3.652377056894874,3.1955287355742947,58.105563384354696,52.1594347535962,0.9371727745258175,0.0541473194581633,certain_temperate,579.14130456107,633.6646047319684,POINT (558231.5256835545 8639574.672886947),ragna_mariebreen
ragna_mariebreen-20240412-DAT_0405_A1_1,3315.0,4209,57.721595764160156,558232.225395162,8639580.034923466,638.206797281901,2024-04-12 16:31:29.166666752+00:00,0,2024-04-29,25 MHz,20240412,54.066402435302734,53.914100646972656,59.85379409790039,5.435163971120447,4.403094755172729,4,1.2708080291784614,0.5371796364007995,4.614190983457202,5.607541564870824,52.534421333223214,61.23347341164983,57.11239689588547,52.23880577087402,3.1502094731259573,3.6127931009709835,8.0,8.0,0.5362687528735285,0.0038370064986768624,3.6523790723788427,3.1955310392014535,57.64867937548684,51.70252329127265,0.9366754629620451,0.05457592485829974,certain_temperate,580.4852015177408,634.5516039530436,POINT (558232.225395162 8639580.034923466),ragna_mariebreen
ragna_mariebreen-20240412-DAT_0405_A1_1,3530.0,4460,56.04629898071289,558101.0588464444,8639649.53015525,628.43701171875,2024-04-12 16:32:19+00:00,0,2024-04-29,25 MHz,20240412,52.543405294418335,56.04629898071289,61.68138122558594,6.152230031989438,4.515979103851318,5,1.2404495361658947,2.5976533815842267,5.355425791573618,6.792381946647502,53.16766768396262,64.56001252233621,55.4371001124382,50.56350898742676,2.7665868662521422,2.370895462846756,8.0,8.0,0.5358620211127049,0.0038370064986768624,2.430701158932788,2.818007401837105,55.9729758706974,50.02763322916756,0.9375,0.04936252556487633,certain_temperate,572.3907127380371,624.9341180324554,POINT (558101.0588464444 8639649.53015525),ragna_mariebreen
ragna_mariebreen-20240412-DAT_0405_A1_1,3535.0,4465,58.48309326171875,558096.9604789097,8639647.030359022,627.7337646484375,2024-04-12 16:32:20+00:00,0,2024-04-29,25 MHz,20240412,54.980199575424194,58.48309326171875,63.661285400390625,5.5973004164171725,5.193392653656006,5,1.2846590516489413,5.279720942179362,7.516457234716304,7.800998273163168,53.04932825886199,69.09505040324738,57.87389439344406,53.15260314941406,2.7543580381696193,2.370895462846756,8.0,8.0,0.5358620211127049,0.0,2.430698130459298,2.806000054900318,58.40975641455677,52.616741128301356,0.9401041653077635,0.0470966545125023,certain_temperate,569.2506713867188,624.230870962143,POINT (558096.9604789097 8639647.030359022),ragna_mariebreen
ragna_mariebreen-20240412-DAT_0405_A1_1,3540.0,4470,60.91988754272461,558093.344361847,8639643.34078318,626.96337890625,2024-04-12 16:32:21+00:00,0,2024-04-29,25 MHz,20240412,57.416993856430054,60.91988754272461,65.79347229003906,4.864775420884326,4.515979103851318,5,1.329185118517088,5.1147314707438145,6.951350830128359,7.18284421331444,55.63526730120257,71.0780925315611,60.31068867444992,55.58939743041992,2.7543580381696193,2.370895462846756,8.0,8.0,0.5358620211127049,0.0,2.430698130459298,2.806000054900318,60.84655069556263,55.053535409307216,0.9424999974952697,0.04521278927571756,certain_temperate,566.0434913635254,623.4604852199554,POINT (558093.344361847 8639643.34078318),ragna_mariebreen
ragna_mariebreen-20240412-DAT_0405_A1_1,3545.0,4475,63.204383850097656,558090.2694409463,8639639.860184224,626.3585815429688,2024-04-12 16:32:22+00:00,0,2024-04-29,25 MHz,20240412,59.7014901638031,63.204383850097656,67.77336883544922,4.2294366908613465,2.709591986846924,5,1.371188409792102,5.609704017639159,6.37893608338022,7.158007512057339,57.42953001466034,73.54822267088653,62.59518498182297,57.72159385681152,2.766586866252142,2.370895462846756,8.0,8.0,0.5358620211127049,0.0,2.430698130459298,2.818004789596682,63.131047002935674,57.18573183569882,0.9445783112987479,0.043772072405826756,certain_temperate,563.1541976928711,622.8556878566742,POINT (558090.2694409463 8639639.860184224),ragna_mariebreen
ragna_mariebreen-20240412-DAT_0405_A1_1,3550.0,4481,66.09807586669922,558087.019247597,8639635.41032765,625.7166442871094,2024-04-12 16:32:23.166666752+00:00,0,2024-04-29,25 MHz,20240412,62.59518218040466,65.031982421875,71.12397003173828,3.391551262479269,4.515996070861816,7,1.4247183066529223,7.2596193949381504,8.66753232037317,8.13845906659847,57.633881583641305,78.52207086997198,65.48887699842453,60.615285873413086,2.779805056011869,2.4837950111389158,8.0,8.0,0.5358620211127049,0.0,2.5409419046939186,2.8309829132476483,66.02473901953724,60.07942385230038,0.9470046042889526,0.0420557636445868,certain_temperate,559.6185684204102,622.2137506008148,POINT (558087.019247597 8639635.41032765),ragna_mariebreen
ragna_mariebreen-20240412-DAT_0405_A1_1,3555.0,4487,69.90557098388672,558084.4370948874,8639631.60918401,625.2382751464844,2024-04-12 16:32:24.200000+00:00,0,2024-04-29,25 MHz,20240412,66.40267729759216,67.9256820678711,71.58086395263672,2.392538843379614,3.2740900817871093,8,1.49564552679881,5.279720942179362,6.38999801508399,5.986372097205526,62.43820461742807,77.06834140307974,69.29637211561203,64.42278099060059,2.7939986478587144,2.5966949129104613,8.0,8.0,0.5358620211127049,0.0,2.651409545205354,2.844921185183751,69.83223413672474,63.88691896948788,0.9498910653758629,0.03996818291496014,certain_temperate,555.3327041625977,621.7353814601898,POINT (558084.4370948874 8639631.60918401),ragna_mariebreen
ragna_mariebreen-20240412-DAT_0405_A1_1,3560.0,4493,70.97166442871094,558081.7306646485,8639627.027100809,624.7090637207032,2024-04-12 16:32:25.400000+00:00,0,2024-04-29,25 MHz,20240412,67.46877074241638,70.21016693115234,72.64696502685547,1.8277747347505626,2.258003691101074,9,1.5155958764501247,2.309877395629883,3.5680730251188226,3.31260093046944,67.4474573113127,75.40967464669511,70.36246556043625,65.4888744354248,2.809152817573341,2.709594814682007,8.0,8.0,0.5358620211127049,0.0,2.7620738884799247,2.85980552803005,70.89832758154895,64.9530124143121,0.9506437715038638,0.03958132925563634,certain_temperate,553.7373992919922,621.2061700344086,POINT (558081.7306646485 8639627.027100809),ragna_mariebreen
ragna_mariebreen-20240412-DAT_0405_A1_1,3565.0,4498,72.03776550292969,558079.5302032956,8639623.211012006,624.2866943359375,2024-04-12 16:32:26.400000+00:00,0,2024-04-29,25 MHz,20240412,68.53487181663513,71.4285659790039,72.9515609741211,1.767668733081448,1.9192969161987303,10,1.5355832323459495,2.8048540751139326,3.7294668383932876,3.6537480750674423,68.23087583670662,76.14925111641838,71.428566634655,66.55497550964355,2.809152817573341,2.709594814682007,8.0,8.0,0.5358620211127049,0.0,2.7620738884799247,2.85980552803005,71.9644286557677,66.01911348853085,0.9513742040464581,0.03899555737134984,certain_temperate,552.2489288330078,620.7838006496429,POINT (558079.5302032956 8639623.211012006),ragna_mariebreen
ragna_mariebreen-20240412-DAT_0405_A1_1,3570.0,4504,73.56076049804688,558077.1531729285,8639618.642809078,623.8394775390625,2024-04-12 16:32:27.600000+00:00,0,2024-04-29,25 MHz,20240412,70.05786681175232,72.9515609741211,74.16996765136719,1.5551484092537309,1.9192969161987303,10,1.564197619874294,2.9698435465494795,3.8665728413586047,3.6993474370226984,69.59497269358951,77.52655593189877,72.95156162977219,68.07797050476074,2.8252520562028764,2.8224943629741666,8.0,8.0,0.5358620211127049,0.0,2.8729118564083964,2.8756212001495562,73.48742365088489,67.54210848364804,0.9523809479051326,0.038407053394695266,certain_temperate,550.2787170410156,620.336583852768,POINT (558077.1531729285 8639618.642809078),ragna_mariebreen
ragna_mariebreen-20240412-DAT_0405_A1_1,3575.0,4510,74.77915954589844,558075.0977146935,8639614.088152375,623.4582275390625,2024-04-12 16:32:28.800000+00:00,0,2024-04-29,25 MHz,20240412,71.27626585960388,74.01766204833984,76.30215454101562,1.3712606644838723,1.9192912605285644,10,1.5871386457888212,2.9698435465494795,3.875907469829393,3.635840423051968,70.65032188554994,79.66949470380553,74.16996067762375,69.2963695526123,2.842280404541469,2.935394264745712,8.0,8.0,0.5358620211127049,0.0,2.983904756384327,2.8923530219721463,74.70582269873645,68.7605075314996,0.9531568192586528,0.03800899103174482,certain_temperate,548.679067993164,619.9553338527679,POINT (558075.0977146935 8639614.088152375),ragna_mariebreen
ragna_mariebreen-20240412-DAT_0405_A1_1,3580.0,4516,76.30215454101562,558073.2186753107,8639609.141991293,623.1084638323102,2024-04-12 16:32:30.071428608+00:00,0,2024-04-29,25 MHz,20240412,72.79926085472107,75.54065704345703,77.21595001220703,1.128800418687172,1.3548044769287109,10,1.6158736073840716,2.8048623402913413,3.5091017987130426,3.428190579336768,72.30363676810734,80.45297028755672,75.69295567274094,70.81936454772949,2.860221162610614,3.0482938130378723,8.0,8.0,0.5358620211127049,0.0,3.095035262525447,2.909985086682852,76.22881769385364,70.28350252661679,0.9540918115960723,0.03748545738735496,certain_temperate,546.8063092912946,619.6055701460157,POINT (558073.2186753107 8639609.141991293),ragna_mariebreen
ragna_mariebreen-20240412-DAT_0405_A1_1,3585.0,4522,77.3682632446289,558071.3592333186,8639604.116868582,622.761008126395,2024-04-12 16:32:31.357143040+00:00,0,2024-04-29,25 MHz,20240412,73.86536955833435,77.3682632446289,77.97745513916016,0.9660331759549152,0.5644924392700195,10,1.6360254469280355,2.474875132242839,3.019973161666028,3.1200651083327777,74.40151651071479,80.94420187307428,76.75906437635422,71.88547325134277,2.860221162610614,3.0482938130378723,8.0,8.0,0.5358620211127049,0.0,3.095035262525447,2.909985086682852,77.29492639746692,71.34961123023007,0.9547244110260193,0.036968920364244796,certain_temperate,545.3927448817661,619.2581144401005,POINT (558071.3592333186 8639604.116868582),ragna_mariebreen
ragna_mariebreen-20240412-DAT_0405_A1_1,3590.0,4527,78.58665466308594,558069.6794935266,8639600.00889278,622.4727294921875,2024-04-12 16:32:32.400000+00:00,0,2024-04-29,25 MHz,20240412,75.08376097679138,78.28205871582031,78.89125061035156,0.927934455074043,0.5644980949401855,10,1.6590915937506436,2.47486686706543,3.032525189564533,3.120675131933132,75.3025367866927,81.87077253947918,77.97745579481125,73.1038646697998,2.8790573847572696,3.1611937148094174,8.0,8.0,0.5358620211127049,0.0,3.2062897261822045,2.9285012430245545,78.51331781592395,72.5680026486871,0.9554263544960395,0.03663544907338616,certain_temperate,543.8860748291015,618.9698358058929,POINT (558069.6794935266 8639600.00889278),ragna_mariebreen
ragna_mariebreen-20240412-DAT_0405_A1_1,3595.0,4533,79.65275573730469,558067.2741003471,8639594.99270651,622.10087890625,2024-04-12 16:32:33.600000+00:00,0,2024-04-29,25 MHz,20240412,76.14986205101013,79.19585418701172,79.95735168457031,1.0434979685734556,0.6773965827941895,10,1.679304796223333,1.8149089813232422,2.5637521993140644,2.683812068592618,76.72321203556594,82.4299938360161,79.04355686903,74.16996574401855,2.898771498089738,3.2740932631015776,8.0,8.0,0.5358620211127049,0.0,3.317655015392367,2.947884716845015,79.5794188901427,73.63410372290585,0.956022944167216,0.036392607779320345,certain_temperate,542.4481231689454,618.5979852199555,POINT (558067.2741003471 8639594.99270651),ragna_mariebreen
ragna_mariebreen-20240412-DAT_0405_A1_1,3600.0,4538,80.26195526123047,558064.8458811329,8639591.451393714,621.785439231179,2024-04-12 16:32:34.545454592+00:00,0,2024-04-29,25 MHz,20240412,76.75906157493591,79.80506134033203,80.87115478515625,1.1691744835618083,1.129001845550537,10,1.690867406079585,1.3199323018391926,2.4240253780926744,2.4429946457970053,77.66000799218872,83.01620813329956,79.65275639295578,74.77916526794434,2.919345839830406,3.386993164873123,8.0,8.0,0.5358620211127049,0.0,3.429120995906713,2.968118636140761,80.18861841406849,74.24330324683163,0.9563567362034279,0.03637272267201493,certain_temperate,541.5234839699485,618.2825455448844,POINT (558064.8458811329 8639591.451393714),ragna_mariebreen
ragna_mariebreen-20240412-DAT_0405_A1_1,3605.0,4545,80.87115478515625,558061.1717151665,8639587.268653246,621.3605624112216,2024-04-12 16:32:35.818181632+00:00,0,2024-04-29,25 MHz,20240412,77.3682610988617,80.56654357910156,81.63265228271484,1.2293480374778152,0.7903120376586914,10,1.7024386833345513,1.3199323018391926,2.2945831579658695,2.480285336247212,78.41235724733906,83.78683861447735,80.26195591688156,75.23606538772583,2.9306036596385785,3.386993164873123,8.0,8.0,0.5358620211127049,0.0,3.429120995906713,2.979192158213032,80.79781793799427,74.70020336661312,0.9566854993526381,0.03623793511325605,certain_temperate,540.4894076260654,617.8576687249271,POINT (558061.1717151665 8639587.268653246),ragna_mariebreen
ragna_mariebreen-20240412-DAT_0405_A1_1,3610.0,4550,81.48035430908203,558058.1428318813,8639584.182724647,621.0177368164062,2024-04-12 16:32:36.800000+00:00,0,2024-04-29,25 MHz,20240412,77.97746062278748,81.17575073242188,82.24185180664062,1.2534329982098475,0.7903007263183593,10,1.7140184524483444,1.4849217732747397,2.4015468277962313,2.591128365998131,78.90796504411735,84.50963749494515,80.87115544080734,75.84526491165161,2.9306036596385785,3.386993164873123,8.0,8.0,0.5358620211127049,0.0,3.429120995906713,2.979192158213032,81.40701746192005,75.3094028905389,0.9570093464124257,0.03596699700791464,certain_temperate,539.5373825073242,617.5148431301117,POINT (558058.1428318813 8639584.182724647),ragna_mariebreen
ragna_mariebreen-20240412-DAT_0405_A1_1,3615.0,4556,82.24185180664062,558054.2769793741,8639580.25934491,620.5750732421875,2024-04-12 16:32:38+00:00,0,2024-04-29,25 MHz,20240412,78.73895812034607,81.78495025634766,82.85104370117188,1.2116131107126282,0.7903007263183593,10,1.7285048092019228,1.484913508097331,2.411902203652425,2.580833844325285,79.50620125701401,85.12979270050552,81.63265293836594,76.6067624092102,2.930603659638579,3.386993164873123,8.0,8.0,0.5358620211127049,0.0,3.429120995906713,2.979192158213032,82.16851495947864,76.0709003880975,0.9574074074288814,0.03563396975214932,certain_temperate,538.3332214355469,617.072179555893,POINT (558054.2769793741 8639580.25934491),ragna_mariebreen
ragna_mariebreen-20240412-DAT_0405_A1_1,3620.0,4561,82.85104370117188,558050.9900703626,8639577.142263727,620.211181640625,2024-04-12 16:32:39+00:00,0,2024-04-29,25 MHz,20240412,79.34815001487732,82.24185180664062,83.46024322509766,1.179270616202445,1.016092046356201,10,1.7401029213668358,1.319924036661784,2.4088587933241885,2.4821033068237566,80.05778275106869,85.6443122806696,82.24184483289719,77.21595430374146,2.930603659638579,3.386993164873123,8.0,8.0,0.5358620211127049,0.0,3.429120995906713,2.979192158213032,82.77770685400989,76.68009228262875,0.9577205846805161,0.03537195826052252,certain_temperate,537.3601379394531,616.7082879543304,POINT (558050.9900703626 8639577.142263727),ragna_mariebreen
ragna_mariebreen-20240412-DAT_0405_A1_1,3625.0,4567,83.46024322509766,558047.6524411257,8639573.4476219,619.8349831321023,2024-04-12 16:32:40.090908928+00:00,0,2024-04-29,25 MHz,20240412,79.9573495388031,82.85104370117188,84.06945037841797,1.168293876166042,1.016103357696533,10,1.7517091310137605,1.3199405670166016,2.4172699505134423,2.4850832101199685,80.65770652232018,86.26278755726966,82.85104435682297,77.82515382766724,2.9306036596385785,3.386993164873123,8.0,8.0,0.5358620211127049,0.0,3.429120995906713,2.979192158213032,83.38690637793567,77.28929180655453,0.9580291938899935,0.035113768500944234,certain_temperate,536.3747399070046,616.3320894458077,POINT (558047.6524411257 8639573.4476219),ragna_mariebreen
ragna_mariebreen-20240412-DAT_0405_A1_1,3630.0,4573,84.06945037841797,558044.2544761356,8639569.709824022,619.451318359375,2024-04-12 16:32:41.200000+00:00,0,2024-04-29,25 MHz,20240412,80.56655669212341,83.61254119873047,84.5263442993164,1.201892345896912,0.9032048698425292,10,1.7633232814126036,0.9899450937906901,2.214741366480346,2.352412696492168,81.59033935828724,86.54854613975964,83.46025151014328,78.43436098098755,2.9306036596385785,3.386993164873123,8.0,8.0,0.5358620211127049,0.0,3.429120995906713,2.979192158213032,83.99611353125599,77.89849895987484,0.9583333342786572,0.03485931746249305,certain_temperate,535.381867980957,615.9484246730805,POINT (558044.2544761356 8639569.709824022),ragna_mariebreen
ragna_mariebreen-20240412-DAT_0405_A1_1,3635.0,4579,84.37403869628906,558040.2465210897,8639565.426784493,618.9892578125,2024-04-12 16:32:42.500000+00:00,0,2024-04-29,25 MHz,20240412,80.8711450099945,84.22174835205078,84.98324584960938,1.2129930556157316,1.016103357696533,10,1.7691329408411212,0.8249556223551433,2.200647444445994,2.2982026225284193,82.26972808032599,86.93526612133417,83.76483982801437,78.73894929885864,2.896555846783691,3.386993164873123,8.0,8.0,0.5358620211127049,0.0,3.429120995906713,2.945706006920544,84.30070184912708,78.20308727774594,0.958483749973099,0.03432994190559101,certain_temperate,534.6152191162109,615.4863641262054,POINT (558040.2465210897 8639565.426784493),ragna_mariebreen
ragna_mariebreen-20240412-DAT_0405_A1_1,3640.0,4583,84.83094787597656,558037.4247049345,8639562.459629089,618.658447265625,2024-04-12 16:32:43.400000+00:00,0,2024-04-29,25 MHz,20240412,81.328054189682,84.5263442993164,85.287841796875,1.2167029761654347,1.1289905342102051,10,1.7778514805839831,1.154942830403646,2.40193015195107,2.444384372541535,82.40628561415804,87.40790048203337,84.22174900770187,79.19585847854614,2.896555846783691,3.386993164873123,8.0,8.0,0.5358620211127049,0.0,3.429120995906713,2.945706006920544,84.75761102881458,78.65999645743344,0.958707361240195,0.034145036915283276,certain_temperate,533.8274993896484,615.1555535793304,POINT (558037.4247049345 8639562.459629089),ragna_mariebreen
ragna_mariebreen-20240412-DAT_0405_A1_1,3645.0,4589,85.44013977050781,558033.560292946,8639558.499140227,618.2119262695312,2024-04-12 16:32:44.600000+00:00,0,2024-04-29,25 MHz,20240412,81.93724608421326,85.13554382324219,85.74474334716797,1.2465255090253822,1.128996189880371,10,1.789482325590718,1.154934565226237,2.410550401945638,2.467781734312593,83.00572673166933,87.87456043874083,84.83094090223312,79.80505037307739,2.896555846783691,3.386993164873123,8.0,8.0,0.5358620211127049,0.0,3.429120995906713,2.945706006920544,85.36680292334583,79.26918835196469,0.9590017795417549,0.033901581324232835,certain_temperate,532.7717864990234,614.7090325832366,POINT (558033.560292946 8639558.499140227),ragna_mariebreen
ragna_mariebreen-20240412-DAT_0405_A1_1,3650.0,4594,85.89704132080078,558030.296790571,8639555.19692656,617.8371215820313,2024-04-12 16:32:45.600000+00:00,0,2024-04-29,25 MHz,20240412,82.39414763450623,85.59244537353516,86.2016372680664,1.3110164329114156,1.241883366394043,10,1.7982104112330521,1.1549428304036458,2.4717863824153428,2.5072330789002244,83.4552851959706,88.33879744563096,85.28784245252609,80.26195192337036,2.896555846783691,3.386993164873123,8.0,8.0,0.5358620211127049,0.0,3.429120995906713,2.945706006920544,85.8237044736388,79.72608990225766,0.9592198563252924,0.03372125281901022,certain_temperate,531.9400802612305,614.3342278957367,POINT (558030.296790571 8639555.19692656),ragna_mariebreen
ragna_mariebreen-20240412-DAT_0405_A1_1,3655.0,4599,86.50624084472656,558026.6839107346,8639551.606974907,617.4022013346354,2024-04-12 16:32:46.666666752+00:00,0,2024-04-29,25 MHz,20240412,83.003347158432,86.04933166503906,86.65853881835938,1.380626311246037,1.3548044769287109,10,1.809854105179292,0.989953358968099,2.468010272602737,2.4822789017899254,83.9864260600812,88.72144442331724,85.89704197645187,80.87115144729614,2.896555846783691,3.386993164873123,8.0,8.0,0.5358620211127049,0.0,3.429120995906713,2.945706006920544,86.43290399756458,80.33528942618344,0.9595070407396151,0.03348377895628169,certain_temperate,530.8959604899088,613.8993076483408,POINT (558026.6839107346 8639551.606974907),ragna_mariebreen
ragna_mariebreen-20240412-DAT_0405_A1_1,3660.0,4604,86.81084442138672,558022.848575448,8639547.825635923,616.9290432400173,2024-04-12 16:32:47.777777664+00:00,0,2024-04-29,25 MHz,20240412,83.30795073509216,86.35395050048828,87.11544036865234,1.4849544778819848,1.4676859977722168,10,1.81567868403572,0.8249638875325522,2.476157645920617,2.4864320422598047,84.35964498242078,89.10974588671985,86.20164555311203,81.1757550239563,2.896555846783691,3.386993164873123,8.0,8.0,0.5358620211127049,0.0,3.429120995906713,2.945706006920544,86.73750757422474,80.63989300284359,0.9596491232213888,0.03336629042246818,certain_temperate,530.1181988186306,613.4261495537228,POINT (558022.848575448 8639547.825635923),ragna_mariebreen
ragna_mariebreen-20240412-DAT_0405_A1_1,3665.0,4609,87.26774597167969,558019.2509867635,8639544.120505622,616.4140991210937,2024-04-12 16:32:48.800000+00:00,0,2024-04-29,25 MHz,20240412,83.76485228538513,86.81084442138672,87.72463989257812,1.5582098223146845,1.5805957969665527,10,1.8244187553275828,0.8249473571777344,2.5509459050112975,2.53713613889037,84.80858521316577,89.72689910079907,86.658547103405,81.63265657424927,2.896555846783691,3.386993164873123,8.0,8.0,0.5358620211127049,0.0,3.429120995906713,2.945706006920544,87.1944091245177,81.09679455313656,0.9598603854460579,0.03319159690137622,certain_temperate,529.146353149414,612.9112054347992,POINT (558019.2509867635 8639544.120505622),ragna_mariebreen
ragna_mariebreen-20240412-DAT_0405_A1_1,3670.0,4613,87.57233428955078,558016.4204537307,8639541.171647917,615.9914794921875,2024-04-12 16:32:49.600000+00:00,0,2024-04-29,25 MHz,20240412,84.06944060325623,87.26774597167969,88.02924346923828,1.563417056753897,1.4676916534423827,10,1.830247385783772,0.9899450937906901,2.5463533869973793,2.602704300384046,85.18692959778011,90.11005984313786,86.96313542127609,81.93724489212036,2.896555846783691,3.386993164873123,8.0,8.0,0.5358620211127049,0.0,3.429120995906713,2.945706006920544,87.4989974423888,81.40138287100766,0.9599999964062563,0.033076152077966374,certain_temperate,528.4191452026367,612.488585805893,POINT (558016.4204537307 8639541.171647917),ragna_mariebreen
ragna_mariebreen-20240412-DAT_0405_A1_1,3675.0,4619,88.1815414428711,558012.6673275806,8639537.364840366,615.4496256510416,2024-04-12 16:32:50.666666752+00:00,0,2024-04-29,25 MHz,20240412,84.67864775657654,87.72463989257812,88.63843536376953,1.6153802929882235,1.354798821258545,10,1.8419103399721488,1.3199323018391926,2.640139168305029,2.7828597652252522,85.45861805200933,90.90445720433833,87.5723425745964,82.54645204544067,2.896555846783691,3.386993164873123,8.0,8.0,0.5358620211127049,0.0,3.429120995906713,2.945706006920544,88.10820459570911,82.01059002432797,0.9602763386874573,0.032847643615531955,certain_temperate,527.2680842081705,611.9467319647471,POINT (558012.6673275806 8639537.364840366),ragna_mariebreen
ragna_mariebreen-20240412-DAT_0405_A1_1,3680.0,4624,88.79073333740234,558009.3707835858,8639534.098524734,614.9956420898437,2024-04-12 16:32:51.600000+00:00,0,2024-04-29,25 MHz,20240412,85.28783965110779,88.1815414428711,89.0953369140625,1.6415750030962384,1.4676916534423827,10,1.8535797071174138,1.319924036661784,2.7077806378618363,2.8058377864704567,85.90602893066752,91.37084942626608,88.18153446912766,83.15564393997192,2.896555846783691,3.386993164873123,8.0,8.0,0.5358620211127049,0.0,3.429120995906713,2.945706006920544,88.71739649024036,82.61978191885922,0.9605488821340887,0.03262227642356391,certain_temperate,526.2049087524414,611.4927484035492,POINT (558009.3707835858 8639534.098524734),ragna_mariebreen
ragna_mariebreen-20240412-DAT_0405_A1_1,3685.0,4630,89.39993286132812,558005.0590887914,8639530.119315052,614.4477172851563,2024-04-12 16:32:52.800000+00:00,0,2024-04-29,25 MHz,20240412,85.89703917503357,88.63843536376953,89.8568344116211,1.7102405777404988,1.354798821258545,10,1.8652557996811028,1.1549428304036458,2.57847861845475,2.7817251793617084,86.44456386804679,92.05070590734384,88.79073399305344,83.7648434638977,2.896555846783691,3.386993164873123,8.0,8.0,0.5358620211127049,0.0,3.429120995906713,2.945706006920544,89.32659601416614,83.228981442785,0.9608177145756023,0.03239997787556123,certain_temperate,525.0477844238281,610.9448235988617,POINT (558005.0590887914 8639530.119315052),ragna_mariebreen
ragna_mariebreen-20240412-DAT_0405_A1_1,3690.0,4635,89.8568344116211,558001.4424829049,8639526.89540785,614.003564453125,2024-04-12 16:32:53.800000+00:00,0,2024-04-29,25 MHz,20240412,86.35394072532654,89.0953369140625,90.4660415649414,1.6951024985022194,1.354793165588379,10,1.874017149385511,0.989953358968099,2.5154348432523945,2.7139123805958962,86.97591531156732,92.58546316743659,89.2476355433464,84.22174501419067,2.899914344038411,3.386993164873123,8.0,8.0,0.5358620211127049,0.0,3.429120995906713,2.9490085297317674,89.78349756445911,83.68588299307797,0.9610169475785414,0.03227260745414561,certain_temperate,524.1467300415039,610.5006707668305,POINT (558001.4424829049 8639526.89540785),ragna_mariebreen
ragna_mariebreen-20240412-DAT_0405_A1_1,3695.0,4640,90.31373596191406,557997.7442891926,8639523.742550151,613.5272338867187,2024-04-12 16:32:54.800000+00:00,0,2024-04-29,25 MHz,20240412,86.8108422756195,89.70453643798828,90.92293548583984,1.6519803173666616,1.3547875099182127,10,1.8827820801567374,0.9899450937906901,2.521965274762914,2.6933062616506214,87.57736468890933,93.0501072349188,89.70453709363937,84.67864656448364,2.899914344038411,3.386993164873123,8.0,8.0,0.5358620211127049,0.0,3.429120995906713,2.9490085297317674,90.24039911475208,84.14278454337094,0.96121416472272,0.03210933877501563,certain_temperate,523.2134979248046,610.0243402004241,POINT (557997.7442891926 8639523.742550151),ragna_mariebreen
ragna_mariebreen-20240412-DAT_0405_A1_1,3700.0,4645,90.7706298828125,557993.9315551443,8639520.603505997,612.9899291992188,2024-04-12 16:32:55.800000+00:00,0,2024-04-29,25 MHz,20240412,87.26773619651794,90.31373596191406,91.5321273803711,1.6168981478493853,1.241894677734375,10,1.8915503957677189,1.154942830403646,2.5405035390281916,2.7433948789316807,88.09746525614958,93.74839808613558,90.16143101453781,85.13554048538208,2.899914344038411,3.386993164873123,8.0,8.0,0.5358620211127049,0.0,3.429120995906713,2.9490085297317674,90.69729303565052,84.59967846426937,0.9614093932055238,0.03194771643407437,certain_temperate,522.2192993164062,609.4870355129242,POINT (557993.9315551443 8639520.603505997),ragna_mariebreen
ragna_mariebreen-20240412-DAT_0405_A1_1,3705.0,4649,91.37983703613281,557990.1694228944,8639517.615536513,612.4764404296875,2024-04-12 16:32:56.750000128+00:00,0,2024-04-29,25 MHz,20240412,87.87694334983826,90.61833190917969,91.98902893066406,1.5605233973271613,1.4676973091125487,10,1.903247184865927,1.6499195098876953,2.9152563569923564,2.963075684050887,88.09948609496078,94.50787474488297,90.77063816785812,85.74474763870239,2.899914344038411,3.386993164873123,8.0,8.0,0.5358620211127049,0.0,3.429120995906713,2.9490085297317674,91.30650018897083,85.20888561758969,0.961666667397213,0.03173472877711246,certain_temperate,521.0966033935547,608.973546743393,POINT (557990.1694228944 8639517.615536513),ragna_mariebreen
ragna_mariebreen-20240412-DAT_0405_A1_1,3710.0,4655,92.29363250732422,557985.8369617454,8639514.36157903,611.9136657714844,2024-04-12 16:32:57.833333248+00:00,0,2024-04-29,25 MHz,20240412,88.79073882102966,91.2275390625,92.75052642822266,1.5033218651803624,1.354793165588379,10,1.9208034362106932,1.484913508097331,2.780273096048967,2.8555963645827283,88.79968940342127,95.17837608730139,91.68443363904953,86.6585431098938,2.899914344038411,3.386993164873123,8.0,8.0,0.5358620211127049,0.0,3.429120995906713,2.9490085297317674,92.22029566016224,86.12268108878109,0.9620462041515532,0.0314205245286914,certain_temperate,519.6200332641602,608.4107720851898,POINT (557985.8369617454 8639514.36157903),ragna_mariebreen
ragna_mariebreen-20240412-DAT_0405_A1_1,3715.0,4660,92.75052642822266,557981.9379289477,8639511.498202529,611.4321533203125,2024-04-12 16:32:58.800000+00:00,0,2024-04-29,25 MHz,20240412,89.2476327419281,91.83673095703125,93.35972595214844,1.4973992040717596,1.128996189880371,10,1.9295865000266175,1.319924036661784,2.59617717430974,2.7762759048763956,89.49888931918609,95.6975675899936,92.14132755994797,87.11543703079224,2.899914344038411,3.386993164873123,8.0,8.0,0.5358620211127049,0.16499179601669314,3.4330879827527085,2.9536204226649594,92.70201499375027,86.55474959698994,0.9622331665254175,0.03126574538940847,certain_temperate,518.6816268920899,607.929259634018,POINT (557981.9379289477 8639511.498202529),ragna_mariebreen
ragna_mariebreen-20240412-DAT_0405_A1_1,3720.0,4665,93.51202392578125,557977.8976800484,8639508.535807673,610.9373413085938,2024-04-12 16:32:59.800000+00:00,0,2024-04-29,25 MHz,20240412,90.16143035888672,92.4459228515625,93.6643295288086,1.5090560899341365,0.9031992141723633,10,1.9442323542926538,1.3199323018391926,2.5175443490430194,2.7927604643943544,90.09597376085503,96.01427861951606,92.90282505750656,87.87693452835083,2.9045526808517965,3.386993164873123,8.0,8.0,0.5354723063802702,0.16499179601669314,3.4330271747468406,2.9581039805078486,93.46314004361082,87.31661954224657,0.9641693824362754,0.031060740201250332,certain_temperate,517.4253173828125,607.5867477416992,POINT (557977.8976800484 8639508.535807673),ragna_mariebreen
ragna_mariebreen-20240412-DAT_0405_A1_1,3725.0,4670,93.96892547607422,557973.8449125554,8639505.870773995,610.416748046875,2024-04-12 16:33:00.800000+00:00,0,2024-04-29,25 MHz,20240412,90.61833190917969,93.05513000488281,94.12123107910156,1.5026399644197377,0.9032048698425292,10,1.953024214404726,0.8249556223551433,2.30448137285026,2.598611595367401,90.93502261116274,96.24133847282164,93.35972660779953,88.3338360786438,2.9045526808517965,3.386993164873123,8.0,8.0,0.5354723063802702,0.0,3.4290601175537097,2.9534990886647594,93.8951989141798,87.79836377226353,0.9643436002921238,0.030909714739595865,certain_temperate,516.4478225708008,607.0661544799805,POINT (557973.8449125554 8639505.870773995),ragna_mariebreen
ragna_mariebreen-20240412-DAT_0405_A1_1,3730.0,4675,94.27352142333984,557969.8831344045,8639503.284047183,609.9125122070312,2024-04-12 16:33:01.800000+00:00,0,2024-04-29,25 MHz,20240412,90.92292785644531,93.6643295288086,94.88272857666016,1.513149187902309,1.016097702026367,10,1.9588871168657898,0.8249556223551433,2.3558958074459473,2.609101565736287,91.53882005682826,97.0082380486405,93.66432255506516,88.63843202590942,2.904552680851796,3.386993164873123,8.0,8.0,0.5354723063802702,0.0,3.4290601175537097,2.953499088664759,94.19979486144543,88.10295971952915,0.9644588054386074,0.030809846041591687,certain_temperate,515.6389907836914,606.5619186401367,POINT (557969.8831344045 8639503.284047183),ragna_mariebreen
ragna_mariebreen-20240412-DAT_0405_A1_1,3735.0,4682,94.73042297363281,557965.2984872443,8639500.559452007,609.357666015625,2024-04-12 16:33:03+00:00,0,2024-04-29,25 MHz,20240412,91.37982940673828,94.42583465576172,95.79652404785156,1.5060655316151175,1.354798821258545,10,1.9676842263700118,0.989953358968099,2.5859753892334547,2.6683369826835404,92.22315699717488,97.9992017064384,94.12122410535812,89.09533357620239,2.9045526808517965,3.386993164873123,8.0,8.0,0.5354723063802702,0.0,3.4290601175537097,2.9534990886647594,94.6566964117384,88.55986126982212,0.9646302268931373,0.030661244716074447,certain_temperate,514.6272430419922,606.0070724487305,POINT (557965.2984872443 8639500.559452007),ragna_mariebreen
ragna_mariebreen-20240412-DAT_0405_A1_1,3740.0,4688,95.18732452392578,557960.7003668319,8639497.677100064,608.8008965386284,2024-04-12 16:33:04.222222336+00:00,0,2024-04-29,25 MHz,20240412,91.83673095703125,94.73042297363281,96.40571594238281,1.5651413105272796,1.6934942848205565,10,1.9764844294881925,0.8249556223551433,2.7303782469805378,2.6526797395810293,92.5886847826149,98.54745413340072,94.57812565565109,89.55223512649536,2.904552680851796,3.386993164873123,8.0,8.0,0.5354723063802702,0.0,3.4290601175537097,2.953499088664759,95.11359796203136,89.01676282011509,0.9648000026930861,0.030514069970752494,certain_temperate,513.6135720147026,605.4503029717339,POINT (557960.7003668319 8639497.677100064),ragna_mariebreen
ragna_mariebreen-20240412-DAT_0405_A1_1,3745.0,4693,95.4919204711914,557956.4596571813,8639495.22349456,608.2811482747396,2024-04-12 16:33:05.333333248+00:00,0,2024-04-29,25 MHz,20240412,92.14132690429688,95.03502655029297,96.55802154541016,1.5175724423110386,1.4677029647827147,10,1.982352831892077,0.6599661509195963,2.553317462303138,2.582305982669764,92.94570176212092,98.6473463335822,94.88272160291672,89.85683107376099,2.9045526808517965,3.386993164873123,8.0,8.0,0.5354723063802702,0.0,3.4290601175537097,2.9534990886647594,95.41819390929699,89.32135876738072,0.9649122821034335,0.03041673752627124,certain_temperate,512.7892278035482,604.9305547078451,POINT (557956.4596571813 8639495.22349456),ragna_mariebreen
ragna_mariebreen-20240412-DAT_0405_A1_1,3750.0,4698,95.79652404785156,557952.4277904084,8639492.869687026,607.7745727539062,2024-04-12 16:33:06.400000+00:00,0,2024-04-29,25 MHz,20240412,92.44593048095703,95.18732452392578,96.55802154541016,1.484348491736689,1.129001845550537,10,1.988222725918865,0.6599744160970052,2.379756501203294,2.567466900017176,93.09242695178465,98.65291911755129,95.18732517957687,90.16143465042114,2.904552680851796,3.386993164873123,8.0,8.0,0.5354723063802702,0.0,3.4290601175537097,2.953499088664759,95.72279748595714,89.62596234404087,0.9650238502889639,0.030320021626264182,certain_temperate,511.97804870605466,604.4239791870117,POINT (557952.4277904084 8639492.869687026),ragna_mariebreen
ragna_mariebreen-20240412-DAT_0405_A1_1,3755.0,4704,96.10112762451172,557948.0595923177,8639490.228715613,607.2007568359375,2024-04-12 16:33:07.600000+00:00,0,2024-04-29,25 MHz,20240412,92.75053405761719,95.4919204711914,96.71031951904297,1.4456443563527444,1.016103357696533,10,1.9940939527216555,0.6599578857421875,2.3333283388234376,2.5498711160152614,93.39145502200297,98.8107849682314,95.49192875623703,90.4660382270813,2.9045526808517965,3.386993164873123,8.0,8.0,0.5354723063802702,1.1549392143885295,3.6183335775920185,3.171283881281516,96.10112762451172,89.19300437842189,0.9651347112181031,0.030223918830593995,certain_temperate,511.09962921142574,603.8501632690429,POINT (557948.0595923177 8639490.228715613),ragna_mariebreen
ragna_mariebreen-20240412-DAT_0405_A1_1,3760.0,4710,96.40571594238281,557943.823132948,8639487.444356913,606.645556640625,2024-04-12 16:33:08.800000+00:00,0,2024-04-29,25 MHz,20240412,94.12122011184692,95.64421844482422,96.86262512207031,1.4003667727748563,1.128996189880371,10,1.9999662063508374,0.32997067769368493,2.3202107385854815,2.463690843627677,93.61721438101897,98.88962918587556,95.79651707410812,91.83672428131104,2.8862416938718836,3.3869935183525084,7.0,7.0,0.5332237508587688,1.1549392143885295,3.6180018312286952,3.1541406552112936,96.40571594238281,90.56463459995508,0.9763033155430201,0.02993849136079084,certain_temperate,510.23984069824223,604.3610608100892,POINT (557943.823132948 8639487.444356913),ragna_mariebreen
ragna_mariebreen-20240412-DAT_0405_A1_1,3765.0,4716,96.40571594238281,557939.7561861863,8639485.113940919,606.1571044921875,2024-04-12 16:33:10.200000+00:00,0,2024-04-29,25 MHz,20240412,94.12122011184692,95.94881439208984,96.86262512207031,1.3565192708593115,0.9032048698425292,10,1.9999662063508374,0.07585661281469176,2.1957682230054107,2.4178013947522152,93.94741012202019,98.86402939213997,95.79651707410812,91.83672428131104,2.8862416938718836,3.3869935183525084,7.0,7.0,0.5332237508587688,0.21126784139525948,3.4352127681774838,2.942677825507262,96.37006887585554,91.26317247956362,0.9763033155430201,0.02993849136079084,certain_temperate,509.7513885498047,603.8726086616516,POINT (557939.7561861863 8639485.113940919),ragna_mariebreen
