radar_key,distance,x,thickness,easting,northing,elevation,time,part_idx,elevation_date,antenna,date_str,temperate,thickness_user_lower,thickness_user_upper,thickness_user_std,thickness_user_nmad,thickness_user_count,thickness_gpr_uncertainty,thickness_gnss_uncertainty,thickness_nmad,thickness_std,thickness_lower,thickness_upper,temperate_user_lower,temperate_user_upper,temperate_user_std,temperate_user_nmad,temperate_user_count,temperate_user_temperate_line_count,temperate_gpr_uncertainty,temperate_gnss_uncertainty,temperate_nmad,temperate_std,temperate_lower,temperate_upper,temperate_frac,temperate_frac_std,bed_type,bed_elevation,temperate_elevation,geometry,glacier
ragna_mariebreen-20230305-DAT_0068_A1_3,990.0,1015,170.21017456054688,557349.8164899785,8638615.673025716,523.70751953125,2021-04-07 15:56:52+00:00,0,2024-04-29,100 MHz,20230305,167.66372299194336,169.80810546875,170.6122589111328,2.0508872590409166,0.5961302581787109,11,3.4145514214275257,0.9361381774623645,3.590388193718266,4.0916567116721385,166.26755239092793,174.15281198895488,168.3338418006897,167.12762808799744,1.3062256163455204,0.9935179691076278,10.0,10.0,0.27046952922001644,0.0011933622385631778,1.0296762332353189,1.3339342379394736,168.60431396256578,166.85715592612135,0.9850393692669782,0.007674192331439458,certain_temperate,353.4973449707031,521.1610679626465,POINT (557349.8164899785 8638615.673025716),ragna_mariebreen
ragna_mariebreen-20230305-DAT_0068_A1_3,995.0,1026,171.0143280029297,557351.0030618622,8638610.770304557,523.4752319335937,2021-04-07 15:56:54.200000+00:00,0,2024-04-29,100 MHz,20230305,168.46787643432617,170.6122589111328,171.14834594726562,1.9560139686499136,0.5961076354980468,11,3.430585978068098,1.5971298217773438,3.8308077651622052,4.259781034992475,166.82811517436383,174.9324896840346,169.1379952430725,167.93178153038025,1.3062256163455204,0.9935179691076278,10.0,10.0,0.27046952922001644,0.0,1.029675541700512,1.3339337041374029,169.40846477229252,167.66131200116024,0.98510971800819,0.00763810630138045,certain_temperate,352.460903930664,520.9287803649902,POINT (557351.0030618622 8638610.770304557),ragna_mariebreen
ragna_mariebreen-20230305-DAT_0068_A1_3,1000.0,1037,171.6844482421875,557351.8552075324,8638605.77922148,523.2259765625,2021-04-07 15:56:56.200000+00:00,0,2024-04-29,100 MHz,20230305,169.13799667358398,171.55043029785156,172.0865020751953,1.9799931735710965,0.5960850128173828,11,3.443948302064034,1.4519271850585938,3.784731139791493,4.229567995125514,167.81293481852293,175.82399755452394,169.80811548233032,168.60190176963806,1.3062256163455204,0.9935179691076278,10.0,10.0,0.27046952922001644,0.14519230524698892,1.0398617824880274,1.3418121822880678,170.1150919826352,168.2949252693332,0.9851678378870324,0.007608293178091977,certain_temperate,351.5415283203125,520.6795249938965,POINT (557351.8552075324 8638605.77922148),ragna_mariebreen
ragna_mariebreen-20230305-DAT_0068_A1_3,1005.0,1046,172.3545684814453,557352.1141479488,8638601.061355526,523.0093383789062,2021-04-07 15:56:58+00:00,0,2024-04-29,100 MHz,20230305,169.94214057922363,172.0865020751953,172.89065551757812,2.021132702521128,0.7948026397705078,11,3.4573109363449053,1.5971298217773438,3.8904413392784605,4.311473063742945,168.2781136262342,176.69904396653925,170.47823572158813,169.27202200889587,1.308286690127528,0.9935179691076278,10.0,10.0,0.26997763491327775,0.14519230524698892,1.0397339485637886,1.3437197596303867,170.7847789140689,168.9654788164151,0.9860031101961687,0.007590670219271679,certain_temperate,350.65476989746094,520.5969104766846,POINT (557352.1141479488 8638601.061355526),ragna_mariebreen
ragna_mariebreen-20230305-DAT_0068_A1_3,1010.0,1055,173.15872192382812,557351.2175541751,8638596.14654271,522.8055053710938,2021-04-07 15:56:59.800000+00:00,0,2024-04-29,100 MHz,20230305,170.74629402160645,172.48858642578125,173.4267578125,2.0631108186372016,0.5961302581787109,11,3.4733466845849774,1.451927185058594,3.8115090222569123,4.292861049697217,168.72398422341914,177.1913600148621,171.28238916397095,170.0761754512787,1.3192247310711482,0.9935179691076278,10.0,10.0,0.26997763491327775,0.0,1.029546442999592,1.3465666765604705,171.55236679888424,169.8061978163654,0.9860681121030513,0.00761858667247192,certain_temperate,349.64678344726565,520.3930774688721,POINT (557351.2175541751 8638596.14654271),ragna_mariebreen
ragna_mariebreen-20230305-DAT_0068_A1_3,1015.0,1065,173.69480895996094,557350.4228680173,8638591.04979838,522.57783203125,2021-04-07 15:57:01.800000+00:00,0,2024-04-29,100 MHz,20230305,171.28238105773926,173.15872192382812,174.63296508789062,2.055493392308219,0.9935202667236328,11,3.4840371214806147,1.3067245483398438,3.8513797825557914,4.251011267323535,169.43769468540472,178.35399232631403,171.81847620010376,170.6122624874115,1.3192247310711482,0.9935179691076278,10.0,10.0,0.26997763491327775,0.0,1.029546442999592,1.3465666765604705,172.08845383501705,170.3422848524982,0.9861111111111112,0.007595072869306347,certain_temperate,348.883023071289,520.1654041290283,POINT (557350.4228680173 8638591.04979838),ragna_mariebreen
ragna_mariebreen-20230305-DAT_0068_A1_3,1020.0,1073,174.36492919921875,557349.9422806513,8638586.152271857,522.3148315429687,2021-04-07 15:57:03.600000+00:00,0,2024-04-29,100 MHz,20230305,171.95250129699707,173.56077575683594,175.43711853027344,2.004498314191309,1.3909328979492186,11,3.4974006653312437,1.7422828674316406,4.1475360553710265,4.39151164129176,169.65342870237492,179.34446558473445,172.48859643936157,171.2823827266693,1.3192247310711482,0.9935179691076278,10.0,10.0,0.26997763491327775,0.0,1.029546442999592,1.3465666765604705,172.75857407427486,171.01240509175602,0.9861644889640314,0.0075658834441637195,certain_temperate,347.94990234374995,519.902403640747,POINT (557349.9422806513 8638586.152271857),ragna_mariebreen
ragna_mariebreen-20230305-DAT_0068_A1_3,1025.0,1085,175.30307006835938,557349.6050345581,8638581.96813356,522.0979614257812,2021-04-07 15:57:05+00:00,0,2024-04-29,100 MHz,20230305,172.8906421661377,174.36492919921875,175.7051544189453,2.080841288127366,1.7883229064941406,11,3.516109575959891,1.0370648701985676,4.078802387104389,4.215261624328005,170.69906912344433,179.37101449471973,173.4267373085022,172.22052359580994,1.3192247310711482,0.9935179691076278,10.0,10.0,0.26997763491327775,0.0,1.029546442999592,1.3465666765604705,173.6967149434155,171.95054596089665,0.986238530213527,0.007525394338825424,certain_temperate,346.7948913574219,519.6855335235596,POINT (557349.6050345581 8638581.96813356),ragna_mariebreen
ragna_mariebreen-20230305-DAT_0068_A1_3,1060.0,1086,175.43711853027344,557346.5444552137,8638514.63493868,518.7847900390625,2021-04-07 15:57:25+00:00,0,2024-04-29,100 MHz,20230305,173.02469062805176,174.4989471435547,175.83917236328125,2.0571653987536163,1.5896279022216795,11,3.51878288947785,0.041486467633928575,3.861407906165901,4.076209468134329,170.97991969974598,179.35819980708996,173.56078577041626,172.354572057724,1.3192247310711482,0.9935179691076278,10.0,10.0,0.26997763491327775,0.02074175789242699,1.0297553587204975,1.3467264142889521,173.83155900372014,172.08379882442011,0.9862490451141023,0.007519644315427483,certain_temperate,343.34767150878906,516.3723621368408,POINT (557346.5444552137 8638514.63493868),ragna_mariebreen
ragna_mariebreen-20230305-DAT_0068_A1_3,1095.0,1089,175.57113647460938,557345.7491675965,8638511.064739928,518.6450805664062,2021-04-07 15:57:26+00:00,0,2024-04-29,100 MHz,20230305,173.02468490600586,174.63296508789062,176.1072235107422,2.0584335222924843,1.5896279022216795,11,3.521455606023504,0.020740872337704615,3.863676569862103,4.078998447496289,171.11144840200376,179.62874019662905,173.6948037147522,172.48859000205994,1.3168776938348254,0.9935183225870132,10.0,10.0,0.27046952922001644,0.16593432142620995,1.0429605086386478,1.3545681325734051,174.0121173849016,172.17127633191055,0.9854961833719645,0.007500536365356778,certain_temperate,343.0739440917969,516.0986289978027,POINT (557345.7491675965 8638511.064739928),ragna_mariebreen
ragna_mariebreen-20230305-DAT_0068_A1_3,1100.0,1095,175.57113647460938,557344.2482803691,8638506.497162715,518.4557983398438,2021-04-07 15:57:27.400000+00:00,0,2024-04-29,100 MHz,20230305,172.89066100120544,174.76698303222656,176.64332580566406,1.9837816047339654,0.9935202667236328,11,3.521455606023504,0.0,3.6589249931619205,4.041786614911187,171.24552742620307,180.16478141168756,173.6948037147522,172.3545663356781,1.3255635636829204,1.2915737309932709,10.0,10.0,0.27098704674837876,0.29038486878077185,1.3512660930083729,1.3837904873520406,174.0919905115144,171.9573795389159,0.9847328238158806,0.007550008448425233,certain_temperate,342.8846618652344,515.7753228664399,POINT (557344.2482803691 8638506.497162715),ragna_mariebreen
ragna_mariebreen-20230305-DAT_0068_A1_3,1105.0,1102,175.57113647460938,557342.4568054976,8638501.731350271,518.2251708984375,2021-04-07 15:57:28.800000+00:00,0,2024-04-29,100 MHz,20230305,172.7566373348236,175.16905212402344,176.37525939941406,1.874504496800256,0.9935202667236328,11,3.521455606023504,0.0,3.6589249931619205,3.989287742657672,171.64759651799994,179.89671500543756,173.6948037147522,172.3545663356781,1.378484306462701,1.4902772187709807,10.0,10.0,0.2715300391543115,0.14519230524698892,1.5217541051214043,1.4124547252319384,174.00271501312574,172.04665503730456,0.9839694656177567,0.007851428965728964,certain_temperate,342.6540344238281,515.4106717586517,POINT (557342.4568054976 8638501.731350271),ragna_mariebreen
ragna_mariebreen-20230305-DAT_0068_A1_3,1110.0,1109,175.57113647460938,557340.4476177552,8638496.968908468,517.9629516601562,2021-04-07 15:57:30.200000+00:00,0,2024-04-29,100 MHz,20230305,172.7566373348236,175.43711853027344,176.1072235107422,1.7119588716376406,0.7948026397705078,11,3.521455606023504,0.29037221272786456,3.6216952996221266,3.926291989307171,171.9037114482747,179.64063059274093,173.6948037147522,172.3545663356781,1.474193727248752,1.4902772187709807,10.0,10.0,0.2715300391543115,0.0,1.5148117873026046,1.4989915635595517,173.9663337539065,172.0830362965238,0.9839694656177567,0.008396560829131193,certain_temperate,342.3918151855469,515.1484525203705,POINT (557340.4476177552 8638496.968908468),ragna_mariebreen
ragna_mariebreen-20230305-DAT_0068_A1_3,1115.0,1116,175.83917236328125,557338.2390720091,8638492.27265713,517.6890869140625,2021-04-07 15:57:31.600000+00:00,0,2024-04-29,100 MHz,20230305,173.02467322349548,175.30307006835938,175.97320556640625,1.5849666371307425,0.39739000854492185,11,3.5268010739140783,0.0,3.5491188531595883,3.866580537862755,171.7762689944453,179.50000664032032,173.96283960342407,172.62260222434998,1.5810007259461767,1.4902772187709807,10.0,10.0,0.2715300391543115,0.0,1.5148117873026046,1.6041483278068396,174.23436964257837,172.35107218519568,0.9839939013476983,0.00899117474620417,certain_temperate,341.84991455078125,514.8745877742767,POINT (557338.2390720091 8638492.27265713),ragna_mariebreen
ragna_mariebreen-20230305-DAT_0068_A1_3,1120.0,1122,175.57113647460938,557336.346032798,8638488.247298839,517.454345703125,2021-04-07 15:57:32.800000+00:00,0,2024-04-29,100 MHz,20230305,172.7566373348236,175.16905212402344,175.83917236328125,1.5081013614569756,0.5961076354980468,11,3.521455606023504,0.4355583190917968,3.5980140282694153,3.855480560313178,171.62076230574132,179.38746218156336,173.6948037147522,172.3545663356781,1.7075396010739465,1.4902772187709807,10.0,10.0,0.2715300391543115,0.0,1.5148117873026046,1.7289939419786624,173.9663337539065,172.0830362965238,0.9839694656177567,0.009725628228879672,certain_temperate,341.8832092285156,514.6398465633392,POINT (557336.346032798 8638488.247298839),ragna_mariebreen
ragna_mariebreen-20230305-DAT_0068_A1_3,1125.0,1129,175.43711853027344,557334.1767158101,8638483.552682247,517.1712036132812,2021-04-07 15:57:34.200000+00:00,0,2024-04-29,100 MHz,20230305,172.62261939048767,175.0350341796875,175.7051544189453,1.3796225150483783,0.5960850128173828,11,3.51878288947785,0.4355913798014323,3.5953984780473083,3.8045934286685372,171.48939278870625,179.25079580992656,173.56078577041626,172.22054839134216,1.898748897837532,1.4902772187709807,10.0,10.0,0.2715300391543115,0.0,1.5148117873026046,1.918065676456983,173.83231580957056,171.94901835218786,0.9839572197527852,0.010822959894373116,certain_temperate,341.7340850830078,514.3567044734955,POINT (557334.1767158101 8638483.552682247),ragna_mariebreen
ragna_mariebreen-20230305-DAT_0068_A1_3,1130.0,1137,175.16905212402344,557331.8561279105,8638478.839375997,516.8692016601562,2021-04-07 15:57:35.800000+00:00,0,2024-04-29,100 MHz,20230305,172.35455298423767,174.76698303222656,175.57113647460938,1.3201058061838384,0.7948026397705078,11,3.513436882713497,0.4355913798014323,3.6284555688550215,3.778446495385257,171.2266470906853,179.11147241615063,173.29271936416626,171.95248198509216,2.126669948675376,1.6889807065486908,10.0,10.0,0.2715300391543115,0.0,1.7106678196706855,2.143934148420158,173.56424940332056,171.68095194593786,0.9839326690094033,0.012140671670528012,certain_temperate,341.7001495361328,514.0547025203705,POINT (557331.8561279105 8638478.839375997),ragna_mariebreen
ragna_mariebreen-20230305-DAT_0068_A1_3,1135.0,1145,175.0350341796875,557329.592280199,8638474.46353077,516.595263671875,2021-04-07 15:57:37.400000+00:00,0,2024-04-29,100 MHz,20230305,172.22053503990173,174.63296508789062,175.43711853027344,1.196422508758804,0.7948026397705078,11,3.510764201155319,0.29037221272786456,3.611300670703616,3.7203774160027008,171.11021313834348,178.95987047982058,173.15870141983032,171.6844403743744,2.3273701049317714,1.6889807065486908,10.0,10.0,0.2715300391543115,0.14519230524698892,1.7168183348158277,2.3476500959461997,173.46661271820386,171.37652907600085,0.9839203668398382,0.01329659582631063,certain_temperate,341.56022949218755,513.7807645320893,POINT (557329.592280199 8638474.46353077),ragna_mariebreen
ragna_mariebreen-20230305-DAT_0068_A1_3,1140.0,1152,174.90101623535156,557327.5232589886,8638470.31917966,516.3573120117187,2021-04-07 15:57:38.800000+00:00,0,2024-04-29,100 MHz,20230305,171.95249342918396,174.4989471435547,175.43711853027344,1.102377005769561,0.7948026397705078,11,3.508091531312073,0.29038874308268225,3.608703790886527,3.688667357870873,170.9788573983674,178.95720827546072,173.02468347549438,171.55042243003845,2.534313374590307,1.7883324504375457,10.0,10.0,0.27209835481934874,0.14519230524698892,1.8147317359561133,2.5530104975940935,173.33309605662288,171.24200984890996,0.9831417628688904,0.01448998656005558,certain_temperate,341.45629577636714,513.4087892055511,POINT (557327.5232589886 8638470.31917966),ragna_mariebreen
ragna_mariebreen-20230305-DAT_0068_A1_3,1145.0,1159,174.76698303222656,557324.8843827172,8638466.262867495,516.1227264404297,2021-04-07 15:57:40.249999872+00:00,0,2024-04-29,100 MHz,20230305,171.81846022605896,174.4989471435547,175.30307006835938,1.0343584756073463,0.5961076354980468,11,3.505418568912224,0.14520263671875,3.5587058690040365,3.657723418336255,170.99052254710335,178.8114946648107,172.89065027236938,171.0143175125122,2.751606273299648,1.8876841943264007,10.0,10.0,0.27209835481934874,0.0,1.9071940468146151,2.7650270519395237,173.16274862718873,170.74221915769286,0.983128833862035,0.01574442852739673,certain_temperate,341.3557434082031,513.1742036342621,POINT (557324.8843827172 8638466.262867495),ragna_mariebreen
ragna_mariebreen-20230305-DAT_0068_A1_3,1150.0,1166,174.76698303222656,557321.5622606317,8638461.805856109,515.8516357421875,2021-04-07 15:57:41.800000+00:00,0,2024-04-29,100 MHz,20230305,171.81846022605896,174.4989471435547,175.30307006835938,0.9332831318733293,0.5961076354980468,11,3.505418568912224,0.14518610636393228,3.5587051945693418,3.630434650698871,170.99052323120375,178.8114939807103,172.89065027236938,170.88029384613037,2.982476185332435,1.887684547805786,10.0,10.0,0.27209835481934874,0.0,1.9071943966780447,2.994862552901303,173.16274862718873,170.60819549131102,0.983128833862035,0.017065444133589434,certain_temperate,341.0846527099609,512.9031129360199,POINT (557321.5622606317 8638461.805856109),ragna_mariebreen
ragna_mariebreen-20230305-DAT_0068_A1_3,1155.0,1172,174.63296508789062,557318.7868101086,8638457.818351634,515.6157836914062,2021-04-07 15:57:43+00:00,0,2024-04-29,100 MHz,20230305,171.68444228172302,174.4989471435547,175.16905212402344,0.8589275290305057,0.7948026397705078,11,3.50274592258065,0.14518610636393228,3.5947210239214193,3.609441023726934,170.99319358638093,178.6748056811972,172.75663232803345,170.74627590179443,3.184643290386775,2.1857396911025044,10.0,10.0,0.27209835481934874,0.0,2.2026110668831818,3.196246298660493,173.0287306828528,170.47417754697508,0.9831158864840688,0.018236209233371162,certain_temperate,340.9828186035156,512.6672608852386,POINT (557318.7868101086 8638457.818351634),ragna_mariebreen
ragna_mariebreen-20230305-DAT_0068_A1_3,1160.0,1179,174.63296508789062,557316.2891855675,8638453.767923128,515.3984008789063,2021-04-07 15:57:44.200000+00:00,0,2024-04-29,100 MHz,20230305,171.68444228172302,174.4989471435547,175.16905212402344,0.7823205738335836,0.3974126312255859,11,3.50274592258065,0.0,3.525218546078103,3.5890464580997943,170.99620122097403,178.6717980466041,172.89065611362457,170.74627590179443,3.418000002374543,2.285091523361206,10.0,10.0,0.27209835481934874,0.0,2.3012346218568487,3.4288134290054004,173.16275446844392,170.47417754697508,0.9831158864840688,0.019572478773720103,certain_temperate,340.76543579101565,512.4498780727387,POINT (557316.2891855675 8638453.767923128),ragna_mariebreen
ragna_mariebreen-20230305-DAT_0068_A1_3,1165.0,1186,174.63296508789062,557313.8165060149,8638449.495136317,515.1721801757812,2021-04-07 15:57:45.600000+00:00,0,2024-04-29,100 MHz,20230305,171.68444228172302,174.4989471435547,175.0350341796875,0.6817147093767274,0.3974126312255859,11,3.50274592258065,0.14518610636393228,3.528207023842866,3.5714202985110957,170.99319358638093,178.54078773686126,172.89065611362457,170.74627590179443,3.6790815201025002,2.384443620729446,10.0,10.0,0.27209835481934874,0.0,2.399918518436146,3.689129754597298,173.16275446844392,170.47417754697508,0.9831158864840688,0.021067508750429013,certain_temperate,340.5392150878906,512.2236573696136,POINT (557313.8165060149 8638449.495136317),ragna_mariebreen
ragna_mariebreen-20230305-DAT_0068_A1_3,1170.0,1194,174.76698303222656,557311.3561566115,8638444.92500069,514.929541015625,2021-04-07 15:57:47.200000+00:00,0,2024-04-29,100 MHz,20230305,171.81846022605896,174.4989471435547,175.0350341796875,0.6034401876490223,0.39739000854492185,11,3.505418568912224,0.14518610636393228,3.5308578515209414,3.559940787263973,170.99052323120375,178.54345809203843,173.0246740579605,170.88029384613037,3.997339779454839,2.384443620729446,10.0,10.0,0.27209835481934874,0.14519230524698892,2.4043064905780382,4.009219828421783,173.333086639089,170.57188126500188,0.983128833862035,0.022872396777128896,certain_temperate,340.1625579833984,511.9810182094574,POINT (557311.3561566115 8638444.92500069),ragna_mariebreen
ragna_mariebreen-20230305-DAT_0068_A1_3,1175.0,1203,174.76698303222656,557308.859624386,8638440.278901506,514.673095703125,2021-04-07 15:57:49+00:00,0,2024-04-29,100 MHz,20230305,171.68443655967712,174.4989471435547,175.0350341796875,0.509862365486198,0.19871762695312498,11,3.505418568912224,0.14518610636393228,3.5140471032724685,3.5452782655942436,170.99052323120375,178.54345809203843,173.0246740579605,170.88029384613037,4.33080886739481,2.483795364618301,10.0,10.0,0.27269183541531056,0.14519230524698892,2.50293448893583,4.341813801685952,173.33361036629137,170.5713575377995,0.982361963232031,0.024780475077470557,certain_temperate,339.90611267089844,511.59054923057556,POINT (557308.859624386 8638440.278901506),ragna_mariebreen
ragna_mariebreen-20230305-DAT_0068_A1_3,1180.0,1211,174.63296508789062,557306.5392717043,8638436.124153093,514.4328369140625,2021-04-07 15:57:50.600000+00:00,0,2024-04-29,100 MHz,20230305,171.5504186153412,174.4989471435547,174.90101623535156,0.4722883913827122,0.39739000854492185,11,3.50274592258065,0.29037221272786456,3.537154766047307,3.5463504261021237,170.98418612464033,178.41577725426592,172.89065611362457,170.74627590179443,4.660653723101712,2.583147108507156,10.0,10.0,0.27269183541531056,0.0,2.597500687447657,4.668624418794471,173.1633479490399,170.47358406637912,0.9823484273373126,0.026688281452222164,certain_temperate,339.79987182617185,511.35029044151304,POINT (557306.5392717043 8638436.124153093),ragna_mariebreen
ragna_mariebreen-20230305-DAT_0068_A1_3,1185.0,1220,174.4989471435547,557304.0647130363,8638431.516209414,514.1715209960937,2021-04-07 15:57:52.400000+00:00,0,2024-04-29,100 MHz,20230305,171.41640067100525,174.4989471435547,174.76698303222656,0.41564734085007937,0.39739000854492185,11,3.500073288044643,0.14518610636393228,3.5255511407517677,3.5276557001953153,170.9958639262781,178.27006624950315,172.89066207408905,170.6122579574585,5.048208862836029,2.781850773024559,10.0,10.0,0.27269183541531056,0.0,2.7951841729087383,5.055568569401309,173.16335390950437,170.33956612204318,0.9823348706510331,0.02892973823322286,certain_temperate,339.672573852539,511.08897452354427,POINT (557304.0647130363 8638431.516209414),ragna_mariebreen
ragna_mariebreen-20230305-DAT_0068_A1_3,1190.0,1228,174.4989471435547,557301.7378874721,8638427.137802774,513.9249267578125,2021-04-07 15:57:54+00:00,0,2024-04-29,100 MHz,20230305,171.41640067100525,174.36492919921875,174.76698303222656,0.41722101739659867,0.39739000854492185,11,3.500073288044643,0.0,3.522560409783624,3.524852677636484,170.86485591117412,178.2670563202712,172.89066207408905,170.6122579574585,5.439394871414535,2.8812026936531066,10.0,10.0,0.27269183541531056,0.7259623010953268,2.983741118399468,5.494397024868565,173.66615037168856,169.836769659859,0.9823348706510331,0.031171505389884786,certain_temperate,339.4259796142578,510.84238028526306,POINT (557301.7378874721 8638427.137802774),ragna_mariebreen
ragna_mariebreen-20230305-DAT_0068_A1_3,1195.0,1236,174.4989471435547,557299.4644547636,8638422.798849976,513.6707641601563,2021-04-07 15:57:55.600000+00:00,0,2024-04-29,100 MHz,20230305,170.74628162384033,174.36492919921875,174.76698303222656,0.43371996800364354,0.39739000854492185,11,3.500073288044643,0.14518610636393228,3.5255511407517677,3.5298307378413822,170.86184598194217,178.27006624950315,172.89066207408905,169.00397300720215,5.753230080878705,3.4773136872053145,10.0,10.0,0.27603079429864563,0.7259623010953268,3.5629937891102452,5.805417351538161,173.66733076923052,168.22730431206068,0.9784946237146798,0.03296999881693101,certain_temperate,339.1718170166016,509.91809864044194,POINT (557299.4644547636 8638422.798849976),ragna_mariebreen
ragna_mariebreen-20230305-DAT_0068_A1_3,1200.0,1244,174.36492919921875,557296.9758240234,8638418.339269673,513.4221069335938,2021-04-07 15:57:57.200000+00:00,0,2024-04-29,100 MHz,20230305,170.6122636795044,174.2309112548828,174.63296508789062,0.3992176245182946,0.19869500427246092,11,3.4974006653312437,0.29037221272786456,3.515054358115495,3.532067687277515,170.72147719284604,178.1423991499274,172.7566441297531,166.3235034942627,6.196431163354443,4.073424548202753,10.0,10.0,0.27603079429864563,0.0,4.082766286392345,6.202576251977177,173.03267492405175,166.04747269996406,0.9784780945517617,0.035537141510118574,certain_temperate,339.05717773437505,509.66944141387944,POINT (557296.9758240234 8638418.339269673),ragna_mariebreen
ragna_mariebreen-20230305-DAT_0068_A1_3,1205.0,1251,174.2309112548828,557294.5986247739,8638413.847086322,513.1900390625,2021-04-07 15:57:58.600000+00:00,0,2024-04-29,100 MHz,20230305,170.47824573516846,174.09686279296875,174.36492919921875,0.43334291120328144,0.19874024963378906,11,3.494728054467578,0.2904052734375,3.512400473230174,3.533446685067313,170.5900894330946,177.8717025590929,172.62262618541718,164.04510498046875,6.644674797586532,4.073424548202753,10.0,10.0,0.27603079429864563,0.14519230524698892,4.085347152299897,6.651990451781008,172.93451367298934,163.73321749289659,0.978461539960469,0.038137175256266795,certain_temperate,338.95912780761716,509.4373735427856,POINT (557294.5986247739 8638413.847086322),ragna_mariebreen
ragna_mariebreen-20230305-DAT_0068_A1_3,1210.0,1258,174.09686279296875,557292.1712223901,8638409.427291244,512.9611206054688,2021-04-07 15:58:00+00:00,0,2024-04-29,100 MHz,20230305,170.21017360687256,173.9628448486328,174.09686279296875,0.482548770275531,0.19869500427246092,11,3.4920548468976707,0.4355913798014323,3.524722203042626,3.552047327893205,170.44372750135682,177.61598014024474,172.4885777235031,161.63265323638916,7.300994907962744,4.172776292091608,10.0,10.0,0.2767716407649578,0.14519230524698892,4.184464760333924,7.3076815743936585,172.80112107511158,161.3201098847807,0.9776751336942922,0.041936395583675096,certain_temperate,338.8642578125,509.07443141937256,POINT (557292.1712223901 8638409.427291244),ragna_mariebreen
ragna_mariebreen-20230305-DAT_0068_A1_3,1215.0,1264,173.82882690429688,557289.9200108962,8638405.498843607,512.7482788085938,2021-04-07 15:58:01.200000+00:00,0,2024-04-29,100 MHz,20230305,169.94213771820068,173.82882690429688,173.9628448486328,0.5711903456819192,0.19869500427246092,11,3.4867096846697176,0.4355583190917968,3.5194225633223564,3.5599317248368547,170.31501765015406,177.47665410277563,172.35456550121307,159.75633144378662,7.957106950676555,4.2721280359804625,10.0,10.0,0.2767716407649578,0.0,4.28108403292227,7.961918962513803,172.63133714197804,159.47955980302166,0.9776407097987491,0.04577553155241286,certain_temperate,338.9194519042969,508.8615896224976,POINT (557289.9200108962 8638405.498843607),ragna_mariebreen
ragna_mariebreen-20230305-DAT_0068_A1_3,1220.0,1271,173.69480895996094,557287.2286049998,8638400.807469893,512.5135498046875,2021-04-07 15:58:02.600000+00:00,0,2024-04-29,100 MHz,20230305,169.80811977386475,173.56077575683594,173.82882690429688,0.6642459817315703,0.19869500427246092,11,3.4840371214806147,0.4355748494466146,3.516776907631219,3.573438517390765,170.04961638800555,177.33998627312727,172.22054755687714,158.550124168396,8.781812540432334,4.2721280359804625,10.0,10.0,0.2767716407649578,0.14519230524698892,4.283545412674522,8.787372465187149,172.5330909084856,158.23758081678753,0.9776234580102383,0.05055886582342633,certain_temperate,338.81874084472656,508.6268606185913,POINT (557287.2286049998 8638400.807469893),ragna_mariebreen
ragna_mariebreen-20230305-DAT_0068_A1_3,1225.0,1278,173.4267578125,557284.8899114701,8638396.807141306,512.3387451171875,2021-04-07 15:58:03.833333248+00:00,0,2024-04-29,100 MHz,20230305,169.40604496002197,173.15872192382812,173.69480895996094,0.7269273687807011,0.3974126312255859,11,3.4786917268050943,0.4355748494466146,3.528308146841811,3.580425251153148,169.65286659600687,177.2006642877822,171.9524964094162,157.07585906982422,9.636423286429107,4.3714797798693175,10.0,10.0,0.27753639894045035,0.14519230524698892,4.382686701561733,9.641512382062936,172.26571719135725,156.76263828788316,0.9768160755399405,0.055564801002896604,certain_temperate,338.9119873046875,508.3180322647095,POINT (557284.8899114701 8638396.807141306),ragna_mariebreen
ragna_mariebreen-20230305-DAT_0068_A1_3,1230.0,1285,173.29273986816406,557282.4652222455,8638392.60467131,512.1649169921875,2021-04-07 15:58:05.200000+00:00,0,2024-04-29,100 MHz,20230305,169.27202701568604,172.89065551757812,173.56077575683594,0.7422593294952836,0.39739000854492185,11,3.4760191996601617,0.29037221272786456,3.5106900058566666,3.5662269151798704,169.4025291582943,177.04890211611976,171.81847846508026,155.73562812805176,10.351256942267549,4.3714797798693175,10.0,10.0,0.27753639894045035,0.0,4.380281031913721,10.354976906665652,172.0960148640207,155.45809172911132,0.9767981459838603,0.059732779054347436,certain_temperate,338.87217712402344,508.1442041397095,POINT (557282.4652222455 8638392.60467131),ragna_mariebreen
ragna_mariebreen-20230305-DAT_0068_A1_3,1235.0,1293,173.15872192382812,557279.6732480163,8638387.8719077,511.9546875,2021-04-07 15:58:06.800000+00:00,0,2024-04-29,100 MHz,20230305,169.1380090713501,172.7566375732422,173.4267578125,0.7347414840747136,0.39743525390624995,11,3.4733466845849774,0.2904052734375,3.5080517663234803,3.562066459595901,169.27117169130364,176.91222369443855,171.68446052074432,154.26137161254883,11.022995902986183,4.3714797798693175,10.0,10.0,0.27753639894045035,0.14519230524698892,4.382686701561733,11.027445122760302,171.99768130268538,153.94815083060777,0.9767801886742573,0.06365833485324036,certain_temperate,338.79596557617185,507.93397464752195,POINT (557279.6732480163 8638387.8719077),ragna_mariebreen
ragna_mariebreen-20230305-DAT_0068_A1_3,1240.0,1299,173.02467346191406,557277.4328974632,8638383.86946841,511.7476745605469,2021-04-07 15:58:08.200000+00:00,0,2024-04-29,100 MHz,20230305,168.8699369430542,172.7566375732422,173.29273986816406,0.725348451746742,0.39743525390624995,11,3.4706735730461307,0.2904052734375,3.5054051198868055,3.557532944321458,169.273835501134,176.77554194027226,171.55041205883026,153.1891574859619,11.501679926759317,4.768887108904123,10.0,10.0,0.2783248717173137,0.14519230524698892,4.779208072180089,11.505963092124778,171.8643316977817,152.87523784701048,0.9759876066474739,0.06647421836800085,certain_temperate,338.72300109863284,507.59293804168703,POINT (557277.4328974632 8638383.86946841),ragna_mariebreen
ragna_mariebreen-20230305-DAT_0068_A1_3,1245.0,1307,172.89065551757812,557274.8040673567,8638378.994553216,511.4396911621094,2021-04-07 15:58:09.800000+00:00,0,2024-04-29,100 MHz,20230305,168.73591899871826,172.7566375732422,173.15872192382812,0.7015476624355821,0.39743525390624995,11,3.4680010821969396,0.29037221272786456,3.5027563873457064,3.5501431873534974,169.27650143681828,176.63885806025203,171.55041778087616,151.71490097045898,12.043956840569988,7.252682473522424,10.0,10.0,0.2783248717173137,0.8711543480555216,7.310114752457163,12.07862868912962,172.46495298104753,150.8003657702876,0.9759689931973365,0.06966227760843591,certain_temperate,338.5490356445313,507.28495464324953,POINT (557274.8040673567 8638378.994553216),ragna_mariebreen
ragna_mariebreen-20230305-DAT_0068_A1_3,1250.0,1314,172.7566375732422,557272.3828404052,8638374.61228722,511.147802734375,2021-04-07 15:58:11.200000+00:00,0,2024-04-29,100 MHz,20230305,167.79775857925415,172.7566375732422,173.02467346191406,0.6776310983659402,0.39739000854492185,11,3.465328603501408,0.29038874308268225,3.5001066799806964,3.5428818577292116,169.27916320923111,176.50214782592514,168.73592472076416,150.37467002868652,11.455700146749352,7.749441679000854,11.0,11.0,0.2835422232239959,4.791349172592163,9.115441263169107,12.42056717458118,172.7566375732422,145.57493846472897,0.9712955805134511,0.06631120116523787,certain_temperate,338.3911651611328,506.18892374038694,POINT (557272.3828404052 8638374.61228722),ragna_mariebreen
ragna_mariebreen-20230305-DAT_0068_A1_3,1255.0,1320,172.6226043701172,557270.1470700942,8638370.498352414,510.8563232421875,2021-04-07 15:58:12.400000+00:00,0,2024-04-29,100 MHz,20230305,164.0450839996338,172.6226043701172,172.89065551757812,0.6919396848574447,0.19871762695312498,11,3.462655832711187,0.14520263671875,3.471391351717746,3.5340981521456785,169.15690541874838,176.35635446894693,165.92141675949097,149.1684455871582,11.171023319136614,10.531292628765106,11.0,11.0,0.31621123048118177,6.969236334164938,12.632433219946561,13.170497584389937,172.6226043701172,142.19203930428395,0.950310560996447,0.0647135603120957,certain_temperate,338.2337188720703,502.2788028717041,POINT (557270.1470700942 8638370.498352414),ragna_mariebreen
ragna_mariebreen-20230305-DAT_0068_A1_3,1260.0,1326,172.6226043701172,557267.7935252732,8638366.379535979,510.59580078125,2021-04-07 15:58:13.600000+00:00,0,2024-04-29,100 MHz,20230305,161.23058414459229,172.3545684814453,172.7566375732422,0.7047969980274673,0.39739000854492185,11,3.462655832711187,0.14518610636393228,3.4884069774298494,3.5366372770922454,168.8888702226106,176.2223358320769,164.17910766601562,148.23027992248535,11.072032574473214,15.697585431861876,11.0,11.0,0.3499589260577695,7.550006071726481,17.422377889474113,13.405781150803193,171.7372200582095,140.67216753029152,0.9340062081261417,0.06414010850359932,certain_temperate,337.9731964111328,499.2037805557251,POINT (557267.7935252732 8638366.379535979),ragna_mariebreen
ragna_mariebreen-20230305-DAT_0068_A1_3,1265.0,1333,172.48858642578125,557265.3240959168,8638361.989079969,510.3721160888672,2021-04-07 15:58:14.833333248+00:00,0,2024-04-29,100 MHz,20230305,156.94182968139648,172.0865020751953,172.7566375732422,0.7583673877807932,0.19871762695312498,11,3.4599833784088734,0.29037221272786456,3.4778283016923126,3.554000857574407,168.61435562079708,176.22878402764042,162.03473281860352,146.8900489807129,11.014971259373235,14.505363091278076,11.0,11.0,0.4089506793094117,6.824043512344361,16.035596930775263,12.963965533790006,168.8710191289095,140.0537626704069,0.9098679102975068,0.06385913113220845,certain_temperate,337.88352966308594,494.8253593444824,POINT (557265.3240959168 8638361.989079969),ragna_mariebreen
ragna_mariebreen-20230305-DAT_0068_A1_3,1270.0,1340,172.3545684814453,557262.672675378,8638357.119459655,510.1723693847656,2021-04-07 15:58:16.200000+00:00,0,2024-04-29,100 MHz,20230305,154.66343116760254,171.95249938964844,172.6226043701172,0.7747692434735827,0.3974126312255859,11,3.4573109363449053,0.2904052734375,3.4921728097085976,3.554940437481762,168.48301324132467,176.09209051844095,159.89035892486572,145.54981803894043,10.844576887996201,10.729995409584046,11.0,11.0,0.4424370416035439,3.7750020027160645,11.38328564808895,11.49135494778377,163.69119970767855,141.7489772561276,0.8973561451273785,0.06292015920171948,certain_temperate,337.8178009033203,492.48123207092283,POINT (557262.672675378 8638357.119459655),ragna_mariebreen
ragna_mariebreen-20230305-DAT_0068_A1_3,1275.0,1346,172.22052001953125,557260.477782424,8638353.156171437,510.0152160644531,2021-04-07 15:58:17.400000+00:00,0,2024-04-29,100 MHz,20230305,153.18914604187012,171.81846618652344,172.48858642578125,0.8019073909673887,0.39743525390624995,11,3.4546378980030754,0.4355748494466146,3.504597442907969,3.573136426093702,168.33647703435918,175.9705755779455,158.01400089263916,142.0651741027832,10.498308418250117,12.319624725723266,11.0,11.0,0.4641522144631424,2.9038481712341313,12.66573822808694,10.90239657710506,160.9547102424,139.12446475302235,0.8894941556586705,0.06095852234716003,certain_temperate,337.79469604492186,490.983842086792,POINT (557260.477782424 8638353.156171437),ragna_mariebreen
ragna_mariebreen-20230305-DAT_0068_A1_3,1280.0,1353,171.95249938964844,557258.1754779915,8638348.369302724,509.82448120117186,2021-04-07 15:58:18.800000+00:00,0,2024-04-29,100 MHz,20230305,151.5808868408203,171.55043029785156,172.0865020751953,0.8625363265280207,0.39739000854492185,11,3.449293379598033,0.5807444254557291,3.5203419897970223,3.6026181897083096,168.05258969167227,175.5843426813746,155.7356243133545,140.18886756896973,10.034303343401422,10.531293335723877,11.0,11.0,0.4863754096742851,2.9038502375284834,10.935129014519774,10.457349130086794,158.67992512018964,137.24456676213458,0.8815276740894264,0.0583550886379584,certain_temperate,337.8719818115234,489.45286865234374,POINT (557258.1754779915 8638348.369302724),ragna_mariebreen
ragna_mariebreen-20230305-DAT_0068_A1_3,1285.0,1360,171.6844482421875,557255.7292860347,8638343.827794516,509.64659118652344,2021-04-07 15:58:20.249999872+00:00,0,2024-04-29,100 MHz,20230305,149.97259712219238,171.41639709472656,171.95249938964844,0.8875447658199721,0.5960850128173828,11,3.443948302064034,0.4355748494466146,3.5221900430365314,3.583049130014074,167.94501331347158,175.42388317090342,153.45721435546875,139.2506980895996,9.547244154845114,12.518325385665893,11.0,11.0,0.5090400687792006,2.6134635607401533,12.798350832679438,9.911568217349036,156.11979084731632,136.58812159775204,0.8735362967217206,0.0556092543768277,certain_temperate,337.96214294433594,487.9347400665283,POINT (557255.7292860347 8638343.827794516),ragna_mariebreen
ragna_mariebreen-20230305-DAT_0068_A1_3,1290.0,1366,171.55043029785156,557253.3624997421,8638339.457133735,509.471826171875,2021-04-07 15:58:21.600000+00:00,0,2024-04-29,100 MHz,20230305,148.76638984680176,171.14834594726562,171.6844482421875,0.9190018872615896,0.39743525390624995,11,3.441275934032493,0.4355913798014323,3.4914287455647797,3.588409727595065,167.67961132145342,175.1531828679997,151.58088874816895,138.44655990600586,9.129781044146931,12.319624725723266,11.0,11.0,0.5274514192890465,5.2269229888916025,13.39298631053454,10.533367497888706,156.8343570246044,133.1930916295704,0.8671875062540421,0.05321922555539792,certain_temperate,337.92139587402346,486.6877857208252,POINT (557253.3624997421 8638339.457133735),ragna_mariebreen
ragna_mariebreen-20230305-DAT_0068_A1_3,1295.0,1372,171.28236389160156,557251.1268970607,8638335.715573225,509.3001220703125,2021-04-07 15:58:22.800000+00:00,0,2024-04-29,100 MHz,20230305,144.74566078186035,171.0143280029297,171.55043029785156,0.9875239911178103,0.39743525390624995,11,3.4359306267906526,0.5807774861653645,3.507260546580777,3.6218952764523458,167.52965846902055,175.0350998317607,149.57051277160645,137.37435150146484,8.811238827492732,8.345554970169067,11.0,11.0,0.5934969627334411,6.969234784444175,10.889020152685644,11.249906746306653,156.5649728741076,130.3798913989637,0.8450704292793663,0.05144276752899701,certain_temperate,338.01775817871095,482.7634189605713,POINT (557251.1268970607 8638335.715573225),ragna_mariebreen
ragna_mariebreen-20230305-DAT_0068_A1_3,1300.0,1379,171.0143280029297,557248.1208977295,8638331.333927916,509.0765126546224,2021-04-07 15:58:24.166666752+00:00,0,2024-04-29,100 MHz,20230305,141.7971477508545,170.74627685546875,171.28236389160156,1.0160412583867098,0.3974126312255859,11,3.430585978068098,0.580760955810547,3.502019451711979,3.6247128547590464,167.26687986163327,174.76176088543704,147.29212188720703,136.03412628173828,8.608628036189028,7.3520375312805175,11.0,11.0,0.6418858533671709,3.9201963742574057,8.356579020319925,9.48095109822604,151.2645212958131,132.06172687313222,0.8291536119033566,0.050338636164108726,certain_temperate,338.0621846516927,479.8593324025472,POINT (557248.1208977295 8638331.333927916),ragna_mariebreen
ragna_mariebreen-20230305-DAT_0068_A1_3,1305.0,1386,170.74627685546875,557245.1273690927,8638327.536127213,508.8639282226562,2021-04-07 15:58:25.400000+00:00,0,2024-04-29,100 MHz,20230305,140.5909309387207,170.74627685546875,171.0143280029297,1.0190940763775915,0.19871762695312498,11,3.425241075311598,0.14520263671875003,3.4340717705041794,3.5765783880994033,167.31795945042705,174.44264540797138,145.01371574401855,134.69388580322266,8.476407898168908,7.550738191223144,11.0,11.0,0.6590128640197347,2.0326943397521973,7.8472792397237825,8.741603690967942,147.1505695606855,132.5570319865557,0.8233909021496639,0.049643295621279726,certain_temperate,338.1176513671875,478.7085823059082,POINT (557245.1273690927 8638327.536127213),ragna_mariebreen
ragna_mariebreen-20230305-DAT_0068_A1_3,1310.0,1393,170.8802947998047,557241.6117270213,8638323.369174775,508.6457885742187,2021-04-07 15:58:26.800000+00:00,0,2024-04-29,100 MHz,20230305,139.78678131103516,170.6122589111328,170.8802947998047,1.0434774359403294,0.39739000854492185,11,3.427913368267533,0.14518610636393228,3.4539235493449647,3.586155911996157,167.1812723087357,174.3112814022018,143.5394458770752,133.62168884277344,8.336665908980736,8.146851482391357,11.0,11.0,0.6762267611020116,1.7423097292582195,8.358475632628274,8.543589661439738,145.4083829613823,131.75275175846633,0.8180392096982438,0.04878658430890222,certain_temperate,337.76549377441404,477.5522750854492,POINT (557241.6117270213 8638323.369174775),ragna_mariebreen
ragna_mariebreen-20230305-DAT_0068_A1_3,1315.0,1399,170.8802947998047,557238.7590647116,8638319.713750102,508.4655456542969,2021-04-07 15:58:28+00:00,0,2024-04-29,100 MHz,20230305,139.11666297912598,170.6122589111328,170.8802947998047,1.0316771754635958,0.19871762695312498,11,3.427913368267533,0.0,3.43366841084126,3.5797971806681743,167.1843455428653,174.3082081680722,142.86932754516602,132.68352127075195,8.203842276078058,8.345552142333984,11.0,11.0,0.6885719443717216,1.7423076629638672,8.553245458620594,8.41503389213401,144.74276484462348,130.8100839712945,0.8141176438284385,0.04800929379065792,certain_temperate,337.5852508544922,476.70191383361816,POINT (557238.7590647116 8638319.713750102),ragna_mariebreen
ragna_mariebreen-20230305-DAT_0068_A1_3,1320.0,1406,170.8802947998047,557235.4724542699,8638315.332913661,508.2567443847656,2021-04-07 15:58:29.400000+00:00,0,2024-04-29,100 MHz,20230305,138.17849731445312,170.6122589111328,171.0143280029297,1.0079818867925376,0.19871762695312498,11,3.427913368267533,0.0,3.43366841084126,3.5730403782281988,167.1843455428653,174.4422413711972,141.12701988220215,131.61133193969727,8.052647939763197,8.742964773559569,11.0,11.0,0.7059199837865325,1.8874999682108564,8.972202192617411,8.300970906784196,143.14220700837808,129.59614481352133,0.8086274516107111,0.04712449700064774,certain_temperate,337.37644958496094,475.55494689941406,POINT (557235.4724542699 8638315.332913661),ragna_mariebreen
ragna_mariebreen-20230305-DAT_0068_A1_3,1325.0,1412,170.8802947998047,557232.511383683,8638311.63577624,508.08945922851564,2021-04-07 15:58:30.600000+00:00,0,2024-04-29,100 MHz,20230305,137.3743553161621,170.74627685546875,171.14834594726562,0.9863648373658338,0.39739000854492185,11,3.427913368267533,0.14520263671875,3.453924244239974,3.5699565065206422,167.3152895535311,174.57933324920327,139.65275764465332,130.67316436767578,7.912728321121722,8.345552142333984,11.0,11.0,0.720846164082606,2.1778866449991865,8.655116983100447,8.238572626045134,141.94683903613412,128.37908297619498,0.8039215725669449,0.046305680420272576,certain_temperate,337.20916442871095,474.58351974487306,POINT (557232.511383683 8638311.63577624),ragna_mariebreen
ragna_mariebreen-20230305-DAT_0068_A1_3,1330.0,1418,171.0143280029297,557229.5315132402,8638308.012333427,507.9275695800781,2021-04-07 15:58:31.800000+00:00,0,2024-04-29,100 MHz,20230305,136.30217361450195,170.8802947998047,171.28236389160156,0.8755026840990721,0.39739000854492185,11,3.430585978068098,0.29038874308268225,3.465712710816914,3.552428848673998,167.43744049341493,174.72521819799132,138.31253051757812,129.8690299987793,7.826908724230649,8.146845826721192,11.0,11.0,0.7433259479625457,3.4846153259277344,8.891916236614545,8.59974288057746,141.87554573430185,126.30601478205557,0.7970219525241589,0.045767561207482946,certain_temperate,336.9132415771484,473.2154151916504,POINT (557229.5315132402 8638308.012333427),ragna_mariebreen
ragna_mariebreen-20230305-DAT_0068_A1_3,1335.0,1425,171.14834594726562,557225.9399932389,8638303.823663665,507.75687408447266,2021-04-07 15:58:33.249999872+00:00,0,2024-04-29,100 MHz,20230305,134.42583847045898,171.14834594726562,171.41639709472656,0.8198286990009657,0.19871762695312498,11,3.4332582961661897,0.29037221272786456,3.4512414064189025,3.541708294852085,167.70283023113276,174.86191281085942,136.70423889160156,128.9308624267578,7.719646121112733,8.941665433502196,11.0,11.0,0.7810102573933634,3.6298096974690752,9.681883917228207,8.566121158214203,140.4171212573646,125.21798006099476,0.7854346340681457,0.045104999866556215,certain_temperate,336.60852813720703,471.034366607666,POINT (557225.9399932389 8638303.823663665),ragna_mariebreen
ragna_mariebreen-20230305-DAT_0068_A1_3,1340.0,1430,171.28236389160156,557223.0424712438,8638300.631829655,507.60576782226565,2021-04-07 15:58:34.400000+00:00,0,2024-04-29,100 MHz,20230305,133.2196159362793,171.28236389160156,171.41639709472656,0.7516674143870264,0.19871762695312498,11,3.4359306267906526,0.29038874308268225,3.4539012130472155,3.52915695259908,167.8341839522383,174.86457703408982,135.90008926391602,128.12671279907227,7.6715647702254595,8.941659777832031,11.0,11.0,0.8062686356073612,3.9201984405517583,9.796494501022687,8.652799024005642,139.90234174546543,124.12446031752283,0.7777777753031783,0.044788994009216945,certain_temperate,336.3234039306641,469.5430198669434,POINT (557223.0424712438 8638300.631829655),ragna_mariebreen
ragna_mariebreen-20230305-DAT_0068_A1_3,1345.0,1438,171.41639709472656,557219.3401099636,8638296.475817332,507.3866322835286,2021-04-07 15:58:35.833333248+00:00,0,2024-04-29,100 MHz,20230305,131.07524490356445,171.28236389160156,171.55043029785156,0.6855367886682586,0.39743525390624995,11,3.4386032741761285,0.4355913798014323,3.488794506470628,3.533226997512288,167.81628075247576,175.01651343697736,134.96192932128906,126.9205093383789,7.552654330617312,7.948139511108398,11.0,11.0,0.8494253493063422,4.355773289998373,9.103142647786527,8.759958436870571,139.39975360554226,122.48268505412571,0.7646598990826464,0.044060279288472226,certain_temperate,335.97023518880206,467.0454800923665,POINT (557219.3401099636 8638296.475817332),ragna_mariebreen
ragna_mariebreen-20230305-DAT_0068_A1_3,1350.0,1444,171.6844482421875,557216.3867966731,8638293.095520902,507.1937255859375,2021-04-07 15:58:37+00:00,0,2024-04-29,100 MHz,20230305,129.6009864807129,171.41639709472656,171.6844482421875,0.6696347451352804,0.3974126312255859,11,3.443948302064034,0.4355748494466146,3.4940581214710535,3.5353806087396835,167.94501331347158,175.15583202344249,134.42584228515625,126.2503890991211,7.4646436138703764,7.749444506835937,11.0,11.0,0.8825911293072225,3.9201943079630537,8.729305853173402,8.47748752849649,138.4441616494823,122.23206973479503,0.754879010927598,0.04347885723079787,certain_temperate,335.50927734375,465.1102638244629,POINT (557216.3867966731 8638293.095520902),ragna_mariebreen
ragna_mariebreen-20230305-DAT_0068_A1_3,1355.0,1451,171.81846618652344,557212.9731875908,8638289.119044306,506.9217895507812,2021-04-07 15:58:38.400000+00:00,0,2024-04-29,100 MHz,20230305,127.85867309570312,171.55043029785156,171.95249938964844,0.679319043556546,0.39739000854492185,11,3.4466206825056624,0.29038874308268225,3.4815856402042265,3.5249105115057207,168.0915981609613,175.4113315265387,133.48766708374023,125.17819595336914,7.372636012847911,7.948139511108398,11.0,11.0,0.9184472567519015,4.210583051045736,9.041320516452846,8.539807771321943,137.79725581042737,120.86860722668202,0.7441497758273651,0.04290945075044665,certain_temperate,335.1033233642578,462.9619964599609,POINT (557212.9731875908 8638289.119044306),ragna_mariebreen
ragna_mariebreen-20230305-DAT_0068_A1_3,1360.0,1458,171.95249938964844,557209.5327759964,8638285.029766139,506.6673217773438,2021-04-07 15:58:39.800000+00:00,0,2024-04-29,100 MHz,20230305,125.98234558105469,171.6844482421875,172.22052001953125,0.6632578818161776,0.3974126312255859,11,3.449293379598033,0.29037221272786456,3.48423271896711,3.524464761953874,168.22295422363666,175.6820140380821,132.5495147705078,124.10601425170898,7.261678322198176,8.146851482391357,11.0,11.0,0.9570068006416185,3.62981383005778,8.970094733808294,8.17455702239797,136.30336751899875,120.35216150321804,0.7326578329959351,0.042230722716876834,certain_temperate,334.71482238769534,460.69716796875,POINT (557209.5327759964 8638285.029766139),ragna_mariebreen
ragna_mariebreen-20230305-DAT_0068_A1_3,1365.0,1464,172.0865020751953,557206.4145437845,8638281.326178676,506.4710693359375,2021-04-07 15:58:41+00:00,0,2024-04-29,100 MHz,20230305,124.7761116027832,171.81846618652344,172.48858642578125,0.6593130627187013,0.5961302581787109,11,3.4519654805038944,0.2903556823730469,3.5150737382867256,3.5263388685077213,168.35431086366668,175.952741748638,131.8793716430664,123.16782760620117,7.182315279899124,7.55074384689331,11.0,11.0,0.9827864562868379,2.46826712290446,8.00449526516626,7.657928217771719,134.53610117553143,120.51109807373614,0.7250778538589897,0.04173665681670212,certain_temperate,334.3845672607422,459.1606788635254,POINT (557206.4145437845 8638281.326178676),ragna_mariebreen
ragna_mariebreen-20230305-DAT_0068_A1_3,1370.0,1470,172.22052001953125,557203.3260066822,8638277.474896485,506.2837219238281,2021-04-07 15:58:42.200000+00:00,0,2024-04-29,100 MHz,20230305,123.97196578979492,171.81846618652344,172.6226043701172,0.6659630797055677,0.5961302581787109,11,3.4546378980030754,0.2904052734375,3.517702306033817,3.5302075084462587,168.35164368902528,176.08942686761534,131.07522201538086,122.36368179321289,7.096795011155145,6.7559185844421386,11.0,11.0,1.0008642236107368,2.032692273457845,7.125728242944002,7.449702443925912,133.3409596596546,120.09794414893915,0.7198443354818315,0.04120760412493418,certain_temperate,334.0632019042969,458.0351676940918,POINT (557203.3260066822 8638277.474896485),ragna_mariebreen
ragna_mariebreen-20230305-DAT_0068_A1_3,1375.0,1476,172.3545684814453,557200.2486859376,8638273.921952076,506.1204040527344,2021-04-07 15:58:43.400000+00:00,0,2024-04-29,100 MHz,20230305,123.1678466796875,171.95249938964844,172.7566375732422,0.6647363066291894,0.5961076354980468,11,3.4573109363449053,0.2904052734375,3.5203236280929437,3.5325923187882027,168.48301324132467,176.22612372156595,130.2711067199707,121.1574935913086,7.0370410962231436,6.7559242401123045,11.0,11.0,1.0189668496282922,2.3230768839518228,7.216473653213856,7.4803026034597115,132.80783288757192,118.62076742370738,0.7146189843696951,0.04082886318723086,certain_temperate,333.7658355712891,456.9336822509766,POINT (557200.2486859376 8638273.921952076),ragna_mariebreen
ragna_mariebreen-20230305-DAT_0068_A1_3,1380.0,1483,172.48858642578125,557196.6228463185,8638269.750561193,505.93857421875,2021-04-07 15:58:44.800000+00:00,0,2024-04-29,100 MHz,20230305,122.09565353393555,172.0865020751953,172.89065551757812,0.6898122143449553,0.5961302581787109,11,3.4599833784088734,0.29037221272786456,3.522949373111452,3.540005916922971,168.61435562079708,176.36280197197635,129.46696090698242,119.28115463256836,6.918912483961993,6.7559242401123045,11.0,11.0,1.042275910772587,2.3230768839518228,7.219801771590765,7.372541979782364,132.013139471602,116.73497606794879,0.7078477252549757,0.04011229164394061,certain_temperate,333.4499877929687,455.5456413269043,POINT (557196.6228463185 8638269.750561193),ragna_mariebreen
ragna_mariebreen-20230305-DAT_0068_A1_3,1385.0,1489,172.6226043701172,557193.5187058668,8638266.084821688,505.7760009765625,2021-04-07 15:58:46+00:00,0,2024-04-29,100 MHz,20230305,121.29150390625,172.22052001953125,173.02467346191406,0.6659718175300059,0.5961302581787109,11,3.462655832711187,0.14518610636393228,3.516594333443387,3.5291051107942564,168.75482176069653,176.49037172074878,128.66281127929688,117.67285919189453,6.80768224961522,6.557223580169677,11.0,11.0,1.0604304550193993,2.323085149129232,7.036932459557266,7.270885432446558,131.21648262855805,115.11918784263335,0.7026397518959392,0.03943679493456711,certain_temperate,333.1533966064453,454.4449005126953,POINT (557193.5187058668 8638266.084821688),ragna_mariebreen
ragna_mariebreen-20230305-DAT_0068_A1_3,1390.0,1496,172.6226043701172,557190.4950224782,8638262.422423894,505.59899139404297,2021-04-07 15:58:47.249999872+00:00,0,2024-04-29,100 MHz,20230305,120.08528518676758,172.3545684814453,173.15872192382812,0.6288933366675353,0.5961302581787109,11,3.462655832711187,0.14520263671875,3.5165950159543673,3.522296984983479,168.8888695300765,176.62442087519693,126.7864761352539,115.66250610351562,6.591190054561926,6.1598166046142575,11.0,11.0,1.0838025478791151,2.3230768839518228,6.671930363397244,7.072135498341121,129.34993359960563,113.0990486391639,0.6956521460497419,0.03818265909388013,certain_temperate,332.9763870239258,453.06167221069336,POINT (557190.4950224782 8638262.422423894),ragna_mariebreen
ragna_mariebreen-20230305-DAT_0068_A1_3,1395.0,1502,172.7566375732422,557187.2708079979,8638258.379396066,505.3629455566406,2021-04-07 15:58:48.600000+00:00,0,2024-04-29,100 MHz,20230305,119.28115844726562,172.48858642578125,173.29273986816406,0.6034517100363034,0.5961076354980468,11,3.465328603501408,0.29038874308268225,3.528196744153199,3.52944498734573,169.01111206177018,176.77021423217514,125.31222534179688,114.3222770690918,6.437960813054447,6.358511608886718,11.0,11.0,1.1020030612938887,2.4682671229044595,6.909227396566083,6.982413104904123,128.0153260312112,111.61917637967747,0.6904577452006438,0.037266069214417295,certain_temperate,332.60630798339844,451.88746643066406,POINT (557187.2708079979 8638258.379396066),ragna_mariebreen
ragna_mariebreen-20230305-DAT_0068_A1_3,1400.0,1508,172.89065551757812,557184.3849133501,8638254.759953711,505.1407043457031,2021-04-07 15:58:49.800000+00:00,0,2024-04-29,100 MHz,20230305,118.07493591308594,172.6226043701172,173.4267578125,0.6026393710281878,0.5961302581787109,11,3.4680010821969396,0.29037221272786456,3.5308240982467303,3.531928897862593,169.14246823369328,176.9068939489239,123.83795928955078,113.65215301513672,6.2814377838042885,7.550732535552978,11.0,11.0,1.1280360128574458,3.1942348480224605,8.275817985799511,7.136670241956575,127.22552501003864,110.26458729464886,0.6829457356131143,0.0363318524358631,certain_temperate,332.250048828125,450.3249847412109,POINT (557184.3849133501 8638254.759953711),ragna_mariebreen
ragna_mariebreen-20230305-DAT_0068_A1_3,1405.0,1515,173.02467346191406,557181.0005168263,8638250.263510615,504.89198608398436,2021-04-07 15:58:51.200000+00:00,0,2024-04-29,100 MHz,20230305,116.60066986083984,172.7566375732422,173.56077575683594,0.5757517081310275,0.5960850128173828,11,3.4706735730461307,0.14518610636393228,3.52448172056934,3.521099840325138,169.2829285963528,177.03448473372532,122.09564590454102,112.84800720214844,5.863584323359877,7.3520375312805175,11.0,11.0,1.1593219022125023,2.758655865987142,7.937673797861198,6.582995562587491,125.08800441579847,109.85564869089099,0.673896199471839,0.03388871775360154,certain_temperate,331.8673126220703,448.46798248291014,POINT (557181.0005168263 8638250.263510615),ragna_mariebreen
ragna_mariebreen-20230305-DAT_0068_A1_3,1410.0,1521,173.02467346191406,557178.0862600224,8638246.568442391,504.7057678222656,2021-04-07 15:58:52.400000+00:00,0,2024-04-29,100 MHz,20230305,115.66250228881836,172.89065551757812,173.56077575683594,0.5717683466567766,0.5961076354980468,11,3.4706735730461307,0.2904052734375,3.533447974228597,3.5294233687274934,169.40785344546993,177.04357782894414,120.62137985229492,112.04386138916016,5.5419936130616,6.358522920227051,11.0,11.0,1.1775939336955727,2.1778866449991865,6.82354244056525,6.069893814421962,123.09724691478888,109.5679943266662,0.6684740388443954,0.03203007699524135,certain_temperate,331.68109436035155,447.3435966491699,POINT (557178.0862600224 8638246.568442391),ragna_mariebreen
ragna_mariebreen-20230305-DAT_0068_A1_3,1415.0,1528,173.29273986816406,557174.7429286727,8638242.408814453,504.5261474609375,2021-04-07 15:58:53.800000+00:00,0,2024-04-29,100 MHz,20230305,114.85837936401367,173.15872192382812,173.69480895996094,0.5354854156786062,0.39739000854492185,11,3.4760191996601617,0.5807774861653645,3.546537858776354,3.5646537833634167,169.63451818896223,177.21901269482683,119.54921340942383,111.37376022338867,5.138836167359655,4.9675900222778315,11.0,11.0,1.1984948039151462,2.177882512410482,5.554863874327548,5.708519877151929,122.0350858986869,108.8878877341256,0.6627997194307995,0.029654076513933175,certain_temperate,331.23340759277346,446.09178695678713,POINT (557174.7429286727 8638242.408814453),ragna_mariebreen
ragna_mariebreen-20230305-DAT_0068_A1_3,1420.0,1534,173.56077575683594,557172.0706493293,8638238.947178446,504.38543701171875,2021-04-07 15:58:55+00:00,0,2024-04-29,100 MHz,20230305,114.18825149536133,173.29273986816406,173.82882690429688,0.5159181384274575,0.3974126312255859,11,3.4813642659919797,0.580760955810547,3.5517766314588957,3.5669807913525844,169.76326675729894,177.358300015162,118.61103057861328,110.8376579284668,4.829692939264728,4.570188702392578,11.0,11.0,1.2167985268201784,2.468271255493164,5.334752704769201,5.55867749857366,121.3629320386161,108.085756468464,0.657915079011531,0.027827099286714865,certain_temperate,330.8246612548828,445.01291275024414,POINT (557172.0706493293 8638238.947178446),ragna_mariebreen
ragna_mariebreen-20230305-DAT_0068_A1_3,1425.0,1542,173.82882690429688,557169.0639659814,8638234.633958757,504.19908142089844,2021-04-07 15:58:56.500000+00:00,0,2024-04-29,100 MHz,20230305,113.11606216430664,173.4267578125,173.9628448486328,0.5268790568286823,0.3974126312255859,11,3.4867096846697176,0.2903887430826823,3.52127914922069,3.5382300077586004,169.9279765893769,177.46162607175592,117.27079772949219,110.03351593017578,4.3710885103468495,4.570183046722412,11.0,11.0,1.2429706034131944,2.4682753880818686,5.34078012961674,5.171438298737238,120.0343749967963,107.26993866287167,0.6507324715858767,0.025145935735695863,certain_temperate,330.37025451660156,443.4863166809082,POINT (557169.0639659814 8638234.633958757),ragna_mariebreen
ragna_mariebreen-20230305-DAT_0068_A1_3,1430.0,1550,173.82882690429688,557166.1827323191,8638230.139774524,503.9899597167969,2021-04-07 15:58:58+00:00,0,2024-04-29,100 MHz,20230305,112.17789459228516,173.69480895996094,174.09686279296875,0.5336535623292701,0.39739000854492185,11,3.4867096846697176,0.14518610636393228,3.5122844773084734,3.5302987912126422,170.205077819794,177.58659393313567,115.66251373291016,108.9613265991211,3.9469737833489744,4.768889362335205,11.0,11.0,1.2613068548042146,1.8875020345052085,5.281653591672903,4.553258279373302,117.93265886312483,106.69118146890642,0.6453353945375572,0.022706094573841994,certain_temperate,330.1611328125,442.33902740478516,POINT (557166.1827323191 8638230.139774524),ragna_mariebreen
ragna_mariebreen-20230305-DAT_0068_A1_3,1435.0,1557,173.9628448486328,557163.5097774155,8638225.933470143,503.7909912109375,2021-04-07 15:58:59.400000+00:00,0,2024-04-29,100 MHz,20230305,111.50777053833008,173.82882690429688,174.09686279296875,0.6093693175112048,0.39739000854492185,11,3.4893822598178885,0.29037221272786456,3.5239215933314414,3.5540730918455155,170.327383690841,177.59830600642462,114.1882438659668,108.15718078613281,3.517127703005487,4.768889362335205,11.0,11.0,1.2770334854036423,1.4519189198811848,5.145987643100691,4.013610637817248,116.12186303031926,106.22356162178035,0.640986129166572,0.020217694796068567,certain_temperate,329.82814636230466,441.33591690063474,POINT (557163.5097774155 8638225.933470143),ragna_mariebreen
ragna_mariebreen-20230305-DAT_0068_A1_3,1440.0,1563,174.09686279296875,557160.9627060853,8638222.05817119,503.58484649658203,2021-04-07 15:59:00.750000128+00:00,0,2024-04-29,100 MHz,20230305,111.10569763183594,173.82882690429688,174.2309112548828,0.5993696689388683,0.19874024963378906,11,3.4920548468976707,0.14518610636393228,3.5007176044415713,3.546092223739609,170.33375522273974,177.72598293643995,112.04385757446289,107.48705291748047,3.203191791087509,3.576668435668945,11.0,11.0,1.287522720321022,2.4682671229044595,4.532396104056269,4.243877354005922,114.82775005538846,104.7031604365549,0.6381832265637079,0.018398905871708084,certain_temperate,329.4879837036133,440.5936813354492,POINT (557160.9627060853 8638222.05817119),ragna_mariebreen
ragna_mariebreen-20230305-DAT_0068_A1_3,1445.0,1570,174.09686279296875,557158.226788419,8638217.709646394,503.32172241210935,2021-04-07 15:59:02.200000+00:00,0,2024-04-29,100 MHz,20230305,109.36338806152344,173.9628448486328,174.2309112548828,0.6513371122305244,0.19874024963378906,11,3.4920548468976707,0.0,3.4977056394965564,3.552279139863633,170.47079000173514,177.7229661017805,110.70362091064453,106.54888916015625,2.9609571439862776,3.775363439941406,11.0,11.0,1.3216387934389136,2.9038543701171875,4.942921039913299,4.352742412743342,113.89409098622451,103.35841908457627,0.6281755242860143,0.017007527283862473,certain_temperate,329.2248596191406,438.58824768066404,POINT (557158.226788419 8638217.709646394),ragna_mariebreen
ragna_mariebreen-20230305-DAT_0068_A1_3,1450.0,1577,174.09686279296875,557155.5068318453,8638213.687577922,503.0494079589844,2021-04-07 15:59:03.600000+00:00,0,2024-04-29,100 MHz,20230305,108.42521667480469,173.9628448486328,174.2309112548828,0.6595581030034545,0.19874024963378906,11,3.4920548468976707,0.14521916707356772,3.5007189757322075,3.5567615258075107,170.46777179356985,177.72598430994577,109.89948272705078,105.6107177734375,2.9132564370354412,3.179255804443359,11.0,11.0,1.3400246421419828,1.8875020345052085,3.9326832369129145,3.7209398059814784,112.21428940835466,103.29591109213362,0.6227867345532871,0.016733537815094384,certain_temperate,328.9525451660156,437.3777618408203,POINT (557155.5068318453 8638213.687577922),ragna_mariebreen
ragna_mariebreen-20230305-DAT_0068_A1_3,1455.0,1584,174.2309112548828,557152.4883408174,8638209.466991667,502.7935485839844,2021-04-07 15:59:05+00:00,0,2024-04-29,100 MHz,20230305,107.755126953125,173.82882690429688,174.36492919921875,0.6886269572624059,0.19874024963378906,11,3.494728054467578,0.14521916707356772,3.503385572270455,3.5648870763934113,170.33108294837783,177.8626731551378,109.22938537597656,104.80660247802734,2.9169523305481353,3.179255804443359,11.0,11.0,1.3557920044806033,1.7423076629638672,3.8705910946421267,3.6581988533329275,111.43705563030264,102.59893222370127,0.6184615931640842,0.016741876108774516,certain_temperate,328.56263732910156,436.31776428222656,POINT (557152.4883408174 8638209.466991667),ragna_mariebreen
ragna_mariebreen-20230305-DAT_0068_A1_3,1460.0,1591,174.2309112548828,557149.5980185528,8638205.189664511,502.61830647786456,2021-04-07 15:59:06.333333248+00:00,0,2024-04-29,100 MHz,20230305,106.95098114013672,173.82882690429688,174.36492919921875,0.6921741150036033,0.39739000854492185,11,3.494728054467578,0.14521916707356772,3.520245957324519,3.5655739771668324,170.33108294837783,177.8626731551378,108.15719604492188,103.73441314697266,2.8563671011285763,3.3779621200561523,11.0,11.0,1.3715668406964523,1.597121556599935,3.9802790039881,3.5483553769970553,110.26242592905669,101.62918326283786,0.6138461904941648,0.016394146598647987,certain_temperate,328.38739522298175,435.33837636311847,POINT (557149.5980185528 8638205.189664511),ragna_mariebreen
ragna_mariebreen-20230305-DAT_0068_A1_3,1465.0,1598,174.09686279296875,557146.8206440194,8638201.413458392,502.47405395507815,2021-04-07 15:59:07.600000+00:00,0,2024-04-29,100 MHz,20230305,106.14681243896484,173.9628448486328,174.63296508789062,0.7553497654617974,0.5960850128173828,11,3.4920548468976707,0.14518610636393228,3.5455385206944423,3.5757627616224523,170.46777316707568,178.12803676944776,107.35302734375,102.79621887207031,2.9167277954431055,3.576668435668945,11.0,11.0,1.3847179269600964,1.5971132914225263,4.1546084895683855,3.6021543048006093,109.46684252083696,100.68240369498335,0.6096997426380494,0.016753477050942604,certain_temperate,328.3771911621094,434.52400360107424,POINT (557146.8206440194 8638201.413458392),ragna_mariebreen
ragna_mariebreen-20230305-DAT_0068_A1_3,1470.0,1605,174.36492919921875,557143.5825701595,8638197.5561359,502.316162109375,2021-04-07 15:59:09+00:00,0,2024-04-29,100 MHz,20230305,105.6107406616211,174.2309112548828,174.63296508789062,0.7529593581173966,0.39739000854492185,11,3.4974006653312437,0.4355913798014323,3.5467548664812,3.6039560290038644,170.70648913714254,178.1573872056309,106.81695556640625,102.26014709472656,2.8989824817855214,3.576657124328613,11.0,11.0,1.4005054004127975,1.7423076629638672,4.217763335468059,3.660758227294909,109.05236411273688,100.02473854839593,0.6056879737608054,0.016625949352884608,certain_temperate,327.95123291015625,433.56197357177734,POINT (557143.5825701595 8638197.5561359),ragna_mariebreen
ragna_mariebreen-20230305-DAT_0068_A1_3,1475.0,1612,174.4989471435547,557140.3834134653,8638193.328102773,502.09095458984376,2021-04-07 15:59:10.400000+00:00,0,2024-04-29,100 MHz,20230305,104.94061279296875,174.36492919921875,174.76698303222656,0.7951522601401845,0.39739000854492185,11,3.500073288044643,0.580760955810547,3.570114161811769,3.635940514678927,170.8170007459551,178.3149114854902,106.1468276977539,101.72404479980469,2.9296338798743897,3.179255804443359,11.0,11.0,1.416299668520459,1.5971132914225263,3.8294050565037447,3.6248352082263726,108.28146481368009,99.5894076838785,0.6013824983519097,0.016788834132416133,certain_temperate,327.5920074462891,432.5326202392578,POINT (557140.3834134653 8638193.328102773),ragna_mariebreen
ragna_mariebreen-20230305-DAT_0068_A1_3,1480.0,1618,174.90101623535156,557137.5866952195,8638189.637994215,501.89166259765625,2021-04-07 15:59:11.600000+00:00,0,2024-04-29,100 MHz,20230305,104.67256927490234,174.4989471435547,175.16905212402344,0.8828105974976862,0.5961076354980468,10,3.508091531312073,0.580760955810547,3.6054588879859018,3.663788207704109,170.9431083564529,178.72489091112521,106.01280212402344,101.59001922607422,2.9355912766513206,2.980549488830566,11.0,11.0,1.4294663007537645,1.4519189198811848,3.610417941217851,3.573393149158224,108.050311008642,99.55251034145566,0.598467473362488,0.016784300856783525,certain_temperate,326.9906463623047,431.66321563720703,POINT (557137.5866952195 8638189.637994215),ragna_mariebreen
ragna_mariebreen-20230305-DAT_0068_A1_3,1485.0,1624,175.0350341796875,557134.5748891059,8638186.013457086,501.6799072265625,2021-04-07 15:59:12.800000+00:00,0,2024-04-29,100 MHz,20230305,104.13646697998047,174.90101623535156,175.57113647460938,0.9451585220120222,0.5961302581787109,10,3.510764201155319,0.5807774861653645,3.6080658321691588,3.6818599099208345,171.3425379419584,179.12961476800254,105.61072540283203,101.05391693115234,2.925783336247551,2.980560800170898,11.0,11.0,1.4426374223582825,1.3067328135172525,3.5598449491272297,3.5141089210460046,107.5571974366181,99.10744489736628,0.5949464201153927,0.016715415573570258,certain_temperate,326.644873046875,430.78134002685545,POINT (557134.5748891059 8638186.013457086),ragna_mariebreen
ragna_mariebreen-20230305-DAT_0068_A1_3,1490.0,1630,175.43711853027344,557130.8499326857,8638182.136020299,501.4447875976563,2021-04-07 15:59:14.200000+00:00,0,2024-04-29,100 MHz,20230305,104.00245666503906,175.16905212402344,175.57113647460938,0.9945478983551325,0.5961189468383788,10,3.51878288947785,0.29037221272786456,3.5807131753306156,3.6681432043104825,171.63830871148176,179.10187988715106,105.47671508789062,100.65185546875,2.947583081798858,3.179255804443359,11.0,11.0,1.4531773347806343,1.3067328135172525,3.731881895549436,3.536597381148965,107.4310116396562,98.69755891698442,0.5928189971217088,0.016801365107294686,certain_temperate,326.00766906738284,430.0101257324219,POINT (557130.8499326857 8638182.136020299),ragna_mariebreen
ragna_mariebreen-20230305-DAT_0068_A1_3,1495.0,1636,175.30307006835938,557127.7220140563,8638178.655627102,501.25987548828124,2021-04-07 15:59:15.400000+00:00,0,2024-04-29,100 MHz,20230305,103.19828796386719,175.30307006835938,175.97320556640625,1.0541193992223006,0.5961076354980468,9,3.516109575959891,0.0,3.56628249908163,3.6707212176864683,171.7869604923995,179.48931514236614,104.53852081298828,99.84769439697266,2.9453660175489405,3.576668435668945,11.0,11.0,1.4663559734711484,1.5971298217773438,4.182532798108771,3.6573493797936716,106.70670519364991,97.67951001631103,0.5886850009165558,0.01680156551964775,certain_temperate,325.95680541992186,429.15509338378905,POINT (557127.7220140563 8638178.655627102),ragna_mariebreen
ragna_mariebreen-20230305-DAT_0068_A1_3,1500.0,1643,175.43711853027344,557124.1460397934,8638174.598208975,501.0478149414063,2021-04-07 15:59:16.800000+00:00,0,2024-04-29,100 MHz,20230305,102.52818298339844,175.43711853027344,176.64332580566406,1.308205727843425,1.3909328979492186,9,3.51878288947785,0.14521916707356772,3.786504450857682,3.756903493055148,171.91534033882417,180.16510399711333,103.8684310913086,99.17759704589844,2.905227871333696,3.576657124328613,11.0,11.0,1.4821758171793755,1.7423076629638672,4.245580917903295,3.697679019307663,106.15589281677067,96.89013532043636,0.5844155663426845,0.016559938373773335,certain_temperate,325.61069641113284,428.1388793945313,POINT (557124.1460397934 8638174.598208975),ragna_mariebreen
ragna_mariebreen-20230305-DAT_0068_A1_3,1505.0,1650,175.43711853027344,557121.1594204797,8638171.123677583,500.8689880371094,2021-04-07 15:59:18+00:00,0,2024-04-29,100 MHz,20230305,101.72405242919922,175.43711853027344,177.17941284179688,1.5672712114932077,1.7883229064941406,9,3.51878288947785,0.0,3.9471422372615024,3.852034796527346,171.9183356407956,180.69819573127472,103.06428527832031,98.23942565917969,2.878123903232408,3.775374751281738,11.0,11.0,1.498000816291011,1.5971050262451172,4.364424981951414,3.6163998828702146,105.25397724534808,96.04973369215192,0.5798319835699177,0.0164054444540809,certain_temperate,325.43186950683594,427.15592193603516,POINT (557121.1594204797 8638171.123677583),ragna_mariebreen
ragna_mariebreen-20230305-DAT_0068_A1_3,1510.0,1657,175.43711853027344,557117.8582192011,8638167.077645894,500.6387145996094,2021-04-07 15:59:19.400000+00:00,0,2024-04-29,100 MHz,20230305,101.0539321899414,175.43711853027344,177.8495330810547,1.9060121525896652,2.7818431732177733,9,3.51878288947785,0.0,4.485586300993485,4.001838995899457,171.9183356407956,181.36831597053254,102.26014709472656,97.43528747558594,2.8312182206289194,3.974069755554199,11.0,11.0,1.5111926958717816,1.597121556599935,4.54177620019118,3.5847311256820373,104.45889688281352,95.23653768749898,0.576012266027406,0.016138079810860347,certain_temperate,325.20159606933595,426.25552825927736,POINT (557117.8582192011 8638167.077645894),ragna_mariebreen
ragna_mariebreen-20230305-DAT_0068_A1_3,1515.0,1664,175.43711853027344,557114.5569996085,8638163.031621482,500.3998291015625,2021-04-07 15:59:20.800000+00:00,0,2024-04-29,100 MHz,20230305,100.24978637695312,175.43711853027344,178.3856201171875,2.200642325737602,2.7818205505371094,9,3.51878288947785,0.0,4.485572271034396,4.150260192940906,171.9183356407956,181.90440300666535,101.59002685546875,96.63114929199219,2.8128163583687034,3.576657124328613,11.0,11.0,1.5270278211393153,1.597121556599935,4.204174998510446,3.576946616738396,103.79969000470433,94.4214861427566,0.5714285962788087,0.016033188312331543,certain_temperate,324.96271057128905,425.2124969482422,POINT (557114.5569996085 8638163.031621482),ragna_mariebreen
ragna_mariebreen-20230305-DAT_0068_A1_3,1520.0,1670,175.43711853027344,557111.6957952891,8638159.376135569,500.19403076171875,2021-04-07 15:59:22+00:00,0,2024-04-29,100 MHz,20230305,99.57966613769531,175.43711853027344,178.92172241210938,2.4078698225892454,2.583125546264648,9,3.51878288947785,0.0,4.365131224951562,4.263762435433997,171.9183356407956,182.44050530158722,100.91990661621094,95.96102142333984,2.7811749294693175,3.3779621200561523,11.0,11.0,1.5402276563537296,1.597121556599935,4.041500536247318,3.557812879883056,103.13871226338986,93.74221577616092,0.5676088787362968,0.015852830648204006,certain_temperate,324.7569122314453,424.3365783691406,POINT (557111.6957952891 8638159.376135569),ragna_mariebreen
ragna_mariebreen-20230305-DAT_0068_A1_3,1525.0,1677,175.43711853027344,557108.4633361701,8638154.997875443,499.9790405273437,2021-04-07 15:59:23.400000+00:00,0,2024-04-29,100 MHz,20230305,98.77552032470703,175.43711853027344,178.92172241210938,2.407765854498901,2.1857355377197263,9,3.51878288947785,0.14518610636393228,4.144918801329424,4.2661749189237455,171.91534170191488,182.44349924046793,100.11576080322266,95.15689086914062,2.7576450283151104,3.775363439941406,11.0,11.0,1.5560720599550268,1.5971132914225263,4.384689296296532,3.5463695836167757,102.34558840225608,92.9270632701072,0.5630252089876996,0.015718709081734325,certain_temperate,324.5419219970703,423.3174423217773,POINT (557108.4633361701 8638154.997875443),ragna_mariebreen
ragna_mariebreen-20230305-DAT_0068_A1_3,1530.0,1683,175.57113647460938,557105.6992295193,8638151.08579005,499.78033447265625,2021-04-07 15:59:24.600000+00:00,0,2024-04-29,100 MHz,20230305,98.23942565917969,175.43711853027344,178.65365600585938,2.414284934758116,1.9870405334472656,9,3.521455606023504,0.14518610636393228,4.045992915495265,4.272060432259296,171.91267125578125,182.17810328035156,99.71368408203125,94.62078094482422,2.759066746124224,3.974069755554199,11.0,11.0,1.5692792610165018,1.4519189198811848,4.512641839430208,3.4904376886765873,101.85160502279717,92.4828600040583,0.5595420046357495,0.015714808262480163,certain_temperate,324.2091979980469,422.44862365722656,POINT (557105.6992295193 8638151.08579005),ragna_mariebreen
ragna_mariebreen-20230305-DAT_0068_A1_3,1535.0,1689,175.57113647460938,557102.9665149114,8638147.175008098,499.5785766601563,2021-04-07 15:59:25.800000+00:00,0,2024-04-29,100 MHz,20230305,97.56930541992188,175.43711853027344,178.51963806152344,2.435066552781078,1.5896279022216795,9,3.521455606023504,0.0,3.8636208991975467,4.281378131124076,171.91566292424994,182.04109366754693,99.04357147216797,93.9506607055664,2.7764737456622575,3.775374751281738,11.0,11.0,1.5824898922753359,1.4519271850585938,4.343480323712934,3.510152884165814,101.19121362342729,91.80301855430709,0.5557252027814497,0.015813953257993427,certain_temperate,324.0074401855469,421.5767456054688,POINT (557102.9665149114 8638147.175008098),ragna_mariebreen
ragna_mariebreen-20230305-DAT_0068_A1_3,1540.0,1696,175.57113647460938,557100.1450437935,8638142.366971603,499.3192504882812,2021-04-07 15:59:27.200000+00:00,0,2024-04-29,100 MHz,20230305,96.89918518066406,175.43711853027344,178.3856201171875,2.461972383263634,1.3909328979492186,9,3.521455606023504,0.0,3.7862044202329823,4.296738018677329,171.91566292424994,181.907075723211,98.23942565917969,93.14652252197266,2.762556928705603,4.172776071166992,11.0,11.0,1.595703721922952,1.4519189198811848,4.69748859053128,3.5051476006592135,100.39681735242125,90.98913082873109,0.5519084009271499,0.01573468728503171,certain_temperate,323.74811401367185,420.6472991943359,POINT (557100.1450437935 8638142.366971603),ragna_mariebreen
ragna_mariebreen-20230305-DAT_0068_A1_3,1545.0,1702,175.57113647460938,557098.0213430393,8638138.183524385,499.07806396484375,2021-04-07 15:59:28.400000+00:00,0,2024-04-29,100 MHz,20230305,96.22907257080078,175.43711853027344,178.11756896972656,2.4576087787456835,1.5896279022216795,9,3.521455606023504,0.0,3.8636208991975467,4.294239221860167,171.91566292424994,181.63902457575006,97.56930541992188,92.47640228271484,2.772293401632415,4.172776071166992,11.0,11.0,1.6089205206617319,1.5971132914225263,4.748837357453796,3.5812018669965453,99.83632904296707,90.20937865966965,0.5480916425275698,0.0157901432849319,certain_temperate,323.5069274902344,419.73600006103516,POINT (557098.0213430393 8638138.183524385),ragna_mariebreen
ragna_mariebreen-20230305-DAT_0068_A1_3,1550.0,1709,175.57113647460938,557095.4246362615,8638133.645424336,498.8153076171875,2021-04-07 15:59:29.800000+00:00,0,2024-04-29,100 MHz,20230305,95.4249267578125,175.43711853027344,177.98355102539062,2.484967002106623,1.3909328979492186,9,3.521455606023504,0.0,3.7862044202329823,4.3099548242125625,171.91566292424994,181.50500663141412,96.89918518066406,91.6722640991211,2.788501614843918,3.775363439941406,11.0,11.0,1.6247849004676016,1.5971132914225263,4.409542600097227,3.600894068757529,99.17749526456967,89.39395401521548,0.5435114716114662,0.015882460356729442,certain_temperate,323.2441711425781,418.6690979003906,POINT (557095.4246362615 8638133.645424336),ragna_mariebreen
ragna_mariebreen-20230305-DAT_0068_A1_3,1555.0,1715,175.57113647460938,557093.1001622361,8638129.751546958,498.5911865234375,2021-04-07 15:59:31+00:00,0,2024-04-29,100 MHz,20230305,94.75481414794922,175.43711853027344,177.71551513671875,2.4405955956083014,1.1922378936767577,9,3.521455606023504,0.14518610636393228,3.7206397011527836,4.28698442404193,171.91267125578125,181.23996241121094,96.22907257080078,91.00213623046875,2.8154280043378557,3.775374751281738,11.0,11.0,1.6380082972203318,1.4519271850585938,4.3640140060603,3.566202262924057,98.41794527894871,88.81326352232082,0.5396947132118861,0.016035824913310938,certain_temperate,323.0200500488281,417.77486419677734,POINT (557093.1001622361 8638129.751546958),ragna_mariebreen
ragna_mariebreen-20230305-DAT_0068_A1_3,1560.0,1722,175.7051544189453,557090.3226545026,8638125.01981763,498.33046264648436,2021-04-07 15:59:32.400000+00:00,0,2024-04-29,100 MHz,20230305,94.21870422363281,175.43711853027344,177.5814666748047,2.4318889193662176,1.3909328979492186,9,3.524128334177711,0.14518610636393228,3.791471198338806,4.284231930856624,171.91000079460946,181.10858441046867,95.55894470214844,90.33201599121094,2.813106629412202,3.974069755554199,11.0,11.0,1.651234879165668,1.5971298217773438,4.590275668823649,3.6319373896347202,97.85620400265933,88.03475669070005,0.5362318739892,0.016010381930542158,certain_temperate,322.62530822753905,416.84401245117186,POINT (557090.3226545026 8638125.01981763),ragna_mariebreen
ragna_mariebreen-20230305-DAT_0068_A1_3,1565.0,1728,175.7051544189453,557087.9163862781,8638121.010868877,498.10771484375,2021-04-07 15:59:33.600000+00:00,0,2024-04-29,100 MHz,20230305,93.41455841064453,175.43711853027344,177.44744873046875,2.45851756477377,1.7883229064941406,9,3.524128334177711,0.0,3.951908315440253,4.296951143782684,171.91299019609573,180.97157706464645,95.0228500366211,89.66190338134766,2.844564156846186,3.974058444213867,11.0,11.0,1.667110337248422,1.5971132914225263,4.595994806375066,3.6635465036782455,97.33153532097647,87.35321809699228,0.5316551965681672,0.016189417813342603,certain_temperate,322.4025604248047,415.8171188354492,POINT (557087.9163862781 8638121.010868877),ragna_mariebreen
ragna_mariebreen-20230305-DAT_0068_A1_3,1570.0,1735,175.7051544189453,557085.079268732,8638116.38838572,497.8421325683594,2021-04-07 15:59:35+00:00,0,2024-04-29,100 MHz,20230305,92.74444580078125,175.43711853027344,177.17941284179688,2.4601405988887284,1.3908876525878906,9,3.524128334177711,0.0,3.7886737755942543,4.297879975296513,171.91299019609573,180.70354117597458,94.21870422363281,88.99177551269531,2.862192191845018,3.775363439941406,11.0,11.0,1.6803427239022308,1.4519189198811848,4.380067273835679,3.622673648389916,96.43942937990049,86.77105035642764,0.5278413493758105,0.016289745177426644,certain_temperate,322.13697814941406,414.8814239501953,POINT (557085.079268732 8638116.38838572),ragna_mariebreen
ragna_mariebreen-20230305-DAT_0068_A1_3,1575.0,1741,175.7051544189453,557082.9179214195,8638112.352340573,497.61854858398436,2021-04-07 15:59:36.200000+00:00,0,2024-04-29,100 MHz,20230305,92.07432556152344,175.43711853027344,177.04537963867188,2.4650025864404386,1.1922152709960936,9,3.524128334177711,0.0,3.7203303305150817,4.300664863356853,171.91299019609573,180.56950797284958,93.41455841064453,88.32166290283203,2.8539619618001333,3.576668435668945,11.0,11.0,1.6935779327068934,1.5971132914225263,4.267497414000481,3.6829439256106404,95.74242805471617,85.99379325876039,0.524027458761879,0.016242904035673564,certain_temperate,321.91339416503905,413.9877197265625,POINT (557082.9179214195 8638112.352340573),ragna_mariebreen
ragna_mariebreen-20230305-DAT_0068_A1_3,1580.0,1748,175.7051544189453,557080.225347277,8638107.84754325,497.371240234375,2021-04-07 15:59:37.600000+00:00,0,2024-04-29,100 MHz,20230305,91.27018737792969,175.30307006835938,176.64332580566406,2.3683888249442906,1.0928790802001953,10,3.524128334177711,0.0,3.689697169103908,4.2460271009350805,171.77894173418167,180.16745413984177,92.34237670898438,87.65154266357422,2.8872417771090766,3.576657124328613,11.0,11.0,1.7094635017124402,1.8875020345052085,4.390604238480039,3.8498174597547137,94.88892916160503,85.10499021095356,0.519450824762421,0.016432311201439412,certain_temperate,321.6660858154297,412.9362731933594,POINT (557080.225347277 8638107.84754325),ragna_mariebreen
ragna_mariebreen-20230305-DAT_0068_A1_3,1585.0,1755,175.7051544189453,557077.6438507511,8638103.763111485,497.1404266357422,2021-04-07 15:59:38.833333248+00:00,0,2024-04-29,100 MHz,20230305,90.33201599121094,175.16905212402344,176.64332580566406,2.3759192569822996,1.0928790802001953,10,3.524128334177711,0.0,3.689697169103908,4.250232091480828,171.64492378984573,180.16745413984177,91.40420532226562,86.84739685058594,2.8588251728647047,3.3779508087158203,11.0,11.0,1.7280014774300507,1.8875102996826174,4.2378338692676785,3.8368692454152398,93.9632450322757,84.28835714057587,0.5141113605342869,0.016270582284958018,certain_temperate,321.4352722167969,411.7672882080078,POINT (557077.6438507511 8638103.763111485),ragna_mariebreen
ragna_mariebreen-20230305-DAT_0068_A1_3,1590.0,1762,175.7051544189453,557074.6677786458,8638099.249710867,496.8641052246094,2021-04-07 15:59:40.249999872+00:00,0,2024-04-29,100 MHz,20230305,89.52787017822266,175.30307006835938,176.37525939941406,2.401857659994054,0.9935315780639647,10,3.524128334177711,0.14518610636393228,3.664377780448621,4.267256699579649,171.7759523326954,179.90237713507804,90.33201599121094,86.04325866699219,2.818384221641091,2.980560800170898,11.0,11.0,1.7438949875616139,1.4519271850585938,3.7460652639629863,3.6183631519169204,92.60121458947305,83.77406006873008,0.509534683113254,0.016040418569173178,certain_temperate,321.15895080566406,410.6868209838867,POINT (557074.6677786458 8638099.249710867),ragna_mariebreen
ragna_mariebreen-20230305-DAT_0068_A1_3,1595.0,1767,175.83917236328125,557072.1709003623,8638095.860699747,496.65771484375,2021-04-07 15:59:41.400000+00:00,0,2024-04-29,100 MHz,20230305,89.12579345703125,175.30307006835938,176.24124145507812,2.399196901061676,0.8941840759277343,10,3.5268010739140783,0.29038874308268225,3.64996117769948,4.275371002279754,171.76433421539286,179.77997730804464,89.7959213256836,85.50714874267578,2.7742351227148383,2.5831368576049805,11.0,11.0,1.7544925284923707,1.451918919881185,3.4436766119311835,3.5892468706609066,92.07326903353247,83.2298010348269,0.5068597187940501,0.015777116585736127,certain_temperate,320.81854248046875,409.9443359375,POINT (557072.1709003623 8638095.860699747),ragna_mariebreen
ragna_mariebreen-20230305-DAT_0068_A1_3,1600.0,1774,175.97320556640625,557069.1785047881,8638091.566931281,496.4183288574219,2021-04-07 15:59:42.800000+00:00,0,2024-04-29,100 MHz,20230305,88.4556884765625,175.30307006835938,176.37525939941406,2.453484455039998,0.8941840759277343,10,3.529474129516559,0.0,3.6409823938834704,4.298461771616631,171.77359593884282,179.90473352893062,88.99178314208984,84.83704376220703,2.7084713883616356,2.1857468490600587,11.0,11.0,1.7703915722315322,1.7423076629638672,3.3086872925114914,3.6750155881335598,91.47571597359939,82.35311093069748,0.5026656654451996,0.015391385180737368,certain_temperate,320.44512329101565,408.90081176757815,POINT (557069.1785047881 8638091.566931281),ragna_mariebreen
ragna_mariebreen-20230305-DAT_0068_A1_3,1605.0,1781,175.83917236328125,557066.0257994432,8638087.154847313,496.1746459960938,2021-04-07 15:59:44.200000+00:00,0,2024-04-29,100 MHz,20230305,87.51750946044922,175.30307006835938,176.50930786132812,2.5454327064122015,0.9935315780639647,10,3.5268010739140783,0.0,3.6640729812016257,4.349431397071856,171.7762689944453,180.0361089352422,87.78556060791016,83.76484680175781,2.6766932050391485,2.3844418533325196,11.0,11.0,1.786294056186886,1.7423076629638672,3.4513831139870623,3.659394616803982,90.28085266448214,81.26955474518583,0.49771338368016926,0.01522239424278646,certain_temperate,320.3354736328125,407.85298309326174,POINT (557066.0257994432 8638087.154847313),ragna_mariebreen
ragna_mariebreen-20230305-DAT_0068_A1_3,1610.0,1787,175.97320556640625,557063.2894181948,8638082.946140533,495.9357666015625,2021-04-07 15:59:45.400000+00:00,0,2024-04-29,100 MHz,20230305,86.84740447998047,175.30307006835938,176.50930786132812,2.6452821073924886,0.8941840759277343,10,3.529474129516559,0.0,3.6409823938834704,4.41074880928596,171.77359593884282,180.03878199084468,87.38349914550781,83.22876739501953,2.6094785036683152,2.3844418533325196,11.0,11.0,1.8021995915322069,1.5971050262451172,3.3888391499892836,3.5507810258706884,89.79154146917578,80.82072507135156,0.4935262968043577,0.014828839966113975,certain_temperate,319.9625610351562,406.8099655151367,POINT (557063.2894181948 8638082.946140533),ragna_mariebreen
ragna_mariebreen-20230305-DAT_0068_A1_3,1615.0,1793,175.83917236328125,557060.5204190332,8638079.145653713,495.7176513671875,2021-04-07 15:59:46.600000+00:00,0,2024-04-29,100 MHz,20230305,86.04325866699219,175.30307006835938,176.37525939941406,2.7285916888819797,1.0928790802001953,10,3.5268010739140783,0.1451861063639323,3.6951034497537196,4.461459113908636,171.77328185651965,179.9050476112538,86.44532012939453,82.29058074951172,2.535849110081945,2.1857468490600587,11.0,11.0,1.815456539446912,1.597121556599935,3.259473730735183,3.503885046955757,88.86331097163873,79.87258990726752,0.48932929739471265,0.0144214117707681,certain_temperate,319.87847900390625,405.92173767089844,POINT (557060.5204190332 8638079.145653713),ragna_mariebreen
ragna_mariebreen-20230305-DAT_0068_A1_3,1620.0,1799,176.1072235107422,557057.6996822923,8638075.454733321,495.52882080078126,2021-04-07 15:59:47.800000+00:00,0,2024-04-29,100 MHz,20230305,85.50715637207031,175.30307006835938,176.37525939941406,2.7992455096139586,1.3909328979492186,10,3.5321468923397004,0.580760955810547,3.840317601899144,4.54413032162953,171.72349677579237,179.95483269198107,85.90923309326172,81.7544937133789,2.4784003045911516,1.9870292221069334,11.0,11.0,1.831368031339616,2.0327046712239585,3.381431986028305,3.691648035285319,88.64525157759775,79.01847522904288,0.4855403126996352,0.014073246146203503,certain_temperate,319.4215972900391,404.9287536621094,POINT (557057.6996822923 8638075.454733321),ragna_mariebreen
ragna_mariebreen-20230305-DAT_0068_A1_3,1625.0,1807,176.37525939941406,557054.4417480702,8638071.112796426,495.3105529785156,2021-04-07 15:59:49.200000+00:00,0,2024-04-29,100 MHz,20230305,84.7030029296875,175.7051544189453,177.5814666748047,3.381738505083262,1.3909328979492186,11,3.537492452470286,0.7259635925292969,3.869828202331428,4.947426735761233,172.09393911257513,181.19268198117487,84.9710464477539,81.08436584472656,2.3804677120531816,1.9870405334472656,11.0,11.0,1.852587661218904,2.177882512410482,3.481893645981496,3.720467686795792,87.83028643075008,78.22512586173039,0.4802431090285268,0.01349660785848908,certain_temperate,318.93529357910154,403.63829650878904,POINT (557054.4417480702 8638071.112796426),ragna_mariebreen
ragna_mariebreen-20230305-DAT_0068_A1_3,1630.0,1813,176.77734375,557051.5612290424,8638067.344954306,495.1050598144531,2021-04-07 15:59:50.400000+00:00,0,2024-04-29,100 MHz,20230305,84.16692352294922,175.7051544189453,177.98355102539062,3.4281584770994296,1.9870179107666015,11,3.545511487123158,0.7259635925292969,4.1286698851697485,4.984971954495731,172.08608342724037,181.60262201709557,84.70301818847656,80.68231201171875,2.3508565990304406,2.1857468490600587,11.0,11.0,1.8711589921362572,2.0326964060465498,3.522865302730564,3.627618695812985,87.46582304097826,77.91950715921705,0.4761182724975141,0.013298404360883722,certain_temperate,318.3277160644531,402.49463958740233,POINT (557051.5612290424 8638067.344954306),ragna_mariebreen
ragna_mariebreen-20230305-DAT_0068_A1_3,1635.0,1820,177.04537963867188,557048.2657030108,8638063.150411788,494.8634948730469,2021-04-07 15:59:51.800000+00:00,0,2024-04-29,100 MHz,20230305,83.49678802490234,176.37525939941406,178.25160217285156,3.3476220798073797,1.5896279022216795,11,3.550857161385203,0.580760955810547,3.9335463307143415,4.914513552485988,172.77722245291747,181.84963911934815,84.03289794921875,80.28022003173828,2.3314676423319316,2.3844418533325196,11.0,11.0,1.8897342662840013,2.1778907775878906,3.7416395855552604,3.70810533878302,86.91635140579999,77.39676657515705,0.47161235269346846,0.013168757338317294,certain_temperate,317.818115234375,401.31490325927734,POINT (557048.2657030108 8638063.150411788),ragna_mariebreen
ragna_mariebreen-20230305-DAT_0068_A1_3,1640.0,1826,177.3134307861328,557045.6494121427,8638059.840293981,494.6675720214844,2021-04-07 15:59:53+00:00,0,2024-04-29,100 MHz,20230305,82.6926498413086,177.04537963867188,179.0557403564453,3.2444194064978458,1.7883229064941406,11,3.55620318526086,0.4355748494466146,4.004298360789512,4.8334836122190135,173.46260047378746,182.63851952132973,83.49679565429688,80.01217651367188,2.2807690949864656,2.5831594802856443,11.0,11.0,1.9109675231786027,1.3067245483398438,3.4687229379797593,3.249805161009305,85.81181745114401,77.69715471682474,0.46636427638157096,0.012862923495837283,certain_temperate,317.35414123535156,400.04679107666016,POINT (557045.6494121427 8638059.840293981),ragna_mariebreen
ragna_mariebreen-20230305-DAT_0068_A1_3,1645.0,1827,177.44744873046875,557038.2532818194,8638052.274413025,494.2646942138672,2021-04-07 15:59:56+00:00,0,2024-04-29,100 MHz,20230305,82.6926498413086,177.17941284179688,179.1897735595703,3.2362555525518757,1.9870405334472656,11,3.558876061958457,0.1935814751519097,4.080613029125074,4.814189715136471,173.61527583378177,182.75391056758542,83.49678039550781,80.14619445800781,2.2616429404824805,2.5831481689453124,11.0,11.0,1.9136218970867975,0.193584230211046,3.2205710800915415,2.9689143486181475,85.42016897278398,78.22280588073164,0.4660120527678784,0.01274542382357816,certain_temperate,316.81724548339844,399.50989532470703,POINT (557038.2532818194 8638052.274413025),ragna_mariebreen
ragna_mariebreen-20230305-DAT_0068_A1_3,1660.0,1828,177.5814666748047,557030.857151496,8638044.708532069,493.86181640625,2021-04-07 15:59:59+00:00,0,2024-04-29,100 MHz,20230305,82.69264221191406,177.3134307861328,179.32379150390625,3.202576302550682,1.9870405334472656,11,3.5615489499022623,0.04839536878797743,4.078639861011563,4.789934029600953,173.75155304619423,182.88566924384483,83.49678039550781,80.14618682861328,2.2533960780799167,2.5831368576049805,11.0,11.0,1.9162764944495112,0.19359249538845488,3.222140543577789,2.964352803253416,85.42281093977508,78.22015628434602,0.46566031782666045,0.01268936517010775,certain_temperate,316.2803497314453,398.9729919433594,POINT (557030.857151496 8638044.708532069),ragna_mariebreen
ragna_mariebreen-20230305-DAT_0068_A1_3,1670.0,1829,177.5814666748047,557023.4610211726,8638037.142651113,493.4589385986328,2021-04-07 16:00:02+00:00,0,2024-04-29,100 MHz,20230305,82.42459106445312,177.3134307861328,179.4578094482422,3.2312610115874634,2.1857129150390624,11,3.5615489499022623,0.07260958353678386,4.179383210611327,4.809464710253786,173.75114176442622,183.02009846994878,83.36275482177734,80.14618682861328,2.239000931976568,2.5831594802856443,11.0,11.0,1.9215859050194888,0.2177874247233073,3.2268617344607096,2.9585552092413483,85.29664306899774,78.21229858139289,0.4641508633071086,0.012608302960334982,certain_temperate,315.8774719238281,398.30206298828125,POINT (557023.4610211726 8638037.142651113),ragna_mariebreen
ragna_mariebreen-20230305-DAT_0068_A1_3,1680.0,1830,177.71551513671875,557016.0648908493,8638029.576770157,493.0560607910156,2021-04-07 16:00:05+00:00,0,2024-04-29,100 MHz,20230305,82.42462158203125,177.3134307861328,179.59182739257812,3.1867356575220795,2.1857129150390624,11,3.5642224577211397,0.21779568990071616,4.186700089286502,4.786063188214896,173.7425602073155,183.16269797139543,83.36278533935547,80.1462173461914,2.239001861950964,2.5831368576049805,11.0,11.0,1.9242405665041762,0.3629735310872396,3.2414576300127056,2.9744883391719887,85.32096090402025,78.18804178152662,0.46380093217309115,0.012598797917156936,certain_temperate,315.3405456542969,397.7651672363281,POINT (557016.0648908493 8638029.576770157),ragna_mariebreen
ragna_mariebreen-20230305-DAT_0068_A1_3,1685.0,1832,177.8495330810547,557012.8511947595,8638027.39627263,492.92144775390625,2021-04-07 16:00:06+00:00,0,2024-04-29,100 MHz,20230305,82.29059600830078,177.44744873046875,179.85989379882812,3.167251243694387,2.1857355377197263,11,3.5668953680840803,0.7259470621744792,4.245842854462511,4.825061879875021,173.80742926569394,183.49991326360293,83.22875213623047,80.14620208740234,2.2459197718474275,2.5831368576049805,11.0,11.0,1.9295502537611753,1.1615384419759116,3.4270879415467266,3.180643229844059,85.48093679428531,77.8940174293475,0.4626978467848828,0.012628201676660306,certain_temperate,315.07191467285156,397.36251068115234,POINT (557012.8511947595 8638027.39627263),ragna_mariebreen
ragna_mariebreen-20230305-DAT_0068_A1_3,1690.0,1838,178.3856201171875,557008.930299721,8638024.72117602,492.77264404296875,2021-04-07 16:00:07.249999872+00:00,0,2024-04-29,100 MHz,20230305,82.02253723144531,177.5814666748047,180.39598083496094,3.083710176358047,1.9870179107666015,11,3.577587425324141,1.3067245483398438,4.295916783269743,4.90060499151335,173.77270561232368,184.20474189744195,82.96070098876953,80.01217651367188,2.2512964169056633,2.5831594802856443,11.0,11.0,1.945481302222606,1.7423076629638672,3.6733154493332014,3.448023933573063,85.57231610009822,77.40056140234319,0.4598046478049181,0.012620391797425775,certain_temperate,314.38702392578125,396.40956115722656,POINT (557008.930299721 8638024.72117602),ragna_mariebreen
ragna_mariebreen-20230305-DAT_0068_A1_3,1695.0,1844,179.0557403564453,557004.9419654971,8638022.155004542,492.6272216796875,2021-04-07 16:00:08.600000+00:00,0,2024-04-29,100 MHz,20230305,81.88851928710938,178.11756896972656,180.79806518554688,2.958254888997549,1.7883229064941406,11,3.590952974049911,1.742315928141276,4.373637716270559,4.968086155006835,174.12625238803417,184.78938176723926,82.82667541503906,79.744140625,2.201492372546526,2.3844192306518552,11.0,11.0,1.9614146782704776,2.0327046712239585,3.6965512153969904,3.5812853121374055,85.65139413033631,76.91942190970275,0.45733534777547113,0.012295011420265147,certain_temperate,313.5714813232422,395.4600006103516,POINT (557004.9419654971 8638022.155004542),ragna_mariebreen
ragna_mariebreen-20230305-DAT_0068_A1_3,1700.0,1852,179.99391174316406,557001.0180638835,8638019.647353554,492.49072265625,2021-04-07 16:00:10+00:00,0,2024-04-29,100 MHz,20230305,81.75448608398438,179.1897735595703,181.3341522216797,2.7798789612211205,1.5896505249023436,11,3.6096652622982055,2.0327046712239585,4.437179326732284,4.988917580527653,175.04712083622286,185.47680494502714,82.69265747070312,79.47608947753906,2.169741058787877,2.5831368576049805,11.0,11.0,1.9826633353996832,2.323076883951823,4.000029516816951,3.746387109266666,85.74677601953019,76.421970928712,0.45420695229203667,0.012054524721280085,certain_temperate,312.49681091308594,394.2512969970703,POINT (557001.0180638835 8638019.647353554),ragna_mariebreen
ragna_mariebreen-20230305-DAT_0068_A1_3,1705.0,1860,180.9320831298828,556996.609802937,8638016.48676538,492.3062683105469,2021-04-07 16:00:11.600000+00:00,0,2024-04-29,100 MHz,20230305,81.6204833984375,180.12794494628906,181.73623657226562,2.6018887150761176,1.1922378936767577,11,3.6283780787409037,2.0327046712239585,4.326482053334097,4.905796637483426,175.96897683355928,185.8952046849954,82.55863952636719,79.20804595947266,2.1211801780366457,2.1857468490600587,11.0,11.0,2.0039155512365094,2.3230603535970054,3.766931938742422,3.7298381051511265,85.62658459480335,76.1401008910365,0.45111116827105735,0.01172362657491733,certain_temperate,311.3741851806641,392.9946685791016,POINT (556996.609802937 8638016.48676538),ragna_mariebreen
ragna_mariebreen-20230305-DAT_0068_A1_3,1710.0,1868,181.87025451660156,556993.0115226291,8638012.950060938,492.1119750976562,2021-04-07 16:00:13.200000+00:00,0,2024-04-29,100 MHz,20230305,81.48646545410156,181.20013427734375,182.5403594970703,2.372150564809978,0.9935202667236328,11,3.647091415247687,1.8874855041503906,4.225039625842795,4.742465141851811,177.0935691287614,186.64692464565266,82.42462158203125,78.94001007080078,2.091020566332942,1.9870518447875976,11.0,11.0,2.0251721019749893,2.3230934143066406,3.6669415168620394,3.724305581318485,85.50651792263271,75.85811373019932,0.44804723933931306,0.011497320284126334,certain_temperate,310.24172058105466,391.7281860351562,POINT (556993.0115226291 8638012.950060938),ragna_mariebreen
ragna_mariebreen-20230305-DAT_0068_A1_3,1715.0,1875,182.67437744140625,556989.407452238,8638009.934387099,491.956005859375,2021-04-07 16:00:14.600000+00:00,0,2024-04-29,100 MHz,20230305,81.2183837890625,182.0042724609375,183.21047973632812,2.187878191566186,0.9934976440429687,11,3.6631313475552774,1.5971132914225263,4.117807633170783,4.555887741836004,178.00811153636494,187.2066406609007,82.15655517578125,78.93998718261719,2.0721932469179816,1.9870292221069334,11.0,11.0,2.046432862127113,2.1778907775878906,3.5887854251547333,3.6366303841425296,85.14504906038201,75.95149329801643,0.44460742073755644,0.011343644773513177,certain_temperate,309.28162841796876,390.50001220703126,POINT (556989.407452238 8638009.934387099),ragna_mariebreen
ragna_mariebreen-20230305-DAT_0068_A1_3,1720.0,1882,183.34451293945312,556985.0259447831,8638006.886639977,491.76849365234375,2021-04-07 16:00:16+00:00,0,2024-04-29,100 MHz,20230305,80.95036315917969,182.94244384765625,183.880615234375,2.009546676911197,0.7948026397705078,11,3.6764989011289146,1.4519437154134116,4.031934518183149,4.434305195790594,178.98962400319957,187.83343507883168,81.75450134277344,78.80598449707031,2.0220189190635574,2.1857468490600587,11.0,11.0,2.0650386833398615,1.8874937693277996,3.5502826339768037,3.4518948422558084,84.55218207740727,76.00830376243648,0.4415205116387223,0.011028521588378812,certain_temperate,308.4239807128906,389.3743438720703,POINT (556985.0259447831 8638006.886639977),ragna_mariebreen
ragna_mariebreen-20230305-DAT_0068_A1_3,1725.0,1888,184.01463317871094,556981.1837415153,8638004.494119532,491.61420288085935,2021-04-07 16:00:17.200000+00:00,0,2024-04-29,100 MHz,20230305,80.81633758544922,183.612548828125,184.41668701171875,1.8765994673269608,0.9935202667236328,11,3.6898664053808528,1.5970967610677083,4.141607740257614,4.437055072290969,179.5918732438766,188.43736259596716,81.4864501953125,78.67195129394531,2.0222597510253193,2.3844418533325196,11.0,11.0,2.0809890161511397,2.0326964060465498,3.761373807057744,3.542866701572786,84.39546548652295,75.76293600273486,0.4391842984952299,0.010989668137214638,certain_temperate,307.5995697021484,388.41590728759763,POINT (556981.1837415153 8638004.494119532),ragna_mariebreen
ragna_mariebreen-20230305-DAT_0068_A1_3,1730.0,1895,184.81875610351562,556976.8196210552,8638001.596049037,491.44618530273436,2021-04-07 16:00:18.600000+00:00,0,2024-04-29,100 MHz,20230305,80.54827117919922,184.6847381591797,185.22084045410156,1.7400624567766156,0.5961302581787109,11,3.705907317116864,1.7422993977864585,4.13820341685901,4.449401486500273,180.58969771559583,189.31588089768542,81.2183837890625,78.40389251708984,2.054066762821068,2.1857468490600587,11.0,11.0,2.1022591682618104,2.0327046712239585,3.650872659944813,3.5735937313973953,84.14265838132577,75.47961792482657,0.4358230348335681,0.011113951885222084,certain_temperate,306.62742919921874,387.17570037841796,POINT (556976.8196210552 8638001.596049037),ragna_mariebreen
ragna_mariebreen-20230305-DAT_0068_A1_3,1735.0,1901,185.62290954589844,556972.994444341,8637998.980858479,491.3095642089844,2021-04-07 16:00:19.800000+00:00,0,2024-04-29,100 MHz,20230305,80.54827117919922,185.48887634277344,186.02496337890625,1.599435574458055,0.3974126312255859,11,3.7219491962295668,1.8875185648600261,4.192084082107946,4.469208689337201,181.3156722797057,190.198167441974,81.08438110351562,78.2698745727539,2.0627954629233014,2.3844418533325196,11.0,11.0,2.118214307183541,2.032688140869141,3.7820914691623884,3.5880047451256316,84.02013533866322,75.33412033760631,0.4339349672745124,0.011112827979960308,certain_temperate,305.68665466308596,386.2349258422852,POINT (556972.994444341 8637998.980858479),ragna_mariebreen
ragna_mariebreen-20230305-DAT_0068_A1_3,1740.0,1908,186.5610809326172,556968.4872203519,8637995.927979626,491.184814453125,2021-04-07 16:00:21.200000+00:00,0,2024-04-29,100 MHz,20230305,80.41426849365234,186.4270477294922,187.09718322753906,1.509293349408853,0.5961076354980468,11,3.7406650167448325,1.8875020345052085,4.232089674245926,4.453448676287818,182.23715051144973,191.28708044558152,81.08438110351562,78.0018310546875,2.081552009538177,2.5831368576049805,11.0,11.0,2.1394902001133618,2.032679875691732,3.9219640256561,3.6113798695008104,84.03551745980675,75.05069469839637,0.4310345335246887,0.011157482574246017,certain_temperate,304.6237335205078,385.03800201416016,POINT (556968.4872203519 8637995.927979626),ragna_mariebreen
ragna_mariebreen-20230305-DAT_0068_A1_3,1745.0,1914,187.36521911621094,556964.5773502945,8637993.458251232,491.08624267578125,2021-04-07 16:00:22.400000+00:00,0,2024-04-29,100 MHz,20230305,80.41426086425781,187.09718322753906,188.16937255859375,1.4575515723957975,0.7948478851318359,11,3.7567073526941512,1.8875020345052085,4.278702750197325,4.449715794322269,182.8929574885893,192.3735982975435,81.2184066772461,77.86780548095703,2.1135468259328993,2.3844192306518552,11.0,11.0,2.1554496023809997,1.8875102996826174,3.727480809784909,3.560300311100653,84.08348226434887,75.00272989385425,0.4291845692790073,0.011280358413916718,certain_temperate,303.7210235595703,384.1352844238281,POINT (556964.5773502945 8637993.458251232),ragna_mariebreen
ragna_mariebreen-20230305-DAT_0068_A1_3,1750.0,1921,188.3033905029297,556960.0076409548,8637990.775151595,490.95485229492186,2021-04-07 16:00:23.800000+00:00,0,2024-04-29,100 MHz,20230305,80.41426086425781,187.90133666992188,189.24156188964844,1.4257218277037123,0.9935202667236328,11,3.775424049025425,1.8875185648600261,4.336315902127217,4.45524812021077,183.68037077540782,193.4625277841625,81.35243225097656,77.86780548095703,2.1992669071362005,2.1857468490600587,11.0,11.0,2.174071231049263,2.1778907775878906,3.7745573574863607,3.7824025282355755,84.42973528395503,74.79050244797857,0.4270462717080323,0.011679380287642689,certain_temperate,302.6514617919922,383.06572265625,POINT (556960.0076409548 8637990.775151595),ragna_mariebreen
ragna_mariebreen-20230305-DAT_0068_A1_3,1755.0,1928,189.1075439453125,556955.3863851569,8637988.387804782,490.8113220214844,2021-04-07 16:00:25.200000+00:00,0,2024-04-29,100 MHz,20230305,80.14622497558594,188.8394775390625,189.77764892578125,1.3025428529039875,1.1922378936767577,11,3.7914674297442303,1.7422993977864585,4.339615611716915,4.371206966730086,184.66684857612577,193.95027788871798,81.35244750976562,77.73380279541016,2.244322866643569,2.1857468490600587,11.0,11.0,2.1953559193554466,2.032688140869141,3.7052527550566667,3.7401061242187033,84.34433799751397,74.7419123076618,0.42381294423010013,0.011867971101631982,certain_temperate,301.7037780761719,381.8500030517578,POINT (556955.3863851569 8637988.387804782),ragna_mariebreen
ragna_mariebreen-20230305-DAT_0068_A1_3,1760.0,1934,189.9116668701172,556951.4485011741,8637986.2148218,490.6648254394531,2021-04-07 16:00:26.400000+00:00,0,2024-04-29,100 MHz,20230305,80.14620971679688,189.5095977783203,190.44776916503906,1.2224810824898522,0.7948252624511718,11,3.8075105364732145,1.7422993977864585,4.26198203594433,4.362018302795985,185.3223858566615,194.63498108669788,81.48644256591797,77.8677978515625,2.2475218001199946,2.1857242263793943,11.0,11.0,2.211321377283492,2.032688140869141,3.7147212150365747,3.7514154067065975,84.49006759438957,74.8641728230909,0.4220183574693692,0.01183456412742194,certain_temperate,300.75315856933594,380.8993682861328,POINT (556951.4485011741 8637986.2148218),ragna_mariebreen
ragna_mariebreen-20230305-DAT_0068_A1_3,1765.0,1941,190.7158203125,556946.8804649629,8637983.68076796,490.4878784179688,2021-04-07 16:00:27.800000+00:00,0,2024-04-29,100 MHz,20230305,79.878173828125,190.44776916503906,191.3859405517578,1.0645401026090027,0.7948026397705078,11,3.823554582713305,1.451910654703776,4.1664523797130375,4.226211048479837,186.35782855468415,195.47588116211273,81.48645782470703,77.73377990722656,2.2609953872643986,2.3844418533325196,11.0,11.0,2.2326113748877376,1.7423076629638672,3.702128103621557,3.6238501189938326,84.31845174131432,74.90178599061927,0.4188334963362742,0.011855311130244014,certain_temperate,299.7720581054688,379.6502319335938,POINT (556946.8804649629 8637983.68076796),ragna_mariebreen
ragna_mariebreen-20230305-DAT_0068_A1_3,1770.0,1948,191.25189208984375,556942.5100777871,8637980.931483792,490.29444580078126,2021-04-07 16:00:29.200000+00:00,0,2024-04-29,100 MHz,20230305,79.8781509399414,190.98385620117188,192.05604553222656,0.9651003529051272,0.5961302581787109,11,3.834250186304761,1.161521911621094,4.050429474397775,4.1209254219812825,186.9775352401961,196.06236649320235,81.08435821533203,77.73377227783203,2.2425000710135854,2.5831368576049805,11.0,11.0,2.2432574723134615,1.3067410786946616,3.662290589092515,3.4305368242206935,83.68046613563085,75.13766435753321,0.41765940230498383,0.011725374564974939,certain_temperate,299.0425537109375,378.9207046508789,POINT (556942.5100777871 8637980.931483792),ragna_mariebreen
ragna_mariebreen-20230305-DAT_0068_A1_3,1775.0,1955,191.78799438476562,556938.4789758753,8637978.252053818,490.09320068359375,2021-04-07 16:00:30.500000+00:00,0,2024-04-29,100 MHz,20230305,79.74412536621094,191.78799438476562,192.32408142089844,0.8528243231836741,0.5961076354980468,11,3.8449465426781106,1.1615384419759116,4.0605578165246285,4.1061045766582565,187.77143049653478,196.3406453091293,80.68229675292969,77.8677978515625,2.145064466443133,2.5831481689453124,11.0,11.0,2.2565662928127805,1.597121556599935,3.783588661990166,3.4991699395159386,83.44687424332764,75.10322036116455,0.4157931033275631,0.011184560708944578,certain_temperate,298.3052062988281,378.04933166503906,POINT (556938.4789758753 8637978.252053818),ragna_mariebreen
ragna_mariebreen-20230305-DAT_0068_A1_3,1780.0,1962,192.32408142089844,556934.4225775909,8637975.422661414,489.88360595703125,2021-04-07 16:00:31.800000+00:00,0,2024-04-29,100 MHz,20230305,79.47607421875,192.1900634765625,192.59214782714844,0.7639458476536729,0.39743525390624995,11,3.8556427373081323,0.7259801228841146,3.9434734483228495,3.997079097882236,188.2666685109008,196.51554279281015,80.28021240234375,77.73377227783203,2.047857613162246,2.5831368576049805,11.0,11.0,2.2725380286803696,1.7423076629638672,3.85650892768815,3.5204809171486278,83.14378797917442,74.87019670100136,0.4132403681929866,0.010647952133880414,certain_temperate,297.5595245361328,377.0355987548828,POINT (556934.4225775909 8637975.422661414),ragna_mariebreen
ragna_mariebreen-20230305-DAT_0068_A1_3,1785.0,1969,192.4581298828125,556930.2099662658,8637972.279672021,489.6737518310547,2021-04-07 16:00:33.249999872+00:00,0,2024-04-29,100 MHz,20230305,78.80597686767578,192.4581298828125,192.72616577148438,0.7178839900421733,0.19869500427246092,11,3.858317340913758,0.4355913798014323,3.887908468325349,3.9486339380236304,188.57530197607323,196.60899367822364,79.47608947753906,76.92964935302734,2.0027066131725495,2.1857242263793943,11.0,11.0,2.2885114712385475,1.5971132914225263,3.5447772868560756,3.4349511492995037,82.2667982799097,74.13894055065671,0.4094707608125499,0.01040593408234817,certain_temperate,297.2156219482422,376.02159881591797,POINT (556930.2099662658 8637972.279672021),ragna_mariebreen
ragna_mariebreen-20230305-DAT_0068_A1_3,1790.0,1975,192.72616577148438,556926.5778805452,8637969.365407359,489.48338623046874,2021-04-07 16:00:34.600000+00:00,0,2024-04-29,100 MHz,20230305,78.40390014648438,192.4581298828125,192.8601837158203,0.5743283267574564,0.19869500427246092,11,3.8636653567811834,0.14518610636393228,3.8714943754828086,3.908815936007758,188.5917376374923,196.72657596114053,79.3420639038086,76.39353942871094,1.9917525755739653,2.3844418533325196,11.0,11.0,2.3018236611550464,1.5971132914225263,3.678957187113699,3.43747601518865,82.14369968183037,73.59190365068916,0.4068150260377616,0.010334624608967672,certain_temperate,296.75722045898436,375.16112060546874,POINT (556926.5778805452 8637969.365407359),ragna_mariebreen
ragna_mariebreen-20230305-DAT_0068_A1_3,1795.0,1983,192.59214782714844,556922.3621674078,8637965.91514562,489.26630249023435,2021-04-07 16:00:36.200000+00:00,0,2024-04-29,100 MHz,20230305,77.46573638916016,192.59214782714844,192.9942169189453,0.4771075223004856,0.39739000854492185,11,3.860991344443766,0.2903887430826823,3.8922356818247983,3.901180766359658,188.7202516787505,196.86611306734326,78.53793334960938,75.18733215332031,1.9689093604701926,2.5831368576049805,11.0,11.0,2.3177998714806214,1.597121556599935,3.820417455712022,3.435054232546981,81.35271460412842,72.37255089880126,0.4022268678299683,0.010223206826881073,certain_temperate,296.6741546630859,374.13989105224607,POINT (556922.3621674078 8637965.91514562),ragna_mariebreen
ragna_mariebreen-20230305-DAT_0068_A1_3,1800.0,1990,192.9942169189453,556918.5863932834,8637962.669194497,489.0592102050781,2021-04-07 16:00:37.600000+00:00,0,2024-04-29,100 MHz,20230305,77.19768524169922,192.59214782714844,193.12823486328125,0.46462203658571716,0.5961076354980468,11,3.869013712260887,0.4355748494466146,3.9388243002490326,3.921079722731262,188.69869273492853,197.02168995550116,78.2698745727539,75.18732452392578,2.015224404117539,2.3844418533325196,11.0,11.0,2.331114475823052,1.5971132914225263,3.6973542590552637,3.4707340670211493,81.09562501556202,72.36157408111767,0.3999999920936548,0.010441890105774013,certain_temperate,296.0649932861328,373.262678527832,POINT (556918.5863932834 8637962.669194497),ragna_mariebreen
ragna_mariebreen-20230305-DAT_0068_A1_3,1805.0,1996,192.9942169189453,556915.4608712762,8637959.487286981,488.8678039550781,2021-04-07 16:00:38.800000+00:00,0,2024-04-29,100 MHz,20230305,76.39354705810547,192.59214782714844,193.5303192138672,0.4808615985557939,0.5961302581787109,11,3.869013712260887,0.14520263671875,3.917361637133986,3.9014841776352855,188.72041037332065,197.40205666769498,77.5997543334961,74.9192886352539,2.0275036208087007,2.1857355377197263,11.0,11.0,2.3470931990014003,1.451918919881185,3.520561727275708,3.4245709172245165,80.35963024279121,72.15941272595879,0.39583334815773064,0.010505514896646992,certain_temperate,295.8735870361328,372.26713409423826,POINT (556915.4608712762 8637959.487286981),ragna_mariebreen
ragna_mariebreen-20230305-DAT_0068_A1_3,1810.0,2003,192.8601837158203,556911.8526535317,8637955.801469637,488.6473022460938,2021-04-07 16:00:40.200000+00:00,0,2024-04-29,100 MHz,20230305,75.72341918945312,192.59214782714844,193.39627075195312,0.5657339661481794,0.5961076354980468,11,3.866339377907737,0.29038874308268225,3.922786015113264,3.9182854321402973,188.71491868673525,197.27349989236632,76.66157531738281,74.3831787109375,2.0761302290693298,1.9870292221069334,11.0,11.0,2.3577465176482053,1.3067410786946616,3.34885443364402,3.402478158090922,79.35722753683366,71.68752649148665,0.3926337605331314,0.010764949970847844,certain_temperate,295.78711853027346,371.5105377197266,POINT (556911.8526535317 8637955.801469637),ragna_mariebreen
ragna_mariebreen-20230305-DAT_0068_A1_3,1815.0,2010,192.72616577148438,556908.4153603703,8637951.880693251,488.41766357421875,2021-04-07 16:00:41.500000+00:00,0,2024-04-29,100 MHz,20230305,74.91927337646484,192.59214782714844,193.39627075195312,0.5631328049794122,0.5961302581787109,11,3.8636653567811834,0.14518610636393228,3.9120787670225154,3.9071866541945712,188.72575558182822,197.26266299727334,75.72341918945312,73.98111724853516,2.1984488820570047,1.7883229064941406,11.0,11.0,2.371064224838434,1.5971132914225263,3.3720639439131093,3.606368521236408,78.5822155137734,71.12232092421488,0.3887343115895156,0.0114071116044705,certain_temperate,295.6914978027344,370.6107711791992,POINT (556908.4153603703 8637951.880693251),ragna_mariebreen
ragna_mariebreen-20230305-DAT_0068_A1_3,1820.0,2017,192.72616577148438,556904.9152232718,8637947.957336113,488.17100830078124,2021-04-07 16:00:42.800000+00:00,0,2024-04-29,100 MHz,20230305,74.11514282226562,192.59214782714844,193.39627075195312,0.5743278735904251,0.5961076354980468,11,3.8636653567811834,0.0,3.9093802964523854,3.9061185972233314,188.72848247036725,197.2599361087343,74.91927337646484,73.17696380615234,2.2936197754679664,1.5896279022216795,11.0,11.0,2.3870462722838113,1.451918919881185,3.2144945673394263,3.614796001208189,77.7132058122859,70.38303137033128,0.3845619121076898,0.011900925680156549,certain_temperate,295.44484252929686,369.5599853515625,POINT (556904.9152232718 8637947.957336113),ragna_mariebreen
ragna_mariebreen-20230305-DAT_0068_A1_3,1825.0,2023,192.72616577148438,556901.7013296229,8637944.436726734,487.91693115234375,2021-04-07 16:00:44+00:00,0,2024-04-29,100 MHz,20230305,73.57904052734375,192.4581298828125,193.39627075195312,0.6165586105296288,0.5961076354980468,11,3.8636653567811834,0.0,3.9093802964523854,3.9125508954401216,188.59446452603132,197.2599361087343,74.38318634033203,72.23880004882812,2.399194309189111,1.5896392135620117,11.0,11.0,2.3977020210145326,1.451935450236003,3.222428333186519,3.68961039494343,77.18623673824307,69.43574965091709,0.3817802332797224,0.01244872121844544,certain_temperate,295.1907653808594,368.7698059082031,POINT (556901.7013296229 8637944.436726734),ragna_mariebreen
ragna_mariebreen-20230305-DAT_0068_A1_3,1830.0,2030,192.72616577148438,556898.1525997177,8637940.64170214,487.6462768554687,2021-04-07 16:00:45.400000+00:00,0,2024-04-29,100 MHz,20230305,72.77489471435547,192.4581298828125,193.2622528076172,0.6207872484991401,0.5961076354980468,11,3.8636653567811834,0.0,3.9093802964523854,3.9132194925777166,188.59446452603132,197.12591816439837,73.57904052734375,71.16661071777344,2.4824176458658758,1.7883342178344726,11.0,11.0,2.4136865934268115,1.5971132914225263,3.4021747620609464,3.8130107796114476,76.47328547843667,68.27236576668052,0.3776077546244797,0.012880542898411009,certain_temperate,294.92011108398435,367.6950057983398,POINT (556898.1525997177 8637940.64170214),ragna_mariebreen
ragna_mariebreen-20230305-DAT_0068_A1_3,1835.0,2037,192.72616577148438,556894.8080333008,8637936.855097447,487.3900939941406,2021-04-07 16:00:46.800000+00:00,0,2024-04-29,100 MHz,20230305,72.10478210449219,192.32408142089844,193.12823486328125,0.6026353604962859,0.5961302581787109,11,3.8636653567811834,0.14518610636393228,3.9120787670225154,3.9130753088067034,188.45768917557822,196.99462710860146,72.640869140625,70.09442138671875,2.641507329832935,2.1857468490600587,11.0,11.0,2.427007886080285,1.3067245483398438,3.5178666280155984,3.817781724757321,75.39729732295261,67.33799320439114,0.3741307352629373,0.01370601298095129,certain_temperate,294.66392822265624,366.7687103271484,POINT (556894.8080333008 8637936.855097447),ragna_mariebreen
ragna_mariebreen-20230305-DAT_0068_A1_3,1840.0,2042,192.59214782714844,556891.8425220328,8637933.605375813,487.1784973144531,2021-04-07 16:00:48+00:00,0,2024-04-29,100 MHz,20230305,71.4346694946289,192.1900634765625,192.9942169189453,0.617093787346503,0.7948026397705078,11,3.860991344443766,0.29037221272786456,3.952629684144509,3.92076203386227,188.31816856789126,196.86611182761655,71.83673858642578,69.15626525878906,2.716482232161619,2.3844418533325196,11.0,11.0,2.4376656502395844,1.3067328135172525,3.6517567580829517,3.876730605282041,74.6025593449495,66.39044450026535,0.3709116404825682,0.014104844163219277,certain_temperate,294.5863494873047,366.0210189819336,POINT (556891.8425220328 8637933.605375813),ragna_mariebreen
ragna_mariebreen-20230305-DAT_0068_A1_3,1845.0,2049,192.4581298828125,556888.2887480066,8637929.549541978,486.85618286132814,2021-04-07 16:00:49.400000+00:00,0,2024-04-29,100 MHz,20230305,70.63053131103516,191.92202758789062,192.72616577148438,0.640718062566135,0.7948252624511718,11,3.858317340913758,0.2904052734375,3.9500246991464114,3.921921411978397,188.05279666611352,196.59539669326148,71.03260040283203,67.95005798339844,2.861222816171461,2.980549488830566,11.0,11.0,2.450988680003735,1.4519271850585938,4.122998097936351,4.037577747115066,73.88136119661915,65.10129718961132,0.3669916742620434,0.014866728768037263,certain_temperate,294.39805297851564,365.0285842895508,POINT (556888.2887480066 8637929.549541978),ragna_mariebreen
ragna_mariebreen-20230305-DAT_0068_A1_3,1850.0,2055,192.32408142089844,556885.1046477363,8637926.067435557,486.5766540527344,2021-04-07 16:00:50.600000+00:00,0,2024-04-29,100 MHz,20230305,69.82636260986328,191.78799438476562,192.4581298828125,0.6630147977899583,0.7948026397705078,11,3.8556427373081323,0.2904052734375,3.9474076780570084,3.9229969108687452,187.92143051737673,196.3246937502014,70.09441375732422,66.74382019042969,2.9922822883417273,3.775352128601074,11.0,11.0,2.464312570589002,1.597121556599935,4.7829820621712384,4.192539445877973,73.03101616693284,63.80721778082108,0.3630661438441986,0.015558541947709404,certain_temperate,294.25257263183596,364.07893524169924,POINT (556885.1046477363 8637926.067435557),ragna_mariebreen
ragna_mariebreen-20230305-DAT_0068_A1_3,1855.0,2062,192.1900634765625,556881.7394778727,8637922.17452491,486.27843221028644,2021-04-07 16:00:51.833333248+00:00,0,2024-04-29,100 MHz,20230305,68.88819885253906,191.51995849609375,192.1900634765625,0.6343109265263674,0.9934976440429687,11,3.852968751449984,0.4355583190917968,4.002763647493947,3.9290494525382167,187.64244908295493,196.06757288970132,69.15624237060547,65.53761291503906,3.1473388320933204,3.775352128601074,11.0,11.0,2.4803023863844507,1.5971132914225263,4.791237260716229,4.3137469232148336,72.10627131852155,62.58758396712298,0.35843787970307817,0.01637617874285752,certain_temperate,294.08836873372394,362.976567586263,POINT (556881.7394778727 8637922.17452491),ragna_mariebreen
ragna_mariebreen-20230305-DAT_0068_A1_3,1860.0,2068,191.92202758789062,556878.6103502116,8637918.725726062,486.0284423828125,2021-04-07 16:00:53+00:00,0,2024-04-29,100 MHz,20230305,67.9500503540039,191.3859405517578,192.05604553222656,0.6031746306067013,0.9934976440429687,11,3.8476208063397856,0.580760955810547,4.016031215751657,3.9376755569981046,187.49473647625973,195.94724960772464,68.35211181640625,64.33140563964844,3.3005103750178457,3.775374751281738,11.0,11.0,2.493627970590587,1.5971132914225263,4.79816692435412,4.434221471346539,71.31335333329578,61.370164122758894,0.3540502943201046,0.017197142071179807,certain_temperate,294.1064147949219,362.0564651489258,POINT (556878.6103502116 8637918.725726062),ragna_mariebreen
ragna_mariebreen-20230305-DAT_0068_A1_3,1865.0,2075,191.6539764404297,556875.1742961486,8637914.674777871,485.7514404296875,2021-04-07 16:00:54.400000+00:00,0,2024-04-29,100 MHz,20230305,66.87785339355469,191.1178741455078,191.92202758789062,0.5947265053421773,0.9935202667236328,11,3.8422725923822103,0.7259801228841146,4.034499762471792,3.955225079455133,187.2076176560951,195.83228407730334,67.54796600341797,62.99116516113281,3.472366210964442,3.9740810668945312,11.0,11.0,2.5096199618754143,1.7423076629638672,5.01269874136834,4.625057345429754,70.60309748102515,59.936033683525636,0.34895103475372874,0.018117892858036944,certain_temperate,294.0974639892578,360.9753173828125,POINT (556875.1742961486 8637914.674777871),ragna_mariebreen
ragna_mariebreen-20230305-DAT_0068_A1_3,1870.0,2082,191.25189208984375,556871.9109955786,8637910.63095278,485.46819458007815,2021-04-07 16:00:55.800000+00:00,0,2024-04-29,100 MHz,20230305,65.671630859375,190.98385620117188,191.78799438476562,0.5988259167143565,0.7948252624511718,11,3.834250186304761,0.4355913798014323,3.9399189762184177,3.9051001036931434,187.1249425792654,195.6469080066721,66.47576904296875,61.38287353515625,3.6872141980812287,4.768883706665039,11.0,11.0,2.5256129561524485,1.7423076629638672,5.670679730367692,4.796864115152681,69.54405142839349,58.31459114973151,0.3433776792572837,0.01927936062639892,certain_temperate,294.2163024902344,359.8879333496094,POINT (556871.9109955786 8637910.63095278),ragna_mariebreen
ragna_mariebreen-20230305-DAT_0068_A1_3,1875.0,2089,191.25189208984375,556868.550574076,8637906.843765054,485.2000793457031,2021-04-07 16:00:57.200000+00:00,0,2024-04-29,100 MHz,20230305,64.86748504638672,190.84983825683594,191.78799438476562,0.5897546644647109,0.5961302581787109,11,3.834250186304761,0.0,3.8803151645058818,3.879340801661537,187.01558807053118,195.62224457107038,65.80565643310547,60.3106689453125,3.8485231709502274,5.5636976577758785,11.0,11.0,2.5416072350956376,1.7423241933186853,6.360046584676476,4.930171551726663,68.8871270125714,57.22919836584657,0.3391730368655079,0.02012279789181024,certain_temperate,293.94818725585935,358.81567230224607,POINT (556868.550574076 8637906.843765054),ragna_mariebreen
ragna_mariebreen-20230305-DAT_0068_A1_3,1880.0,2096,191.25189208984375,556865.0805874541,8637903.424402514,484.9334228515625,2021-04-07 16:00:58.600000+00:00,0,2024-04-29,100 MHz,20230305,64.0633316040039,190.7158203125,191.3859405517578,0.572047508349935,0.7948026397705078,11,3.834250186304761,0.29037221272786456,3.9265126702060615,3.8875479244521136,186.8705907337749,195.23117013048292,65.13553619384766,58.16630554199219,4.143203881473406,5.762415284729004,11.0,11.0,2.5576027774820815,2.177882512410482,6.67007751970889,5.333914379581261,68.49477780546886,54.80706393037099,0.33496835458186786,0.021663596820924873,certain_temperate,293.68153076171876,357.74486236572267,POINT (556865.0805874541 8637903.424402514),ragna_mariebreen
ragna_mariebreen-20230305-DAT_0068_A1_3,1885.0,2103,190.98385620117188,556861.3610087496,8637900.143701792,484.654541015625,2021-04-07 16:01:00+00:00,0,2024-04-29,100 MHz,20230305,62.58909606933594,190.581787109375,191.3859405517578,0.5944427006624914,0.5961302581787109,11,3.8289023664475903,0.4355583190917968,3.899432736416189,3.899175105774162,186.7281908174526,195.2395368436802,64.19737243652344,56.69203186035156,4.421196429876139,4.570177391052246,11.0,11.0,2.581597523186888,1.8874937693277996,5.577974532629299,5.456579182283114,67.39538408455975,53.49402021231526,0.327719302114248,0.0231495819480108,certain_temperate,293.6706848144531,356.25978088378906,POINT (556861.3610087496 8637900.143701792),ragna_mariebreen
ragna_mariebreen-20230305-DAT_0068_A1_3,1890.0,2109,190.84983825683594,556857.713486408,8637896.704638088,484.33848063151044,2021-04-07 16:01:01.333333248+00:00,0,2024-04-29,100 MHz,20230305,61.918975830078125,190.581787109375,191.3859405517578,0.6281084854877751,0.7948026397705078,11,3.8262284700556206,0.4355748494466146,3.932106431764123,3.901829061360372,186.73084569791018,195.23688196322263,63.527259826660156,55.61985778808594,4.653085361449625,4.371493698120117,11.0,11.0,2.592262894546581,1.3067410786946616,5.247604816856449,5.484396278728215,66.43025813206633,52.71685948267975,0.32443818865987584,0.02438087139056278,certain_temperate,293.4886423746745,355.4076182047526,POINT (556857.713486408 8637896.704638088),ragna_mariebreen
ragna_mariebreen-20230305-DAT_0068_A1_3,1895.0,2116,190.581787109375,556854.1711688606,8637893.257504597,484.01141967773435,2021-04-07 16:01:02.600000+00:00,0,2024-04-29,100 MHz,20230305,60.980804443359375,190.44776916503906,191.3859405517578,0.6642448062150567,0.7948026397705078,11,3.8208804000022365,0.4355748494466146,3.9269025601328407,3.902572695437635,186.60214145547178,195.2315682613251,62.58909606933594,54.145599365234375,5.01415548908568,4.371493698120117,11.0,11.0,2.6055951111404,1.4519271850585938,5.292180607898301,5.834292905111894,65.57191661940443,51.16277881516589,0.3199718365971794,0.02630973066806249,certain_temperate,293.42963256835935,354.4104370117187,POINT (556854.1711688606 8637893.257504597),ragna_mariebreen
ragna_mariebreen-20230305-DAT_0068_A1_3,1900.0,2122,190.44776916503906,556850.6714314179,8637889.98588602,483.72539672851565,2021-04-07 16:01:03.800000+00:00,0,2024-04-29,100 MHz,20230305,60.176666259765625,190.31375122070312,191.25189208984375,0.7078022700525435,0.7948026397705078,11,3.8182065308173154,0.29037221272786456,3.91084752580392,3.8940982508652766,186.48451929590405,195.08112401464282,61.114837646484375,53.07341003417969,5.29499516694675,4.9676013336181635,11.0,11.0,2.618928044231559,2.032688140869141,5.972241471060722,6.247205695099372,64.43004581172718,49.75820186893688,0.31597464503570777,0.027802873145540443,certain_temperate,293.2776275634766,353.4542938232422,POINT (556850.6714314179 8637889.98588602),ragna_mariebreen
ragna_mariebreen-20230305-DAT_0068_A1_3,1905.0,2128,190.31375122070312,556847.171474364,8637886.528104588,483.4304504394531,2021-04-07 16:01:05+00:00,0,2024-04-29,100 MHz,20230305,58.83644104003906,190.04568481445312,191.1178741455078,0.7311765052205841,0.7947800170898437,11,3.8155326707392074,0.29037221272786456,3.908232446895665,3.8957957679002284,186.21911904559423,194.9444399143667,59.77461242675781,52.00123596191406,5.503288783302083,4.172776071166992,11.0,11.0,2.6429289125772986,4.6461537679036455,6.78114136499499,7.671897125506884,65.11987369931899,46.65597468935289,0.3091549646972572,0.028916926643519452,certain_temperate,293.11669921875,351.95314025878906,POINT (556847.171474364 8637886.528104588),ragna_mariebreen
ragna_mariebreen-20230305-DAT_0068_A1_3,1910.0,2135,190.1797332763672,556843.1983524981,8637882.715764452,483.1129516601562,2021-04-07 16:01:06.400000+00:00,0,2024-04-29,100 MHz,20230305,55.619873046875,189.9116668701172,190.98385620117188,0.731843795822563,0.7948026397705078,11,3.8128588197870723,0.2904052734375,3.905629122005127,3.893304887104573,186.08776472669504,194.80775834459402,58.43437194824219,50.6610107421875,5.757546498119278,5.364991342163085,11.0,11.0,2.7042748369927545,4.936542510986328,7.77596852220045,8.05182563365433,64.0630977682451,45.0322849221846,0.2924595175767167,0.030274237948122854,certain_temperate,292.93321838378904,348.55309143066404,POINT (556843.1983524981 8637882.715764452),ragna_mariebreen
ragna_mariebreen-20230305-DAT_0068_A1_3,1915.0,2141,190.04568481445312,556839.8163634334,8637879.449022267,482.8398864746094,2021-04-07 16:01:07.600000+00:00,0,2024-04-29,100 MHz,20230305,54.011566162109375,189.77764892578125,190.84983825683594,0.7112515814661917,0.7948026397705078,11,3.8101843691136237,0.14521916707356772,3.8949075431015676,3.8787204520642478,185.96469816119966,194.66278902141752,57.496185302734375,49.58879089355469,6.079664195456674,6.358488986206054,11.0,11.0,2.7336189520501892,2.758651733398438,7.450719035696747,7.214232370163026,61.379847486960784,45.70512870932828,0.2842030652516123,0.03199054059760641,certain_temperate,292.79420166015626,346.80576782226564,POINT (556839.8163634334 8637879.449022267),ragna_mariebreen
ragna_mariebreen-20230305-DAT_0068_A1_3,1920.0,2147,190.04568481445312,556836.4012098939,8637876.031993853,482.55339965820315,2021-04-07 16:01:08.800000+00:00,0,2024-04-29,100 MHz,20230305,52.93937683105469,189.6436309814453,190.84983825683594,0.7505751591809504,0.7948026397705078,11,3.8101843691136237,0.14518610636393228,3.8949063105940134,3.886122360618411,185.8306814758632,194.66278776241805,56.558013916015625,48.65061950683594,6.411705373487525,6.1598166046142575,11.0,11.0,2.7549620461152275,2.1778907775878906,7.090582819283568,7.31047125095548,60.06985447541433,45.13877894743723,0.2785613200464976,0.03373770564560543,certain_temperate,292.50771484375,345.4470916748047,POINT (556836.4012098939 8637876.031993853),ragna_mariebreen
ragna_mariebreen-20230305-DAT_0068_A1_3,1925.0,2153,189.9116668701172,556832.8867981575,8637872.350260722,482.25091552734375,2021-04-07 16:01:10+00:00,0,2024-04-29,100 MHz,20230305,51.8671875,189.5095977783203,190.581787109375,0.7351889665552029,0.7948026397705078,11,3.8075105364732145,0.4355583190917968,3.913893045405148,3.902223770009752,185.67725547436513,194.4141294133302,55.619842529296875,47.31037902832031,6.823134834381571,6.1598166046142575,11.0,11.0,2.773638641536904,2.0327046712239585,7.0546651371077775,7.640689010972349,59.05858642703663,43.87163513058056,0.273112170277946,0.035927939272145895,certain_temperate,292.33924865722656,344.20643615722656,POINT (556832.8867981575 8637872.350260722),ragna_mariebreen
ragna_mariebreen-20230305-DAT_0068_A1_3,1930.0,2159,189.6436309814453,556829.3645117695,8637868.668215465,481.88203125,2021-04-07 16:01:11.200000+00:00,0,2024-04-29,100 MHz,20230305,50.660980224609375,189.37557983398438,190.44776916503906,0.7671446277232202,0.7948026397705078,11,3.802162898763103,0.580760955810547,3.9275230403793673,3.922019489544796,185.52931853286032,194.29403046616312,54.41365051269531,45.702117919921875,7.015286926384278,6.557229235839843,11.0,11.0,2.792316401226525,2.177874247233073,7.45234341483754,7.858397914385467,57.95486035134081,42.160908081276375,0.2671377887168066,0.03699194584114798,certain_temperate,292.2384002685547,342.8993804931641,POINT (556829.3645117695 8637868.668215465),ragna_mariebreen
ragna_mariebreen-20230305-DAT_0068_A1_3,1935.0,2166,189.37557983398438,556825.6260274863,8637864.79111973,481.4712829589844,2021-04-07 16:01:12.500000+00:00,0,2024-04-29,100 MHz,20230305,49.32075500488281,189.1075439453125,190.1797332763672,0.7846124127348674,0.9934976440429687,11,3.7968149935153694,0.580760955810547,3.967382632352975,3.9202938692137255,185.26656914940756,194.02070807227213,53.07341003417969,44.22784423828125,7.2077999307648115,6.954619244384765,11.0,11.0,2.8136633741732733,2.177874247233073,7.811950246532044,8.03817253247642,56.63147661870633,40.66977765375461,0.26043883296948706,0.03806087319750261,certain_temperate,292.095703125,341.4164581298828,POINT (556825.6260274863 8637864.79111973),ragna_mariebreen
ragna_mariebreen-20230305-DAT_0068_A1_3,1940.0,2172,189.1075439453125,556822.2391257785,8637861.068122605,481.1148452758789,2021-04-07 16:01:13.750000128+00:00,0,2024-04-29,100 MHz,20230305,48.11454772949219,188.97349548339844,190.04568481445312,0.7747696274401895,0.9934976440429687,11,3.7914674297442303,0.4355913798014323,3.9436027550562907,3.8942564240907975,185.1570881255593,193.86209217229225,51.59916687011719,42.88761901855469,7.322609698419868,6.954641867065429,11.0,11.0,2.8323435513308985,2.0327046712239585,7.77953094809197,8.110158510693495,55.085433967340435,39.40135192133144,0.25442955223090574,0.0387219332748432,certain_temperate,292.0073013305664,340.1218490600586,POINT (556822.2391257785 8637861.068122605),ragna_mariebreen
ragna_mariebreen-20230305-DAT_0068_A1_3,1945.0,2178,188.97349548339844,556819.1352465992,8637857.63602366,480.8136901855469,2021-04-07 16:01:15+00:00,0,2024-04-29,100 MHz,20230305,47.042327880859375,188.8394775390625,189.9116668701172,0.8136299894906536,0.9935202667236328,11,3.788793052950452,0.2904052734375,3.9276418550214727,3.8860367703773053,185.0395712216744,193.71157318750528,50.392913818359375,41.68138122558594,7.506547216555637,7.153314248657226,11.0,11.0,2.8510248218505594,2.1778907775878906,8.002590550187664,8.319843862013853,53.98060817182795,38.09368687211736,0.2489361154087987,0.03972275158139887,certain_temperate,291.84019470214844,338.8825225830078,POINT (556819.1352465992 8637857.63602366),ragna_mariebreen
ragna_mariebreen-20230305-DAT_0068_A1_3,1950.0,2185,188.8394775390625,556816.0367722486,8637853.785287907,480.5216125488281,2021-04-07 16:01:16.400000+00:00,0,2024-04-29,100 MHz,20230305,45.83612060546875,188.70545959472656,189.77764892578125,0.7916608004825815,0.9935428894042968,11,3.786119294329015,0.4355583190917968,3.9384689707177265,3.8924461696009662,184.89436915231767,193.58873936819015,48.918670654296875,40.34114074707031,7.68460080470409,7.3520318756103515,11.0,11.0,2.872376026517198,2.3230768839518228,8.227976844063958,8.526448250832276,52.61288643663309,36.6469249647341,0.242725309362219,0.04069382580829523,certain_temperate,291.6821350097656,337.51825561523435,POINT (556816.0367722486 8637853.785287907),ragna_mariebreen
ragna_mariebreen-20230305-DAT_0068_A1_3,1955.0,2192,188.57144165039062,556812.938073194,8637849.74838789,480.19508056640626,2021-04-07 16:01:17.800000+00:00,0,2024-04-29,100 MHz,20230305,44.49589538574219,188.4374237060547,189.5095977783203,0.8334560998254388,0.9935202667236328,11,3.78077180512692,0.580760955810547,3.9520376074409067,3.914864978587752,184.61230688035687,193.33471460401813,47.44441223144531,38.86689758300781,7.9479802366049634,7.550726879882812,11.0,11.0,2.8937286003671354,2.4682795206705728,8.454557671417785,8.811155363867305,51.24784081691192,35.06346899754121,0.2359630652250996,0.04214837711926937,certain_temperate,291.62363891601564,336.1195343017578,POINT (556812.938073194 8637849.74838789),ragna_mariebreen
ragna_mariebreen-20230305-DAT_0068_A1_3,1960.0,2199,188.3033905029297,556809.6820730462,8637845.518862868,479.8304870605469,2021-04-07 16:01:19.200000+00:00,0,2024-04-29,100 MHz,20230305,43.02162170410156,188.16937255859375,189.24156188964844,0.853589681154773,1.1922378936767577,11,3.775424049025425,0.4355748494466146,3.98308716883635,3.8951466651724274,184.36890519267283,193.04202925556936,45.83612060546875,37.25860595703125,8.46242798844828,7.749421884155273,11.0,11.0,2.9177520350650874,2.6134656270345054,8.68314568923279,9.325029060624429,49.753195984092116,33.341530578407884,0.2284697136318011,0.044940390960812884,certain_temperate,291.5270965576172,334.54871826171876,POINT (556809.6820730462 8637845.518862868),ragna_mariebreen
ragna_mariebreen-20230305-DAT_0068_A1_3,1965.0,2205,188.16937255859375,556807.0425342039,8637841.984889142,479.52802124023435,2021-04-07 16:01:20.400000+00:00,0,2024-04-29,100 MHz,20230305,41.681396484375,188.0353546142578,189.1075439453125,0.8702571930213943,1.1921926483154297,11,3.772750337305391,0.29037221272786456,3.9672767032638117,3.8826934866878036,184.25144643229007,192.89145212728025,44.629913330078125,35.78434753417969,8.965850568053003,7.948139511108398,11.0,11.0,2.9417768191568094,2.90383783976237,8.958752521495756,9.872831481496101,48.76347415016582,31.650786714091993,0.22150999345760108,0.04764776778570137,certain_temperate,291.3586486816406,333.0400451660156,POINT (556807.0425342039 8637841.984889142),ragna_mariebreen
ragna_mariebreen-20230305-DAT_0068_A1_3,1970.0,2212,188.0353546142578,556804.011196967,8637837.839084325,479.1773742675781,2021-04-07 16:01:21.800000+00:00,0,2024-04-29,100 MHz,20230305,40.0731201171875,187.7672882080078,188.8394775390625,0.8457085526518723,0.9934976440429687,11,3.7700766350253243,0.29037221272786456,3.9095820012639813,3.8746634449867865,183.98604583864184,192.62071990842847,43.42372131347656,34.17607116699219,9.571076479772858,7.749467129516601,11.0,11.0,2.9711427321733317,3.1942265828450527,8.892975508172652,10.518378086908722,47.78614868794372,29.813643792525028,0.2131148166226233,0.05090040912469516,certain_temperate,291.1420196533203,331.2151397705078,POINT (556804.011196967 8637837.839084325),ragna_mariebreen
ragna_mariebreen-20230305-DAT_0068_A1_3,1975.0,2219,187.90133666992188,556800.8486355729,8637834.10985961,478.82843017578125,2021-04-07 16:01:23.166666752+00:00,0,2024-04-29,100 MHz,20230305,38.46484375,187.63327026367188,188.57144165039062,0.8493736258725689,0.7948252624511718,11,3.7674029422053237,0.4355913798014323,3.874895092376724,3.8864508662046098,183.8407691392034,192.3639427748591,42.75360107421875,32.56779479980469,10.235667934042924,6.1598166046142575,11.0,11.0,3.000510984229577,3.3394292195638027,7.622217149979418,11.176929441262184,47.24301681337221,28.07837906065123,0.20470766430772933,0.054473630232995514,certain_temperate,290.9270935058594,329.3919372558594,POINT (556800.8486355729 8637834.10985961),ragna_mariebreen
ragna_mariebreen-20230305-DAT_0068_A1_3,1980.0,2227,187.63327026367188,556797.2957051478,8637830.11637084,478.4341125488281,2021-04-07 16:01:24.600000+00:00,0,2024-04-29,100 MHz,20230305,36.58848571777344,187.49925231933594,188.3033905029297,0.8581723909186013,0.7948252624511718,11,3.7620549761979896,0.4355913798014323,3.8696956846661656,3.8832019451257387,183.7120637190556,192.09057910321002,41.815399169921875,31.495590209960938,11.029016752939249,6.358511608886718,11.0,11.0,3.0325518586508546,3.0490404764811196,7.67617668393414,11.837745948416092,46.11575015590279,27.195239223980025,0.19499998942808716,0.05877964359647258,certain_temperate,290.80084228515625,327.3893280029297,POINT (556797.2957051478 8637830.11637084),ragna_mariebreen
ragna_mariebreen-20230305-DAT_0068_A1_3,1985.0,2233,187.49925231933594,556794.0212653603,8637826.332918685,478.0504455566406,2021-04-07 16:01:25.800000+00:00,0,2024-04-29,100 MHz,20230305,35.248260498046875,187.36521911621094,187.90133666992188,0.8629179504679555,0.7948478851318359,11,3.759381311881518,0.29038874308268225,3.8534473696589777,3.8680616411159945,183.59463912498504,191.67191666114778,40.87725830078125,30.42340087890625,11.563043551977191,7.550704257202148,11.0,11.0,3.0565840090248613,2.758651733398438,8.600348828398726,12.27423485905863,44.99464402359234,26.306015156095157,0.18799147229672383,0.061669811526948407,certain_temperate,290.5511932373047,325.79945373535156,POINT (556794.0212653603 8637826.332918685),ragna_mariebreen
ragna_mariebreen-20230305-DAT_0068_A1_3,1990.0,2239,187.36521911621094,556790.7140757228,8637822.77152318,477.6822509765625,2021-04-07 16:01:27+00:00,0,2024-04-29,100 MHz,20230305,33.77398681640625,187.09718322753906,187.7672882080078,0.9273126462281277,0.39743525390624995,11,3.7567073526941512,0.29038874308268225,3.7888165087455694,3.8803459252687835,183.3292692481739,191.535202187373,39.402984619140625,30.557403564453125,12.867689454740699,7.550738191223144,10.0,9.0,3.083288286188793,1.8875020345052085,8.371557669777237,13.365880535514872,43.01813753236718,26.942250651226573,0.18025750443820823,0.06867704430649786,certain_temperate,290.31703186035156,324.0910186767578,POINT (556790.7140757228 8637822.77152318),ragna_mariebreen
ragna_mariebreen-20230305-DAT_0068_A1_3,1995.0,2245,187.231201171875,556787.0202888865,8637819.045311172,477.29224853515626,2021-04-07 16:01:28.400000+00:00,0,2024-04-29,100 MHz,20230305,33.23789978027344,186.963134765625,187.63327026367188,0.920779710904518,0.5961076354980468,11,3.754033707481228,0.29037221272786456,3.8121423651181763,3.8761992176413145,183.19788774865125,191.39851728064562,37.794708251953125,30.155349731445312,12.652838328325384,7.25268437347412,10.0,9.0,3.0912998478623606,1.0163523356119792,7.949247602178049,13.064586659448421,41.0487990342605,26.90125894913794,0.17752329511448053,0.06757868479789486,certain_temperate,290.06104736328126,323.2989471435547,POINT (556787.0202888865 8637819.045311172),ragna_mariebreen
ragna_mariebreen-20230305-DAT_0068_A1_3,2000.0,2251,187.09718322753906,556783.6569816936,8637815.891185213,476.96002197265625,2021-04-07 16:01:29.600000+00:00,0,2024-04-29,100 MHz,20230305,32.567779541015625,186.82911682128906,187.49925231933594,0.9106150380304086,0.5961076354980468,11,3.7513600718501725,0.2904052734375,3.8095120323489087,3.8712087723344455,183.06653292036245,191.26183622026255,36.32044982910156,26.804763793945312,14.658892991811479,9.736485040283203,11.0,9.0,3.101982372852078,1.0163523356119792,10.269099651442065,15.017936291547139,39.58469043169032,23.540523191356556,0.1740687859603326,0.07834908435785483,certain_temperate,289.8628387451172,322.4306182861328,POINT (556783.6569816936 8637815.891185213),ragna_mariebreen
ragna_mariebreen-20230305-DAT_0068_A1_3,2005.0,2257,186.963134765625,556780.1411669493,8637812.61909963,476.626708984375,2021-04-07 16:01:30.800000+00:00,0,2024-04-29,100 MHz,20230305,32.03166198730469,186.5610809326172,187.231201171875,0.9227196142781882,0.5960850128173828,11,3.7486858370041762,0.4355913798014323,3.820694007273877,3.88507359535012,182.7871724341619,191.00510967033028,34.71214294433594,24.660354614257812,14.38356519161883,7.948139511108398,11.0,9.0,3.1099942930661086,1.0163523356119792,8.595228807952125,14.75099943036256,37.98399816316939,21.38849939542436,0.17132608536682506,0.07693262743829106,certain_temperate,289.66357421875,321.6952362060547,POINT (556780.1411669493 8637812.61909963),ragna_mariebreen
ragna_mariebreen-20230305-DAT_0068_A1_3,2010.0,2264,186.69509887695312,556776.0657546136,8637808.988926705,476.26532592773435,2021-04-07 16:01:32.200000+00:00,0,2024-04-29,100 MHz,20230305,31.227523803710938,186.29302978515625,186.963134765625,0.9386866101947631,0.39743525390624995,11,3.7433386138406077,0.580760955810547,3.8089134995050267,3.9026913556958402,182.50490791994864,190.75125663083261,32.8358154296875,21.041732788085938,14.119875090996825,11.52478532409668,11.0,9.0,3.120677291816903,1.3067245483398438,12.011112878139556,14.519539537817591,36.2190322132968,17.65851600447664,0.16726482907991255,0.07563066827106663,certain_temperate,289.5702270507812,320.79775085449216,POINT (556776.0657546136 8637808.988926705),ragna_mariebreen
ragna_mariebreen-20230305-DAT_0068_A1_3,2015.0,2271,186.4270477294922,556772.4505369613,8637805.359067032,475.9261016845703,2021-04-07 16:01:33.500000+00:00,0,2024-04-29,100 MHz,20230305,30.28936767578125,186.1590118408203,186.82911682128906,0.9572932199808364,0.5960850128173828,11,3.7379911249297724,0.4355748494466146,3.8101995278501737,3.8831319071782078,182.39572828792078,190.5924003741886,30.95947265625,17.423095703125,13.898759301967763,13.114435848999022,11.0,9.0,3.1340309591677618,2.032688140869141,13.636069769862678,14.39199365150942,34.694974112688215,13.687594246686785,0.162473031916117,0.07455334121975167,certain_temperate,289.4990539550781,319.7884216308594,POINT (556772.4505369613 8637805.359067032),ragna_mariebreen
ragna_mariebreen-20230305-DAT_0068_A1_3,2020.0,2278,186.29302978515625,556768.8667166609,8637801.730508588,475.56793212890625,2021-04-07 16:01:34.800000+00:00,0,2024-04-29,100 MHz,20230305,28.949127197265625,186.02496337890625,186.82911682128906,0.9485568267095718,0.5961076354980468,11,3.7353175472258373,0.14518610636393228,3.7853692682740263,3.856609422483913,182.2868253150977,190.5672548850976,29.887298583984375,15.010665893554688,13.759003615412713,12.717023217773436,11.0,9.0,3.158069263432176,2.903854370117188,13.421194104731233,14.412354150673089,34.17749341353277,10.72047106400629,0.15539565399012195,0.07385678160519683,certain_temperate,289.27490234375,318.2240295410156,POINT (556768.8667166609 8637801.730508588),ragna_mariebreen
ragna_mariebreen-20230305-DAT_0068_A1_3,2025.0,2284,186.29302978515625,556765.555032806,8637798.466854582,475.224365234375,2021-04-07 16:01:36+00:00,0,2024-04-29,100 MHz,20230305,27.474868774414062,185.8909454345703,186.69509887695312,0.9845426029420895,0.5961076354980468,11,3.7353175472258373,0.2904052734375,3.793715423506701,3.8737909776421264,182.14435599863614,190.4416883128873,29.3511962890625,14.072509765625,13.685959546813292,12.717045840454102,11.0,9.0,3.1874509104821693,1.8875020345052087,13.245594065394194,14.178434185551126,33.05558655427416,10.368119500413343,0.1474820008354561,0.07346468927257623,certain_temperate,288.93133544921875,316.4062042236328,POINT (556765.555032806 8637798.466854582),ragna_mariebreen
ragna_mariebreen-20230305-DAT_0068_A1_3,2030.0,2290,186.02496337890625,556762.2370047274,8637795.16571564,474.861328125,2021-04-07 16:01:37.200000+00:00,0,2024-04-29,100 MHz,20230305,26.938751220703125,185.75692749023438,186.5610809326172,1.0011574466624822,0.5961076354980468,11,3.7299698122168983,0.5807774861653645,3.821690934859201,3.9054184822492024,181.98201328081373,190.33599514203783,28.681060791015625,12.866241455078125,13.679138802355087,14.306651119995117,11.0,9.0,3.192793316132118,1.4519271850585938,14.73031866523965,14.121645091289707,32.1884845906512,9.35881765544255,0.14481256026822992,0.07353388789273747,certain_temperate,288.83636474609375,315.7751159667969,POINT (556762.2370047274 8637795.16571564),ragna_mariebreen
ragna_mariebreen-20230305-DAT_0068_A1_3,2035.0,2297,185.75692749023438,556758.3827146878,8637791.321292516,474.43079833984376,2021-04-07 16:01:38.600000+00:00,0,2024-04-29,100 MHz,20230305,25.598526000976562,185.75692749023438,186.4270477294922,1.0154058444008005,0.7948026397705078,11,3.7246227250883917,0.29037221272786456,3.8195342258389986,3.871457024818002,182.02100317807688,190.16297204164968,27.876922607421875,11.526016235351562,14.46836473379128,16.889821911621095,10.0,8.0,3.2141632545715098,2.3230768839518228,17.349167583548933,15.002036851901286,31.84271781592534,7.560221026848097,0.13780657522084785,0.07788869534651359,certain_temperate,288.6738708496094,314.27239685058595,POINT (556758.3827146878 8637791.321292516),ragna_mariebreen
ragna_mariebreen-20230305-DAT_0068_A1_3,2040.0,2303,185.75692749023438,556754.8576111608,8637788.272290342,474.07969970703124,2021-04-07 16:01:39.800000+00:00,0,2024-04-29,100 MHz,20230305,24.526336669921875,185.62290954589844,186.29302978515625,1.0162090280004594,0.7948026397705078,11,3.7246227250883917,0.0,3.8084807575240607,3.8607635556758093,181.89828682081006,190.01765251024463,27.474868774414062,10.721893310546875,14.54625454096655,17.088516915893553,10.0,8.0,3.2355341701961384,0.14518610636393234,17.392733274467474,14.902458909273257,30.71365872931821,7.483103355642726,0.13203457336045393,0.07830800572286208,certain_temperate,288.32277221679686,312.84910888671874,POINT (556754.8576111608 8637788.272290342),ragna_mariebreen
ragna_mariebreen-20230305-DAT_0068_A1_3,2045.0,2309,185.75692749023438,556750.8263454058,8637784.904639065,473.66590576171876,2021-04-07 16:01:41.200000+00:00,0,2024-04-29,100 MHz,20230305,25.7325439453125,185.62290954589844,186.29302978515625,1.045519240862047,0.7948252624511718,11,3.7246227250883917,0.0,3.808485478779649,3.8685817720784486,181.89828682081006,190.01765251024463,27.072799682617188,9.783721923828125,13.989280226202272,14.505346124267577,9.0,7.0,3.2114920724754876,0.871166229248047,14.882126128862085,14.379588769424842,30.400353127801083,6.45616847864423,0.1385280446494536,0.07530960172097871,certain_temperate,287.9089782714844,313.6415222167969,POINT (556750.8263454058 8637784.904639065),ragna_mariebreen
ragna_mariebreen-20230305-DAT_0068_A1_3,2050.0,2315,185.75692749023438,556747.254083382,8637781.853720512,473.290283203125,2021-04-07 16:01:42.400000+00:00,0,2024-04-29,100 MHz,20230305,25.330490112304688,185.48887634277344,186.1590118408203,1.0628661795323706,0.5961302581787109,11,3.7246227250883917,0.0,3.772026740223496,3.8733059470997917,181.76425361768506,189.8836345659087,26.67071533203125,8.845565795898438,14.051701141696169,16.09499664916992,9.0,7.0,3.2195056645252107,0.7259635925292969,16.429886092069506,14.434075822065415,29.97105468755032,5.545226440379366,0.13636363636363635,0.07564563718591273,certain_temperate,287.5333557128906,312.8638458251953,POINT (556747.254083382 8637781.853720512),ragna_mariebreen
ragna_mariebreen-20230305-DAT_0068_A1_3,2055.0,2322,185.75692749023438,556743.1440217582,8637778.296693137,472.8563171386719,2021-04-07 16:01:43.800000+00:00,0,2024-04-29,100 MHz,20230305,25.062423706054688,185.48887634277344,186.02496337890625,1.101662441187572,0.4967601333618164,10,3.7246227250883917,0.0,3.7576036345445654,3.884131122731085,181.76425361768506,189.74958610399463,26.134628295898438,6.7011871337890625,14.231217387583074,20.26775009765625,9.0,7.0,3.2248487435192206,0.7259635925292969,20.53553911094862,14.610072583286584,29.440180073779942,3.395635355907558,0.13492053321872624,0.07661204122969378,certain_temperate,287.0993896484375,312.1618133544922,POINT (556743.1440217582 8637778.296693137),ragna_mariebreen
ragna_mariebreen-20230305-DAT_0068_A1_3,2060.0,2329,185.75692749023438,556739.8464002942,8637775.070915896,472.500244140625,2021-04-07 16:01:45+00:00,0,2024-04-29,100 MHz,20230305,24.660369873046875,185.48887634277344,185.8909454345703,1.097774999718453,0.39739000854492185,11,3.7246227250883917,0.0,3.7457620403779273,3.883030310756243,181.76425361768506,189.6155681596587,25.598526000976562,0.8041534423828125,14.7206626097269,20.06905509338379,9.0,6.0,3.232862562875682,0.8711331685384115,20.34643078500612,15.096628134029881,28.946700630199302,0.0,0.132756124932909,0.07924691051159208,uncertain_temperate,286.7433166503906,311.4036865234375,POINT (556739.8464002942 8637775.070915896),ragna_mariebreen
ragna_mariebreen-20230305-DAT_0068_A1_3,2065.0,2336,185.75692749023438,556735.9983163434,8637771.264047176,472.10252685546874,2021-04-07 16:01:46.400000+00:00,0,2024-04-29,100 MHz,20230305,24.25830078125,185.48887634277344,186.02496337890625,1.1346451688504389,0.3974126312255859,11,3.7246227250883917,0.0,3.745764440498431,3.8936145293853266,181.76425361768506,189.74958610399463,25.062423706054688,0.5360870361328125,14.60266059888332,19.87038271179199,9.0,6.0,3.2408768214103962,0.7259801228841146,20.146027867136986,14.975580999632614,28.38361772483438,0.0,0.13059163450324246,0.07861166092796734,uncertain_temperate,286.34559936523436,310.60390014648436,POINT (556735.9983163434 8637771.264047176),ragna_mariebreen
ragna_mariebreen-20230305-DAT_0068_A1_3,2070.0,2342,185.75692749023438,556732.4416944899,8637768.21381233,471.7820556640625,2021-04-07 16:01:47.600000+00:00,0,2024-04-29,100 MHz,20230305,23.990234375,185.48887634277344,186.29302978515625,1.1533438089888166,0.5961302581787109,11,3.7246227250883917,0.0,3.772026740223496,3.899104562072901,181.76425361768506,190.01765251024463,24.660369873046875,0.402069091796875,14.553460511977754,20.069077716064452,9.0,6.0,3.2462201404980786,0.7259635925292969,20.342882015871993,14.928770251160984,27.98677458959196,0.0,0.12914853135833235,0.07834679819810682,uncertain_temperate,286.02512817382814,310.01536254882814,POINT (556732.4416944899 8637768.21381233),ragna_mariebreen
ragna_mariebreen-20230305-DAT_0068_A1_3,2075.0,2349,185.75692749023438,556728.1404426062,8637765.095768962,471.4207458496094,2021-04-07 16:01:49+00:00,0,2024-04-29,100 MHz,20230305,23.588180541992188,185.62290954589844,186.69509887695312,1.226622172304607,0.9934976440429687,11,3.7246227250883917,0.4355913798014323,3.8793803452511746,3.9455235708320724,181.8729023066518,190.44510611619975,23.856216430664062,0.2680511474609375,14.551916917330887,21.857400622558593,9.0,6.0,3.254234317732084,1.0163358052571616,22.121684868896804,14.945944782202757,27.26546553622279,0.0,0.1269841230725151,0.07833848844262302,uncertain_temperate,285.663818359375,309.2519989013672,POINT (556728.1404426062 8637765.095768962),ragna_mariebreen
ragna_mariebreen-20230305-DAT_0068_A1_3,2080.0,2355,186.1590118408203,556724.4664164252,8637762.41305834,471.1101989746094,2021-04-07 16:01:50.200000+00:00,0,2024-04-29,100 MHz,20230305,23.45416259765625,185.8909454345703,186.963134765625,1.1838075334407858,0.9935202667236328,11,3.732643979248526,0.871166229248047,3.9596267747343474,4.0116034139772205,182.05798813311202,190.7960920670833,23.722213745117188,0.4020843505859375,14.595076661030543,23.24833352050781,9.0,6.0,3.2649207014713695,1.5971298217773438,23.53073611970679,15.04083752973435,27.356843142250654,0.0,0.12598993927681185,0.07840112878075658,uncertain_temperate,284.95118713378906,308.4053497314453,POINT (556724.4664164252 8637762.41305834),ragna_mariebreen
ragna_mariebreen-20230305-DAT_0068_A1_3,2085.0,2362,186.5610809326172,556720.025056985,8637759.065893594,470.7185546875,2021-04-07 16:01:51.600000+00:00,0,2024-04-29,100 MHz,20230305,22.918060302734375,186.29302978515625,187.36521911621094,1.1178196444087385,0.9934976440429687,11,3.7406650167448325,0.7259470621744792,3.9378435054350884,3.971031939182113,182.4825739194391,191.1756749819281,32.43376159667969,0.402069091796875,14.838559292447718,22.056118249511716,8.0,5.0,3.2836222804014623,1.8875020345052085,22.378945271103685,15.314296623942502,36.22121974306364,0.0,0.12284480872520247,0.07953727121578569,uncertain_temperate,284.1574737548828,307.0755340576172,POINT (556720.025056985 8637759.065893594),ragna_mariebreen
ragna_mariebreen-20230305-DAT_0068_A1_3,2090.0,2368,186.82911682128906,556716.0102179255,8637756.443675058,470.3921752929688,2021-04-07 16:01:52.800000+00:00,0,2024-04-29,100 MHz,20230305,22.3819580078125,186.69509887695312,187.63327026367188,1.0694517864289328,0.7948252624511718,11,3.746012220600615,0.5807774861653645,3.87319728946981,3.9387354784018873,182.9043324577015,191.4240366829235,32.70179748535156,0.402069091796875,14.850472597264,23.04963851623535,8.0,5.0,3.2996525903085483,1.5970967610677085,23.33932863237636,15.296240114584755,36.367643265105926,0.0,0.11979908907465375,0.0794869282150982,uncertain_temperate,283.5630584716797,305.9450164794922,POINT (556716.0102179255 8637756.443675058),ragna_mariebreen
ragna_mariebreen-20230305-DAT_0068_A1_3,2095.0,2373,187.09718322753906,556711.9323079037,8637753.632716376,470.05950927734375,2021-04-07 16:01:54+00:00,0,2024-04-29,100 MHz,20230305,21.97991943359375,186.963134765625,187.90133666992188,1.0160485226151634,0.7948478851318359,11,3.7513600718501725,0.871166229248047,3.9323550384155985,3.9829621625070013,183.1119488459823,191.75252258956456,32.96986389160156,0.4020843505859375,14.829723668964593,23.844429844665527,8.0,5.0,3.313011367490267,1.7422993977864585,24.136455541976805,15.294847354926281,36.713077953426875,0.0,0.11747862289761345,0.0792621428775299,uncertain_temperate,282.9623260498047,304.94224548339844,POINT (556711.9323079037 8637753.632716376),ragna_mariebreen
ragna_mariebreen-20230305-DAT_0068_A1_3,2100.0,2380,187.63327026367188,556708.1179233767,8637750.534731776,469.7196533203125,2021-04-07 16:01:55.200000+00:00,0,2024-04-29,100 MHz,20230305,21.577835083007812,187.36521911621094,188.3033905029297,0.9615449154007657,0.7948026397705078,11,3.7620549761979896,1.0163523356119792,3.9771523669864783,4.013800983902048,183.46829344152326,192.20031617761737,33.505950927734375,0.5360870361328125,14.900512727227818,24.440560102844238,8.0,5.0,3.3317147268660157,1.8875185648600261,24.738715154483035,15.384678381044738,37.33518705964204,0.0,0.11500004798021979,0.07941295648841411,uncertain_temperate,282.0863830566406,303.6642181396484,POINT (556708.1179233767 8637750.534731776),ragna_mariebreen
ragna_mariebreen-20230305-DAT_0068_A1_3,2105.0,2386,188.0353546142578,556704.4416222038,8637747.330730394,469.380322265625,2021-04-07 16:01:56.400000+00:00,0,2024-04-29,100 MHz,20230305,21.175765991210938,187.7672882080078,188.57144165039062,0.9010547990948333,0.5961302581787109,11,3.7700766350253243,0.871166229248047,3.9150708445266162,3.9729470401602343,183.89786855734363,192.4408613010548,33.90803527832031,0.536102294921875,14.975067274776821,24.73861392059326,8.0,5.0,3.3477468432037947,1.7423159281412761,25.02482951853631,15.443306433653625,37.68203497620527,0.0,0.11261587500207942,0.0796396364157006,uncertain_temperate,281.3449676513672,302.52073364257814,POINT (556704.4416222038 8637747.330730394),ragna_mariebreen
ragna_mariebreen-20230305-DAT_0068_A1_3,2110.0,2392,188.4374237060547,556700.5458343945,8637744.490053143,469.02919921875,2021-04-07 16:01:57.600000+00:00,0,2024-04-29,100 MHz,20230305,20.773696899414062,188.16937255859375,188.97349548339844,0.8269627435365601,0.5961076354980468,11,3.778098074585951,1.0163192749023438,3.9575591268895995,3.9988494981588905,184.25696538017684,192.88590266181535,34.31010437011719,0.5360870361328125,15.041576497814605,24.241865098571775,8.0,5.0,3.363779141780377,1.8875020345052085,24.546806258702787,15.528254814516236,38.167263174851314,0.0,0.11024188555994667,0.07982266049910607,uncertain_temperate,280.59177551269534,301.3654724121094,POINT (556700.5458343945 8637744.490053143),ragna_mariebreen
ragna_mariebreen-20230305-DAT_0068_A1_3,2115.0,2399,188.97349548339844,556695.692262683,8637741.982394053,468.6167907714844,2021-04-07 16:01:59+00:00,0,2024-04-29,100 MHz,20230305,20.371597290039062,188.70545959472656,189.37557983398438,0.7600840583503257,0.5961302581787109,11,3.788793052950452,1.0163358052571614,3.967778037119711,3.995700069185828,184.7827193194683,193.29832010924264,34.84617614746094,0.53607177734375,15.18807125146853,23.447028524780272,8.0,5.0,3.382484298524025,1.8875020345052085,23.764827173827346,15.674226370054368,38.719658296641796,0.0,0.1078013466276213,0.08037143628325816,uncertain_temperate,279.64329528808594,300.014892578125,POINT (556695.692262683 8637741.982394053),ragna_mariebreen
ragna_mariebreen-20230305-DAT_0068_A1_3,2120.0,2405,189.37557983398438,556691.6745017458,8637739.620758072,468.28912963867185,2021-04-07 16:02:00.200000+00:00,0,2024-04-29,100 MHz,20230305,19.96954345703125,189.24156188964844,189.6436309814453,0.6843415730764061,0.3974126312255859,11,3.7968149935153694,0.871166229248047,3.9156955312463992,3.955130602471436,185.3460857064373,193.53910716465646,35.248260498046875,0.536102294921875,15.290797459626344,22.751573387145996,8.0,5.0,3.398517627492879,1.8875020345052085,23.081305803297415,15.777232740438247,39.13575146197735,0.0,0.10544941155843589,0.08074323771328375,uncertain_temperate,278.9135498046875,298.8830932617187,POINT (556691.6745017458 8637739.620758072),ragna_mariebreen
ragna_mariebreen-20230305-DAT_0068_A1_3,2125.0,2412,189.77764892578125,556686.955944448,8637737.081441438,467.9571166992188,2021-04-07 16:02:01.600000+00:00,0,2024-04-29,100 MHz,20230305,19.433441162109375,189.6436309814453,190.04568481445312,0.6366273734753483,0.39739000854492185,11,3.8048367130165826,1.0163523356119792,3.9582411879159274,3.989366979293943,185.70538841872488,193.98392737717356,35.65032958984375,0.402069091796875,15.42608974400852,21.956748124694823,8.0,5.0,3.4172239679970065,1.8875020345052085,22.301095753101553,15.912395431484203,39.55418455355775,0.0,0.10240110609500415,0.08128507140501776,uncertain_temperate,278.1794677734375,297.6129089355469,POINT (556686.955944448 8637737.081441438),ragna_mariebreen
ragna_mariebreen-20230305-DAT_0068_A1_3,2130.0,2418,190.31375122070312,556682.969799855,8637734.90729111,467.68583984375,2021-04-07 16:02:02.800000+00:00,0,2024-04-29,100 MHz,20230305,19.1654052734375,190.04568481445312,190.44776916503906,0.5791420842544523,0.39743525390624995,11,3.8155326707392074,0.8711496988932292,3.933846227346407,3.9563362992944144,186.1319664598241,194.3614875196681,35.918365478515625,0.536102294921875,15.504237791426103,21.161945484924317,8.0,5.0,3.4332582961661897,1.8874855041503906,21.521565945894377,15.991599468147555,39.83625573432573,0.0,0.10070425889094979,0.08146672372321716,uncertain_temperate,277.37208862304686,296.53749389648436,POINT (556682.969799855 8637734.90729111),ragna_mariebreen
ragna_mariebreen-20230305-DAT_0068_A1_3,2135.0,2425,190.581787109375,556678.2525090323,8637732.144662477,467.3559326171875,2021-04-07 16:02:04.200000+00:00,0,2024-04-29,100 MHz,20230305,18.495285034179688,190.44776916503906,190.98385620117188,0.5625505911144805,0.5961076354980468,11,3.8208804000022365,0.7259470621744792,3.934649982056864,3.9297060113657687,186.55853708554045,194.8730882806705,35.78434753417969,0.268035888671875,15.599231844146706,20.466490347290037,8.0,5.0,3.4519654805038944,2.032688140869141,20.85485828032252,16.105400363979193,39.79032890665516,0.0,0.09704644559537702,0.08185059066108084,uncertain_temperate,276.7741455078125,295.26943054199216,POINT (556678.2525090323 8637732.144662477),ragna_mariebreen
ragna_mariebreen-20230305-DAT_0068_A1_3,2140.0,2432,190.98385620117188,556673.8786158708,8637729.545072194,466.9990539550781,2021-04-07 16:02:05.500000+00:00,0,2024-04-29,100 MHz,20230305,17.959182739257812,190.84983825683594,191.6539764404297,0.5274949692925978,0.5960850128173828,11,3.8289023664475903,0.871166229248047,3.9717428508497017,3.9620291358594546,186.92308082470822,195.5807338725574,35.78434753417969,0.1340179443359375,15.701865604859663,19.572306271362304,8.0,5.0,3.4706735730461307,2.0327046712239585,19.98130716722669,16.208826200688666,39.806469279111894,0.0,0.09403508284145545,0.08221566951879002,uncertain_temperate,276.01519775390625,293.97438049316406,POINT (556673.8786158708 8637729.545072194),ragna_mariebreen
ragna_mariebreen-20230305-DAT_0068_A1_3,2145.0,2439,191.3859405517578,556669.642577546,8637726.653292006,466.63829345703124,2021-04-07 16:02:06.800000+00:00,0,2024-04-29,100 MHz,20230305,17.423095703125,191.3859405517578,192.05604553222656,0.5336490334398878,0.5961076354980468,11,3.8369247186193776,0.7259635925292969,3.950235277439751,3.9412936613403673,187.48094190463507,195.9610441793493,35.65032958984375,0.0,15.780443431288184,18.678133506774902,8.0,5.0,3.4893822598178885,1.742315928141276,19.080988565729342,16.25527139843174,39.55051591213484,0.0,0.09103644527333057,0.08245351453609295,uncertain_temperate,275.2523529052734,292.6754486083984,POINT (556669.642577546 8637726.653292006),ragna_mariebreen
ragna_mariebreen-20230305-DAT_0068_A1_3,2150.0,2444,191.6539764404297,556665.9192283759,8637723.63362989,466.30859375,2021-04-07 16:02:08+00:00,0,2024-04-29,100 MHz,20230305,17.021011352539062,191.6539764404297,192.32408142089844,0.5502236624916219,0.5961076354980468,11,3.8422725923822103,0.8711331685384115,3.984629968340643,3.978024352648558,187.71418816293314,196.26386969839498,35.65031433105469,0.0,15.86724471109451,18.082025871276855,8.0,5.0,3.50274592258065,1.5971298217773438,18.487285151565423,16.327568936847968,39.499996482319375,0.0,0.08881115679762361,0.08279110616849843,uncertain_temperate,274.6546173095703,291.6756286621094,POINT (556665.9192283759 8637723.63362989),ragna_mariebreen
ragna_mariebreen-20230305-DAT_0068_A1_3,2155.0,2450,192.1900634765625,556661.9262225295,8637721.049706781,466.0142028808594,2021-04-07 16:02:09.200000+00:00,0,2024-04-29,100 MHz,20230305,16.752944946289062,192.05604553222656,192.72616577148438,0.5436536931911716,0.5961302581787109,11,3.852968751449984,1.0163523356119792,4.0291080345989965,4.021678705201893,188.07128201731706,196.71092928639388,35.91835021972656,0.1340179443359375,15.96762498265712,17.18784179534912,8.0,5.0,3.51878288947785,1.7422993977864585,17.630636568109477,16.443311339313166,39.84485505415745,0.0,0.08716863215112094,0.08308246895711321,uncertain_temperate,273.8241394042969,290.57708435058595,POINT (556661.9262225295 8637721.049706781),ragna_mariebreen
ragna_mariebreen-20230305-DAT_0068_A1_3,2160.0,2456,192.59214782714844,556657.7388285368,8637718.792912468,465.72658081054686,2021-04-07 16:02:10.400000+00:00,0,2024-04-29,100 MHz,20230305,16.350906372070312,192.32408142089844,193.12823486328125,0.5686151591957825,0.5961076354980468,11,3.860991344443766,0.871166229248047,4.002690229576979,3.9986882799387082,188.36602826804008,197.0862880161396,35.918365478515625,0.1340179443359375,16.06943393434709,16.492409280395506,8.0,5.0,3.534819666666301,1.8874855041503906,16.972245445912705,16.561529475702855,39.92555297153723,0.0,0.08489913299448355,0.08343763811580426,uncertain_temperate,273.1344329833984,289.48533935546874,POINT (556657.7388285368 8637718.792912468),ragna_mariebreen
ragna_mariebreen-20230305-DAT_0068_A1_3,2165.0,2463,192.9942169189453,556653.001613642,8637716.513578605,465.4020935058594,2021-04-07 16:02:11.800000+00:00,0,2024-04-29,100 MHz,20230305,15.814804077148438,192.72616577148438,193.39627075195312,0.5720534882391665,0.5960850128173828,11,3.869013712260887,1.0163523356119792,4.044447615963421,4.040975670450552,188.72588588430565,197.39655063913185,35.918365478515625,0.0,16.19589618512051,15.59821389312744,8.0,5.0,3.5535303198348482,2.7586682637532554,16.23397994883506,16.809071406910792,40.417012866722985,0.0,0.0819444454327376,0.08391907510846579,uncertain_temperate,272.4078765869141,288.2226806640625,POINT (556653.001613642 8637716.513578605),ragna_mariebreen
ragna_mariebreen-20230305-DAT_0068_A1_3,2170.0,2470,193.5303192138672,556648.6614453412,8637713.952687029,465.05744018554685,2021-04-07 16:02:13.200000+00:00,0,2024-04-29,100 MHz,20230305,14.74261474609375,193.12823486328125,193.5303192138672,0.6157980032214797,0.4967714447021484,10,3.879710528120433,1.0163523356119792,4.041275506617176,4.057626527033262,189.11760824738786,197.54094582976057,36.052398681640625,0.0,16.291541602817848,14.30667374267578,8.0,5.0,3.5856069650119706,4.355781555175781,15.378892152665632,17.240758047727965,41.694154637365045,0.0,0.07617728739341316,0.08418082328905958,uncertain_temperate,271.52712097167966,286.2697357177734,POINT (556648.6614453412 8637713.952687029),ragna_mariebreen
ragna_mariebreen-20230305-DAT_0068_A1_3,2175.0,2477,193.93238830566406,556644.4163412687,8637710.799990281,464.7126098632813,2021-04-07 16:02:14.600000+00:00,0,2024-04-29,100 MHz,20230305,12.732254028320312,193.2622528076172,193.93238830566406,0.569318813610727,0.5960963241577149,10,3.8877330790031794,0.580760955810547,3.9758121948909837,3.9718856595955336,189.33138117636673,197.86325993691452,36.05238342285156,0.0,16.38765170753909,12.717023217773436,8.0,5.0,3.6337247370777774,5.372100830078126,14.275366976535688,17.624373784080554,42.53801545013903,0.0,0.06565305640568161,0.08450188156147441,uncertain_temperate,270.7802215576172,283.5124755859375,POINT (556644.4163412687 8637710.799990281),ragna_mariebreen
ragna_mariebreen-20230305-DAT_0068_A1_3,2180.0,2484,194.06640625,556640.7260902073,8637707.738321112,464.4038441975911,2021-04-07 16:02:15.833333248+00:00,0,2024-04-29,100 MHz,20230305,10.319839477539062,193.2622528076172,194.33444213867188,0.5668953237303263,0.39743525390624995,11,3.8904071784218184,0.29037221272786456,3.921420510081521,3.9422017127371607,189.36102427857142,198.23567066771764,35.65031433105469,0.0,16.503785797871153,10.43194017791748,8.0,5.0,3.6845190079936594,5.081712086995442,12.174762992807342,17.65713520697499,41.927214685161175,0.0,0.05317684640506431,0.08504195093204676,uncertain_temperate,270.3374379475911,280.6572774251302,POINT (556640.7260902073 8637707.738321112),ragna_mariebreen
ragna_mariebreen-20230305-DAT_0068_A1_3,2185.0,2490,194.20042419433594,556637.3147941012,8637704.588813746,464.11480712890625,2021-04-07 16:02:17+00:00,0,2024-04-29,100 MHz,20230305,8.309478759765625,193.5303192138672,194.60250854492188,0.643775829568916,0.39743525390624995,11,3.893081286449592,0.5807774861653645,3.9561773433945167,3.9884623240138195,189.59415554967072,198.53867220911835,35.51629638671875,0.0,16.642557101892667,8.444933578491211,8.0,5.0,3.727296263757867,4.791339874267578,10.40031626315749,17.715089108393666,41.58668972064447,0.0,0.042788159676985814,0.08569784113982416,uncertain_temperate,269.9143829345703,278.22386169433594,POINT (556637.3147941012 8637704.588813746),ragna_mariebreen
ragna_mariebreen-20230305-DAT_0068_A1_3,2190.0,2497,194.60250854492188,556633.2967121098,8637700.886979124,463.77659301757814,2021-04-07 16:02:18.400000+00:00,0,2024-04-29,100 MHz,20230305,15.278717041015625,193.93238830566406,195.00457763671875,0.6450432457494818,0.3974126312255859,11,3.901104270945671,0.7259801228841146,3.9879316031084375,4.020166969231553,189.9643079547118,198.972657987671,35.51629638671875,0.0,17.553510324526936,9.935157421875,7.0,4.0,3.5962993312201603,6.098064422607422,12.199471774607408,18.9273739143939,42.59582734448742,0.0,0.07851243622323964,0.09020187075581762,uncertain_temperate,269.17408447265626,284.4528015136719,POINT (556633.2967121098 8637700.886979124),ragna_mariebreen
ragna_mariebreen-20230305-DAT_0068_A1_3,2195.0,2503,194.8705596923828,556629.9229144062,8637697.397733431,463.4971923828125,2021-04-07 16:02:19.600000+00:00,0,2024-04-29,100 MHz,20230305,14.608596801757812,194.20042419433594,195.27264404296875,0.6919473423745508,0.39743525390624995,11,3.9064528685149926,0.580760955810547,3.969333959592027,4.00954466571233,190.25103724169088,199.2220309956138,35.38227844238281,0.0,17.71607347499351,6.954664489746094,7.0,4.0,3.615011771221835,2.0327046712239585,8.09737961018399,18.195039372253547,39.529590630594356,0.0,0.07496564296227472,0.09091200591284597,uncertain_temperate,268.6266326904297,283.2352294921875,POINT (556629.9229144062 8637697.397733431),ragna_mariebreen
ragna_mariebreen-20230305-DAT_0068_A1_3,2200.0,2508,195.1385955810547,556626.7768809418,8637693.917834217,463.24049377441406,2021-04-07 16:02:20.750000128+00:00,0,2024-04-29,100 MHz,20230305,13.938461303710938,194.46849060058594,195.4066619873047,0.7273796074613316,0.39739000854492185,11,3.911801195630801,0.4355913798014323,3.955988784512314,4.002625330660676,190.53251188566688,199.34264070222375,35.38226318359375,0.0,18.912419592397573,10.630646493530273,6.0,3.0,3.6337247370777774,2.1778907775878906,11.443679852842829,19.381093326818714,39.61867247731803,0.0,0.07142852116059902,0.09691788308757159,uncertain_temperate,268.1018981933594,282.0403594970703,POINT (556626.7768809418 8637693.917834217),ragna_mariebreen
ragna_mariebreen-20230305-DAT_0068_A1_3,2205.0,2515,195.27264404296875,556623.0093796318,8637689.667818395,462.91881103515624,2021-04-07 16:02:22.200000+00:00,0,2024-04-29,100 MHz,20230305,13.000320434570312,194.60250854492188,195.54067993164062,0.7787726385720911,0.5960850128173828,11,3.914475980845047,0.2904052734375,3.970236110102093,4.001742651650858,190.67727512161403,199.46591335494847,35.11424255371094,0.0,18.905894388383004,10.133875048828125,6.0,3.0,3.6551114868690244,2.3230768839518228,11.020524020910006,19.395601790480367,39.44512308660413,0.0,0.06657522613208258,0.09681793617862243,uncertain_temperate,267.6461669921875,280.6464874267578,POINT (556623.0093796318 8637689.667818395),ragna_mariebreen
ragna_mariebreen-20230305-DAT_0068_A1_3,2210.0,2521,195.4066619873047,556620.0832376806,8637686.196951132,462.6603759765625,2021-04-07 16:02:23.400000+00:00,0,2024-04-29,100 MHz,20230305,12.062149047851562,195.00457763671875,195.67469787597656,0.7497123553813497,0.39743525390624995,11,3.917150165567858,0.29037221272786456,3.9479534220378407,3.998806078987105,191.0766797967116,199.6025957159837,34.84620666503906,0.0,18.864998956144706,9.239713595581055,6.0,3.0,3.6764989011289146,2.3230603535970054,10.212030204852596,19.359789234178074,39.195143727869066,0.0,0.061728443263798366,0.09654225073129974,uncertain_temperate,267.2537139892578,279.31586303710935,POINT (556620.0832376806 8637686.196951132),ragna_mariebreen
ragna_mariebreen-20230305-DAT_0068_A1_3,2215.0,2528,195.54067993164062,556616.7793514798,8637682.152121065,462.34568481445314,2021-04-07 16:02:24.800000+00:00,0,2024-04-29,100 MHz,20230305,11.123992919921875,195.27264404296875,195.54067993164062,0.7529705924388148,0.39739000854492185,11,3.9198243587246773,0.0,3.9399164740058463,3.991489410775004,191.35281968424408,199.4605042903653,34.57814025878906,0.1340179443359375,18.83392888301663,8.544258457946777,6.0,3.0,3.69788666394081,2.4682629903157554,9.631772451885935,19.351577846244005,39.024114614171,0.0,0.056888382119826574,0.09631719031354914,uncertain_temperate,266.8050048828125,277.9289978027344,POINT (556616.7793514798 8637682.152121065),ragna_mariebreen
ragna_mariebreen-20230305-DAT_0068_A1_3,2220.0,2535,195.4066619873047,556613.908160458,8637678.683520239,462.070556640625,2021-04-07 16:02:26+00:00,0,2024-04-29,100 MHz,20230305,9.78375244140625,195.00457763671875,195.67469787597656,0.7718185695931582,0.39739000854492185,11,3.917150165567858,0.0,3.937255927482951,3.9924640667108235,191.0874274711509,199.5918480415444,34.04205322265625,0.0,18.77743294833537,7.550738191223144,6.0,3.0,3.7219491962295668,2.4682795206705728,8.77262542480137,19.301225291175335,38.508070420504424,0.0,0.050068673922907946,0.09609412881509288,uncertain_temperate,266.6638946533203,276.44764709472656,POINT (556613.908160458 8637678.683520239),ragna_mariebreen
ragna_mariebreen-20230305-DAT_0068_A1_3,2225.0,2542,195.54067993164062,556610.3843056343,8637674.629691664,461.72673950195315,2021-04-07 16:02:27.400000+00:00,0,2024-04-29,100 MHz,20230305,8.8455810546875,195.1385955810547,195.67469787597656,0.7929023763077646,0.39739000854492185,11,3.9198243587246773,0.0,3.9399164740058463,3.9992145705883084,191.21877122233002,199.59452223470123,33.77398681640625,0.1340179443359375,18.76652089086983,6.855271742248535,6.0,3.0,3.7433386138406077,2.3230768839518228,8.148866230752146,19.27671072911754,38.17958214355801,0.0,0.045236526014841724,0.09597246413089311,uncertain_temperate,266.1860595703125,275.031640625,POINT (556610.3843056343 8637674.629691664),ragna_mariebreen
ragna_mariebreen-20230305-DAT_0068_A1_3,2230.0,2548,195.4066619873047,556607.3212847064,8637671.04154678,461.4350524902344,2021-04-07 16:02:28.600000+00:00,0,2024-04-29,100 MHz,20230305,7.639373779296875,195.1385955810547,195.67469787597656,0.7959863404241574,0.39739000854492185,11,3.917150165567858,0.29037221272786456,3.9479488675037455,4.007739474526084,191.21069774104754,199.6025957159837,33.2379150390625,0.1340179443359375,18.706080516396614,6.060457791137695,6.0,3.0,3.7647286500351695,2.3230768839518228,7.503267065439463,19.222052863912843,37.66169939379171,0.0,0.03909474580653343,0.0957289804050382,uncertain_temperate,266.0283905029297,273.6677642822266,POINT (556607.3212847064 8637671.04154678),ragna_mariebreen
ragna_mariebreen-20230305-DAT_0068_A1_3,2235.0,2555,195.27264404296875,556603.7690203378,8637666.912106391,461.12176513671875,2021-04-07 16:02:30+00:00,0,2024-04-29,100 MHz,20230305,6.43316650390625,195.1385955810547,195.67469787597656,0.8015046045973911,0.39739000854492185,11,3.914475980845047,0.2904052734375,3.945297992084303,4.00622853300257,191.21336215774684,199.5999312992844,32.70182800292969,0.1340484619140625,18.63822677425571,5.166318960571289,6.0,3.0,3.786119294329015,2.3230768839518228,6.813386611810616,19.160242242942132,37.14383042522098,0.0,0.03294453524422328,0.09544719827808786,uncertain_temperate,265.84912109375,272.28228759765625,POINT (556603.7690203378 8637666.912106391),ragna_mariebreen
ragna_mariebreen-20230305-DAT_0068_A1_3,2240.0,2561,195.1385955810547,556600.7906030611,8637663.178516492,460.86231689453126,2021-04-07 16:02:31.200000+00:00,0,2024-04-29,100 MHz,20230305,5.2269287109375,195.1385955810547,195.54067993164062,0.7201527190283405,0.39743525390624995,11,3.911801195630801,0.4355913798014323,3.9559933297900547,4.001318330628019,191.20261686613563,199.47665864655968,32.16569519042969,0.0,18.601032071733414,4.172787382507324,6.0,3.0,3.8075105364732145,2.1778907775878906,6.054130760403946,19.111220234671357,36.55207692535163,0.0,0.026785724758208538,0.09532215816325841,uncertain_temperate,265.7237213134766,270.9506500244141,POINT (556600.7906030611 8637663.178516492),ragna_mariebreen
ragna_mariebreen-20230305-DAT_0068_A1_3,2245.0,2567,194.8705596923828,556597.6971556194,8637659.179592595,460.592529296875,2021-04-07 16:02:32.400000+00:00,0,2024-04-29,100 MHz,20230305,4.020721435546875,194.8705596923828,195.27264404296875,0.704337755996538,0.5961302581787109,11,3.9064528685149926,0.4355748494466146,3.9756094813393923,3.9932682276453324,190.9398982387087,199.20330549664286,31.629608154296875,0.0,18.55470579742985,3.4773209335327144,6.0,3.0,3.8262284700556206,1.8875020345052085,5.504039344891196,19.038902160169382,35.896069010243565,0.0,0.020632780251126043,0.09521554116085974,uncertain_temperate,265.7219696044922,269.74269104003906,POINT (556597.6971556194 8637659.179592595),ragna_mariebreen
ragna_mariebreen-20230305-DAT_0068_A1_3,2250.0,2572,194.7365264892578,556594.8395723852,8637655.376502614,460.3477478027344,2021-04-07 16:02:33.500000+00:00,0,2024-04-29,100 MHz,20230305,3.082550048828125,194.60250854492188,195.1385955810547,0.6680320859756865,0.4967714447021484,10,3.9037784132351265,0.29038874308268225,3.9459591216865344,3.9711558002227423,190.68794451788773,199.05315960808883,31.093505859375,0.1340179443359375,18.477339462200145,2.881213298034668,6.0,3.0,3.8422725923822103,2.032688140869141,5.215004297311112,18.981753168598004,35.44032995889887,0.0,0.015829336716643997,0.09488378885724556,uncertain_temperate,265.61122131347656,268.6937713623047,POINT (556594.8395723852 8637655.376502614),ragna_mariebreen
ragna_mariebreen-20230305-DAT_0068_A1_3,2255.0,2578,194.60250854492188,556591.514535206,8637650.884084946,460.05707397460935,2021-04-07 16:02:34.800000+00:00,0,2024-04-29,100 MHz,20230305,1.8763427734375,194.33444213867188,195.1385955810547,0.627070589382971,0.5961302581787109,11,3.901104270945671,0.4355913798014323,3.970355861590254,3.975119106016445,190.4090944619752,199.06394325775136,30.691452026367188,0.26806640625,18.44660870892855,1.9870518447875976,6.0,3.0,3.8636653567811834,2.0327046712239585,4.796683573416175,18.956190839140795,35.05720491328219,0.0,0.009641924903575263,0.09479121747636851,uncertain_cold,265.4545654296875,267.330908203125,POINT (556591.514535206 8637650.884084946),ragna_mariebreen
ragna_mariebreen-20230305-DAT_0068_A1_3,2260.0,2583,194.33444213867188,556588.9416932765,8637647.427765807,459.8296691894531,2021-04-07 16:02:35.800000+00:00,0,2024-04-29,100 MHz,20230305,0.8041229248046875,194.06640625,194.8705596923828,0.596649785133976,0.7948478851318359,11,3.8957554030687715,0.4355913798014323,3.9998041416043604,3.965178555474805,190.1463743610102,198.7905915813726,30.02130126953125,0.268035888671875,18.353721914910277,1.1922152709960936,6.0,3.0,3.879710528120433,1.1615384419759116,4.221694279148201,18.795223687523755,34.071156246465165,0.0,0.0041378302062939866,0.0944439992876484,uncertain_cold,265.49522705078124,266.2993499755859,POINT (556588.9416932765 8637647.427765807),ragna_mariebreen
ragna_mariebreen-20230305-DAT_0068_A1_3,2265.0,2590,194.20042419433594,556585.8618801157,8637643.094339913,459.53240966796875,2021-04-07 16:02:37+00:00,0,2024-04-29,100 MHz,20230305,0.402069091796875,193.79835510253906,194.60250854492188,0.5463549182986782,0.5961302581787109,11,3.893081286449592,0.4355583190917968,3.9624694619580727,3.955287176550299,189.8809844343186,198.51987921314233,29.485214233398438,0.0,18.322769872862196,0.8941840759277343,6.0,2.0,3.8850586837498264,0.0,3.986633434092313,18.730124847155892,33.37027291714827,0.0,0.0020703821501158273,0.09434979325548043,uncertain_cold,265.3319854736328,265.7340545654297,POINT (556585.8618801157 8637643.094339913),ragna_mariebreen
ragna_mariebreen-20230305-DAT_0068_A1_3,2270.0,2596,193.93238830566406,556582.8309380396,8637638.91185297,459.2318908691406,2021-04-07 16:02:38.200000+00:00,0,2024-04-29,100 MHz,20230305,0.402069091796875,193.5303192138672,194.46849060058594,0.5666016474299348,0.5961302581787109,11,3.8877330790031794,0.4355748494466146,3.9572168537701087,3.9528763413388357,189.61826170623186,198.38054810822126,28.949142456054688,0.0,18.152070559187163,0.9935089553833008,6.0,2.0,3.879710528120433,0.5807774861653645,4.046790866213858,18.57113679493408,32.87208220456537,0.0,0.0020732436459409706,0.093599994914604,uncertain_cold,265.29950256347655,265.7015716552734,POINT (556582.8309380396 8637638.91185297),ragna_mariebreen
ragna_mariebreen-20230305-DAT_0068_A1_3,2275.0,2602,193.79835510253906,556579.8595292257,8637634.620114774,458.9319641113281,2021-04-07 16:02:39.400000+00:00,0,2024-04-29,100 MHz,20230305,0.536102294921875,193.5303192138672,194.20042419433594,0.5602262380017603,0.5961076354980468,11,3.8850586837498264,0.29038874308268225,3.9412372310466353,3.935970024788639,189.63442309124162,198.0963203169615,28.41302490234375,0.0,17.990841239595845,1.0928677688598631,6.0,2.0,3.8743617982979,0.4355913798014323,4.049046696999207,18.408443380759003,32.31179640042714,0.0,0.0027662891908356102,0.09283278606816274,uncertain_cold,265.13360900878905,265.6697113037109,POINT (556579.8595292257 8637634.620114774),ragna_mariebreen
ragna_mariebreen-20230305-DAT_0068_A1_3,2280.0,2607,193.66433715820312,556577.3258999058,8637631.165426223,458.6933532714844,2021-04-07 16:02:40.400000+00:00,0,2024-04-29,100 MHz,20230305,0.536102294921875,193.39627075195312,194.06640625,0.5271914053385526,0.3974126312255859,11,3.882384601603823,0.29037221272786456,3.913459213554243,3.9287602363287313,189.5030425006564,197.95963450129673,28.010971069335938,0.0,17.854998808426203,0.9935202667236328,6.0,2.0,3.871687750912087,0.29037221272786456,4.007663232218716,18.272253952684334,31.89353234541224,0.0,0.002768203494709181,0.09219559507148996,uncertain_cold,265.0290161132813,265.56511840820315,POINT (556577.3258999058 8637631.165426223),ragna_mariebreen
ragna_mariebreen-20230305-DAT_0068_A1_3,2285.0,2614,193.5303192138672,556573.72125424,8637626.773300398,458.38331298828126,2021-04-07 16:02:41.800000+00:00,0,2024-04-29,100 MHz,20230305,0.536102294921875,192.9942169189453,193.93238830566406,0.6125797606493355,0.39743525390624995,11,3.879710528120433,0.4355913798014323,3.924264060077172,3.9518536910319746,189.09013013300344,197.83647509160593,27.474884033203125,0.1340484619140625,17.69560378604563,1.0928790802001953,6.0,2.0,3.869013712260887,0.29038874308268225,4.0308779951409015,18.115959430305764,31.354780001882176,0.0,0.0027701204498579734,0.09143582182846766,uncertain_cold,264.8529937744141,265.38909606933595,POINT (556573.72125424 8637626.773300398),ragna_mariebreen
ragna_mariebreen-20230305-DAT_0068_A1_3,2290.0,2620,193.2622528076172,556570.7005895064,8637623.298676988,458.12005615234375,2021-04-07 16:02:43+00:00,0,2024-04-29,100 MHz,20230305,0.402069091796875,192.8601837158203,193.66433715820312,0.6649855270577107,0.5961302581787109,11,3.8743617982979,0.5807774861653645,3.9627456538696646,3.973686900567648,188.9425336762498,197.58198719777363,26.804733276367188,0.0,17.571735105135062,1.1922378936767577,6.0,2.0,3.866339377907737,0.4355748494466146,4.069365654466211,17.997338143171792,30.695530834019138,0.0,0.002080432603655482,0.09092171311190725,uncertain_cold,264.85780334472656,265.25987243652344,POINT (556570.7005895064 8637623.298676988),ragna_mariebreen
ragna_mariebreen-20230305-DAT_0068_A1_3,2295.0,2627,192.9942169189453,556567.0507791148,8637619.23981216,457.829638671875,2021-04-07 16:02:44.400000+00:00,0,2024-04-29,100 MHz,20230305,0.402069091796875,192.72616577148438,193.66433715820312,0.6772914679707885,0.7948026397705078,12,3.869013712260887,0.4355748494466146,3.973751853264038,3.95192564298966,188.83271067926447,197.55779225042303,26.134628295898438,0.0,16.37517999556561,1.5896279022216795,7.0,2.0,3.860991344443766,0.4355583190917968,4.19808076133862,16.829839128713378,30.020109631743424,0.0,0.002083321967962066,0.08484803460428526,uncertain_cold,264.8354217529297,265.23749084472655,POINT (556567.0507791148 8637619.23981216),ragna_mariebreen
ragna_mariebreen-20230305-DAT_0068_A1_3,2300.0,2633,192.8601837158203,556563.8225611204,8637615.645008769,457.58079833984374,2021-04-07 16:02:45.600000+00:00,0,2024-04-29,100 MHz,20230305,0.4020538330078125,192.4581298828125,193.5303192138672,0.737040862480183,0.7948139511108397,12,3.866339377907737,0.29038874308268225,3.95785737794448,3.946661252278267,188.5809007423993,197.40754835428038,25.598526000976562,0.0,16.242859213794922,1.3909328979492186,7.0,2.0,3.858317340913758,0.2904052734375,4.111647145929905,16.697347794341432,29.467756922753665,0.0,0.0020846907083747223,0.08422090501442638,uncertain_cold,264.7206146240234,265.12266845703124,POINT (556563.8225611204 8637615.645008769),ragna_mariebreen
ragna_mariebreen-20230305-DAT_0068_A1_3,2305.0,2640,192.72616577148438,556560.3912749792,8637612.141184555,457.33734130859375,2021-04-07 16:02:46.833333248+00:00,0,2024-04-29,100 MHz,20230305,0.4020843505859375,192.32408142089844,193.39627075195312,0.7491276335118634,0.7948139511108397,12,3.8636653567811834,0.29037221272786456,3.9552440162391966,3.946317045348312,188.44952002493173,197.27083214791983,25.06243896484375,0.1340179443359375,16.11324311231046,1.3908876525878906,7.0,2.0,3.8556427373081323,0.2904052734375,4.109122120686937,16.57066443257535,28.92900283223264,0.0,0.002086298707683986,0.08360693031903073,uncertain_cold,264.6111755371094,265.0132598876953,POINT (556560.3912749792 8637612.141184555),ragna_mariebreen
ragna_mariebreen-20230305-DAT_0068_A1_3,2310.0,2645,192.59214782714844,556557.0146125669,8637608.776124306,457.1057434082031,2021-04-07 16:02:48+00:00,0,2024-04-29,100 MHz,20230305,0.4020843505859375,192.32408142089844,193.2622528076172,0.714829532961516,0.6954664489746093,12,3.860991344443766,0.29037221272786456,3.933858635671026,3.9373279575097797,188.4521865122272,197.13414771628842,24.660385131835938,0.1340179443359375,16.00386921803653,1.1921926483154297,7.0,2.0,3.852968751449984,0.14518610636393228,4.035811010915715,16.461782320063293,28.51608833684682,0.0,0.0020877504878693623,0.08309720514877902,uncertain_cold,264.5135955810547,264.9156799316406,POINT (556557.0146125669 8637608.776124306),ragna_mariebreen
ragna_mariebreen-20230305-DAT_0068_A1_3,2315.0,2651,192.4581298828125,556553.5210386023,8637605.319412025,456.8403259277344,2021-04-07 16:02:49.200000+00:00,0,2024-04-29,100 MHz,20230305,0.26806640625,192.1900634765625,193.12823486328125,0.7193790846738736,0.6954777603149414,12,3.858317340913758,0.2904052734375,3.931238639554817,3.9355373449507938,188.3208325547854,196.99746578505835,24.124282836914062,0.1340484619140625,15.861434398254561,1.3909328979492186,7.0,2.0,3.852968751449984,0.14518610636393228,4.098919556630574,16.323343664067856,27.979986041924946,0.0,0.0013928557157508767,0.08241498765426312,uncertain_cold,264.3821960449219,264.6502624511719,POINT (556553.5210386023 8637605.319412025),ragna_mariebreen
ragna_mariebreen-20230305-DAT_0068_A1_3,2320.0,2657,192.32408142089844,556550.041635694,8637601.90052155,456.5507019042969,2021-04-07 16:02:50.400000+00:00,0,2024-04-29,100 MHz,20230305,0.268035888671875,192.05604553222656,192.9942169189453,0.6772920855913988,0.5961076354980468,12,3.8556427373081323,0.2904052734375,3.91224493784532,3.9254350981517967,188.18948166483767,196.8607807863342,23.722183227539062,0.1340179443359375,15.742080286223464,1.3909328979492186,7.0,2.0,3.850294774454376,0.29037221272786456,4.104117468922224,16.208706845705507,27.583411771942394,0.0,0.0013936678479970607,0.08185184179703503,uncertain_cold,264.22662048339845,264.4946563720703,POINT (556550.041635694 8637601.90052155),ragna_mariebreen
ragna_mariebreen-20230305-DAT_0068_A1_3,2325.0,2663,192.1900634765625,556546.6293745348,8637598.186530238,456.21880493164065,2021-04-07 16:02:51.600000+00:00,0,2024-04-29,100 MHz,20230305,0.268035888671875,192.05604553222656,192.72616577148438,0.6503351164838242,0.4967601333618164,12,3.852968751449984,0.29037221272786456,3.8956969660989,3.918241950837972,188.19215057744654,196.5900607262644,23.186111450195312,0.1340179443359375,15.61494090083863,0.9935202667236328,7.0,2.0,3.8476208063397856,0.29038874308268225,3.9844189051703087,16.084616589405265,27.044674847560714,0.0,0.0013946396802380048,0.08124738926860735,uncertain_cold,264.02874145507815,264.29677734375,POINT (556546.6293745348 8637598.186530238),ragna_mariebreen
ragna_mariebreen-20230305-DAT_0068_A1_3,2330.0,2669,192.05604553222656,556543.2092401378,8637594.47222654,455.87717895507814,2021-04-07 16:02:52.800000+00:00,0,2024-04-29,100 MHz,20230305,0.2680511474609375,191.92202758789062,192.59214782714844,0.6246090212141376,0.4967714447021484,12,3.850294774454376,0.29037221272786456,3.8930537808238164,3.9114220306043728,188.0607990434873,196.45337637155177,22.650009155273438,0.1340179443359375,15.490509876430801,0.9935202667236328,7.0,2.0,3.8449465426781106,0.29038874308268225,3.9818365183106272,15.963202553684573,26.50590587823706,0.0,0.0013956923184485705,0.08065619508880041,uncertain_cold,263.8211334228516,264.0891845703125,POINT (556543.2092401378 8637594.47222654),ragna_mariebreen
ragna_mariebreen-20230305-DAT_0068_A1_3,2335.0,2675,191.92202758789062,556539.8595354557,8637590.574652363,455.55426025390625,2021-04-07 16:02:54+00:00,0,2024-04-29,100 MHz,20230305,0.2680511474609375,191.78799438476562,192.32408142089844,0.5865231738686395,0.3974013198852539,12,3.8476208063397856,0.29038874308268225,3.8789740010129616,3.902886230083181,187.92943098740022,196.18264481826384,22.247940063476562,0.134033203125,15.374585261617407,0.7948026397705078,7.0,2.0,3.8422725923822103,0.14518610636393228,3.9263021936471976,15.848091672071934,26.0929547161993,0.0,0.0013966669216131722,0.08010849747081075,uncertain_cold,263.6322326660156,263.90028381347656,POINT (556539.8595354557 8637590.574652363),ragna_mariebreen
ragna_mariebreen-20230305-DAT_0068_A1_3,2340.0,2681,191.78799438476562,556536.6187567902,8637587.091101741,455.2769348144531,2021-04-07 16:02:55.200000+00:00,0,2024-04-29,100 MHz,20230305,0.1340179443359375,191.6539764404297,192.1900634765625,0.5401411793567554,0.2980538177490234,12,3.8449465426781106,0.29038874308268225,3.867399076438358,3.893544918425676,187.79807971746607,196.04596019952612,21.711837768554688,0.0,15.264371122243299,0.5961076354980468,7.0,2.0,3.8422725923822103,0.14518610636393228,3.890948726564217,15.741193202461742,25.556852421277426,0.0,0.0006987817186672817,0.0795898156775125,uncertain_cold,263.4889404296875,263.6229583740234,POINT (556536.6187567902 8637587.091101741),ragna_mariebreen
ragna_mariebreen-20230305-DAT_0068_A1_3,2345.0,2688,191.6539764404297,556532.9059058663,8637583.029754972,454.98301391601564,2021-04-07 16:02:56.600000+00:00,0,2024-04-29,100 MHz,20230305,0.1340179443359375,191.51995849609375,191.92202758789062,0.5514832654991388,0.2980425064086914,12,3.8422725923822103,0.29037221272786456,3.864738546360201,3.8924938648919643,187.66672937027005,195.77525671371433,21.175750732421875,0.0,15.145167444825667,0.39739000854492185,7.0,2.0,3.8395986510230715,0.29037221272786456,3.8710144202461967,15.626993656960057,25.026313525425337,0.0,0.0006992703560084664,0.07902349706546852,uncertain_cold,263.32903747558595,263.4630554199219,POINT (556532.9059058663 8637583.029754972),ragna_mariebreen
ragna_mariebreen-20230305-DAT_0068_A1_3,2350.0,2695,191.51995849609375,556529.5746333263,8637579.44943746,454.7288055419922,2021-04-07 16:02:57.833333248+00:00,0,2024-04-29,100 MHz,20230305,0.1340179443359375,191.3859405517578,191.78799438476562,0.5465207457861956,0.19869500427246092,12,3.8395986510230715,0.29037221272786456,3.8556858699309906,3.889153988779226,187.53537775875435,195.6385571777691,20.639663696289062,0.1340179443359375,15.002456858302674,0.19869500427246092,7.0,2.0,3.8369247186193776,0.2904052734375,3.8530255934674935,15.488061153818629,24.487562670949472,0.0,0.0006997596772070673,0.07833364718804836,uncertain_cold,263.20884704589844,263.3428649902344,POINT (556529.5746333263 8637579.44943746),ragna_mariebreen
ragna_mariebreen-20230305-DAT_0068_A1_3,2355.0,2701,191.3859405517578,556526.3376058935,8637575.87298604,454.4893798828125,2021-04-07 16:02:59+00:00,0,2024-04-29,100 MHz,20230305,0.1340484619140625,191.25189208984375,191.6539764404297,0.5476483058979748,0.2980877517700195,12,3.8369247186193776,0.14518610636393228,3.8512240404303686,3.8785292275276757,187.41222149175417,195.49364703851927,20.10357666015625,0.0,14.91158270849785,0.19874024963378906,7.0,2.0,3.834250186304761,0.2904052734375,3.850364580249889,15.399386630200258,23.948808735599613,0.0,0.0007004091393944941,0.07791367884970217,uncertain_cold,263.1034393310547,263.23748779296875,POINT (556526.3376058935 8637575.87298604),ragna_mariebreen
ragna_mariebreen-20230305-DAT_0068_A1_3,2360.0,2707,191.3859405517578,556522.8740958879,8637571.821872141,454.2160339355469,2021-04-07 16:03:00.249999872+00:00,0,2024-04-29,100 MHz,20230305,0.26806640625,191.1178741455078,191.51995849609375,0.53099639913881,0.39743525390624995,12,3.8369247186193776,0.14521916707356772,3.860185835408116,3.8762142715201273,187.27820229718043,195.35963034442113,19.701492309570312,0.0,14.834662656129362,0.39743525390624995,7.0,2.0,3.8315762718702686,0.29037221272786456,3.863061937133712,15.324245784711325,23.544055614069492,0.0,0.0014006588230941915,0.07751176817566452,uncertain_cold,262.83009338378906,263.09815979003906,POINT (556522.8740958879 8637571.821872141),ragna_mariebreen
ragna_mariebreen-20230305-DAT_0068_A1_3,2365.0,2712,191.25189208984375,556519.7482079545,8637568.26860175,453.94456787109374,2021-04-07 16:03:01.400000+00:00,0,2024-04-29,100 MHz,20230305,0.268035888671875,190.98385620117188,191.3859405517578,0.5190684283450083,0.29806512908935545,12,3.834250186304761,0.14521916707356772,3.848558940544199,3.8719497841485744,187.14685697030623,195.22293978262346,19.299392700195312,0.0,14.738692790094662,0.39739000854492185,7.0,2.0,3.8289023664475903,0.29037221272786456,3.8604051824392434,15.230688576505687,23.13928975007991,0.0,0.0014014809774847126,0.07706429792166927,uncertain_cold,262.69267578125,262.96071166992186,POINT (556519.7482079545 8637568.26860175),ragna_mariebreen
ragna_mariebreen-20230305-DAT_0068_A1_3,2370.0,2718,191.25189208984375,556516.5478705687,8637564.563363183,453.6446228027344,2021-04-07 16:03:02.600000+00:00,0,2024-04-29,100 MHz,20230305,0.4020538330078125,190.98385620117188,191.3859405517578,0.5079395763522098,0.39739000854492185,12,3.834250186304761,0.14518610636393228,3.857521524962699,3.8704723367935436,187.14685822141487,195.2229385315148,18.897323608398438,0.0,14.676436354837492,0.39739000854492185,7.0,2.0,3.8262284700556206,0.29037221272786456,3.857753121427029,15.169776676160538,22.734554423320645,0.0,0.002102221466227069,0.07673877729765409,uncertain_cold,262.3927307128906,262.79478454589844,POINT (556516.5478705687 8637564.563363183),ragna_mariebreen
ragna_mariebreen-20230305-DAT_0068_A1_3,2375.0,2724,191.1178741455078,556513.2846738114,8637560.855561765,453.33473510742186,2021-04-07 16:03:03.800000+00:00,0,2024-04-29,100 MHz,20230305,0.4020538330078125,190.84983825683594,191.25189208984375,0.48827030170152497,0.39739000854492185,12,3.8315762718702686,0.29037221272786456,3.863057282512787,3.8734610668764233,187.00727495233676,195.09445539434293,18.495269775390625,0.0,14.582629509789836,0.39739000854492185,7.0,2.0,3.823554582713305,0.29038874308268225,3.855102344684041,15.078361273324445,22.32983562683941,0.0,0.0021036956109176286,0.07630175657294792,uncertain_cold,262.21686096191405,262.61891479492186,POINT (556513.2846738114 8637560.855561765),ragna_mariebreen
ragna_mariebreen-20230305-DAT_0068_A1_3,2380.0,2730,190.98385620117188,556509.9114853463,8637557.14326815,453.00946044921875,2021-04-07 16:03:05+00:00,0,2024-04-29,100 MHz,20230305,0.402069091796875,190.7158203125,191.25189208984375,0.5061955467390954,0.39739000854492185,12,3.8289023664475903,0.14518610636393228,3.852206011645848,3.8649458299965307,186.884166317517,195.08354608482674,17.959182739257812,0.0,14.499660423110926,0.5960850128173828,7.0,2.0,3.8208804000022365,0.29038874308268225,3.8779853011242693,14.997453285100098,21.791082092480764,0.0,0.0021052517201943896,0.07592086949924072,uncertain_cold,262.0256042480469,262.42767333984375,POINT (556509.9114853463 8637557.14326815),ragna_mariebreen
ragna_mariebreen-20230305-DAT_0068_A1_3,2385.0,2736,190.98385620117188,556506.4374244844,8637553.20346536,452.64454956054686,2021-04-07 16:03:06.200000+00:00,0,2024-04-29,100 MHz,20230305,0.5360870361328125,190.581787109375,191.1178741455078,0.4898003406841126,0.49674882202148435,12,3.8289023664475903,0.14518610636393228,3.8637199341371535,3.8628327314295334,186.750133114392,194.9495281404908,17.557098388671875,0.0,14.404905376982487,0.5961076354980468,7.0,2.0,3.8182065308173154,0.29037221272786456,3.8753530738501167,14.905177491520167,21.38633031347095,0.0,0.0028069756616922003,0.07542472784615446,uncertain_cold,261.660693359375,262.1967803955078,POINT (556506.4374244844 8637553.20346536),ragna_mariebreen
ragna_mariebreen-20230305-DAT_0068_A1_3,2390.0,2742,190.84983825683594,556503.1563492271,8637549.482547611,452.2813415527344,2021-04-07 16:03:07.333333248+00:00,0,2024-04-29,100 MHz,20230305,0.5360870361328125,190.581787109375,191.1178741455078,0.4751318149045009,0.3974013198852539,12,3.8262284700556206,0.29037221272786456,3.857754286632988,3.866534697700655,186.7445562944528,194.95510496043002,17.155029296875,0.0,14.338335677100348,0.5961076354980468,7.0,2.0,3.8155326707392074,0.29037221272786456,3.8727186699399967,14.84016427040521,20.9815950657339,0.0,0.0028089467668889192,0.07512888566247854,uncertain_cold,261.43150329589844,261.96759033203125,POINT (556503.1563492271 8637549.482547611),ragna_mariebreen
ragna_mariebreen-20230305-DAT_0068_A1_3,2395.0,2748,190.7158203125,556500.0652214492,8637546.054854974,451.9420227050781,2021-04-07 16:03:08.400000+00:00,0,2024-04-29,100 MHz,20230305,0.5360870361328125,190.44776916503906,190.98385620117188,0.47513064106423,0.3974013198852539,12,3.823554582713305,0.14518610636393228,3.846891792280565,3.855696795463453,186.6214591080169,194.81016625819404,16.61895751953125,0.0,14.248336259645738,0.5961076354980468,7.0,2.0,3.8128588197870723,0.2904052734375,3.8700868098231913,14.752535842030815,20.442859662953396,0.0,0.002810920642316929,0.07470977623303056,uncertain_cold,261.2262023925781,261.7622894287109,POINT (556500.0652214492 8637546.054854974),ragna_mariebreen
ragna_mariebreen-20230305-DAT_0068_A1_3,2400.0,2754,190.7158203125,556496.6009886949,8637542.45057014,451.5736877441406,2021-04-07 16:03:09.600000+00:00,0,2024-04-29,100 MHz,20230305,0.670135498046875,190.44776916503906,190.98385620117188,0.4671934294123643,0.3974126312255859,12,3.823554582713305,0.14520263671875,3.8468935847194468,3.8547273772841675,186.62145848075087,194.81016688546006,16.216873168945312,0.0,14.18214495319405,0.5961302581787109,7.0,2.0,3.8101843691136237,0.2904052734375,3.8674554210998098,14.687922781077166,20.03810859083154,0.0,0.0035137908168751566,0.07436270850501916,uncertain_cold,260.8578674316406,261.5280029296875,POINT (556496.6009886949 8637542.45057014),ragna_mariebreen
ragna_mariebreen-20230305-DAT_0068_A1_3,2405.0,2760,190.581787109375,556493.1304024355,8637538.808803333,451.2181335449219,2021-04-07 16:03:10.800000+00:00,0,2024-04-29,100 MHz,20230305,0.6701202392578125,190.31375122070312,190.84983825683594,0.4716864204078028,0.3974013198852539,12,3.8208804000022365,0.29038874308268225,3.8524512277609606,3.8608212510329354,186.48185186748017,194.6817376100589,15.814804077148438,0.0,14.095850002645252,0.5961302581787109,7.0,2.0,3.8075105364732145,0.29037221272786456,3.8648187269256544,14.603918645498993,19.633370890401693,0.0,0.003516181946983371,0.07396220917246218,uncertain_cold,260.6363464355469,261.3064666748047,POINT (556493.1304024355 8637538.808803333),ragna_mariebreen
ragna_mariebreen-20230305-DAT_0068_A1_3,2410.0,2766,190.44776916503906,556489.7256817534,8637535.095274074,450.8995666503906,2021-04-07 16:03:12+00:00,0,2024-04-29,100 MHz,20230305,0.6701202392578125,190.1797332763672,190.84983825683594,0.4792703955515587,0.3974013198852539,12,3.8182065308173154,0.14518610636393228,3.841576229427663,3.850906416612752,186.35876741451273,194.6708041186904,15.278717041015625,0.0,14.021320419898215,0.7948252624511718,7.0,2.0,3.8048367130165826,0.29037221272786456,3.897800101656559,14.531294668820737,19.094617778016442,0.0,0.0035186562814348158,0.07362291761867558,uncertain_cold,260.45179748535156,261.1219177246094,POINT (556489.7256817534 8637535.095274074),ragna_mariebreen
ragna_mariebreen-20230305-DAT_0068_A1_3,2415.0,2772,190.44776916503906,556486.3056732976,8637531.418362234,450.5889663696289,2021-04-07 16:03:13.249999872+00:00,0,2024-04-29,100 MHz,20230305,0.80413818359375,190.04568481445312,190.7158203125,0.5009277694002653,0.3974013198852539,12,3.8182065308173154,0.14518610636393228,3.841576229427663,3.853661732380444,186.22471895259866,194.53678617435446,14.876632690429688,0.0,13.950253019186977,0.7948252624511718,7.0,2.0,3.802162898763103,0.29038874308268225,3.8951913340258857,14.46203055003602,18.6898686300012,0.0,0.004222355489482769,0.07324975808510471,uncertain_cold,260.14119720458984,260.9453353881836,POINT (556486.3056732976 8637531.418362234),ragna_mariebreen
ragna_mariebreen-20230305-DAT_0068_A1_3,2420.0,2778,190.31375122070312,556482.7567825706,8637527.140474474,450.2224853515625,2021-04-07 16:03:14.600000+00:00,0,2024-04-29,100 MHz,20230305,0.8041534423828125,190.04568481445312,190.581787109375,0.5051190995433116,0.3974013198852539,12,3.8155326707392074,0.29037221272786456,3.8471461360922183,3.8597604703046264,186.21911904559423,194.4083528782339,14.474578857421875,0.0,13.891295694389365,0.9935428894042968,7.0,2.0,3.7994887893031475,0.29038874308268225,3.937964976385046,14.404462390214706,18.285148458170482,0.0,0.004225409027066318,0.07299155003402724,uncertain_cold,259.9087341308594,260.7128875732422,POINT (556482.7567825706 8637527.140474474),ragna_mariebreen
ragna_mariebreen-20230305-DAT_0068_A1_3,2425.0,2784,190.1797332763672,556479.684973927,8637523.366120871,449.87388916015624,2021-04-07 16:03:15.800000+00:00,0,2024-04-29,100 MHz,20230305,0.8041534423828125,189.9116668701172,190.44776916503906,0.5051189154807327,0.3974126312255859,12,3.8128588197870723,0.2904052734375,3.8444979388635416,3.8571197442190988,186.08776472669504,194.2716713084612,13.938491821289062,0.0,13.799027709991465,0.9934976440429687,7.0,2.0,3.7968149935153694,0.29037221272786456,3.9353726234788136,14.31479255378924,17.74639414631102,0.0,0.004228386634732657,0.07255782449720267,uncertain_cold,259.69415588378905,260.49830932617186,POINT (556479.684973927 8637523.366120871),ragna_mariebreen
ragna_mariebreen-20230305-DAT_0068_A1_3,2430.0,2790,190.04568481445312,556476.6334184097,8637519.4809066,449.4813232421875,2021-04-07 16:03:17+00:00,0,2024-04-29,100 MHz,20230305,0.8041229248046875,189.77764892578125,190.44776916503906,0.5461502565745262,0.3974126312255859,12,3.8101843691136237,0.2904052734375,3.8418455134135385,3.8600673895975586,185.95641350389502,194.2690045869253,13.402359008789062,0.0,13.745208899909835,1.1921926483154297,7.0,2.0,3.794141206989199,0.29037221272786456,3.987624208873661,14.262208497377202,17.20759533791474,0.0,0.004231208541197739,0.07232581425529164,uncertain_cold,259.4356384277344,260.23976135253906,POINT (556476.6334184097 8637519.4809066),ragna_mariebreen
ragna_mariebreen-20230305-DAT_0068_A1_3,2435.0,2796,189.9116668701172,556473.627542826,8637515.696853882,449.1218617757161,2021-04-07 16:03:18.166666752+00:00,0,2024-04-29,100 MHz,20230305,0.8041229248046875,189.6436309814453,190.31375122070312,0.5524670553209973,0.4967601333618164,12,3.8075105364732145,0.4355583190917968,3.8644039857114145,3.8719591141823373,185.81128867749013,194.1460935246583,13.00030517578125,0.0,13.667298538089605,1.1921926483154297,7.0,2.0,3.7914674297442303,0.2904052734375,3.9850826596632833,14.186423433089747,16.802878053932517,0.0,0.004234194444486849,0.07196660828340173,uncertain_cold,259.21019490559894,260.0143178304036,POINT (556473.627542826 8637515.696853882),ragna_mariebreen
ragna_mariebreen-20230305-DAT_0068_A1_3,2440.0,2803,189.6436309814453,556470.4549919355,8637511.819119206,448.77606811523435,2021-04-07 16:03:19.400000+00:00,0,2024-04-29,100 MHz,20230305,0.670135498046875,189.5095977783203,190.1797332763672,0.5431605884955625,0.4967714447021484,12,3.802162898763103,0.4355748494466146,3.8591385083296172,3.8653837562518847,185.68256653227579,194.00676452241171,12.3302001953125,0.0,13.53428631078754,0.9935428894042968,7.0,2.0,3.788793052950452,0.2904052734375,3.927647577623501,14.057602710394717,16.130106512700593,0.0,0.003533656757038368,0.07136694357065823,uncertain_cold,259.13243713378904,259.8025726318359,POINT (556470.4549919355 8637511.819119206),ragna_mariebreen
ragna_mariebreen-20230305-DAT_0068_A1_3,2445.0,2809,189.5095977783203,556467.3151928143,8637507.781392103,448.4620422363281,2021-04-07 16:03:20.600000+00:00,0,2024-04-29,100 MHz,20230305,0.6701202392578125,189.24156188964844,190.04568481445312,0.5506218798048363,0.5960963241577149,12,3.7994887893031475,0.29038874308268225,3.8569121729466147,3.850146118872536,185.43099228889983,193.85625441520173,11.794082641601562,0.0,13.41564687077579,0.7948252624511718,7.0,2.0,3.786119294329015,0.29037221272786456,3.879531225630938,13.94268970802159,15.591320497308658,0.0,0.003536075465906949,0.0707913848588756,uncertain_cold,258.9524444580078,259.6225646972656,POINT (556467.3151928143 8637507.781392103),ragna_mariebreen
ragna_mariebreen-20230305-DAT_0068_A1_3,2450.0,2815,189.37557983398438,556464.1363564337,8637503.928237367,448.1469299316406,2021-04-07 16:03:21.800000+00:00,0,2024-04-29,100 MHz,20230305,0.6701202392578125,189.1075439453125,189.9116668701172,0.558349347858781,0.5960963241577149,12,3.7968149935153694,0.29037221272786456,3.854276967808869,3.8486197670284237,185.29964162029054,193.71956919513914,11.258010864257812,0.0,13.311802506142298,0.7948026397705078,7.0,2.0,3.7834455450478983,0.29037221272786456,3.876917261233909,13.842068565673399,15.052582805105317,0.0,0.003538577887630875,0.07029313134149638,uncertain_cold,258.77135009765624,259.44147033691405,POINT (556464.1363564337 8637503.928237367),ragna_mariebreen
ragna_mariebreen-20230305-DAT_0068_A1_3,2455.0,2821,189.24156188964844,556460.8799459538,8637499.66236598,447.8205261230469,2021-04-07 16:03:23+00:00,0,2024-04-29,100 MHz,20230305,0.6701202392578125,188.8394775390625,189.77764892578125,0.5823282023195545,0.6954777603149414,12,3.794141206989199,0.29037221272786456,3.8682700055180503,3.849536290998522,185.03424120993682,193.58288525490693,10.855941772460938,0.0,13.206778032980502,0.7948252624511718,7.0,2.0,3.78077180512692,0.29037221272786456,3.874312669648349,13.740361621033978,14.647847818813773,0.0,0.0035410838537074463,0.06978793612304737,uncertain_cold,258.57896423339844,259.24908447265625,POINT (556460.8799459538 8637499.66236598),ragna_mariebreen
ragna_mariebreen-20230305-DAT_0068_A1_3,2460.0,2826,189.1075439453125,556458.1886415104,8637496.201475127,447.5332336425781,2021-04-07 16:03:24+00:00,0,2024-04-29,100 MHz,20230305,0.6701202392578125,188.57144165039062,189.6436309814453,0.5344402893711654,0.6954551376342774,12,3.7914674297442303,0.2904052734375,3.865645915253173,3.839946212716366,184.76886877223936,193.44620385959658,10.319839477539062,0.0,13.118989525354731,0.7948252624511718,7.0,2.0,3.778098074585951,0.29038874308268225,3.8717047771143123,13.655264071033793,14.109080916573959,0.0,0.0035435933716721673,0.06937316857728625,uncertain_cold,258.4256896972656,259.09580993652344,POINT (556458.1886415104 8637496.201475127),ragna_mariebreen
ragna_mariebreen-20230305-DAT_0068_A1_3,2465.0,2832,188.97349548339844,556455.0584028044,8637492.313098814,447.1798095703125,2021-04-07 16:03:25.200000+00:00,0,2024-04-29,100 MHz,20230305,0.67010498046875,188.3033905029297,189.37557983398438,0.5220761336516034,0.7948026397705078,12,3.788793052950452,0.4355913798014323,3.895690424613985,3.8493189186623042,184.48964003282248,193.18933030409158,9.917755126953125,0.1340179443359375,13.007379523720186,0.7947800170898437,7.0,2.0,3.775424049025425,0.29038874308268225,3.8690861514877137,13.547327206728411,13.704330409720995,0.0,0.003546026276090234,0.06883176654190058,uncertain_cold,258.20631408691406,258.8764190673828,POINT (556455.0584028044 8637492.313098814),ragna_mariebreen
ragna_mariebreen-20230305-DAT_0068_A1_3,2470.0,2839,188.70545959472656,556451.5363589192,8637487.999165146,446.73914794921876,2021-04-07 16:03:26.600000+00:00,0,2024-04-29,100 MHz,20230305,0.5360870361328125,188.16937255859375,189.1075439453125,0.49436417693406465,0.6954777603149414,12,3.7834455450478983,0.4355583190917968,3.8714158336150803,3.8403863322729075,184.36093833418172,192.91597816972453,9.247650146484375,0.1340179443359375,12.90482134555601,0.7948026397705078,7.0,2.0,3.772750337305391,0.29037221272786456,3.8664806175317348,13.44813649136119,13.031558328452121,0.0,0.002840866593283206,0.0683860518570637,uncertain_cold,258.0336883544922,258.569775390625,POINT (556451.5363589192 8637487.999165146),ragna_mariebreen
ragna_mariebreen-20230305-DAT_0068_A1_3,2475.0,2844,188.57144165039062,556448.7005541322,8637484.318304589,446.3708038330078,2021-04-07 16:03:27.750000128+00:00,0,2024-04-29,100 MHz,20230305,0.5360870361328125,188.0353546142578,188.8394775390625,0.5009228209231991,0.5961302581787109,12,3.78077180512692,0.4355748494466146,3.852185376721806,3.8386045074264636,184.2295746821134,192.64525747120692,8.7115478515625,0.1340179443359375,12.837337824683495,0.7948026397705078,7.0,2.0,3.7700766350253243,0.29037221272786456,3.863871774797207,13.382639361536196,12.49279022092847,0.0,0.0028428856004967707,0.06807678677285492,uncertain_cold,257.7993621826172,258.33544921875,POINT (556448.7005541322 8637484.318304589),ragna_mariebreen
ragna_mariebreen-20230305-DAT_0068_A1_3,2480.0,2851,188.3033905029297,556445.5745697091,8637480.4208173,446.00457763671875,2021-04-07 16:03:29+00:00,0,2024-04-29,100 MHz,20230305,0.0,187.90133666992188,188.8394775390625,0.4877084483150278,0.6954438262939453,12,3.775424049025425,0.580760955810547,3.88262181435224,3.850840112015996,184.08150551687945,192.65930869210493,0.4020538330078125,0.0,13.934718853800423,0.2980425064086914,6.0,1.0,3.7674029422053237,0.2904052734375,0.0,0.0,0.0,0.0,0.0,0.0,certain_cold,257.70118713378906,257.70118713378906,POINT (556445.5745697091 8637480.4208173),ragna_mariebreen
ragna_mariebreen-20230305-DAT_0068_A1_3,2485.0,2857,188.0353546142578,556442.491654459,8637476.720566187,445.6677734375,2021-04-07 16:03:30.200000+00:00,0,2024-04-29,100 MHz,20230305,0.0,187.7672882080078,188.70545959472656,0.48323223106577406,0.49678275604248046,12,3.7700766350253243,0.4355583190917968,3.8275294891084912,3.8257943322184413,183.97213486679829,192.5006129359361,0.26806640625,0.0,13.869079306124053,0.29806512908935545,6.0,1.0,3.7647286500351695,0.14521916707356772,0.0,0.0,0.0,0.0,0.0,0.0,certain_cold,257.6324188232422,257.6324188232422,POINT (556442.491654459 8637476.720566187),ragna_mariebreen
ragna_mariebreen-20230305-DAT_0068_A1_3,2490.0,2863,187.90133666992188,556439.2878487061,8637473.08984777,445.3185302734375,2021-04-07 16:03:31.400000+00:00,0,2024-04-29,100 MHz,20230305,0.0,187.7672882080078,188.57144165039062,0.48266432042759083,0.4967601333618164,12,3.7674029422053237,0.4355913798014323,3.824896784122716,3.82309163182214,183.97478708353933,192.3639427748591,0.1340484619140625,0.0,13.835171424370785,0.19871762695312498,6.0,1.0,3.7647286500351695,0.14518610636393228,0.0,0.0,0.0,0.0,0.0,0.0,certain_cold,257.4171936035156,257.4171936035156,POINT (556439.2878487061 8637473.08984777),ragna_mariebreen
ragna_mariebreen-20230305-DAT_0068_A1_3,2495.0,2870,187.63327026367188,556435.5743913136,8637469.028763067,444.9189453125,2021-04-07 16:03:32.800000+00:00,0,2024-04-29,100 MHz,20230305,0.0,187.63327026367188,188.4374237060547,0.48196424362626705,0.5961189468383788,12,3.7620549761979896,0.2904052734375,3.8200458983572516,3.8039035738186904,183.86002327112337,192.2106706986032,0.0,0.0,13.76984229861442,0.19871762695312498,6.0,1.0,3.7620549761979896,0.14518610636393228,0.0,0.0,0.0,0.0,0.0,0.0,certain_cold,257.2856750488281,257.2856750488281,POINT (556435.5743913136 8637469.028763067),ragna_mariebreen
ragna_mariebreen-20230305-DAT_0068_A1_3,2500.0,2876,187.63327026367188,556432.3330529992,8637465.545457136,444.56640625,2021-04-07 16:03:34+00:00,0,2024-04-29,100 MHz,20230305,0.0,187.49925231933594,188.16937255859375,0.4552449383310723,0.5961189468383788,12,3.7620549761979896,0.0,3.8089913944134546,3.7894993861738673,183.73719734313795,191.93142753479174,0.1340179443359375,0.0,13.736339401931161,0.19869500427246092,6.0,1.0,3.7620549761979896,0.14518610636393228,0.0,0.0,0.0,0.0,0.0,0.0,certain_cold,256.9331359863281,256.9331359863281,POINT (556432.3330529992 8637465.545457136),ragna_mariebreen
ragna_mariebreen-20230305-DAT_0068_A1_3,2505.0,2882,187.63327026367188,556429.1324935108,8637462.026594168,444.1926208496094,2021-04-07 16:03:35.200000+00:00,0,2024-04-29,100 MHz,20230305,0.0,187.36521911621094,187.90133666992188,0.4728441950452289,0.39743525390624995,12,3.7620549761979896,0.14518610636393228,3.7857748784713414,3.794432537574643,183.6003636542553,191.66619213187752,0.2680511474609375,0.0,13.692419922714478,0.19870631561279295,6.0,1.0,3.759381311881518,0.14518610636393228,0.0,0.0,0.0,0.0,0.0,0.0,certain_cold,256.5593505859375,256.5593505859375,POINT (556429.1324935108 8637462.026594168),ragna_mariebreen
ragna_mariebreen-20230305-DAT_0068_A1_3,2510.0,2889,187.49925231933594,556425.5383308292,8637457.933180405,443.7871398925781,2021-04-07 16:03:36.600000+00:00,0,2024-04-29,100 MHz,20230305,0.0,186.963134765625,187.63327026367188,0.504185144526796,0.3974126312255859,12,3.759381311881518,0.29038874308268225,3.7914654514700232,3.804139341584986,183.1925547743991,191.40385025489778,0.5361175537109375,0.0,13.616363023138085,0.29806512908935545,6.0,1.0,3.759381311881518,0.14520263671875,0.0,0.0,0.0,0.0,0.0,0.0,certain_cold,256.2878875732422,256.2878875732422,POINT (556425.5383308292 8637457.933180405),ragna_mariebreen
ragna_mariebreen-20230305-DAT_0068_A1_3,2515.0,2896,187.36521911621094,556422.3009642834,8637453.966044612,443.41009521484375,2021-04-07 16:03:38+00:00,0,2024-04-29,100 MHz,20230305,0.0,186.5610809326172,187.49925231933594,0.5279128204272637,0.2980538177490234,12,3.7567073526941512,0.4355748494466146,3.79360141047152,3.8185425923024883,182.7792063203043,191.28112693164883,0.80413818359375,0.0,13.5188543926296,0.09935881347656249,6.0,1.0,3.7567073526941512,0.5807940165201824,0.0,0.0,0.0,0.0,0.0,0.0,certain_cold,256.0448760986328,256.0448760986328,POINT (556422.3009642834 8637453.966044612),ragna_mariebreen
ragna_mariebreen-20230305-DAT_0068_A1_3,2520.0,2902,187.09718322753906,556419.8525140778,8637450.173861789,443.0849355061849,2021-04-07 16:03:39.166666752+00:00,0,2024-04-29,100 MHz,20230305,0.0,186.29302978515625,187.09718322753906,0.5189459118139897,0.2980877517700195,12,3.7513600718501725,1.0163523356119792,3.8980162604241353,3.921094148087254,182.40642786847175,190.98378514422356,0.8041534423828125,0.0,13.38693693451399,0.09937012481689453,6.0,1.0,3.7486858370041762,1.0163523356119792,0.0,0.0,0.0,0.0,0.0,0.0,certain_cold,255.98775227864581,255.98775227864581,POINT (556419.8525140778 8637450.173861789),ragna_mariebreen
ragna_mariebreen-20230305-DAT_0068_A1_3,2525.0,2909,186.4270477294922,556417.1871250577,8637445.752289087,442.7201843261719,2021-04-07 16:03:40.500000+00:00,0,2024-04-29,100 MHz,20230305,0.0,186.02496337890625,186.69509887695312,0.5325311436475519,0.19870631561279295,12,3.7379911249297724,1.1615715026855469,3.91935073778417,3.9503690238836517,182.1106529663425,190.60940928951686,0.536102294921875,0.0,13.211893805870549,0.19870631561279295,6.0,1.0,3.7379911249297724,1.0163523356119792,0.0,0.0,0.0,0.0,0.0,0.0,certain_cold,256.2931365966797,256.2931365966797,POINT (556417.1871250577 8637445.752289087),ragna_mariebreen
ragna_mariebreen-20230305-DAT_0068_A1_3,2530.0,2915,186.02496337890625,556414.6897746158,8637441.2941464,442.3618469238281,2021-04-07 16:03:41.800000+00:00,0,2024-04-29,100 MHz,20230305,0.0,185.75692749023438,186.4270477294922,0.5813998998037249,0.4967601333618164,12,3.7299698122168983,0.7259635925292969,3.832292860393769,3.8441805084073755,181.9569672354781,190.22700798424847,0.5360870361328125,0.0,13.059559701383819,0.4967601333618164,6.0,1.0,3.7299698122168983,1.0163523356119792,0.0,0.0,0.0,0.0,0.0,0.0,certain_cold,256.3368835449219,256.3368835449219,POINT (556414.6897746158 8637441.2941464),ragna_mariebreen
ragna_mariebreen-20230305-DAT_0068_A1_3,2535.0,2921,185.75692749023438,556412.3709518801,8637436.992227074,442.0326843261719,2021-04-07 16:03:43+00:00,0,2024-04-29,100 MHz,20230305,0.0,185.48887634277344,186.1590118408203,0.6193586215110629,0.5961302581787109,12,3.7246227250883917,0.8711331685384115,3.871312274447628,3.8749571021641946,181.66373746404332,189.98415071955043,0.67010498046875,0.0,12.908307508789635,0.7948139511108397,6.0,1.0,3.7192753728060897,1.016319274902344,0.0,0.0,0.0,0.0,0.0,0.0,certain_cold,256.2757568359375,256.2757568359375,POINT (556412.3709518801 8637436.992227074),ragna_mariebreen
ragna_mariebreen-20230305-DAT_0068_A1_3,2540.0,2927,185.22084045410156,556410.0599680042,8637432.69063285,441.6908020019531,2021-04-07 16:03:44.200000+00:00,0,2024-04-29,100 MHz,20230305,0.0,184.95277404785156,185.75692749023438,0.6675739462926283,0.5961189468383788,12,3.7139283643346563,0.871166229248047,3.8610299523794755,3.8727057037890793,181.13804017844575,189.5716613596402,0.536102294921875,0.0,12.733364362495793,0.7948139511108397,6.0,1.0,3.7112548749317384,0.8711496988932292,0.0,0.0,0.0,0.0,0.0,0.0,certain_cold,256.46996154785154,256.46996154785154,POINT (556410.0599680042 8637432.69063285),ragna_mariebreen
ragna_mariebreen-20230305-DAT_0068_A1_3,2545.0,2934,184.95277404785156,556407.4466020305,8637427.892679513,441.34779052734376,2021-04-07 16:03:45.600000+00:00,0,2024-04-29,100 MHz,20230305,0.0,184.55072021484375,185.48887634277344,0.7149222954374285,0.6954551376342774,12,3.7085807866619613,0.5807774861653645,3.817660512420758,3.8212547452568946,180.79693892930848,189.2426576283087,0.67010498046875,0.1340179443359375,12.593289283811112,0.8941614532470703,6.0,1.0,3.7032338575318064,0.7259801228841146,0.0,0.0,0.0,0.0,0.0,0.0,certain_cold,256.3950164794922,256.3950164794922,POINT (556407.4466020305 8637427.892679513),ragna_mariebreen
ragna_mariebreen-20230305-DAT_0068_A1_3,2550.0,2940,184.6847381591797,556405.1183571259,8637423.627622856,441.058447265625,2021-04-07 16:03:46.800000+00:00,0,2024-04-29,100 MHz,20230305,0.0,184.2826690673828,185.08682250976562,0.7306398892920561,0.5961189468383788,12,3.7032338575318064,0.7259470621744792,3.82051016742913,3.843796923417569,180.5089520482292,188.86053952891925,0.8041229248046875,0.1340179443359375,12.450443942055248,0.8941614532470703,6.0,1.0,3.69788666394081,0.580760955810547,0.0,0.0,0.0,0.0,0.0,0.0,certain_cold,256.3737091064453,256.3737091064453,POINT (556405.1183571259 8637423.627622856),ragna_mariebreen
ragna_mariebreen-20230305-DAT_0068_A1_3,2555.0,2946,184.2826690673828,556402.6674353725,8637419.283096993,440.7286682128906,2021-04-07 16:03:48+00:00,0,2024-04-29,100 MHz,20230305,0.0,183.880615234375,184.6847381591797,0.7966594808962375,0.5960963241577149,12,3.6952132343667814,0.7259470621744792,3.8127327223650895,3.849190345127275,180.11476871804973,188.45058467550496,0.80413818359375,0.0,12.319912708679562,0.7948026397705078,6.0,1.0,3.6925398148395168,0.4355583190917968,0.0,0.0,0.0,0.0,0.0,0.0,certain_cold,256.4459991455078,256.4459991455078,POINT (556402.6674353725 8637419.283096993),ragna_mariebreen
ragna_mariebreen-20230305-DAT_0068_A1_3,2560.0,2952,184.01463317871094,556400.158006578,8637415.054089686,440.38287353515625,2021-04-07 16:03:49.166666752+00:00,0,2024-04-29,100 MHz,20230305,0.0,183.612548828125,184.2826690673828,0.7761514112780186,0.4967601333618164,12,3.6898664053808528,0.7259635925292969,3.79327139252307,3.8398630497017883,179.85194552184072,188.0432723736671,0.8041534423828125,0.0,12.198277275994025,0.49674882202148435,6.0,1.0,3.6898664053808528,0.5807774861653645,0.0,0.0,0.0,0.0,0.0,0.0,certain_cold,256.3682403564453,256.3682403564453,POINT (556400.158006578 8637415.054089686),ragna_mariebreen
ragna_mariebreen-20230305-DAT_0068_A1_3,2565.0,2959,183.612548828125,556397.2772106942,8637410.797517115,440.0094299316406,2021-04-07 16:03:50.400000+00:00,0,2024-04-29,100 MHz,20230305,0.0,183.21047973632812,183.880615234375,0.8111329633872513,0.5960963241577149,12,3.6818456288747683,0.7259635925292969,3.799781730601986,3.839394100224105,179.4577460164191,187.63334895428403,0.67010498046875,0.0,12.054918018272874,0.5961302581787109,6.0,1.0,3.6818456288747683,0.871166229248047,0.0,0.0,0.0,0.0,0.0,0.0,certain_cold,256.3968811035156,256.3968811035156,POINT (556397.2772106942 8637410.797517115),ragna_mariebreen
ragna_mariebreen-20230305-DAT_0068_A1_3,2570.0,2965,183.34451293945312,556394.1704330243,8637407.096411757,439.62891845703126,2021-04-07 16:03:51.600000+00:00,0,2024-04-29,100 MHz,20230305,0.0,182.94244384765625,183.74656677246094,0.8329823554159178,0.5961302581787109,12,3.6764989011289146,0.4355748494466146,3.749898785859263,3.7947633949835144,179.24023239779652,187.44877822232067,0.5360870361328125,0.0,11.95594569378715,0.6954438262939453,6.0,1.0,3.673825248169298,0.8711331685384115,0.0,0.0,0.0,0.0,0.0,0.0,certain_cold,256.28440551757814,256.28440551757814,POINT (556394.1704330243 8637407.096411757),ragna_mariebreen
ragna_mariebreen-20230305-DAT_0068_A1_3,2575.0,2971,183.21047973632812,556390.9815023232,8637403.094104175,439.2356811523438,2021-04-07 16:03:52.800000+00:00,0,2024-04-29,100 MHz,20230305,0.0,182.67437744140625,183.612548828125,0.8307747222212432,0.5960963241577149,12,3.673825248169298,0.29038874308268225,3.733182074835044,3.7777644467696936,178.9890935207028,187.29783274882845,0.536102294921875,0.0,11.868687143358947,0.6954664489746093,6.0,1.0,3.6658052638540277,0.43555831909179693,0.0,0.0,0.0,0.0,0.0,0.0,certain_cold,256.02520141601565,256.02520141601565,POINT (556390.9815023232 8637403.094104175),ragna_mariebreen
ragna_mariebreen-20230305-DAT_0068_A1_3,2580.0,2976,183.0764617919922,556387.7834505106,8637399.314825522,438.8510437011719,2021-04-07 16:03:54+00:00,0,2024-04-29,100 MHz,20230305,0.0,182.5403594970703,183.34451293945312,0.7853071871888848,0.4967601333618164,12,3.671151909811131,0.29037221272786456,3.7159713396273713,3.7654189335431067,178.8577418999209,187.02713053660253,0.536102294921875,0.0,11.812484122110899,0.5961189468383788,6.0,1.0,3.6658052638540277,0.0,0.0,0.0,0.0,0.0,0.0,0.0,certain_cold,255.7745819091797,255.7745819091797,POINT (556387.7834505106 8637399.314825522),ragna_mariebreen
ragna_mariebreen-20230305-DAT_0068_A1_3,2585.0,2982,182.94244384765625,556384.61073553,8637395.685517183,438.4562194824219,2021-04-07 16:03:55.200000+00:00,0,2024-04-29,100 MHz,20230305,0.0,182.5403594970703,183.0764617919922,0.7584219351826501,0.3974126312255859,12,3.6684785816985688,0.4355913798014323,3.715563450406426,3.7712966982597185,178.84611059444634,186.77071069461616,0.536102294921875,0.0,11.745080435294852,0.39739000854492185,6.0,1.0,3.6658052638540277,0.0,0.0,0.0,0.0,0.0,0.0,0.0,certain_cold,255.51377563476564,255.51377563476564,POINT (556384.61073553 8637395.685517183),ragna_mariebreen
ragna_mariebreen-20230305-DAT_0068_A1_3,2590.0,2989,182.67437744140625,556381.0512593925,8637391.891504366,438.05046997070315,2021-04-07 16:03:56.600000+00:00,0,2024-04-29,100 MHz,20230305,0.0,182.40634155273438,182.94244384765625,0.39799200244998567,0.19874024963378906,11,3.6631313475552774,0.2904052734375,3.6799951330276177,3.6961147339194707,178.7317168790728,186.61706852131783,0.5360870361328125,0.0,11.69161103535037,0.2980425064086914,6.0,1.0,3.6658052638540277,0.14521916707356772,0.0,0.0,0.0,0.0,0.0,0.0,certain_cold,255.3760925292969,255.3760925292969,POINT (556381.0512593925 8637391.891504366),ragna_mariebreen
ragna_mariebreen-20230305-DAT_0068_A1_3,2595.0,2995,182.67437744140625,556377.8790536914,8637388.634554021,437.7137756347656,2021-04-07 16:03:57.800000+00:00,0,2024-04-29,100 MHz,20230305,0.0,182.40634155273438,182.8084259033203,0.380368128377802,0.19874024963378906,11,3.6631313475552774,0.14518610636393228,3.6713904670775297,3.685687207022443,178.74033415027006,186.47443330578463,0.67010498046875,0.0,11.648102050614943,0.19871762695312498,6.0,1.0,3.6631313475552774,0.2904052734375,0.0,0.0,0.0,0.0,0.0,0.0,certain_cold,255.03939819335938,255.03939819335938,POINT (556377.8790536914 8637388.634554021),ragna_mariebreen
ragna_mariebreen-20230305-DAT_0068_A1_3,2600.0,3002,182.5403594970703,556374.1150047067,8637384.646052191,437.32514038085935,2021-04-07 16:03:59.200000+00:00,0,2024-04-29,100 MHz,20230305,0.0,182.27232360839844,182.67437744140625,0.3685913097537412,0.19874024963378906,11,3.660458050316636,0.29037221272786456,3.6773314844975347,3.690410371988232,178.60036647901194,186.34633457079275,0.67010498046875,0.0,11.538716757852296,0.19871762695312498,6.0,1.0,3.660458050316636,0.29037221272786456,0.0,0.0,0.0,0.0,0.0,0.0,certain_cold,254.78478088378904,254.78478088378904,POINT (556374.1150047067 8637384.646052191),ragna_mariebreen
ragna_mariebreen-20230305-DAT_0068_A1_3,2605.0,3009,182.40634155273438,556370.6037757291,8637381.114661876,436.95692443847656,2021-04-07 16:04:00.500000+00:00,0,2024-04-29,100 MHz,20230305,0.0,182.13829040527344,182.5403594970703,0.36007878621397454,0.3974126312255859,11,3.657784763413659,0.29037221272786456,3.6907508987797097,3.6869177004195417,178.4689981850509,186.20965171729284,0.5360870361328125,0.0,11.494214947919891,0.3974126312255859,6.0,1.0,3.657784763413659,0.29037221272786456,0.0,0.0,0.0,0.0,0.0,0.0,certain_cold,254.5505828857422,254.5505828857422,POINT (556370.6037757291 8637381.114661876),ragna_mariebreen
ragna_mariebreen-20230305-DAT_0068_A1_3,2610.0,3016,182.27232360839844,556367.2557222674,8637377.441010032,436.57618408203126,2021-04-07 16:04:01.800000+00:00,0,2024-04-29,100 MHz,20230305,0.0,182.13829040527344,182.40634155273438,0.3636885513360842,0.3974126312255859,11,3.6551114868690244,0.14518610636393228,3.6795184177254305,3.6760288830878287,178.4802965579682,186.06433540003962,0.5360870361328125,0.0,11.451527044685635,0.49674882202148435,6.0,1.0,3.6551114868690244,0.29038874308268225,0.0,0.0,0.0,0.0,0.0,0.0,certain_cold,254.30386047363282,254.30386047363282,POINT (556367.2557222674 8637377.441010032),ragna_mariebreen
ragna_mariebreen-20230305-DAT_0068_A1_3,2615.0,3022,182.27232360839844,556364.0765625049,8637373.774258591,436.1990966796875,2021-04-07 16:04:03+00:00,0,2024-04-29,100 MHz,20230305,0.0,182.0042724609375,182.40634155273438,0.45396071080481293,0.3974126312255859,11,3.6551114868690244,0.14520263671875,3.679519070015756,3.686055359609562,178.3462779575037,186.06433605616817,0.670135498046875,0.0,11.443600069172092,0.5961189468383788,6.0,1.0,3.6524379163378384,0.14520263671875,0.0,0.0,0.0,0.0,0.0,0.0,certain_cold,253.92677307128906,253.92677307128906,POINT (556364.0765625049 8637373.774258591),ragna_mariebreen
ragna_mariebreen-20230305-DAT_0068_A1_3,2620.0,3029,182.13829040527344,556360.5608013764,8637369.870391207,435.81025390625,2021-04-07 16:04:04.400000+00:00,0,2024-04-29,100 MHz,20230305,0.0,182.13829040527344,182.5403594970703,0.4691709819894244,0.5961076354980468,11,3.6524379163378384,0.0,3.7007630356186496,3.682448118173997,178.4858524889356,186.19279741340816,0.536102294921875,0.0,11.456854089736549,0.6954664489746093,6.0,1.0,3.6524379163378384,0.14518610636393228,0.0,0.0,0.0,0.0,0.0,0.0,certain_cold,253.67196350097657,253.67196350097657,POINT (556360.5608013764 8637369.870391207),ragna_mariebreen
ragna_mariebreen-20230305-DAT_0068_A1_3,2625.0,3036,182.27232360839844,556357.0570104262,8637366.637197848,435.4388000488281,2021-04-07 16:04:05.800000+00:00,0,2024-04-29,100 MHz,20230305,0.0,182.0042724609375,182.5403594970703,0.4849111929193146,0.5961076354980468,11,3.6551114868690244,0.4355748494466146,3.728928766282805,3.7127758208557062,178.3232990257016,186.2213329323062,0.5360870361328125,0.0,11.490280372334768,0.5960963241577149,6.0,1.0,3.6497646605793737,0.14518610636393228,0.0,0.0,0.0,0.0,0.0,0.0,certain_cold,253.16647644042968,253.16647644042968,POINT (556357.0570104262 8637366.637197848),ragna_mariebreen
ragna_mariebreen-20230305-DAT_0068_A1_3,2630.0,3043,182.5403594970703,556353.0172092265,8637362.99121404,434.99974060058594,2021-04-07 16:04:07.249999872+00:00,0,2024-04-29,100 MHz,20230305,0.0,182.13829040527344,182.67437744140625,0.4769924145466155,0.3974013198852539,10,3.660458050316636,0.4355583190917968,3.7076396799722167,3.7170130415419513,178.45200986963079,186.3606579770489,0.67010498046875,0.0,11.535006503854737,0.5960963241577149,6.0,1.0,3.6497646605793737,0.14518610636393228,0.0,0.0,0.0,0.0,0.0,0.0,certain_cold,252.45938110351562,252.45938110351562,POINT (556353.0172092265 8637362.99121404),ragna_mariebreen
ragna_mariebreen-20230305-DAT_0068_A1_3,2635.0,3048,182.67437744140625,556349.6136893084,8637359.855211496,434.6066040039062,2021-04-07 16:04:08.400000+00:00,0,2024-04-29,100 MHz,20230305,0.0,182.27232360839844,182.67437744140625,0.4653430162654056,0.5960850128173828,10,3.6631313475552774,0.14518610636393228,3.71415234170985,3.6954234395682244,178.60631620593412,186.34038484387057,0.67010498046875,0.0,11.578420878497345,0.49674882202148435,6.0,1.0,3.6524379163378384,0.29038874308268225,0.0,0.0,0.0,0.0,0.0,0.0,certain_cold,251.93222656249998,251.93222656249998,POINT (556349.6136893084 8637359.855211496),ragna_mariebreen
ragna_mariebreen-20230305-DAT_0068_A1_3,2640.0,3054,182.67437744140625,556345.8430038647,8637356.79732273,434.17213134765626,2021-04-07 16:04:09.600000+00:00,0,2024-04-29,100 MHz,20230305,0.0,182.40634155273438,182.8084259033203,0.48549520237718563,0.4967601333618164,10,3.6631313475552774,0.14521916707356772,3.699512198388503,3.6980164233625232,178.74033284080696,186.47443461524773,0.67010498046875,0.0,11.557916831775174,0.5961189468383788,6.0,1.0,3.6551114868690244,0.29038874308268225,0.0,0.0,0.0,0.0,0.0,0.0,certain_cold,251.49775390625,251.49775390625,POINT (556345.8430038647 8637356.79732273),ragna_mariebreen
ragna_mariebreen-20230305-DAT_0068_A1_3,2645.0,3061,182.8084259033203,556341.941613745,8637353.727909777,433.71669006347656,2021-04-07 16:04:10.833333248+00:00,0,2024-04-29,100 MHz,20230305,0.0,182.67437744140625,183.0764617919922,0.4608198658559153,0.2980877517700195,10,3.6658052638540277,0.2904052734375,3.689352214562268,3.7060515922080297,178.99708720872945,186.75375202466898,0.670135498046875,0.0,11.623933337802317,0.6954664489746093,6.0,1.0,3.657784763413659,0.4355583190917968,0.0,0.0,0.0,0.0,0.0,0.0,certain_cold,250.90826416015625,250.90826416015625,POINT (556341.941613745 8637353.727909777),ragna_mariebreen
ragna_mariebreen-20230305-DAT_0068_A1_3,2650.0,3067,182.94244384765625,556338.3061310742,8637350.570065318,433.32513427734375,2021-04-07 16:04:12+00:00,0,2024-04-29,100 MHz,20230305,0.0,182.8084259033203,183.21047973632812,0.41645937080950013,0.2980425064086914,10,3.6684785816985688,0.4355583190917968,3.706248168881516,3.7176450289459133,179.11418089876102,186.90472474088742,0.536102294921875,0.0,11.698052086837837,0.5961076354980468,6.0,1.0,3.6631313475552774,0.4355913798014323,0.0,0.0,0.0,0.0,0.0,0.0,certain_cold,250.3826904296875,250.3826904296875,POINT (556338.3061310742 8637350.570065318),ragna_mariebreen
ragna_mariebreen-20230305-DAT_0068_A1_3,2655.0,3074,183.21047973632812,556334.0504869705,8637346.859492866,432.8957214355469,2021-04-07 16:04:13.400000+00:00,0,2024-04-29,100 MHz,20230305,0.0,183.0764617919922,183.34451293945312,0.44780189361105416,0.3974126312255859,11,3.673825248169298,0.580760955810547,3.7406165322494402,3.746305083385739,179.3570162362836,187.0639584951617,0.536102294921875,0.0,10.956232256783931,0.5961302581787109,7.0,1.0,3.6658052638540277,0.2904052734375,0.0,0.0,0.0,0.0,0.0,0.0,certain_cold,249.68524169921875,249.68524169921875,POINT (556334.0504869705 8637346.859492866),ragna_mariebreen
ragna_mariebreen-20230305-DAT_0068_A1_3,2660.0,3080,183.47853088378906,556330.3640797172,8637343.469997808,432.5213989257812,2021-04-07 16:04:14.600000+00:00,0,2024-04-29,100 MHz,20230305,0.0,183.21047973632812,183.612548828125,0.4065126498478902,0.3974126312255859,11,3.6791722599124674,0.4355748494466146,3.7261200687897187,3.7271016221812636,179.50561348130896,187.31741508314417,0.5360870361328125,0.0,11.012647738688399,0.5961076354980468,7.0,1.0,3.6684785816985688,0.29037221272786456,0.0,0.0,0.0,0.0,0.0,0.0,certain_cold,249.04286804199216,249.04286804199216,POINT (556330.3640797172 8637343.469997808),ragna_mariebreen
ragna_mariebreen-20230305-DAT_0068_A1_3,2665.0,3086,183.612548828125,556326.7770380906,8637340.345188782,432.137744140625,2021-04-07 16:04:15.800000+00:00,0,2024-04-29,100 MHz,20230305,0.0,183.47853088378906,183.74656677246094,0.37474162353438345,0.39739000854492185,11,3.6818456288747683,0.29037221272786456,3.7145958159239947,3.712241174977442,179.78525276580382,187.43984489044618,0.5360870361328125,0.0,11.061624939416589,0.5961076354980468,7.0,1.0,3.671151909811131,0.4355748494466146,0.0,0.0,0.0,0.0,0.0,0.0,certain_cold,248.5251953125,248.5251953125,POINT (556326.7770380906 8637340.345188782),ragna_mariebreen
ragna_mariebreen-20230305-DAT_0068_A1_3,2670.0,3092,183.74656677246094,556323.3516575427,8637337.115283294,431.7267761230469,2021-04-07 16:04:17+00:00,0,2024-04-29,100 MHz,20230305,0.0,183.612548828125,184.01463317871094,0.34620545464293145,0.19874024963378906,11,3.6845190079936594,0.4355913798014323,3.715496986575066,3.726295531388837,179.90237091184875,187.7248110949872,0.5360870361328125,0.0,11.127311585391443,0.5961302581787109,7.0,1.0,3.6764989011289146,0.580760955810547,0.0,0.0,0.0,0.0,0.0,0.0,certain_cold,247.98020935058594,247.98020935058594,POINT (556323.3516575427 8637337.115283294),ragna_mariebreen
ragna_mariebreen-20230305-DAT_0068_A1_3,2675.0,3099,184.01463317871094,556319.5791674431,8637332.940439815,431.2376708984375,2021-04-07 16:04:18.400000+00:00,0,2024-04-29,100 MHz,20230305,0.0,183.880615234375,184.14865112304688,0.3082798782190213,0.19869500427246092,11,3.6898664053808528,0.4355913798014323,3.7207974473811882,3.7282556810162935,180.16512684928813,187.86413950813375,0.536102294921875,0.0,11.201169259205306,0.5961302581787109,7.0,1.0,3.6818456288747683,0.4355583190917968,0.0,0.0,0.0,0.0,0.0,0.0,certain_cold,247.22303771972656,247.22303771972656,POINT (556319.5791674431 8637332.940439815),ragna_mariebreen
ragna_mariebreen-20230305-DAT_0068_A1_3,2680.0,3105,184.14865112304688,556316.2698032047,8637329.566355547,430.8619018554688,2021-04-07 16:04:19.600000+00:00,0,2024-04-29,100 MHz,20230305,0.0,184.01463317871094,184.2826690673828,0.33420578397177275,0.19869500427246092,11,3.6925398148395168,0.29037221272786456,3.7092648881985175,3.718986395799226,180.31069388302862,187.98660836306513,0.536102294921875,0.0,11.26087684718527,0.5961302581787109,7.0,1.0,3.6845190079936594,0.2904052734375,0.0,0.0,0.0,0.0,0.0,0.0,certain_cold,246.7132507324219,246.7132507324219,POINT (556316.2698032047 8637329.566355547),ragna_mariebreen
ragna_mariebreen-20230305-DAT_0068_A1_3,2685.0,3110,184.2826690673828,556313.0494265832,8637326.084211987,430.53551483154297,2021-04-07 16:04:20.750000128+00:00,0,2024-04-29,100 MHz,20230305,0.0,184.14865112304688,184.41668701171875,0.32977530259223786,0.19869500427246092,11,3.6952132343667814,0.29037221272786456,3.7119262619409237,3.721245573670688,180.4420466297992,188.12329150496643,0.536102294921875,0.0,11.31150233117819,0.5961076354980468,7.0,1.0,3.687193006012691,0.4355913798014323,0.0,0.0,0.0,0.0,0.0,0.0,certain_cold,246.25284576416016,246.25284576416016,POINT (556313.0494265832 8637326.084211987),ragna_mariebreen
ragna_mariebreen-20230305-DAT_0068_A1_3,2690.0,3117,184.41668701171875,556309.4864249382,8637322.029631024,430.19183349609375,2021-04-07 16:04:22+00:00,0,2024-04-29,100 MHz,20230305,0.0,184.2826690673828,184.6847381591797,0.37820901024240144,0.3974126312255859,11,3.69788666394081,0.14518610636393228,3.722013109097019,3.720011672059773,180.58193335879292,188.38547386776958,0.53607177734375,0.0,11.32899621747971,0.5961076354980468,7.0,1.0,3.6925398148395168,0.4355583190917968,0.0,0.0,0.0,0.0,0.0,0.0,certain_cold,245.775146484375,245.775146484375,POINT (556309.4864249382 8637322.029631024),ragna_mariebreen
ragna_mariebreen-20230305-DAT_0068_A1_3,2695.0,3122,184.41668701171875,556306.6689487563,8637318.750084715,429.9162292480469,2021-04-07 16:04:23+00:00,0,2024-04-29,100 MHz,20230305,0.0,184.2826690673828,184.81875610351562,0.3979877515499299,0.3974126312255859,11,3.69788666394081,0.14520263671875,3.722013753940065,3.72207520550635,180.58193271024234,188.5194924606561,0.4020538330078125,0.0,11.371950677053064,0.7948026397705078,7.0,1.0,3.6952132343667814,0.14518610636393228,0.0,0.0,0.0,0.0,0.0,0.0,certain_cold,245.49954223632812,245.49954223632812,POINT (556306.6689487563 8637318.750084715),ragna_mariebreen
ragna_mariebreen-20230305-DAT_0068_A1_3,2700.0,3128,184.55072021484375,556303.3021567755,8637314.852447633,429.51435546875,2021-04-07 16:04:24.200000+00:00,0,2024-04-29,100 MHz,20230305,0.0,184.41668701171875,185.08682250976562,0.4057105039738979,0.39743525390624995,11,3.700560407928374,0.29038874308268225,3.7331525197724886,3.7340425771368637,180.70475046123244,188.79875906025194,0.2680511474609375,0.0,11.42178676149206,0.9935428894042968,7.0,1.0,3.6952132343667814,0.2903887430826823,0.0,0.0,0.0,0.0,0.0,0.0,certain_cold,244.96363525390626,244.96363525390626,POINT (556303.3021567755 8637314.852447633),ragna_mariebreen
ragna_mariebreen-20230305-DAT_0068_A1_3,2705.0,3134,184.6847381591797,556300.0534797291,8637311.145791506,429.12891845703126,2021-04-07 16:04:25.400000+00:00,0,2024-04-29,100 MHz,20230305,0.0,184.55072021484375,185.22084045410156,0.404097984832102,0.39743525390624995,11,3.7032338575318064,0.4355583190917968,3.7498809093019876,3.7505929176925266,180.82196009210858,188.94960057683673,0.2680511474609375,0.0,11.470844775434326,0.9935202667236328,7.0,1.0,3.700560407928374,0.4355748494466146,0.0,0.0,0.0,0.0,0.0,0.0,certain_cold,244.44418029785157,244.44418029785157,POINT (556300.0534797291 8637311.145791506),ragna_mariebreen
ragna_mariebreen-20230305-DAT_0068_A1_3,2710.0,3141,184.95277404785156,556296.4301246123,8637306.977092957,428.7032043457031,2021-04-07 16:04:26.800000+00:00,0,2024-04-29,100 MHz,20230305,0.0,184.81875610351562,185.22084045410156,0.4230489822253324,0.39743525390624995,11,3.7085807866619613,0.29037221272786456,3.7411017433598692,3.7439094426127104,181.09882499217463,188.94077156544256,0.5360870361328125,0.0,11.494792129977927,0.5961302581787109,7.0,1.0,3.7032338575318064,0.14518610636393228,0.0,0.0,0.0,0.0,0.0,0.0,certain_cold,243.75043029785155,243.75043029785155,POINT (556296.4301246123 8637306.977092957),ragna_mariebreen
ragna_mariebreen-20230305-DAT_0068_A1_3,2715.0,3147,184.95277404785156,556293.4318808134,8637303.690210138,428.3734130859375,2021-04-07 16:04:28+00:00,0,2024-04-29,100 MHz,20230305,0.0,184.81875610351562,185.22084045410156,0.4152571424111793,0.19874024963378906,11,3.7085807866619613,0.14521916707356772,3.7167402040643482,3.73458144267966,181.1073331880176,188.93226336959958,0.5360870361328125,0.0,11.503122874622807,0.39743525390624995,7.0,1.0,3.7032338575318064,0.14518610636393228,0.0,0.0,0.0,0.0,0.0,0.0,certain_cold,243.42063903808594,243.42063903808594,POINT (556293.4318808134 8637303.690210138),ragna_mariebreen
ragna_mariebreen-20230305-DAT_0068_A1_3,2720.0,3154,185.08682250976562,556289.6181214491,8637299.364846569,427.9540283203125,2021-04-07 16:04:29.400000+00:00,0,2024-04-29,100 MHz,20230305,0.0,184.81875610351562,185.22084045410156,0.4069152087317381,0.39739000854492185,11,3.7112548749317384,0.14521916707356772,3.7352938535115907,3.736319223552416,181.10466114603403,188.93493541158315,0.670135498046875,0.0,11.520174685721061,0.39743525390624995,7.0,1.0,3.705907317116864,0.14518610636393228,0.0,0.0,0.0,0.0,0.0,0.0,certain_cold,242.86720581054686,242.86720581054686,POINT (556289.6181214491 8637299.364846569),ragna_mariebreen
ragna_mariebreen-20230305-DAT_0068_A1_3,2725.0,3159,185.08682250976562,556286.7410088563,8637296.194610853,427.6259765625,2021-04-07 16:04:30.400000+00:00,0,2024-04-29,100 MHz,20230305,0.0,184.81875610351562,185.22084045410156,0.4077173100159664,0.19869500427246092,11,3.7112548749317384,0.0,3.7165699847342344,3.733583553583775,181.10750122858389,188.9320953290333,0.670135498046875,0.0,11.520174685721061,0.39743525390624995,7.0,1.0,3.705907317116864,0.0,0.0,0.0,0.0,0.0,0.0,0.0,certain_cold,242.53915405273438,242.53915405273438,POINT (556286.7410088563 8637296.194610853),ragna_mariebreen
ragna_mariebreen-20230305-DAT_0068_A1_3,2730.0,3166,185.08682250976562,556283.1460662539,8637292.163625604,427.2056884765625,2021-04-07 16:04:31.666666752+00:00,0,2024-04-29,100 MHz,20230305,0.0,184.81875610351562,185.3548583984375,0.43372116822976076,0.39739000854492185,11,3.7112548749317384,0.0,3.7324699014989964,3.736512651989176,181.10750122858389,189.06611327336924,0.670135498046875,0.0,11.520174685721061,0.39743525390624995,7.0,1.0,3.705907317116864,0.14518610636393228,0.0,0.0,0.0,0.0,0.0,0.0,certain_cold,242.11886596679688,242.11886596679688,POINT (556283.1460662539 8637292.163625604),ragna_mariebreen
ragna_mariebreen-20230305-DAT_0068_A1_3,2735.0,3172,185.08682250976562,556280.0201517536,8637288.660592547,426.84076538085935,2021-04-07 16:04:32.800000+00:00,0,2024-04-29,100 MHz,20230305,0.0,184.95277404785156,185.3548583984375,0.3850583794068427,0.39739000854492185,11,3.7112548749317384,0.14518610636393228,3.7352925683374587,3.7340007642925217,181.2386803828795,189.06895206340957,0.536102294921875,0.0,11.48511572612589,0.39743525390624995,7.0,1.0,3.7085807866619613,0.14518610636393228,0.0,0.0,0.0,0.0,0.0,0.0,certain_cold,241.75394287109373,241.75394287109373,POINT (556280.0201517536 8637288.660592547),ragna_mariebreen
ragna_mariebreen-20230305-DAT_0068_A1_3,2740.0,3177,185.22084045410156,556276.7634921345,8637284.953670716,426.49542236328125,2021-04-07 16:04:34+00:00,0,2024-04-29,100 MHz,20230305,0.0,184.95277404785156,185.3548583984375,0.3996268341067051,0.39743525390624995,11,3.7139283643346563,0.14518610636393228,3.7379536757346448,3.7381873290979897,181.23600893543315,189.07162351085591,0.6701202392578125,0.0,11.494011632814233,0.5960850128173828,7.0,1.0,3.7085807866619613,0.0,0.0,0.0,0.0,0.0,0.0,0.0,certain_cold,241.2745819091797,241.2745819091797,POINT (556276.7634921345 8637284.953670716),ragna_mariebreen
ragna_mariebreen-20230305-DAT_0068_A1_3,2745.0,3183,185.22084045410156,556273.3022467339,8637281.052266682,426.1709350585937,2021-04-07 16:04:35.200000+00:00,0,2024-04-29,100 MHz,20230305,0.0,184.95277404785156,185.3548583984375,0.41878047905829857,0.39743525390624995,11,3.7139283643346563,0.0,3.7351330199146884,3.7374645128816666,181.2388456835169,189.06878676277216,0.6701202392578125,0.0,11.494011632814233,0.5960850128173828,7.0,1.0,3.7085807866619613,0.0,0.0,0.0,0.0,0.0,0.0,0.0,certain_cold,240.95009460449216,240.95009460449216,POINT (556273.3022467339 8637281.052266682),ragna_mariebreen
ragna_mariebreen-20230305-DAT_0068_A1_3,2750.0,3189,185.22084045410156,556269.9119815121,8637277.339922037,425.84715576171874,2021-04-07 16:04:36.400000+00:00,0,2024-04-29,100 MHz,20230305,0.0,184.95277404785156,185.3548583984375,0.4280347566417841,0.39739000854492185,11,3.7139283643346563,0.14518610636393228,3.7379488653246646,3.7413308666548066,181.23600893543315,189.07162351085591,0.6701202392578125,0.0,11.50234486037295,0.39739000854492185,7.0,1.0,3.7085807866619613,0.0,0.0,0.0,0.0,0.0,0.0,0.0,certain_cold,240.62631530761718,240.62631530761718,POINT (556269.9119815121 8637277.339922037),ragna_mariebreen
ragna_mariebreen-20230305-DAT_0068_A1_3,2755.0,3195,185.08682250976562,556266.5407276873,8637273.740056649,425.4999145507812,2021-04-07 16:04:37.600000+00:00,0,2024-04-29,100 MHz,20230305,0.0,184.95277404785156,185.48887634277344,0.4543127587325674,0.39739000854492185,11,3.7112548749317384,0.14518610636393228,3.7352925683374587,3.7417765613319176,181.2386803828795,189.2029700077455,0.536102294921875,0.0,11.502865345638192,0.39739000854492185,7.0,1.0,3.7085807866619613,0.0,0.0,0.0,0.0,0.0,0.0,0.0,certain_cold,240.4130920410156,240.4130920410156,POINT (556266.5407276873 8637273.740056649),ragna_mariebreen
ragna_mariebreen-20230305-DAT_0068_A1_3,2760.0,3201,185.08682250976562,556263.137739903,8637269.95274717,425.1014770507812,2021-04-07 16:04:38.800000+00:00,0,2024-04-29,100 MHz,20230305,0.0,184.95277404785156,185.48887634277344,0.49590077800619015,0.39739000854492185,11,3.7112548749317384,0.0,3.7324699014989964,3.744239619513118,181.24151917291982,189.20013121770518,0.536102294921875,0.0,11.50286534563818,0.39739000854492185,7.0,1.0,3.7085807866619613,0.0,0.0,0.0,0.0,0.0,0.0,0.0,certain_cold,240.0146545410156,240.0146545410156,POINT (556263.137739903 8637269.95274717),ragna_mariebreen
ragna_mariebreen-20230305-DAT_0068_A1_3,2765.0,3207,185.08682250976562,556259.7879295573,8637266.018685125,424.6892395019531,2021-04-07 16:04:40+00:00,0,2024-04-29,100 MHz,20230305,0.0,184.95277404785156,185.3548583984375,0.4543155004700527,0.39739000854492185,11,3.7112548749317384,0.14518610636393228,3.7352925683374587,3.7417768942245964,181.2386803828795,189.06895206340957,0.4020843505859375,0.0,11.510372910508742,0.39739000854492185,7.0,1.0,3.7085807866619613,0.0,0.0,0.0,0.0,0.0,0.0,0.0,certain_cold,239.6024169921875,239.6024169921875,POINT (556259.7879295573 8637266.018685125),ragna_mariebreen
ragna_mariebreen-20230305-DAT_0068_A1_3,2770.0,3213,185.22084045410156,556256.6517496748,8637262.05609962,424.3025268554687,2021-04-07 16:04:41.200000+00:00,0,2024-04-29,100 MHz,20230305,0.0,184.95277404785156,185.3548583984375,0.4517929156982873,0.39739000854492185,11,3.7139283643346563,0.14518610636393228,3.7379488653246646,3.7441233606233886,181.23600893543315,189.07162351085591,0.536102294921875,0.0,11.468237432306289,0.39739000854492185,7.0,1.0,3.7085807866619613,0.0,0.0,0.0,0.0,0.0,0.0,0.0,certain_cold,239.08168640136716,239.08168640136716,POINT (556256.6517496748 8637262.05609962),ragna_mariebreen
ragna_mariebreen-20230305-DAT_0068_A1_3,2775.0,3219,185.22084045410156,556253.7471294395,8637258.14018117,423.9710286458333,2021-04-07 16:04:42.333333248+00:00,0,2024-04-29,100 MHz,20230305,0.0,184.95277404785156,185.48887634277344,0.4463387585530467,0.39739000854492185,11,3.7139283643346563,0.14518610636393228,3.7379488653246646,3.7434691381494374,181.23600893543315,189.20564145519185,0.536102294921875,0.0,11.468237432306289,0.39739000854492185,7.0,1.0,3.7085807866619613,0.0,0.0,0.0,0.0,0.0,0.0,0.0,certain_cold,238.75018819173175,238.75018819173175,POINT (556253.7471294395 8637258.14018117),ragna_mariebreen
ragna_mariebreen-20230305-DAT_0068_A1_3,2780.0,3226,185.08682250976562,556250.6256395357,8637253.880352527,423.6042114257813,2021-04-07 16:04:43.600000+00:00,0,2024-04-29,100 MHz,20230305,0.0,184.95277404785156,185.3548583984375,0.4211147151570529,0.39739000854492185,11,3.7112548749317384,0.14518610636393228,3.7352925683374587,3.7378910304485227,181.2386803828795,189.06895206340957,0.4020843505859375,0.0,11.441805249149878,0.19874024963378906,7.0,1.0,3.7085807866619613,0.14518610636393228,0.0,0.0,0.0,0.0,0.0,0.0,certain_cold,238.51738891601565,238.51738891601565,POINT (556250.6256395357 8637253.880352527),ragna_mariebreen
ragna_mariebreen-20230305-DAT_0068_A1_3,2785.0,3232,185.08682250976562,556247.7943172205,8637249.967431879,423.23529052734375,2021-04-07 16:04:44.800000+00:00,0,2024-04-29,100 MHz,20230305,0.0,184.81875610351562,185.3548583984375,0.4187812337606484,0.39743525390624995,11,3.7112548749317384,0.0,3.7324747189702596,3.7348079560339755,181.10750122858389,189.06611327336924,0.4020843505859375,0.0,11.374621338925724,0.39739000854492185,7.0,1.0,3.705907317116864,0.14518610636393228,0.0,0.0,0.0,0.0,0.0,0.0,certain_cold,238.14846801757812,238.14846801757812,POINT (556247.7943172205 8637249.967431879),ragna_mariebreen
ragna_mariebreen-20230305-DAT_0068_A1_3,2790.0,3238,185.08682250976562,556244.939407308,8637246.053557811,422.8498840332031,2021-04-07 16:04:46+00:00,0,2024-04-29,100 MHz,20230305,0.0,184.81875610351562,185.3548583984375,0.4477999838772158,0.39743525390624995,11,3.7112548749317384,0.14521916707356772,3.73529866734076,3.740992672907897,181.10466114603403,189.0689533559191,0.26806640625,0.0,11.373831739182684,0.19874024963378906,7.0,1.0,3.705907317116864,0.0,0.0,0.0,0.0,0.0,0.0,0.0,certain_cold,237.7630615234375,237.7630615234375,POINT (556244.939407308 8637246.053557811),ragna_mariebreen
ragna_mariebreen-20230305-DAT_0068_A1_3,2795.0,3244,184.95277404785156,556241.778297743,8637241.782831483,422.44073486328125,2021-04-07 16:04:47.249999872+00:00,0,2024-04-29,100 MHz,20230305,0.0,184.81875610351562,185.22084045410156,0.42956218951819364,0.39739000854492185,11,3.7085807866619613,0.2904052734375,3.7410995032115753,3.7446535685831104,181.09882241135946,188.94077414625772,0.268035888671875,0.0,11.339976975390334,0.19869500427246092,7.0,1.0,3.705907317116864,0.14518610636393228,0.0,0.0,0.0,0.0,0.0,0.0,certain_cold,237.4879608154297,237.4879608154297,POINT (556241.778297743 8637241.782831483),ragna_mariebreen
ragna_mariebreen-20230305-DAT_0068_A1_3,2800.0,3249,184.81875610351562,556238.9179829019,8637237.952522527,422.1080627441406,2021-04-07 16:04:48.400000+00:00,0,2024-04-29,100 MHz,20230305,0.0,184.6847381591797,185.22084045410156,0.4257422625269618,0.39743525390624995,11,3.705907317116864,0.14518610636393228,3.729984293477515,3.7331065512041053,180.97598795883707,188.92959065444418,0.268035888671875,0.0,11.323975667898884,0.39739000854492185,7.0,1.0,3.7032338575318064,0.14518610636393228,0.0,0.0,0.0,0.0,0.0,0.0,certain_cold,237.289306640625,237.289306640625,POINT (556238.9179829019 8637237.952522527),ragna_mariebreen
ragna_mariebreen-20230305-DAT_0068_A1_3,2805.0,3255,184.81875610351562,556236.0125590396,8637233.92491746,421.79242553710935,2021-04-07 16:04:49.600000+00:00,0,2024-04-29,100 MHz,20230305,0.0,184.6847381591797,185.08682250976562,0.4036911890872043,0.39743525390624995,11,3.705907317116864,0.0,3.7271576065559446,3.7278298806687724,180.97883084206282,188.7927298268825,0.268035888671875,0.0,11.255830304453395,0.39739000854492185,7.0,1.0,3.7032338575318064,0.14518610636393228,0.0,0.0,0.0,0.0,0.0,0.0,certain_cold,236.97366943359373,236.97366943359373,POINT (556236.0125590396 8637233.92491746),ragna_mariebreen
ragna_mariebreen-20230305-DAT_0068_A1_3,2810.0,3261,184.81875610351562,556233.2065287902,8637230.161987057,421.49253540039064,2021-04-07 16:04:50.800000+00:00,0,2024-04-29,100 MHz,20230305,0.0,184.55072021484375,184.95277404785156,0.37474197088593936,0.39739000854492185,11,3.705907317116864,0.14518610636393228,3.729979472789732,3.7276345841947696,180.84197001450113,188.66152424819418,0.402069091796875,0.0,11.222150056585749,0.19869500427246092,7.0,1.0,3.700560407928374,0.29038874308268225,0.0,0.0,0.0,0.0,0.0,0.0,certain_cold,236.673779296875,236.673779296875,POINT (556233.2065287902 8637230.161987057),ragna_mariebreen
ragna_mariebreen-20230305-DAT_0068_A1_3,2815.0,3268,184.6847381591797,556230.1871490247,8637225.968420016,421.15284729003906,2021-04-07 16:04:52.166666752+00:00,0,2024-04-29,100 MHz,20230305,0.0,184.41668701171875,184.95277404785156,0.3812195540808674,0.19869500427246092,11,3.7032338575318064,0.29037221272786456,3.719910849767399,3.734111055379579,180.7020864914078,188.6673745681625,0.402069091796875,0.0,11.189098696544555,0.39739000854492185,7.0,1.0,3.69788666394081,0.29038874308268225,0.0,0.0,0.0,0.0,0.0,0.0,certain_cold,236.46810913085938,236.46810913085938,POINT (556230.1871490247 8637225.968420016),ragna_mariebreen
ragna_mariebreen-20230305-DAT_0068_A1_3,2820.0,3276,184.55072021484375,556227.0946255692,8637221.573312994,420.76083984375,2021-04-07 16:04:53.600000+00:00,0,2024-04-29,100 MHz,20230305,0.0,184.14865112304688,184.81875610351562,0.4128848393554408,0.5960850128173828,11,3.700560407928374,0.29038874308268225,3.759493356469945,3.7348288910478513,180.43671457256056,188.53069265400194,0.402069091796875,0.0,11.106311792695118,0.5960850128173828,7.0,1.0,3.6952132343667814,0.14518610636393228,0.0,0.0,0.0,0.0,0.0,0.0,certain_cold,236.21011962890623,236.21011962890623,POINT (556227.0946255692 8637221.573312994),ragna_mariebreen
ragna_mariebreen-20230305-DAT_0068_A1_3,2825.0,3282,184.41668701171875,556224.480142553,8637217.74373401,420.4034912109375,2021-04-07 16:04:54.800000+00:00,0,2024-04-29,100 MHz,20230305,0.0,184.01463317871094,184.81875610351562,0.4081114375325165,0.3974126312255859,11,3.69788666394081,0.14520263671875,3.722013753940065,3.7231713001829805,180.31389682157047,188.5194924606561,0.4020538330078125,0.0,11.081331016306594,0.5960850128173828,7.0,1.0,3.6952132343667814,0.14518610636393228,0.0,0.0,0.0,0.0,0.0,0.0,certain_cold,235.98680419921874,235.98680419921874,POINT (556224.480142553 8637217.74373401),ragna_mariebreen
ragna_mariebreen-20230305-DAT_0068_A1_3,2830.0,3288,184.41668701171875,556221.7743827289,8637213.835982915,420.0337219238281,2021-04-07 16:04:56+00:00,0,2024-04-29,100 MHz,20230305,0.0,184.14865112304688,184.6847381591797,0.36430159359086667,0.49674882202148435,10,3.69788666394081,0.29037221272786456,3.742384426198824,3.727116506411976,180.43938141038433,188.39400787184223,0.4020538330078125,0.0,11.05675793197922,0.39739000854492185,7.0,1.0,3.6925398148395168,0.14518610636393228,0.0,0.0,0.0,0.0,0.0,0.0,certain_cold,235.61703491210938,235.61703491210938,POINT (556221.7743827289 8637213.835982915),ragna_mariebreen
ragna_mariebreen-20230305-DAT_0068_A1_3,2835.0,3295,184.14865112304688,556218.7014516464,8637209.280356402,419.6287048339844,2021-04-07 16:04:57.400000+00:00,0,2024-04-29,100 MHz,20230305,0.0,183.880615234375,184.55072021484375,0.3992074723884814,0.5961076354980468,11,3.6925398148395168,0.4355583190917968,3.765621548510179,3.739509050599547,180.1624757354448,188.26885971377396,0.268035888671875,0.0,10.99060772379377,0.39739000854492185,7.0,1.0,3.6925398148395168,0.14518610636393228,0.0,0.0,0.0,0.0,0.0,0.0,certain_cold,235.4800537109375,235.4800537109375,POINT (556218.7014516464 8637209.280356402),ragna_mariebreen
ragna_mariebreen-20230305-DAT_0068_A1_3,2840.0,3301,184.01463317871094,556216.1449455481,8637205.37869093,419.2874694824219,2021-04-07 16:04:58.600000+00:00,0,2024-04-29,100 MHz,20230305,0.0,184.01463317871094,184.41668701171875,0.42993598934016647,0.39739000854492185,11,3.6898664053808528,0.0,3.7112037007485252,3.714829611770656,180.32476677333008,188.1065534170996,0.26806640625,0.0,10.967546433504527,0.5960850128173828,7.0,1.0,3.6898664053808528,0.29037221272786456,0.0,0.0,0.0,0.0,0.0,0.0,certain_cold,235.27283630371096,235.27283630371096,POINT (556216.1449455481 8637205.37869093),ragna_mariebreen
ragna_mariebreen-20230305-DAT_0068_A1_3,2845.0,3308,184.14865112304688,556213.0487022124,8637201.008288871,418.88787841796875,2021-04-07 16:05:00+00:00,0,2024-04-29,100 MHz,20230305,0.0,183.880615234375,184.41668701171875,0.46074094532090026,0.5960850128173828,11,3.6925398148395168,0.14518610636393228,3.743159979504172,3.724004767498475,180.18522225261296,188.1120799934808,0.536102294921875,0.0,10.953228925185345,0.5961302581787109,7.0,1.0,3.687193006012691,0.14518610636393228,0.0,0.0,0.0,0.0,0.0,0.0,certain_cold,234.73922729492188,234.73922729492188,POINT (556213.0487022124 8637201.008288871),ragna_mariebreen
ragna_mariebreen-20230305-DAT_0068_A1_3,2850.0,3313,184.14865112304688,556210.1122819479,8637197.35180222,418.53175659179686,2021-04-07 16:05:01.200000+00:00,0,2024-04-29,100 MHz,20230305,0.0,183.880615234375,184.55072021484375,0.4568266381948881,0.3974126312255859,11,3.6925398148395168,0.14518610636393228,3.716700968481836,3.723522507924535,180.18522225261296,188.2461131966058,0.536102294921875,0.0,10.962050287181295,0.7948026397705078,7.0,1.0,3.687193006012691,0.0,0.0,0.0,0.0,0.0,0.0,0.0,certain_cold,234.38310546875,234.38310546875,POINT (556210.1122819479 8637197.35180222),ragna_mariebreen
ragna_mariebreen-20230305-DAT_0068_A1_3,2855.0,3320,184.01463317871094,556206.543341019,8637193.185578898,418.1583251953125,2021-04-07 16:05:02.600000+00:00,0,2024-04-29,100 MHz,20230305,0.0,183.880615234375,184.55072021484375,0.4845785362017184,0.5961076354980468,11,3.6898664053808528,0.14518610636393228,3.74052635442372,3.7243804119325317,180.1878935964717,188.24344185274705,0.536102294921875,0.0,10.904545368077537,0.7948252624511718,7.0,1.0,3.687193006012691,0.0,0.0,0.0,0.0,0.0,0.0,0.0,certain_cold,234.14369201660156,234.14369201660156,POINT (556206.543341019 8637193.185578898),ragna_mariebreen
ragna_mariebreen-20230305-DAT_0068_A1_3,2860.0,3327,184.01463317871094,556203.3038699139,8637189.690528492,417.8621012369792,2021-04-07 16:05:03.833333248+00:00,0,2024-04-29,100 MHz,20230305,0.0,183.880615234375,184.55072021484375,0.5017948970589587,0.5961076354980468,11,3.6898664053808528,0.0,3.7377076400726272,3.723830314108395,180.19074882899415,188.2405866202246,0.6701202392578125,0.0,10.880831792192337,0.9934976440429687,7.0,1.0,3.687193006012691,0.0,0.0,0.0,0.0,0.0,0.0,0.0,certain_cold,233.84746805826825,233.84746805826825,POINT (556203.3038699139 8637189.690528492),ragna_mariebreen
ragna_mariebreen-20230305-DAT_0068_A1_3,2865.0,3333,184.01463317871094,556200.0693152912,8637186.332203155,417.54498291015625,2021-04-07 16:05:05+00:00,0,2024-04-29,100 MHz,20230305,0.0,183.880615234375,184.41668701171875,0.48457753871397813,0.5960850128173828,11,3.6898664053808528,0.14518610636393228,3.740522749235036,3.7243802821496934,180.1878935964717,188.10940864962205,0.536102294921875,0.0,10.878629557172326,0.7947800170898437,7.0,1.0,3.687193006012691,0.0,0.0,0.0,0.0,0.0,0.0,0.0,certain_cold,233.5303497314453,233.5303497314453,POINT (556200.0693152912 8637186.332203155),ragna_mariebreen
ragna_mariebreen-20230305-DAT_0068_A1_3,2870.0,3340,184.14865112304688,556196.2679123224,8637182.268249338,417.1286560058594,2021-04-07 16:05:06.400000+00:00,0,2024-04-29,100 MHz,20230305,0.0,183.880615234375,184.55072021484375,0.4684702217643242,0.5960850128173828,11,3.6925398148395168,0.29037221272786456,3.751597479555213,3.733447556184424,180.17667593869268,188.25465951052607,0.268035888671875,0.0,10.867146192209574,0.39739000854492185,7.0,1.0,3.687193006012691,0.29037221272786456,0.0,0.0,0.0,0.0,0.0,0.0,certain_cold,232.98000488281252,232.98000488281252,POINT (556196.2679123224 8637182.268249338),ragna_mariebreen
ragna_mariebreen-20230305-DAT_0068_A1_3,2875.0,3346,184.2826690673828,556193.0095499437,8637178.784868155,416.73082275390624,2021-04-07 16:05:07.600000+00:00,0,2024-04-29,100 MHz,20230305,0.0,184.14865112304688,184.55072021484375,0.4557497645642302,0.39739000854492185,11,3.6952132343667814,0.4355748494466146,3.74195739096548,3.7486042929082553,180.4278546630252,188.27151667486544,0.4020538330078125,0.0,10.900976634503648,0.3974126312255859,7.0,1.0,3.6925398148395168,0.29037221272786456,0.0,0.0,0.0,0.0,0.0,0.0,certain_cold,232.44815368652343,232.44815368652343,POINT (556193.0095499437 8637178.784868155),ragna_mariebreen
ragna_mariebreen-20230305-DAT_0068_A1_3,2880.0,3352,184.55072021484375,556189.7197412804,8637175.300216345,416.3494384765625,2021-04-07 16:05:08.800000+00:00,0,2024-04-29,100 MHz,20230305,0.0,184.14865112304688,184.81875610351562,0.4712509150847038,0.5960850128173828,11,3.700560407928374,0.4355748494466146,3.773485143034613,3.7557888927847936,180.4225442026543,188.5448630239082,0.402069091796875,0.0,10.969731079858171,0.5961076354980468,7.0,1.0,3.6925398148395168,0.29037221272786456,0.0,0.0,0.0,0.0,0.0,0.0,certain_cold,231.79871826171876,231.79871826171876,POINT (556189.7197412804 8637175.300216345),ragna_mariebreen
ragna_mariebreen-20230305-DAT_0068_A1_3,2885.0,3358,184.6847381591797,556186.3749138413,8637171.813335564,415.99078369140625,2021-04-07 16:05:10+00:00,0,2024-04-29,100 MHz,20230305,0.0,184.41668701171875,185.08682250976562,0.49094188903005165,0.5961076354980468,11,3.7032338575318064,0.4355583190917968,3.776108627409843,3.760940838580736,180.68792688898358,188.8155826325008,0.2680511474609375,0.0,10.977368597740744,0.3974126312255859,7.0,1.0,3.69788666394081,0.580760955810547,0.0,0.0,0.0,0.0,0.0,0.0,certain_cold,231.30604553222656,231.30604553222656,POINT (556186.3749138413 8637171.813335564),ragna_mariebreen
ragna_mariebreen-20230305-DAT_0068_A1_3,2890.0,3365,184.95277404785156,556182.4761160053,8637167.81992664,415.59144287109376,2021-04-07 16:05:11.400000+00:00,0,2024-04-29,100 MHz,20230305,0.268035888671875,184.6847381591797,185.48887634277344,0.5406447523154084,0.5961302581787109,11,3.7085807866619613,0.5807774861653645,3.8008216512158297,3.792515087358388,180.93095687364442,189.2426576283087,2.9485015869140625,0.0,10.266586136526758,0.5961189468383788,8.0,2.0,3.7032338575318064,0.580760955810547,3.795600359645834,10.929502055907548,6.696997857602327,0.0,0.0014492125898178088,0.055509230339365195,uncertain_cold,230.6386688232422,230.90670471191407,POINT (556182.4761160053 8637167.81992664),ragna_mariebreen
ragna_mariebreen-20230305-DAT_0068_A1_3,2895.0,3371,185.22084045410156,556179.2216093192,8637164.820751661,415.2766418457031,2021-04-07 16:05:12.500000+00:00,0,2024-04-29,100 MHz,20230305,0.26806640625,184.95277404785156,185.75692749023438,0.5668928312824656,0.5961076354980468,11,3.7139283643346563,0.5807774861653645,3.806036087183768,3.8015699212306364,181.19370948551082,189.51599205257511,3.7526702880859375,0.0,10.330639470888642,0.7948139511108397,8.0,2.0,3.7085807866619613,0.5807774861653645,3.837004450937637,10.991496068193682,7.506451573621206,0.0,0.0014472799367111601,0.055774714365625686,uncertain_cold,230.05580139160156,230.32386779785156,POINT (556179.2216093192 8637164.820751661),ragna_mariebreen
ragna_mariebreen-20230305-DAT_0068_A1_3,2900.0,3377,185.48887634277344,556175.6173537087,8637161.276811998,414.9205093383789,2021-04-07 16:05:13.750000128+00:00,0,2024-04-29,100 MHz,20230305,0.268035888671875,185.22084045410156,186.02496337890625,0.6314798324562275,0.7948026397705078,11,3.7192753728060897,0.4355748494466146,3.828112587740659,3.797565210372465,181.47614624118748,189.76965759182033,4.556793212890625,0.0,10.372280890003175,0.9935202667236328,8.0,2.0,3.7139283643346563,0.14518610636393228,3.847262068183192,11.018101186775136,8.27355832530904,0.0,0.0014450240572731656,0.05591861406737814,uncertain_cold,229.43163299560547,229.69966888427734,POINT (556175.6173537087 8637161.276811998),ragna_mariebreen
ragna_mariebreen-20230305-DAT_0068_A1_3,2905.0,3383,185.62290954589844,556172.10752198,8637157.829799348,414.57232666015625,2021-04-07 16:05:15+00:00,0,2024-04-29,100 MHz,20230305,0.8041534423828125,185.48887634277344,186.29302978515625,0.6202605038333542,0.5961302581787109,11,3.7219491962295668,1.0163523356119792,3.90400424873412,3.9077616332158045,181.63065422767718,190.1512519002525,5.2269287109375,0.0,9.834419131469057,0.9935428894042968,9.0,3.0,3.705907317116864,0.5807609558105469,3.880484480569421,10.525532384837305,8.97806618253918,0.0,0.0043321885447764295,0.05298063237737004,uncertain_cold,228.9494171142578,229.75357055664062,POINT (556172.10752198 8637157.829799348),ragna_mariebreen
ragna_mariebreen-20230305-DAT_0068_A1_3,2910.0,3390,186.4270477294922,556168.0910811037,8637154.017811272,414.1961730957031,2021-04-07 16:05:16.400000+00:00,0,2024-04-29,100 MHz,20230305,0.6701202392578125,185.75692749023438,186.69509887695312,0.5524728320763705,0.7948139511108397,12,3.7379911249297724,1.3067245483398438,4.0387913925044625,3.9981661953288286,181.79711604329808,190.65491032388942,6.701171875,0.0,10.032771619831072,0.7948252624511718,9.0,3.0,3.7246227250883917,1.5971298217773438,4.129816619377425,10.820357872433943,10.753780678210035,0.0,0.0035945440718997213,0.053816073053888296,uncertain_cold,227.76912536621091,228.43924560546873,POINT (556168.0910811037 8637154.017811272),ragna_mariebreen
ragna_mariebreen-20230305-DAT_0068_A1_3,2915.0,3396,186.82911682128906,556164.6539707376,8637150.862322982,413.87236938476565,2021-04-07 16:05:17.600000+00:00,0,2024-04-29,100 MHz,20230305,0.5360870361328125,186.29302978515625,186.963134765625,0.5251976403359497,0.6954551376342774,12,3.746012220600615,0.871166229248047,3.9083495243303563,3.8816711243079136,182.4470529058873,190.80911164489396,7.63934326171875,0.0,10.251499979462794,0.7948026397705078,9.0,3.0,3.7353175472258373,1.3067245483398438,4.036314836584651,10.988784193566316,11.596630997510431,0.0,0.0028693976894704548,0.05487099737921922,uncertain_cold,227.04325256347659,227.5793395996094,POINT (556164.6539707376 8637150.862322982),ragna_mariebreen
ragna_mariebreen-20230305-DAT_0068_A1_3,2920.0,3403,187.231201171875,556160.5643585672,8637147.494163562,413.5146484375,2021-04-07 16:05:19+00:00,0,2024-04-29,100 MHz,20230305,0.26806640625,186.963134765625,187.36521911621094,0.5325398132753343,0.39742394256591795,12,3.754033707481228,0.871166229248047,3.874228370399989,3.8904110745023903,183.10934446568814,191.2190094161478,8.711563110351562,0.0,10.493679162680488,0.5961302581787109,9.0,3.0,3.7486858370041762,1.1615384419759116,3.969532509182882,11.203531560450847,12.636077992059057,0.0,0.0014317400335637418,0.056046636976106734,uncertain_cold,226.283447265625,226.551513671875,POINT (556160.5643585672 8637147.494163562),ragna_mariebreen
ragna_mariebreen-20230305-DAT_0068_A1_3,2925.0,3409,187.63327026367188,556156.8473593632,8637144.252857706,413.1848999023438,2021-04-07 16:05:20.200000+00:00,0,2024-04-29,100 MHz,20230305,0.2680511474609375,187.49925231933594,187.90133666992188,0.569573710772078,0.2980538177490234,12,3.7620549761979896,0.871166229248047,3.8730897641538187,3.903383462449083,183.63764795807387,191.76294103118394,9.64971923828125,0.0,10.770886736191816,0.5961302581787109,9.0,3.0,3.7567073526941512,0.7259801228841146,3.872372471408884,11.430306135728909,13.475931108082648,0.0,0.001428590713599237,0.05740392799771605,uncertain_cold,225.5516296386719,225.81968078613284,POINT (556156.8473593632 8637144.252857706),ragna_mariebreen
ragna_mariebreen-20230305-DAT_0068_A1_3,2930.0,3415,188.0353546142578,556152.9734945499,8637141.191345692,412.8642333984375,2021-04-07 16:05:21.400000+00:00,0,2024-04-29,100 MHz,20230305,0.4020843505859375,187.90133666992188,188.4374237060547,0.6427516340374673,0.49674882202148435,12,3.7700766350253243,0.7259635925292969,3.8713383168901228,3.8927664500583323,184.0620006633132,192.27675971266336,10.587905883789062,0.0,11.066526849171934,0.7948026397705078,9.0,3.0,3.7620549761979896,0.5807940165201824,3.8887132280161607,11.702922534008545,14.394528971719069,0.0,0.0021383444161912376,0.05885343674796789,uncertain_cold,224.82887878417966,225.2309631347656,POINT (556152.9734945499 8637141.191345692),ragna_mariebreen
ragna_mariebreen-20230305-DAT_0068_A1_3,2935.0,3421,188.3033905029297,556149.079366457,8637138.240716986,412.53193359375,2021-04-07 16:05:22.600000+00:00,0,2024-04-29,100 MHz,20230305,0.4020538330078125,188.3033905029297,189.1075439453125,0.7577959356490721,0.7947913284301757,12,3.775424049025425,0.7259470621744792,3.9258781365176247,3.9185559287989684,184.45880653492492,192.95212791331727,11.39202880859375,0.0,11.340554242351457,1.1922378936767577,9.0,3.0,3.7674029422053237,0.4355913798014323,3.9754868851768883,11.957894267086086,15.184529933062237,0.0,0.0021351385757526083,0.06022490732674841,uncertain_cold,224.22854309082032,224.63059692382814,POINT (556149.079366457 8637138.240716986),ragna_mariebreen
ragna_mariebreen-20230305-DAT_0068_A1_3,2940.0,3427,188.70545959472656,556145.3281710088,8637135.25867642,412.19908447265624,2021-04-07 16:05:23.800000+00:00,0,2024-04-29,100 MHz,20230305,0.67010498046875,188.57144165039062,189.5095977783203,0.792891027793498,0.9935202667236328,11,3.7834455450478983,1.4519271850585938,4.172485501885603,4.129313372100789,184.51896675928336,193.56207266942758,15.4127197265625,0.0,12.044989691003162,1.7883229064941406,8.0,3.0,3.7700766350253243,0.4355583190917968,4.195388861736847,12.628735706303557,19.207873067772027,0.0,0.0035510630265171,0.06382957714562999,uncertain_cold,223.49362487792968,224.16372985839843,POINT (556145.3281710088 8637135.25867642),ragna_mariebreen
ragna_mariebreen-20230305-DAT_0068_A1_3,2945.0,3435,189.6436309814453,556140.8993784335,8637132.100188373,411.83104248046874,2021-04-07 16:05:25.200000+00:00,0,2024-04-29,100 MHz,20230305,1.340240478515625,188.97349548339844,189.9116668701172,0.9213080505018013,0.9935202667236328,11,3.802162898763103,1.3067245483398438,4.141383135421692,4.124655170785073,184.95305125993698,193.93211109357864,17.423110961914062,0.0,12.48333454647007,2.285094351196289,8.0,3.0,3.775424049025425,0.580760955810547,4.451153359706078,13.054683122804882,21.24294211495649,0.0,0.00706715259341746,0.06582522430026368,uncertain_cold,222.18741149902343,223.52765197753905,POINT (556140.8993784335 8637132.100188373),ragna_mariebreen
ragna_mariebreen-20230305-DAT_0068_A1_3,2950.0,3441,189.9116668701172,556137.0635300307,8637129.263659462,411.521337890625,2021-04-07 16:05:26.400000+00:00,0,2024-04-29,100 MHz,20230305,1.3402252197265625,189.24156188964844,190.44776916503906,1.0283438661251232,0.7948252624511718,11,3.8075105364732145,0.4355583190917968,3.9138976395040266,3.9679136383850118,185.40921958569325,194.28011146899425,18.361236572265625,0.0,12.786042161868272,2.6824843597412107,8.0,3.0,3.78077180512692,0.4355748494466146,4.656144674746407,13.340421097438648,22.167016504410043,0.0,0.007057097869838393,0.06732625947942839,uncertain_cold,221.6096710205078,222.94989624023435,POINT (556137.0635300307 8637129.263659462),ragna_mariebreen
ragna_mariebreen-20230305-DAT_0068_A1_3,2955.0,3447,190.04568481445312,556132.7069293169,8637126.070900759,411.16571044921875,2021-04-07 16:05:27.750000128+00:00,0,2024-04-29,100 MHz,20230305,1.3402252197265625,189.5095977783203,190.84983825683594,1.1376535322731278,0.9935428894042968,11,3.8101843691136237,0.5807774861653645,3.9801928204749304,4.018589674819745,185.6554042939355,194.70403174122075,19.299407958984375,0.0,13.1159470352699,2.980549488830566,8.0,3.0,3.7834455450478983,0.4355583190917968,4.836098272061995,13.657680545161323,23.1078421833964,0.0,0.007052121288810433,0.06901470584862457,uncertain_cold,221.12002563476562,222.4602508544922,POINT (556132.7069293169 8637126.070900759),ragna_mariebreen
ragna_mariebreen-20230305-DAT_0068_A1_3,2960.0,3453,190.44776916503906,556128.7658780237,8637123.304585403,410.8593444824219,2021-04-07 16:05:29+00:00,0,2024-04-29,100 MHz,20230305,1.474273681640625,189.9116668701172,191.25189208984375,1.1654491045189996,1.1922152709960936,11,3.8182065308173154,0.871166229248047,4.093776858031536,4.086062080559031,185.99533801378269,195.16822094617825,20.505645751953125,0.0,13.438128043643319,2.980549488830566,8.0,3.0,3.788793052950452,0.4355913798014323,4.8402859320097065,13.968821638405865,24.319396222060334,0.0,0.0077410918915151086,0.07056070072418673,uncertain_cold,220.4115753173828,221.88584899902344,POINT (556128.7658780237 8637123.304585403),ragna_mariebreen
ragna_mariebreen-20230305-DAT_0068_A1_3,2965.0,3459,190.84983825683594,556125.0856260357,8637120.511644255,410.5389099121094,2021-04-07 16:05:30.200000+00:00,0,2024-04-29,100 MHz,20230305,1.7422943115234375,190.1797332763672,191.6539764404297,1.1641823105584277,1.1921926483154297,11,3.8262284700556206,0.580760955810547,4.0495223056004415,4.041364626592769,186.30968061614948,195.5240291006474,21.711837768554688,0.0,13.731650510359856,2.8811793640136716,8.0,3.0,3.7914674297442303,0.4355913798014323,4.781857342977398,14.252129344755286,25.528245126393813,0.0,0.009129136956242777,0.07195002435307545,uncertain_cold,219.68907165527344,221.43136596679688,POINT (556125.0856260357 8637120.511644255),ragna_mariebreen
ragna_mariebreen-20230305-DAT_0068_A1_3,2970.0,3466,190.98385620117188,556120.6253082855,8637117.351945896,410.16640625,2021-04-07 16:05:31.600000+00:00,0,2024-04-29,100 MHz,20230305,1.6082763671875,190.44776916503906,191.78799438476562,1.1849044335435817,1.1922152709960936,11,3.8289023664475903,0.14518610636393228,4.012848064612634,4.010682093347753,186.61611517005608,195.6196483797486,22.650009155273438,0.0,13.998804275956871,3.179255804443359,8.0,3.0,3.7968149935153694,0.580760955810547,4.98605604188961,14.516184365711448,26.49098395117838,0.0,0.008421006880777559,0.07329836434557747,uncertain_cold,219.18255004882815,220.79082641601565,POINT (556120.6253082855 8637117.351945896),ragna_mariebreen
ragna_mariebreen-20230305-DAT_0068_A1_3,2975.0,3472,190.98385620117188,556116.7265157972,8637114.512919825,409.85455322265625,2021-04-07 16:05:32.800000+00:00,0,2024-04-29,100 MHz,20230305,1.3402252197265625,190.581787109375,191.78799438476562,1.1853177464190512,1.1922152709960936,11,3.8289023664475903,0.0,4.010220765018336,4.008175581453973,186.75288474292742,195.6168967512132,23.454147338867188,0.0,14.255560278491572,3.4772983108520505,8.0,3.0,3.802162898763103,0.4355748494466146,5.170857926964887,14.760324082211332,27.281178584911714,0.0,0.007017479102080979,0.07464275024102325,uncertain_cold,218.87069702148438,220.21092224121094,POINT (556116.7265157972 8637114.512919825),ragna_mariebreen
ragna_mariebreen-20230305-DAT_0068_A1_3,2980.0,3478,190.98385620117188,556112.8277076737,8637111.67390447,409.5441589355469,2021-04-07 16:05:34+00:00,0,2024-04-29,100 MHz,20230305,1.206207275390625,190.7158203125,191.92202758789062,1.2619161172467461,1.1922378936767577,11,3.8289023664475903,0.14518610636393228,4.01285478585855,4.034105182594547,186.884166317517,195.7536815828736,24.25830078125,0.0,14.551462701531227,3.8747109420776367,8.0,3.0,3.8048367130165826,0.4355583190917968,5.447924223656664,15.046978441404885,28.087986598918206,0.0,0.0063157551605831684,0.07619210854242842,uncertain_cold,218.560302734375,219.76651000976562,POINT (556112.8277076737 8637111.67390447),ragna_mariebreen
ragna_mariebreen-20230305-DAT_0068_A1_3,2985.0,3485,191.1178741455078,556108.9049971979,8637108.647772511,409.234619140625,2021-04-07 16:05:35.200000+00:00,0,2024-04-29,100 MHz,20230305,1.0721893310546875,190.7158203125,192.1900634765625,1.342189171160794,1.5896279022216795,11,3.8315762718702686,0.14518610636393228,4.150779758089085,4.062453384818303,186.88149433096942,196.02438945809308,25.196456909179688,0.0,14.821155450383085,4.272157507324218,8.0,3.0,3.8101843691136237,0.4355913798014323,5.7409558911545195,15.309274759478821,29.031459487639722,0.0,0.005610094481473643,0.07754981325869595,uncertain_cold,218.1167449951172,219.18893432617188,POINT (556108.9049971979 8637108.647772511),ragna_mariebreen
ragna_mariebreen-20230305-DAT_0068_A1_3,2990.0,3491,191.1178741455078,556105.0877522908,8637105.737629613,408.961181640625,2021-04-07 16:05:36.400000+00:00,0,2024-04-29,100 MHz,20230305,0.938140869140625,190.84983825683594,192.1900634765625,1.4403070514709837,1.3908876525878906,11,3.8315762718702686,0.14518610636393228,4.078801808713171,4.09591749613654,187.01551227530535,196.02438945809308,26.0006103515625,0.0,15.094865297442665,4.669536204528808,8.0,3.0,3.8128588197870723,0.4355913798014323,6.044187339518084,15.57506310028066,29.83827008501794,0.0,0.004908702931816678,0.07898196526584515,uncertain_cold,217.8433074951172,218.7814483642578,POINT (556105.0877522908 8637105.737629613),ragna_mariebreen
ragna_mariebreen-20230305-DAT_0068_A1_3,2995.0,3498,191.25189208984375,556100.6832318256,8637102.170715624,408.6446044921875,2021-04-07 16:05:37.800000+00:00,0,2024-04-29,100 MHz,20230305,0.8041229248046875,190.84983825683594,192.32408142089844,1.5738017212862236,1.1921926483154297,11,3.834250186304761,0.14518610636393228,4.01794435095318,4.147216579174844,187.01284027707894,196.16107940065544,27.072769165039062,0.0,15.448191999634595,4.868253831481933,8.0,3.0,3.8182065308173154,0.580760955810547,6.214167664901592,15.923649721635561,30.934890913478654,0.0,0.004204522716182789,0.08077406100838758,uncertain_cold,217.39271240234376,218.19683532714845,POINT (556100.6832318256 8637102.170715624),ragna_mariebreen
ragna_mariebreen-20230305-DAT_0068_A1_3,3000.0,3504,191.25189208984375,556097.0131185816,8637098.931483228,408.341552734375,2021-04-07 16:05:39+00:00,0,2024-04-29,100 MHz,20230305,0.53607177734375,190.98385620117188,192.32408142089844,1.7224247968747142,0.9935202667236328,11,3.834250186304761,0.14521916707356772,3.963539531536709,4.205866174589075,187.14685697030623,196.16108065176408,27.876922607421875,0.0,15.718290706861785,5.166318960571289,8.0,3.0,3.823554582713305,0.4355748494466146,6.442060749388875,16.182520132596032,31.725207302770997,0.0,0.0028029619549694252,0.08218632785853881,uncertain_cold,217.08966064453125,217.625732421875,POINT (556097.0131185816 8637098.931483228),ragna_mariebreen
ragna_mariebreen-20230305-DAT_0068_A1_3,3005.0,3510,191.3859405517578,556093.2830618327,8637095.568827122,407.98372650146484,2021-04-07 16:05:40.249999872+00:00,0,2024-04-29,100 MHz,20230305,0.536102294921875,190.98385620117188,192.32408142089844,1.8386222824768017,0.9935202667236328,11,3.8369247186193776,0.14521916707356772,3.9661268793658793,4.257183552591799,187.1441843528445,196.16375326922582,28.68109130859375,0.0,15.985861457722082,5.365002653503418,8.0,3.0,3.8262284700556206,0.29037221272786456,6.5960286384374776,16.439954588516144,32.51832212351596,0.0,0.0028011581904935864,0.08352683280514493,uncertain_cold,216.59778594970703,217.1338882446289,POINT (556093.2830618327 8637095.568827122),ragna_mariebreen
ragna_mariebreen-20230305-DAT_0068_A1_3,3010.0,3515,191.3859405517578,556089.7045821804,8637092.640498376,407.6350952148438,2021-04-07 16:05:41.400000+00:00,0,2024-04-29,100 MHz,20230305,0.4020843505859375,191.1178741455078,192.4581298828125,1.9591863803086924,0.9935202667236328,11,3.8369247186193776,0.0,3.9634673982187603,4.308178567462062,187.28094942688844,196.29505460143187,29.351211547851562,0.0,16.243981937425218,5.6630677825927735,8.0,3.0,3.8289023664475903,0.4355583190917968,6.849857012475389,16.694824154944392,33.20480783977396,0.0,0.002100908506793889,0.0848755237223512,uncertain_cold,216.24915466308596,216.6512390136719,POINT (556089.7045821804 8637092.640498376),ragna_mariebreen
ragna_mariebreen-20230305-DAT_0068_A1_3,3015.0,3521,191.3859405517578,556085.9516252757,8637089.695790019,407.287744140625,2021-04-07 16:05:42.600000+00:00,0,2024-04-29,100 MHz,20230305,0.1340484619140625,191.25189208984375,192.32408142089844,2.0920337269995963,0.7948252624511718,11,3.8369247186193776,0.14518610636393228,3.9210735136776105,4.372605106425382,187.41222149175417,196.16375201898802,29.887313842773438,0.0,16.48406247537808,5.861762786865234,8.0,3.0,3.834250186304761,0.4355913798014323,7.017939677057184,16.929723271025523,33.74622746467992,0.0,0.0007004091393944941,0.08612995514641883,uncertain_cold,215.9018035888672,216.03585205078127,POINT (556085.9516252757 8637089.695790019),ragna_mariebreen
ragna_mariebreen-20230305-DAT_0068_A1_3,3020.0,3528,191.51995849609375,556081.7332092801,8637086.583272936,406.96527099609375,2021-04-07 16:05:44+00:00,0,2024-04-29,100 MHz,20230305,0.1340179443359375,191.3859405517578,192.32408142089844,2.2939759553590036,0.5961302581787109,11,3.8395986510230715,0.29037221272786456,3.896434922795309,4.482093205928221,187.53537775875435,196.1746442139019,30.42340087890625,0.0,16.7449926342101,6.259164106750488,8.0,3.0,3.8369247186193776,0.2904052734375,7.347343862541505,17.181417428109448,34.27129985356666,0.0,0.0006997596772070673,0.08743210245918903,uncertain_cold,215.4453125,215.57933044433594,POINT (556081.7332092801 8637086.583272936),ragna_mariebreen
ragna_mariebreen-20230305-DAT_0068_A1_3,3025.0,3535,191.6539764404297,556077.859412922,8637083.447525604,406.6867980957031,2021-04-07 16:05:45.333333248+00:00,0,2024-04-29,100 MHz,20230305,0.1340179443359375,191.3859405517578,192.32408142089844,2.4685633001422533,0.5961302581787109,11,3.8422725923822103,0.14518610636393228,3.8909521925062056,4.569238716292009,187.54092589903507,196.16909607362118,30.95947265625,0.0,17.003654000274167,6.557217924499511,8.0,3.0,3.8395986510230715,0.14518610636393228,7.600046296950893,17.432379245744368,34.801815275853215,0.0,0.0006992703560084664,0.08872059070248031,uncertain_cold,215.03282165527344,215.16683959960938,POINT (556077.859412922 8637083.447525604),ragna_mariebreen
ragna_mariebreen-20230305-DAT_0068_A1_3,3030.0,3542,191.6539764404297,556074.1183911844,8637080.466103857,406.44614868164064,2021-04-07 16:05:46.600000+00:00,0,2024-04-29,100 MHz,20230305,0.1340179443359375,191.51995849609375,192.32408142089844,2.628614679633817,0.5960850128173828,11,3.8422725923822103,0.0,3.888235591714706,4.655391907042618,187.67768590371153,196.16635401328065,31.361557006835938,0.0,17.31070845011801,6.855271742248535,8.0,3.0,3.8395986510230715,0.14518610636393228,7.85864794137583,17.732011274849967,35.20389962643915,0.0,0.0006992703560084664,0.09032271999583877,uncertain_cold,214.79217224121095,214.9261901855469,POINT (556074.1183911844 8637080.466103857),ragna_mariebreen
ragna_mariebreen-20230305-DAT_0068_A1_3,3035.0,3549,191.6539764404297,556070.0014410703,8637076.9854271,406.1685485839844,2021-04-07 16:05:48+00:00,0,2024-04-29,100 MHz,20230305,0.0,191.51995849609375,192.1900634765625,2.841982451934476,0.5961076354980468,11,3.8422725923822103,0.0,3.8882390599435346,4.779113195068203,187.67768590371153,196.03233606894472,31.763626098632812,0.0,17.61517432006752,7.153348182678222,8.0,3.0,3.8422725923822103,0.14518610636393228,8.12123930827546,18.029933555230283,35.60864075135555,0.0,0.0,0.09191134276070034,uncertain_cold,214.5145721435547,214.5145721435547,POINT (556070.0014410703 8637076.9854271),ragna_mariebreen
ragna_mariebreen-20230305-DAT_0068_A1_3,3040.0,3555,191.6539764404297,556066.4324673461,8637074.159935856,405.9177307128906,2021-04-07 16:05:49.200000+00:00,0,2024-04-29,100 MHz,20230305,0.0,191.51995849609375,192.32408142089844,2.98063449245876,0.5961076354980468,11,3.8422725923822103,0.0,3.8882390599435346,4.8628428569928515,187.67768590371153,196.16635401328065,32.03167724609375,0.0,17.856145897614983,7.550749502563476,8.0,3.0,3.8422725923822103,0.0,8.47212350739967,18.264857102947285,35.873949838475966,0.0,0.0,0.09316866902140729,uncertain_cold,214.26375427246091,214.26375427246091,POINT (556066.4324673461 8637074.159935856),ragna_mariebreen
ragna_mariebreen-20230305-DAT_0068_A1_3,3045.0,3562,191.6539764404297,556062.245072449,8637070.862584341,405.5990783691406,2021-04-07 16:05:50.600000+00:00,0,2024-04-29,100 MHz,20230305,0.0,191.6539764404297,192.4581298828125,3.198346744606563,0.5961076354980468,11,3.8422725923822103,0.14518610636393228,3.890948726564217,5.001355774026482,187.80896178770695,196.30314453553524,32.433746337890625,0.0,18.152005551993263,8.246215951538085,8.0,3.0,3.8422725923822103,0.14518610636393228,9.098583142393863,18.554768746584983,36.278760990613364,0.0,0.0,0.09471238681883185,uncertain_cold,213.94510192871093,213.94510192871093,POINT (556062.245072449 8637070.862584341),ragna_mariebreen
ragna_mariebreen-20230305-DAT_0068_A1_3,3050.0,3568,191.78799438476562,556058.566054979,8637068.032649433,405.32549438476565,2021-04-07 16:05:51.800000+00:00,0,2024-04-29,100 MHz,20230305,0.0,191.6539764404297,192.4581298828125,3.3815964571952093,0.5961076354980468,11,3.8449465426781106,0.14518610636393228,3.893589248319929,5.12248841100189,187.8062897430057,196.3058165802365,32.96983337402344,0.0,18.466223773069455,8.842323587036132,8.0,3.0,3.8449465426781106,0.14518610636393228,9.64320379020318,18.862823578632362,36.81752007144743,0.0,0.0,0.09628456584212702,uncertain_cold,213.53750000000002,213.53750000000002,POINT (556058.566054979 8637068.032649433),ragna_mariebreen
ragna_mariebreen-20230305-DAT_0068_A1_3,3055.0,3575,191.78799438476562,556054.1024009879,8637064.947506005,405.03428955078124,2021-04-07 16:05:53.200000+00:00,0,2024-04-29,100 MHz,20230305,0.0,191.6539764404297,192.4581298828125,3.570807613668559,0.5961076354980468,11,3.8449465426781106,0.0,3.8908814205975784,5.2473117812729315,187.80902989775157,196.30307642549062,33.37190246582031,0.0,18.75319899998528,9.438431222534179,8.0,3.0,3.8449465426781106,0.0,10.19154541070982,19.14330396376501,37.21684900849843,0.0,0.0,0.09778088070707157,uncertain_cold,213.2462951660156,213.2462951660156,POINT (556054.1024009879 8637064.947506005),ragna_mariebreen
ragna_mariebreen-20230305-DAT_0068_A1_3,3060.0,3581,191.78799438476562,556050.1238282223,8637062.030981168,404.77008056640625,2021-04-07 16:05:54.500000+00:00,0,2024-04-29,100 MHz,20230305,0.0,191.78799438476562,192.4581298828125,3.748271730833173,0.5960850128173828,11,3.8449465426781106,0.0,3.890877954724082,5.3696512814349004,187.9430478420875,196.30307642549062,33.77397155761719,0.0,19.062079440382096,10.13389767150879,8.0,3.0,3.8449465426781106,0.14520263671875,10.839768435643526,19.44653106117387,37.621658878822274,0.0,0.0,0.09939141134214949,uncertain_cold,212.98208618164062,212.98208618164062,POINT (556050.1238282223 8637062.030981168),ragna_mariebreen
ragna_mariebreen-20230305-DAT_0068_A1_3,3065.0,3588,191.78799438476562,556046.2168833391,8637058.738850642,404.4827117919922,2021-04-07 16:05:55.833333248+00:00,0,2024-04-29,100 MHz,20230305,0.0,191.78799438476562,192.4581298828125,3.9711872355496567,0.5960850128173828,11,3.8449465426781106,0.14520263671875,3.8935864012845447,5.529468851666945,187.94030706356054,196.3058172040176,34.176055908203125,0.0,19.37392645837257,10.730016618347168,8.0,3.0,3.8476208063397856,0.14520263671875,11.39993536407533,19.752830077979144,38.026415589465245,0.0,0.0,0.10101740998190191,uncertain_cold,212.69471740722656,212.69471740722656,POINT (556046.2168833391 8637058.738850642),ragna_mariebreen
ragna_mariebreen-20230305-DAT_0068_A1_3,3070.0,3594,191.92202758789062,556042.7230075238,8637055.773748906,404.2223815917969,2021-04-07 16:05:57+00:00,0,2024-04-29,100 MHz,20230305,0.0,191.78799438476562,192.4581298828125,4.119053545165655,0.3974126312255859,11,3.8476208063397856,0.14520263671875,3.8708147042381844,5.6384281305192365,187.9376347035035,196.30848956407462,34.578125,0.0,19.57113967369796,11.226765440368652,8.0,3.0,3.8476208063397856,0.0,11.867790363940323,19.94576882440918,38.42574580633979,0.0,0.0,0.10197443159428567,uncertain_cold,212.30035400390625,212.30035400390625,POINT (556042.7230075238 8637055.773748906),ragna_mariebreen
ragna_mariebreen-20230305-DAT_0068_A1_3,3075.0,3601,191.92202758789062,556038.6376557344,8637052.480612542,403.94341430664065,2021-04-07 16:05:58.400000+00:00,0,2024-04-29,100 MHz,20230305,0.0,191.78799438476562,192.4581298828125,4.352105281283209,0.3974126312255859,11,3.8476208063397856,0.14518610636393228,3.8708140841840475,5.810859252660758,187.93763532685168,196.30848894072645,34.980194091796875,0.0,19.786026607005734,11.822873075866699,8.0,3.0,3.8476208063397856,0.14518610636393228,12.434049728182433,20.15718516479915,38.83055314971082,0.0,0.0,0.10309408907190046,uncertain_cold,212.02138671875002,212.02138671875002,POINT (556038.6376557344 8637052.480612542),ragna_mariebreen
ragna_mariebreen-20230305-DAT_0068_A1_3,3080.0,3608,192.05604553222656,556034.7801734649,8637049.196728203,403.6673889160156,2021-04-07 16:05:59.800000+00:00,0,2024-04-29,100 MHz,20230305,0.0,191.78799438476562,192.59214782714844,4.535115089593576,0.5961302581787109,11,3.850294774454376,0.14518610636393228,3.898874214486537,5.950892179457727,187.934963259058,196.44517895285605,35.51629638671875,0.0,20.053436533798344,12.120926893615723,8.0,3.0,3.850294774454376,0.14518610636393228,12.718597313227928,20.420239118843586,39.369327512426366,0.0,0.0,0.10441450295525023,uncertain_cold,211.61134338378906,211.61134338378906,POINT (556034.7801734649 8637049.196728203),ragna_mariebreen
ragna_mariebreen-20230305-DAT_0068_A1_3,3085.0,3615,192.05604553222656,556030.9395733026,8637045.690149978,403.4023010253906,2021-04-07 16:06:01.200000+00:00,0,2024-04-29,100 MHz,20230305,0.0,191.78799438476562,192.59214782714844,4.734696933801267,0.5961302581787109,11,3.850294774454376,0.0,3.8961700598032025,6.102632620856165,187.93769961031126,196.4424426016028,35.918365478515625,0.0,20.267227230784503,12.617675715637207,8.0,3.0,3.850294774454376,0.0,13.192062398092709,20.62971811427494,39.768660252969994,0.0,0.0,0.10552767123065496,uncertain_cold,211.34625549316405,211.34625549316405,POINT (556030.9395733026 8637045.690149978),ragna_mariebreen
ragna_mariebreen-20230305-DAT_0068_A1_3,3090.0,3621,192.05604553222656,556027.615227897,8637042.651294634,403.1801818847656,2021-04-07 16:06:02.400000+00:00,0,2024-04-29,100 MHz,20230305,0.0,191.92202758789062,192.72616577148438,4.884828344008276,0.5961302581787109,11,3.850294774454376,0.0,3.8961700598032025,6.2198326183762624,188.07173281343626,196.57646054593874,36.1864013671875,0.0,20.491354111258666,12.816393342590331,8.0,3.0,3.850294774454376,0.0,13.382253478476054,20.849948756848015,40.03669614164187,0.0,0.0,0.1066946580852112,uncertain_cold,211.12413635253904,211.12413635253904,POINT (556027.615227897 8637042.651294634),ragna_mariebreen
ragna_mariebreen-20230305-DAT_0068_A1_3,3095.0,3628,192.05604553222656,556023.8528505208,8637038.961751092,402.9107727050781,2021-04-07 16:06:03.800000+00:00,0,2024-04-29,100 MHz,20230305,0.0,191.92202758789062,192.8601837158203,5.07681121785332,0.5961302581787109,11,3.850294774454376,0.0,3.8961700598032025,6.371717350284143,188.07173281343626,196.71047849027468,36.1864013671875,0.0,20.719002845380082,13.313142164611815,8.0,3.0,3.850294774454376,0.0,13.858734579511783,21.07372413117953,40.03669614164187,0.0,0.0,0.10787998257468798,uncertain_cold,210.85472717285154,210.85472717285154,POINT (556023.8528505208 8637038.961751092),ragna_mariebreen
ragna_mariebreen-20230305-DAT_0068_A1_3,3100.0,3635,192.05604553222656,556019.8909817853,8637035.33859562,402.6057067871094,2021-04-07 16:06:05.200000+00:00,0,2024-04-29,100 MHz,20230305,0.0,191.92202758789062,192.8601837158203,5.31598788149169,0.7948026397705078,11,3.850294774454376,0.14518610636393228,3.9341530336093893,6.565483684530661,188.068996462183,196.71321484152793,36.3204345703125,0.0,20.99759076436001,13.809913609313964,8.0,3.0,3.850294774454376,0.14518610636393228,14.33734852587419,21.348177129750646,40.173465696020116,0.0,0.0,0.10933053789674463,uncertain_cold,210.54966125488284,210.54966125488284,POINT (556019.8909817853 8637035.33859562),ragna_mariebreen
ragna_mariebreen-20230305-DAT_0068_A1_3,3105.0,3641,192.1900634765625,556016.6000287585,8637032.251479985,402.3279724121094,2021-04-07 16:06:06.333333248+00:00,0,2024-04-29,100 MHz,20230305,0.0,191.92202758789062,192.9942169189453,5.502845776221182,0.7948252624511718,11,3.852968751449984,0.14518610636393228,3.936774619274228,6.719208200525302,188.06632438287974,196.8499201239562,36.45445251464844,0.0,21.213215783803715,14.008608613586425,8.0,3.0,3.852968751449984,0.14518610636393228,14.529541028324982,21.56077389834025,40.31015571965932,0.0,0.0,0.11037623589936875,uncertain_cold,210.13790893554688,210.13790893554688,POINT (556016.6000287585 8637032.251479985),ragna_mariebreen
ragna_mariebreen-20230305-DAT_0068_A1_3,3110.0,3647,192.1900634765625,556013.1279064418,8637029.070156366,402.0316162109375,2021-04-07 16:06:07.500000+00:00,0,2024-04-29,100 MHz,20230305,0.0,191.92202758789062,192.9942169189453,5.701239158372405,0.7948252624511718,11,3.852968751449984,0.0,3.9340965160352415,6.8810970157823625,188.06905883644063,196.8471856703953,36.588470458984375,0.0,21.450915928034632,14.406021244812012,8.0,3.0,3.852968751449984,0.0,14.912371250261478,21.79420019985271,40.44143921043437,0.0,0.0,0.11161303316105395,uncertain_cold,209.841552734375,209.841552734375,POINT (556013.1279064418 8637029.070156366),ragna_mariebreen
ragna_mariebreen-20230305-DAT_0068_A1_3,3115.0,3653,192.1900634765625,556009.3240638722,8637025.527900899,401.72446899414064,2021-04-07 16:06:08.800000+00:00,0,2024-04-29,100 MHz,20230305,0.0,191.92202758789062,193.12823486328125,5.825783211895197,0.9934976440429687,11,3.852968751449984,0.14518610636393228,3.981643476486826,6.986143230505018,188.06632438287974,196.98393806829213,36.588470458984375,0.0,21.63209164179105,14.704063751220703,8.0,3.0,3.852968751449984,0.0,15.20048877502341,21.97254552842015,40.44143921043437,0.0,0.0,0.11255572348790589,uncertain_cold,209.53440551757814,209.53440551757814,POINT (556009.3240638722 8637025.527900899),ragna_mariebreen
ragna_mariebreen-20230305-DAT_0068_A1_3,3120.0,3660,192.32408142089844,556005.5268169828,8637021.725303784,401.43358154296874,2021-04-07 16:06:10.200000+00:00,0,2024-04-29,100 MHz,20230305,0.1340179443359375,191.92202758789062,193.2622528076172,5.855868639738315,0.9934976440429687,11,3.8556427373081323,0.14518610636393228,3.98423110423542,7.012721115879964,188.06365229209084,197.12062810341698,36.85650634765625,0.0,21.783908542909657,14.604727560424804,8.0,3.0,3.852968751449984,0.0,15.10441774163711,22.122026118904714,40.70947509910624,0.0,0.0006968339239985304,0.11326667145356537,uncertain_cold,209.1095001220703,209.24351806640624,POINT (556005.5268169828 8637021.725303784),ragna_mariebreen
ragna_mariebreen-20230305-DAT_0068_A1_3,3125.0,3667,192.32408142089844,556002.0674580198,8637017.936410844,401.1693481445312,2021-04-07 16:06:11.600000+00:00,0,2024-04-29,100 MHz,20230305,0.1340179443359375,191.92202758789062,193.2622528076172,5.937200261774039,0.7948252624511718,11,3.8556427373081323,0.14521916707356772,3.9393929382676545,7.080777956739796,188.06365104791394,197.12062934759388,36.99053955078125,0.0,21.912863630769117,14.704075062561035,8.0,3.0,3.852968751449984,0.0,15.200499716952708,22.249021567258502,40.84350830223124,0.0,0.0006968339239985304,0.11393718076735869,uncertain_cold,208.8452667236328,208.97928466796873,POINT (556002.0674580198 8637017.936410844),ragna_mariebreen
ragna_mariebreen-20230305-DAT_0068_A1_3,3130.0,3673,192.4581298828125,555999.097787966,8637014.688613098,400.92596435546875,2021-04-07 16:06:12.800000+00:00,0,2024-04-29,100 MHz,20230305,0.26806640625,191.92202758789062,193.2622528076172,5.970739945988209,0.9934976440429687,11,3.858317340913758,0.14521916707356772,3.9868206478847634,7.110375293351304,188.06097833805174,197.12330205745607,37.12458801269531,0.0,21.99246241334961,14.902770066833495,8.0,3.0,3.852968751449984,0.0,15.392788047152422,22.327421956021823,40.977556764145305,0.0,0.0013928557157508767,0.11427141283530497,uncertain_cold,208.46783447265625,208.73590087890625,POINT (555999.097787966 8637014.688613098),ragna_mariebreen
ragna_mariebreen-20230305-DAT_0068_A1_3,3135.0,3680,192.4581298828125,555995.474545383,8637010.669707697,400.5817077636719,2021-04-07 16:06:14.200000+00:00,0,2024-04-29,100 MHz,20230305,0.26806640625,191.92202758789062,193.12823486328125,5.943274201251581,0.9934976440429687,11,3.858317340913758,0.0,3.9841749800824187,7.085839465755518,188.06371024697685,196.98655220419502,37.25862121582031,0.0,22.036725656551894,14.902770066833495,8.0,3.0,3.852968751449984,0.0,15.392788047152422,22.37102245901565,41.111589967270305,0.0,0.0013928557157508767,0.11450140178526118,uncertain_cold,208.1235778808594,208.3916442871094,POINT (555995.474545383 8637010.669707697),ragna_mariebreen
ragna_mariebreen-20230305-DAT_0068_A1_3,3140.0,3686,192.4581298828125,555992.3536987416,8637007.266874222,400.2730285644531,2021-04-07 16:06:15.400000+00:00,0,2024-04-29,100 MHz,20230305,0.26806640625,191.78799438476562,193.12823486328125,5.95828428568404,1.1921926483154297,11,3.858317340913758,0.14521916707356772,4.040918784184942,7.099919220576438,187.92694513492674,196.98928411312014,37.25862121582031,0.0,22.061665938488858,14.902770066833495,8.0,3.0,3.852968751449984,0.14518610636393228,15.393472735872162,22.39606106409363,41.114324420831196,0.0,0.0013928557157508767,0.1146309898777577,uncertain_cold,207.8148986816406,208.0829650878906,POINT (555992.3536987416 8637007.266874222),ragna_mariebreen
ragna_mariebreen-20230305-DAT_0068_A1_3,3145.0,3694,192.32408142089844,555988.6269379668,8637003.535441058,399.918207804362,2021-04-07 16:06:16.833333248+00:00,0,2024-04-29,100 MHz,20230305,0.0,191.78799438476562,193.12823486328125,5.920593636547445,1.1921926483154297,11,3.8556427373081323,0.14521916707356772,4.038365119072302,7.066859170336465,187.92961784478894,196.98661140325794,37.25859069824219,0.0,22.11878314141914,14.803422564697264,8.0,3.0,3.8556427373081323,0.14518610636393228,15.29798612733801,22.452786632851737,41.116965994041976,0.0,0.0,0.11500787097489111,uncertain_cold,207.59412638346356,207.59412638346356,POINT (555988.6269379668 8637003.535441058),ragna_mariebreen
ragna_mariebreen-20230305-DAT_0068_A1_3,3150.0,3701,192.32408142089844,555984.8206773236,8636999.887672406,399.6218994140625,2021-04-07 16:06:18.200000+00:00,0,2024-04-29,100 MHz,20230305,0.0,191.78799438476562,192.9942169189453,5.939016321504772,0.9935428894042968,11,3.8556427373081323,0.0,3.981596211426114,7.080811802671853,187.9323516474575,196.84985965625344,37.25859069824219,0.0,22.148868281742228,14.902781378173827,8.0,3.0,3.8556427373081323,0.0,15.393468541020948,22.481956033221927,41.11423343555032,0.0,0.0,0.11516430037312776,uncertain_cold,207.29781799316407,207.29781799316407,POINT (555984.8206773236 8636999.887672406),ragna_mariebreen
ragna_mariebreen-20230305-DAT_0068_A1_3,3155.0,3707,192.32408142089844,555981.4519779515,8636996.772677029,399.3892333984375,2021-04-07 16:06:19.400000+00:00,0,2024-04-29,100 MHz,20230305,0.0,191.78799438476562,192.9942169189453,5.942067371282439,0.9935428894042968,11,3.8556427373081323,0.0,3.981596211426114,7.083371059221474,187.9323516474575,196.84985965625344,37.392608642578125,0.0,22.205044953361774,15.002128880310059,8.0,3.0,3.8556427373081323,0.0,15.489669197861847,22.537302462774335,41.248251379886256,0.0,0.0,0.11545639417232603,uncertain_cold,207.06515197753907,207.06515197753907,POINT (555981.4519779515 8636996.772677029),ragna_mariebreen
ragna_mariebreen-20230305-DAT_0068_A1_3,3160.0,3713,192.32408142089844,555977.7278879075,8636993.103436304,399.1332702636719,2021-04-07 16:06:20.750000128+00:00,0,2024-04-29,100 MHz,20230305,0.0,191.78799438476562,192.9942169189453,5.986337423983507,0.9935428894042968,11,3.8556427373081323,0.0,3.981596211426114,7.120548902405098,187.9323516474575,196.84985965625344,37.392608642578125,0.0,22.274681433866192,15.101476382446288,8.0,3.0,3.8556427373081323,0.0,15.585909336555888,22.60591546250627,41.248251379886256,0.0,0.0,0.1158184730133632,uncertain_cold,206.80918884277344,206.80918884277344,POINT (555977.7278879075 8636993.103436304),ragna_mariebreen
ragna_mariebreen-20230305-DAT_0068_A1_3,3165.0,3719,192.32408142089844,555974.3943552846,8636989.896805018,398.896240234375,2021-04-07 16:06:22+00:00,0,2024-04-29,100 MHz,20230305,0.0,191.6539764404297,192.8601837158203,6.046670516742134,0.9934976440429687,11,3.8556427373081323,0.14518610636393228,3.98423110423542,7.172815643893036,187.7956011446299,196.7185590116201,37.526641845703125,0.0,22.33771641368009,15.39951888885498,8.0,3.0,3.8556427373081323,0.14518610636393228,15.875523359292423,22.668494314824507,41.385017141502914,0.0,0.0,0.11614622697609212,uncertain_cold,206.57215881347656,206.57215881347656,POINT (555974.3943552846 8636989.896805018),ragna_mariebreen
ragna_mariebreen-20230305-DAT_0068_A1_3,3170.0,3726,192.1900634765625,555970.4999272472,8636986.350997139,398.59910888671874,2021-04-07 16:06:23.400000+00:00,0,2024-04-29,100 MHz,20230305,0.0,191.6539764404297,192.8601837158203,6.375464204449869,0.9934976440429687,11,3.852968751449984,0.14518610636393228,3.981643476486826,7.45070406252676,187.7982732354188,196.7158869208312,37.39262390136719,0.0,22.566161654989852,16.293702964782714,8.0,3.0,3.852968751449984,0.14518610636393228,16.74369145408802,22.893188922565276,41.24832710637807,0.0,0.0,0.11741586035607812,uncertain_cold,206.40904541015624,206.40904541015624,POINT (555970.4999272472 8636986.350997139),ragna_mariebreen
ragna_mariebreen-20230305-DAT_0068_A1_3,3175.0,3733,192.1900634765625,555966.4972979419,8636982.949744634,398.26459350585935,2021-04-07 16:06:24.800000+00:00,0,2024-04-29,100 MHz,20230305,0.0,191.6539764404297,192.8601837158203,6.873425348573838,0.9935202667236328,11,3.852968751449984,0.29037221272786456,3.9895822766256024,7.885027599443893,187.79008148564967,196.72407867060033,37.526641845703125,0.0,22.967213247909537,17.485929547119138,8.0,3.0,3.852968751449984,0.29037221272786456,17.907747383420077,23.289967123131067,41.39053680048315,0.0,0.0,0.11950260503821718,uncertain_cold,206.07453002929685,206.07453002929685,POINT (555966.4972979419 8636982.949744634),ragna_mariebreen
ragna_mariebreen-20230305-DAT_0068_A1_3,3180.0,3739,191.92202758789062,555962.7788873799,8636980.304645455,397.99432373046875,2021-04-07 16:06:26+00:00,0,2024-04-29,100 MHz,20230305,0.0,191.6539764404297,192.72616577148438,7.297188430375005,0.9934976440429687,11,3.8476208063397856,0.4355748494466146,3.9976179016469535,8.260924301023953,187.78177921936137,196.5983629925527,37.25860595703125,0.0,23.228954453760146,18.678144818115232,8.0,3.0,3.8476208063397856,0.4355748494466146,19.075298298200586,23.54948484221497,41.13080317809957,0.0,0.0,0.12103329016322764,uncertain_cold,206.07229614257812,206.07229614257812,POINT (555962.7788873799 8636980.304645455),ragna_mariebreen
ragna_mariebreen-20230305-DAT_0068_A1_3,3185.0,3746,191.78799438476562,555958.7742085964,8636977.536271175,397.6962524414063,2021-04-07 16:06:27.200000+00:00,0,2024-04-29,100 MHz,20230305,0.0,191.51995849609375,192.72616577148438,7.712478424522432,0.9934976440429687,11,3.8449465426781106,0.14520263671875,3.9738816402204735,8.618991888294504,187.67227117488866,196.57385309268946,37.25859069824219,0.0,23.555744720415422,19.57232889404297,8.0,3.0,3.8449465426781106,0.4355748494466146,19.95117534638278,23.871456777894846,41.12813064060262,0.0,0.0,0.1228217897370459,uncertain_cold,205.90825805664065,205.90825805664065,POINT (555958.7742085964 8636977.536271175),ragna_mariebreen
ragna_mariebreen-20230305-DAT_0068_A1_3,3190.0,3753,191.78799438476562,555953.9960266092,8636974.624895472,397.3672241210937,2021-04-07 16:06:28.600000+00:00,0,2024-04-29,100 MHz,20230305,0.268035888671875,191.51995849609375,192.59214782714844,7.891715892821104,0.7948252624511718,11,3.8449465426781106,0.14518610636393228,3.928923531880463,8.779742174718951,187.67227179866975,196.43983452457243,37.25859069824219,0.0,23.71476744702532,20.16842521820068,8.0,3.0,3.8395986510230715,0.4355583190917968,20.53527707707937,24.027534703268252,41.122814921843656,0.0,0.0013975634373345634,0.12365094865869802,uncertain_cold,205.5792297363281,205.84726562499998,POINT (555953.9960266092 8636974.624895472),ragna_mariebreen
ragna_mariebreen-20230305-DAT_0068_A1_3,3195.0,3759,191.6539764404297,555949.7573953359,8636971.99600187,397.06602783203124,2021-04-07 16:06:29.800000+00:00,0,2024-04-29,100 MHz,20230305,0.268035888671875,191.3859405517578,192.32408142089844,8.029312063838463,0.7948026397705078,11,3.8422725923822103,0.29037221272786456,3.9343469511828966,8.906021946671693,187.5327114259341,196.17731054672214,37.25859069824219,0.0,23.824468169447858,20.565815226745606,8.0,3.0,3.8369247186193776,0.2904052734375,20.922693002093062,24.133205549123115,41.1064896729026,0.0,0.0013985407120169328,0.12430980359467278,uncertain_cold,205.41205139160155,205.68008728027343,POINT (555949.7573953359 8636971.99600187),ragna_mariebreen
ragna_mariebreen-20230305-DAT_0068_A1_3,3200.0,3765,191.51995849609375,555945.6287695046,8636969.371573713,396.7642822265625,2021-04-07 16:06:31+00:00,0,2024-04-29,100 MHz,20230305,0.26806640625,191.25189208984375,192.1900634765625,8.171776958117213,0.9935202667236328,11,3.8395986510230715,0.14518610636393228,3.9687125528072587,9.030035185957734,187.40954947024053,196.03240609616572,37.12457275390625,0.0,23.939657925041523,20.963250480651855,8.0,3.0,3.834250186304761,0.14521916707356772,21.31150942125437,24.245201270883832,40.96157198477189,0.0,0.001399678698528266,0.12499824098243942,uncertain_cold,205.24432373046875,205.51239013671875,POINT (555945.6287695046 8636969.371573713),ragna_mariebreen
ragna_mariebreen-20230305-DAT_0068_A1_3,3205.0,3771,191.51995849609375,555941.769160831,8636966.906977285,396.4968994140625,2021-04-07 16:06:32.200000+00:00,0,2024-04-29,100 MHz,20230305,0.26806640625,191.25189208984375,192.05604553222656,8.306960336845819,0.7948252624511718,11,3.8395986510230715,0.0,3.921003060285565,9.151399228471448,187.41229343882068,195.89564418324963,37.25862121582031,0.0,24.05897830781051,21.36066311187744,8.0,3.0,3.834250186304761,0.0,21.702059880810847,24.36259246687172,41.09287140212507,0.0,0.001399678698528266,0.12562125898905319,uncertain_cold,204.97694091796876,205.24500732421876,POINT (555941.769160831 8636966.906977285),ragna_mariebreen
ragna_mariebreen-20230305-DAT_0068_A1_3,3210.0,3778,191.51995849609375,555937.3532388157,8636963.600779768,396.1754150390625,2021-04-07 16:06:33.600000+00:00,0,2024-04-29,100 MHz,20230305,0.26806640625,191.25189208984375,192.05604553222656,8.34512452778796,0.7948252624511718,11,3.8395986510230715,0.14518610636393228,3.923690100434779,9.1872030668048,187.40954947024053,195.89838815182978,37.25862121582031,0.0,24.122408811289286,21.36066311187744,8.0,3.0,3.834250186304761,0.0,21.702059880810847,24.425234519859686,41.09287140212507,0.0,0.001399678698528266,0.12595245425442847,uncertain_cold,204.65545654296875,204.92352294921875,POINT (555937.3532388157 8636963.600779768),ragna_mariebreen
ragna_mariebreen-20230305-DAT_0068_A1_3,3215.0,3783,191.3859405517578,555933.8808441841,8636960.612020757,395.91197967529297,2021-04-07 16:06:34.750000128+00:00,0,2024-04-29,100 MHz,20230305,0.1340484619140625,191.25189208984375,192.1900634765625,8.352459266156,0.7948252624511718,11,3.8369247186193776,0.14518610636393228,3.9210735136776105,9.192749648208023,187.41222149175417,196.02973407465208,37.25862121582031,0.0,24.194633422132874,21.36066311187744,8.0,3.0,3.834250186304761,0.0,21.702059880810847,24.496566308823105,41.09287140212507,0.0,0.0007004091393944941,0.12641802920517953,uncertain_cold,204.52603912353516,204.66008758544922,POINT (555933.8808441841 8636960.612020757),ragna_mariebreen
ragna_mariebreen-20230305-DAT_0068_A1_3,3220.0,3790,191.3859405517578,555929.8633312335,8636956.893811814,395.595947265625,2021-04-07 16:06:36.200000+00:00,0,2024-04-29,100 MHz,20230305,0.1340484619140625,191.3859405517578,192.1900634765625,8.351813033048028,0.5961302581787109,11,3.8369247186193776,0.14518610636393228,3.8856713173594244,9.192162489905431,187.54626995366823,196.02973407465208,37.25862121582031,0.0,24.27091213535479,21.460010614013672,8.0,3.0,3.834250186304761,0.14518610636393228,21.800335067384598,24.572336669083217,41.095619195577314,0.0,0.0007004091393944941,0.12681658885382463,uncertain_cold,204.2100067138672,204.34405517578125,POINT (555929.8633312335 8636956.893811814),ragna_mariebreen
ragna_mariebreen-20230305-DAT_0068_A1_3,3225.0,3797,191.51995849609375,555926.2611416494,8636953.415811686,395.3364562988281,2021-04-07 16:06:37.500000+00:00,0,2024-04-29,100 MHz,20230305,0.4020843505859375,191.3859405517578,192.32408142089844,8.3531033237502,0.5961302581787109,11,3.8395986510230715,0.14518610636393228,3.888311727618495,9.19445114966989,187.5435979321546,196.16642404050165,37.52665710449219,0.0,24.353340135141046,21.5593581161499,8.0,3.0,3.8315762718702686,0.14518610636393228,21.897670609291733,24.65334118269798,41.36098308602277,0.0,0.0020994383757353334,0.12715823628187428,uncertain_cold,203.81649780273438,204.2185821533203,POINT (555926.2611416494 8636953.415811686),ragna_mariebreen
ragna_mariebreen-20230305-DAT_0068_A1_3,3230.0,3803,191.51995849609375,555923.1199306042,8636950.217096146,395.1215576171875,2021-04-07 16:06:38.600000+00:00,0,2024-04-29,100 MHz,20230305,0.4020843505859375,191.3859405517578,192.32408142089844,8.360567373763892,0.7948252624511718,11,3.8395986510230715,0.0,3.921003060285565,9.200087206770567,187.54634190073475,196.1636800719215,37.52665710449219,0.0,24.4137653269866,21.5593581161499,8.0,3.0,3.8315762718702686,0.0,21.897189296975032,24.712606381527877,41.35823337636245,0.0,0.0020994383757353334,0.1274737396493564,uncertain_cold,203.60159912109373,204.00368347167966,POINT (555923.1199306042 8636950.217096146),ragna_mariebreen
ragna_mariebreen-20230305-DAT_0068_A1_3,3235.0,3809,191.51995849609375,555919.7405916837,8636946.580590038,394.8695556640625,2021-04-07 16:06:39.800000+00:00,0,2024-04-29,100 MHz,20230305,0.4020843505859375,191.3859405517578,192.32408142089844,8.364804445842434,0.5961302581787109,11,3.8395986510230715,0.0,3.885600222057643,9.203937810422424,187.54634190073475,196.1636800719215,37.660675048828125,0.0,24.487419060245543,21.65870561828613,8.0,3.0,3.8315762718702686,0.0,21.99501092945258,24.78537207627184,41.49225132069839,0.0,0.0020994383757353334,0.1278583143633304,uncertain_cold,203.34959716796874,203.75168151855468,POINT (555919.7405916837 8636946.580590038),ragna_mariebreen
ragna_mariebreen-20230305-DAT_0068_A1_3,3240.0,3815,191.51995849609375,555916.4349723753,8636942.872613506,394.6033630371094,2021-04-07 16:06:41+00:00,0,2024-04-29,100 MHz,20230305,0.4020843505859375,191.3859405517578,192.32408142089844,8.32869120144283,0.5961302581787109,11,3.8395986510230715,0.14518610636393228,3.888311727618495,9.172278557447463,187.5435979321546,196.16642404050165,37.660675048828125,0.0,24.54286709886469,21.5593581161499,8.0,3.0,3.8315762718702686,0.0,21.897189296975032,24.840155034936764,41.49225132069839,0.0,0.0020994383757353334,0.12814783008302116,uncertain_cold,203.08340454101562,203.48548889160156,POINT (555916.4349723753 8636942.872613506),ragna_mariebreen
ragna_mariebreen-20230305-DAT_0068_A1_3,3245.0,3821,191.3859405517578,555913.2169441852,8636938.944800105,394.27623291015624,2021-04-07 16:06:42.200000+00:00,0,2024-04-29,100 MHz,20230305,0.26806640625,191.3859405517578,192.1900634765625,8.29850302134927,0.5961302581787109,11,3.8369247186193776,0.14518610636393228,3.8856713173594244,9.143753206270194,187.54626995366823,196.02973407465208,37.66069030761719,0.0,24.529121163539628,21.5593581161499,8.0,3.0,3.8315762718702686,0.14518610636393228,21.897670609291733,24.82699822347132,41.49501628914777,0.0,0.0014006588230941915,0.12816574244076226,uncertain_cold,202.89029235839843,203.15835876464843,POINT (555913.2169441852 8636938.944800105),ragna_mariebreen
ragna_mariebreen-20230305-DAT_0068_A1_3,3250.0,3827,191.3859405517578,555910.1639332758,8636935.023671819,393.939208984375,2021-04-07 16:06:43.400000+00:00,0,2024-04-29,100 MHz,20230305,0.4020843505859375,191.25189208984375,192.1900634765625,8.312344927637758,0.39743525390624995,11,3.8369247186193776,0.0,3.857453314999407,9.155166273333192,187.41496737122438,196.02698819518187,37.66069030761719,0.0,24.533699440447748,21.65870561828613,8.0,3.0,3.8289023664475903,0.14518610636393228,21.995024469112288,24.83110912890311,41.49234430260017,0.0,0.002100908506793889,0.12818966413999952,uncertain_cold,202.5532684326172,202.95535278320312,POINT (555910.1639332758 8636935.023671819),ragna_mariebreen
ragna_mariebreen-20230305-DAT_0068_A1_3,3255.0,3833,191.3859405517578,555907.2568754228,8636930.99676055,393.569775390625,2021-04-07 16:06:44.600000+00:00,0,2024-04-29,100 MHz,20230305,0.4020843505859375,191.25189208984375,192.1900634765625,8.2790366857015,0.39743525390624995,11,3.8369247186193776,0.14521916707356772,3.860185835408116,9.126090529138379,187.41222024151637,196.02973532488988,37.794708251953125,0.0,24.538052923529406,21.559346804809568,8.0,3.0,3.8289023664475903,0.0,21.89671043745705,24.83498610045349,41.623610618400704,0.0,0.002100908506793889,0.12821241128155603,uncertain_cold,202.1838348388672,202.58591918945314,POINT (555907.2568754228 8636930.99676055),ragna_mariebreen
ragna_mariebreen-20230305-DAT_0068_A1_3,3260.0,3839,191.25189208984375,555904.370029213,8636926.858978938,393.19207763671875,2021-04-07 16:06:45.800000+00:00,0,2024-04-29,100 MHz,20230305,0.268035888671875,191.25189208984375,192.05604553222656,8.255535017421735,0.5961302581787109,11,3.834250186304761,0.14521916707356772,3.883031596881469,9.103648802625248,187.4148928589781,195.8930447630922,38.062713623046875,0.0,24.568525044309094,21.559369427490232,8.0,3.0,3.8289023664475903,0.14518610636393228,21.89721403394207,24.865518196693838,41.89436761802986,0.0,0.0014014809774847126,0.1284616051420167,uncertain_cold,201.940185546875,202.20822143554688,POINT (555904.370029213 8636926.858978938),ragna_mariebreen
ragna_mariebreen-20230305-DAT_0068_A1_3,3265.0,3845,191.25189208984375,555901.4281531618,8636922.718977965,392.8375244140625,2021-04-07 16:06:47+00:00,0,2024-04-29,100 MHz,20230305,0.1340179443359375,191.25189208984375,192.05604553222656,8.257731791535964,0.19874024963378906,11,3.834250186304761,0.0,3.839397371724187,9.104482897568749,187.417641903539,195.89029571853132,38.46479797363281,0.0,24.645900602756935,21.36065180053711,8.0,3.0,3.8315762718702686,0.14518610636393228,21.702062138802145,24.942383050815632,42.299123955163395,0.0,0.0007007404887423563,0.12886617922283936,uncertain_cold,201.58563232421875,201.7196502685547,POINT (555901.4281531618 8636922.718977965),ragna_mariebreen
ragna_mariebreen-20230305-DAT_0068_A1_3,3270.0,3850,191.25189208984375,555898.7275375082,8636918.452227345,392.5353291829427,2021-04-07 16:06:48.166666752+00:00,0,2024-04-29,100 MHz,20230305,0.1340179443359375,191.1178741455078,192.05604553222656,8.189387308237938,0.19874024963378906,11,3.834250186304761,0.0,3.839397371724187,9.042540515557931,187.28362395920306,195.89029571853132,38.86686706542969,0.0,24.689587112726713,21.161956796264647,8.0,3.0,3.8315762718702686,0.0,21.506031530111052,24.98512934775564,42.69844333729995,0.0,0.0007007404887423563,0.12909460315889773,uncertain_cold,201.28343709309894,201.41745503743488,POINT (555898.7275375082 8636918.452227345),ragna_mariebreen
ragna_mariebreen-20230305-DAT_0068_A1_3,3275.0,3857,191.25189208984375,555896.0867456666,8636913.679072738,392.22337646484374,2021-04-07 16:06:49.400000+00:00,0,2024-04-29,100 MHz,20230305,0.1340179443359375,191.1178741455078,192.05604553222656,8.071548961890697,0.39743525390624995,11,3.834250186304761,0.14518610636393228,3.857526186263256,8.937139147448583,187.2808761657508,195.89304351198356,39.40296936035156,0.0,24.685949761112376,20.86389166717529,8.0,3.0,3.8315762718702686,0.0,21.212801611922593,24.981535027602355,43.234545632221824,0.0,0.0007007404887423563,0.12907558451508414,uncertain_cold,200.971484375,201.10550231933593,POINT (555896.0867456666 8636913.679072738),ragna_mariebreen
ragna_mariebreen-20230305-DAT_0068_A1_3,3280.0,3862,191.1178741455078,555894.0489386842,8636909.761812914,391.96507568359374,2021-04-07 16:06:50.400000+00:00,0,2024-04-29,100 MHz,20230305,0.0,191.1178741455078,191.92202758789062,8.006016461616376,0.39743525390624995,11,3.8315762718702686,0.14518610636393228,3.854868417169114,8.876843769961978,187.28354816397723,195.7563535694212,39.5369873046875,0.0,24.649120324404986,20.56583784942627,8.0,3.0,3.8315762718702686,0.0,20.919719481294518,24.94514200188394,43.36856357655776,0.0,0.0,0.12897339107925798,uncertain_cold,200.84720153808593,200.84720153808593,POINT (555894.0489386842 8636909.761812914),ragna_mariebreen
ragna_mariebreen-20230305-DAT_0068_A1_3,3285.0,3868,191.1178741455078,555891.5134707319,8636905.303189952,391.64154663085935,2021-04-07 16:06:51.600000+00:00,0,2024-04-29,100 MHz,20230305,0.0,191.1178741455078,191.92202758789062,7.976572291327962,0.39743525390624995,11,3.8315762718702686,0.14518610636393228,3.854868417169114,8.85029724085137,187.28354816397723,195.7563535694212,40.073089599609375,0.0,24.71543381980122,20.367142845153808,8.0,3.0,3.8315762718702686,0.14518610636393228,20.724926137565372,25.011092032008804,43.90741558113996,0.0,0.0,0.12932036802054472,uncertain_cold,200.52367248535154,200.52367248535154,POINT (555891.5134707319 8636905.303189952),ragna_mariebreen
ragna_mariebreen-20230305-DAT_0068_A1_3,3290.0,3874,191.25189208984375,555889.0696311549,8636901.108898118,391.31696166992185,2021-04-07 16:06:52.800000+00:00,0,2024-04-29,100 MHz,20230305,0.268035888671875,190.98385620117188,191.92202758789062,7.936450854391974,0.39743525390624995,11,3.834250186304761,0.0,3.854793025860872,8.814120866845268,187.14960601486712,195.75627777419538,40.60917663574219,0.0,24.769848798472744,20.26779534301758,8.0,3.0,3.8289023664475903,0.14518610636393228,20.626805385316317,25.064456543808618,44.44083063072517,0.0,0.0014014809774847126,0.12951426795211363,uncertain_cold,200.0650695800781,200.33310546874998,POINT (555889.0696311549 8636901.108898118),ragna_mariebreen
ragna_mariebreen-20230305-DAT_0068_A1_3,3295.0,3881,191.1178741455078,555886.3747583112,8636896.308756556,390.951708984375,2021-04-07 16:06:54.200000+00:00,0,2024-04-29,100 MHz,20230305,0.1340179443359375,190.98385620117188,191.78799438476562,7.953674426258199,0.39743525390624995,11,3.8315762718702686,0.14518610636393228,3.854868417169114,8.829665486956687,187.1495302196413,195.6223203662962,40.34114074707031,0.0,24.88739196473707,20.26779534301758,8.0,3.0,3.8289023664475903,0.0,20.626294417520395,25.180205959011676,44.17004311351789,0.0,0.0007012318703058762,0.13022011717119156,uncertain_cold,199.83383483886718,199.9678527832031,POINT (555886.3747583112 8636896.308756556),ragna_mariebreen
ragna_mariebreen-20230305-DAT_0068_A1_3,3300.0,3887,191.1178741455078,555883.9937569392,8636892.117016036,390.62335205078125,2021-04-07 16:06:55.400000+00:00,0,2024-04-29,100 MHz,20230305,0.1340179443359375,190.98385620117188,191.78799438476562,7.996915794561759,0.39743525390624995,11,3.8315762718702686,0.0,3.8521333710304986,8.867448277405998,187.1522799293016,195.6195706566359,40.207122802734375,0.0,25.002057002188156,20.367142845153808,8.0,3.0,3.8289023664475903,0.14518610636393228,20.72443195873337,25.293960280626973,44.03877679771736,0.0,0.0007012318703058762,0.13082008741449694,uncertain_cold,199.50547790527344,199.63949584960938,POINT (555883.9937569392 8636892.117016036),ragna_mariebreen
ragna_mariebreen-20230305-DAT_0068_A1_3,3305.0,3893,191.1178741455078,555881.4772888633,8636887.770876536,390.2845886230469,2021-04-07 16:06:56.600000+00:00,0,2024-04-29,100 MHz,20230305,0.268035888671875,190.84983825683594,191.78799438476562,8.007139044320697,0.5960850128173828,11,3.8315762718702686,0.0,3.877666059585942,8.876668992490607,187.01826198496568,195.6195706566359,40.073089599609375,0.0,25.103359287106098,20.466490347290037,8.0,3.0,3.8262284700556206,0.14518610636393228,20.821583283849034,25.393695099533687,43.90207161974806,0.0,0.0014024637406117523,0.13135013875255658,uncertain_cold,199.16671447753907,199.43475036621095,POINT (555881.4772888633 8636887.770876536),ragna_mariebreen
ragna_mariebreen-20230305-DAT_0068_A1_3,3310.0,3899,191.1178741455078,555878.9076383847,8636883.571517935,389.9444274902344,2021-04-07 16:06:57.800000+00:00,0,2024-04-29,100 MHz,20230305,0.268035888671875,190.84983825683594,191.6539764404297,8.009524090126853,0.5960850128173828,11,3.8315762718702686,0.0,3.877666059585942,8.878820466564331,187.01826198496568,195.48555271229995,39.93907165527344,0.0,25.190657175577883,20.367120222473144,8.0,3.0,3.8262284700556206,0.14518610636393228,20.723915881590038,25.47999827802268,43.76805367541212,0.0,0.0014024637406117523,0.13180691386509955,uncertain_cold,198.82655334472656,199.09458923339844,POINT (555878.9076383847 8636883.571517935),ragna_mariebreen
ragna_mariebreen-20230305-DAT_0068_A1_3,3315.0,3906,191.1178741455078,555876.2638886695,8636879.257475367,389.57000732421875,2021-04-07 16:06:59+00:00,0,2024-04-29,100 MHz,20230305,0.4020538330078125,190.84983825683594,191.6539764404297,8.019833070289732,0.5960850128173828,11,3.8315762718702686,0.0,3.877666059585942,8.888121241436352,187.01826198496568,195.48555271229995,39.8050537109375,0.0,25.29439747350959,20.466467724609373,8.0,3.0,3.823554582713305,0.14518610636393228,20.821069851833894,25.58216551037768,43.63136376795967,0.0,0.0021036956109176286,0.1323497217965687,uncertain_cold,198.45213317871094,198.85418701171875,POINT (555876.2638886695 8636879.257475367),ragna_mariebreen
ragna_mariebreen-20230305-DAT_0068_A1_3,3320.0,3912,191.1178741455078,555873.5831380627,8636874.495164668,389.20989990234375,2021-04-07 16:07:00.249999872+00:00,0,2024-04-29,100 MHz,20230305,0.4020538330078125,190.7158203125,191.6539764404297,7.991319385402345,0.5961302581787109,11,3.8315762718702686,0.0,3.877673015079467,8.8624016071642,186.88424404062974,195.48555271229995,39.6710205078125,0.0,25.346182836272405,20.466490347290037,8.0,3.0,3.823554582713305,0.0,20.820585889515794,25.632958354757605,43.494575090525814,0.0,0.0021036956109176286,0.13262068212926573,uncertain_cold,198.09202575683594,198.49407958984375,POINT (555873.5831380627 8636874.495164668),ragna_mariebreen
ragna_mariebreen-20230305-DAT_0068_A1_3,3325.0,3916,191.1178741455078,555871.6338479677,8636870.91660517,388.9776672363281,2021-04-07 16:07:01.200000+00:00,0,2024-04-29,100 MHz,20230305,0.4020538330078125,190.7158203125,191.6539764404297,7.99131938540234,0.5961302581787109,11,3.8315762718702686,0.0,3.877673015079467,8.862401607164195,186.88424404062974,195.48555271229995,39.5369873046875,0.0,25.392807258830494,20.466490347290037,8.0,3.0,3.823554582713305,0.14520263671875,20.821092204502968,25.67947261796497,43.36329798897569,0.0,0.0021036956109176286,0.13286463849790237,uncertain_cold,197.8597930908203,198.2618469238281,POINT (555871.6338479677 8636870.91660517),ragna_mariebreen
ragna_mariebreen-20230305-DAT_0068_A1_3,3330.0,3922,191.1178741455078,555869.1172976221,8636866.570488859,388.7398986816406,2021-04-07 16:07:02.400000+00:00,0,2024-04-29,100 MHz,20230305,0.5360870361328125,190.7158203125,191.51995849609375,7.8874901136542865,0.39743525390624995,11,3.8315762718702686,0.0,3.8521333710304986,8.768892576611563,186.88424404062974,195.351534767964,39.40296936035156,0.0,25.404374571429127,20.267784031677245,8.0,3.0,3.8208804000022365,0.14520263671875,20.625306795088953,25.69051299998321,43.22660778949614,0.0,0.002805007320899049,0.13292516299175386,uncertain_cold,197.6220245361328,198.15811157226562,POINT (555869.1172976221 8636866.570488859),ragna_mariebreen
ragna_mariebreen-20230305-DAT_0068_A1_3,3335.0,3928,191.1178741455078,555866.5390128953,8636861.99849402,388.4967895507813,2021-04-07 16:07:03.600000+00:00,0,2024-04-29,100 MHz,20230305,0.5360870361328125,190.581787109375,191.3859405517578,7.701521667337115,0.5961302581787109,11,3.8315762718702686,0.0,3.877673015079467,8.602000506836902,186.75021083750474,195.21751682362807,39.268951416015625,0.0,25.33608850563577,19.87038271179199,8.0,3.0,3.8208804000022365,0.0,20.23440723481178,25.622578086455906,43.08983181601786,0.0,0.002805007320899049,0.13256786482642702,uncertain_cold,197.37891540527346,197.91500244140627,POINT (555866.5390128953 8636861.99849402),ragna_mariebreen
ragna_mariebreen-20230305-DAT_0068_A1_3,3340.0,3934,191.1178741455078,555863.8929822126,8636857.34930242,388.204736328125,2021-04-07 16:07:04.800000+00:00,0,2024-04-29,100 MHz,20230305,0.5360870361328125,190.581787109375,191.3859405517578,7.553371450791045,0.39743525390624995,11,3.8315762718702686,0.0,3.8521333710304986,8.469616107049037,186.75021083750474,195.21751682362807,39.13493347167969,0.0,25.316837357750824,19.472970080566405,8.0,3.0,3.8208804000022365,0.14518610636393228,19.844817202363863,25.60395398830833,42.95857127311987,0.0,0.002805007320899049,0.13246713564046772,uncertain_cold,197.0868621826172,197.62294921875002,POINT (555863.8929822126 8636857.34930242),ragna_mariebreen
ragna_mariebreen-20230305-DAT_0068_A1_3,3345.0,3940,191.1178741455078,555861.338934871,8636853.150611805,387.8902282714844,2021-04-07 16:07:06+00:00,0,2024-04-29,100 MHz,20230305,0.67010498046875,190.581787109375,191.25189208984375,7.57133875232709,0.19869500427246092,11,3.8315762718702686,0.14518610636393228,3.8394707235976187,8.48688554389243,186.74746112784442,195.08621807137433,39.00090026855469,0.0,25.40829779726123,19.47295876922607,8.0,3.0,3.8182065308173154,0.14518610636393228,19.84429145486015,25.6939949613089,42.82186613040915,0.0,0.003506239191204925,0.13294569077257837,uncertain_cold,196.77235412597656,197.4424591064453,POINT (555861.338934871 8636853.150611805),ragna_mariebreen
ragna_mariebreen-20230305-DAT_0068_A1_3,3350.0,3947,190.98385620117188,555858.6336916403,8636848.796891425,387.5259033203125,2021-04-07 16:07:07.400000+00:00,0,2024-04-29,100 MHz,20230305,0.5360870361328125,190.44776916503906,191.25189208984375,7.632363230053474,0.19869500427246092,11,3.8289023664475903,0.14518610636393228,3.8368023199002463,8.540172176996279,186.61611517005608,195.08354608482674,39.268951416015625,0.0,25.558150612765427,19.572306271362304,8.0,3.0,3.8182065308173154,0.14518610636393228,19.94178910974302,25.842191138954508,43.089917277870086,0.0,0.0028069756616922003,0.13382361798079875,uncertain_cold,196.54204711914065,197.07813415527346,POINT (555858.6336916403 8636848.796891425),ragna_mariebreen
ragna_mariebreen-20230305-DAT_0068_A1_3,3355.0,3954,190.98385620117188,555855.9789404494,8636844.55691073,387.1844991048177,2021-04-07 16:07:08.666666752+00:00,0,2024-04-29,100 MHz,20230305,0.67010498046875,190.44776916503906,191.1178741455078,7.5310052278701605,0.19869500427246092,11,3.8289023664475903,0.0,3.8340543862223435,8.44846335578226,186.61886679859148,194.9467765119554,39.53700256347656,0.0,25.577873485437802,19.373599955749512,8.0,3.0,3.8155326707392074,0.14518610636393228,19.746284303948855,25.861302763086425,43.355296497547045,0.0,0.0035086996031900115,0.13392688782289264,uncertain_cold,196.20064290364581,196.87074788411456,POINT (555855.9789404494 8636844.55691073),ragna_mariebreen
ragna_mariebreen-20230305-DAT_0068_A1_3,3360.0,3960,190.98385620117188,555853.3971063455,8636840.654965602,386.85845947265625,2021-04-07 16:07:09.800000+00:00,0,2024-04-29,100 MHz,20230305,0.67010498046875,190.31375122070312,191.1178741455078,7.462210143935496,0.19869500427246092,11,3.8289023664475903,0.14518610636393228,3.8368023199002463,8.388453526695066,186.48209722572014,194.9495281404908,39.8050537109375,0.0,25.620422323767954,19.274229830932615,8.0,3.0,3.8155326707392074,0.0,19.64826264933088,25.9029791647545,43.6205863816767,0.0,0.0035086996031900115,0.13414967544052944,uncertain_cold,195.87460327148438,196.54470825195312,POINT (555853.3971063455 8636840.654965602),ragna_mariebreen
ragna_mariebreen-20230305-DAT_0068_A1_3,3365.0,3966,190.84983825683594,555850.5813267693,8636836.89249827,386.53460693359375,2021-04-07 16:07:11+00:00,0,2024-04-29,100 MHz,20230305,0.5360870361328125,190.31375122070312,190.98385620117188,7.435070800439289,0.39739000854492185,11,3.8262284700556206,0.29037221272786456,3.857753121427029,8.366876247114783,186.47652040578092,194.82108701609408,39.9390869140625,0.0,25.692016696305647,19.37358864440918,8.0,3.0,3.8155326707392074,0.14518610636393228,19.746273206094855,25.974200478363286,43.75738084813298,0.0,0.0028089467668889192,0.1346190121561992,uncertain_cold,195.6847686767578,196.22085571289062,POINT (555850.5813267693 8636836.89249827),ragna_mariebreen
ragna_mariebreen-20230305-DAT_0068_A1_3,3370.0,3973,190.7158203125,555847.4433970072,8636832.335159872,386.1564514160156,2021-04-07 16:07:12.400000+00:00,0,2024-04-29,100 MHz,20230305,0.5360870361328125,190.1797332763672,190.84983825683594,7.432766069769673,0.3974126312255859,11,3.823554582713305,0.14518610636393228,3.8468929608096296,8.359824166834393,186.35342321934502,194.6761483138581,40.07310485839844,0.0,25.781717633949008,19.472936146545408,8.0,3.0,3.8128588197870723,0.14518610636393228,19.84324100424484,26.062538931228215,43.8887268765115,0.0,0.002810920642316929,0.1351839485140982,uncertain_cold,195.4406311035156,195.97671813964843,POINT (555847.4433970072 8636832.335159872),ragna_mariebreen
ragna_mariebreen-20230305-DAT_0068_A1_3,3375.0,3979,190.7158203125,555844.6683811893,8636828.537121424,385.8571472167969,2021-04-07 16:07:13.600000+00:00,0,2024-04-29,100 MHz,20230305,0.5360870361328125,190.1797332763672,190.84983825683594,7.368001638351649,0.3974126312255859,11,3.823554582713305,0.14520263671875,3.8468935847194468,8.302294959554892,186.353422592079,194.67614894112413,40.341156005859375,0.0,25.8189744326093,19.472924835205077,8.0,3.0,3.8128588197870723,0.14521916707356772,19.843230145912745,26.099395045438243,44.1567792820901,0.0,0.002810920642316929,0.13537930094264475,uncertain_cold,195.14132690429688,195.6774139404297,POINT (555844.6683811893 8636828.537121424),ragna_mariebreen
ragna_mariebreen-20230305-DAT_0068_A1_3,3380.0,3985,190.581787109375,555841.4491659863,8636824.237133877,385.50653076171875,2021-04-07 16:07:15+00:00,0,2024-04-29,100 MHz,20230305,0.536102294921875,190.04568481445312,190.7158203125,7.353517404656169,0.5961076354980468,11,3.8208804000022365,0.29038874308268225,3.8779887785203124,8.292024534081625,186.21378546123017,194.54771966572295,39.93907165527344,0.0,25.723031054172925,19.47294745788574,8.0,3.0,3.8101843691136237,0.14521916707356772,19.84273862728384,26.004094295842492,43.752022419855024,0.0,0.0028129775832892445,0.1349710874492454,uncertain_cold,194.92474365234375,195.46084594726562,POINT (555841.4491659863 8636824.237133877),ragna_mariebreen
ragna_mariebreen-20230305-DAT_0068_A1_3,3385.0,3991,190.44776916503906,555838.7890042533,8636820.518211875,385.19371337890624,2021-04-07 16:07:16.200000+00:00,0,2024-04-29,100 MHz,20230305,0.4020843505859375,190.04568481445312,190.7158203125,7.341362126744807,0.5960850128173828,11,3.8182065308173154,0.4355583190917968,3.888923951919293,8.28637496359591,186.2027156288746,194.5587894980785,39.402984619140625,0.0,25.596155585606304,19.373611267089842,8.0,3.0,3.8101843691136237,0.0,19.744728877727045,25.87818938197189,43.21316898825424,0.0,0.0021112578653389082,0.13439987088231564,uncertain_cold,194.74594421386718,195.1480285644531,POINT (555838.7890042533 8636820.518211875),ragna_mariebreen
ragna_mariebreen-20230305-DAT_0068_A1_3,3390.0,3998,190.1797332763672,555835.8553437209,8636815.96915587,384.834130859375,2021-04-07 16:07:17.600000+00:00,0,2024-04-29,100 MHz,20230305,0.1340484619140625,190.04568481445312,190.581787109375,7.292505506306558,0.7948252624511718,11,3.8128588197870723,0.4355913798014323,3.919104416523749,8.240647352562592,186.2080250809977,194.41944684283044,38.598846435546875,0.0,25.420104709973284,18.976187324523924,8.0,3.0,3.8101843691136237,0.14518610636393228,19.355471301612404,25.704480298152788,42.411795941128986,0.0,0.0007048514560658505,0.13366358376911305,uncertain_cold,194.65439758300784,194.7884460449219,POINT (555835.8553437209 8636815.96915587),ragna_mariebreen
ragna_mariebreen-20230305-DAT_0068_A1_3,3395.0,4005,190.04568481445312,555833.1420833025,8636811.615167364,384.51123046875,2021-04-07 16:07:19+00:00,0,2024-04-29,100 MHz,20230305,0.1340179443359375,189.9116668701172,190.581787109375,7.2475183723529915,0.7948252624511718,11,3.8101843691136237,0.2904052734375,3.9030228473977275,8.193190020198008,186.09043144823096,194.40302253126123,37.9287109375,0.0,25.238770603303653,18.876839822387694,8.0,3.0,3.8075105364732145,0.14518610636393228,19.25755169202247,25.524767522095484,41.73898855085517,0.0,0.000705188041847848,0.1328037025831182,uncertain_cold,194.46554565429688,194.5995635986328,POINT (555833.1420833025 8636811.615167364),ragna_mariebreen
ragna_mariebreen-20230305-DAT_0068_A1_3,3400.0,4013,189.9116668701172,555830.7589044662,8636807.27451856,384.1998779296875,2021-04-07 16:07:20.400000+00:00,0,2024-04-29,100 MHz,20230305,0.0,189.77764892578125,190.44776916503906,7.2087711487220725,0.7948252624511718,11,3.8075105364732145,0.29037221272786456,3.9004101970317935,8.15768557753526,185.959082112528,194.26633597829232,37.25859069824219,0.0,25.029271508927064,18.578786004638673,8.0,3.0,3.8075105364732145,0.14518610636393228,18.96548193157752,25.31763511385737,41.068868311597356,0.0,0.0,0.13179428058016507,uncertain_cold,194.2882110595703,194.2882110595703,POINT (555830.7589044662 8636807.27451856),ragna_mariebreen
ragna_mariebreen-20230305-DAT_0068_A1_3,3405.0,4019,189.77764892578125,555828.7663917346,8636803.396431142,383.9081176757812,2021-04-07 16:07:21.600000+00:00,0,2024-04-29,100 MHz,20230305,0.0,189.6436309814453,190.31375122070312,7.199774745420289,0.9935202667236328,11,3.8048367130165826,0.14518610636393228,3.9350913507300627,8.14460666963063,185.8360252484157,194.12135695373274,36.588470458984375,0.0,24.858838531190692,18.479415879821776,8.0,3.0,3.8048367130165826,0.14518610636393228,18.867609087470758,25.148751749102992,40.39607619201399,0.0,0.0,0.1309892849442589,uncertain_cold,194.13046874999998,194.13046874999998,POINT (555828.7663917346 8636803.396431142),ragna_mariebreen
ragna_mariebreen-20230305-DAT_0068_A1_3,3410.0,4026,189.77764892578125,555826.2645856544,8636798.67868514,383.4808044433594,2021-04-07 16:07:23+00:00,0,2024-04-29,100 MHz,20230305,0.0,189.5095977783203,190.1797332763672,7.153725296882003,0.9935428894042968,11,3.8048367130165826,0.0,3.932417816789649,8.102627230470889,185.70476106530373,193.98456998938377,36.18641662597656,0.0,24.6893663491401,18.181373373413084,8.0,3.0,3.8048367130165826,0.0,18.575228670360243,24.980824508706085,39.99125333899315,0.0,0.0,0.1300962810367394,uncertain_cold,193.70315551757812,193.70315551757812,POINT (555826.2645856544 8636798.67868514),ragna_mariebreen
ragna_mariebreen-20230305-DAT_0068_A1_3,3415.0,4032,189.77764892578125,555823.7934027503,8636794.371728042,383.04298706054686,2021-04-07 16:07:24.200000+00:00,0,2024-04-29,100 MHz,20230305,0.0,189.24156188964844,190.04568481445312,7.108885714331068,0.9934976440429687,11,3.8048367130165826,0.14518610636393228,3.9350856390832054,8.064373349344653,185.43395615661882,193.85329054748274,35.78434753417969,0.0,24.539830027993418,17.982678369140626,8.0,3.0,3.8048367130165826,0.14518610636393228,18.38136509474087,24.833467724444112,39.591953267209306,0.0,0.0,0.1293083256479298,uncertain_cold,193.2653381347656,193.2653381347656,POINT (555823.7934027503 8636794.371728042),ragna_mariebreen
ragna_mariebreen-20230305-DAT_0068_A1_3,3420.0,4038,189.6436309814453,555821.2959763199,8636790.324334573,382.6480773925781,2021-04-07 16:07:25.400000+00:00,0,2024-04-29,100 MHz,20230305,0.0,189.1075439453125,190.04568481445312,7.103462866905683,0.9934976440429687,11,3.802162898763103,0.29038874308268225,3.940533707451151,8.06225483548788,185.294308005741,193.85892075402464,35.114227294921875,0.0,24.391033445889175,17.982678369140626,8.0,3.0,3.802162898763103,0.29038874308268225,18.382532188433615,24.687310118547224,38.92746323449339,0.0,0.0,0.128615094109201,uncertain_cold,193.0044464111328,193.0044464111328,POINT (555821.2959763199 8636790.324334573),ragna_mariebreen
ragna_mariebreen-20230305-DAT_0068_A1_3,3425.0,4045,189.5095977783203,555818.3131753462,8636785.624410426,382.26202392578125,2021-04-07 16:07:26.800000+00:00,0,2024-04-29,100 MHz,20230305,0.0,188.97349548339844,189.9116668701172,7.06321335553675,0.9934976440429687,11,3.7994887893031475,0.29038874308268225,3.9379535612889556,8.025548179905355,185.16292588264983,193.7222364708658,34.578125,0.0,24.20661444840382,17.883319555664063,8.0,3.0,3.7994887893031475,0.29038874308268225,18.284790373754525,24.504706154855683,38.38869460074861,0.0,0.0,0.12773292082398705,uncertain_cold,192.75242614746094,192.75242614746094,POINT (555818.3131753462 8636785.624410426),ragna_mariebreen
ragna_mariebreen-20230305-DAT_0068_A1_3,3430.0,4050,189.37557983398438,555815.614720844,8636781.680604383,381.98394775390625,2021-04-07 16:07:28+00:00,0,2024-04-29,100 MHz,20230305,0.0,188.97349548339844,189.77764892578125,7.016197816088924,0.9935428894042968,11,3.7968149935153694,0.4355583190917968,3.9487520329085015,7.989527328872727,185.15177922701398,193.5993651821657,34.310089111328125,0.0,24.05119866952452,17.883319555664063,8.0,3.0,3.7968149935153694,0.4355583190917968,18.28711659814936,24.35293971136239,38.13180536771259,0.0,0.0,0.12700264041757095,uncertain_cold,192.60836791992188,192.60836791992188,POINT (555815.614720844 8636781.680604383),ragna_mariebreen
ragna_mariebreen-20230305-DAT_0068_A1_3,3435.0,4056,189.1075439453125,555812.975874015,8636777.81987974,381.71201578776044,2021-04-07 16:07:29.166666752+00:00,0,2024-04-29,100 MHz,20230305,0.0,188.70545959472656,189.77764892578125,6.981917869962042,0.9935202667236328,11,3.7914674297442303,0.5807774861653645,3.9622733726534416,7.966159984719311,184.86976829337712,193.6133402271307,33.90803527832031,0.0,23.88705193610387,17.88330824432373,8.0,3.0,3.7914674297442303,0.5807774861653645,18.29003120611731,24.193052266247257,37.743726579669755,0.0,0.0,0.12631464318002936,uncertain_cold,192.60447184244794,192.60447184244794,POINT (555812.975874015 8636777.81987974),ragna_mariebreen
ragna_mariebreen-20230305-DAT_0068_A1_3,3440.0,4063,188.8394775390625,555810.5816005511,8636773.360923361,381.3906188964844,2021-04-07 16:07:30.400000+00:00,0,2024-04-29,100 MHz,20230305,0.0,188.57144165039062,189.6436309814453,6.784254657862712,0.7948252624511718,11,3.786119294329015,0.4355913798014323,3.893094702017706,7.781423418872646,184.76034742942892,193.45472520240702,33.37190246582031,0.0,23.579231299267214,17.58527704925537,8.0,3.0,3.786119294329015,0.5807774861653645,17.99761013852658,23.888326656835336,37.202307379054304,0.0,0.0,0.1248638876073448,uncertain_cold,192.5511413574219,192.5511413574219,POINT (555810.5816005511 8636773.360923361),ragna_mariebreen
ragna_mariebreen-20230305-DAT_0068_A1_3,3445.0,4069,188.70545959472656,555808.3285370637,8636768.913879093,381.0682800292969,2021-04-07 16:07:31.600000+00:00,0,2024-04-29,100 MHz,20230305,0.1340179443359375,188.3033905029297,189.37557983398438,6.633911302247288,0.7948252624511718,11,3.7834455450478983,0.14518610636393228,3.868757732871688,7.638345263465656,184.51716029362862,193.16181004328544,32.9698486328125,0.0,23.356061173228742,17.187864418029783,8.0,3.0,3.78077180512692,0.580760955810547,17.608356027261912,23.667215980293072,36.79496545851032,0.0,0.0007101964332338939,0.12376992813768826,uncertain_cold,192.36282043457032,192.49683837890626,POINT (555808.3285370637 8636768.913879093),ragna_mariebreen
ragna_mariebreen-20230305-DAT_0068_A1_3,3450.0,4075,188.70545959472656,555806.1567024123,8636764.209499322,380.69374389648436,2021-04-07 16:07:32.800000+00:00,0,2024-04-29,100 MHz,20230305,0.402069091796875,188.16937255859375,189.24156188964844,6.437450506066768,0.9934976440429687,11,3.7834455450478983,0.14518610636393228,3.9144063108653957,7.468353782185416,184.38314234929268,193.0277920989495,32.8358154296875,0.0,23.061097422883513,16.790451786804198,8.0,3.0,3.775424049025425,0.580760955810547,17.219476799332487,23.375314423243125,36.65564658272993,0.0,0.002130670160049312,0.12220683743019782,uncertain_cold,191.9882843017578,192.39035339355468,POINT (555806.1567024123 8636764.209499322),ragna_mariebreen
ragna_mariebreen-20230305-DAT_0068_A1_3,3455.0,4081,188.57144165039062,555804.1847057213,8636759.624886137,380.3368225097656,2021-04-07 16:07:34+00:00,0,2024-04-29,100 MHz,20230305,0.5360870361328125,187.90133666992188,189.1075439453125,6.302613761648716,0.9934976440429687,11,3.78077180512692,0.4355748494466146,3.9333190133311127,7.362533607423255,184.09555673777746,192.91332387745692,32.567779541015625,0.0,22.82229580810966,16.591745471191405,8.0,3.0,3.7700766350253243,0.5807774861653645,17.02459391889278,23.138884291928605,36.38232804934535,0.0,0.0028428856004967707,0.12102731786089829,uncertain_cold,191.765380859375,192.3014678955078,POINT (555804.1847057213 8636759.624886137),ragna_mariebreen
ragna_mariebreen-20230305-DAT_0068_A1_3,3460.0,4087,188.3033905029297,555802.2598524097,8636755.042178925,379.9997863769531,2021-04-07 16:07:35.200000+00:00,0,2024-04-29,100 MHz,20230305,0.536102294921875,187.7672882080078,188.97349548339844,6.109723802061732,0.9935428894042968,11,3.775424049025425,0.4355748494466146,3.9281903813990247,7.195295486420947,183.9668208420869,192.77396284931936,32.03167724609375,0.0,22.540105085395922,16.19434415130615,8.0,3.0,3.7647286500351695,0.4355913798014323,16.631888171506464,22.856492708183467,35.82152178888873,0.0,0.0028470135003412704,0.11970100498559656,uncertain_cold,191.69639587402344,192.2324981689453,POINT (555802.2598524097 8636755.042178925),ragna_mariebreen
ragna_mariebreen-20230305-DAT_0068_A1_3,3465.0,4093,188.16937255859375,555800.4180864108,8636750.351136072,379.66913452148435,2021-04-07 16:07:36.400000+00:00,0,2024-04-29,100 MHz,20230305,0.536102294921875,187.63327026367188,188.8394775390625,5.919481465292401,0.9934976440429687,11,3.772750337305391,0.4355583190917968,3.925607433975912,7.033037535440024,183.83546087443602,192.63728692829835,31.763641357421875,0.0,22.276985293626975,15.697572706604003,8.0,3.0,3.7620549761979896,0.4355748494466146,16.14795875559897,22.59661162355717,35.55082805646464,0.0,0.0028490411995976605,0.11838794481121087,uncertain_cold,191.4997619628906,192.03586425781248,POINT (555800.4180864108 8636750.351136072),ragna_mariebreen
ragna_mariebreen-20230305-DAT_0068_A1_3,3470.0,4099,187.90133666992188,555798.617464282,8636745.81068278,379.35732421875,2021-04-07 16:07:37.600000+00:00,0,2024-04-29,100 MHz,20230305,0.5361175537109375,187.36521911621094,188.70545959472656,5.790829776947091,0.9935428894042968,11,3.7674029422053237,0.5807774861653645,3.9392581649924554,6.932844792936806,183.55331310774562,192.51736560319188,31.227554321289062,0.0,21.97293779839534,15.002117568969727,8.0,3.0,3.7567073526941512,0.580760955810547,15.4762290295398,22.29933023464451,35.028887432393674,0.0,0.0028531864818647458,0.11693869872248033,uncertain_cold,191.45598754882815,191.99210510253909,POINT (555798.617464282 8636745.81068278),ragna_mariebreen
ragna_mariebreen-20230305-DAT_0068_A1_3,3475.0,4106,187.63327026367188,555796.60353997,8636740.703150699,378.9844055175781,2021-04-07 16:07:39+00:00,0,2024-04-29,100 MHz,20230305,0.5360870361328125,187.09718322753906,188.4374237060547,5.661480627239811,0.9935428894042968,11,3.7620549761979896,0.5807940165201824,3.9341462614711644,6.822224140716383,183.29056013960906,192.2440467939847,30.825454711914062,0.0,21.695179606884913,14.902770066833495,8.0,3.0,3.7513600718501725,0.5807774861653645,15.37863974940621,22.024777480194967,34.62150593352689,0.0,0.002857100104792053,0.1156254409273885,uncertain_cold,191.35113525390625,191.88722229003906,POINT (555796.60353997 8636740.703150699),ragna_mariebreen
ragna_mariebreen-20230305-DAT_0068_A1_3,3480.0,4113,187.36521911621094,555794.8382594098,8636736.164129619,378.6360626220703,2021-04-07 16:07:40.249999872+00:00,0,2024-04-29,100 MHz,20230305,0.536102294921875,186.82911682128906,188.3033905029297,5.5099327545645105,0.9935202667236328,11,3.7567073526941512,0.871166229248047,3.982318828667433,6.725410001820812,182.9727220369382,192.15978528728056,27.474868774414062,0.0,21.32462329266336,2.384430541992187,7.0,2.0,3.746012220600615,0.5807774861653645,4.478327707404949,21.658935075837096,31.265635193665673,0.0,0.0028612690095346045,0.11381313668166465,uncertain_cold,191.27084350585938,191.80694580078125,POINT (555794.8382594098 8636736.164129619),ragna_mariebreen
ragna_mariebreen-20230305-DAT_0068_A1_3,3485.0,4118,186.82911682128906,555793.096904584,8636731.812234363,378.29735107421874,2021-04-07 16:07:41.400000+00:00,0,2024-04-29,100 MHz,20230305,0.268035888671875,186.5610809326172,188.16937255859375,5.369780704865777,0.9935202667236328,11,3.746012220600615,0.7259635925292969,3.942932058120935,6.587425560332048,182.74537251941695,191.985080971794,26.536697387695312,0.0,21.07414714613149,3.179255804443359,7.0,2.0,3.7406650167448325,0.871166229248047,4.985897395310865,21.421278750422044,30.377466238652232,0.0,0.0014346580085172916,0.11279905137211517,uncertain_cold,191.46823425292968,191.73627014160155,POINT (555793.096904584 8636731.812234363),ragna_mariebreen
ragna_mariebreen-20230305-DAT_0068_A1_3,3490.0,4124,186.69509887695312,555791.1974084306,8636727.379495446,377.93824462890626,2021-04-07 16:07:42.600000+00:00,0,2024-04-29,100 MHz,20230305,0.670135498046875,186.29302978515625,188.0353546142578,5.22008354726344,0.9934976440429687,11,3.7433386138406077,0.4355748494466146,3.897351279530688,6.438290275201252,182.52443463213962,191.80394976727445,26.000595092773438,0.0,20.776049082000014,3.775363439941406,7.0,2.0,3.7299698122168983,0.5807940165201824,5.338854333405362,21.116207328669336,29.775511845454872,0.0,0.003589464865858891,0.11128331277562395,uncertain_cold,191.24314575195314,191.91328125,POINT (555791.1974084306 8636727.379495446),ragna_mariebreen
ragna_mariebreen-20230305-DAT_0068_A1_3,3495.0,4130,186.4270477294922,555789.1953603344,8636722.756463531,377.539697265625,2021-04-07 16:07:43.800000+00:00,0,2024-04-29,100 MHz,20230305,0.4020843505859375,186.1590118408203,187.7672882080078,4.997258465787095,0.5961076354980468,11,3.7379911249297724,0.4355748494466146,3.8102030671111558,6.255788940925434,182.39572828792078,191.53057176090735,25.330490112304688,0.0,20.515811903635534,3.974058444213867,7.0,2.0,3.7299698122168983,0.14518610636393228,5.452237552010919,20.85263273236461,29.063284481879634,0.0,0.002156791922003542,0.11004740006076916,uncertain_cold,191.11264953613284,191.51473388671877,POINT (555789.1953603344 8636722.756463531),ragna_mariebreen
ragna_mariebreen-20230305-DAT_0068_A1_3,3500.0,4136,186.29302978515625,555787.0817569676,8636718.166164398,377.1443786621094,2021-04-07 16:07:45+00:00,0,2024-04-29,100 MHz,20230305,0.4020843505859375,186.02496337890625,187.63327026367188,4.81527176962165,0.5961302581787109,11,3.7353175472258373,0.4355913798014323,3.807585627860098,6.109760980929269,182.2643335076253,191.39390013495282,24.794403076171875,0.0,20.291719760019916,4.172798693847656,7.0,2.0,3.727296263757867,0.4355583190917968,5.612013669488888,20.635802366429473,28.5470619318572,0.0,0.002158343503509735,0.10892366602991795,uncertain_cold,190.85134887695312,191.25343322753906,POINT (555787.0817569676 8636718.166164398),ragna_mariebreen
ragna_mariebreen-20230305-DAT_0068_A1_3,3505.0,4142,186.02496337890625,555785.0594578867,8636713.654016139,376.8218566894531,2021-04-07 16:07:46.200000+00:00,0,2024-04-29,100 MHz,20230305,0.4020538330078125,185.8909454345703,187.49925231933594,4.847985544893801,0.6954551376342774,10,3.7299698122168983,0.5807774861653645,3.8384417589625914,6.144342204987054,182.11603122514967,191.27416652875658,23.990234375,0.0,20.031356537565642,4.371493698120117,7.0,2.0,3.7219491962295668,0.580760955810547,5.770627891296734,20.38247859908558,27.757221116031616,0.0,0.002161289676960647,0.10768101320232293,uncertain_cold,190.79689331054686,191.19894714355468,POINT (555785.0594578867 8636713.654016139),ragna_mariebreen
ragna_mariebreen-20230305-DAT_0068_A1_3,3510.0,4149,185.75692749023438,555782.8302028637,8636708.612281542,376.45436401367186,2021-04-07 16:07:47.600000+00:00,0,2024-04-29,100 MHz,20230305,0.402069091796875,185.62290954589844,187.36521911621094,4.490129235272043,0.5961076354980468,11,3.7246227250883917,0.4355583190917968,3.797087015947096,5.850109917174177,181.87290614675666,191.1152225153527,23.32012939453125,0.0,18.457142187025802,3.6760272491455077,8.0,2.0,3.7166018636332203,0.4355748494466146,5.2455725329741325,18.832656545859905,27.062168258871424,0.0,0.002164490429666547,0.09936179735744247,uncertain_cold,190.6974365234375,191.09950561523436,POINT (555782.8302028637 8636708.612281542),ragna_mariebreen
ragna_mariebreen-20230305-DAT_0068_A1_3,3515.0,4155,185.62290954589844,555780.967297412,8636704.44165528,376.1181335449219,2021-04-07 16:07:48.800000+00:00,0,2024-04-29,100 MHz,20230305,0.402069091796875,185.3548583984375,187.09718322753906,4.386003656913147,0.5961076354980468,11,3.7219491962295668,0.29038874308268225,3.780552308131992,5.759710020467919,181.62159823586873,190.83044339010783,22.650009155273438,0.0,18.25072413178994,3.576691058349609,8.0,2.0,3.7139283643346563,0.4355913798014323,5.174526323485548,18.62986674885965,26.389394632269187,0.0,0.002166053170810021,0.09832150663103972,uncertain_cold,190.49522399902344,190.8972930908203,POINT (555780.967297412 8636704.44165528),ragna_mariebreen
ragna_mariebreen-20230305-DAT_0068_A1_3,3520.0,4162,185.48887634277344,555778.749571526,8636699.95886357,375.75916544596356,2021-04-07 16:07:50.166666752+00:00,0,2024-04-29,100 MHz,20230305,0.536102294921875,184.95277404785156,186.963134765625,4.26535745869593,0.7948252624511718,11,3.7192753728060897,0.4355748494466146,3.8281172847841134,5.675914816017355,181.20807983493748,190.70782897853908,22.113906860351562,0.0,18.054229638410636,3.77538606262207,8.0,2.0,3.7085807866619613,0.5807774861653645,5.323947206864075,18.440338439847025,25.86768814588683,0.0,0.0028902126396581694,0.09733322016058468,uncertain_cold,190.27028910319012,190.806391398112,POINT (555778.749571526 8636699.95886357),ragna_mariebreen
ragna_mariebreen-20230305-DAT_0068_A1_3,3525.0,4170,185.22084045410156,555776.3892453734,8636695.17247062,375.4341552734375,2021-04-07 16:07:51.600000+00:00,0,2024-04-29,100 MHz,20230305,0.536102294921875,184.6847381591797,186.69509887695312,3.95379516015759,0.9935202667236328,11,3.7139283643346563,0.4355583190917968,3.869115850569761,5.442009841338506,180.94535653319664,190.43448050293617,21.175750732421875,0.0,17.739724813348836,3.8747222534179686,8.0,2.0,3.7032338575318064,0.4355583190917968,5.377464513507494,18.127368493696054,24.904510855157042,0.0,0.0028943951102236966,0.09577607341515551,uncertain_cold,190.21331481933595,190.74941711425782,POINT (555776.3892453734 8636695.17247062),ragna_mariebreen
ragna_mariebreen-20230305-DAT_0068_A1_3,3530.0,4177,185.08682250976562,555773.9031207189,8636690.641625686,375.1470031738281,2021-04-07 16:07:53+00:00,0,2024-04-29,100 MHz,20230305,0.536102294921875,184.55072021484375,186.4270477294922,3.6453502685203434,0.7948252624511718,11,3.7112548749317384,0.2904052734375,3.80650695091648,5.2102136760162,180.828120589643,190.14964735469295,21.443801879882812,0.0,17.570044124532156,3.6760159378051758,8.0,2.0,3.700560407928374,0.14518610636393228,5.218076227232197,17.956104167558593,25.14720927553998,0.0,0.00289649088818081,0.0949286604323499,uncertain_cold,190.0601806640625,190.59628295898438,POINT (555773.9031207189 8636690.641625686),ragna_mariebreen
ragna_mariebreen-20230305-DAT_0068_A1_3,3535.0,4183,184.95277404785156,555771.7161045296,8636686.551015414,374.86138916015625,2021-04-07 16:07:54.249999872+00:00,0,2024-04-29,100 MHz,20230305,0.4020538330078125,184.55072021484375,186.29302978515625,3.33197533718644,0.7948252624511718,11,3.7085807866619613,0.2904052734375,3.803899824110663,4.993993023789406,180.8307865226876,190.0129634773124,21.711822509765625,0.0,17.432770425462728,3.576668435668945,8.0,2.0,3.700560407928374,0.4355748494466146,5.164923027587923,17.826535207075025,25.437929430158192,0.0,0.0021738188847267134,0.09425525253788551,uncertain_cold,189.9086151123047,190.3106689453125,POINT (555771.7161045296 8636686.551015414),ragna_mariebreen
ragna_mariebreen-20230305-DAT_0068_A1_3,3540.0,4189,184.81875610351562,555769.3574945573,8636681.932247082,374.4893371582031,2021-04-07 16:07:55.600000+00:00,0,2024-04-29,100 MHz,20230305,0.67010498046875,184.55072021484375,185.08682250976562,1.1837556700572585,0.4967375106811523,10,3.705907317116864,0.29037221272786456,3.7503084165842275,3.9011975791258635,180.8334544098488,188.80408831476058,21.845855712890625,0.0,17.278453242917678,2.3844531646728515,7.0,2.0,3.6925398148395168,0.14518610636393234,4.397902475518818,17.669206992883087,25.541248694652666,0.0,0.0036257412104506812,0.09348863506710403,uncertain_cold,189.6705810546875,190.34068603515624,POINT (555769.3574945573 8636681.932247082),ragna_mariebreen
ragna_mariebreen-20230305-DAT_0068_A1_3,3545.0,4195,184.6847381591797,555767.2025382151,8636677.97324691,374.12920532226565,2021-04-07 16:07:56.800000+00:00,0,2024-04-29,100 MHz,20230305,0.0,184.41668701171875,186.02496337890625,2.968227076876319,0.5961076354980468,11,3.7032338575318064,0.14518610636393228,3.7537134043704103,4.748198815230125,180.71060822018572,189.73104217043928,21.979888916015625,0.0,17.256864910430032,3.0799083023071288,8.0,2.0,3.7032338575318064,0.580760955810547,4.851500741212379,17.659292478131597,25.72838518670389,0.0,0.0,0.09343958294786843,uncertain_cold,189.44446716308596,189.44446716308596,POINT (555767.2025382151 8636677.97324691),ragna_mariebreen
ragna_mariebreen-20230305-DAT_0068_A1_3,3550.0,4202,184.6847381591797,555764.717484892,8636673.219076693,373.6905212402344,2021-04-07 16:07:58.200000+00:00,0,2024-04-29,100 MHz,20230305,0.0,184.41668701171875,185.75692749023438,2.8285663306968774,0.7948026397705078,11,3.7032338575318064,0.14518610636393228,3.790347114082982,4.662167682119876,180.71060822018572,189.4630062817674,22.3819580078125,0.0,17.23256333245345,3.0799309249877926,8.0,2.0,3.7032338575318064,0.14518610636393228,4.81881671281936,17.626578199300912,26.08803679934553,0.0,0.0,0.09330799883204594,uncertain_cold,189.0057830810547,189.0057830810547,POINT (555764.717484892 8636673.219076693),ragna_mariebreen
ragna_mariebreen-20230305-DAT_0068_A1_3,3555.0,4208,184.55072021484375,555762.4614514867,8636669.03262069,373.3458312988281,2021-04-07 16:07:59.400000+00:00,0,2024-04-29,100 MHz,20230305,0.0,184.2826690673828,185.62290954589844,2.640206563527974,1.1922378936767577,11,3.700560407928374,0.29038874308268225,3.898705445395298,4.555124987630125,180.5707325168965,189.33484609638475,22.5159912109375,0.0,17.14807216288513,3.0799083023071288,8.0,2.0,3.705907317116864,0.0,4.818670376118364,17.54394847081398,26.221898528054368,0.0,0.0,0.09291793683016945,uncertain_cold,188.79511108398435,188.79511108398435,POINT (555762.4614514867 8636669.03262069),ragna_mariebreen
ragna_mariebreen-20230305-DAT_0068_A1_3,3560.0,4214,184.41668701171875,555760.1518808728,8636664.806778042,373.026220703125,2021-04-07 16:08:00.600000+00:00,0,2024-04-29,100 MHz,20230305,0.0,184.14865112304688,185.3548583984375,2.4330532050301583,0.9935202667236328,11,3.69788666394081,0.4355748494466146,3.8537220643440717,4.447902778538359,180.42519960210268,189.0783099193817,22.784042358398438,0.0,17.0390907316421,3.179255804443359,8.0,2.0,3.7032338575318064,0.580760955810547,4.915169555717348,17.44654227210927,26.5325386290867,0.0,0.0,0.09239451704584278,uncertain_cold,188.60953369140623,188.60953369140623,POINT (555760.1518808728 8636664.806778042),ragna_mariebreen
ragna_mariebreen-20230305-DAT_0068_A1_3,3565.0,4222,184.14865112304688,555757.4171080523,8636660.191473732,372.6650390625,2021-04-07 16:08:02+00:00,0,2024-04-29,100 MHz,20230305,0.0,183.880615234375,185.08682250976562,2.2802645839896507,1.1922378936767577,11,3.6925398148395168,0.5807444254557291,3.9234609169700865,4.378552380053304,180.14268607883005,188.82475166531057,22.918060302734375,0.0,16.919923853548546,3.2786146179199216,8.0,2.0,3.6952132343667814,0.7259470621744792,4.993086600226093,17.33393847901856,26.683906819059644,0.0,0.0,0.09188187776755839,uncertain_cold,188.51638793945312,188.51638793945312,POINT (555757.4171080523 8636660.191473732),ragna_mariebreen
ragna_mariebreen-20230305-DAT_0068_A1_3,3570.0,4229,183.880615234375,555754.7945868047,8636655.915787002,372.29567260742186,2021-04-07 16:08:03.400000+00:00,0,2024-04-29,100 MHz,20230305,0.0,183.74656677246094,184.95277404785156,2.1828726341878353,1.3908876525878906,11,3.687193006012691,0.4355913798014323,3.964807760266275,4.306978645272386,180.0337333377717,188.6656074825408,22.918075561523438,0.0,16.806255377459884,3.3779621200561523,8.0,2.0,3.6898664053808528,0.7259635925292969,5.054974313660804,17.22185695677547,26.67867886780772,0.0,0.0,0.0913976460000341,uncertain_cold,188.41505737304686,188.41505737304686,POINT (555754.7945868047 8636655.915787002),ragna_mariebreen
ragna_mariebreen-20230305-DAT_0068_A1_3,3575.0,4236,183.74656677246094,555752.1544653304,8636651.490469981,371.9181640625,2021-04-07 16:08:04.800000+00:00,0,2024-04-29,100 MHz,20230305,0.1340179443359375,183.47853088378906,184.6847381591797,2.099751065904947,1.3908876525878906,11,3.6845190079936594,0.4355913798014323,3.962321116788157,4.263141413229551,179.7683529675128,188.39491607545594,23.186111450195312,0.0,16.735953614628254,3.4773209335327144,8.0,2.0,3.6818456288747683,0.7259635925292969,5.116128540930839,17.151535026449697,26.938845170104344,0.0,0.000729362984517126,0.09108172146341599,uncertain_cold,188.17159729003907,188.305615234375,POINT (555752.1544653304 8636651.490469981),ragna_mariebreen
ragna_mariebreen-20230305-DAT_0068_A1_3,3580.0,4242,183.47853088378906,555749.854920072,8636647.600131739,371.5952453613281,2021-04-07 16:08:06+00:00,0,2024-04-29,100 MHz,20230305,0.1340179443359375,183.21047973632812,184.55072021484375,1.8380893509799425,1.3909328979492186,11,3.6791722599124674,0.580760955810547,3.9759635476826,4.153572470547403,179.48575265828558,188.2754472928863,23.32012939453125,0.0,16.58833784342585,3.576668435668945,8.0,2.0,3.6764989011289146,0.7259470621744792,5.180366821547718,17.00636926903318,27.06761432539915,0.0,0.0007304284795087077,0.09041023908095552,uncertain_cold,188.11671447753906,188.250732421875,POINT (555749.854920072 8636647.600131739),ragna_mariebreen
ragna_mariebreen-20230305-DAT_0068_A1_3,3585.0,4248,183.21047973632812,555747.3978040542,8636643.126360202,371.2423629760742,2021-04-07 16:08:07.249999872+00:00,0,2024-04-29,100 MHz,20230305,0.268035888671875,182.94244384765625,184.2826690673828,1.672202145715754,1.3909102752685547,11,3.673825248169298,0.4355748494466146,3.9523852035706604,4.059923326824413,179.24288746836473,187.98222544667433,23.32012939453125,0.0,16.420122728113196,3.775363439941406,8.0,2.0,3.6684785816985688,0.7259801228841146,5.3139581619401355,16.840582313254597,27.05975267010379,0.0,0.0014629943060987857,0.08962436401970357,uncertain_cold,188.0318832397461,188.29991912841797,POINT (555747.3978040542 8636643.126360202),ragna_mariebreen
ragna_mariebreen-20230305-DAT_0068_A1_3,3590.0,4254,183.0764617919922,555744.8916443879,8636638.501689818,370.85320434570315,2021-04-07 16:08:08.600000+00:00,0,2024-04-29,100 MHz,20230305,0.4020843505859375,182.67437744140625,184.14865112304688,1.5998341051899767,1.1922152709960936,11,3.671151909811131,0.4355583190917968,3.8843847191847867,4.028217541092959,178.97747774108439,187.84555082336874,23.45416259765625,0.0,16.284496108010238,3.6760272491455077,8.0,2.0,3.6631313475552774,0.5807774861653645,5.221973773808041,16.7015163158822,27.163048381537806,0.0,0.002196264591582383,0.08894915243944553,uncertain_cold,187.77674255371096,188.1788269042969,POINT (555744.8916443879 8636638.501689818),ragna_mariebreen
ragna_mariebreen-20230305-DAT_0068_A1_3,3595.0,4261,182.8084259033203,555742.4947663052,8636633.900046108,370.4500427246094,2021-04-07 16:08:10+00:00,0,2024-04-29,100 MHz,20230305,0.4020843505859375,182.40634155273438,183.880615234375,1.4915457790220723,1.1922378936767577,11,3.6658052638540277,0.7259635925292969,3.922573462065017,4.023662533202368,178.6693439115553,187.61761287555407,23.58819580078125,0.0,16.10194479027286,3.3779508087158203,8.0,2.0,3.657784763413659,0.7259470621744792,5.031594198526421,16.528127980552917,27.317322845082742,0.0,0.0021994847808524047,0.08808097717984018,uncertain_cold,187.64161682128906,188.043701171875,POINT (555742.4947663052 8636633.900046108),ragna_mariebreen
ragna_mariebreen-20230305-DAT_0068_A1_3,3600.0,4268,182.40634155273438,555740.4405921308,8636629.845876588,370.1183166503906,2021-04-07 16:08:11.333333248+00:00,0,2024-04-29,100 MHz,20230305,0.402069091796875,182.0042724609375,183.612548828125,1.4323424092726393,1.3908876525878906,11,3.657784763413659,0.871166229248047,4.00910070172412,4.023670557071531,178.24417672087404,187.37264456818846,23.588180541992188,0.0,15.966181630050512,3.179255804443359,8.0,2.0,3.6497646605793737,0.871166229248047,4.918066708238423,16.40117887593324,27.340474863683426,0.0,0.002204249525396217,0.08753084730573706,uncertain_cold,187.71197509765625,188.11404418945312,POINT (555740.4405921308 8636629.845876588),ragna_mariebreen
ragna_mariebreen-20230305-DAT_0068_A1_3,3605.0,4276,182.0042724609375,555738.1594696387,8636625.236500131,369.7597595214844,2021-04-07 16:08:12.800000+00:00,0,2024-04-29,100 MHz,20230305,0.4020843505859375,181.60218811035156,183.21047973632812,1.3629510707818977,1.1922378936767577,11,3.6497646605793737,0.7259470621744792,3.907583960686273,3.9630060353271417,177.88092740802313,186.93174043865656,23.588180541992188,0.0,15.760148233775103,2.881213298034668,8.0,2.0,3.641744347230734,0.8711496988932292,4.724679222681745,16.1988726780302,27.332670318780032,0.0,0.002209202812380322,0.08659218830787399,uncertain_cold,187.7554870605469,188.15757141113284,POINT (555738.1594696387 8636625.236500131),ragna_mariebreen
ragna_mariebreen-20230305-DAT_0068_A1_3,3610.0,4283,181.73623657226562,555735.9096614829,8636620.305719439,369.4082397460937,2021-04-07 16:08:14.200000+00:00,0,2024-04-29,100 MHz,20230305,0.536102294921875,181.20013427734375,182.94244384765625,1.3281187978210187,1.3909102752685547,11,3.6444181803657223,0.5807774861653645,3.943820198191648,3.9221149782919817,177.50972964345647,186.63284848154353,23.722213745117188,0.0,15.591547351762431,2.7818544845581052,8.0,2.0,3.6337247370777774,0.7259470621744792,4.633537414890136,16.025832378512536,27.42774401782185,0.0,0.002949892135070703,0.08579217687036567,uncertain_cold,187.6720031738281,188.20810546874998,POINT (555735.9096614829 8636620.305719439),ragna_mariebreen
ragna_mariebreen-20230305-DAT_0068_A1_3,3615.0,4289,181.46817016601562,555733.8862659319,8636616.203160021,369.1011962890625,2021-04-07 16:08:15.400000+00:00,0,2024-04-29,100 MHz,20230305,0.5360870361328125,180.9320831298828,182.8084259033203,1.2833453150150507,1.3909328979492186,11,3.6390711333197103,0.5807774861653645,3.938887600375869,3.9021937931589763,177.2469588169461,186.49355021625703,23.722198486328125,0.0,15.448308717247986,2.4838006668090817,8.0,2.0,3.6283780787409037,0.580760955810547,4.435276374987556,15.879315255812564,27.39676115011295,0.0,0.0029541656569434453,0.08512957783789381,uncertain_cold,187.63302612304688,188.1691131591797,POINT (555733.8862659319 8636616.203160021),ragna_mariebreen
ragna_mariebreen-20230305-DAT_0068_A1_3,3620.0,4295,181.20013427734375,555731.8123291042,8636611.986872302,368.78880004882814,2021-04-07 16:08:16.600000+00:00,0,2024-04-29,100 MHz,20230305,0.5360870361328125,180.66404724121094,182.5403594970703,1.2602309843327246,1.3909328979492186,11,3.6337247370777774,0.580760955810547,3.933946247630025,3.8896556256971095,176.98420502276664,186.2202017155146,23.722213745117188,0.0,15.270887589924609,2.285071728515625,8.0,2.0,3.623031767212344,0.5807774861653645,4.322639758194956,15.70552990060443,27.391500007412134,0.0,0.0029585355345944785,0.0842763591253806,uncertain_cold,187.5886657714844,188.1247528076172,POINT (555731.8123291042 8636611.986872302),ragna_mariebreen
ragna_mariebreen-20230305-DAT_0068_A1_3,3625.0,4302,180.9320831298828,555729.2918455461,8636606.933498278,368.4245910644531,2021-04-07 16:08:18+00:00,0,2024-04-29,100 MHz,20230305,0.536102294921875,180.39598083496094,182.0042724609375,1.2530875276572342,1.3909328979492186,11,3.6283780787409037,0.4355748494466146,3.9101850670211737,3.8632992744192225,176.74155161389808,185.65870168200036,23.856231689453125,0.0,15.088652898400612,2.086388035583496,8.0,2.0,3.6176848896169824,0.5807774861653645,4.216391998382688,15.52715018080951,27.520238573862542,0.0,0.002963002943690378,0.08339401524255464,uncertain_cold,187.4925079345703,188.0286102294922,POINT (555729.2918455461 8636606.933498278),ragna_mariebreen
ragna_mariebreen-20230305-DAT_0068_A1_3,3630.0,4308,180.79806518554688,555727.04793915,8636602.635904152,368.1308166503906,2021-04-07 16:08:19.200000+00:00,0,2024-04-29,100 MHz,20230305,0.6701202392578125,180.12794494628906,181.3341522216797,1.2068908809678793,1.3909328979492186,11,3.625704917658758,0.4355583190917968,3.9077028451332354,3.846041185144589,176.47617178804595,184.9859253799228,23.990249633789062,0.0,14.929712110637618,1.7883229064941406,8.0,2.0,3.6123386635570784,0.580760955810547,4.072391524143396,15.371485862288749,27.648975355679596,0.0,0.003706456916837528,0.08257672500707221,uncertain_cold,187.33275146484374,188.00287170410155,POINT (555727.04793915 8636602.635904152),ragna_mariebreen
ragna_mariebreen-20230305-DAT_0068_A1_3,3635.0,4314,180.530029296875,555724.5504227675,8636598.086087765,367.76234436035156,2021-04-07 16:08:20.500000+00:00,0,2024-04-29,100 MHz,20230305,0.670135498046875,179.85989379882812,180.9320831298828,1.2231465795939727,1.1922378936767577,11,3.6203586274252193,0.4355913798014323,3.8364264148355987,3.846144042609685,176.21342476134413,184.5785521673668,24.124298095703125,0.0,14.828425754881074,1.887670408630371,8.0,2.0,3.6069921761670476,0.4355748494466146,4.094315276089457,15.267034039931302,27.757494760955467,0.0,0.003712044476239805,0.08213827811713403,uncertain_cold,187.23231506347656,187.90245056152344,POINT (555724.5504227675 8636598.086087765),ragna_mariebreen
ragna_mariebreen-20230305-DAT_0068_A1_3,3640.0,4319,180.39598083496094,555722.3920097693,8636594.108414859,367.4242431640625,2021-04-07 16:08:21.600000+00:00,0,2024-04-29,100 MHz,20230305,0.67010498046875,179.7258758544922,180.66404724121094,1.1883466826000324,0.9934976440429687,11,3.6176848896169824,0.7259801228841146,3.821220834773201,3.8764492692968875,176.0360667673732,184.35385632832993,24.25830078125,0.0,14.684365658981635,1.7883455291748045,8.0,2.0,3.604319100838012,0.4355913798014323,4.047102143823722,15.126514827861117,27.888845648184315,0.0,0.003714633648527955,0.08140073626371941,uncertain_cold,187.02826232910155,187.6983673095703,POINT (555722.3920097693 8636594.108414859),ragna_mariebreen
ragna_mariebreen-20230305-DAT_0068_A1_3,3645.0,4326,179.85989379882812,555719.9171686262,8636589.646394998,367.03929138183594,2021-04-07 16:08:22.833333248+00:00,0,2024-04-29,100 MHz,20230305,0.4020843505859375,179.4578094482422,180.12794494628906,1.1849057985959566,0.7948252624511718,11,3.6069921761670476,0.871166229248047,3.7948742213337097,3.8952952275095756,175.74710558537296,183.8386488091583,23.990249633789062,0.0,14.528701032865282,1.7883229064941406,8.0,2.0,3.598972373995755,0.5807774861653645,4.060542261214978,14.979087366712363,27.635781781119704,0.0,0.0022355420215896806,0.08077788063811224,uncertain_cold,187.1793975830078,187.58148193359375,POINT (555719.9171686262 8636589.646394998),ragna_mariebreen
ragna_mariebreen-20230305-DAT_0068_A1_3,3650.0,4333,179.59182739257812,555717.3119251748,8636584.968147377,366.6709838867188,2021-04-07 16:08:24.200000+00:00,0,2024-04-29,100 MHz,20230305,0.4020538330078125,179.1897735595703,179.85989379882812,1.20784143288538,0.5960850128173828,11,3.6016454276458463,0.5807774861653645,3.6965483383048423,3.842919879715605,175.54160247326985,183.5080648851286,24.124252319335938,0.0,14.384404228308805,1.887693031311035,8.0,2.0,3.5936262993433292,0.580760955810547,4.100587549069798,14.837874452579594,27.76450413303317,0.0,0.002238708959338914,0.08009498225587552,uncertain_cold,187.07915649414065,187.48121032714846,POINT (555717.3119251748 8636584.968147377),ragna_mariebreen
ragna_mariebreen-20230305-DAT_0068_A1_3,3655.0,4339,179.32379150390625,555715.1252058422,8636581.007962514,366.4107299804688,2021-04-07 16:08:25.400000+00:00,0,2024-04-29,100 MHz,20230305,0.402069091796875,178.92172241210938,179.59182739257812,1.1902735849413486,0.5961076354980468,11,3.5962993312201603,0.8711331685384115,3.748010964519904,3.8870288247029343,175.22141946815162,183.29213033653588,24.124282836914062,0.0,14.240257746847062,1.887704342651367,8.0,2.0,3.5882799640449417,0.7259801228841146,4.119008123863563,14.703324145778293,27.78526634400464,0.0,0.0022421402560413553,0.07941086694308971,uncertain_cold,187.08693847656252,187.4890075683594,POINT (555715.1252058422 8636581.007962514),ragna_mariebreen
ragna_mariebreen-20230305-DAT_0068_A1_3,3660.0,4346,178.78770446777344,555712.4133098146,8636576.207528006,366.1242431640625,2021-04-07 16:08:26.800000+00:00,0,2024-04-29,100 MHz,20230305,0.26806640625,178.51963806152344,179.32379150390625,1.2327322712840278,0.5961302581787109,11,3.5856069650119706,0.871166229248047,3.7377639293086493,3.8903903093635344,174.82971829186386,183.01371127356583,23.990264892578125,0.0,14.069987591226981,1.9870631561279295,8.0,2.0,3.580260391290965,0.871166229248047,4.1863605978069165,14.544474754548906,27.674989450591823,0.0,0.0014993559375237634,0.07869661749453863,uncertain_cold,187.33653869628904,187.60460510253904,POINT (555712.4133098146 8636576.207528006),ragna_mariebreen
ragna_mariebreen-20230305-DAT_0068_A1_3,3665.0,4352,178.51963806152344,555710.028170961,8636572.090430079,365.84393310546875,2021-04-07 16:08:28+00:00,0,2024-04-29,100 MHz,20230305,0.402069091796875,178.25160217285156,179.0557403564453,1.27210946079569,0.5961302581787109,11,3.580260391290965,0.5807774861653645,3.67572281906562,3.843673950549057,174.6245417986803,182.68280073061658,24.124252319335938,0.1340179443359375,13.968948518182504,2.086399346923828,8.0,2.0,3.572241222296462,0.8711331685384115,4.2276284820743255,14.444767324233197,27.80117771259617,0.0,0.0022522401241834773,0.0782488059569579,uncertain_cold,187.3242950439453,187.7263641357422,POINT (555710.028170961 8636572.090430079),ragna_mariebreen
ragna_mariebreen-20230305-DAT_0068_A1_3,3670.0,4358,178.25160217285156,555707.5325912845,8636567.782730343,365.4770812988281,2021-04-07 16:08:29.200000+00:00,0,2024-04-29,100 MHz,20230305,0.5360870361328125,177.8495330810547,178.92172241210938,1.2908393223149595,0.7948252624511718,11,3.574914470427987,0.580760955810547,3.707970328427665,3.844939910415238,174.2277521988547,182.54350329430937,24.124282836914062,0.134033203125,13.782913016941546,2.285094351196289,8.0,2.0,3.5642224577211397,0.7259635925292969,4.29562114945801,14.254802562588457,27.76168642543732,0.0,0.003007473871752165,0.0773228001820493,uncertain_cold,187.22547912597656,187.76156616210938,POINT (555707.5325912845 8636567.782730343),ragna_mariebreen
ragna_mariebreen-20230305-DAT_0068_A1_3,3675.0,4364,177.98355102539062,555704.9056007687,8636563.804821497,365.0603088378906,2021-04-07 16:08:30.400000+00:00,0,2024-04-29,100 MHz,20230305,0.536102294921875,177.5814666748047,178.65365600585938,1.3000432770350476,0.9935428894042968,11,3.569568289617546,0.580760955810547,3.750497105067933,3.843073455478198,173.96496269139237,182.2701599892717,24.25830078125,0.1340179443359375,13.698174752747518,2.285116973876953,8.0,2.0,3.558876061958457,0.4355913798014323,4.251717095343811,14.159637362282544,27.843735019182446,0.0,0.0030120889926811057,0.07696315009915368,uncertain_cold,187.07675781249998,187.61286010742185,POINT (555704.9056007687 8636563.804821497),ragna_mariebreen
ragna_mariebreen-20230305-DAT_0068_A1_3,3680.0,4371,177.71551513671875,555701.717467614,8636559.35753599,364.6280497233073,2021-04-07 16:08:31.800000+00:00,0,2024-04-29,100 MHz,20230305,0.4020843505859375,177.5814666748047,178.3856201171875,1.2860251550228448,0.7948252624511718,11,3.5642224577211397,0.29037221272786456,3.663297005141512,3.800244524948326,174.00543566961917,181.961651122373,24.392318725585938,0.1340484619140625,13.595780045457687,2.3844531646728515,8.0,2.0,3.55620318526086,0.4355748494466146,4.303710426927944,14.059926798841996,27.97509789047035,0.0,0.002262516867346157,0.07650305621880163,uncertain_cold,186.91253458658855,187.3146189371745,POINT (555701.717467614 8636559.35753599),ragna_mariebreen
ragna_mariebreen-20230305-DAT_0068_A1_3,3685.0,4377,177.71551513671875,555698.9145046421,8636555.447012302,364.2738749186198,2021-04-07 16:08:33+00:00,0,2024-04-29,100 MHz,20230305,0.670135498046875,177.3134307861328,178.25160217285156,1.2771058562355964,0.9935202667236328,11,3.5642224577211397,0.14518610636393228,3.7029506145769,3.788899589806531,173.7462525268353,181.81878043214908,24.660385131835938,0.0,13.516278004804773,2.3844644760131835,8.0,2.0,3.550857161385203,0.580760955810547,4.316426844708872,13.986981124299977,28.25842207833253,0.0,0.003770832825323841,0.07605570056394081,uncertain_cold,186.55835978190106,187.22849527994794,POINT (555698.9145046421 8636555.447012302),ragna_mariebreen
ragna_mariebreen-20230305-DAT_0068_A1_3,3690.0,4383,177.8495330810547,555695.922686344,8636551.370649053,363.9120101928711,2021-04-07 16:08:34.249999872+00:00,0,2024-04-29,100 MHz,20230305,1.0721893310546875,177.04537963867188,177.98355102539062,1.261920787463366,1.1922378936767577,11,3.5668953680840803,0.14518610636393228,3.7636754333310383,3.786326141020204,173.47553068215555,181.55339998190695,25.196456909179688,0.0,13.437315902830422,2.6824956710815426,8.0,2.0,3.545511487123158,0.4355583190917968,4.467230213457054,13.90402177167138,28.76862190462046,0.0,0.0060286316892720695,0.07555440641334933,uncertain_cold,186.0624771118164,187.1346664428711,POINT (555695.922686344 8636551.370649053),ragna_mariebreen
ragna_mariebreen-20230305-DAT_0068_A1_3,3695.0,4388,177.8495330810547,555693.0023360928,8636547.539179305,363.614599609375,2021-04-07 16:08:35.400000+00:00,0,2024-04-29,100 MHz,20230305,1.206207275390625,176.77734375,177.98355102539062,1.2647626821328743,1.5896279022216795,11,3.5668953680840803,0.14518610636393228,3.90777922097225,3.7872742460055266,173.20749479348368,181.55339998190695,25.464508056640625,0.0,13.383357484801579,2.980538177490234,8.0,2.0,3.542838667040089,0.29037221272786456,4.638925486583685,13.847392512982122,29.019226307444598,0.0,0.0067821784769088915,0.07525101276876635,uncertain_cold,185.7650665283203,186.97127380371091,POINT (555693.0023360928 8636547.539179305),ragna_mariebreen
ragna_mariebreen-20230305-DAT_0068_A1_3,3700.0,4394,177.71551513671875,555690.1409279357,8636543.514626976,363.32659301757815,2021-04-07 16:08:36.600000+00:00,0,2024-04-29,100 MHz,20230305,1.206207275390625,176.64332580566406,177.98355102539062,1.2549122846439733,1.5896279022216795,11,3.5642224577211397,0.4355913798014323,3.9268738769920706,3.803712189484293,173.05258471526489,181.5742921157898,25.598541259765625,0.0,13.302443075228936,3.079885679626465,8.0,2.0,3.5401658583566458,0.2904052734375,4.701362071472748,13.768518485923627,29.15059834369802,0.0,0.006787293019760682,0.0748524576765017,uncertain_cold,185.6110778808594,186.81728515625002,POINT (555690.1409279357 8636543.514626976),ragna_mariebreen
ragna_mariebreen-20230305-DAT_0068_A1_3,3705.0,4400,177.44744873046875,555687.3064550789,8636539.60285908,363.04295043945314,2021-04-07 16:08:37.800000+00:00,0,2024-04-29,100 MHz,20230305,1.0721893310546875,176.50930786132812,177.71551513671875,1.197924872872749,1.5895826568603515,11,3.558876061958457,0.4355913798014323,3.9220035310450023,3.7802596042580783,172.92387362339568,181.3009493746512,25.7325439453125,0.0,13.237856919896387,2.881201986694336,8.0,2.0,3.537492452470286,0.2904052734375,4.571598512802271,13.705438479150283,29.281936579852186,0.0,0.006042292175658575,0.0746015624039985,uncertain_cold,185.5955017089844,186.66769104003907,POINT (555687.3064550789 8636539.60285908),ragna_mariebreen
ragna_mariebreen-20230305-DAT_0068_A1_3,3710.0,4406,177.3134307861328,555684.3772580047,8636535.501126248,362.7190246582031,2021-04-07 16:08:39+00:00,0,2024-04-29,100 MHz,20230305,1.0721893310546875,176.37525939941406,177.44744873046875,1.1340668654062922,1.5896279022216795,11,3.55620318526086,0.4355748494466146,3.9195948019982403,3.757980069071998,172.79248023452965,181.03022789535316,25.8665771484375,0.0,13.168851257351209,2.682506982421875,8.0,2.0,3.534819666666301,0.29037221272786456,4.446921385466292,13.63810505664243,29.41330325821471,0.0,0.006046859091841228,0.07426877478466289,uncertain_cold,185.4055938720703,186.477783203125,POINT (555684.3772580047 8636535.501126248),ragna_mariebreen
ragna_mariebreen-20230305-DAT_0068_A1_3,3715.0,4412,177.04537963867188,555681.3862737713,8636531.173526153,362.37388916015624,2021-04-07 16:08:40.200000+00:00,0,2024-04-29,100 MHz,20230305,0.9381561279296875,176.24124145507812,177.3134307861328,1.1185506875037328,1.3909328979492186,11,3.550857161385203,0.4355748494466146,3.8383598524146265,3.7482619532986345,172.66376859983086,180.89090364138008,26.000595092773438,0.0,13.099060245567223,2.5831368576049805,8.0,2.0,3.5321468923397004,0.29037221272786456,4.385541439332983,13.570031577265732,29.54465740754577,0.0,0.005298958548618158,0.07398702113718424,uncertain_cold,185.32850952148436,186.26666564941405,POINT (555681.3862737713 8636531.173526153),ragna_mariebreen
ragna_mariebreen-20230305-DAT_0068_A1_3,3720.0,4418,176.91136169433594,555678.5805723597,8636527.262937944,362.04173787434894,2021-04-07 16:08:41.333333248+00:00,0,2024-04-29,100 MHz,20230305,0.9381561279296875,176.1072235107422,177.17941284179688,1.0523590334242452,1.1922152709960936,11,3.5481843185800903,0.4355583190917968,3.7683816500381195,3.726497355852724,172.5324056121706,180.75423074036846,26.134628295898438,0.0,13.020517973948799,2.384430541992187,8.0,2.0,3.529474129516559,0.4355748494466146,4.281637781268082,13.497436845205863,29.690878157817195,0.0,0.005302972736994788,0.07359910550259288,uncertain_cold,185.130376180013,186.0685323079427,POINT (555678.5805723597 8636527.262937944),ragna_mariebreen
ragna_mariebreen-20230305-DAT_0068_A1_3,3725.0,4425,176.64332580566406,555675.5386408574,8636522.896067781,361.6967712402344,2021-04-07 16:08:42.600000+00:00,0,2024-04-29,100 MHz,20230305,0.93817138671875,175.97320556640625,177.04537963867188,1.0337274687249114,0.9935202667236328,11,3.542838667040089,0.4355583190917968,3.7051989677202313,3.7161820931704734,172.40369343307424,180.6148917720039,26.268661499023438,0.0,12.933702328866671,2.285083039855957,8.0,2.0,3.524128334177711,0.4355748494466146,4.222654433441358,13.412302632171546,29.81960587555548,0.0,0.00531110576886946,0.07321930941843686,uncertain_cold,185.05344543457034,185.99161682128909,POINT (555675.5386408574 8636522.896067781),ragna_mariebreen
ragna_mariebreen-20230305-DAT_0068_A1_3,3730.0,4431,176.50930786132812,555672.7325321712,8636519.059938228,361.40277709960935,2021-04-07 16:08:43.800000+00:00,0,2024-04-29,100 MHz,20230305,0.93817138671875,175.83917236328125,176.91136169433594,1.0186065474554151,0.9935428894042968,11,3.5401658583566458,0.4355913798014323,3.7026533226751326,3.7094572990331622,172.2723090136656,180.4782250439516,26.536712646484375,0.0,12.913461412123935,2.1857468490600587,8.0,2.0,3.521455606023504,0.29037221272786456,4.154811054102799,13.388145922775593,30.07011972848312,0.0,0.005315138323786359,0.0731602291606582,uncertain_cold,184.89346923828123,185.83164062499998,POINT (555672.7325321712 8636519.059938228),ragna_mariebreen
ragna_mariebreen-20230305-DAT_0068_A1_3,3735.0,4437,176.24124145507812,555669.9200431943,8636515.18632738,361.034912109375,2021-04-07 16:08:45+00:00,0,2024-04-29,100 MHz,20230305,0.8041229248046875,175.7051544189453,176.77734375,0.9782085391808258,1.1922378936767577,11,3.534819666666301,0.4355913798014323,3.7558116461195135,3.693451214262138,172.14359718565422,180.3389009832911,26.536697387695312,0.0,12.851504404761362,2.086376724243164,8.0,2.0,3.51878288947785,0.2904052734375,4.101114004948659,13.327690486791893,30.067443519339776,0.0,0.00456262630792719,0.07291996072347835,uncertain_cold,184.79367065429688,185.59779357910156,POINT (555669.9200431943 8636515.18632738),ragna_mariebreen
ragna_mariebreen-20230305-DAT_0068_A1_3,3740.0,4444,176.1072235107422,555666.7732379604,8636510.8152558,360.58424072265626,2021-04-07 16:08:46.400000+00:00,0,2024-04-29,100 MHz,20230305,0.8041534423828125,175.57113647460938,176.64332580566406,0.9635816980811831,0.7948252624511718,11,3.5321468923397004,0.4355748494466146,3.6465784396288554,3.6870417420219774,172.0122339585891,180.20222832168434,26.80474853515625,0.0,12.886491346124826,1.9870292221069334,8.0,2.0,3.516109575959891,0.2904052734375,4.049153850189449,13.360726813566213,30.332830418134193,0.0,0.004566271765301898,0.07317412136327717,uncertain_cold,184.47701721191407,185.2811706542969,POINT (555666.7732379604 8636510.8152558),ragna_mariebreen
ragna_mariebreen-20230305-DAT_0068_A1_3,3745.0,4450,175.83917236328125,555664.0857385192,8636506.574379342,360.17774200439453,2021-04-07 16:08:47.750000128+00:00,0,2024-04-29,100 MHz,20230305,0.6701202392578125,175.43711853027344,176.50930786132812,0.9740307293474175,0.7948252624511718,11,3.5268010739140783,0.580760955810547,3.661605699769713,3.704638304135579,171.8628201232073,180.08360626839425,26.938766479492188,0.0,12.924572002763854,1.887670408630371,8.0,2.0,3.513436882713497,0.29037221272786456,3.9989816606674706,13.396757675100467,30.464182022479434,0.0,0.0038109838112372,0.07350223405318282,uncertain_cold,184.33856964111328,185.0086898803711,POINT (555664.0857385192 8636506.574379342),ragna_mariebreen
ragna_mariebreen-20230305-DAT_0068_A1_3,3750.0,4457,175.57113647460938,555661.4674766287,8636502.373527756,359.8181091308594,2021-04-07 16:08:49.200000+00:00,0,2024-04-29,100 MHz,20230305,0.536102294921875,175.30307006835938,176.37525939941406,0.9743646219365065,0.9934976440429687,11,3.521455606023504,0.5807774861653645,3.7047253126716226,3.699640319019187,171.73404329994884,179.9442861678246,27.072799682617188,0.0,12.971946567197968,1.887693031311035,8.0,2.0,3.510764201155319,0.4355748494466146,4.009809933905151,13.445690330653289,30.61048122927795,0.0,0.003053476247215639,0.07388427749383474,uncertain_cold,184.24697265625002,184.7830749511719,POINT (555661.4674766287 8636502.373527756),ragna_mariebreen
ragna_mariebreen-20230305-DAT_0068_A1_3,3755.0,4464,175.30307006835938,555658.838342987,8636498.246706555,359.5071533203125,2021-04-07 16:08:50.600000+00:00,0,2024-04-29,100 MHz,20230305,0.5360870361328125,174.90101623535156,176.1072235107422,1.0105637710963418,0.9934976440429687,11,3.516109575959891,0.7259635925292969,3.7251962708767192,3.7297840183162547,171.31074470135377,179.69749504473998,27.206802368164062,0.0,12.991464124293337,1.887681719970703,8.0,2.0,3.505418568912224,0.4355748494466146,4.005125100250505,13.463128346916474,30.73917901749593,0.0,0.0030580584579823133,0.07410859444291147,uncertain_cold,184.20408325195314,184.74017028808595,POINT (555658.838342987 8636498.246706555),ragna_mariebreen
ragna_mariebreen-20230305-DAT_0068_A1_3,3760.0,4472,174.90101623535156,555655.9789611083,8636493.775540868,359.1763916015625,2021-04-07 16:08:52+00:00,0,2024-04-29,100 MHz,20230305,0.2680511474609375,174.63296508789062,175.97320556640625,0.9965720511709816,1.1921926483154297,11,3.508091531312073,0.580760955810547,3.750375019988644,3.692850570092513,171.07712630078885,179.52904435350803,27.206832885742188,0.0,13.029730339683281,1.7883229064941406,8.0,2.0,3.50274592258065,0.14518610636393228,3.9355313264574763,13.493116049619506,30.71258644291595,0.0,0.0015325877072105778,0.07449773946510478,uncertain_cold,184.27537536621094,184.54342651367188,POINT (555655.9789611083 8636493.775540868),ragna_mariebreen
ragna_mariebreen-20230305-DAT_0068_A1_3,3765.0,4478,174.76698303222656,555653.4812020215,8636490.100794347,358.8852966308594,2021-04-07 16:08:53.200000+00:00,0,2024-04-29,100 MHz,20230305,0.1340179443359375,174.63296508789062,175.83917236328125,0.9701628432480088,0.7948026397705078,11,3.505418568912224,0.14520263671875,3.597326004850112,3.640090533407619,171.1245404914393,179.34759695973258,27.340850830078125,0.0,13.05731269243067,1.5896165908813475,8.0,2.0,3.50274592258065,0.14518610636393228,3.8493101862076182,13.51975305808311,30.846604387251887,0.0,0.0007668378890034679,0.0747126972491305,uncertain_cold,184.11831359863282,184.25233154296876,POINT (555653.4812020215 8636490.100794347),ragna_mariebreen
ragna_mariebreen-20230305-DAT_0068_A1_3,3770.0,4485,174.76698303222656,555650.5199645401,8636485.811697548,358.51849365234375,2021-04-07 16:08:54.600000+00:00,0,2024-04-29,100 MHz,20230305,0.0,174.63296508789062,175.7051544189453,0.9615407004060694,0.5961076354980468,11,3.505418568912224,0.0,3.555742349548642,3.634903005832758,171.1275465189784,179.21057298785755,27.072799682617188,0.0,13.017158707135568,1.2915740844726562,8.0,2.0,3.505418568912224,0.0,3.735789469303109,13.48088944209654,30.57821825152942,0.0,0.0,0.07448293997691337,uncertain_cold,183.7515106201172,183.7515106201172,POINT (555650.5199645401 8636485.811697548),ragna_mariebreen
ragna_mariebreen-20230305-DAT_0068_A1_3,3775.0,4492,174.76698303222656,555647.4172040786,8636481.51690972,358.11590576171875,2021-04-07 16:08:56+00:00,0,2024-04-29,100 MHz,20230305,0.1340179443359375,174.4989471435547,175.57113647460938,0.9762100831002014,0.5961076354980468,11,3.505418568912224,0.0,3.555742349548642,3.6388109966884965,170.99352857464245,179.0765550435216,26.80474853515625,0.0,12.971160135702887,1.1922265823364258,8.0,2.0,3.50274592258065,0.5807444254557291,3.745383466279904,13.448326600432525,30.355310897072087,0.0,0.0007668378890034679,0.07421974054052898,uncertain_cold,183.3489227294922,183.48294067382812,POINT (555647.4172040786 8636481.51690972),ragna_mariebreen
ragna_mariebreen-20230305-DAT_0068_A1_3,3780.0,4499,174.76698303222656,555644.4357159385,8636477.338705897,357.7144470214844,2021-04-07 16:08:57.400000+00:00,0,2024-04-29,100 MHz,20230305,0.53607177734375,174.2309112548828,175.43711853027344,1.041280759560933,0.9934976440429687,11,3.505418568912224,0.29037221272786456,3.6550393888326336,3.6683158241120535,170.7134867190613,178.95454306609494,26.536697387695312,0.0,12.909573130490894,1.3908989639282225,8.0,2.0,3.494728054467578,0.7259635925292969,3.8307632712316466,13.393924955884039,30.106031683101207,0.0,0.0030673515560138715,0.07386734557356525,uncertain_cold,182.9474639892578,183.48353576660156,POINT (555644.4357159385 8636477.338705897),ragna_mariebreen
ragna_mariebreen-20230305-DAT_0068_A1_3,3785.0,4505,174.4989471435547,555642.0412087742,8636473.444752019,357.3660888671875,2021-04-07 16:08:58.600000+00:00,0,2024-04-29,100 MHz,20230305,0.536102294921875,173.9628448486328,175.43711853027344,1.1463788824315284,1.1922378936767577,11,3.500073288044643,0.4355583190917968,3.723124395737067,3.708693653174749,170.4357746663124,178.96418871259385,26.0006103515625,0.0,12.860784828522737,1.5896392135620117,8.0,2.0,3.4893822598178885,0.7259801228841146,3.9025361655273203,13.345509435743367,29.56471412305325,0.0,0.0030722379916759087,0.0737012173371028,uncertain_cold,182.8671417236328,183.4032440185547,POINT (555642.0412087742 8636473.444752019),ragna_mariebreen
ragna_mariebreen-20230305-DAT_0068_A1_3,3790.0,4512,174.36492919921875,555639.2951506468,8636469.089879489,356.9906005859375,2021-04-07 16:09:00+00:00,0,2024-04-29,100 MHz,20230305,0.8041534423828125,173.56077575683594,175.30307006835938,1.2661798059509177,1.7883229064941406,11,3.4974006653312437,0.29037221272786456,3.9388102586536906,3.730863001609923,170.05134169479916,178.81250413039615,25.598556518554688,0.0,12.80931440126738,1.7883229064941406,8.0,2.0,3.4813642659919797,0.7259470621744792,3.9805772329521862,13.293811782935757,29.1548040197286,0.0,0.004611898998703092,0.07346267658350171,uncertain_cold,182.62567138671875,183.42982482910156,POINT (555639.2951506468 8636469.089879489),ragna_mariebreen
ragna_mariebreen-20230305-DAT_0068_A1_3,3795.0,4518,174.2309112548828,555636.8719752828,8636465.222705005,356.6941604614258,2021-04-07 16:09:01.249999872+00:00,0,2024-04-29,100 MHz,20230305,0.93817138671875,173.29273986816406,175.16905212402344,1.2735166868029781,1.7883229064941406,11,3.494728054467578,0.2904052734375,3.9364397893800818,3.730858366259524,169.7859665082899,178.6758254838976,25.196487426757812,0.0,12.659078425324227,1.7883455291748045,8.0,2.0,3.4760191996601617,0.7259635925292969,3.9759165416044167,13.147699387824222,28.747505958684116,0.0,0.005384643746403283,0.0726569030383204,uncertain_cold,182.46324920654297,183.40142059326172,POINT (555636.8719752828 8636465.222705005),ragna_mariebreen
ragna_mariebreen-20230305-DAT_0068_A1_3,3800.0,4525,174.09686279296875,555633.9976480865,8636460.499679707,356.3456522623698,2021-04-07 16:09:02.666666752+00:00,0,2024-04-29,100 MHz,20230305,1.206207275390625,172.89065551757812,174.90101623535156,1.2663119841924806,1.1922378936767577,11,3.4920548468976707,0.2904052734375,3.7013799415489106,3.725899665569555,169.38654617616456,178.40512557676513,24.794387817382812,0.0,12.444531046991786,1.887681719970703,8.0,2.0,3.4680010821969396,0.7259801228841146,4.014650784421172,12.939104745865707,28.33756134473677,0.0,0.0069283688174497085,0.07148050141368995,uncertain_cold,182.24878946940106,183.45499674479169,POINT (555633.9976480865 8636460.499679707),ragna_mariebreen
ragna_mariebreen-20230305-DAT_0068_A1_3,3805.0,4531,173.9628448486328,555631.7183825084,8636456.610383263,356.01690673828125,2021-04-07 16:09:03.800000+00:00,0,2024-04-29,100 MHz,20230305,1.340240478515625,172.6226043701172,174.63296508789062,1.2202081751721916,1.1921926483154297,11,3.4893822598178885,0.8711331685384116,3.7889292502179193,3.797837482465069,169.02612532076077,178.22944413724704,24.392318725585938,0.0,12.162541002331695,1.887693031311035,8.0,2.0,3.462655832711187,0.580760955810547,3.9863082776000938,12.65917344604309,27.90333975992948,0.0,0.007704176599789366,0.06991459016961046,uncertain_cold,182.05406188964844,183.39430236816406,POINT (555631.7183825084 8636456.610383263),ragna_mariebreen
ragna_mariebreen-20230305-DAT_0068_A1_3,3810.0,4537,173.29273986816406,555629.2616377901,8636452.304406682,355.59246826171875,2021-04-07 16:09:05+00:00,0,2024-04-29,100 MHz,20230305,0.93817138671875,172.3545684814453,174.09686279296875,1.227548585679108,1.3909328979492186,11,3.4760191996601617,1.3067245483398438,3.9654675447212338,3.9111525221912298,168.641047440487,177.81038383392706,23.58819580078125,0.0,11.904318857477246,1.5896165908813475,8.0,2.0,3.4573109363449053,0.7259470621744792,3.8738713135125025,12.417439571350377,27.120899870987216,0.0,0.005413795104356263,0.06869485049710505,uncertain_cold,182.2997283935547,183.23789978027344,POINT (555629.2616377901 8636452.304406682),ragna_mariebreen
ragna_mariebreen-20230305-DAT_0068_A1_3,3815.0,4543,172.7566375732422,555626.6412769803,8636447.954622315,355.133251953125,2021-04-07 16:09:06.200000+00:00,0,2024-04-29,100 MHz,20230305,0.80413818359375,171.95249938964844,173.4267578125,1.2591985076096934,1.3909102752685547,11,3.465328603501408,1.4519271850585938,4.006398167282533,3.9625970981824117,168.19529366185589,177.18396354029255,22.784042358398438,0.0,11.647135678448606,1.3909215866088867,8.0,2.0,3.449293379598033,0.8711496988932292,3.8198415512315647,12.178353588585408,26.341643603116665,0.0,0.004654745513050555,0.06741932374963404,uncertain_cold,182.37661437988282,183.18075256347657,POINT (555626.6412769803 8636447.954622315),ragna_mariebreen
ragna_mariebreen-20230305-DAT_0068_A1_3,3820.0,4549,171.95249938964844,555623.9973143485,8636443.603892736,354.6896728515625,2021-04-07 16:09:07.400000+00:00,0,2024-04-29,100 MHz,20230305,0.402069091796875,171.55043029785156,172.7566375732422,1.2860195748445165,0.9934976440429687,11,3.449293379598033,1.5971298217773438,3.928802114496005,4.012766481248644,167.7493188174883,176.55774905360545,21.711868286132812,0.0,11.383220648809464,1.1922039596557616,8.0,2.0,3.441275934032493,1.1615549723307292,3.8226875741180217,11.948610896141007,25.343891139571014,0.0,0.0023382567466249905,0.06619979755580532,uncertain_cold,182.73717346191404,183.13924255371091,POINT (555623.9973143485 8636443.603892736),ragna_mariebreen
ragna_mariebreen-20230305-DAT_0068_A1_3,3825.0,4555,171.28236389160156,555621.4319512114,8636439.256331667,354.2880859375,2021-04-07 16:09:08.600000+00:00,0,2024-04-29,100 MHz,20230305,0.0,171.0143280029297,172.0865020751953,1.2984023589726679,0.7948252624511718,11,3.4359306267906526,1.3067410786946616,3.7609757665659944,3.898594644824194,167.33829868872854,175.76253138939646,0.80413818359375,0.0,10.496721821095358,0.7948252624511718,9.0,2.0,3.427913368267533,1.5971298217773438,0.0,0.0,0.0,0.0,0.0,0.0,certain_cold,183.00572204589844,183.00572204589844,POINT (555621.4319512114 8636439.256331667),ragna_mariebreen
ragna_mariebreen-20230305-DAT_0068_A1_3,3830.0,4561,170.74627685546875,555618.9766352457,8636434.913202945,353.9183837890625,2021-04-07 16:09:09.800000+00:00,0,2024-04-29,100 MHz,20230305,0.0,170.07615661621094,171.41639709472656,1.333884294601355,1.3909328979492186,11,3.425241075311598,1.1615384419759116,3.875066748171829,3.854957235505179,166.45932817458012,175.03322553635738,1.2062225341796875,0.0,10.181786716085353,1.1922378936767577,9.0,2.0,3.411879191843809,2.0327046712239585,0.0,0.0,0.0,0.0,0.0,0.0,certain_cold,183.17210693359374,183.17210693359374,POINT (555618.9766352457 8636434.913202945),ragna_mariebreen
ragna_mariebreen-20230305-DAT_0068_A1_3,3835.0,4568,170.21017456054688,555616.023749416,8636430.214983243,353.49937133789064,2021-04-07 16:09:11.200000+00:00,0,2024-04-29,100 MHz,20230305,0.0,169.0039520263672,170.74627685546875,1.402287197269269,1.7883455291748045,11,3.4145514214275257,1.1615384419759116,4.025731324055305,3.8697212232130966,165.3972453621428,174.35298351969314,1.6082763671875,0.0,9.832266773147948,1.7883455291748045,9.0,2.0,3.3905006002377065,2.032688140869141,0.0,0.0,0.0,0.0,0.0,0.0,certain_cold,183.28919677734376,183.28919677734376,POINT (555616.023749416 8636430.214983243),ragna_mariebreen
ragna_mariebreen-20230305-DAT_0068_A1_3,3840.0,4574,169.67408752441406,555613.4523524096,8636426.016120654,353.11415405273436,2021-04-07 16:09:12.400000+00:00,0,2024-04-29,100 MHz,20230305,0.0,168.1998291015625,170.34420776367188,1.4476594226055828,1.7883229064941406,11,3.403862275547736,1.3067410786946616,4.061028127892831,3.922954045295946,164.55375578391718,173.9902810813172,1.7423248291015625,0.0,9.497975021996252,1.9870179107666015,9.0,2.0,3.3744678104729244,2.0326716105143228,0.0,0.0,0.0,0.0,0.0,0.0,uncertain_cold,183.4400665283203,183.4400665283203,POINT (555613.4523524096 8636426.016120654),ragna_mariebreen
ragna_mariebreen-20230305-DAT_0068_A1_3,3845.0,4581,169.0039520263672,555610.9723065753,8636422.156018196,352.7505696614583,2021-04-07 16:09:13.666666752+00:00,0,2024-04-29,100 MHz,20230305,0.0,167.66372680664062,169.94212341308594,1.5391812299796521,1.9870179107666015,11,3.3905006002377065,1.5971132914225263,4.241993088579709,4.051585374217408,163.9158920736447,173.68995814608186,2.010345458984375,0.0,9.215719650950266,1.9870179107666015,9.0,2.0,3.3530909904302106,1.8875020345052085,0.0,0.0,0.0,0.0,0.0,0.0,uncertain_temperate,183.74661763509113,183.74661763509113,POINT (555610.9723065753 8636422.156018196),ragna_mariebreen
ragna_mariebreen-20230305-DAT_0068_A1_3,3850.0,4587,168.1998291015625,555608.2410229334,8636417.950734317,352.328857421875,2021-04-07 16:09:15+00:00,0,2024-04-29,100 MHz,20230305,0.0,166.85958862304688,169.13800048828125,1.556058589864255,1.9870405334472656,11,3.3744678104729244,1.7422993977864585,4.286136987662362,4.104139194829449,163.0618734947829,172.93571561654522,1.8763275146484375,0.0,9.008329547161784,2.1857355377197263,9.0,2.0,3.3397308758938333,1.161554972330729,0.0,0.0,0.0,0.0,0.0,0.0,uncertain_temperate,184.1290283203125,184.1290283203125,POINT (555608.2410229334 8636417.950734317),ragna_mariebreen
ragna_mariebreen-20230305-DAT_0068_A1_3,3855.0,4593,167.3956756591797,555605.4124057258,8636414.076623457,351.9212707519531,2021-04-07 16:09:16.200000+00:00,0,2024-04-29,100 MHz,20230305,0.0,166.18946838378906,168.7359161376953,1.5479631685952422,1.9870631561279295,11,3.3584348872290666,1.8875020345052087,4.334762831858244,4.151859678908481,162.3369693478361,172.5884151736483,1.4742584228515625,0.0,8.866388562989693,2.384430541992187,9.0,2.0,3.3317147268660157,0.7259635925292969,0.0,0.0,0.0,0.0,0.0,0.0,certain_cold,184.52559509277341,184.52559509277341,POINT (555605.4124057258 8636414.076623457),ragna_mariebreen
ragna_mariebreen-20230305-DAT_0068_A1_3,3860.0,4600,166.45751953125,555602.1094067898,8636409.662204579,351.4322570800781,2021-04-07 16:09:17.600000+00:00,0,2024-04-29,100 MHz,20230305,0.0,165.92141723632812,168.33384704589844,1.4583336140806926,1.7883455291748045,11,3.3397308758938333,1.3067245483398438,4.007431983247136,3.8714426637353436,162.3351473958626,171.92011688636396,0.93817138671875,0.0,8.764250456917209,1.7883455291748045,9.0,2.0,3.3263711016062203,0.4355748494466146,0.0,0.0,0.0,0.0,0.0,0.0,certain_cold,184.9747375488281,184.9747375488281,POINT (555602.1094067898 8636409.662204579),ragna_mariebreen
ragna_mariebreen-20230305-DAT_0068_A1_3,3865.0,4606,166.18946838378906,555599.1485988218,8636405.745560236,350.9920959472656,2021-04-07 16:09:18.800000+00:00,0,2024-04-29,100 MHz,20230305,0.0,165.6533660888672,167.79774475097656,1.3783173115455718,1.3909328979492186,11,3.334386864278734,0.5807774861653646,3.6592530078840597,3.654476277172605,162.26877774623065,171.1823330936131,0.9381561279296875,0.0,8.716638416270241,1.3909328979492186,9.0,2.0,3.3236990054198503,0.580760955810547,0.0,0.0,0.0,0.0,0.0,0.0,certain_cold,184.80262756347656,184.80262756347656,POINT (555599.1485988218 8636405.745560236),ragna_mariebreen
ragna_mariebreen-20230305-DAT_0068_A1_3,3870.0,4612,165.92141723632812,555595.9829776187,8636401.634530686,350.5289001464844,2021-04-07 16:09:20+00:00,0,2024-04-29,100 MHz,20230305,0.0,165.51934814453125,167.26165771484375,1.2914648874009769,1.3909102752685547,11,3.3290429073661207,0.5807774861653646,3.654375536445164,3.617694116825088,162.14002437082723,170.64098148854777,0.8041534423828125,0.0,8.696322385565011,1.3909328979492186,9.0,2.0,3.3156837124360057,0.7259635925292969,0.0,0.0,0.0,0.0,0.0,0.0,certain_cold,184.60748291015625,184.60748291015625,POINT (555595.9829776187 8636401.634530686),ragna_mariebreen
ragna_mariebreen-20230305-DAT_0068_A1_3,3875.0,4618,165.6533660888672,555592.7847813873,8636397.745586071,350.0892700195312,2021-04-07 16:09:21.200000+00:00,0,2024-04-29,100 MHz,20230305,0.0,165.25131225585938,166.72555541992188,1.2719716293065888,0.9935202667236328,11,3.3236990054198503,0.580760955810547,3.517291697714803,3.605852214412529,161.8772555926685,170.09961208311276,0.6701202392578125,0.0,8.70185817883975,1.7883229064941406,9.0,2.0,3.3103396448746856,0.2904052734375,0.0,0.0,0.0,0.0,0.0,0.0,certain_cold,184.43590393066404,184.43590393066404,POINT (555592.7847813873 8636397.745586071),ragna_mariebreen
ragna_mariebreen-20230305-DAT_0068_A1_3,3880.0,4624,165.3853302001953,555589.4974858839,8636394.113685787,349.6556762695312,2021-04-07 16:09:22.400000+00:00,0,2024-04-29,100 MHz,20230305,0.0,165.1172637939453,166.45751953125,1.1818714417950524,0.9935202667236328,11,3.318355462901926,0.4355583190917968,3.4911712286697894,3.549368131432952,161.7704453005846,169.8043380246107,0.536102294921875,0.0,8.723850029939507,1.9870631561279295,9.0,2.0,3.3103396448746856,0.0,0.0,0.0,0.0,0.0,0.0,0.0,certain_cold,184.27034606933591,184.27034606933591,POINT (555589.4974858839 8636394.113685787),ragna_mariebreen
ragna_mariebreen-20230305-DAT_0068_A1_3,3885.0,4630,165.25131225585938,555586.2362273941,8636390.91099752,349.26426696777344,2021-04-07 16:09:23.500000+00:00,0,2024-04-29,100 MHz,20230305,0.0,164.98324584960938,166.45751953125,1.140385533819171,0.7948252624511718,11,3.3156837124360057,0.2904052734375,3.4219644798834916,3.518319608776008,161.6548688121099,169.78589656874948,0.26806640625,0.0,8.944629443194303,2.1857581604003906,9.0,2.0,3.3103396448746856,0.0,0.0,0.0,0.0,0.0,0.0,0.0,certain_cold,184.01295471191406,184.01295471191406,POINT (555586.2362273941 8636390.91099752),ragna_mariebreen
ragna_mariebreen-20230305-DAT_0068_A1_3,3890.0,4637,165.1172637939453,555582.1168314579,8636387.115351679,348.7867492675781,2021-04-07 16:09:24.800000+00:00,0,2024-04-29,100 MHz,20230305,0.0,165.1172637939453,166.45751953125,1.114901884378249,0.9935202667236328,11,3.313011367490267,0.0,3.4587753383980187,3.495575851402727,161.80425242645504,169.77053089874028,0.268035888671875,0.0,9.240054550899337,1.9870631561279295,9.0,2.0,3.3103396448746856,0.0,0.0,0.0,0.0,0.0,0.0,0.0,certain_cold,183.6694854736328,183.6694854736328,POINT (555582.1168314579 8636387.115351679),ragna_mariebreen
ragna_mariebreen-20230305-DAT_0068_A1_3,3895.0,4642,165.25131225585938,555578.8815956898,8636384.341884937,348.4102783203125,2021-04-07 16:09:25.800000+00:00,0,2024-04-29,100 MHz,20230305,0.0,165.1172637939453,166.45751953125,1.0894151841891142,0.9935428894042968,11,3.3156837124360057,0.4355913798014323,3.488642401301195,3.517147107331812,161.77309000493992,169.8016933202554,0.26806640625,0.0,9.460104514351718,1.9870631561279295,9.0,2.0,3.3103396448746856,0.0,0.0,0.0,0.0,0.0,0.0,0.0,certain_cold,183.15896606445312,183.15896606445312,POINT (555578.8815956898 8636384.341884937),ragna_mariebreen
ragna_mariebreen-20230305-DAT_0068_A1_3,3900.0,4648,165.51934814453125,555575.0761234215,8636381.061500683,347.9657897949219,2021-04-07 16:09:27+00:00,0,2024-04-29,100 MHz,20230305,0.0,165.25131225585938,166.45751953125,1.0417537154767937,0.9935202667236328,11,3.321027227241026,0.4355583190917968,3.4937108371754078,3.507731987640446,161.9018447021419,169.8069870849675,0.536102294921875,0.0,9.71764812601266,1.7883229064941406,9.0,2.0,3.3103396448746856,0.14518610636393228,0.0,0.0,0.0,0.0,0.0,0.0,certain_cold,182.44644165039062,182.44644165039062,POINT (555575.0761234215 8636381.061500683),ragna_mariebreen
ragna_mariebreen-20230305-DAT_0068_A1_3,3905.0,4653,165.6533660888672,555571.1658284761,8636378.03753258,347.5256591796875,2021-04-07 16:09:28.200000+00:00,0,2024-04-29,100 MHz,20230305,0.0,165.25131225585938,166.45751953125,1.001964908269378,0.9934976440429687,11,3.3236990054198503,0.4355748494466146,3.496246286636322,3.4986617735217855,161.8991934441077,169.80963834300167,0.6701202392578125,0.0,9.91604726059543,1.7883229064941406,9.0,2.0,3.313011367490267,0.14518610636393228,0.0,0.0,0.0,0.0,0.0,0.0,certain_cold,181.87229309082034,181.87229309082034,POINT (555571.1658284761 8636378.03753258),ragna_mariebreen
ragna_mariebreen-20230305-DAT_0068_A1_3,3910.0,4659,165.92141723632812,555567.1222548583,8636375.194375025,347.097607421875,2021-04-07 16:09:29.400000+00:00,0,2024-04-29,100 MHz,20230305,0.0,165.25131225585938,166.45751953125,0.9868588750175002,0.9935202667236328,11,3.3290429073661207,0.4355748494466146,3.501333267334847,3.4994488948627214,161.8938947768206,169.8149370102888,0.8041534423828125,0.0,10.247513465147053,1.5896279022216795,9.0,2.0,3.313011367490267,0.14521916707356772,0.0,0.0,0.0,0.0,0.0,0.0,certain_cold,181.1761901855469,181.1761901855469,POINT (555567.1222548583 8636375.194375025),ragna_mariebreen
ragna_mariebreen-20230305-DAT_0068_A1_3,3915.0,4665,166.05543518066406,555562.9371485903,8636372.345541706,346.6493286132812,2021-04-07 16:09:30.600000+00:00,0,2024-04-29,100 MHz,20230305,0.0,165.25131225585938,166.45751953125,0.9710094631341751,1.1922152709960936,11,3.3317147268660157,0.4355913798014323,3.5653106630095355,3.4975594703835022,161.89124337689674,169.81758841021264,0.93817138671875,0.0,10.511853879826592,1.5896279022216795,9.0,2.0,3.3156837124360057,0.14521916707356772,0.0,0.0,0.0,0.0,0.0,0.0,certain_cold,180.59389343261716,180.59389343261716,POINT (555562.9371485903 8636372.345541706),ragna_mariebreen
ragna_mariebreen-20230305-DAT_0068_A1_3,3920.0,4671,166.32350158691406,555558.7303267461,8636369.64477318,346.1826538085937,2021-04-07 16:09:31.800000+00:00,0,2024-04-29,100 MHz,20230305,0.0,165.3853302001953,166.45751953125,0.9698342134442759,1.1922378936767577,11,3.3370590153686046,0.2904052734375,3.5555209590173957,3.487244828867091,162.03565885887045,169.80719087257486,1.20623779296875,0.0,10.809515171754619,1.3909328979492186,9.0,2.0,3.3156837124360057,0.0,0.0,0.0,0.0,0.0,0.0,0.0,certain_cold,179.85915222167966,179.85915222167966,POINT (555558.7303267461 8636369.64477318),ragna_mariebreen
ragna_mariebreen-20230305-DAT_0068_A1_3,3925.0,4677,166.32350158691406,555554.4969156351,8636367.017411618,345.6992492675781,2021-04-07 16:09:33+00:00,0,2024-04-29,100 MHz,20230305,0.0,165.51934814453125,166.45751953125,0.9234284726421751,0.9935202667236328,11,3.3370590153686046,0.0,3.481816392695554,3.462467763913354,162.18228912916265,169.7945785466186,1.0721893310546875,0.0,11.105680411399883,0.9935202667236328,9.0,2.0,3.3156837124360057,0.29037221272786456,0.0,0.0,0.0,0.0,0.0,0.0,certain_cold,179.37574768066406,179.37574768066406,POINT (555554.4969156351 8636367.017411618),ragna_mariebreen
ragna_mariebreen-20230305-DAT_0068_A1_3,3930.0,4684,166.32350158691406,555549.852375487,8636364.038466338,345.143310546875,2021-04-07 16:09:34.333333248+00:00,0,2024-04-29,100 MHz,20230305,0.0,165.51934814453125,166.72555541992188,0.9184646911549648,0.9935202667236328,11,3.3370590153686046,0.14518610636393228,3.484842090816254,3.464190997394974,162.1791323015753,170.06577126287783,1.0721893310546875,0.0,11.483263843558102,1.1922152709960936,9.0,2.0,3.321027227241026,0.580760955810547,0.0,0.0,0.0,0.0,0.0,0.0,certain_cold,178.81980895996094,178.81980895996094,POINT (555549.852375487 8636364.038466338),ragna_mariebreen
ragna_mariebreen-20230305-DAT_0068_A1_3,3935.0,4691,166.45751953125,555545.6574494129,8636361.040369539,344.64354248046874,2021-04-07 16:09:35.600000+00:00,0,2024-04-29,100 MHz,20230305,0.0,165.7873992919922,166.85958862304688,0.8764330056035398,0.9935202667236328,11,3.3397308758938333,0.14518610636393228,3.487400729665335,3.4558669161573574,162.44451411166074,170.20247380337833,1.0721893310546875,0.0,11.826792545437907,1.1922152709960936,9.0,2.0,3.3263711016062203,0.4355748494466146,0.0,0.0,0.0,0.0,0.0,0.0,certain_cold,178.18602294921874,178.18602294921874,POINT (555545.6574494129 8636361.040369539),ragna_mariebreen
ragna_mariebreen-20230305-DAT_0068_A1_3,3940.0,4697,166.45751953125,555541.7081205421,8636358.201076102,344.19847412109374,2021-04-07 16:09:36.800000+00:00,0,2024-04-29,100 MHz,20230305,0.0,165.92141723632812,166.9936065673828,0.8749405656168476,0.7948252624511718,11,3.3397308758938333,0.0,3.4330088146157105,3.4524373009166323,162.5816863604343,170.33333744327663,1.0721893310546875,0.0,12.170261569251988,1.3909328979492186,9.0,2.0,3.3290429073661207,0.4355748494466146,0.0,0.0,0.0,0.0,0.0,0.0,certain_cold,177.74095458984374,177.74095458984374,POINT (555541.7081205421 8636358.201076102),ragna_mariebreen
ragna_mariebreen-20230305-DAT_0068_A1_3,3945.0,4703,166.45751953125,555537.8692422993,8636355.552386496,343.7910461425781,2021-04-07 16:09:38+00:00,0,2024-04-29,100 MHz,20230305,0.0,166.18946838378906,167.26165771484375,0.8661239273313462,0.7948252624511718,11,3.3397308758938333,0.14518610636393228,3.4360774913715617,3.453266857104383,162.8465832034576,170.6045428951752,0.93817138671875,0.0,12.50882344263844,1.3909102752685547,9.0,2.0,3.334386864278734,0.5807774861653646,0.0,0.0,0.0,0.0,0.0,0.0,certain_cold,177.33352661132812,177.33352661132812,POINT (555537.8692422993 8636355.552386496),ragna_mariebreen
ragna_mariebreen-20230305-DAT_0068_A1_3,3950.0,4709,166.59153747558594,555533.9460557343,8636352.45355021,343.29998779296875,2021-04-07 16:09:39.200000+00:00,0,2024-04-29,100 MHz,20230305,0.0,166.45751953125,167.3956756591797,0.8336547493595171,0.5961076354980468,11,3.342402750027564,0.4355748494466146,3.4229703337834136,3.4722272152023606,163.0868546720772,170.76634051835248,0.93817138671875,0.0,12.855634945626162,1.3909328979492186,9.0,2.0,3.3397308758938333,0.2903887430826823,0.0,0.0,0.0,0.0,0.0,0.0,certain_cold,176.7084503173828,176.7084503173828,POINT (555533.9460557343 8636352.45355021),ragna_mariebreen
ragna_mariebreen-20230305-DAT_0068_A1_3,3955.0,4715,166.85958862304688,555530.156111464,8636349.173922561,342.7825927734375,2021-04-07 16:09:40.400000+00:00,0,2024-04-29,100 MHz,20230305,0.0,166.59153747558594,167.5297088623047,0.8148346688838184,0.7948026397705078,11,3.3477468432037947,0.4355748494466146,3.4682626215206915,3.4729079909013447,163.21557326137224,170.90567307651838,0.93817138671875,0.0,13.222414550375317,1.1922152709960936,9.0,2.0,3.3397308758938333,0.0,0.0,0.0,0.0,0.0,0.0,0.0,certain_cold,175.92300415039062,175.92300415039062,POINT (555530.156111464 8636349.173922561),ragna_mariebreen
ragna_mariebreen-20230305-DAT_0068_A1_3,3960.0,4721,166.9936065673828,555526.086992512,8636345.492167361,342.1905212402344,2021-04-07 16:09:41.750000128+00:00,0,2024-04-29,100 MHz,20230305,0.0,166.59153747558594,167.5297088623047,0.8176349636756098,0.5961302581787109,11,3.350418757969328,0.14518610636393228,3.4061350742373784,3.4517983418876996,163.23797446600435,170.88327187188628,0.93817138671875,0.0,13.541044351068283,0.7948252624511718,9.0,2.0,3.3397308758938333,0.14518610636393228,0.0,0.0,0.0,0.0,0.0,0.0,certain_cold,175.19691467285156,175.19691467285156,POINT (555526.086992512 8636345.492167361),ragna_mariebreen
ragna_mariebreen-20230305-DAT_0068_A1_3,3965.0,4727,166.9936065673828,555522.5027224573,8636342.090512585,341.66461181640625,2021-04-07 16:09:43+00:00,0,2024-04-29,100 MHz,20230305,0.0,166.72555541992188,167.3956756591797,0.8214203951167347,0.5961302581787109,11,3.350418757969328,0.0,3.403039397137352,3.4496430712852693,163.37513666195255,170.746094417149,0.80413818359375,0.0,13.86125996809157,0.7948252624511718,9.0,2.0,3.342402750027564,0.14518610636393228,0.0,0.0,0.0,0.0,0.0,0.0,certain_cold,174.67100524902344,174.67100524902344,POINT (555522.5027224573 8636342.090512585),ragna_mariebreen
ragna_mariebreen-20230305-DAT_0068_A1_3,3970.0,4733,166.9936065673828,555519.2971964861,8636338.735103147,341.1704864501953,2021-04-07 16:09:44.166666752+00:00,0,2024-04-29,100 MHz,20230305,0.0,166.72555541992188,167.3956756591797,0.8562682794009476,0.5961302581787109,11,3.350418757969328,0.14518610636393228,3.4061350742373784,3.4611530196658618,163.37199241034028,170.74923866876128,0.67010498046875,0.0,14.109689703224674,0.7948252624511718,9.0,2.0,3.342402750027564,0.0,0.0,0.0,0.0,0.0,0.0,0.0,certain_cold,174.1768798828125,174.1768798828125,POINT (555519.2971964861 8636338.735103147),ragna_mariebreen
ragna_mariebreen-20230305-DAT_0068_A1_3,3975.0,4740,166.85958862304688,555515.9994309917,8636335.388408273,340.6778930664062,2021-04-07 16:09:45.400000+00:00,0,2024-04-29,100 MHz,20230305,0.0,166.59153747558594,167.3956756591797,0.7885584581460588,0.3974126312255859,11,3.3477468432037947,0.29038874308268225,3.3837362999719347,3.4516023800843287,163.23121984948418,170.75599328528145,0.2680511474609375,0.0,14.360064531233382,0.9935202667236328,9.0,2.0,3.342402750027564,0.14518610636393228,0.0,0.0,0.0,0.0,0.0,0.0,certain_cold,173.81830444335935,173.81830444335935,POINT (555515.9994309917 8636335.388408273),ragna_mariebreen
ragna_mariebreen-20230305-DAT_0068_A1_3,3980.0,4747,166.72555541992188,555512.3246384792,8636331.592221966,340.11345825195315,2021-04-07 16:09:46.800000+00:00,0,2024-04-29,100 MHz,20230305,0.0,166.45751953125,167.1276397705078,0.7660790994411928,0.5961076354980468,11,3.3450746377371874,0.14520263671875,3.400875247762218,3.4347467627677126,163.1092949065059,170.4758643952519,0.4020538330078125,0.0,14.567650526439763,0.5961302581787109,9.0,2.0,3.3397308758938333,0.5807774861653645,0.0,0.0,0.0,0.0,0.0,0.0,certain_cold,173.38790283203127,173.38790283203127,POINT (555512.3246384792 8636331.592221966),ragna_mariebreen
ragna_mariebreen-20230305-DAT_0068_A1_3,3985.0,4754,166.72555541992188,555508.6288217523,8636327.534585705,339.51903076171874,2021-04-07 16:09:48.200000+00:00,0,2024-04-29,100 MHz,20230305,0.0,166.18946838378906,166.85958862304688,0.7976181343597528,0.3974126312255859,11,3.3450746377371874,0.29037221272786456,3.3810911187684214,3.451091862326557,162.83181438822058,170.21724261861536,0.80413818359375,0.0,14.73028971907442,0.9935202667236328,9.0,2.0,3.3317147268660157,0.7259635925292969,0.0,0.0,0.0,0.0,0.0,0.0,certain_cold,172.79347534179686,172.79347534179686,POINT (555508.6288217523 8636327.534585705),ragna_mariebreen
ragna_mariebreen-20230305-DAT_0068_A1_3,3990.0,4760,166.45751953125,555505.3912911557,8636323.830437103,339.0307250976563,2021-04-07 16:09:49.400000+00:00,0,2024-04-29,100 MHz,20230305,0.0,165.92141723632812,166.59153747558594,0.8059658896552736,0.7948026397705078,11,3.3397308758938333,0.7259635925292969,3.508922441044088,3.511467852104651,162.50369497419555,170.0092597377185,0.93817138671875,0.0,14.799684723632954,0.7948252624511718,9.0,2.0,3.3263711016062203,0.580760955810547,0.0,0.0,0.0,0.0,0.0,0.0,certain_cold,172.57320556640627,172.57320556640627,POINT (555505.3912911557 8636323.830437103),ragna_mariebreen
ragna_mariebreen-20230305-DAT_0068_A1_3,3995.0,4765,166.05543518066406,555502.6154393067,8636320.591601785,338.6306884765625,2021-04-07 16:09:50.400000+00:00,0,2024-04-29,100 MHz,20230305,0.0,165.6533660888672,166.32350158691406,0.8214212778197006,0.7948252624511718,11,3.3317147268660157,1.0163523356119792,3.5728199351703114,3.578830536219166,162.17007811752174,169.8067895582595,0.8041229248046875,0.0,14.754760087457607,0.5961302581787109,9.0,2.0,3.321027227241026,0.580760955810547,0.0,0.0,0.0,0.0,0.0,0.0,certain_cold,172.57525329589845,172.57525329589845,POINT (555502.6154393067 8636320.591601785),ragna_mariebreen
ragna_mariebreen-20230305-DAT_0068_A1_3,4000.0,4771,165.51934814453125,555499.1913595923,8636316.433208574,338.15648193359374,2021-04-07 16:09:51.600000+00:00,0,2024-04-29,100 MHz,20230305,0.0,165.3853302001953,166.18946838378906,0.8132261508559209,0.7948026397705078,11,3.321027227241026,1.0163523356119792,3.5628507055960554,3.5670058433672462,161.91226326819125,169.66253531579312,0.536102294921875,0.0,14.662914349074091,0.5961076354980468,9.0,2.0,3.3156837124360057,0.7259635925292969,0.0,0.0,0.0,0.0,0.0,0.0,certain_cold,172.6371337890625,172.6371337890625,POINT (555499.1913595923 8636316.433208574),ragna_mariebreen
ragna_mariebreen-20230305-DAT_0068_A1_3,4005.0,4777,165.1172637939453,555495.777016346,8636312.424138477,337.6681274414062,2021-04-07 16:09:52.800000+00:00,0,2024-04-29,100 MHz,20230305,0.0,164.98324584960938,165.92141723632812,0.8505249912376259,0.7948026397705078,11,3.313011367490267,0.7259635925292969,3.4835009250729274,3.496635557148834,161.5916286160764,169.3130344698611,0.53607177734375,0.0,14.52810585773632,0.7948252624511718,9.0,2.0,3.3076679362333086,0.7259635925292969,0.0,0.0,0.0,0.0,0.0,0.0,certain_cold,172.55086364746091,172.55086364746091,POINT (555495.777016346 8636312.424138477),ragna_mariebreen
ragna_mariebreen-20230305-DAT_0068_A1_3,4010.0,4783,164.84922790527344,555492.6269908525,8636308.500148617,337.1788330078125,2021-04-07 16:09:54+00:00,0,2024-04-29,100 MHz,20230305,0.0,164.58119201660156,165.51934814453125,0.8305125609910445,0.5961302581787109,11,3.3076679362333086,0.7259470621744792,3.4384644244461637,3.4867488334305894,161.1947977227448,168.90574243838802,0.5360870361328125,0.0,14.434024752081104,0.7947800170898437,9.0,2.0,3.3023245610088345,0.7259470621744792,0.0,0.0,0.0,0.0,0.0,0.0,certain_cold,172.32960510253906,172.32960510253906,POINT (555492.6269908525 8636308.500148617),ragna_mariebreen
ragna_mariebreen-20230305-DAT_0068_A1_3,4015.0,4789,164.44715881347656,555489.4059546846,8636304.709831312,336.6550801595052,2021-04-07 16:09:55.333333248+00:00,0,2024-04-29,100 MHz,20230305,0.0,164.31314086914062,165.1172637939453,0.877362531344618,0.5961076354980468,11,3.2996525903085483,1.0163523356119792,3.5037156848027653,3.5623649866684457,160.86050719514134,168.5698974679446,0.536102294921875,0.0,14.374321611139367,0.5961302581787109,9.0,2.0,3.294309299647386,0.871166229248047,0.0,0.0,0.0,0.0,0.0,0.0,certain_cold,172.20792134602863,172.20792134602863,POINT (555489.4059546846 8636304.709831312),ragna_mariebreen
ragna_mariebreen-20230305-DAT_0068_A1_3,4020.0,4796,163.9110565185547,555486.286885108,8636301.060127176,336.1659729003906,2021-04-07 16:09:56.600000+00:00,0,2024-04-29,100 MHz,20230305,0.0,163.77703857421875,164.58119201660156,0.9359008774696757,0.7948252624511718,11,3.2889654573454448,0.8711496988932292,3.4939866592939173,3.5287541753346607,160.3746577052546,167.9835728855657,0.402069091796875,0.0,14.229383249387398,0.7948252624511718,9.0,2.0,3.2862938617318527,0.871166229248047,0.0,0.0,0.0,0.0,0.0,0.0,certain_cold,172.25491638183593,172.25491638183593,POINT (555486.286885108 8636301.060127176),ragna_mariebreen
ragna_mariebreen-20230305-DAT_0068_A1_3,4025.0,4802,163.6430206298828,555483.3480037528,8636297.368019368,335.6835510253906,2021-04-07 16:09:57.800000+00:00,0,2024-04-29,100 MHz,20230305,0.0,163.37496948242188,164.1791229248047,1.0299329839553892,0.7948026397705078,11,3.2836222804014623,0.580760955810547,3.4279979294522693,3.4900172663730666,160.04038426561561,167.51370814161095,0.536102294921875,0.0,14.17035304477368,0.7948026397705078,9.0,2.0,3.2782788565576464,1.0163523356119792,0.0,0.0,0.0,0.0,0.0,0.0,certain_cold,172.0405303955078,172.0405303955078,POINT (555483.3480037528 8636297.368019368),ragna_mariebreen
ragna_mariebreen-20230305-DAT_0068_A1_3,4030.0,4809,163.37496948242188,555480.1241604015,8636293.515561301,335.1822998046875,2021-04-07 16:09:59.200000+00:00,0,2024-04-29,100 MHz,20230305,0.0,162.8388671875,163.6430206298828,1.0892656877546778,0.7948252624511718,11,3.2782788565576464,0.871166229248047,3.4839331305531314,3.5626594839887296,159.44681134180183,167.03507647558098,0.6701202392578125,0.0,14.046430128805133,0.7948252624511718,9.0,2.0,3.2675921818310356,1.1615384419759116,0.0,0.0,0.0,0.0,0.0,0.0,certain_cold,171.8073303222656,171.8073303222656,POINT (555480.1241604015 8636293.515561301),ragna_mariebreen
ragna_mariebreen-20230305-DAT_0068_A1_3,4035.0,4817,162.8388671875,555476.5426919028,8636289.350914601,334.6623046875,2021-04-07 16:10:00.800000+00:00,0,2024-04-29,100 MHz,20230305,0.0,162.3027801513672,162.972900390625,1.1665767333848946,0.9935202667236328,11,3.2675921818310356,1.0163523356119792,3.563314925355017,3.6153882242080453,158.88077332249216,166.39490721950003,0.5360870361328125,0.0,13.961024291190117,0.5961302581787109,9.0,2.0,3.2569060437699475,1.0163358052571616,0.0,0.0,0.0,0.0,0.0,0.0,certain_cold,171.8234375,171.8234375,POINT (555476.5426919028 8636289.350914601),ragna_mariebreen
ragna_mariebreen-20230305-DAT_0068_A1_3,4040.0,4823,162.43679809570312,555473.7648033781,8636285.963136664,334.25653076171875,2021-04-07 16:10:02+00:00,0,2024-04-29,100 MHz,20230305,0.0,161.9007110595703,162.70484924316406,1.2447224756010005,0.9934976440429687,11,3.2595774803237445,0.8711496988932292,3.5172126345778962,3.5962593328876795,158.52673015445015,166.07883014828423,0.5360870361328125,0.0,13.863974805125189,0.5961076354980468,9.0,2.0,3.248891518139347,0.871166229248047,0.0,0.0,0.0,0.0,0.0,0.0,certain_cold,171.81973266601562,171.81973266601562,POINT (555473.7648033781 8636285.963136664),ragna_mariebreen
ragna_mariebreen-20230305-DAT_0068_A1_3,4045.0,4830,162.03472900390625,555470.2918782723,8636281.84009402,333.72421875,2021-04-07 16:10:03.400000+00:00,0,2024-04-29,100 MHz,20230305,0.0,161.49862670898438,162.3027801513672,1.3109179012924863,0.7948252624511718,11,3.2515629105628165,1.0163523356119792,3.498196768233919,3.6502245376662454,158.09192251996947,165.7094843403821,0.6701202392578125,0.0,13.741049261020155,0.7948026397705078,9.0,2.0,3.2408768214103962,0.7259635925292969,0.0,0.0,0.0,0.0,0.0,0.0,certain_cold,171.68948974609373,171.68948974609373,POINT (555470.2918782723 8636281.84009402),ragna_mariebreen
ragna_mariebreen-20230305-DAT_0068_A1_3,4050.0,4836,161.49862670898438,555467.3450479727,8636278.147705767,333.2345764160156,2021-04-07 16:10:04.600000+00:00,0,2024-04-29,100 MHz,20230305,0.0,161.2305908203125,161.9007110595703,1.2332622440492609,0.5960850128173828,11,3.2408768214103962,1.1615384419759116,3.4939621443639712,3.65696457274888,157.78785148604058,165.34345039384223,0.5360870361328125,0.0,13.640465720590063,0.7948026397705078,9.0,2.0,3.2355341701961384,0.8711331685384115,0.0,0.0,0.0,0.0,0.0,0.0,certain_cold,171.73594970703124,171.73594970703124,POINT (555467.3450479727 8636278.147705767),ragna_mariebreen
ragna_mariebreen-20230305-DAT_0068_A1_3,4055.0,4844,160.96253967285156,555463.966436727,8636274.02846344,332.6600341796875,2021-04-07 16:10:06+00:00,0,2024-04-29,100 MHz,20230305,0.0,160.6945037841797,161.49862670898438,1.1639126164605265,0.5960850128173828,11,3.23019127470398,1.0163523356119792,3.438375355278005,3.5807541552072015,157.30819196432645,164.8849385288376,0.6701202392578125,0.0,13.498991008112343,0.9935202667236328,9.0,2.0,3.2248487435192206,0.871166229248047,0.0,0.0,0.0,0.0,0.0,0.0,certain_cold,171.69749450683594,171.69749450683594,POINT (555463.966436727 8636274.02846344),ragna_mariebreen
ragna_mariebreen-20230305-DAT_0068_A1_3,4060.0,4850,160.56045532226562,555461.1718083456,8636270.565580381,332.212890625,2021-04-07 16:10:07.249999872+00:00,0,2024-04-29,100 MHz,20230305,0.0,160.4264373779297,161.2305908203125,1.0958418126922556,0.5960850128173828,11,3.2221768923070164,0.8711496988932292,3.3906700024780596,3.5131460262339957,157.0885749297154,164.56845326852678,0.67010498046875,0.0,13.3972000298937,0.9935428894042968,9.0,2.0,3.2195056645252107,0.7259635925292969,0.0,0.0,0.0,0.0,0.0,0.0,certain_cold,171.65243530273438,171.65243530273438,POINT (555461.1718083456 8636270.565580381),ragna_mariebreen
ragna_mariebreen-20230305-DAT_0068_A1_3,4065.0,4856,160.1584014892578,555457.7828544261,8636266.408709735,331.69281616210935,2021-04-07 16:10:08.600000+00:00,0,2024-04-29,100 MHz,20230305,0.0,160.02438354492188,160.82852172851562,1.080532443776636,0.5961302581787109,11,3.2141632545715098,0.8711331685384115,3.3830592234073746,3.501038244066951,156.69426066064787,164.15864461278963,0.8041534423828125,0.0,13.236462795228691,1.1922378936767577,9.0,2.0,3.2114920724754876,0.8711496988932292,0.0,0.0,0.0,0.0,0.0,0.0,certain_cold,171.53441467285154,171.53441467285154,POINT (555457.7828544261 8636266.408709735),ragna_mariebreen
ragna_mariebreen-20230305-DAT_0068_A1_3,4070.0,4863,159.75633239746094,555454.2709279825,8636262.47030095,331.17755126953125,2021-04-07 16:10:10+00:00,0,2024-04-29,100 MHz,20230305,0.0,159.62229919433594,160.29241943359375,1.0354643888533037,0.5961076354980468,11,3.206149450109151,1.0163523356119792,3.4158030797512624,3.5191693433426137,156.25891304842003,163.65580557950966,0.93817138671875,0.0,13.098058313244191,1.1921926483154297,9.0,2.0,3.2034780099189755,1.0163523356119792,0.0,0.0,0.0,0.0,0.0,0.0,certain_cold,171.4212188720703,171.4212188720703,POINT (555454.2709279825 8636262.47030095),ragna_mariebreen
ragna_mariebreen-20230305-DAT_0068_A1_3,4075.0,4870,159.22023010253906,555450.742580962,8636258.940784018,330.677734375,2021-04-07 16:10:11.400000+00:00,0,2024-04-29,100 MHz,20230305,0.0,158.9521942138672,159.75633239746094,1.0370427031280172,0.39739000854492185,11,3.1954643902822943,1.4519271850585938,3.5322802888737046,3.6598555693340455,155.44233877236047,163.26618783896765,0.93817138671875,0.0,12.905737619760712,1.1922378936767577,9.0,2.0,3.192793316132118,1.5971132914225263,0.0,0.0,0.0,0.0,0.0,0.0,certain_cold,171.45750427246094,171.45750427246094,POINT (555450.742580962 8636258.940784018),ragna_mariebreen
ragna_mariebreen-20230305-DAT_0068_A1_3,4080.0,4877,158.4160919189453,555447.1925294854,8636255.559329582,330.20460205078126,2021-04-07 16:10:12.800000+00:00,0,2024-04-29,100 MHz,20230305,0.0,158.2820587158203,158.8181610107422,1.0811411716244914,0.3974126312255859,11,3.179437571575937,1.451910654703776,3.517784049689333,3.6586519448797827,154.78679508902604,162.31342463753646,0.6701202392578125,0.0,12.69058997525029,0.7948026397705078,9.0,2.0,3.1740953230713838,1.8875020345052085,0.0,0.0,0.0,0.0,0.0,0.0,certain_cold,171.78851013183595,171.78851013183595,POINT (555447.1925294854 8636255.559329582),ragna_mariebreen
ragna_mariebreen-20230305-DAT_0068_A1_3,4085.0,4884,157.8800048828125,555443.6851647107,8636252.29128983,329.73894653320315,2021-04-07 16:10:14.200000+00:00,0,2024-04-29,100 MHz,20230305,0.0,157.34390258789062,158.01402282714844,1.1409552900165763,0.7948252624511718,11,3.168753442083931,1.5971132914225263,3.6364153283402367,3.7274050244337635,153.79541428406924,161.56251113096982,0.6701202392578125,0.0,12.44410021232156,0.9935202667236328,9.0,2.0,3.158069263432176,2.032688140869141,0.0,0.0,0.0,0.0,0.0,0.0,certain_cold,171.85894165039065,171.85894165039065,POINT (555443.6851647107 8636252.29128983),ragna_mariebreen
ragna_mariebreen-20230305-DAT_0068_A1_3,4090.0,4892,156.94183349609375,555439.9633137877,8636248.741633823,329.24891153971356,2021-04-07 16:10:15.666666752+00:00,0,2024-04-29,100 MHz,20230305,0.0,156.6737823486328,157.34390258789062,1.100747516338042,0.5961076354980468,11,3.150056450358667,1.8875185648600261,3.7203395391061513,3.8336962670328836,153.00151030354445,161.016174632979,0.6701202392578125,0.0,12.070473572985676,0.5961076354980468,9.0,2.0,3.1367019854762583,2.1778907775878906,0.0,0.0,0.0,0.0,0.0,0.0,certain_cold,172.3070780436198,172.3070780436198,POINT (555439.9633137877 8636248.741633823),ragna_mariebreen
ragna_mariebreen-20230305-DAT_0068_A1_3,4095.0,4899,156.13768005371094,555436.5747985886,8636245.192940876,328.74853515625,2021-04-07 16:10:17+00:00,0,2024-04-29,100 MHz,20230305,0.0,155.60159301757812,156.40573120117188,1.1041537630512899,0.7948252624511718,11,3.1340309591677618,1.7423159281412761,3.6728139136508635,3.7519288877772086,152.01581348636364,159.99151073238636,0.80413818359375,0.0,11.766031216927038,1.1922152709960936,9.0,2.0,3.1180063649656296,1.8875020345052085,0.0,0.0,0.0,0.0,0.0,0.0,certain_cold,172.61085510253906,172.61085510253906,POINT (555436.5747985886 8636245.192940876),ragna_mariebreen
ragna_mariebreen-20230305-DAT_0068_A1_3,4100.0,4906,155.3335418701172,555433.1148118915,8636241.331136163,328.2045043945312,2021-04-07 16:10:18.400000+00:00,0,2024-04-29,100 MHz,20230305,0.0,154.52940368652344,155.60159301757812,0.9908195705305756,1.1922152709960936,11,3.1180063649656296,1.8874855041503906,3.8348327828916244,3.77707408475005,150.88460393614702,159.24639276795455,0.9381561279296875,0.0,11.410883785326044,1.1922152709960936,9.0,2.0,3.101982372852078,1.8875020345052085,0.0,0.0,0.0,0.0,0.0,0.0,certain_cold,172.87096252441404,172.87096252441404,POINT (555433.1148118915 8636241.331136163),ragna_mariebreen
ragna_mariebreen-20230305-DAT_0068_A1_3,4105.0,4913,154.3953857421875,555430.0101232973,8636237.446352262,327.68385009765626,2021-04-07 16:10:19.800000+00:00,0,2024-04-29,100 MHz,20230305,0.0,153.72525024414062,154.7974395751953,0.9478630340211531,1.1922378936767577,11,3.099311868042897,2.032688140869141,3.8934542925967923,3.825702479896389,150.0188294459282,158.50386037340775,1.0721893310546875,0.0,11.078669470431606,1.1922378936767577,9.0,2.0,3.083288286188793,1.8875020345052085,0.0,0.0,0.0,0.0,0.0,0.0,certain_cold,173.28846435546876,173.28846435546876,POINT (555430.0101232973 8636237.446352262),ragna_mariebreen
ragna_mariebreen-20230305-DAT_0068_A1_3,4110.0,4920,153.45721435546875,555427.0810056878,8636233.503459118,327.2103576660156,2021-04-07 16:10:21.249999872+00:00,0,2024-04-29,100 MHz,20230305,0.0,152.78709411621094,153.85928344726562,0.9213015124064456,0.9935202667236328,11,3.08061790150874,2.0327046712239585,3.8221953712365897,3.8040624879560294,149.09628188371903,157.55009567975753,1.0721893310546875,0.0,10.638650656640381,0.9935202667236328,9.0,2.0,3.0672656310450774,1.7423159281412761,0.0,0.0,0.0,0.0,0.0,0.0,certain_cold,173.75314331054688,173.75314331054688,POINT (555427.0810056878 8636233.503459118),ragna_mariebreen
ragna_mariebreen-20230305-DAT_0068_A1_3,4115.0,4926,152.51904296875,555424.4956008184,8636229.630197134,326.7984619140625,2021-04-07 16:10:22.600000+00:00,0,2024-04-29,100 MHz,20230305,0.0,151.98294067382812,153.0551300048828,0.8085962275364293,0.9935428894042968,11,3.061924784713263,2.1778907775878906,3.8866076595701795,3.84349053407575,148.22546923330543,156.8126014454055,0.9381561279296875,0.0,10.224259130458805,0.7948252624511718,9.0,2.0,3.0512433043508254,1.8875020345052087,0.0,0.0,0.0,0.0,0.0,0.0,certain_cold,174.2794189453125,174.2794189453125,POINT (555424.4956008184 8636229.630197134),ragna_mariebreen
ragna_mariebreen-20230305-DAT_0068_A1_3,4120.0,4934,151.4468536376953,555421.616152501,8636225.233230442,326.35114135742185,2021-04-07 16:10:24.200000+00:00,0,2024-04-29,100 MHz,20230305,0.0,151.04478454589844,151.98294067382812,0.6435181350519454,0.5961076354980468,11,3.0405624135516445,2.4682795206705728,3.96140983690956,3.968820879430752,147.12848226148975,155.8992429582368,0.93817138671875,0.0,9.701250810200753,0.7948026397705078,9.0,2.0,3.0325518586508546,2.177874247233073,0.0,0.0,0.0,0.0,0.0,0.0,certain_cold,174.90428771972654,174.90428771972654,POINT (555421.616152501 8636225.233230442),ragna_mariebreen
ragna_mariebreen-20230305-DAT_0068_A1_3,4125.0,4942,150.24063110351562,555418.8384882531,8636220.654195363,325.86530151367185,2021-04-07 16:10:25.800000+00:00,0,2024-04-29,100 MHz,20230305,0.0,149.97259521484375,150.7767333984375,0.5421524246621373,0.5961076354980468,11,3.0165309369792754,2.6134656270345054,4.035468472252385,4.027851875256954,145.98139721456315,154.7679313987181,0.80413818359375,0.0,9.148151982015532,0.9935202667236328,9.0,2.0,3.0111910809827647,2.613465627034505,0.0,0.0,0.0,0.0,0.0,0.0,certain_cold,175.62467041015623,175.62467041015623,POINT (555418.8384882531 8636220.654195363),ragna_mariebreen
ragna_mariebreen-20230305-DAT_0068_A1_3,4130.0,4950,149.034423828125,555416.2046556624,8636216.416008698,325.3534240722656,2021-04-07 16:10:27.200000+00:00,0,2024-04-29,100 MHz,20230305,0.0,148.63235473632812,149.43649291992188,0.4788182117090017,0.5961302581787109,11,2.9925012605364896,2.177874247233073,3.7488093197426995,3.731952158179109,144.9312467899054,153.1376008663446,0.6701202392578125,0.0,8.572662317580367,0.9935202667236328,9.0,2.0,2.984491707106299,2.4682795206705728,0.0,0.0,0.0,0.0,0.0,0.0,certain_cold,176.31900024414062,176.31900024414062,POINT (555416.2046556624 8636216.416008698),ragna_mariebreen
ragna_mariebreen-20230305-DAT_0068_A1_3,4135.0,4956,148.23028564453125,555413.8158012062,8636212.746109167,324.8570251464844,2021-04-07 16:10:28.400000+00:00,0,2024-04-29,100 MHz,20230305,0.0,147.69418334960938,148.3643035888672,0.47194754646278186,0.3974126312255859,11,2.976482325313512,2.177874247233073,3.7095174981555754,3.7182412181402373,144.00601533965312,152.05247159882344,0.6701202392578125,0.0,8.189569420473772,0.9935202667236328,9.0,2.0,2.9658032163518895,2.3230768839518228,0.0,0.0,0.0,0.0,0.0,0.0,certain_cold,176.62673950195312,176.62673950195312,POINT (555413.8158012062 8636212.746109167),ragna_mariebreen
ragna_mariebreen-20230305-DAT_0068_A1_3,4140.0,4963,147.02407836914062,555410.9299070912,8636208.311678272,324.2885498046875,2021-04-07 16:10:29.800000+00:00,0,2024-04-29,100 MHz,20230305,0.0,146.48797607421875,147.2921142578125,0.5336547467829573,0.5961302581787109,11,2.952455223727886,2.6134490966796875,3.987791282623775,3.9789314417086827,142.544993950362,151.23509638166925,0.670135498046875,0.0,7.66989355108081,0.9935202667236328,9.0,2.0,2.9417768191568094,2.4682629903157554,0.0,0.0,0.0,0.0,0.0,0.0,certain_cold,177.26447143554685,177.26447143554685,POINT (555410.9299070912 8636208.311678272),ragna_mariebreen
ragna_mariebreen-20230305-DAT_0068_A1_3,4145.0,4970,145.81787109375,555407.8650497496,8636204.019006265,323.7804016113281,2021-04-07 16:10:31.200000+00:00,0,2024-04-29,100 MHz,20230305,0.0,145.41578674316406,146.08590698242188,0.6107075640271271,0.7948026397705078,11,2.928429717805329,2.613482157389323,4.004709831598778,3.972273068140922,141.4907402976914,150.01095342789455,0.670135498046875,0.0,7.125038169332901,0.9934976440429687,9.0,2.0,2.9204212733188593,2.0327046712239585,0.0,0.0,0.0,0.0,0.0,0.0,certain_cold,177.9625305175781,177.9625305175781,POINT (555407.8650497496 8636204.019006265),ragna_mariebreen
ragna_mariebreen-20230305-DAT_0068_A1_3,4150.0,4976,144.61163330078125,555405.1084935532,8636200.483312607,323.3519226074219,2021-04-07 16:10:32.400000+00:00,0,2024-04-29,100 MHz,20230305,0.0,144.20956420898438,145.0137176513672,0.6945293754097527,0.5961302581787109,11,2.904405239350709,2.4682795206705728,3.857893838773408,3.8743186032948635,140.3980063140378,148.82527554631378,0.5360870361328125,0.0,6.699849218452796,1.1922378936767577,9.0,2.0,2.904405239350709,2.3230768839518228,0.0,0.0,0.0,0.0,0.0,0.0,certain_cold,178.74028930664065,178.74028930664065,POINT (555405.1084935532 8636200.483312607),ragna_mariebreen
ragna_mariebreen-20230305-DAT_0068_A1_3,4155.0,4983,143.53945922851562,555401.6583109206,8636196.175217021,322.8138061523438,2021-04-07 16:10:33.800000+00:00,0,2024-04-29,100 MHz,20230305,0.0,142.86932373046875,143.94151306152344,0.82913928865146,0.7948026397705078,11,2.883052296134408,2.032688140869141,3.616009244521105,3.623711299242998,139.34174501125128,147.4690917807409,0.8041534423828125,0.0,6.177989621208846,1.1922378936767577,9.0,2.0,2.8777141187774786,2.4682629903157554,0.0,0.0,0.0,0.0,0.0,0.0,certain_cold,179.27434692382815,179.27434692382815,POINT (555401.6583109206 8636196.175217021),ragna_mariebreen
ragna_mariebreen-20230305-DAT_0068_A1_3,4160.0,4988,142.7353057861328,555398.5149449693,8636192.661270563,322.31805419921875,2021-04-07 16:10:35+00:00,0,2024-04-29,100 MHz,20230305,0.0,141.93116760253906,143.1373748779297,0.9735282912239404,0.7948026397705078,11,2.867038019828885,1.8875185648600261,3.523399576548444,3.567967302771845,138.4985835409558,146.56995893951296,1.206207275390625,0.0,5.811563024730546,1.7883229064941406,9.0,2.0,2.8590313232202167,2.3230768839518228,0.0,0.0,0.0,0.0,0.0,0.0,certain_cold,179.58274841308594,179.58274841308594,POINT (555398.5149449693 8636192.661270563),ragna_mariebreen
ragna_mariebreen-20230305-DAT_0068_A1_3,4165.0,4994,141.79713439941406,555395.1813576354,8636189.176943067,321.8491577148437,2021-04-07 16:10:36.200000+00:00,0,2024-04-29,100 MHz,20230305,0.0,140.72496032714844,142.19921875,1.0420669971560572,1.1922152709960936,11,2.848355829167802,2.177874247233073,3.7785770362282562,3.7339216372169712,137.13939661047638,145.78478246667206,1.206207275390625,0.0,5.390511561107921,1.7883229064941406,9.0,2.0,2.83501241144485,2.1778907775878906,0.0,0.0,0.0,0.0,0.0,0.0,certain_cold,180.05202331542966,180.05202331542966,POINT (555395.1813576354 8636189.176943067),ragna_mariebreen
ragna_mariebreen-20230305-DAT_0068_A1_3,4170.0,5001,140.72496032714844,555391.4225195677,8636185.396357903,321.35313415527344,2021-04-07 16:10:37.500000+00:00,0,2024-04-29,100 MHz,20230305,0.0,140.3228759765625,141.1270294189453,0.9332604343420622,0.6954664489746093,10,2.8270065057638267,2.3230603535970054,3.724546787427243,3.7761819644177077,136.66383577589713,144.78606961961069,1.0721893310546875,0.0,4.876699102761999,1.5896279022216795,9.0,2.0,2.8190004982144816,1.742332458496094,0.0,0.0,0.0,0.0,0.0,0.0,certain_cold,180.628173828125,180.628173828125,POINT (555391.4225195677 8636185.396357903),ragna_mariebreen
ragna_mariebreen-20230305-DAT_0068_A1_3,4175.0,5008,139.65277099609375,555387.5633487746,8636181.760687143,320.89707641601564,2021-04-07 16:10:38.800000+00:00,0,2024-04-29,100 MHz,20230305,0.0,139.5187225341797,140.05482482910156,0.7400371135410845,0.6954438262939453,10,2.8056583146839107,2.0327046712239585,3.5337301785367012,3.5427760003405355,136.05410035287755,143.5194470104037,0.6701202392578125,0.0,4.358866001523047,0.9935202667236328,9.0,2.0,2.802989399735177,1.5971132914225263,0.0,0.0,0.0,0.0,0.0,0.0,certain_cold,181.2443054199219,181.2443054199219,POINT (555387.5633487746 8636181.760687143),ragna_mariebreen
ragna_mariebreen-20230305-DAT_0068_A1_3,4180.0,5014,138.84861755371094,555383.8433454504,8636178.48429549,320.46881103515625,2021-04-07 16:10:40+00:00,0,2024-04-29,100 MHz,20230305,0.0,138.714599609375,139.11666870117188,0.46619944933407187,0.49674882202148435,10,2.789647905853116,1.8875185648600261,3.4046469954316354,3.400324057774688,135.34638617027676,142.48488214027012,0.4020538330078125,0.0,2.9949337659121142,0.6954438262939453,8.0,1.0,2.789647905853116,1.7422993977864585,0.0,0.0,0.0,0.0,0.0,0.0,certain_cold,181.6201934814453,181.6201934814453,POINT (555383.8433454504 8636178.48429549),ragna_mariebreen
ragna_mariebreen-20230305-DAT_0068_A1_3,4185.0,5020,137.9104461669922,555380.2472243651,8636175.063953543,319.9951477050781,2021-04-07 16:10:41.200000+00:00,0,2024-04-29,100 MHz,20230305,0.0,137.6424102783203,138.31251525878906,0.3897192822891802,0.49674882202148435,10,2.7709703110628126,2.032688140869141,3.4722985089132696,3.458609353744591,134.20582803096735,141.74909750614202,0.268035888671875,0.0,0.32828907710577004,0.39739000854492185,7.0,0.0,2.7709703110628126,2.032688140869141,0.0,0.0,0.0,0.0,0.0,0.0,certain_cold,182.08470153808594,182.08470153808594,POINT (555380.2472243651 8636175.063953543),ragna_mariebreen
ragna_mariebreen-20230305-DAT_0068_A1_3,4190.0,5026,136.9722900390625,555376.7335350476,8636171.944769006,319.5263610839844,2021-04-07 16:10:42.400000+00:00,0,2024-04-29,100 MHz,20230305,0.0,136.57020568847656,137.10630798339844,0.9099798337394155,0.4967601333618164,10,2.7522941876583658,2.4682629903157554,3.7301764187338575,3.807296781522674,132.8732548523441,140.8032588195309,0.2680511474609375,0.0,1.0080435552868419,0.19869500427246092,7.0,0.0,2.7522941876583658,2.6134490966796875,0.0,0.0,0.0,0.0,0.0,0.0,certain_cold,182.5540710449219,182.5540710449219,POINT (555376.7335350476 8636171.944769006),ragna_mariebreen
ragna_mariebreen-20230305-DAT_0068_A1_3,4195.0,5032,135.63204956054688,555373.4145007664,8636168.684466098,319.0748229980469,2021-04-07 16:10:43.600000+00:00,0,2024-04-29,100 MHz,20230305,0.0,135.49803161621094,136.03411865234375,1.7334672213960058,0.4967601333618164,10,2.725615737259722,1.7423159281412761,3.27283005528095,3.6700891744352813,132.26312111657535,139.26902915197934,0.1340179443359375,0.0,1.9355740138576365,0.5961076354980468,7.0,0.0,2.722948150212758,2.0327046712239585,0.0,0.0,0.0,0.0,0.0,0.0,certain_cold,183.44277343750002,183.44277343750002,POINT (555373.4145007664 8636168.684466098),ragna_mariebreen
ragna_mariebreen-20230305-DAT_0068_A1_3,4200.0,5034,135.36399841308594,555372.3081537511,8636167.597699568,318.9272766113281,2021-04-07 16:10:44+00:00,0,2024-04-29,100 MHz,20230305,0.0,134.2918243408203,135.7660675048828,2.1759775220106277,0.6954664489746093,10,2.720280284557305,2.032688140869141,3.466326511774471,4.033190310520535,130.89598189680422,139.1619099488989,1.072174072265625,0.0,2.457740290049768,0.5961076354980468,7.0,0.0,2.7149449325978257,0.7259635925292969,0.0,0.0,0.0,0.0,0.0,0.0,certain_cold,183.5632781982422,183.5632781982422,POINT (555372.3081537511 8636167.597699568),ragna_mariebreen
ragna_mariebreen-20230305-DAT_0068_A1_3,4205.0,5035,133.75572204589844,555362.1550619658,8636157.263032153,317.52525838216144,2021-04-07 16:10:47.666666752+00:00,0,2024-04-29,100 MHz,20230305,0.0,133.62168884277344,135.63204956054688,2.869016997621365,1.5896279022216795,9,2.6882703123026626,1.9842927720811634,3.7001529623602183,4.4040292471760125,130.28039940943466,138.97333899388565,0.0,0.0,2.897413118368754,0.8941614532470703,6.0,0.0,2.7096099856821847,0.9195450676812066,0.0,0.0,0.0,0.0,0.0,0.0,certain_cold,183.769536336263,183.769536336263,POINT (555362.1550619658 8636157.263032153),ragna_mariebreen
ragna_mariebreen-20230305-DAT_0068_A1_3,4220.0,5036,133.08558654785156,555352.0019701805,8636146.92836474,316.1232401529948,2021-04-07 16:10:51.333333248+00:00,0,2024-04-29,100 MHz,20230305,0.0,132.6835174560547,135.095947265625,4.128592526643192,2.5831481689453124,9,2.6749335204289237,2.613465627034505,4.54512116286581,5.57052494595071,128.94380196922884,138.83566275245084,0.402069091796875,0.0,2.9917612773680604,1.7883342178344726,6.0,0.0,2.6749335204289237,3.0006451076931424,0.0,0.0,0.0,0.0,0.0,0.0,certain_cold,183.03765360514325,183.03765360514325,POINT (555352.0019701805 8636146.92836474),ragna_mariebreen
ragna_mariebreen-20230305-DAT_0068_A1_3,4235.0,5037,126.5184326171875,555341.8488783953,8636136.593697326,314.7212219238281,2021-04-07 16:10:55+00:00,0,2024-04-29,100 MHz,20230305,0.0,124.50807189941406,133.21961975097656,4.95940517813532,7.749421884155273,11,2.544273082191439,3.605607880486382,8.917806526451114,6.6384812589556095,120.09516654074281,137.63252510964782,2.0103607177734375,0.0,4.6032763085042125,5.5636976577758785,8.0,0.0,2.544273082191439,3.605607880486382,0.0,0.0,0.0,0.0,0.0,0.0,uncertain_cold,188.20278930664062,188.20278930664062,POINT (555341.8488783953 8636136.593697326),ragna_mariebreen
ragna_mariebreen-20230305-DAT_0068_A1_3,4245.0,5041,124.24002838134766,555338.2930802265,8636133.1937029,314.23365783691406,2021-04-07 16:10:56.249999872+00:00,0,2024-04-29,100 MHz,20230305,0.0,123.83795928955078,127.72464752197266,4.38846425427567,1.3909215866088867,11,2.498958555254414,1.8149048487345378,3.387231366608125,5.366310835377939,120.74948499455667,130.81312181696677,0.2680511474609375,0.0,3.404954172350024,1.3909215866088867,9.0,0.0,2.498958555254414,1.8149048487345378,0.0,0.0,0.0,0.0,0.0,0.0,certain_cold,189.9936294555664,189.9936294555664,POINT (555338.2930802265 8636133.1937029),ragna_mariebreen
ragna_mariebreen-20230305-DAT_0068_A1_3,4250.0,5047,123.70393371582031,555334.4910554268,8636129.746633487,313.68718872070315,2021-04-07 16:10:57.600000+00:00,0,2024-04-29,100 MHz,20230305,0.0,123.30186462402344,124.64210510253906,2.7719873048796857,1.1922322380065917,10,2.488297668428604,1.4519271850585938,3.1178735617022064,3.9979534084120516,120.4209415362928,127.5230281902697,0.402069091796875,0.0,2.8430750165595273,0.9935315780639647,9.0,0.0,2.488297668428604,1.4519271850585938,0.0,0.0,0.0,0.0,0.0,0.0,certain_cold,189.98325500488284,189.98325500488284,POINT (555334.4910554268 8636129.746633487),ragna_mariebreen
ragna_mariebreen-20230305-DAT_0068_A1_3,4255.0,5054,122.89978790283203,555330.7157392007,8636126.468182193,313.16314697265625,2021-04-07 16:10:59+00:00,0,2024-04-29,100 MHz,20230305,0.0,122.49771881103516,123.43588256835938,2.5196234746150368,0.9935202667236328,10,2.4723072516627944,1.8875020345052087,3.265279405698131,4.002932616309809,119.38725790035235,126.54634347904218,0.26804351806640625,0.0,2.5807070535663614,0.7948252624511718,9.0,0.0,2.4723072516627944,1.4519271850585938,0.0,0.0,0.0,0.0,0.0,0.0,certain_cold,190.26335906982422,190.26335906982422,POINT (555330.7157392007 8636126.468182193),ragna_mariebreen
ragna_mariebreen-20230305-DAT_0068_A1_3,4260.0,5061,121.96162414550781,555326.5157763829,8636123.172753613,312.6308532714844,2021-04-07 16:11:00.400000+00:00,0,2024-04-29,100 MHz,20230305,0.0,121.69357299804688,122.89978790283203,2.195103720978199,0.9935202667236328,11,2.4536534200420497,1.8875020345052087,3.2511784873082483,3.794938653232445,118.59791813421833,125.99544276666057,0.0,0.0,2.2238779336636134,0.8941671089172363,10.0,0.0,2.461647693937799,1.7423076629638672,0.0,0.0,0.0,0.0,0.0,0.0,certain_cold,190.66922912597659,190.66922912597659,POINT (555326.5157763829 8636123.172753613),ragna_mariebreen
ragna_mariebreen-20230305-DAT_0068_A1_3,4265.0,5068,121.15747833251953,555322.6496051038,8636120.064435558,312.1752522786458,2021-04-07 16:11:01.666666752+00:00,0,2024-04-29,100 MHz,20230305,0.0,120.8894271850586,122.09564971923828,2.0336961441839345,1.1922265823364258,11,2.4376656502395844,1.7423159281412761,3.2247919063782033,3.621297919625141,117.89311635074705,125.09196055354982,0.2680511474609375,0.0,2.060318049967258,0.8941727645874022,10.0,0.0,2.440330216986206,1.8875020345052085,0.0,0.0,0.0,0.0,0.0,0.0,certain_cold,191.01777394612628,191.01777394612628,POINT (555322.6496051038 8636120.064435558),ragna_mariebreen
ragna_mariebreen-20230305-DAT_0068_A1_3,4270.0,5074,120.35333251953125,555319.037106646,8636117.17725057,311.75758056640626,2021-04-07 16:11:02.800000+00:00,0,2024-04-29,100 MHz,20230305,0.0,120.08529663085938,121.29150390625,1.9254704411999015,0.9935202667236328,11,2.421679140477273,1.7422993977864585,3.144394945190632,3.550714501460846,117.10198688312117,124.2748136539882,0.1340179443359375,0.0,1.9501892719704605,1.0928621131896972,10.0,0.0,2.427007886080285,1.3067245483398438,0.0,0.0,0.0,0.0,0.0,0.0,certain_cold,191.404248046875,191.404248046875,POINT (555319.037106646 8636117.17725057),ragna_mariebreen
ragna_mariebreen-20230305-DAT_0068_A1_3,4275.0,5080,119.54920196533203,555315.3148474564,8636113.752043746,311.2777099609375,2021-04-07 16:11:04+00:00,0,2024-04-29,100 MHz,20230305,0.0,119.41517639160156,120.62138366699219,1.7942067851727443,0.9935202667236328,11,2.4056942191847863,1.5971050262451172,3.053717678742931,3.39960102497873,116.52759796996926,123.50896208862449,0.13402557373046875,0.0,1.8017189858832932,1.2915684288024902,10.0,0.0,2.41635084099321,1.3067245483398438,0.0,0.0,0.0,0.0,0.0,0.0,certain_cold,191.72850799560547,191.72850799560547,POINT (555315.3148474564 8636113.752043746),ragna_mariebreen
ragna_mariebreen-20230305-DAT_0068_A1_3,4280.0,5086,118.87908172607422,555311.652502105,8636110.403707225,310.77662353515626,2021-04-07 16:11:05.200000+00:00,0,2024-04-29,100 MHz,20230305,0.0,118.47700500488281,119.9512710571289,1.6493884541265853,1.3909102752685547,11,2.3923742242412356,1.3067410786946616,3.0603362673748107,3.1861432717578833,115.75101405193342,122.6772620100783,0.0,0.0,1.6509049641051616,1.0928621131896972,10.0,0.0,2.4030301165517938,1.3067328135172525,0.0,0.0,0.0,0.0,0.0,0.0,certain_cold,191.89754180908204,191.89754180908204,POINT (555311.652502105 8636110.403707225),ragna_mariebreen
ragna_mariebreen-20230305-DAT_0068_A1_3,4285.0,5092,118.34297943115234,555308.156330432,8636106.838642169,310.2552001953125,2021-04-07 16:11:06.400000+00:00,0,2024-04-29,100 MHz,20230305,0.0,118.0749282836914,119.41517639160156,1.4997378981557008,0.9935202667236328,11,2.381718772705304,1.1615384419759116,2.8299891139075584,3.044826699109354,115.425068690346,122.06503598494697,0.13402557373046875,0.0,1.4822938794286777,0.8941727645874022,10.0,0.0,2.3923742242412356,1.3067410786946616,0.0,0.0,0.0,0.0,0.0,0.0,certain_cold,191.91222076416017,191.91222076416017,POINT (555308.156330432 8636106.838642169),ragna_mariebreen
ragna_mariebreen-20230305-DAT_0068_A1_3,4290.0,5099,117.80689239501953,555303.994711775,8636103.172511727,309.6988098144531,2021-04-07 16:11:07.800000+00:00,0,2024-04-29,100 MHz,20230305,0.0,117.40481567382812,118.61102294921875,1.2137700336528026,0.5961076354980468,11,2.371064224838434,0.8711496988932292,2.5954174364231895,2.80251405898061,114.87878175557,121.13705686747687,0.0,0.0,1.1854336791907212,0.6954551376342774,10.0,0.0,2.3790550033209485,1.4519271850585938,0.0,0.0,0.0,0.0,0.0,0.0,certain_cold,191.89191741943358,191.89191741943358,POINT (555303.994711775 8636103.172511727),ragna_mariebreen
ragna_mariebreen-20230305-DAT_0068_A1_3,4295.0,5105,117.5388412475586,555300.2802403503,8636099.747660061,309.22296142578125,2021-04-07 16:11:09+00:00,0,2024-04-29,100 MHz,20230305,0.0,116.73470306396484,117.80689239501953,1.0044062302741703,0.3974126312255859,11,2.3657370269595717,0.8711579640706381,2.5521686226714833,2.7137538124348684,114.21366599976066,120.32792945922371,0.13402557373046875,0.0,0.9933437206265786,0.29806512908935545,10.0,0.0,2.3657370269595717,1.1615384419759114,0.0,0.0,0.0,0.0,0.0,0.0,certain_cold,191.68412017822266,191.68412017822266,POINT (555300.2802403503 8636099.747660061),ragna_mariebreen
ragna_mariebreen-20230305-DAT_0068_A1_3,4300.0,5110,117.00274658203125,555297.2218325475,8636096.460746503,308.8311767578125,2021-04-07 16:11:10+00:00,0,2024-04-29,100 MHz,20230305,0.0,116.4666519165039,117.27079772949219,0.7992530982074486,0.19871762695312498,11,2.355083243347379,1.0163523356119792,2.572717988521365,2.6866698100424884,113.90161991802913,119.83582972796697,0.0,0.0,0.7911299773030124,0.2980538177490234,10.0,0.0,2.3577465176482053,1.0163523356119792,0.0,0.0,0.0,0.0,0.0,0.0,certain_cold,191.82843017578125,191.82843017578125,POINT (555297.2218325475 8636096.460746503),ragna_mariebreen
ragna_mariebreen-20230305-DAT_0068_A1_3,4305.0,5115,116.60066986083984,555293.5118231354,8636093.054709433,308.3794453938802,2021-04-07 16:11:11.166666752+00:00,0,2024-04-29,100 MHz,20230305,0.0,116.33262634277344,116.86872100830078,0.6833889909248528,0.3974126312255859,11,2.3470931990014003,1.1615384419759114,2.648764775597127,2.7064808423308198,113.71384455786152,119.4875027932127,0.1340179443359375,0.0,0.6955473665332732,0.4967544776916504,10.0,0.0,2.3470931990014003,0.725955327351888,0.0,0.0,0.0,0.0,0.0,0.0,certain_cold,191.77877553304035,191.77877553304035,POINT (555293.5118231354 8636093.054709433),ragna_mariebreen
ragna_mariebreen-20230305-DAT_0068_A1_3,4310.0,5122,115.93055725097656,555289.7043778695,8636089.458633613,307.88543701171875,2021-04-07 16:11:12.400000+00:00,0,2024-04-29,100 MHz,20230305,0.0,115.7965316772461,116.60066986083984,0.6136416061146613,0.5961076354980468,11,2.3337775476271903,1.3067245483398438,2.7403268053540297,2.744194364070762,113.12182670528325,119.27537483280268,0.13402557373046875,0.0,0.6412005849762255,0.5961076354980468,10.0,0.0,2.344430080735195,1.0163358052571616,0.0,0.0,0.0,0.0,0.0,0.0,certain_cold,191.9548797607422,191.9548797607422,POINT (555289.7043778695 8636089.458633613),ragna_mariebreen
ragna_mariebreen-20230305-DAT_0068_A1_3,4315.0,5128,115.39446258544922,555286.2140395542,8636085.744938305,307.39947509765625,2021-04-07 16:11:13.600000+00:00,0,2024-04-29,100 MHz,20230305,0.0,115.12641143798828,116.1986083984375,0.7287222788472079,0.7948252624511718,11,2.3231256526830086,1.3067328135172525,2.781404436953954,2.7632407791875173,112.46099150032806,118.86402833609772,0.2680511474609375,0.0,0.7634021148704113,0.8941671089172363,10.0,0.0,2.328451595633083,1.8875020345052085,0.0,0.0,0.0,0.0,0.0,0.0,certain_cold,192.00501251220703,192.00501251220703,POINT (555286.2140395542 8636085.744938305),ragna_mariebreen
ragna_mariebreen-20230305-DAT_0068_A1_3,4320.0,5134,114.7243423461914,555282.9880762027,8636082.116282824,306.9408325195312,2021-04-07 16:11:14.800000+00:00,0,2024-04-29,100 MHz,20230305,0.0,114.322265625,115.66251373291016,0.8350262062266626,1.1922152709960936,11,2.309811656976917,1.597121556599935,3.0508038956411045,2.9297262538243984,111.51405851774052,118.47072084016963,0.40207672119140625,0.0,0.8737295050235726,0.9935259223937988,10.0,0.0,2.309811656976917,1.7423241933186848,0.0,0.0,0.0,0.0,0.0,0.0,certain_cold,192.21649017333982,192.21649017333982,POINT (555282.9880762027 8636082.116282824),ragna_mariebreen
ragna_mariebreen-20230305-DAT_0068_A1_3,4325.0,5141,113.92019653320312,555279.3699611067,8636078.248576349,306.4489379882813,2021-04-07 16:11:16.200000+00:00,0,2024-04-29,100 MHz,20230305,0.0,113.51811981201172,115.12641143798828,0.9596772200017826,1.3909102752685547,11,2.2938361910270424,1.597121556599935,3.1220366960798676,2.9552431548710167,110.72303810697667,117.92149314302333,0.40207672119140625,0.0,1.0050296257999072,1.0928734245300293,10.0,0.0,2.2964985382175604,1.3067410786946616,0.0,0.0,0.0,0.0,0.0,0.0,certain_cold,192.52874145507815,192.52874145507815,POINT (555279.3699611067 8636078.248576349),ragna_mariebreen
ragna_mariebreen-20230305-DAT_0068_A1_3,4330.0,5147,113.25007629394531,555276.1851993861,8636074.770508949,306.018212890625,2021-04-07 16:11:17.400000+00:00,0,2024-04-29,100 MHz,20230305,0.0,112.84800720214844,114.322265625,0.9782134520318867,1.1922265823364258,11,2.2805244818317068,1.1615384419759114,2.82336106228927,2.739865876673116,110.28871756156033,116.8815552655881,0.402069091796875,0.0,1.0176579807140553,1.2915684288024902,10.0,0.0,2.2858489473851282,1.3067245483398438,0.0,0.0,0.0,0.0,0.0,0.0,certain_cold,192.7681365966797,192.7681365966797,POINT (555276.1851993861 8636074.770508949),ragna_mariebreen
ragna_mariebreen-20230305-DAT_0068_A1_3,4335.0,5153,112.84800720214844,555272.9453756592,8636071.290248435,305.5889404296875,2021-04-07 16:11:18.600000+00:00,0,2024-04-29,100 MHz,20230305,0.0,112.17789459228516,113.51811981201172,0.9204140084353731,0.9935089553833008,11,2.2725380286803696,1.1615301767985027,2.738729904141487,2.7130689984473473,109.62572268518093,116.07029171911594,0.6701126098632812,0.0,0.9502105526738884,1.3909159309387207,10.0,0.0,2.2725380286803696,1.1615219116210938,0.0,0.0,0.0,0.0,0.0,0.0,certain_cold,192.74093322753907,192.74093322753907,POINT (555272.9453756592 8636071.290248435),ragna_mariebreen
ragna_mariebreen-20230305-DAT_0068_A1_3,4340.0,5160,112.17789459228516,555269.4447252267,8636067.24111074,305.1109313964844,2021-04-07 16:11:20+00:00,0,2024-04-29,100 MHz,20230305,0.0,111.50777435302734,112.57996368408203,0.9019599402404196,1.1922378936767577,11,2.259228189905379,1.4519189198811848,2.938300828555659,2.8329688134129865,108.82222402507367,115.26551401203571,0.536102294921875,0.0,0.909542363989237,0.8941727645874022,10.0,0.0,2.264552115832702,1.3067328135172527,0.0,0.0,0.0,0.0,0.0,0.0,certain_cold,192.93303680419922,192.93303680419922,POINT (555269.4447252267 8636067.24111074),ragna_mariebreen
ragna_mariebreen-20230305-DAT_0068_A1_3,4345.0,5167,111.50777435302734,555266.4158785577,8636063.210838715,304.6812032063802,2021-04-07 16:11:21.333333248+00:00,0,2024-04-29,100 MHz,20230305,0.0,110.70362854003906,111.90983581542969,0.8484093490959946,0.7948139511108397,11,2.245919298743004,1.451935450236003,2.7899819470739797,2.8057206688748932,108.02925570737001,114.58420864809874,0.40207672119140625,0.0,0.8416134008210574,0.6954664489746093,10.0,0.0,2.2485808668907246,1.5971298217773438,0.0,0.0,0.0,0.0,0.0,0.0,certain_cold,193.17342885335285,193.17342885335285,POINT (555266.4158785577 8636063.210838715),ragna_mariebreen
ragna_mariebreen-20230305-DAT_0068_A1_3,4350.0,5174,110.837646484375,555263.301385809,8636059.549458444,304.2772644042969,2021-04-07 16:11:22.600000+00:00,0,2024-04-29,100 MHz,20230305,0.0,110.30155181884766,111.23971557617188,0.8096076721319494,0.7948252624511718,11,2.2326113748877376,1.3067410786946616,2.7062655072732196,2.710643905200592,107.7146374797119,113.82662991530763,0.26804351806640625,0.0,0.8218187769016554,0.6954664489746093,10.0,0.0,2.2352728691926367,1.4519271850585938,0.0,0.0,0.0,0.0,0.0,0.0,certain_cold,193.4396179199219,193.4396179199219,POINT (555263.301385809 8636059.549458444),ragna_mariebreen
ragna_mariebreen-20230305-DAT_0068_A1_3,4355.0,5180,110.30155181884766,555259.6748543504,8636055.495317575,303.83843994140625,2021-04-07 16:11:24+00:00,0,2024-04-29,100 MHz,20230305,0.0,109.89949035644531,110.5696029663086,0.7652249452990112,0.5960963241577149,11,2.2219660063687687,1.3067245483398438,2.6457499515953287,2.688908922890513,107.32176617052232,113.14732715223158,0.1340179443359375,0.0,0.7845423758623772,0.6954607933044433,10.0,0.0,2.2219660063687687,1.3067328135172525,0.0,0.0,0.0,0.0,0.0,0.0,certain_cold,193.5368881225586,193.5368881225586,POINT (555259.6748543504 8636055.495317575),ragna_mariebreen
ragna_mariebreen-20230305-DAT_0068_A1_3,4360.0,5186,109.63143920898438,555256.586449187,8636051.57438228,303.4552490234375,2021-04-07 16:11:25.200000+00:00,0,2024-04-29,100 MHz,20230305,0.0,109.4974136352539,110.03350830078125,0.7510096055593555,0.3974126312255859,11,2.2086604504118093,1.1615384419759114,2.526913005399823,2.6060253193404592,107.00194723848533,112.52897469754983,0.0,0.0,0.7790540069957022,0.6954607933044433,10.0,0.0,2.211321377283492,1.0163358052571614,0.0,0.0,0.0,0.0,0.0,0.0,certain_cold,193.8238098144531,193.8238098144531,POINT (555256.586449187 8636051.57438228),ragna_mariebreen
ragna_mariebreen-20230305-DAT_0068_A1_3,4365.0,5191,109.22936248779297,555254.041948389,8636048.233645748,303.11574096679686,2021-04-07 16:11:26.200000+00:00,0,2024-04-29,100 MHz,20230305,0.0,109.22936248779297,109.4974136352539,0.7237729357230229,0.19871762695312498,11,2.200677498361782,0.8711496988932292,2.375157246360652,2.475021315496648,106.86253269888172,111.86424342416515,0.0,0.0,0.758152196859399,0.5961132911682129,10.0,0.0,2.2033385865135022,1.0163358052571614,0.0,0.0,0.0,0.0,0.0,0.0,certain_cold,193.8863784790039,193.8863784790039,POINT (555254.041948389 8636048.233645748),ragna_mariebreen
ragna_mariebreen-20230305-DAT_0068_A1_3,4370.0,5197,108.82730102539062,555250.8110833521,8636043.934725111,302.61903686523436,2021-04-07 16:11:27.400000+00:00,0,2024-04-29,100 MHz,20230305,0.0,108.42522430419922,108.96131896972656,0.7124027729345096,0.5960963241577149,11,2.1926952773671937,1.1615384419759114,2.551943369130781,2.5815890150178826,105.9438770629659,111.44266621095989,0.40207672119140625,0.0,0.7503463381757014,0.5961076354980468,10.0,0.0,2.1926952773671937,1.1615384419759114,0.0,0.0,0.0,0.0,0.0,0.0,certain_cold,193.79173583984374,193.79173583984374,POINT (555250.8110833521 8636043.934725111),ragna_mariebreen
ragna_mariebreen-20230305-DAT_0068_A1_3,4375.0,5203,108.15717315673828,555247.6169866867,8636039.89789674,302.09356079101565,2021-04-07 16:11:28.600000+00:00,0,2024-04-29,100 MHz,20230305,0.0,107.62107849121094,108.55924987792969,0.7144647607455624,0.5961189468383788,11,2.1793920349727505,1.7423241933186848,2.853208901483726,2.8802609484339237,104.8308377781673,111.34949059097333,0.5360946655273438,0.0,0.7507471746582008,0.7948252624511718,10.0,0.0,2.182052737664651,1.3067410786946616,0.0,0.0,0.0,0.0,0.0,0.0,certain_cold,193.93638763427737,193.93638763427737,POINT (555247.6169866867 8636039.89789674),ragna_mariebreen
ragna_mariebreen-20230305-DAT_0068_A1_3,4380.0,5209,107.21900177001953,555244.5285117965,8636035.976986995,301.57420043945314,2021-04-07 16:11:29.800000+00:00,0,2024-04-29,100 MHz,20230305,0.0,107.0849838256836,107.88912963867188,0.7957758697290687,0.7948139511108397,11,2.1607697092063702,1.597121556599935,2.802044292951203,2.802317297813193,104.39802960151452,110.57608386284095,0.1340179443359375,0.0,0.8213346829918787,0.8941727645874022,10.0,0.0,2.16875047302463,1.451935450236003,0.0,0.0,0.0,0.0,0.0,0.0,certain_cold,194.3551986694336,194.3551986694336,POINT (555244.5285117965 8636035.976986995),ragna_mariebreen
ragna_mariebreen-20230305-DAT_0068_A1_3,4385.0,5215,106.68290710449219,555241.4247311844,8636032.24162771,301.0878601074219,2021-04-07 16:11:31+00:00,0,2024-04-29,100 MHz,20230305,0.0,106.54888916015625,107.62107849121094,0.8836703044309165,0.9935089553833008,11,2.1501295466334778,1.1615384419759114,2.6380463725872842,2.598673089564584,104.10507480151644,110.06489284985075,0.1340179443359375,0.0,0.8810077866258577,0.8941614532470703,10.0,0.0,2.1554496023809997,1.4519189198811848,0.0,0.0,0.0,0.0,0.0,0.0,certain_cold,194.4049530029297,194.4049530029297,POINT (555241.4247311844 8636032.24162771),ragna_mariebreen
ragna_mariebreen-20230305-DAT_0068_A1_3,4390.0,5221,106.14681243896484,555238.2625471127,8636028.423276428,300.6266581217448,2021-04-07 16:11:32.166666752+00:00,0,2024-04-29,100 MHz,20230305,0.0,106.0127944946289,107.35303497314453,0.9015984815230195,0.9935089553833008,11,2.1394902001133618,1.161521911621094,2.6293747378386083,2.5960414652777883,103.57834353649542,109.78748593127801,0.1340179443359375,0.0,0.8804426116084243,0.9935202667236328,10.0,0.0,2.1421501488362322,1.451910654703776,0.0,0.0,0.0,0.0,0.0,0.0,certain_cold,194.47984568277997,194.47984568277997,POINT (555238.2625471127 8636028.423276428),ragna_mariebreen
ragna_mariebreen-20230305-DAT_0068_A1_3,4395.0,5228,105.61073303222656,555234.8308964244,8636024.383197915,300.15443725585936,2021-04-07 16:11:33.400000+00:00,0,2024-04-29,100 MHz,20230305,0.0,105.47669982910156,106.81694030761719,0.8408675772218854,0.5961189468383788,11,2.128851984671948,0.8711414337158203,2.37618517143716,2.4490725698927647,103.17650458300218,109.11713555371657,0.0,0.0,0.8524498044156773,0.9935202667236328,10.0,0.0,2.128851984671948,1.0163440704345703,0.0,0.0,0.0,0.0,0.0,0.0,certain_cold,194.5437042236328,194.5437042236328,POINT (555234.8308964244 8636024.383197915),ragna_mariebreen
ragna_mariebreen-20230305-DAT_0068_A1_3,4400.0,5234,105.34268188476562,555231.3727383884,8636020.447555957,299.6847351074219,2021-04-07 16:11:34.600000+00:00,0,2024-04-29,100 MHz,20230305,0.0,105.20865631103516,106.14681243896484,0.7953607336193184,0.5961189468383788,11,2.12353296434738,0.5807692209879558,2.2807987498893074,2.3407870119471332,103.00713748560646,108.34833126439354,0.13402557373046875,0.0,0.8141303588057986,0.8941614532470703,10.0,0.0,2.12353296434738,0.4355831146240235,0.0,0.0,0.0,0.0,0.0,0.0,certain_cold,194.34205322265626,194.34205322265626,POINT (555231.3727383884 8636020.447555957),ragna_mariebreen
ragna_mariebreen-20230305-DAT_0068_A1_3,4405.0,5239,105.07463836669922,555228.4948566614,8636017.168018058,299.279443359375,2021-04-07 16:11:35.600000+00:00,0,2024-04-29,100 MHz,20230305,0.0,104.80658721923828,105.61073303222656,0.7448963745553768,0.5961189468383788,11,2.118214307183541,0.4355831146240235,2.24319466379588,2.2872330685193316,102.64405062974376,107.77326962172108,0.2680511474609375,0.0,0.7732685146872116,0.8941614532470703,10.0,0.0,2.120873533502035,0.2903804779052735,0.0,0.0,0.0,0.0,0.0,0.0,certain_cold,194.2048049926758,194.2048049926758,POINT (555228.4948566614 8636017.168018058),ragna_mariebreen
ragna_mariebreen-20230305-DAT_0068_A1_3,4410.0,5244,104.94060516357422,555225.2862677639,8636013.540204506,298.8001251220703,2021-04-07 16:11:36.750000128+00:00,0,2024-04-29,100 MHz,20230305,0.0,104.40451049804688,105.34268188476562,0.7457755568916997,0.7948139511108397,11,2.1155548314423034,0.29038874308268225,2.2785142272604832,2.2618751177297867,102.26911876186637,107.47807362094613,0.5360946655273438,0.0,0.7749471755554296,0.8941727645874022,10.0,0.0,2.118214307183541,0.4355748494466146,0.0,0.0,0.0,0.0,0.0,0.0,certain_cold,193.8595199584961,193.8595199584961,POINT (555225.2862677639 8636013.540204506),ragna_mariebreen
ragna_mariebreen-20230305-DAT_0068_A1_3,4415.0,5250,104.80658721923828,555221.7361728927,8636009.489225648,298.2458801269531,2021-04-07 16:11:38+00:00,0,2024-04-29,100 MHz,20230305,0.0,104.2704849243164,105.20865631103516,0.699217093206109,0.5961076354980468,11,2.112895712006989,0.4355831146240235,2.2381700678594907,2.2678107246846433,102.11315765670885,107.36598357864271,0.536102294921875,0.0,0.725876860710456,0.6954664489746093,10.0,0.0,2.112895712006989,0.4355831146240235,0.0,0.0,0.0,0.0,0.0,0.0,certain_cold,193.43929290771484,193.43929290771484,POINT (555221.7361728927 8636009.489225648),ragna_mariebreen
ragna_mariebreen-20230305-DAT_0068_A1_3,4420.0,5256,104.53852844238281,555218.1210984539,8636005.733507957,297.7204345703125,2021-04-07 16:11:39.200000+00:00,0,2024-04-29,100 MHz,20230305,0.0,104.2704849243164,104.94060516357422,0.7340818926731335,0.5961189468383788,11,2.1075771804514187,0.4355831146240235,2.233152932533913,2.273871246675081,102.1183663817391,107.09272370615153,0.26804351806640625,0.0,0.7609155630541666,0.6954664489746093,10.0,0.0,2.1102364949391466,0.4355831146240235,0.0,0.0,0.0,0.0,0.0,0.0,certain_cold,193.18190612792966,193.18190612792966,POINT (555218.1210984539 8636005.733507957),ragna_mariebreen
ragna_mariebreen-20230305-DAT_0068_A1_3,4425.0,5262,104.40451049804688,555214.5831620671,8636002.018111367,297.2237915039062,2021-04-07 16:11:40.400000+00:00,0,2024-04-29,100 MHz,20230305,0.0,104.00243377685547,104.67256164550781,0.815238212407815,0.5961189468383788,11,2.1049182228615706,0.2903804779052735,2.2068890651011226,2.275876729933565,101.8775804767702,106.79741494559308,0.13402557373046875,0.0,0.8477617553141249,0.5961189468383788,10.0,0.0,2.1049182228615706,0.4355831146240235,0.0,0.0,0.0,0.0,0.0,0.0,certain_cold,192.81928100585935,192.81928100585935,POINT (555214.5831620671 8636002.018111367),ragna_mariebreen
ragna_mariebreen-20230305-DAT_0068_A1_3,4430.0,5268,104.2704849243164,555211.0273990541,8635998.748779573,296.755224609375,2021-04-07 16:11:41.600000+00:00,0,2024-04-29,100 MHz,20230305,0.0,104.00243377685547,104.80658721923828,0.882562865145791,0.7948252624511718,11,2.1022591682618104,0.4355831146240235,2.2893172471540457,2.3212374870359023,101.85552291231396,106.95349808377979,0.2680511474609375,0.0,0.9263939360799623,0.5961246025085449,10.0,0.0,2.1022591682618104,0.14519437154134116,0.0,0.0,0.0,0.0,0.0,0.0,certain_cold,192.48473968505857,192.48473968505857,POINT (555211.0273990541 8635998.748779573),ragna_mariebreen
ragna_mariebreen-20230305-DAT_0068_A1_3,4435.0,5274,104.00243377685547,555207.4971406758,8635995.629398495,296.2895874023437,2021-04-07 16:11:42.800000+00:00,0,2024-04-29,100 MHz,20230305,0.0,103.60037231445312,104.53852844238281,0.897056928302873,0.9935089553833008,11,2.0969412229730433,0.2903887430826823,2.338492710944304,2.299173600955136,101.48341976073048,106.65548099610545,0.40206146240234375,0.0,0.9444193611991943,0.8941671089172363,10.0,0.0,2.1022591682618104,0.14518610636393228,0.0,0.0,0.0,0.0,0.0,0.0,certain_cold,192.28715362548826,192.28715362548826,POINT (555207.4971406758 8635995.629398495),ragna_mariebreen
ragna_mariebreen-20230305-DAT_0068_A1_3,4440.0,5281,104.00243377685547,555203.9477253966,8635992.397569407,295.78961181640625,2021-04-07 16:11:44+00:00,0,2024-04-29,100 MHz,20230305,0.0,103.06427764892578,104.40451049804688,0.8334612079218535,0.9935202667236328,11,2.0969412229730433,0.0,2.320397598040965,2.2565061661148276,100.96733642595274,106.50145172101992,0.9381561279296875,0.0,0.8781733838825736,1.1922265823364258,10.0,0.0,2.0996003195915707,0.14518610636393228,0.0,0.0,0.0,0.0,0.0,0.0,certain_cold,191.78717803955078,191.78717803955078,POINT (555203.9477253966 8635992.397569407),ragna_mariebreen
ragna_mariebreen-20230305-DAT_0068_A1_3,4445.0,5288,104.00243377685547,555200.0169500991,8635988.852686074,295.23475341796876,2021-04-07 16:11:45.400000+00:00,0,2024-04-29,100 MHz,20230305,0.0,103.33232116699219,104.2704849243164,0.8377587340621427,0.7948139511108397,11,2.0969412229730433,0.14519437154134116,2.2472145235850074,2.2627601716992394,101.23035925056007,106.37244684074852,0.6701126098632812,0.0,0.8828183191348191,0.9935202667236328,10.0,0.0,2.0996003195915707,0.14520263671875,0.0,0.0,0.0,0.0,0.0,0.0,certain_cold,191.2323196411133,191.2323196411133,POINT (555200.0169500991 8635988.852686074),ragna_mariebreen
ragna_mariebreen-20230305-DAT_0068_A1_3,4450.0,5294,103.868408203125,555196.499402003,8635985.808303291,294.75880737304686,2021-04-07 16:11:46.600000+00:00,0,2024-04-29,100 MHz,20230305,0.0,103.60037231445312,104.40451049804688,0.895054438184554,0.5961189468383788,11,2.09428233270025,0.14519437154134116,2.1823055911964726,2.28215300580429,101.50106292930103,106.50381988319897,0.268035888671875,0.0,0.9423059008620693,0.7948139511108397,10.0,0.0,2.0969412229730433,0.2903970082600912,0.0,0.0,0.0,0.0,0.0,0.0,certain_cold,190.89039916992186,190.89039916992186,POINT (555196.499402003 8635985.808303291),ragna_mariebreen
ragna_mariebreen-20230305-DAT_0068_A1_3,4455.0,5301,103.868408203125,555192.4584915148,8635982.259045808,294.22882080078125,2021-04-07 16:11:48+00:00,0,2024-04-29,100 MHz,20230305,0.0,103.60037231445312,104.53852844238281,0.8897490300349006,0.9935089553833008,11,2.09428233270025,0.4355748494466146,2.358559726391863,2.3167643978140915,101.46127345312604,106.6776273037099,0.268035888671875,0.0,0.9353983164138362,0.9935146110534667,10.0,0.0,2.09428233270025,0.5807692209879557,0.0,0.0,0.0,0.0,0.0,0.0,certain_cold,190.36041259765625,190.36041259765625,POINT (555192.4584915148 8635982.259045808),ragna_mariebreen
ragna_mariebreen-20230305-DAT_0068_A1_3,4460.0,5308,103.46633911132812,555188.8241210479,8635978.390948787,293.7409973144531,2021-04-07 16:11:49.400000+00:00,0,2024-04-29,100 MHz,20230305,0.0,103.33232116699219,104.40451049804688,0.9106100972551441,0.5961189468383788,11,2.086306145233757,0.580760955810547,2.24617773522351,2.3492908224945546,101.16669039988665,106.57014126515242,0.1340179443359375,0.0,0.9591015261975773,0.8941671089172363,10.0,0.0,2.086306145233757,0.580760955810547,0.0,0.0,0.0,0.0,0.0,0.0,certain_cold,190.274658203125,190.274658203125,POINT (555188.8241210479 8635978.390948787),ragna_mariebreen
ragna_mariebreen-20230305-DAT_0068_A1_3,4465.0,5313,103.33232116699219,555186.0249139009,8635975.207723368,293.36195373535156,2021-04-07 16:11:50.500000+00:00,0,2024-04-29,100 MHz,20230305,0.0,103.19829559326172,104.40451049804688,0.8992381551836278,0.7948139511108397,11,2.0836476283439502,0.14518610636393228,2.2348144579505727,2.2740483073854305,101.10959589139348,106.49321019991511,0.13402557373046875,0.0,0.9477940872353935,0.9935146110534667,10.0,0.0,2.0836476283439502,0.14518610636393228,0.0,0.0,0.0,0.0,0.0,0.0,certain_cold,190.02963256835938,190.02963256835938,POINT (555186.0249139009 8635975.207723368),ragna_mariebreen
ragna_mariebreen-20230305-DAT_0068_A1_3,4470.0,5319,103.33232116699219,555182.7191014214,8635971.296909112,292.90167846679685,2021-04-07 16:11:51.800000+00:00,0,2024-04-29,100 MHz,20230305,0.0,102.93024444580078,104.00243377685547,0.8764308313116566,0.7948139511108397,11,2.0836476283439502,0.2903804779052735,2.2489191799467334,2.2790434974184905,100.82646017429101,106.10621804836524,0.40207672119140625,0.0,0.9237999318052498,0.8941614532470703,10.0,0.0,2.0836476283439502,0.14519437154134116,0.0,0.0,0.0,0.0,0.0,0.0,certain_cold,189.56935729980466,189.56935729980466,POINT (555182.7191014214 8635971.296909112),ragna_mariebreen
ragna_mariebreen-20230305-DAT_0068_A1_3,4475.0,5326,103.06427764892578,555179.1102385151,8635967.051346643,292.3681284586589,2021-04-07 16:11:53.166666752+00:00,0,2024-04-29,100 MHz,20230305,0.0,102.39414978027344,103.60037231445312,0.8784800500006312,0.5961189468383788,11,2.0783306115529223,0.2903804779052735,2.1815445793396333,2.2749738792161,100.29563150471174,105.69889059001483,0.6701278686523438,0.0,0.9220722504038499,0.6954664489746093,10.0,0.0,2.0809890161511397,0.2903804779052735,0.0,0.0,0.0,0.0,0.0,0.0,certain_cold,189.3038508097331,189.3038508097331,POINT (555179.1102385151 8635967.051346643),ragna_mariebreen
ragna_mariebreen-20230305-DAT_0068_A1_3,4480.0,5333,103.06427764892578,555175.9364685636,8635963.021716466,291.831103515625,2021-04-07 16:11:54.400000+00:00,0,2024-04-29,100 MHz,20230305,0.0,101.9920883178711,103.33232116699219,0.8764329525560446,0.7948139511108397,11,2.0783306115529223,0.5807692209879557,2.2996695927557345,2.329138411363955,99.83413766529237,105.4902718195709,1.0721893310546875,0.0,0.9143556686309119,0.6954551376342774,10.0,0.0,2.0783306115529223,0.4355748494466146,0.0,0.0,0.0,0.0,0.0,0.0,uncertain_cold,188.7668258666992,188.7668258666992,POINT (555175.9364685636 8635963.021716466),ragna_mariebreen
ragna_mariebreen-20230305-DAT_0068_A1_3,4485.0,5339,102.52818298339844,555172.8790658445,8635959.102222685,291.30115966796876,2021-04-07 16:11:55.600000+00:00,0,2024-04-29,100 MHz,20230305,0.0,101.72403717041016,103.06427764892578,0.8977843511643598,0.7948139511108397,11,2.0676971060459732,1.1615384419759114,2.5012541037285967,2.5358548096715494,99.35242529775083,105.43588952158511,0.8041458129882812,0.0,0.9316533094415563,0.5961132911682129,10.0,0.0,2.073013669317254,0.7259718577067058,0.0,0.0,0.0,0.0,0.0,0.0,certain_cold,188.77297668457032,188.77297668457032,POINT (555172.8790658445 8635959.102222685),ragna_mariebreen
ragna_mariebreen-20230305-DAT_0068_A1_3,4490.0,5345,101.9920883178711,555169.9848650364,8635955.040324606,290.78826904296875,2021-04-07 16:11:56.800000+00:00,0,2024-04-29,100 MHz,20230305,0.0,101.32197570800781,102.66220092773438,0.8691344812066948,0.7948139511108397,11,2.057064518136504,1.0163523356119792,2.4282124533822236,2.453544629368401,99.02752882436023,104.95664781138196,0.6701126098632812,0.0,0.8900203257151645,0.6954551376342774,10.0,0.0,2.0650386833398615,1.1615384419759114,0.0,0.0,0.0,0.0,0.0,0.0,certain_cold,188.79618072509766,188.79618072509766,POINT (555169.9848650364 8635955.040324606),ragna_mariebreen
ragna_mariebreen-20230305-DAT_0068_A1_3,4495.0,5351,101.59001159667969,555167.2037142722,8635950.90848131,290.2877502441406,2021-04-07 16:11:58+00:00,0,2024-04-29,100 MHz,20230305,0.0,100.9198989868164,102.12610626220703,0.8672546309050815,1.1922152709960936,11,2.0490905744952825,1.3067410786946616,2.7069764833906085,2.5804021051107138,98.48960179732836,104.55640345169508,0.6701126098632812,0.0,0.8777151685207318,0.7948139511108397,10.0,0.0,2.051748497087008,1.4519189198811848,0.0,0.0,0.0,0.0,0.0,0.0,certain_cold,188.69773864746094,188.69773864746094,POINT (555167.2037142722 8635950.90848131),ragna_mariebreen
ragna_mariebreen-20230305-DAT_0068_A1_3,4500.0,5357,100.7858657836914,555164.5419937646,8635946.74417806,289.80454711914064,2021-04-07 16:11:59.200000+00:00,0,2024-04-29,100 MHz,20230305,0.0,100.24977111816406,101.59001159667969,0.8245959116385286,1.1922152709960936,11,2.0331444357711783,1.4519271850585938,2.768238808306784,2.63091757090762,97.75141789105236,104.0883648237914,0.26804351806640625,0.0,0.8116776786045055,0.9935146110534667,10.0,0.0,2.0384596269858513,1.3067328135172525,0.0,0.0,0.0,0.0,0.0,0.0,certain_cold,189.01868133544923,189.01868133544923,POINT (555164.5419937646 8635946.74417806),ragna_mariebreen
ragna_mariebreen-20230305-DAT_0068_A1_3,4505.0,5363,100.24977111816406,555161.9023680397,8635942.61799238,289.3355285644531,2021-04-07 16:12:00.400000+00:00,0,2024-04-29,100 MHz,20230305,0.0,99.84769439697266,101.05391693115234,0.8214241522016653,0.9935315780639647,11,2.02251493040168,1.0163523356119792,2.4719716241113914,2.4079610361510966,97.58417087957734,103.31744044854766,0.40207672119140625,0.0,0.8218212929849396,1.1922322380065917,10.0,0.0,2.0278296371267266,1.1615384419759114,0.0,0.0,0.0,0.0,0.0,0.0,certain_cold,189.08575744628905,189.08575744628905,POINT (555161.9023680397 8635942.61799238),ragna_mariebreen
ragna_mariebreen-20230305-DAT_0068_A1_3,4510.0,5369,99.84769439697266,555159.2459664096,8635938.71452701,288.87335205078125,2021-04-07 16:12:01.600000+00:00,0,2024-04-29,100 MHz,20230305,0.0,99.44563293457031,100.24977111816406,0.7893886129521704,0.7948139511108397,11,2.014543330523446,0.8711496988932292,2.3343127136951227,2.3324710096155137,97.25080113499243,102.44460291774195,0.1340179443359375,0.0,0.7971656675165473,0.8941727645874022,10.0,0.0,2.017200620057423,1.1615384419759114,0.0,0.0,0.0,0.0,0.0,0.0,certain_cold,189.0256576538086,189.0256576538086,POINT (555159.2459664096 8635938.71452701),ragna_mariebreen
ragna_mariebreen-20230305-DAT_0068_A1_3,4515.0,5375,99.44563293457031,555156.5965094526,8635934.43903782,288.3951904296875,2021-04-07 16:12:02.800000+00:00,0,2024-04-29,100 MHz,20230305,0.0,99.0435562133789,99.57965087890625,0.7879366749102927,0.5961189468383788,11,2.006572591236838,1.0163358052571614,2.3269357171461227,2.383299443338862,96.79427365377225,101.8289334385129,0.134033203125,0.0,0.8071146943470715,0.5961132911682129,10.0,0.0,2.006572591236838,1.0163523356119792,0.0,0.0,0.0,0.0,0.0,0.0,certain_cold,188.94955749511718,188.94955749511718,POINT (555156.5965094526 8635934.43903782),ragna_mariebreen
ragna_mariebreen-20230305-DAT_0068_A1_3,4520.0,5381,98.90953826904297,555153.8482141135,8635930.271304592,287.9014892578125,2021-04-07 16:12:04+00:00,0,2024-04-29,100 MHz,20230305,0.0,98.64148712158203,99.31159973144531,0.8354140546353579,0.5961076354980468,11,1.9959455664516783,1.1615384419759114,2.3850187776042793,2.455786411540757,96.33216465461776,101.62092219840959,0.1340179443359375,0.0,0.8663855981264053,0.4967601333618164,10.0,0.0,1.99860211421811,1.1615384419759114,0.0,0.0,0.0,0.0,0.0,0.0,certain_cold,188.99195098876953,188.99195098876953,POINT (555153.8482141135 8635930.271304592),ragna_mariebreen
ragna_mariebreen-20230305-DAT_0068_A1_3,4525.0,5387,98.37344360351562,555151.0340186447,8635926.175411612,287.42620849609375,2021-04-07 16:12:05.200000+00:00,0,2024-04-29,100 MHz,20230305,0.0,98.23942565917969,98.77552032470703,0.8418386375651393,0.5961189468383788,11,1.9853195618251556,0.8711579640706381,2.248503448898628,2.3257476760446,96.07138277193567,100.94356321195104,0.1340179443359375,0.0,0.8804377338419074,0.6954664489746093,10.0,0.0,1.9853195618251556,1.0163440704345703,0.0,0.0,0.0,0.0,0.0,0.0,certain_cold,189.05276489257812,189.05276489257812,POINT (555151.0340186447 8635926.175411612),ragna_mariebreen
ragna_mariebreen-20230305-DAT_0068_A1_3,4530.0,5393,98.10539245605469,555148.2094310162,8635922.339724466,286.98443603515625,2021-04-07 16:12:06.400000+00:00,0,2024-04-29,100 MHz,20230305,0.0,97.70333099365234,98.5074691772461,0.7970005265879614,0.7948139511108397,11,1.9800068715998447,0.2903887430826823,2.1532491845051673,2.1540572585410147,95.70214313797969,100.50865703291875,0.40206146240234375,0.0,0.8382855559193333,0.8941614532470703,10.0,0.0,1.9800068715998447,0.2903887430826823,0.0,0.0,0.0,0.0,0.0,0.0,certain_cold,188.87904357910156,188.87904357910156,POINT (555148.2094310162 8635922.339724466),ragna_mariebreen
ragna_mariebreen-20230305-DAT_0068_A1_3,4535.0,5400,98.10539245605469,555144.895286013,8635918.335601449,286.5214477539063,2021-04-07 16:12:07.800000+00:00,0,2024-04-29,100 MHz,20230305,0.0,97.4352798461914,98.37344360351562,0.7839893495119503,0.9935089553833008,11,1.9800068715998447,0.14518610636393228,2.2200374459658425,2.1345129461335888,95.44995714772053,100.3587663019865,0.6701126098632812,0.0,0.8256944375260857,0.9935202667236328,10.0,0.0,1.9800068715998447,0.0,0.0,0.0,0.0,0.0,0.0,0.0,certain_cold,188.41605529785159,188.41605529785159,POINT (555144.895286013 8635918.335601449),ragna_mariebreen
ragna_mariebreen-20230305-DAT_0068_A1_3,4540.0,5407,97.97137451171875,555141.3682029769,8635914.732533446,286.0732849121094,2021-04-07 16:12:09.200000+00:00,0,2024-04-29,100 MHz,20230305,0.0,97.30125427246094,98.10539245605469,0.7087249511343106,0.5961189468383788,11,1.977350775529264,0.0,2.0652539524876548,2.1005254451794944,95.32390349693168,100.08274323158395,0.6701202392578125,0.0,0.7460775113647913,0.8941671089172363,10.0,0.0,1.9800068715998447,0.0,0.0,0.0,0.0,0.0,0.0,0.0,certain_cold,188.10191040039064,188.10191040039064,POINT (555141.3682029769 8635914.732533446),ragna_mariebreen
ragna_mariebreen-20230305-DAT_0068_A1_3,4545.0,5414,98.10539245605469,555137.7743092312,8635910.82896803,285.59718017578126,2021-04-07 16:12:10.600000+00:00,0,2024-04-29,100 MHz,20230305,0.0,97.4352798461914,98.23942565917969,0.6465563771320891,0.5960963241577149,11,1.9800068715998447,0.14518610636393228,2.072881338798259,2.087951475938532,95.44995714772053,100.22474835765057,0.6701126098632812,0.0,0.6811974406975686,0.8941614532470703,10.0,0.0,1.9800068715998447,0.0,0.0,0.0,0.0,0.0,0.0,0.0,certain_cold,187.49178771972657,187.49178771972657,POINT (555137.7743092312 8635910.82896803),ragna_mariebreen
ragna_mariebreen-20230305-DAT_0068_A1_3,4550.0,5420,98.10539245605469,555134.6929667478,8635907.50430192,285.15703125,2021-04-07 16:12:11.800000+00:00,0,2024-04-29,100 MHz,20230305,0.0,97.56929779052734,98.37344360351562,0.6435173405731934,0.5960963241577149,11,1.9800068715998447,0.2903804779052735,2.088080185530584,2.1021090840271572,95.56811113418289,100.37463025986008,0.5360946655273438,0.0,0.6776712429638133,0.5961076354980468,10.0,0.0,1.9800068715998447,0.2903804779052735,0.0,0.0,0.0,0.0,0.0,0.0,certain_cold,187.0516387939453,187.0516387939453,POINT (555134.6929667478 8635907.50430192),ragna_mariebreen
ragna_mariebreen-20230305-DAT_0068_A1_3,4555.0,5427,97.83734893798828,555131.1943238764,8635903.976857666,284.6434265136719,2021-04-07 16:12:13.200000+00:00,0,2024-04-29,100 MHz,20230305,0.0,97.56929779052734,98.37344360351562,0.6807564715465236,0.7948139511108397,11,1.9746945938259592,0.5807692209879558,2.2064543602379025,2.1679808579609046,95.51097040477637,100.4317709892666,0.2680511474609375,0.0,0.7160489906958014,0.5961132911682129,10.0,0.0,1.9746945938259592,0.5807692209879558,0.0,0.0,0.0,0.0,0.0,0.0,certain_cold,186.80607757568362,186.80607757568362,POINT (555131.1943238764 8635903.976857666),ragna_mariebreen
ragna_mariebreen-20230305-DAT_0068_A1_3,4560.0,5436,97.56929779052734,555127.2882741459,8635900.327696534,284.0814259847005,2021-04-07 16:12:14.833333248+00:00,0,2024-04-29,100 MHz,20230305,0.0,97.56929779052734,98.64148712158203,0.8041421254574516,1.1922378936767577,11,1.9693824282080514,0.2903887430826823,2.3203930627724634,2.146960020256318,95.5786213299633,100.63216358214608,0.0,0.0,0.8424439958207877,1.1922265823364258,10.0,0.0,1.9693824282080514,0.2903887430826823,0.0,0.0,0.0,0.0,0.0,0.0,certain_cold,186.51212819417316,186.51212819417316,POINT (555127.2882741459 8635900.327696534),ragna_mariebreen
ragna_mariebreen-20230305-DAT_0068_A1_3,4565.0,5443,97.56929779052734,555123.6880571218,8635897.19024716,283.5751724243164,2021-04-07 16:12:16.249999872+00:00,0,2024-04-29,100 MHz,20230305,0.0,97.30125427246094,98.64148712158203,0.8886458187768318,1.1922152709960936,11,1.9693824282080514,0.14518610636393228,2.3067126839751952,2.165464741168811,95.32652741691464,100.61621397712833,0.26804351806640625,0.0,0.9311195226919519,1.3909215866088867,10.0,0.0,1.9693824282080514,0.14518610636393228,0.0,0.0,0.0,0.0,0.0,0.0,certain_cold,186.00587463378906,186.00587463378906,POINT (555123.6880571218 8635897.19024716),ragna_mariebreen
ragna_mariebreen-20230305-DAT_0068_A1_3,4570.0,5449,97.4352798461914,555119.848326138,8635893.770238625,283.01560668945314,2021-04-07 16:12:17.600000+00:00,0,2024-04-29,100 MHz,20230305,0.0,97.30125427246094,98.77552032470703,0.9197094165387613,1.1922265823364258,11,1.9667265960174163,0.14518610636393228,2.304451503632256,2.1759958455459976,95.32917605165848,100.74759854550949,0.13402557373046875,0.0,0.9585803099457344,1.490280400085449,10.0,0.0,1.9667265960174163,0.14518610636393228,0.0,0.0,0.0,0.0,0.0,0.0,certain_cold,185.58032684326173,185.58032684326173,POINT (555119.848326138 8635893.770238625),ragna_mariebreen
ragna_mariebreen-20230305-DAT_0068_A1_3,4575.0,5455,97.4352798461914,555116.2674348174,8635890.723553266,282.49400024414064,2021-04-07 16:12:18.800000+00:00,0,2024-04-29,100 MHz,20230305,0.0,97.16722106933594,98.90953826904297,0.953362354135188,1.1922265823364258,11,1.9667265960174163,0.0,2.2998734154539564,2.185615080878708,95.20049447331851,100.87626486506039,0.26805877685546875,0.0,0.9950526495394058,1.6889810600280761,10.0,0.0,1.9667265960174163,0.0,0.0,0.0,0.0,0.0,0.0,0.0,certain_cold,185.05872039794923,185.05872039794923,POINT (555116.2674348174 8635890.723553266),ragna_mariebreen
ragna_mariebreen-20230305-DAT_0068_A1_3,4580.0,5461,97.4352798461914,555112.5838270792,8635887.486632235,281.96221923828125,2021-04-07 16:12:20+00:00,0,2024-04-29,100 MHz,20230305,0.0,97.16722106933594,98.77552032470703,0.9209532267373912,0.9935315780639647,11,1.9667265960174163,0.14518610636393228,2.2082113815424567,2.1765218479954167,95.19514284853348,100.74759854550949,0.26805877685546875,0.0,0.9649113063224722,1.4902860557556152,10.0,0.0,1.9667265960174163,0.14518610636393228,0.0,0.0,0.0,0.0,0.0,0.0,certain_cold,184.52693939208984,184.52693939208984,POINT (555112.5838270792 8635887.486632235),ragna_mariebreen
ragna_mariebreen-20230305-DAT_0068_A1_3,4585.0,5467,97.56929779052734,555108.8078659021,8635883.799276285,281.42169189453125,2021-04-07 16:12:21.200000+00:00,0,2024-04-29,100 MHz,20230305,0.0,97.16722106933594,98.37344360351562,0.8224172662329079,0.9935202667236328,11,1.9693824282080514,0.0,2.205799099855932,2.134206482122255,95.19783864112789,100.34282603172367,0.40207672119140625,0.0,0.8645460669492435,1.0928734245300293,10.0,0.0,1.9693824282080514,0.0,0.0,0.0,0.0,0.0,0.0,0.0,certain_cold,183.8523941040039,183.8523941040039,POINT (555108.8078659021 8635883.799276285),ragna_mariebreen
ragna_mariebreen-20230305-DAT_0068_A1_3,4590.0,5473,97.4352798461914,555105.4049536312,8635880.23848581,280.930810546875,2021-04-07 16:12:22.400000+00:00,0,2024-04-29,100 MHz,20230305,0.0,97.033203125,98.10539245605469,0.7017828169508827,0.7948139511108397,11,1.9667265960174163,0.5807692209879558,2.1993261714465264,2.1674421592505593,94.98251875349638,100.15607682755831,0.40207672119140625,0.0,0.7389586677636707,0.8941727645874022,10.0,0.0,1.9667265960174163,0.5807692209879558,0.0,0.0,0.0,0.0,0.0,0.0,certain_cold,183.49553070068362,183.49553070068362,POINT (555105.4049536312 8635880.23848581),ragna_mariebreen
ragna_mariebreen-20230305-DAT_0068_A1_3,4595.0,5480,97.033203125,555101.829097527,8635876.075126033,280.41331176757814,2021-04-07 16:12:23.800000+00:00,0,2024-04-29,100 MHz,20230305,0.0,96.7651596069336,97.70333099365234,0.6350917571359165,0.5961189468383788,11,1.9587590468148457,0.5807774861653646,2.128238071902498,2.1394814866919387,94.72211298683028,99.74637761375566,0.26804351806640625,0.0,0.6687811055601581,0.7948139511108397,10.0,0.0,1.9587590468148457,0.5807774861653646,0.0,0.0,0.0,0.0,0.0,0.0,certain_cold,183.38010864257814,183.38010864257814,POINT (555101.829097527 8635876.075126033),ragna_mariebreen
ragna_mariebreen-20230305-DAT_0068_A1_3,4600.0,5487,96.89917755126953,555098.8007011126,8635872.60373454,279.98541259765625,2021-04-07 16:12:25+00:00,0,2024-04-29,100 MHz,20230305,0.0,96.6311264038086,97.4352798461914,0.5520048573050879,0.5961189468383788,11,1.9561033316379233,0.2903804779052735,2.0654343041532877,2.053136729124948,94.65358725982345,99.41281899017655,0.2680511474609375,0.0,0.5805999387043747,0.6954721046447754,10.0,0.0,1.9561033316379233,0.14519437154134116,0.0,0.0,0.0,0.0,0.0,0.0,certain_cold,183.08623504638672,183.08623504638672,POINT (555098.8007011126 8635872.60373454),ragna_mariebreen
ragna_mariebreen-20230305-DAT_0068_A1_3,4605.0,5494,96.7651596069336,555095.1043291669,8635868.696207736,279.4687072753906,2021-04-07 16:12:26.400000+00:00,0,2024-04-29,100 MHz,20230305,0.0,96.6311264038086,97.033203125,0.5406456979331307,0.3974126312255859,11,1.953447835367541,0.29038874308268225,2.0145026351605786,2.047579507199873,94.65621271769184,99.00811681111675,0.134033203125,0.0,0.5652715718953517,0.6954664489746093,10.0,0.0,1.9561033316379233,0.14518610636393228,0.0,0.0,0.0,0.0,0.0,0.0,certain_cold,182.70354766845702,182.70354766845702,POINT (555095.1043291669 8635868.696207736),ragna_mariebreen
ragna_mariebreen-20230305-DAT_0068_A1_3,4610.0,5500,96.6311264038086,555091.7794353331,8635865.548097102,279.01268310546874,2021-04-07 16:12:27.600000+00:00,0,2024-04-29,100 MHz,20230305,0.0,96.49710845947266,96.7651596069336,0.6018204521598745,0.3974126312255859,11,1.9507921047686076,0.14520263671875,1.9961489025609425,2.0466708329322345,94.54091990983395,98.7213481565723,0.1340179443359375,0.0,0.6260831289934031,0.5961132911682129,10.0,0.0,1.953447835367541,0.14518610636393228,0.0,0.0,0.0,0.0,0.0,0.0,certain_cold,182.38155670166014,182.38155670166014,POINT (555091.7794353331 8635865.548097102),ragna_mariebreen
ragna_mariebreen-20230305-DAT_0068_A1_3,4615.0,5507,96.6311264038086,555087.8505019962,8635861.743017778,278.46307373046875,2021-04-07 16:12:29+00:00,0,2024-04-29,100 MHz,20230305,0.0,96.36308288574219,96.7651596069336,0.6495819828846143,0.3974126312255859,11,1.9507921047686076,0.0,1.99086077752443,2.0560998488682016,94.41229078097358,98.7159517117022,0.26804351806640625,0.0,0.6788515113558633,0.3974182868957519,10.0,0.0,1.953447835367541,0.14520263671875,0.0,0.0,0.0,0.0,0.0,0.0,certain_cold,181.83194732666016,181.83194732666016,POINT (555087.8505019962 8635861.743017778),ragna_mariebreen
ragna_mariebreen-20230305-DAT_0068_A1_3,4620.0,5513,96.6311264038086,555084.4279778368,8635857.930196837,277.97945404052734,2021-04-07 16:12:30.249999872+00:00,0,2024-04-29,100 MHz,20230305,0.0,96.09503173828125,96.6311264038086,0.6971135392869061,0.19871762695312498,11,1.9507921047686076,0.14518610636393228,1.9662546978381348,2.0766887412816035,94.13884441557704,98.5873137265128,0.5360946655273438,0.0,0.7320391866848182,0.4967657890319824,10.0,0.0,1.9507921047686076,0.14520263671875,0.0,0.0,0.0,0.0,0.0,0.0,certain_cold,181.34832763671875,181.34832763671875,POINT (555084.4279778368 8635857.930196837),ragna_mariebreen
ragna_mariebreen-20230305-DAT_0068_A1_3,4625.0,5518,96.49710845947266,555081.4421280038,8635854.525695417,277.5422424316406,2021-04-07 16:12:31.400000+00:00,0,2024-04-29,100 MHz,20230305,0.0,95.96101379394531,96.6311264038086,0.7658693915562467,0.3974126312255859,11,1.9481367447937765,0.0,1.988258930791796,2.0932732027469387,94.01287704915154,98.57926314860237,0.5360946655273438,0.0,0.8047648684463083,0.6954607933044433,10.0,0.0,1.9507921047686076,0.0,0.0,0.0,0.0,0.0,0.0,0.0,certain_cold,181.04513397216795,181.04513397216795,POINT (555081.4421280038 8635854.525695417),ragna_mariebreen
ragna_mariebreen-20230305-DAT_0068_A1_3,4630.0,5524,96.6311264038086,555078.4977370354,8635850.722624144,277.0680908203125,2021-04-07 16:12:32.600000+00:00,0,2024-04-29,100 MHz,20230305,0.0,96.09503173828125,96.7651596069336,0.8037392792860595,0.7948139511108397,11,1.9507921047686076,0.0,2.106494493918263,2.109878353150913,94.14423963351264,98.7159517117022,0.5360946655273438,0.0,0.8463477370819547,0.8941727645874022,10.0,0.0,1.9507921047686076,0.14518610636393228,0.0,0.0,0.0,0.0,0.0,0.0,certain_cold,180.43696441650388,180.43696441650388,POINT (555078.4977370354 8635850.722624144),ragna_mariebreen
ragna_mariebreen-20230305-DAT_0068_A1_3,4635.0,5530,96.49710845947266,555075.3513353469,8635846.650902143,276.5297119140625,2021-04-07 16:12:33.800000+00:00,0,2024-04-29,100 MHz,20230305,0.0,96.09503173828125,97.033203125,0.8245970614818439,0.3974126312255859,11,1.9481367447937765,0.14520263671875003,1.9935539575299719,2.1204435611282517,94.14149121345824,98.98674364982301,0.40207672119140625,0.0,0.869034632415533,0.6954664489746093,10.0,0.0,1.9481367447937765,0.14520263671875003,0.0,0.0,0.0,0.0,0.0,0.0,certain_cold,180.03260345458983,180.03260345458983,POINT (555075.3513353469 8635846.650902143),ragna_mariebreen
ragna_mariebreen-20230305-DAT_0068_A1_3,4640.0,5536,96.7651596069336,555071.7299670333,8635843.230425052,276.0007629394531,2021-04-07 16:12:35+00:00,0,2024-04-29,100 MHz,20230305,0.0,96.22906494140625,97.30125427246094,0.837757302688175,0.7948139511108397,11,1.953447835367541,0.2903887430826823,2.1288525746259874,2.1452555479053395,94.2541512552895,99.27616795857769,0.5360946655273438,0.0,0.8828168391463038,0.7948139511108397,10.0,0.0,1.953447835367541,0.2903887430826823,0.0,0.0,0.0,0.0,0.0,0.0,certain_cold,179.23560333251953,179.23560333251953,POINT (555071.7299670333 8635843.230425052),ragna_mariebreen
ragna_mariebreen-20230305-DAT_0068_A1_3,4645.0,5543,96.7651596069336,555067.9846827404,8635839.953947369,275.45689086914064,2021-04-07 16:12:36.200000+00:00,0,2024-04-29,100 MHz,20230305,0.0,96.36308288574219,97.70333099365234,0.8926827236106226,0.9935202667236328,11,1.953447835367541,0.0,2.191584122476874,2.147752520784229,94.40963505037465,99.65677882901988,0.40207672119140625,0.0,0.9409316236663996,0.9935259223937988,10.0,0.0,1.953447835367541,0.0,0.0,0.0,0.0,0.0,0.0,0.0,certain_cold,178.69173126220704,178.69173126220704,POINT (555067.9846827404 8635839.953947369),ragna_mariebreen
ragna_mariebreen-20230305-DAT_0068_A1_3,4650.0,5549,96.7651596069336,555064.2708414729,8635836.678731333,274.9267517089844,2021-04-07 16:12:37.400000+00:00,0,2024-04-29,100 MHz,20230305,0.0,96.36308288574219,97.97137451171875,0.9578042133844376,1.1922152709960936,11,1.953447835367541,0.14518610636393228,2.29312335110424,2.180464712431786,94.40424714709965,99.93021025036128,0.40207672119140625,0.0,1.0093896455907585,0.8941671089172363,10.0,0.0,1.953447835367541,0.14518610636393228,0.0,0.0,0.0,0.0,0.0,0.0,certain_cold,178.1615921020508,178.1615921020508,POINT (555064.2708414729 8635836.678731333),ragna_mariebreen
ragna_mariebreen-20230305-DAT_0068_A1_3,4655.0,5555,96.89917755126953,555060.577152184,8635833.292637324,274.3970458984375,2021-04-07 16:12:38.600000+00:00,0,2024-04-29,100 MHz,20230305,0.0,96.49710845947266,98.37344360351562,0.9908220566827077,1.1922265823364258,11,1.9561033316379233,0.43556658426920575,2.331836768945571,2.2355730454149505,94.49309785736075,100.37745420562753,0.402069091796875,0.0,1.0442791732077548,0.9935202667236328,10.0,0.0,1.9561033316379233,0.43556658426920575,0.0,0.0,0.0,0.0,0.0,0.0,certain_cold,177.49786834716798,177.49786834716798,POINT (555060.577152184 8635833.292637324),ragna_mariebreen
ragna_mariebreen-20230305-DAT_0068_A1_3,4660.0,5561,97.16722106933594,555056.9036144796,8635829.795664143,273.8810546875,2021-04-07 16:12:39.800000+00:00,0,2024-04-29,100 MHz,20230305,0.0,96.7651596069336,98.64148712158203,1.0430069193316966,1.3909328979492186,11,1.9614146782704776,0.4355831146240235,2.443680526680576,2.263789659763964,94.75596071436958,100.65068601414605,0.40206146240234375,0.0,1.0993927968938715,1.3909215866088867,10.0,0.0,1.9614146782704776,0.4355831146240235,0.0,0.0,0.0,0.0,0.0,0.0,certain_cold,176.71383361816407,176.71383361816407,POINT (555056.9036144796 8635829.795664143),ragna_mariebreen
ragna_mariebreen-20230305-DAT_0068_A1_3,4665.0,5567,97.30125427246094,555053.3008445317,8635826.301518014,273.37750244140625,2021-04-07 16:12:41+00:00,0,2024-04-29,100 MHz,20230305,0.0,97.033203125,98.64148712158203,1.021334140339883,1.3909328979492186,11,1.9640706792775149,0.4355831146240235,2.44581287296077,2.256198065145658,95.02141131595434,100.65327893062769,0.2680511474609375,0.0,1.0762773727786705,1.490280400085449,10.0,0.0,1.9640706792775149,0.4355831146240235,0.0,0.0,0.0,0.0,0.0,0.0,certain_cold,176.0762481689453,176.0762481689453,POINT (555053.3008445317 8635826.301518014),ragna_mariebreen
ragna_mariebreen-20230305-DAT_0068_A1_3,4670.0,5573,97.56929779052734,555049.7762377658,8635822.624341488,272.8509216308594,2021-04-07 16:12:42.200000+00:00,0,2024-04-29,100 MHz,20230305,0.0,97.16722106933594,98.77552032470703,1.0243686256676388,1.3909328979492186,11,1.9693824282080514,0.4355831146240235,2.4500804323282157,2.2621960303060415,95.15024318193107,100.7924982121119,0.40207672119140625,0.0,1.0797037295147556,1.490280400085449,10.0,0.0,1.9693824282080514,0.4355831146240235,0.0,0.0,0.0,0.0,0.0,0.0,certain_cold,175.28162384033203,175.28162384033203,POINT (555049.7762377658 8635822.624341488),ragna_mariebreen
ragna_mariebreen-20230305-DAT_0068_A1_3,4675.0,5579,97.70333099365234,555046.0977728979,8635818.754899843,272.28965759277344,2021-04-07 16:12:43.500000+00:00,0,2024-04-29,100 MHz,20230305,0.0,97.4352798461914,98.77552032470703,1.0285029227346516,1.3909328979492186,11,1.9720386291607157,0.29038874308268225,2.430628787702603,2.2430069636728587,95.44197556008474,100.7688246108137,0.2680511474609375,0.0,1.0833001883468782,1.490280400085449,10.0,0.0,1.9720386291607157,0.29038874308268225,0.0,0.0,0.0,0.0,0.0,0.0,certain_cold,174.5863265991211,174.5863265991211,POINT (555046.0977728979 8635818.754899843),ragna_mariebreen
ragna_mariebreen-20230305-DAT_0068_A1_3,4680.0,5584,97.83734893798828,555043.1555855366,8635815.584915936,271.8435791015625,2021-04-07 16:12:44.600000+00:00,0,2024-04-29,100 MHz,20230305,0.0,97.56929779052734,98.77552032470703,1.012502602453834,1.3909328979492186,11,1.9746945938259592,0.2903804779052735,2.4327831566811247,2.2380574346539346,95.5733670400167,100.77145107521767,0.2680511474609375,0.0,1.0670589582546324,1.3909328979492186,10.0,0.0,1.9746945938259592,0.2903804779052735,0.0,0.0,0.0,0.0,0.0,0.0,certain_cold,174.00623016357423,174.00623016357423,POINT (555043.1555855366 8635815.584915936),ragna_mariebreen
ragna_mariebreen-20230305-DAT_0068_A1_3,4685.0,5592,97.97137451171875,555039.5164458789,8635811.419214115,271.276611328125,2021-04-07 16:12:46+00:00,0,2024-04-29,100 MHz,20230305,0.0,97.83734893798828,98.90953826904297,0.9595044679164015,1.1922265823364258,11,1.977350775529264,0.2903804779052735,2.3271530106686735,2.2169541572586056,95.83879022945989,100.90809697757136,0.13402557373046875,0.0,1.0112629829588187,1.3909272422790526,10.0,0.0,1.977350775529264,0.2903804779052735,0.0,0.0,0.0,0.0,0.0,0.0,certain_cold,173.30523681640625,173.30523681640625,POINT (555039.5164458789 8635811.419214115),ragna_mariebreen
ragna_mariebreen-20230305-DAT_0068_A1_3,4690.0,5598,98.10539245605469,555036.3928902348,8635807.758033592,270.78131713867185,2021-04-07 16:12:47.200000+00:00,0,2024-04-29,100 MHz,20230305,0.0,97.97137451171875,98.90953826904297,0.9246670589992217,1.1922265823364258,11,1.9800068715998447,0.29038874308268225,2.3294113113233865,2.2044867891847333,95.9701866560461,100.91072612471562,0.1340179443359375,0.0,0.9735577803222465,1.0928677688598631,10.0,0.0,1.9800068715998447,0.29038874308268225,0.0,0.0,0.0,0.0,0.0,0.0,certain_cold,172.67592468261716,172.67592468261716,POINT (555036.3928902348 8635807.758033592),ragna_mariebreen
ragna_mariebreen-20230305-DAT_0068_A1_3,4695.0,5604,98.23942565917969,555033.225554768,8635804.206810176,270.2875183105469,2021-04-07 16:12:48.400000+00:00,0,2024-04-29,100 MHz,20230305,0.0,98.23942565917969,98.90953826904297,0.9019590127029058,0.9935089553833008,11,1.9826633353996832,0.14520263671875,2.222408097464345,2.1830180411174513,96.2514523929489,100.89751153527375,0.0,0.0,0.9497937184941291,0.8941557975769042,10.0,0.0,1.9826633353996832,0.4355831146240235,0.0,0.0,0.0,0.0,0.0,0.0,certain_cold,172.0480926513672,172.0480926513672,POINT (555033.225554768 8635804.206810176),ragna_mariebreen
ragna_mariebreen-20230305-DAT_0068_A1_3,4700.0,5611,98.23942565917969,555029.5312961303,8635800.038943859,269.6954650878906,2021-04-07 16:12:49.800000+00:00,0,2024-04-29,100 MHz,20230305,0.0,98.23942565917969,98.77552032470703,0.8891972243953523,0.3974126312255859,11,1.9826633353996832,0.0,2.0221005664891742,2.1729301888028054,96.25676232378001,100.75818366010671,0.0,0.0,0.9353973690343651,0.5961019798278808,10.0,0.0,1.987976004252173,0.2903804779052735,0.0,0.0,0.0,0.0,0.0,0.0,certain_cold,171.45603942871094,171.45603942871094,POINT (555029.5312961303 8635800.038943859),ragna_mariebreen
ragna_mariebreen-20230305-DAT_0068_A1_3,4705.0,5617,98.23942565917969,555026.1717296761,8635796.368399227,269.1815490722656,2021-04-07 16:12:51+00:00,0,2024-04-29,100 MHz,20230305,0.0,97.97137451171875,98.77552032470703,0.8493700580496844,0.7948139511108397,11,1.9826633353996832,0.14518610636393228,2.1409722380030387,2.16181923447143,95.98340245280562,100.76349238362016,0.2680511474609375,0.0,0.8936007448435941,0.8941614532470703,10.0,0.0,1.987976004252173,0.14519437154134116,0.0,0.0,0.0,0.0,0.0,0.0,certain_cold,170.94212341308594,170.94212341308594,POINT (555026.1717296761 8635796.368399227),ragna_mariebreen
ragna_mariebreen-20230305-DAT_0068_A1_3,4710.0,5623,98.37344360351562,555022.7492205645,8635792.695359463,268.65455932617186,2021-04-07 16:12:52.200000+00:00,0,2024-04-29,100 MHz,20230305,0.0,97.83734893798828,98.64148712158203,0.8140296195596525,0.7948139511108397,11,1.9853195618251556,0.14518610636393228,2.1434322907260617,2.1506317652185785,95.84672773644171,100.6321083231286,0.5360946655273438,0.0,0.8580519921365473,0.9935146110534667,10.0,0.0,1.9853195618251556,0.14519437154134116,0.0,0.0,0.0,0.0,0.0,0.0,certain_cold,170.28111572265624,170.28111572265624,POINT (555022.7492205645 8635792.695359463),ragna_mariebreen
ragna_mariebreen-20230305-DAT_0068_A1_3,4715.0,5629,98.37344360351562,555019.4687421235,8635789.214130623,268.17323608398436,2021-04-07 16:12:53.400000+00:00,0,2024-04-29,100 MHz,20230305,0.0,97.70333099365234,98.5074691772461,0.7862763124341209,0.9935089553833008,11,1.9853195618251556,0.14518610636393228,2.2247770253383967,2.1402811047948225,95.71270979210577,100.49809037879267,0.6701126098632812,0.0,0.8287094895502448,0.9935146110534667,10.0,0.0,1.9853195618251556,0.14518610636393228,0.0,0.0,0.0,0.0,0.0,0.0,certain_cold,169.79979248046874,169.79979248046874,POINT (555019.4687421235 8635789.214130623),ragna_mariebreen
ragna_mariebreen-20230305-DAT_0068_A1_3,4720.0,5635,98.23942565917969,555016.2747662247,8635785.73635067,267.71217651367186,2021-04-07 16:12:54.600000+00:00,0,2024-04-29,100 MHz,20230305,0.0,97.56929779052734,98.37344360351562,0.7709661080656257,0.9935089553833008,11,1.9826633353996832,0.14518610636393228,2.2224070175028996,2.132233956864296,95.58132573161421,100.36141566242875,0.6701278686523438,0.0,0.8115525520081256,0.9935202667236328,10.0,0.0,1.9826633353996832,0.14518610636393228,0.0,0.0,0.0,0.0,0.0,0.0,certain_cold,169.47275085449218,169.47275085449218,POINT (555016.2747662247 8635785.73635067),ragna_mariebreen
ragna_mariebreen-20230305-DAT_0068_A1_3,4725.0,5642,98.23942565917969,555012.6152974495,8635781.681608489,267.1970520019531,2021-04-07 16:12:56+00:00,0,2024-04-29,100 MHz,20230305,0.0,97.4352798461914,98.23942565917969,0.7094149460171308,1.1922039596557616,11,1.9826633353996832,0.14520263671875,2.3180569424988575,2.1107598804413454,95.44730657996062,100.22739892541047,0.8041458129882812,0.0,0.7470121184568311,1.1922152709960936,10.0,0.0,1.9826633353996832,0.14520263671875,0.0,0.0,0.0,0.0,0.0,0.0,certain_cold,168.95762634277344,168.95762634277344,POINT (555012.6152974495 8635781.681608489),ragna_mariebreen
ragna_mariebreen-20230305-DAT_0068_A1_3,4730.0,5648,98.10539245605469,555009.6439993314,8635777.952089066,266.7438232421875,2021-04-07 16:12:57.200000+00:00,0,2024-04-29,100 MHz,20230305,0.0,97.30125427246094,98.10539245605469,0.6938239073839344,1.1922152709960936,11,1.9800068715998447,0.4355831146240235,2.351922004175406,2.142790581411464,95.27390135268398,100.13274537583165,0.80413818359375,0.0,0.7298521785447502,1.1922152709960936,10.0,0.0,1.9800068715998447,0.4355831146240235,0.0,0.0,0.0,0.0,0.0,0.0,certain_cold,168.6384307861328,168.6384307861328,POINT (555009.6439993314 8635777.952089066),ragna_mariebreen
ragna_mariebreen-20230305-DAT_0068_A1_3,4735.0,5654,97.83734893798828,555006.6958070958,8635774.037344174,266.2434448242187,2021-04-07 16:12:58.400000+00:00,0,2024-04-29,100 MHz,20230305,0.0,97.16722106933594,97.97137451171875,0.6510886352633599,0.7948139511108397,11,1.9746945938259592,0.43556658426920575,2.1727554407014695,2.1243948312840804,95.14505960490798,99.9935359761467,0.6701278686523438,0.0,0.684706341745284,0.8941727645874022,10.0,0.0,1.9746945938259592,0.43556658426920575,0.0,0.0,0.0,0.0,0.0,0.0,certain_cold,168.40609588623045,168.40609588623045,POINT (555006.6958070958 8635774.037344174),ragna_mariebreen
ragna_mariebreen-20230305-DAT_0068_A1_3,4740.0,5660,97.70333099365234,555003.7554634716,8635770.122917546,265.7576110839844,2021-04-07 16:12:59.600000+00:00,0,2024-04-29,100 MHz,20230305,0.0,96.89917755126953,97.97137451171875,0.6394455915817688,0.7948139511108397,11,1.9720386291607157,0.29038874308268225,2.1459243215667323,2.0933591764445425,94.90587326516287,99.96467879782541,0.8041534423828125,0.0,0.6739809779800298,0.8941671089172363,10.0,0.0,1.9720386291607157,0.14518610636393228,0.0,0.0,0.0,0.0,0.0,0.0,certain_cold,168.05428009033204,168.05428009033204,POINT (555003.7554634716 8635770.122917546),ragna_mariebreen
ragna_mariebreen-20230305-DAT_0068_A1_3,4745.0,5666,97.56929779052734,555000.7541328054,8635766.354994679,265.29432983398436,2021-04-07 16:13:00.800000+00:00,0,2024-04-29,100 MHz,20230305,0.0,96.6311264038086,97.83734893798828,0.6325146231060712,0.5960963241577149,11,1.9693824282080514,0.4355831146240235,2.103219110305568,2.113829356103094,94.61414851640373,99.85432682539314,0.93817138671875,0.0,0.6662389702909519,0.5960963241577149,10.0,0.0,1.9720386291607157,0.14520263671875,0.0,0.0,0.0,0.0,0.0,0.0,certain_cold,167.72503204345702,167.72503204345702,POINT (555000.7541328054 8635766.354994679),ragna_mariebreen
ragna_mariebreen-20230305-DAT_0068_A1_3,4750.0,5673,97.30125427246094,554997.1457143114,8635762.004484963,264.7584655761719,2021-04-07 16:13:02.200000+00:00,0,2024-04-29,100 MHz,20230305,0.0,96.36308288574219,97.70333099365234,0.6422499960478993,0.3974126312255859,11,1.9640706792775149,0.5807692209879558,2.0863372979224235,2.1464742203595466,94.31494555605832,99.75146832333621,0.93817138671875,0.0,0.676937330296923,0.3974069755554199,10.0,0.0,1.9693824282080514,0.29038874308268225,0.0,0.0,0.0,0.0,0.0,0.0,certain_cold,167.45721130371095,167.45721130371095,POINT (554997.1457143114 8635762.004484963),ragna_mariebreen
ragna_mariebreen-20230305-DAT_0068_A1_3,4755.0,5679,97.033203125,554994.1158394621,8635758.160982551,264.2876892089844,2021-04-07 16:13:03.400000+00:00,0,2024-04-29,100 MHz,20230305,0.0,96.22906494140625,97.4352798461914,0.6314808039750051,0.3974126312255859,11,1.9587590468148457,0.5807692209879558,2.081337716706158,2.1384101330930134,94.18602067083208,99.47832411676558,0.80413818359375,0.0,0.6656392130780445,0.2980538177490234,10.0,0.0,1.9667265960174163,0.5807692209879558,0.0,0.0,0.0,0.0,0.0,0.0,certain_cold,167.25448608398438,167.25448608398438,POINT (554994.1158394621 8635758.160982551),ragna_mariebreen
ragna_mariebreen-20230305-DAT_0068_A1_3,4760.0,5685,96.7651596069336,554991.1429609408,8635754.468674125,263.80885009765626,2021-04-07 16:13:04.600000+00:00,0,2024-04-29,100 MHz,20230305,0.0,95.96101379394531,97.16722106933594,0.6125772264583286,0.3974126312255859,11,1.953447835367541,0.725963592529297,2.121536797380102,2.1721492677888308,93.87703164834517,99.25120321493608,0.8041458129882812,0.0,0.6456990348199239,0.3974182868957519,10.0,0.0,1.9587590468148457,0.725963592529297,0.0,0.0,0.0,0.0,0.0,0.0,certain_cold,167.04369049072267,167.04369049072267,POINT (554991.1429609408 8635754.468674125),ragna_mariebreen
ragna_mariebreen-20230305-DAT_0068_A1_3,4765.0,5691,96.36308288574219,554988.075679693,8635750.772620656,263.36044921875,2021-04-07 16:13:05.800000+00:00,0,2024-04-29,100 MHz,20230305,0.0,95.82698822021484,96.89917755126953,0.5947225508785551,0.5961189468383788,11,1.945481302222606,0.7259718577067058,2.160391268788964,2.160006376843223,93.75046886430219,98.97569690718218,0.5360946655273438,0.0,0.6248052243895741,0.6954551376342774,10.0,0.0,1.953447835367541,0.8711496988932292,0.0,0.0,0.0,0.0,0.0,0.0,certain_cold,166.9973663330078,166.9973663330078,POINT (554988.075679693 8635750.772620656),ragna_mariebreen
ragna_mariebreen-20230305-DAT_0068_A1_3,4770.0,5698,96.09503173828125,554984.8825328968,8635747.071570445,262.8953857421875,2021-04-07 16:13:07+00:00,0,2024-04-29,100 MHz,20230305,0.0,95.5589370727539,96.49710845947266,0.6056080207338227,0.9935315780639647,11,1.9401706239175234,0.725955327351888,2.297472129065633,2.158247961194505,93.4873982275417,98.56864730468486,0.5360946655273438,0.0,0.6374566684653744,1.0928677688598631,10.0,0.0,1.9428260796579175,1.1615384419759114,0.0,0.0,0.0,0.0,0.0,0.0,certain_cold,166.80035400390625,166.80035400390625,POINT (554984.8825328968 8635747.071570445),ragna_mariebreen
ragna_mariebreen-20230305-DAT_0068_A1_3,4775.0,5705,95.6929702758789,554981.1466827517,8635742.753272232,262.36586303710936,2021-04-07 16:13:08.400000+00:00,0,2024-04-29,100 MHz,20230305,0.0,95.42491912841797,96.22906494140625,0.6207862302200731,0.5961189468383788,11,1.932205430094869,0.8711496988932292,2.201744176953708,2.208550467071267,93.3054098404058,98.34857422941842,0.2680511474609375,0.0,0.6536864412289666,0.6954664489746093,10.0,0.0,1.932205430094869,1.0163523356119792,0.0,0.0,0.0,0.0,0.0,0.0,certain_cold,166.67289276123046,166.67289276123046,POINT (554981.1466827517 8635742.753272232),ragna_mariebreen
ragna_mariebreen-20230305-DAT_0068_A1_3,4780.0,5711,95.2908935546875,554978.1265408194,8635739.059116652,261.92058715820315,2021-04-07 16:13:09.600000+00:00,0,2024-04-29,100 MHz,20230305,0.0,95.15687561035156,95.96101379394531,0.6575730728731539,0.5960963241577149,11,1.9242405665041762,0.7259718577067058,2.1412771244369044,2.159198750029807,93.10024319400623,98.01764621029065,0.1340179443359375,0.0,0.6926714642838073,0.5961076354980468,10.0,0.0,1.9242405665041762,0.7259718577067058,0.0,0.0,0.0,0.0,0.0,0.0,certain_cold,166.62969360351565,166.62969360351565,POINT (554978.1265408194 8635739.059116652),ragna_mariebreen
ragna_mariebreen-20230305-DAT_0068_A1_3,4785.0,5716,95.02284240722656,554975.3954349502,8635735.525376327,261.4998321533203,2021-04-07 16:13:10.750000128+00:00,0,2024-04-29,100 MHz,20230305,0.0,95.02284240722656,95.6929702758789,0.6966438414445718,0.5961076354980468,11,1.918931012741064,0.5807692209879558,2.0916341536715914,2.1224753853764837,93.01795110850077,97.6978615746047,0.0,0.0,0.7342159047603818,0.5961132911682129,10.0,0.0,1.918931012741064,0.5807692209879558,0.0,0.0,0.0,0.0,0.0,0.0,certain_cold,166.47698974609375,166.47698974609375,POINT (554975.3954349502 8635735.525376327),ragna_mariebreen
ragna_mariebreen-20230305-DAT_0068_A1_3,4790.0,5723,94.75479888916016,554971.9372778989,8635731.255372006,260.98508911132814,2021-04-07 16:13:12.200000+00:00,0,2024-04-29,100 MHz,20230305,0.0,94.75479888916016,95.2908935546875,0.7327401999222846,0.5961076354980468,11,1.9136218970867975,0.43556658426920575,2.051100028628806,2.094892649976167,92.79223245350963,97.25345999033803,0.0,0.0,0.772364253146241,0.6954607933044433,10.0,0.0,1.9136218970867975,0.43556658426920575,0.0,0.0,0.0,0.0,0.0,0.0,certain_cold,166.23029022216798,166.23029022216798,POINT (554971.9372778989 8635731.255372006),ragna_mariebreen
ragna_mariebreen-20230305-DAT_0068_A1_3,4795.0,5729,94.62078094482422,554968.8197416693,8635727.631829653,260.5227844238281,2021-04-07 16:13:13.400000+00:00,0,2024-04-29,100 MHz,20230305,0.0,94.62078094482422,95.02284240722656,0.7422595173115624,0.5960963241577149,11,1.9109675231786027,0.29038874308268225,2.022734121041825,2.070524495820346,92.6878757488168,96.95574760323399,0.0,0.0,0.7821202912969297,0.5961019798278808,10.0,0.0,1.9109675231786027,0.29038874308268225,0.0,0.0,0.0,0.0,0.0,0.0,certain_cold,165.9020034790039,165.9020034790039,POINT (554968.8197416693 8635727.631829653),ragna_mariebreen
ragna_mariebreen-20230305-DAT_0068_A1_3,4800.0,5735,94.48674774169922,554965.5546978838,8635724.151354114,260.0641235351562,2021-04-07 16:13:14.600000+00:00,0,2024-04-29,100 MHz,20230305,0.0,94.35272979736328,94.75479888916016,0.7939232535635896,0.3974126312255859,11,1.9083129197071957,0.4355748494466146,1.9973283276540907,2.112273131377862,92.39533774440305,96.71219094212039,0.1340179443359375,0.0,0.8368577525869075,0.3974069755554199,10.0,0.0,1.9083129197071957,0.4355748494466146,0.0,0.0,0.0,0.0,0.0,0.0,certain_cold,165.577375793457,165.577375793457,POINT (554965.5546978838 8635724.151354114),ragna_mariebreen
ragna_mariebreen-20230305-DAT_0068_A1_3,4805.0,5741,94.21871185302734,554962.1598701811,8635720.367886659,259.5619140625,2021-04-07 16:13:15.800000+00:00,0,2024-04-29,100 MHz,20230305,0.0,94.08468627929688,94.35272979736328,0.8476420223823594,0.3974013198852539,11,1.9030045363313028,0.5807526906331381,2.028947451764507,2.16268281333246,92.09503808100273,96.34237799565743,0.13402557373046875,0.0,0.8922637154532161,0.3974013198852539,10.0,0.0,1.9030045363313028,0.43556658426920575,0.0,0.0,0.0,0.0,0.0,0.0,certain_cold,165.34320220947268,165.34320220947268,POINT (554962.1598701811 8635720.367886659),ragna_mariebreen
ragna_mariebreen-20230305-DAT_0068_A1_3,4810.0,5747,93.95066833496094,554958.6376953372,8635716.616599862,259.0610656738281,2021-04-07 16:13:17+00:00,0,2024-04-29,100 MHz,20230305,0.0,93.81663513183594,94.08468627929688,0.8666894366979813,0.3974126312255859,11,1.8976962961007044,0.5807774861653646,2.023978883320806,2.1655725109898207,91.83205615364663,96.06926525748618,0.134033203125,0.0,0.9099792594151829,0.5961132911682129,10.0,0.0,1.9003503037359941,0.5807774861653646,0.0,0.0,0.0,0.0,0.0,0.0,certain_cold,165.1103973388672,165.1103973388672,POINT (554958.6376953372 8635716.616599862),ragna_mariebreen
ragna_mariebreen-20230305-DAT_0068_A1_3,4815.0,5754,93.68260955810547,554955.1371375973,8635712.717260174,258.5556945800781,2021-04-07 16:13:18.200000+00:00,0,2024-04-29,100 MHz,20230305,0.0,93.41455841064453,93.81663513183594,0.8990583702079011,0.3974126312255859,11,1.8923880504395958,0.871166229248047,2.120848870590849,2.269001781724669,91.33127659283187,95.8999169496486,0.2680511474609375,0.0,0.9430463567653226,0.6954664489746093,10.0,0.0,1.8923880504395958,0.8711579640706381,0.0,0.0,0.0,0.0,0.0,0.0,certain_cold,164.87308502197266,164.87308502197266,POINT (554955.1371375973 8635712.717260174),ragna_mariebreen
ragna_mariebreen-20230305-DAT_0068_A1_3,4820.0,5760,93.14651489257812,554951.7894460855,8635708.935694542,258.0913879394531,2021-04-07 16:13:19.400000+00:00,0,2024-04-29,100 MHz,20230305,0.0,93.01248168945312,93.54859161376953,0.9030480598584018,0.39742394256591795,11,1.8817729126154705,1.0163523356119792,2.175313116514925,2.3215376721413032,90.87378083034326,95.68729247287939,0.134033203125,0.0,0.9472722863725612,0.6954721046447754,10.0,0.0,1.8844266215150576,0.8711579640706381,0.0,0.0,0.0,0.0,0.0,0.0,certain_cold,164.944873046875,164.944873046875,POINT (554951.7894460855 8635708.935694542),ragna_mariebreen
ragna_mariebreen-20230305-DAT_0068_A1_3,4825.0,5766,92.74443817138672,554948.5656301948,8635705.010136427,257.62847900390625,2021-04-07 16:13:20.600000+00:00,0,2024-04-29,100 MHz,20230305,0.0,92.61042022705078,93.2805404663086,0.9177551690885395,0.5961189468383788,11,1.8738122437134594,0.8711579640706381,2.1506850819759427,2.26105353175083,90.54400097553037,95.34695971782901,0.1340179443359375,0.0,0.9624252312447902,0.5961189468383788,10.0,0.0,1.876465723390976,1.0163523356119792,0.0,0.0,0.0,0.0,0.0,0.0,certain_cold,164.88404083251953,164.88404083251953,POINT (554948.5656301948 8635705.010136427),ragna_mariebreen
ragna_mariebreen-20230305-DAT_0068_A1_3,4830.0,5772,92.34236907958984,554945.6171003556,8635701.095521783,257.1833984375,2021-04-07 16:13:21.800000+00:00,0,2024-04-29,100 MHz,20230305,0.0,92.07432556152344,92.87846374511719,0.9214791668533227,0.5960963241577149,11,1.8658524193763224,1.1615301767985027,2.2772545817673473,2.383208227883315,89.87647260863827,95.07631669800236,0.26804351806640625,0.0,0.9689303772254638,0.6954551376342774,10.0,0.0,1.8658524193763224,1.3067245483398438,0.0,0.0,0.0,0.0,0.0,0.0,certain_cold,164.84102935791014,164.84102935791014,POINT (554945.6171003556 8635701.095521783),ragna_mariebreen
ragna_mariebreen-20230305-DAT_0068_A1_3,4835.0,5778,91.67225646972656,554942.7472122776,8635697.184036504,256.7427978515625,2021-04-07 16:13:23+00:00,0,2024-04-29,100 MHz,20230305,0.0,91.67225646972656,92.47638702392578,0.9642572209735214,0.5960963241577149,11,1.852587661218904,1.0163358052571614,2.195529626131834,2.322673351926144,89.55919719191435,94.589446301738,0.0,0.0,1.0156932241193322,0.7948026397705078,10.0,0.0,1.852587661218904,1.0163358052571614,0.0,0.0,0.0,0.0,0.0,0.0,certain_cold,165.07054138183594,165.07054138183594,POINT (554942.7472122776 8635697.184036504),ragna_mariebreen
ragna_mariebreen-20230305-DAT_0068_A1_3,4840.0,5783,91.40421295166016,554939.8925533477,8635693.087012667,256.29688720703126,2021-04-07 16:13:24.200000+00:00,0,2024-04-29,100 MHz,20230305,0.0,91.13616180419922,92.07432556152344,0.9747020622681671,0.7948139511108397,11,1.847282343910907,0.725963592529297,2.1380375143302426,2.2112257474063646,89.15135068074112,94.05913668498154,0.2680511474609375,0.0,1.0274173566014224,0.7948139511108397,10.0,0.0,1.847282343910907,0.725963592529297,0.0,0.0,0.0,0.0,0.0,0.0,certain_cold,164.8926742553711,164.8926742553711,POINT (554939.8925533477 8635693.087012667),ragna_mariebreen
ragna_mariebreen-20230305-DAT_0068_A1_3,4845.0,5789,91.00213623046875,554937.1042414736,8635689.104321318,255.85119018554687,2021-04-07 16:13:25.400000+00:00,0,2024-04-29,100 MHz,20230305,0.0,90.60006713867188,91.5382308959961,1.0456672753160043,0.7948139511108397,11,1.8393247454986077,0.7259718577067058,2.1311686640118532,2.236866269639837,88.62265705030234,93.51564098436563,0.402069091796875,0.0,1.1020243384781054,0.7948139511108397,10.0,0.0,1.8393247454986077,0.7259718577067058,0.0,0.0,0.0,0.0,0.0,0.0,certain_cold,164.84905395507812,164.84905395507812,POINT (554937.1042414736 8635689.104321318),ragna_mariebreen
ragna_mariebreen-20230305-DAT_0068_A1_3,4850.0,5795,90.73408508300781,554934.3331214671,8635685.085088525,255.39002075195313,2021-04-07 16:13:26.600000+00:00,0,2024-04-29,100 MHz,20230305,0.0,89.92994689941406,91.00213623046875,1.0605530114455797,0.9935089553833008,11,1.8340200866784966,0.8711579640706381,2.2604437442968397,2.290702636046457,87.89954155153303,93.03254157834978,0.80413818359375,0.0,1.117401479409358,0.9935202667236328,10.0,0.0,1.8340200866784966,0.8711579640706381,0.0,0.0,0.0,0.0,0.0,0.0,certain_cold,164.65593566894532,164.65593566894532,POINT (554934.3331214671 8635685.085088525),ragna_mariebreen
ragna_mariebreen-20230305-DAT_0068_A1_3,4855.0,5802,90.19799041748047,554931.2680768633,8635681.060394242,254.93260701497397,2021-04-07 16:13:27.833333248+00:00,0,2024-04-29,100 MHz,20230305,0.0,89.66189575195312,90.4660415649414,1.0702081735016693,0.7948139511108397,11,1.8234119090706737,1.0163523356119792,2.233726097158089,2.345879066549353,87.57436058811882,92.55357672877571,0.5360946655273438,0.0,1.1267385872032978,0.8941727645874022,10.0,0.0,1.8234119090706737,1.0163523356119792,0.0,0.0,0.0,0.0,0.0,0.0,certain_cold,164.7346165974935,164.7346165974935,POINT (554931.2680768633 8635681.060394242),ragna_mariebreen
ragna_mariebreen-20230305-DAT_0068_A1_3,4860.0,5809,89.79591369628906,554927.2623654153,8635677.24655898,254.45899963378906,2021-04-07 16:13:29.200000+00:00,0,2024-04-29,100 MHz,20230305,0.0,89.39385223388672,90.4660415649414,0.9345052551494949,0.7948139511108397,11,1.815456539446912,0.4355831146240235,2.029124026087747,2.0878015155344976,87.52687202607355,92.33302177275458,0.40206146240234375,0.0,0.9792821013011336,0.8941671089172363,10.0,0.0,1.815456539446912,0.4355831146240235,0.0,0.0,0.0,0.0,0.0,0.0,certain_cold,164.6630859375,164.6630859375,POINT (554927.2623654153 8635677.24655898),ragna_mariebreen
ragna_mariebreen-20230305-DAT_0068_A1_3,4865.0,5815,89.79591369628906,554923.6106689398,8635673.974220932,254.00668029785157,2021-04-07 16:13:30.400000+00:00,0,2024-04-29,100 MHz,20230305,0.0,89.52787017822266,90.60006713867188,0.7793963297898201,0.7948252624511718,11,1.815456539446912,0.2903970082600912,2.002987784999585,1.996915498441737,87.68933465530586,92.43860266158867,0.26804351806640625,0.0,0.8175598263123005,0.7948082954406738,10.0,0.0,1.815456539446912,0.2903970082600912,0.0,0.0,0.0,0.0,0.0,0.0,certain_cold,164.2107666015625,164.2107666015625,POINT (554923.6106689398 8635673.974220932),ragna_mariebreen
ragna_mariebreen-20230305-DAT_0068_A1_3,4870.0,5821,90.06397247314453,554920.0577749315,8635670.59412437,253.535302734375,2021-04-07 16:13:31.600000+00:00,0,2024-04-29,100 MHz,20230305,0.0,89.79591369628906,90.73408508300781,0.63508986899526,0.7948139511108397,11,1.820760186036957,0.7259718577067058,2.115167135268484,2.060471289520889,87.83575992853525,92.69423885076162,0.26805877685546875,0.0,0.6687791349297287,0.6954664489746093,10.0,0.0,1.820760186036957,0.7259718577067058,0.0,0.0,0.0,0.0,0.0,0.0,certain_cold,163.47133026123046,163.47133026123046,POINT (554920.0577749315 8635670.59412437),ragna_mariebreen
ragna_mariebreen-20230305-DAT_0068_A1_3,4875.0,5827,90.4660415649414,554916.5033882773,8635667.251209144,253.06281127929688,2021-04-07 16:13:32.800000+00:00,0,2024-04-29,100 MHz,20230305,0.0,89.92994689941406,91.00213623046875,0.5537771673795846,0.7948139511108397,11,1.8287159075624302,0.725955327351888,2.122013719268302,2.043986829456938,87.96240706299842,92.96967606688439,0.5360946655273438,0.0,0.583172579045084,0.8941671089172363,10.0,0.0,1.8287159075624302,0.8711579640706381,0.0,0.0,0.0,0.0,0.0,0.0,certain_cold,162.59676971435547,162.59676971435547,POINT (554916.5033882773 8635667.251209144),ragna_mariebreen
ragna_mariebreen-20230305-DAT_0068_A1_3,4880.0,5833,90.73408508300781,554912.7493818784,8635663.974839987,252.5919189453125,2021-04-07 16:13:34+00:00,0,2024-04-29,100 MHz,20230305,0.0,90.19799041748047,91.00213623046875,0.5114650383484374,0.5960963241577149,11,1.8340200866784966,0.4355831146240235,1.9770415159424712,1.9531919551182197,88.31295399128447,92.88717265666475,0.5360946655273438,0.0,0.5390641938400461,0.5960963241577149,10.0,0.0,1.8366725261583923,0.725963592529297,0.0,0.0,0.0,0.0,0.0,0.0,certain_cold,161.8578338623047,161.8578338623047,POINT (554912.7493818784 8635663.974839987),ragna_mariebreen
ragna_mariebreen-20230305-DAT_0068_A1_3,4885.0,5839,90.86811828613281,554908.7274112077,8635661.097379025,252.20547180175782,2021-04-07 16:13:35.200000+00:00,0,2024-04-29,100 MHz,20230305,0.0,90.60006713867188,91.27017974853516,0.5403427955784704,0.5961076354980468,11,1.8366725261583923,0.4355831146240235,1.9795057290115852,1.9634329514460565,88.7124499587091,93.15779692849793,0.2680511474609375,0.0,0.568790435294404,0.4967601333618164,10.0,0.0,1.841977197296555,0.5807692209879558,0.0,0.0,0.0,0.0,0.0,0.0,certain_cold,161.337353515625,161.337353515625,POINT (554908.7274112077 8635661.097379025),ragna_mariebreen
ragna_mariebreen-20230305-DAT_0068_A1_3,4890.0,5845,91.13616180419922,554904.5072971378,8635658.24929571,251.85452575683593,2021-04-07 16:13:36.400000+00:00,0,2024-04-29,100 MHz,20230305,0.0,91.00213623046875,91.67225646972656,0.6740054221617876,0.5961189468383788,11,1.841977197296555,0.5807692209879558,2.021269571874847,2.0455943372308494,89.07077068158696,93.60362201860835,0.13402557373046875,0.0,0.703676869433741,0.5961132911682129,10.0,0.0,1.847282343910907,0.4355748494466146,0.0,0.0,0.0,0.0,0.0,0.0,certain_cold,160.7183639526367,160.7183639526367,POINT (554904.5072971378 8635658.24929571),ragna_mariebreen
ragna_mariebreen-20230305-DAT_0068_A1_3,4895.0,5850,91.40421295166016,554900.4980698815,8635656.042510036,251.56978607177734,2021-04-07 16:13:37.500000+00:00,0,2024-04-29,100 MHz,20230305,0.0,91.13616180419922,92.07432556152344,0.8069771753408953,0.7948139511108397,11,1.847282343910907,0.5807692209879558,2.0931971151930138,2.0978458255298698,89.19973598683055,94.01075137889211,0.134033203125,0.0,0.835901022153365,0.6954607933044433,10.0,0.0,1.8499348870237238,1.0163358052571616,0.0,0.0,0.0,0.0,0.0,0.0,certain_cold,160.1655731201172,160.1655731201172,POINT (554900.4980698815 8635656.042510036),ragna_mariebreen
ragna_mariebreen-20230305-DAT_0068_A1_3,4900.0,5857,91.67225646972656,554895.5563695105,8635653.674630437,251.24206034342447,2021-04-07 16:13:38.833333248+00:00,0,2024-04-29,100 MHz,20230305,0.0,91.67225646972656,92.74443817138672,0.9793790358625667,0.9935089553833008,11,1.852587661218904,1.0163358052571614,2.3349688554614745,2.3289918006372075,89.55919719191435,94.85749744919893,0.0,0.0,1.0227419186435482,0.9935089553833008,10.0,0.0,1.8658524193763224,1.3067245483398438,0.0,0.0,0.0,0.0,0.0,0.0,certain_cold,159.5698038736979,159.5698038736979,POINT (554895.5563695105 8635653.674630437),ragna_mariebreen
ragna_mariebreen-20230305-DAT_0068_A1_3,4905.0,5863,92.34236907958984,554891.0415517626,8635652.130363237,250.95867919921875,2021-04-07 16:13:40+00:00,0,2024-04-29,100 MHz,20230305,0.0,92.20834350585938,93.2805404663086,0.9306531088456748,0.7948252624511718,11,1.8658524193763224,1.451910654703776,2.4942327473524593,2.54078039372531,89.84414178008917,95.6447421920788,0.13402557373046875,0.0,0.9653236958178208,0.8941784202575683,10.0,0.0,1.8738122437134594,0.8711579640706381,0.0,0.0,0.0,0.0,0.0,0.0,certain_cold,158.6163101196289,158.6163101196289,POINT (554891.0415517626 8635652.130363237),ragna_mariebreen
ragna_mariebreen-20230305-DAT_0068_A1_3,4910.0,5869,93.01248168945312,554886.2948364943,8635650.638962412,250.6302703857422,2021-04-07 16:13:41.200000+00:00,0,2024-04-29,100 MHz,20230305,0.0,92.61042022705078,94.08468627929688,0.8749449003193479,0.9935202667236328,11,1.8791191287441944,1.597121556599935,2.658753182783076,2.6167564932877063,90.14427222529409,96.55083428105357,0.0,0.0,0.882368786536651,0.8941727645874022,10.0,0.0,1.8817729126154705,1.1615467071533203,0.0,0.0,0.0,0.0,0.0,0.0,certain_cold,157.61778869628907,157.61778869628907,POINT (554886.2948364943 8635650.638962412),ragna_mariebreen
ragna_mariebreen-20230305-DAT_0068_A1_3,4915.0,5875,93.81663513183594,554881.5908842369,8635649.260965368,250.27951354980468,2021-04-07 16:13:42.400000+00:00,0,2024-04-29,100 MHz,20230305,0.0,93.2805404663086,94.48674774169922,0.8687611520111813,0.9935089553833008,11,1.8950420604788734,1.597121556599935,2.6700265395623,2.6261621459430122,90.80223828991036,96.96504991809745,0.40207672119140625,0.0,0.8597973504929822,1.0928734245300293,10.0,0.0,1.8950420604788734,1.7423076629638672,0.0,0.0,0.0,0.0,0.0,0.0,certain_cold,156.46287841796874,156.46287841796874,POINT (554881.5908842369 8635649.260965368),ragna_mariebreen
ragna_mariebreen-20230305-DAT_0068_A1_3,4920.0,5881,94.48674774169922,554876.8298928731,8635647.731800213,249.86895446777345,2021-04-07 16:13:43.600000+00:00,0,2024-04-29,100 MHz,20230305,0.0,93.95066833496094,95.02284240722656,0.8764325389169615,1.1922039596557616,11,1.9083129197071957,1.5971132914225263,2.759307765831636,2.6382879032494406,91.46220916005774,97.51130158212976,0.5360794067382812,0.0,0.891366226452455,1.1922322380065917,10.0,0.0,1.9136218970867975,1.8874937693277996,0.0,0.0,0.0,0.0,0.0,0.0,certain_cold,155.38220672607423,155.38220672607423,POINT (554876.8298928731 8635647.731800213),ragna_mariebreen
ragna_mariebreen-20230305-DAT_0068_A1_3,4925.0,5887,95.2908935546875,554872.0747896495,8635646.053963752,249.42513122558594,2021-04-07 16:13:44.800000+00:00,0,2024-04-29,100 MHz,20230305,0.0,94.62078094482422,95.82698822021484,0.928719807865203,1.1922265823364258,11,1.9242405665041762,1.7423076629638672,2.856526207447171,2.756965402707133,92.02495010476493,98.42281906027414,0.6701126098632812,0.0,0.9535698829636433,1.2915684288024902,10.0,0.0,1.9295502537611753,1.451918919881185,0.0,0.0,0.0,0.0,0.0,0.0,certain_cold,154.13423767089844,154.13423767089844,POINT (554872.0747896495 8635646.053963752),ragna_mariebreen
ragna_mariebreen-20230305-DAT_0068_A1_3,4930.0,5893,96.09503173828125,554867.3299962643,8635644.11594159,248.98825073242188,2021-04-07 16:13:46+00:00,0,2024-04-29,100 MHz,20230305,0.0,95.5589370727539,96.7651596069336,0.9652771977576334,0.9935315780639647,11,1.9401706239175234,1.451918919881185,2.6190524233836427,2.6084651940043764,93.13564786182148,99.18844881786602,0.5360946655273438,0.0,1.0045344118316484,1.1922209266662598,10.0,0.0,1.9401706239175234,1.1615384419759114,0.0,0.0,0.0,0.0,0.0,0.0,certain_cold,152.89321899414062,152.89321899414062,POINT (554867.3299962643 8635644.11594159),ragna_mariebreen
ragna_mariebreen-20230305-DAT_0068_A1_3,4935.0,5899,96.6311264038086,554862.7046557915,8635642.145445168,248.63536071777344,2021-04-07 16:13:47.200000+00:00,0,2024-04-29,100 MHz,20230305,0.0,96.49710845947266,97.70333099365234,1.0464461931888378,1.1922378936767577,11,1.9507921047686076,1.597121556599935,2.7888740196901196,2.729731990108762,93.97592082215097,100.22451863097403,0.1340179443359375,0.0,1.1016603063894803,1.3909328979492186,10.0,0.0,1.9507921047686076,1.597121556599935,0.0,0.0,0.0,0.0,0.0,0.0,certain_cold,152.00423431396484,152.00423431396484,POINT (554862.7046557915 8635642.145445168),ragna_mariebreen
ragna_mariebreen-20230305-DAT_0068_A1_3,4940.0,5906,97.56929779052734,554857.8487173354,8635639.83074738,248.32671356201172,2021-04-07 16:13:48.500000+00:00,0,2024-04-29,100 MHz,20230305,0.0,97.16722106933594,98.5074691772461,1.3563482842620487,0.9935315780639647,11,1.9693824282080514,2.0327046712239585,2.9995767077307116,3.1384767160472844,94.3369639380932,101.33772630848883,0.40207672119140625,0.0,1.4296595206810092,1.2915740844726562,10.0,0.0,1.9693824282080514,2.0327046712239585,0.0,0.0,0.0,0.0,0.0,0.0,certain_cold,150.75741577148438,150.75741577148438,POINT (554857.8487173354 8635639.83074738),ragna_mariebreen
ragna_mariebreen-20230305-DAT_0068_A1_3,4945.0,5912,98.5074691772461,554853.8428104075,8635637.735924423,248.03817443847657,2021-04-07 16:13:49.600000+00:00,0,2024-04-29,100 MHz,20230305,0.0,97.70333099365234,99.31159973144531,1.6357667833229856,1.1922152709960936,11,1.987976004252173,1.7423076629638672,2.899838243471752,3.108603795167193,95.05990810166078,101.95502262343688,0.80413818359375,0.0,1.7233602472568257,1.2915684288024902,10.0,0.0,1.987976004252173,1.7423076629638672,0.0,0.0,0.0,0.0,0.0,0.0,certain_cold,149.53070526123048,149.53070526123048,POINT (554853.8428104075 8635637.735924423),ragna_mariebreen
ragna_mariebreen-20230305-DAT_0068_A1_3,4950.0,5917,99.17758178710938,554849.694185702,8635635.365534797,247.7088394165039,2021-04-07 16:13:50.750000128+00:00,0,2024-04-29,100 MHz,20230305,0.0,98.23942565917969,99.84769439697266,1.5863047256020817,1.1922265823364258,11,2.001258876721227,1.5971132914225263,2.82439589663411,3.0120044222679185,95.67899445383672,102.40812560231562,0.9381561279296875,0.0,1.6697177410339306,1.1922265823364258,10.0,0.0,2.001258876721227,1.5971132914225263,0.0,0.0,0.0,0.0,0.0,0.0,certain_cold,148.53125762939453,148.53125762939453,POINT (554849.694185702 8635635.365534797),ragna_mariebreen
ragna_mariebreen-20230305-DAT_0068_A1_3,4955.0,5923,99.98172760009766,554845.260134332,8635632.444003768,247.31521606445312,2021-04-07 16:13:52+00:00,0,2024-04-29,100 MHz,20230305,0.0,98.77552032470703,100.517822265625,1.4794564646914163,0.9935202667236328,11,2.017200620057423,1.4519271850585938,2.6766160375860455,2.8924007888239567,96.29012480441811,103.00321778591392,1.206207275390625,0.0,1.5581746563745527,1.3909215866088867,10.0,0.0,2.017200620057423,1.4519271850585938,0.0,0.0,0.0,0.0,0.0,0.0,uncertain_cold,147.33348846435547,147.33348846435547,POINT (554845.260134332 8635632.444003768),ragna_mariebreen
ragna_mariebreen-20230305-DAT_0068_A1_3,4960.0,5929,100.517822265625,554841.1287830423,8635629.339031747,246.8971160888672,2021-04-07 16:13:53.200000+00:00,0,2024-04-29,100 MHz,20230305,0.0,99.31159973144531,101.05391693115234,1.3603135013953678,0.5961189468383788,11,2.0278296371267266,1.0163523356119792,2.3452980420605685,2.6449041437057716,97.04332613522429,103.32219052737337,1.2062225341796875,0.0,1.4326557693701842,1.1922265823364258,10.0,0.0,2.0278296371267266,1.0163523356119792,0.0,0.0,0.0,0.0,0.0,0.0,uncertain_cold,146.3792938232422,146.3792938232422,POINT (554841.1287830423 8635629.339031747),ragna_mariebreen
ragna_mariebreen-20230305-DAT_0068_A1_3,4965.0,5935,100.9198989868164,554837.0018344357,8635626.122555539,246.49520568847657,2021-04-07 16:13:54.400000+00:00,0,2024-04-29,100 MHz,20230305,0.0,100.1157455444336,101.59001159667969,1.2361671675752106,0.9935089553833008,11,2.035802152617904,0.725963592529297,2.3787756486706666,2.489904176564362,97.95437710238542,103.75138003872786,0.8041534423828125,0.0,1.3012508527533673,1.1922209266662598,10.0,0.0,2.035802152617904,0.725963592529297,0.0,0.0,0.0,0.0,0.0,0.0,certain_cold,145.57530670166017,145.57530670166017,POINT (554837.0018344357 8635626.122555539),ragna_mariebreen
ragna_mariebreen-20230305-DAT_0068_A1_3,4970.0,5940,101.18794250488281,554833.510587113,8635623.564203566,246.17352294921875,2021-04-07 16:13:55.400000+00:00,0,2024-04-29,100 MHz,20230305,0.0,100.65184783935547,101.8580551147461,1.1650334185373672,1.1922265823364258,11,2.041117312490536,0.725955327351888,2.472766718533871,2.4597711045884005,98.4854750596476,104.02442789445396,0.5360946655273438,0.0,1.2250945850018073,0.9935202667236328,10.0,0.0,2.041117312490536,0.725955327351888,0.0,0.0,0.0,0.0,0.0,0.0,certain_cold,144.98558044433594,144.98558044433594,POINT (554833.510587113 8635623.564203566),ragna_mariebreen
ragna_mariebreen-20230305-DAT_0068_A1_3,4975.0,5946,101.59001159667969,554829.1137030282,8635620.59766378,245.7944763183594,2021-04-07 16:13:56.600000+00:00,0,2024-04-29,100 MHz,20230305,0.0,101.18794250488281,102.12610626220703,1.0794759412840238,0.9935089553833008,11,2.0490905744952825,0.8711579640706381,2.4381854780299066,2.4744608884886694,98.96135579405184,104.352692973038,0.402069091796875,0.0,1.135561096004005,0.9935202667236328,10.0,0.0,2.0490905744952825,0.8711579640706381,0.0,0.0,0.0,0.0,0.0,0.0,certain_cold,144.2044647216797,144.2044647216797,POINT (554829.1137030282 8635620.59766378),ragna_mariebreen
ragna_mariebreen-20230305-DAT_0068_A1_3,4980.0,5952,101.9920883178711,554824.5314557739,8635617.73548277,245.42797241210937,2021-04-07 16:13:57.800000+00:00,0,2024-04-29,100 MHz,20230305,0.0,101.72403717041016,102.66220092773438,0.9743653755791143,0.7948139511108397,11,2.057064518136504,0.8711496988932292,2.3711063760486066,2.437171334720922,99.49011321699143,104.8961248811531,0.2680511474609375,0.0,1.021082937992916,0.8941614532470703,10.0,0.0,2.057064518136504,0.8711496988932292,0.0,0.0,0.0,0.0,0.0,0.0,certain_cold,143.43588409423828,143.43588409423828,POINT (554824.5314557739 8635617.73548277),ragna_mariebreen
ragna_mariebreen-20230305-DAT_0068_A1_3,4985.0,5958,102.39414978027344,554820.1316192587,8635615.438998269,245.1428680419922,2021-04-07 16:13:59+00:00,0,2024-04-29,100 MHz,20230305,0.0,102.12610626220703,103.19829559326172,0.8808913344115279,0.7948139511108397,11,2.0650386833398615,1.0163358052571614,2.4349645684523167,2.4644051565801988,99.82451480568444,105.4998870497843,0.26804351806640625,0.0,0.917839739088234,0.6954551376342774,10.0,0.0,2.0650386833398615,1.0163358052571614,0.0,0.0,0.0,0.0,0.0,0.0,certain_cold,142.74871826171875,142.74871826171875,POINT (554820.1316192587 8635615.438998269),ragna_mariebreen
ragna_mariebreen-20230305-DAT_0068_A1_3,4990.0,5965,102.93024444580078,554815.6880162753,8635613.252486307,244.89203491210938,2021-04-07 16:14:00.200000+00:00,0,2024-04-29,100 MHz,20230305,0.0,102.66220092773438,103.73439025878906,0.7982317008331784,0.5961189468383788,11,2.0756719607560634,1.0163523356119792,2.3867852768006896,2.4451094059341956,100.35105702075393,106.04553416576951,0.26804351806640625,0.0,0.8248480783292851,0.5961076354980468,10.0,0.0,2.0756719607560634,1.0163523356119792,0.0,0.0,0.0,0.0,0.0,0.0,certain_cold,141.9617904663086,141.9617904663086,POINT (554815.6880162753 8635613.252486307),ragna_mariebreen
ragna_mariebreen-20230305-DAT_0068_A1_3,4995.0,5971,103.33232116699219,554811.3466626555,8635611.070039954,244.66009521484375,2021-04-07 16:14:01.400000+00:00,0,2024-04-29,100 MHz,20230305,0.0,103.19829559326172,104.13646697998047,0.7022454506574782,0.5961076354980468,11,2.0836476283439502,0.8711579640706381,2.3357756635786195,2.365090338747379,100.9398661306778,106.39489644256439,0.13402557373046875,0.0,0.720355877269961,0.4967544776916504,10.0,0.0,2.0836476283439502,0.8711579640706381,0.0,0.0,0.0,0.0,0.0,0.0,certain_cold,141.32777404785156,141.32777404785156,POINT (554811.3466626555 8635611.070039954),ragna_mariebreen
ragna_mariebreen-20230305-DAT_0068_A1_3,5000.0,5977,103.73439025878906,554807.083959562,8635608.89072353,244.4245574951172,2021-04-07 16:14:02.600000+00:00,0,2024-04-29,100 MHz,20230305,0.0,103.60037231445312,104.53852844238281,0.7101083415689355,0.5961189468383788,11,2.0916236489734716,0.8711579640706381,2.3428963882529033,2.374459842590433,101.33458201362897,106.80431874320696,0.1340179443359375,0.0,0.7308100078494802,0.5961132911682129,10.0,0.0,2.0916236489734716,0.8711579640706381,0.0,0.0,0.0,0.0,0.0,0.0,certain_cold,140.69016723632814,140.69016723632814,POINT (554807.083959562 8635608.89072353),ragna_mariebreen
ragna_mariebreen-20230305-DAT_0068_A1_3,5005.0,5982,104.13646697998047,554803.012623395,8635606.802769331,244.1819305419922,2021-04-07 16:14:03.750000128+00:00,0,2024-04-29,100 MHz,20230305,0.0,104.13646697998047,104.94060516357422,0.6843470063414214,0.7948139511108397,11,2.0996003195915707,1.0163523356119792,2.4643503787029504,2.430971903832172,101.80380893128732,107.27326321226737,0.0,0.0,0.7019767200848064,0.7948139511108397,10.0,0.0,2.0996003195915707,1.0163523356119792,0.0,0.0,0.0,0.0,0.0,0.0,certain_cold,140.04546356201172,140.04546356201172,POINT (554803.012623395 8635606.802769331),ragna_mariebreen
ragna_mariebreen-20230305-DAT_0068_A1_3,5010.0,5989,104.67256164550781,554798.33577491,8635604.188235011,243.89241638183594,2021-04-07 16:14:05.200000+00:00,0,2024-04-29,100 MHz,20230305,0.0,104.53852844238281,105.47669982910156,0.7194750763079586,0.9935089553833008,11,2.1102364949391466,1.3067328135172525,2.6735199185572918,2.5842393650596907,102.05646303017149,107.95876524131289,0.134033203125,0.0,0.738011321922991,0.9935146110534667,10.0,0.0,2.1102364949391466,1.3067328135172525,0.0,0.0,0.0,0.0,0.0,0.0,certain_cold,139.21985473632813,139.21985473632813,POINT (554798.33577491 8635604.188235011),ragna_mariebreen
ragna_mariebreen-20230305-DAT_0068_A1_3,5015.0,5996,105.34268188476562,554794.2042779236,8635601.679086214,243.60130004882814,2021-04-07 16:14:06.600000+00:00,0,2024-04-29,100 MHz,20230305,0.0,105.07463836669922,106.0127944946289,0.6973428309136267,0.9935089553833008,11,2.12353296434738,1.3067328135172525,2.6840273733737336,2.5890596594940254,102.58125855275335,108.50617430857477,0.26804351806640625,0.0,0.7160464837639635,0.8941614532470703,10.0,0.0,2.12353296434738,1.3067328135172525,0.0,0.0,0.0,0.0,0.0,0.0,certain_cold,138.2586181640625,138.2586181640625,POINT (554794.2042779236 8635601.679086214),ragna_mariebreen
ragna_mariebreen-20230305-DAT_0068_A1_3,5020.0,6004,105.87877655029297,554789.7045172625,8635599.118134798,243.29517517089843,2021-04-07 16:14:08.200000+00:00,0,2024-04-29,100 MHz,20230305,0.0,105.61073303222656,106.54888916015625,0.6510818821798261,0.7947913284301757,11,2.1341710637891116,1.3067245483398438,2.6256253408467325,2.5857538150511434,103.10829118979571,109.0513310025871,0.26804351806640625,0.0,0.6717515984356306,0.7948082954406738,10.0,0.0,2.1341710637891116,1.3067245483398438,0.0,0.0,0.0,0.0,0.0,0.0,certain_cold,137.41639862060546,137.41639862060546,POINT (554789.7045172625 8635599.118134798),ragna_mariebreen
ragna_mariebreen-20230305-DAT_0068_A1_3,5025.0,6013,106.54888916015625,554785.1599485556,8635596.958750041,243.03915405273438,2021-04-07 16:14:09.833333248+00:00,0,2024-04-29,100 MHz,20230305,0.0,106.28084564208984,107.21900177001953,0.6345714810229744,0.7948139511108397,11,2.1474697465867374,1.1615301767985027,2.5675879500027436,2.52258986532622,103.83937504752622,109.66047236458316,0.26804351806640625,0.0,0.6510833654088307,0.6954607933044433,10.0,0.0,2.1474697465867374,1.1615301767985027,0.0,0.0,0.0,0.0,0.0,0.0,certain_cold,136.49026489257812,136.49026489257812,POINT (554785.1599485556 8635596.958750041),ragna_mariebreen
ragna_mariebreen-20230305-DAT_0068_A1_3,5030.0,6022,106.95095825195312,554781.0249847587,8635593.673877692,242.6889678955078,2021-04-07 16:14:11.600000+00:00,0,2024-04-29,100 MHz,20230305,0.0,106.81694030761719,107.88912963867188,0.6181489614749446,0.7948139511108397,11,2.1554496023809997,1.0163440704345705,2.512100211932706,2.461915188726954,104.43389220530958,110.27217774097949,0.1340179443359375,0.0,0.6300537807122676,0.4967544776916504,10.0,0.0,2.1554496023809997,1.0163440704345705,0.0,0.0,0.0,0.0,0.0,0.0,certain_cold,135.73800964355468,135.73800964355468,POINT (554781.0249847587 8635593.673877692),ragna_mariebreen
ragna_mariebreen-20230305-DAT_0068_A1_3,5035.0,6029,107.48705291748047,554777.2753833238,8635590.47253196,242.3803253173828,2021-04-07 16:14:13+00:00,0,2024-04-29,100 MHz,20230305,0.0,107.35303497314453,108.42522430419922,0.6345750113431179,0.7948139511108397,11,2.166090168472702,1.1615467071533203,2.583189228015099,2.5384685965900657,104.89516244372955,110.8830968336142,0.1340179443359375,0.0,0.6456999849658307,0.4967601333618164,10.0,0.0,2.166090168472702,1.1615467071533203,0.0,0.0,0.0,0.0,0.0,0.0,certain_cold,134.89327239990234,134.89327239990234,POINT (554777.2753833238 8635590.47253196),ragna_mariebreen
ragna_mariebreen-20230305-DAT_0068_A1_3,5040.0,6035,108.02315521240234,554773.5651466262,8635587.868437823,242.135400390625,2021-04-07 16:14:14.200000+00:00,0,2024-04-29,100 MHz,20230305,0.0,107.88912963867188,108.69326782226562,0.6595584130079912,0.5961189468383788,11,2.1767316841579505,1.3067328135172525,2.6078859770932317,2.623114326694405,105.35028906259393,111.23210839834357,0.13402557373046875,0.0,0.6781132801351605,0.5961076354980468,10.0,0.0,2.1767316841579505,1.3067328135172525,0.0,0.0,0.0,0.0,0.0,0.0,certain_cold,134.11224517822265,134.11224517822265,POINT (554773.5651466262 8635587.868437823),ragna_mariebreen
ragna_mariebreen-20230305-DAT_0068_A1_3,5045.0,6042,108.69326782226562,554769.0529682081,8635584.823074635,241.87187805175782,2021-04-07 16:14:15.600000+00:00,0,2024-04-29,100 MHz,20230305,0.0,108.42522430419922,109.09534454345703,0.7728717951184445,0.7948139511108397,11,2.190034380541343,1.4519271850585938,2.745190768516043,2.7389183905978074,105.7976126246192,111.72295622303704,0.26804351806640625,0.0,0.7992880324098673,0.5961076354980468,10.0,0.0,2.190034380541343,1.4519271850585938,0.0,0.0,0.0,0.0,0.0,0.0,certain_cold,133.1786102294922,133.1786102294922,POINT (554769.0529682081 8635584.823074635),ragna_mariebreen
ragna_mariebreen-20230305-DAT_0068_A1_3,5050.0,6049,109.36339569091797,554764.6907445914,8635581.969811726,241.60910034179688,2021-04-07 16:14:17+00:00,0,2024-04-29,100 MHz,20230305,0.0,109.09534454345703,109.76545715332031,0.8271670093656736,0.5961189468383788,11,2.2033385865135022,1.4519271850585938,2.7052081761504394,2.765320729845716,106.45663397245242,112.40416772432492,0.2680511474609375,0.0,0.8663891518743558,0.4967657890319824,10.0,0.0,2.2033385865135022,1.4519271850585938,0.0,0.0,0.0,0.0,0.0,0.0,certain_cold,132.2457046508789,132.2457046508789,POINT (554764.6907445914 8635581.969811726),ragna_mariebreen
ragna_mariebreen-20230305-DAT_0068_A1_3,5055.0,6055,110.03350830078125,554760.3359150237,8635579.52638936,241.34851989746093,2021-04-07 16:14:18.400000+00:00,0,2024-04-29,100 MHz,20230305,0.0,109.63143920898438,110.30155181884766,0.8754990210465774,0.3974126312255859,11,2.216643674475273,1.1615384419759114,2.5338937490030458,2.65125993965748,107.12890434773287,112.80408668009916,0.402069091796875,0.0,0.9156628226490162,0.4967601333618164,10.0,0.0,2.216643674475273,1.1615384419759114,0.0,0.0,0.0,0.0,0.0,0.0,certain_cold,131.31501159667968,131.31501159667968,POINT (554760.3359150237 8635579.52638936),ragna_mariebreen
ragna_mariebreen-20230305-DAT_0068_A1_3,5060.0,6061,110.43558502197266,554756.1541944749,8635577.685513686,241.12291564941407,2021-04-07 16:14:19.600000+00:00,0,2024-04-29,100 MHz,20230305,0.0,110.30155181884766,110.837646484375,0.9209511070876327,0.3974126312255859,11,2.22462746896152,1.0163440704345705,2.4778739767436306,2.6134409476419376,107.85575488427487,113.28344341894778,0.134033203125,0.0,0.9689343170278575,0.49674882202148435,10.0,0.0,2.22462746896152,1.1615384419759114,0.0,0.0,0.0,0.0,0.0,0.0,certain_cold,130.6873306274414,130.6873306274414,POINT (554756.1541944749 8635577.685513686),ragna_mariebreen
ragna_mariebreen-20230305-DAT_0068_A1_3,5065.0,6068,110.97167205810547,554751.5497910663,8635575.74105164,240.87652587890625,2021-04-07 16:14:20.833333248+00:00,0,2024-04-29,100 MHz,20230305,0.0,110.97167205810547,111.37374114990234,0.963241992938409,0.3974013198852539,11,2.2352728691926367,1.3067245483398438,2.6195231730277158,2.7625728916976304,108.38246873565613,113.96294447235168,0.0,0.0,1.0152032453948066,0.2980538177490234,10.0,0.0,2.237934408891999,1.4519189198811848,0.0,0.0,0.0,0.0,0.0,0.0,certain_cold,129.90485382080078,129.90485382080078,POINT (554751.5497910663 8635575.74105164),ragna_mariebreen
ragna_mariebreen-20230305-DAT_0068_A1_3,5070.0,6075,111.64179229736328,554746.7296948154,8635573.738429407,240.60840454101563,2021-04-07 16:14:22.200000+00:00,0,2024-04-29,100 MHz,20230305,0.0,111.37374114990234,112.04386901855469,1.0405011105808704,0.3974126312255859,11,2.2485808668907246,1.4519271850585938,2.705946279052276,2.8717331050742234,108.6971372446412,114.72047292381583,0.0,0.0,1.0964866209617288,0.29806512908935545,10.0,0.0,2.2512426311485774,1.3067328135172525,0.0,0.0,0.0,0.0,0.0,0.0,certain_cold,128.96661224365235,128.96661224365235,POINT (554746.7296948154 8635573.738429407),ragna_mariebreen
ragna_mariebreen-20230305-DAT_0068_A1_3,5075.0,6082,112.3119125366211,554742.1368945591,8635571.732409522,240.3438293457031,2021-04-07 16:14:23.600000+00:00,0,2024-04-29,100 MHz,20230305,0.0,111.77581787109375,112.57996368408203,1.1658737395762178,0.5961189468383788,11,2.261889979431681,0.7259635925292969,2.4491890934575045,2.6462106857476275,109.40028226480798,114.9554992903678,0.1340179443359375,0.0,1.227047554324027,0.3974069755554199,10.0,0.0,2.261889979431681,0.8711579640706381,0.0,0.0,0.0,0.0,0.0,0.0,certain_cold,128.03191680908202,128.03191680908202,POINT (554742.1368945591 8635571.732409522),ragna_mariebreen
ragna_mariebreen-20230305-DAT_0068_A1_3,5080.0,6089,112.3119125366211,554737.6065025852,8635569.54272258,240.0751190185547,2021-04-07 16:14:25+00:00,0,2024-04-29,100 MHz,20230305,0.0,111.90983581542969,113.11605834960938,1.2284818142143499,0.7948139511108397,11,2.261889979431681,0.14520263671875,2.4018657959269816,2.5780608318305656,109.64328996661844,115.38260419842062,0.0,0.0,1.2886127903881515,0.5961132911682129,10.0,0.0,2.2672139928210773,0.5807692209879558,0.0,0.0,0.0,0.0,0.0,0.0,certain_cold,127.7632064819336,127.7632064819336,POINT (554737.6065025852 8635569.54272258),ragna_mariebreen
ragna_mariebreen-20230305-DAT_0068_A1_3,5085.0,6096,112.4459457397461,554732.9797114776,8635567.200319652,239.78731384277344,2021-04-07 16:14:26.400000+00:00,0,2024-04-29,100 MHz,20230305,0.0,112.17789459228516,113.11605834960938,1.2202107957793455,0.7948139511108397,11,2.264552115832702,0.29038874308268225,2.4174885985898533,2.5887132505490005,109.89479978316497,115.39915315872956,0.134033203125,0.0,1.2824786576129439,0.7948026397705078,10.0,0.0,2.2725380286803696,0.4355831146240235,0.0,0.0,0.0,0.0,0.0,0.0,certain_cold,127.34136810302735,127.34136810302735,POINT (554732.9797114776 8635567.200319652),ragna_mariebreen
ragna_mariebreen-20230305-DAT_0068_A1_3,5090.0,6102,112.57996368408203,554728.8627656797,8635564.915331028,239.51895446777343,2021-04-07 16:14:27.600000+00:00,0,2024-04-29,100 MHz,20230305,0.0,112.3119125366211,113.11605834960938,1.2048589292551743,0.7947913284301757,11,2.2672139928210773,0.2903804779052735,2.419973836003189,2.58384696733342,110.02617849452604,115.40179239170443,0.2680511474609375,0.0,1.2674515234351462,0.6954551376342774,10.0,0.0,2.275200338795583,0.29038874308268225,0.0,0.0,0.0,0.0,0.0,0.0,certain_cold,126.9389907836914,126.9389907836914,POINT (554728.8627656797 8635564.915331028),ragna_mariebreen
ragna_mariebreen-20230305-DAT_0068_A1_3,5095.0,6108,112.7139892578125,554724.5928856928,8635562.512615588,239.2220916748047,2021-04-07 16:14:28.800000+00:00,0,2024-04-29,100 MHz,20230305,0.0,112.3119125366211,113.11605834960938,1.1855958609753692,0.5961076354980468,11,2.269876064846737,0.2903804779052735,2.364741526004835,2.577265162391043,110.02353796681994,115.40443291941052,0.40207672119140625,0.0,1.2473737911348501,0.5961019798278808,10.0,0.0,2.277862388868321,0.14518610636393228,0.0,0.0,0.0,0.0,0.0,0.0,certain_cold,126.50810241699219,126.50810241699219,POINT (554724.5928856928 8635562.512615588),ragna_mariebreen
ragna_mariebreen-20230305-DAT_0068_A1_3,5100.0,6114,112.84800720214844,554720.2448401236,8635560.292971678,238.9215545654297,2021-04-07 16:14:30+00:00,0,2024-04-29,100 MHz,20230305,0.0,112.3119125366211,113.25007629394531,1.1442416876296384,0.3974126312255859,11,2.2725380286803696,0.14518610636393228,2.311589257791536,2.548489187143846,110.03474146327602,115.52724736729039,0.5360946655273438,0.0,1.2050531085273637,0.3974069755554199,10.0,0.0,2.277862388868321,0.0,0.0,0.0,0.0,0.0,0.0,0.0,certain_cold,126.07354736328125,126.07354736328125,POINT (554720.2448401236 8635560.292971678),ragna_mariebreen
ragna_mariebreen-20230305-DAT_0068_A1_3,5105.0,6121,112.84800720214844,554715.1190123045,8635558.414882258,238.62464294433593,2021-04-07 16:14:31.400000+00:00,0,2024-04-29,100 MHz,20230305,0.0,112.4459457397461,113.25007629394531,1.031831943536341,0.3974126312255859,11,2.2725380286803696,0.14520263671875,2.311590296087562,2.5000380111531344,110.16877361241173,115.52724842127968,0.40206146240234375,0.0,1.087346081773934,0.3974069755554199,10.0,0.0,2.277862388868321,0.0,0.0,0.0,0.0,0.0,0.0,0.0,certain_cold,125.7766357421875,125.7766357421875,POINT (554715.1190123045 8635558.414882258),ragna_mariebreen
ragna_mariebreen-20230305-DAT_0068_A1_3,5110.0,6127,112.98204040527344,554710.5891310502,8635557.007140022,238.40854187011718,2021-04-07 16:14:32.600000+00:00,0,2024-04-29,100 MHz,20230305,0.0,112.4459457397461,113.25007629394531,0.9586537188503317,0.3974013198852539,11,2.275200338795583,0.14520263671875,2.314205737701848,2.473183644623097,110.16611671383963,115.52990531985178,0.5360946655273438,0.0,1.006912327376211,0.3974013198852539,10.0,0.0,2.277862388868321,0.14518610636393228,0.0,0.0,0.0,0.0,0.0,0.0,certain_cold,125.42650146484374,125.42650146484374,POINT (554710.5891310502 8635557.007140022),ragna_mariebreen
ragna_mariebreen-20230305-DAT_0068_A1_3,5115.0,6133,112.98204040527344,554705.9751307898,8635555.335475285,238.19000549316405,2021-04-07 16:14:33.800000+00:00,0,2024-04-29,100 MHz,20230305,0.0,112.4459457397461,113.25007629394531,0.9197086079764691,0.5961189468383788,11,2.275200338795583,0.14520263671875,2.3564757979120667,2.4583499162958122,110.16611671383963,115.52990531985178,0.5360946655273438,0.0,0.9653224482605609,0.6954438262939453,10.0,0.0,2.275200338795583,0.14518610636393228,0.0,0.0,0.0,0.0,0.0,0.0,certain_cold,125.20796508789061,125.20796508789061,POINT (554705.9751307898 8635555.335475285),ragna_mariebreen
ragna_mariebreen-20230305-DAT_0068_A1_3,5120.0,6140,112.84800720214844,554700.9013949839,8635553.533958688,237.95352783203126,2021-04-07 16:14:35.200000+00:00,0,2024-04-29,100 MHz,20230305,0.0,112.4459457397461,113.25007629394531,0.9091719828683025,0.7947913284301757,11,2.2725380286803696,0.29038874308268225,2.42496349862331,2.4648221859477575,110.15492965208813,115.54109238160328,0.40206146240234375,0.0,0.9497939577311977,0.5960906684875488,10.0,0.0,2.275200338795583,0.14520263671875,0.0,0.0,0.0,0.0,0.0,0.0,certain_cold,125.10552062988282,125.10552062988282,POINT (554700.9013949839 8635553.533958688),ragna_mariebreen
ragna_mariebreen-20230305-DAT_0068_A1_3,5125.0,6147,112.7139892578125,554696.4923386213,8635551.46090063,237.67847290039063,2021-04-07 16:14:36.600000+00:00,0,2024-04-29,100 MHz,20230305,0.0,112.4459457397461,113.25007629394531,0.9111456601641761,0.5960963241577149,11,2.269876064846737,0.14518610636393228,2.3513288121654883,2.450225044619624,110.17143120797338,115.52459082571802,0.13402557373046875,0.0,0.9518931320179148,0.5961076354980468,10.0,0.0,2.2725380286803696,0.14520263671875,0.0,0.0,0.0,0.0,0.0,0.0,certain_cold,124.96448364257813,124.96448364257813,POINT (554696.4923386213 8635551.46090063),ragna_mariebreen
ragna_mariebreen-20230305-DAT_0068_A1_3,5130.0,6155,112.7139892578125,554692.2882362063,8635548.986428436,237.3516082763672,2021-04-07 16:14:38.200000+00:00,0,2024-04-29,100 MHz,20230305,0.0,112.4459457397461,113.11605834960938,0.9348523101919052,0.5960963241577149,11,2.269876064846737,0.0,2.3468421713950955,2.4548495252530755,110.17606967489935,115.38593441445612,0.13402557373046875,0.0,0.9727358487011776,0.5961076354980468,10.0,0.0,2.2725380286803696,0.14520263671875,0.0,0.0,0.0,0.0,0.0,0.0,certain_cold,124.63761901855469,124.63761901855469,POINT (554692.2882362063 8635548.986428436),ragna_mariebreen
ragna_mariebreen-20230305-DAT_0068_A1_3,5135.0,6163,112.7139892578125,554688.6927057932,8635545.865887782,236.98819274902343,2021-04-07 16:14:39.800000+00:00,0,2024-04-29,100 MHz,20230305,0.0,112.4459457397461,112.98204040527344,0.9428546767660737,0.7947913284301757,11,2.269876064846737,0.14519437154134116,2.4093800055282264,2.4621928634432866,110.1714306803782,115.25655546464134,0.26804351806640625,0.0,0.9832473432066466,0.6954438262939453,10.0,0.0,2.275200338795583,0.0,0.0,0.0,0.0,0.0,0.0,0.0,certain_cold,124.27420349121093,124.27420349121093,POINT (554688.6927057932 8635545.865887782),ragna_mariebreen
ragna_mariebreen-20230305-DAT_0068_A1_3,5140.0,6172,112.57996368408203,554685.2074623798,8635542.247111334,236.59645080566406,2021-04-07 16:14:41.500000+00:00,0,2024-04-29,100 MHz,20230305,0.0,112.3119125366211,113.25007629394531,0.883115121595075,0.5961076354980468,11,2.2672139928210773,0.2903804779052735,2.3621863652750306,2.450402503504694,110.02617849452604,115.53581033604037,0.1340179443359375,0.0,0.9181684348643184,0.5961076354980468,10.0,0.0,2.2725380286803696,0.29038874308268225,0.0,0.0,0.0,0.0,0.0,0.0,certain_cold,124.01648712158203,124.01648712158203,POINT (554685.2074623798 8635542.247111334),ragna_mariebreen
ragna_mariebreen-20230305-DAT_0068_A1_3,5145.0,6181,112.4459457397461,554681.4480266161,8635538.189361274,236.1964225769043,2021-04-07 16:14:43.249999872+00:00,0,2024-04-29,100 MHz,20230305,0.0,112.17789459228516,112.98204040527344,0.8816347313037796,0.5961076354980468,11,2.264552115832702,0.0,2.341696094377202,2.4301185330685944,109.91334247645246,115.24659252110614,0.0,0.0,0.9216396329408119,0.4967544776916504,10.0,0.0,2.269876064846737,0.2903804779052735,0.0,0.0,0.0,0.0,0.0,0.0,certain_cold,123.7504768371582,123.7504768371582,POINT (554681.4480266161 8635538.189361274),ragna_mariebreen
ragna_mariebreen-20230305-DAT_0068_A1_3,5150.0,6187,112.57996368408203,554678.3064185182,8635534.546956668,235.86094360351564,2021-04-07 16:14:44.600000+00:00,0,2024-04-29,100 MHz,20230305,0.0,112.17789459228516,112.84800720214844,0.8336543479264789,0.3974013198852539,11,2.2672139928210773,0.0,2.301779115877593,2.4156239072050134,109.91068059946407,115.11522119496952,0.1340179443359375,0.0,0.8741843509867632,0.2980481620788574,10.0,0.0,2.2672139928210773,0.14519437154134116,0.0,0.0,0.0,0.0,0.0,0.0,certain_cold,123.2809799194336,123.2809799194336,POINT (554678.3064185182 8635534.546956668),ragna_mariebreen
ragna_mariebreen-20230305-DAT_0068_A1_3,5155.0,6194,112.4459457397461,554674.8080633518,8635530.760154217,235.5163116455078,2021-04-07 16:14:46+00:00,0,2024-04-29,100 MHz,20230305,0.0,112.17789459228516,112.7139892578125,0.8240023940613298,0.3974013198852539,11,2.264552115832702,0.29038874308268225,2.317423076712159,2.4272416140240987,109.89479978316497,114.99708406693269,0.134033203125,0.0,0.8673101294522633,0.2980538177490234,10.0,0.0,2.2672139928210773,0.2903887430826823,0.0,0.0,0.0,0.0,0.0,0.0,certain_cold,123.07036590576172,123.07036590576172,POINT (554674.8080633518 8635530.760154217),ragna_mariebreen
ragna_mariebreen-20230305-DAT_0068_A1_3,5160.0,6200,112.3119125366211,554671.6018036616,8635527.357206102,235.21576843261718,2021-04-07 16:14:47.200000+00:00,0,2024-04-29,100 MHz,20230305,0.0,112.17789459228516,112.57996368408203,0.8460978214894027,0.3974126312255859,11,2.261889979431681,0.14520263671875,2.301122961560545,2.4193204848247456,109.91134874347391,114.84650953289328,0.0,0.0,0.8917026677021773,0.2980594734191894,10.0,0.0,2.261889979431681,0.2903887430826823,0.0,0.0,0.0,0.0,0.0,0.0,certain_cold,122.90385589599609,122.90385589599609,POINT (554671.6018036616 8635527.357206102),ragna_mariebreen
ragna_mariebreen-20230305-DAT_0068_A1_3,5165.0,6207,112.3119125366211,554668.0109988854,8635523.71569038,234.88318481445313,2021-04-07 16:14:48.600000+00:00,0,2024-04-29,100 MHz,20230305,0.0,112.17789459228516,112.4459457397461,0.8279549287614245,0.19871762695312498,11,2.261889979431681,0.14518610636393228,2.2752393236309123,2.41303432395706,109.91134980240463,114.71249052962662,0.1340179443359375,0.0,0.8726995392031922,0.2980538177490234,10.0,0.0,2.261889979431681,0.0,0.0,0.0,0.0,0.0,0.0,0.0,certain_cold,122.57127227783204,122.57127227783204,POINT (554668.0109988854 8635523.71569038),ragna_mariebreen
ragna_mariebreen-20230305-DAT_0068_A1_3,5170.0,6213,112.17789459228516,554665.056446458,8635520.322704019,234.588525390625,2021-04-07 16:14:49.800000+00:00,0,2024-04-29,100 MHz,20230305,0.0,112.04386901855469,112.3119125366211,0.850718999444152,0.19869500427246092,11,2.259228189905379,0.2903804779052735,2.286462888553948,2.431492474186768,109.76605584886504,114.58972570631074,0.13402557373046875,0.0,0.8957242714854416,0.2980481620788574,10.0,0.0,2.261889979431681,0.2903804779052735,0.0,0.0,0.0,0.0,0.0,0.0,certain_cold,122.41063079833984,122.41063079833984,POINT (554665.056446458 8635520.322704019),ragna_mariebreen
ragna_mariebreen-20230305-DAT_0068_A1_3,5175.0,6221,112.04386901855469,554661.4525667862,8635516.147060702,234.2381795247396,2021-04-07 16:14:51.333333248+00:00,0,2024-04-29,100 MHz,20230305,0.0,111.90983581542969,112.17789459228516,0.8214241635157344,0.19870631561279295,11,2.2565662928127805,0.4355831146240235,2.3067961079100145,2.440606838475199,109.61161387584153,114.47611653187332,0.134033203125,0.0,0.8616558409042487,0.19871197128295898,10.0,0.0,2.2565662928127805,0.5807692209879558,0.0,0.0,0.0,0.0,0.0,0.0,certain_cold,122.1943105061849,122.1943105061849,POINT (554661.4525667862 8635516.147060702),ragna_mariebreen
ragna_mariebreen-20230305-DAT_0068_A1_3,5180.0,6228,111.77581787109375,554658.3801171362,8635512.612922762,233.94297485351564,2021-04-07 16:14:52.600000+00:00,0,2024-04-29,100 MHz,20230305,0.0,111.77581787109375,112.17789459228516,0.8350261839633253,0.39742394256591795,11,2.2512426311485774,0.4355831146240235,2.327181089681457,2.4403062844550245,109.48282287893909,114.47088958443982,0.0,0.0,0.8708692354927019,0.4967714447021484,10.0,0.0,2.2512426311485774,0.4355831146240235,0.0,0.0,0.0,0.0,0.0,0.0,certain_cold,122.16715698242189,122.16715698242189,POINT (554658.3801171362 8635512.612922762),ragna_mariebreen
ragna_mariebreen-20230305-DAT_0068_A1_3,5185.0,6235,111.64179229736328,554654.6480541666,8635508.556333322,233.58555603027344,2021-04-07 16:14:54+00:00,0,2024-04-29,100 MHz,20230305,0.0,111.50777435302734,112.04386901855469,0.8092042040387684,0.3974126312255859,11,2.2485808668907246,0.2903804779052735,2.301819614208112,2.407332170833422,109.24052122712907,114.31112214445297,0.1340179443359375,0.0,0.8439840972712983,0.5961189468383788,10.0,0.0,2.2485808668907246,0.2903804779052735,0.0,0.0,0.0,0.0,0.0,0.0,certain_cold,121.94376373291016,121.94376373291016,POINT (554654.6480541666 8635508.556333322),ragna_mariebreen
ragna_mariebreen-20230305-DAT_0068_A1_3,5190.0,6241,111.50777435302734,554651.1850183458,8635505.068832824,233.23538208007812,2021-04-07 16:14:55.200000+00:00,0,2024-04-29,100 MHz,20230305,0.0,111.23971557617188,112.04386901855469,0.8069828081540013,0.5961189468383788,11,2.245919298743004,0.29038874308268225,2.341759363674053,2.4041007406578294,108.97510101325496,114.3084835814716,0.26805877685546875,0.0,0.8416179501390965,0.6954664489746093,10.0,0.0,2.245919298743004,0.29038874308268225,0.0,0.0,0.0,0.0,0.0,0.0,certain_cold,121.72760772705078,121.72760772705078,POINT (554651.1850183458 8635505.068832824),ragna_mariebreen
ragna_mariebreen-20230305-DAT_0068_A1_3,5195.0,6247,111.37374114990234,554647.6924912028,8635501.729096243,232.89971313476562,2021-04-07 16:14:56.400000+00:00,0,2024-04-29,100 MHz,20230305,0.0,110.97167205810547,112.04386901855469,0.7891810236049669,0.7948139511108397,11,2.2432574723134615,0.14520263671875,2.384327391462985,2.38245557793182,108.72372012516735,114.29182095149281,0.402069091796875,0.0,0.8232755608051958,0.7948196067810058,10.0,0.0,2.2432574723134615,0.14520263671875,0.0,0.0,0.0,0.0,0.0,0.0,certain_cold,121.52597198486328,121.52597198486328,POINT (554647.6924912028 8635501.729096243),ragna_mariebreen
ragna_mariebreen-20230305-DAT_0068_A1_3,5200.0,6253,111.37374114990234,554643.7615705724,8635498.167288879,232.55773162841797,2021-04-07 16:14:57.750000128+00:00,0,2024-04-29,100 MHz,20230305,0.0,110.837646484375,111.90983581542969,0.7868980255247435,0.5960963241577149,11,2.2432574723134615,0.0,2.321106398846145,2.3772699867000635,108.59438901206154,114.15309328774315,0.5360946655273438,0.0,0.8208439090549452,0.6954551376342774,10.0,0.0,2.2432574723134615,0.0,0.0,0.0,0.0,0.0,0.0,0.0,certain_cold,121.18399047851562,121.18399047851562,POINT (554643.7615705724 8635498.167288879),ragna_mariebreen
ragna_mariebreen-20230305-DAT_0068_A1_3,5205.0,6258,111.37374114990234,554640.6951152922,8635495.160854584,232.27178955078125,2021-04-07 16:14:58.800000+00:00,0,2024-04-29,100 MHz,20230305,0.0,110.70362854003906,111.77581787109375,0.7957700875034822,0.7948139511108397,11,2.2432574723134615,0.2903804779052735,2.397551694107783,2.3978688331941713,108.44165486445425,114.03779154667856,0.6701126098632812,0.0,0.8314718843101853,0.7948139511108397,10.0,0.0,2.2432574723134615,0.2903804779052735,0.0,0.0,0.0,0.0,0.0,0.0,certain_cold,120.8980484008789,120.8980484008789,POINT (554640.6951152922 8635495.160854584),ragna_mariebreen
ragna_mariebreen-20230305-DAT_0068_A1_3,5210.0,6265,111.10569763183594,554636.8070777124,8635491.060927708,231.90580139160156,2021-04-07 16:15:00.200000+00:00,0,2024-04-29,100 MHz,20230305,0.0,110.5696029663086,111.50777435302734,0.7908332659156923,0.7948026397705078,11,2.237934408891999,0.5807692209879558,2.444862888330531,2.4435753643030163,108.25753823828956,113.81983908104638,0.5360946655273438,0.0,0.8237590658111703,0.7948082954406738,10.0,0.0,2.237934408891999,0.5807692209879558,0.0,0.0,0.0,0.0,0.0,0.0,certain_cold,120.80010375976562,120.80010375976562,POINT (554636.8070777124 8635491.060927708),ragna_mariebreen
ragna_mariebreen-20230305-DAT_0068_A1_3,5215.0,6271,110.837646484375,554633.9329261503,8635487.224429956,231.56409606933593,2021-04-07 16:15:01.400000+00:00,0,2024-04-29,100 MHz,20230305,0.0,110.43558502197266,111.23971557617188,0.7722355518698162,0.7948139511108397,11,2.2326113748877376,0.725955327351888,2.4785669055865984,2.471419113821122,108.0879128368947,113.58738776124983,0.40206146240234375,0.0,0.8017795776138028,0.6954551376342774,10.0,0.0,2.2326113748877376,0.725955327351888,0.0,0.0,0.0,0.0,0.0,0.0,certain_cold,120.72644958496093,120.72644958496093,POINT (554633.9329261503 8635487.224429956),ragna_mariebreen
ragna_mariebreen-20230305-DAT_0068_A1_3,5220.0,6278,110.43558502197266,554631.3464371423,8635482.753978724,231.17850748697916,2021-04-07 16:15:02.666666752+00:00,0,2024-04-29,100 MHz,20230305,0.0,110.30155181884766,110.97167205810547,0.7751916415844609,0.5961076354980468,11,2.22462746896152,0.5807692209879557,2.3752062177428233,2.4263516531796268,108.00236494873356,113.27085892821957,0.134033203125,0.0,0.799162885169959,0.4967601333618164,10.0,0.0,2.22462746896152,0.5807692209879557,0.0,0.0,0.0,0.0,0.0,0.0,certain_cold,120.7429224650065,120.7429224650065,POINT (554631.3464371423 8635482.753978724),ragna_mariebreen
ragna_mariebreen-20230305-DAT_0068_A1_3,5225.0,6284,110.30155181884766,554629.1102515867,8635478.657255232,230.8176727294922,2021-04-07 16:15:03.800000+00:00,0,2024-04-29,100 MHz,20230305,0.0,110.03350830078125,110.5696029663086,0.739617582703016,0.3974126312255859,11,2.2219660063687687,0.5807692209879557,2.3307429332646223,2.412770190082094,107.73689648736887,112.86621477972098,0.26804351806640625,0.0,0.7758461275792865,0.4967601333618164,10.0,0.0,2.2219660063687687,0.5807692209879557,0.0,0.0,0.0,0.0,0.0,0.0,certain_cold,120.51612091064453,120.51612091064453,POINT (554629.1102515867 8635478.657255232),ragna_mariebreen
ragna_mariebreen-20230305-DAT_0068_A1_3,5230.0,6290,109.89949035644531,554626.5712850916,8635474.31279042,230.44223022460938,2021-04-07 16:15:05+00:00,0,2024-04-29,100 MHz,20230305,0.0,109.76545715332031,110.16753387451172,0.70526255760955,0.3974126312255859,11,2.213982654006703,0.8711496988932292,2.4121686901172508,2.4815350622730064,107.38625119541663,112.5467398324154,0.134033203125,0.0,0.7433998052783571,0.5961132911682129,10.0,0.0,2.213982654006703,0.725955327351888,0.0,0.0,0.0,0.0,0.0,0.0,certain_cold,120.54273986816406,120.54273986816406,POINT (554626.5712850916 8635474.31279042),ragna_mariebreen
ragna_mariebreen-20230305-DAT_0068_A1_3,5235.0,6296,109.4974136352539,554623.779612568,8635470.181734154,230.10703125,2021-04-07 16:15:06.200000+00:00,0,2024-04-29,100 MHz,20230305,0.0,109.4974136352539,110.03350830078125,0.6440223936242825,0.5961076354980468,11,2.205999419112334,0.8711579640706381,2.445545736351444,2.4576644357961492,107.1256316816402,112.40529025439496,0.0,0.0,0.67175276541998,0.3974126312255859,10.0,0.0,2.2086604504118093,0.5807692209879558,0.0,0.0,0.0,0.0,0.0,0.0,certain_cold,120.6096176147461,120.6096176147461,POINT (554623.779612568 8635470.181734154),ragna_mariebreen
ragna_mariebreen-20230305-DAT_0068_A1_3,5240.0,6302,109.09534454345703,554620.8856498183,8635466.046645645,229.7904541015625,2021-04-07 16:15:07.400000+00:00,0,2024-04-29,100 MHz,20230305,0.0,108.96131896972656,109.4974136352539,0.6034450245707212,0.5961189468383788,11,2.198016760723685,0.725955327351888,2.390323538040933,2.3921610972950766,106.64652117775145,111.81221142722902,0.0,0.0,0.614011173475465,0.5961132911682129,10.0,0.0,2.2033385865135022,0.5807692209879558,0.0,0.0,0.0,0.0,0.0,0.0,certain_cold,120.69510955810546,120.69510955810546,POINT (554620.8856498183 8635466.046645645),ragna_mariebreen
ragna_mariebreen-20230305-DAT_0068_A1_3,5245.0,6308,108.82730102539062,554618.1411464603,8635461.917463932,229.5065948486328,2021-04-07 16:15:08.600000+00:00,0,2024-04-29,100 MHz,20230305,0.0,108.69326782226562,109.22936248779297,0.6001885242712436,0.3974126312255859,11,2.1926952773671937,0.5807692209879558,2.302855242279244,2.3463656433092956,106.42496328639851,111.49766702366009,0.0,0.0,0.6127088144924168,0.3974069755554199,10.0,0.0,2.198016760723685,0.5807692209879558,0.0,0.0,0.0,0.0,0.0,0.0,certain_cold,120.67929382324218,120.67929382324218,POINT (554618.1411464603 8635461.917463932),ragna_mariebreen
ragna_mariebreen-20230305-DAT_0068_A1_3,5250.0,6314,108.55924987792969,554615.6463798257,8635457.649226693,229.21714782714844,2021-04-07 16:15:09.800000+00:00,0,2024-04-29,100 MHz,20230305,0.0,108.42522430419922,108.96131896972656,0.5927977383984872,0.3974126312255859,11,2.187373834904201,0.5807692209879558,2.2977889331111574,2.339509850443214,106.16206342134744,111.22447985257834,0.13402557373046875,0.0,0.616444484839995,0.4967657890319824,10.0,0.0,2.1926952773671937,0.5807692209879558,0.0,0.0,0.0,0.0,0.0,0.0,certain_cold,120.65789794921875,120.65789794921875,POINT (554615.6463798257 8635457.649226693),ragna_mariebreen
ragna_mariebreen-20230305-DAT_0068_A1_3,5255.0,6319,108.29120635986328,554613.4141513187,8635453.316898994,228.91921997070312,2021-04-07 16:15:11+00:00,0,2024-04-29,100 MHz,20230305,0.0,108.02315521240234,108.69326782226562,0.6299249092422985,0.5961189468383788,11,2.182052737664651,0.5807692209879558,2.335381090266951,2.3442381340812353,105.76513682496686,110.95128620970111,0.2680511474609375,0.0,0.6567321855430748,0.6954664489746093,10.0,0.0,2.187373834904201,0.8711579640706381,0.0,0.0,0.0,0.0,0.0,0.0,certain_cold,120.62801361083984,120.62801361083984,POINT (554613.4141513187 8635453.316898994),ragna_mariebreen
ragna_mariebreen-20230305-DAT_0068_A1_3,5260.0,6326,108.02315521240234,554611.0562576381,8635448.50803565,228.56201680501303,2021-04-07 16:15:12.333333248+00:00,0,2024-04-29,100 MHz,20230305,0.0,107.75509643554688,108.29120635986328,0.6533383146706178,0.5961189468383788,11,2.1767316841579505,0.4355831146240235,2.2985324172920363,2.3140320715105305,105.53521052078399,110.51109227462617,0.26805877685546875,0.0,0.6876111632731934,0.6954664489746093,10.0,0.0,2.1767316841579505,0.5807692209879557,0.0,0.0,0.0,0.0,0.0,0.0,certain_cold,120.53886159261069,120.53886159261069,POINT (554611.0562576381 8635448.50803565),ragna_mariebreen
ragna_mariebreen-20230305-DAT_0068_A1_3,5265.0,6333,107.88912963867188,554608.5954909287,8635444.04259593,228.2276153564453,2021-04-07 16:15:13.600000+00:00,0,2024-04-29,100 MHz,20230305,0.0,107.62107849121094,108.02315521240234,0.640210925433173,0.5961189468383788,11,2.174071231049263,0.2903970082600912,2.2729438925899967,2.284903973721099,105.42769841924839,110.2165352843649,0.2680511474609375,0.0,0.6722015678754185,0.6954664489746093,10.0,0.0,2.1767316841579505,0.14519437154134116,0.0,0.0,0.0,0.0,0.0,0.0,certain_cold,120.33848571777344,120.33848571777344,POINT (554608.5954909287 8635444.04259593),ragna_mariebreen
ragna_mariebreen-20230305-DAT_0068_A1_3,5270.0,6339,107.75509643554688,554606.090792733,8635439.625067573,227.92950744628905,2021-04-07 16:15:14.800000+00:00,0,2024-04-29,100 MHz,20230305,0.0,107.48705291748047,108.02315521240234,0.6327733024204086,0.5961189468383788,11,2.1714106758357814,0.4355831146240235,2.2934940095101335,2.303293082769798,105.27238432537031,110.2378238045125,0.26804351806640625,0.0,0.6597673308662841,0.7948196067810058,10.0,0.0,2.174071231049263,0.2903970082600912,0.0,0.0,0.0,0.0,0.0,0.0,certain_cold,120.17441101074218,120.17441101074218,POINT (554606.090792733 8635439.625067573),ragna_mariebreen
ragna_mariebreen-20230305-DAT_0068_A1_3,5275.0,6345,107.48705291748047,554603.482867929,8635435.426849583,227.64373779296875,2021-04-07 16:15:16+00:00,0,2024-04-29,100 MHz,20230305,0.0,107.48705291748047,108.02315521240234,0.6394453589927721,0.39742394256591795,11,2.166090168472702,0.43556658426920575,2.244907716903009,2.3001206999684687,105.27760392117256,110.23260420871026,0.0,0.0,0.6686292209742122,0.6954777603149414,10.0,0.0,2.1714106758357814,0.29038874308268225,0.0,0.0,0.0,0.0,0.0,0.0,certain_cold,120.15668487548828,120.15668487548828,POINT (554603.482867929 8635435.426849583),ragna_mariebreen
ragna_mariebreen-20230305-DAT_0068_A1_3,5280.0,6351,107.35303497314453,554601.1153468188,8635431.126434868,227.37830810546876,2021-04-07 16:15:17.200000+00:00,0,2024-04-29,100 MHz,20230305,0.0,107.21900177001953,108.02315521240234,0.6371445264250282,0.5961189468383788,11,2.16343006523855,0.14518610636393228,2.2487477518474353,2.2599694246189634,105.05070551427882,110.19145146814306,0.134033203125,0.0,0.6650396325030882,0.6954664489746093,10.0,0.0,2.16875047302463,0.2903804779052735,0.0,0.0,0.0,0.0,0.0,0.0,certain_cold,120.02527313232423,120.02527313232423,POINT (554601.1153468188 8635431.126434868),ragna_mariebreen
ragna_mariebreen-20230305-DAT_0068_A1_3,5285.0,6357,107.35303497314453,554598.803415189,8635427.01436833,227.10987548828126,2021-04-07 16:15:18.400000+00:00,0,2024-04-29,100 MHz,20230305,0.0,106.95095825195312,108.02315521240234,0.5819591514491275,0.7948252624511718,11,2.16343006523855,0.14520263671875,2.309385340457224,2.245036727281659,104.78266088930008,110.1914525750554,0.40207672119140625,0.0,0.6101023857088131,0.7948196067810058,10.0,0.0,2.166090168472702,0.2903804779052735,0.0,0.0,0.0,0.0,0.0,0.0,certain_cold,119.75684051513673,119.75684051513673,POINT (554598.803415189 8635427.01436833),ragna_mariebreen
ragna_mariebreen-20230305-DAT_0068_A1_3,5290.0,6363,107.21900177001953,554596.4880024985,8635422.790479466,226.82030334472657,2021-04-07 16:15:19.600000+00:00,0,2024-04-29,100 MHz,20230305,0.0,106.81694030761719,108.02315521240234,0.5872647201858149,0.7948139511108397,11,2.1607697092063702,0.14520263671875,2.3068894119168966,2.2438559208444695,104.6512973218197,110.18879819819983,0.40206146240234375,0.0,0.6118968976574917,0.7948196067810058,10.0,0.0,2.16343006523855,0.29038874308268225,0.0,0.0,0.0,0.0,0.0,0.0,certain_cold,119.60130157470704,119.60130157470704,POINT (554596.4880024985 8635422.790479466),ragna_mariebreen
ragna_mariebreen-20230305-DAT_0068_A1_3,5295.0,6370,107.21900177001953,554593.8513432686,8635417.921010287,226.5094757080078,2021-04-07 16:15:21+00:00,0,2024-04-29,100 MHz,20230305,0.0,106.95095825195312,107.88912963867188,0.5330424814223033,0.7948139511108397,11,2.1607697092063702,0.14518610636393228,2.3068883715050728,2.2302777918245402,104.78531637442468,110.05477151620032,0.26804351806640625,0.0,0.5560167205035621,0.7948196067810058,10.0,0.0,2.1607697092063702,0.14520263671875,0.0,0.0,0.0,0.0,0.0,0.0,certain_cold,119.29047393798828,119.29047393798828,POINT (554593.8513432686 8635417.921010287),ragna_mariebreen
ragna_mariebreen-20230305-DAT_0068_A1_3,5300.0,6376,107.0849838256836,554591.4926943822,8635413.993263332,226.23488159179686,2021-04-07 16:15:22.200000+00:00,0,2024-04-29,100 MHz,20230305,0.0,106.95095825195312,107.75509643554688,0.5397395637290668,0.7948139511108397,11,2.158109706288994,0.14518610636393228,2.304397041904956,2.229312743092438,104.78797038563027,109.91808430186973,0.13402557373046875,0.0,0.5588808734912962,0.6954664489746093,10.0,0.0,2.1607697092063702,0.0,0.0,0.0,0.0,0.0,0.0,0.0,certain_cold,119.14989776611327,119.14989776611327,POINT (554591.4926943822 8635413.993263332),ragna_mariebreen
ragna_mariebreen-20230305-DAT_0068_A1_3,5305.0,6382,107.0849838256836,554589.0862922869,8635409.877488023,225.95274658203124,2021-04-07 16:15:23.400000+00:00,0,2024-04-29,100 MHz,20230305,0.0,106.81694030761719,107.75509643554688,0.5376164295692699,0.5961189468383788,11,2.158109706288994,0.0,2.238927266160843,2.2240658555271193,104.65883060132819,109.91320614183587,0.26804351806640625,0.0,0.5500604803524808,0.7948139511108397,10.0,0.0,2.1607697092063702,0.14520263671875,0.0,0.0,0.0,0.0,0.0,0.0,certain_cold,118.86776275634764,118.86776275634764,POINT (554589.0862922869 8635409.877488023),ragna_mariebreen
ragna_mariebreen-20230305-DAT_0068_A1_3,5310.0,6389,107.0849838256836,554586.2676939212,8635405.224236699,225.61771545410156,2021-04-07 16:15:24.800000+00:00,0,2024-04-29,100 MHz,20230305,0.0,106.81694030761719,107.75509643554688,0.5534807964998072,0.5961189468383788,11,2.158109706288994,0.14518610636393228,2.243629717364161,2.2326794445136873,104.65395244129434,109.91808430186973,0.13402557373046875,0.0,0.557986851398259,0.5961132911682129,10.0,0.0,2.16343006523855,0.0,0.0,0.0,0.0,0.0,0.0,0.0,certain_cold,118.53273162841796,118.53273162841796,POINT (554586.2676939212 8635405.224236699),ragna_mariebreen
ragna_mariebreen-20230305-DAT_0068_A1_3,5315.0,6396,107.21900177001953,554583.5076162727,8635400.684990373,225.2987854003906,2021-04-07 16:15:26.200000+00:00,0,2024-04-29,100 MHz,20230305,0.0,106.68290710449219,107.62107849121094,0.582517068331635,0.7948139511108397,11,2.1607697092063702,0.29038047790527344,2.320555057535309,2.2566729255853537,104.50271294841978,109.80127264728334,0.1340179443359375,0.0,0.5833414166633388,0.5961076354980468,10.0,0.0,2.1607697092063702,0.29038874308268225,0.0,0.0,0.0,0.0,0.0,0.0,certain_cold,118.07978363037108,118.07978363037108,POINT (554583.5076162727 8635400.684990373),ragna_mariebreen
ragna_mariebreen-20230305-DAT_0068_A1_3,5320.0,6402,106.81694030761719,554581.3126584834,8635396.800951043,225.03757934570314,2021-04-07 16:15:27.400000+00:00,0,2024-04-29,100 MHz,20230305,0.0,106.54888916015625,107.35303497314453,0.6037150203142548,0.7948139511108397,11,2.152789700521726,0.8711496988932292,2.454614941173994,2.3995576922231368,104.22651854103574,109.67540559226504,0.134033203125,0.0,0.6094430060861632,0.7948139511108397,10.0,0.0,2.158109706288994,0.8711496988932292,0.0,0.0,0.0,0.0,0.0,0.0,certain_cold,118.22063903808595,118.22063903808595,POINT (554581.3126584834 8635396.800951043),ragna_mariebreen
ragna_mariebreen-20230305-DAT_0068_A1_3,5325.0,6409,106.41486358642578,554578.4896055023,8635392.259232054,224.73973999023437,2021-04-07 16:15:28.800000+00:00,0,2024-04-29,100 MHz,20230305,0.0,106.14681243896484,107.0849838256836,0.6867256871460764,0.5961076354980468,11,2.1448098463143634,0.8711579640706381,2.3904957202032,2.4146878979688022,103.83183393469947,109.39996232994896,0.2680511474609375,0.0,0.7153503548912988,0.7948196067810058,10.0,0.0,2.1448098463143634,1.1615384419759114,0.0,0.0,0.0,0.0,0.0,0.0,certain_cold,118.32487640380859,118.32487640380859,POINT (554578.4896055023 8635392.259232054),ragna_mariebreen
ragna_mariebreen-20230305-DAT_0068_A1_3,5330.0,6415,106.0127944946289,554575.8770999047,8635388.172582453,224.4890594482422,2021-04-07 16:15:30+00:00,0,2024-04-29,100 MHz,20230305,0.0,105.7447509765625,107.0849838256836,0.8002722046404329,0.7948139511108397,11,2.1368306059732878,0.580760955810547,2.3526703005943213,2.3545198932984635,103.53040494975951,109.29932985248658,0.26804351806640625,0.0,0.8400694806211699,0.9935146110534667,10.0,0.0,2.1368306059732878,0.580760955810547,0.0,0.0,0.0,0.0,0.0,0.0,certain_cold,118.47626495361328,118.47626495361328,POINT (554575.8770999047 8635388.172582453),ragna_mariebreen
ragna_mariebreen-20230305-DAT_0068_A1_3,5335.0,6421,105.87877655029297,554573.0118824635,8635384.299350128,224.27381591796876,2021-04-07 16:15:31.200000+00:00,0,2024-04-29,100 MHz,20230305,0.0,105.61073303222656,106.81694030761719,0.8829274528040523,0.9935315780639647,11,2.1341710637891116,0.14518610636393228,2.3585737494524395,2.3141577348812934,103.4716292163738,108.95604412346995,0.26804351806640625,0.0,0.9295069116168431,1.0928677688598631,10.0,0.0,2.1341710637891116,0.14518610636393228,0.0,0.0,0.0,0.0,0.0,0.0,certain_cold,118.39503936767579,118.39503936767579,POINT (554573.0118824635 8635384.299350128),ragna_mariebreen
ragna_mariebreen-20230305-DAT_0068_A1_3,5340.0,6427,105.87877655029297,554569.9740976135,8635380.605468482,224.05242919921875,2021-04-07 16:15:32.400000+00:00,0,2024-04-29,100 MHz,20230305,0.0,105.34268188476562,106.54888916015625,0.9886719888098373,0.9935089553833008,11,2.1341710637891116,0.14519437154134116,2.358564728700243,2.356531314559438,103.20357750791955,108.68799353700233,0.5360946655273438,0.0,1.041594474995763,1.0928621131896972,10.0,0.0,2.1341710637891116,0.14519437154134116,0.0,0.0,0.0,0.0,0.0,0.0,certain_cold,118.17365264892578,118.17365264892578,POINT (554569.9740976135 8635380.605468482),ragna_mariebreen
ragna_mariebreen-20230305-DAT_0068_A1_3,5345.0,6435,105.7447509765625,554566.5458115311,8635376.356359472,223.77601877848306,2021-04-07 16:15:33.833333248+00:00,0,2024-04-29,100 MHz,20230305,0.0,104.94060516357422,106.14681243896484,0.9904881184940291,1.3909328979492186,11,2.1315114223569354,0.2903804779052735,2.561709603406286,2.3682754228476934,102.78940508789864,108.29801251464042,0.8041458129882812,0.0,1.0435099532777177,1.2915797401428222,10.0,0.0,2.1315114223569354,0.2903804779052735,0.0,0.0,0.0,0.0,0.0,0.0,certain_cold,118.03126780192056,118.03126780192056,POINT (554566.5458115311 8635376.356359472),ragna_mariebreen
ragna_mariebreen-20230305-DAT_0068_A1_3,5350.0,6442,105.61073303222656,554563.5186763697,8635372.45814864,223.51290588378907,2021-04-07 16:15:35.200000+00:00,0,2024-04-29,100 MHz,20230305,0.0,105.07463836669922,106.14681243896484,1.040340698502897,0.9935089553833008,11,2.128851984671948,0.14518610636393228,2.353752285723718,2.3738994391263306,102.94084133367973,108.28060947198433,0.5360946655273438,0.0,1.0947525057437177,1.2915684288024902,10.0,0.0,2.128851984671948,0.14519437154134118,0.0,0.0,0.0,0.0,0.0,0.0,certain_cold,117.90217285156251,117.90217285156251,POINT (554563.5186763697 8635372.45814864),ragna_mariebreen
ragna_mariebreen-20230305-DAT_0068_A1_3,5355.0,6449,105.61073303222656,554560.5275062837,8635368.579978673,223.23535766601563,2021-04-07 16:15:36.600000+00:00,0,2024-04-29,100 MHz,20230305,0.0,105.20865631103516,106.28084564208984,0.9959137151705743,0.9935202667236328,11,2.128851984671948,0.0,2.3492750569127256,2.3502882590666507,103.0798043263632,108.4096976267618,0.40207672119140625,0.0,1.0419789906889425,1.3909215866088867,10.0,0.0,2.1341710637891116,0.43556658426920575,0.0,0.0,0.0,0.0,0.0,0.0,certain_cold,117.62462463378907,117.62462463378907,POINT (554560.5275062837 8635368.579978673),ragna_mariebreen
ragna_mariebreen-20230305-DAT_0068_A1_3,5360.0,6456,105.61073303222656,554557.3434838669,8635364.396371774,222.9345489501953,2021-04-07 16:15:38.200000+00:00,0,2024-04-29,100 MHz,20230305,0.0,105.20865631103516,106.28084564208984,0.920948179968777,1.1922152709960936,11,2.128851984671948,0.14518610636393228,2.44427229058448,2.324055792856663,103.07485927801567,108.41464267510933,0.40207672119140625,0.0,0.9585772520634577,1.3909102752685547,10.0,0.0,2.1368306059732878,0.4355748494466146,0.0,0.0,0.0,0.0,0.0,0.0,certain_cold,117.32381591796874,117.32381591796874,POINT (554557.3434838669 8635364.396371774),ragna_mariebreen
ragna_mariebreen-20230305-DAT_0068_A1_3,5365.0,6463,105.7447509765625,554554.6311210704,8635360.64089866,222.66888732910155,2021-04-07 16:15:39.600000+00:00,0,2024-04-29,100 MHz,20230305,0.0,105.20865631103516,106.68290710449219,0.8687564119664649,1.1922152709960936,11,2.1315114223569354,0.5807526906331381,2.51037684097667,2.3738897056621147,102.99944499671601,108.89211841881134,0.5360946655273438,0.0,0.8935988631573571,1.1922152709960936,10.0,0.0,2.1421501488362322,0.4355748494466146,0.0,0.0,0.0,0.0,0.0,0.0,certain_cold,116.92413635253905,116.92413635253905,POINT (554554.6311210704 8635360.64089866),ragna_mariebreen
ragna_mariebreen-20230305-DAT_0068_A1_3,5370.0,6470,106.14681243896484,554551.7451128046,8635356.69243535,222.3762969970703,2021-04-07 16:15:41+00:00,0,2024-04-29,100 MHz,20230305,0.0,105.7447509765625,107.0849838256836,0.7908293400015731,0.9935202667236328,11,2.1394902001133618,0.8711496988932292,2.514637674626998,2.441665652637601,103.43470333327397,109.39503146897212,0.40206146240234375,0.0,0.8237546523509103,1.0928621131896972,10.0,0.0,2.1448098463143634,0.43556658426920575,0.0,0.0,0.0,0.0,0.0,0.0,certain_cold,116.22948455810547,116.22948455810547,POINT (554551.7451128046 8635356.69243535),ragna_mariebreen
ragna_mariebreen-20230305-DAT_0068_A1_3,5375.0,6477,106.54888916015625,554548.6598430732,8635352.401056182,222.0567199707031,2021-04-07 16:15:42.400000+00:00,0,2024-04-29,100 MHz,20230305,0.0,106.28084564208984,107.0849838256836,0.7959753511629404,0.5961189468383788,11,2.1474697465867374,0.7259718577067058,2.3439324327862203,2.4025482743009348,104.0139840559564,109.35184541181704,0.26804351806640625,0.0,0.8305116307463241,0.5961076354980468,10.0,0.0,2.1501295466334778,0.5807692209879558,0.0,0.0,0.0,0.0,0.0,0.0,certain_cold,115.50783081054686,115.50783081054686,POINT (554548.6598430732 8635352.401056182),ragna_mariebreen
ragna_mariebreen-20230305-DAT_0068_A1_3,5380.0,6484,106.81694030761719,554545.8946189443,8635348.519418197,221.79507954915366,2021-04-07 16:15:43.666666752+00:00,0,2024-04-29,100 MHz,20230305,0.0,106.54888916015625,107.0849838256836,0.7914507768744122,0.3974013198852539,11,2.152789700521726,0.4355748494466146,2.2320745402404025,2.3346569932985815,104.35247641566971,109.28139657017013,0.0,0.0,0.8256929239551418,0.2980481620788574,10.0,0.0,2.1554496023809997,0.4355831146240235,0.0,0.0,0.0,0.0,0.0,0.0,certain_cold,114.97813924153647,114.97813924153647,POINT (554545.8946189443 8635348.519418197),ragna_mariebreen
ragna_mariebreen-20230305-DAT_0068_A1_3,5385.0,6491,106.95095825195312,554542.969346857,8635344.43291893,221.54905700683594,2021-04-07 16:15:45+00:00,0,2024-04-29,100 MHz,20230305,0.0,106.81694030761719,107.21900177001953,0.8257833218001538,0.3974013198852539,11,2.1554496023809997,0.14518610636393228,2.1965813900085904,2.312781893834528,104.65660653852373,109.37933553911299,0.0,0.0,0.8644282513812506,0.2980594734191894,10.0,0.0,2.158109706288994,0.14519437154134116,0.0,0.0,0.0,0.0,0.0,0.0,certain_cold,114.59809875488281,114.59809875488281,POINT (554542.969346857 8635344.43291893),ragna_mariebreen
ragna_mariebreen-20230305-DAT_0068_A1_3,5390.0,6498,106.95095825195312,554540.0629752099,8635339.999692913,221.33603210449218,2021-04-07 16:15:46.400000+00:00,0,2024-04-29,100 MHz,20230305,0.0,106.81694030761719,107.35303497314453,0.8071851628823044,0.3974126312255859,11,2.1554496023809997,0.0,2.191780050064799,2.3016322198782633,104.66149070523619,109.50848457552553,0.0,0.0,0.8353100205254412,0.3974126312255859,10.0,0.0,2.158109706288994,0.0,0.0,0.0,0.0,0.0,0.0,0.0,certain_cold,114.38507385253905,114.38507385253905,POINT (554540.0629752099 8635339.999692913),ragna_mariebreen
ragna_mariebreen-20230305-DAT_0068_A1_3,5395.0,6504,106.95095825195312,554537.8416364219,8635335.779623494,221.16058959960938,2021-04-07 16:15:47.600000+00:00,0,2024-04-29,100 MHz,20230305,0.0,106.95095825195312,107.35303497314453,0.7770880906788336,0.3974126312255859,11,2.1554496023809997,0.14519437154134116,2.196583982776288,2.295846313368247,104.79062392737933,109.51336929771833,0.0,0.0,0.804641208412567,0.4967601333618164,10.0,0.0,2.158109706288994,0.14518610636393228,0.0,0.0,0.0,0.0,0.0,0.0,certain_cold,114.20963134765626,114.20963134765626,POINT (554537.8416364219 8635335.779623494),ragna_mariebreen
ragna_mariebreen-20230305-DAT_0068_A1_3,5400.0,6511,107.0849838256836,554535.6289125624,8635330.740842056,220.89675903320312,2021-04-07 16:15:49+00:00,0,2024-04-29,100 MHz,20230305,0.0,106.95095825195312,107.48705291748047,0.7779285143657569,0.3974013198852539,11,2.158109706288994,0.2903804779052735,2.213523466190003,2.312343205449956,104.77340037067252,109.66461079876107,0.0,0.0,0.7972908717552973,0.3974069755554199,10.0,0.0,2.1607697092063702,0.14518610636393228,0.0,0.0,0.0,0.0,0.0,0.0,certain_cold,113.81177520751953,113.81177520751953,POINT (554535.6289125624 8635330.740842056),ragna_mariebreen
ragna_mariebreen-20230305-DAT_0068_A1_3,5405.0,6517,107.21900177001953,554533.8777487368,8635326.436929997,220.62155532836914,2021-04-07 16:15:50.249999872+00:00,0,2024-04-29,100 MHz,20230305,0.0,107.0849838256836,107.75509643554688,0.7694860171715711,0.3974013198852539,11,2.1607697092063702,0.14518610636393228,2.2018021143489355,2.2982848979896877,104.91934194815515,109.92073831307532,0.0,0.0,0.7790587028776349,0.4967544776916504,10.0,0.0,2.1607697092063702,0.2903887430826823,0.0,0.0,0.0,0.0,0.0,0.0,certain_cold,113.40255355834961,113.40255355834961,POINT (554533.8777487368 8635326.436929997),ragna_mariebreen
ragna_mariebreen-20230305-DAT_0068_A1_3,5410.0,6523,107.21900177001953,554531.9899951216,8635321.699494176,220.26348571777345,2021-04-07 16:15:51.600000+00:00,0,2024-04-29,100 MHz,20230305,0.0,107.0849838256836,107.88912963867188,0.7984399640446324,0.5961189468383788,11,2.1607697092063702,0.0,2.2414913640260763,2.303569428605827,104.92421411647723,110.04989934787824,0.1340179443359375,0.0,0.8071190580414338,0.5961132911682129,10.0,0.0,2.166090168472702,0.4355831146240235,0.0,0.0,0.0,0.0,0.0,0.0,certain_cold,113.04448394775392,113.04448394775392,POINT (554531.9899951216 8635321.699494176),ragna_mariebreen
ragna_mariebreen-20230305-DAT_0068_A1_3,5415.0,6530,107.21900177001953,554530.065953893,8635316.932709087,219.90065002441406,2021-04-07 16:15:53+00:00,0,2024-04-29,100 MHz,20230305,0.0,107.0849838256836,108.02315521240234,0.8069836605549404,0.7948139511108397,11,2.1607697092063702,0.0,2.302315128974356,2.3065446808216037,104.92421411647723,110.1839249216087,0.0,0.0,0.8086011452533137,0.6954664489746093,10.0,0.0,2.16875047302463,0.2903804779052735,0.0,0.0,0.0,0.0,0.0,0.0,certain_cold,112.68164825439453,112.68164825439453,POINT (554530.065953893 8635316.932709087),ragna_mariebreen
ragna_mariebreen-20230305-DAT_0068_A1_3,5420.0,6537,107.21900177001953,554528.3927532015,8635312.399191653,219.59195454915366,2021-04-07 16:15:54.333333248+00:00,0,2024-04-29,100 MHz,20230305,0.0,107.0849838256836,108.02315521240234,0.7590163093008819,0.7948139511108397,11,2.1607697092063702,0.0,2.302315128974356,2.290203373940514,104.92421411647723,110.1839249216087,0.0,0.0,0.7581553438232944,0.8941727645874022,10.0,0.0,2.1714106758357814,0.0,0.0,0.0,0.0,0.0,0.0,0.0,certain_cold,112.37295277913412,112.37295277913412,POINT (554528.3927532015 8635312.399191653),ragna_mariebreen
ragna_mariebreen-20230305-DAT_0068_A1_3,5425.0,6544,107.21900177001953,554526.9241109987,8635307.87373783,219.31085510253905,2021-04-07 16:15:55.600000+00:00,0,2024-04-29,100 MHz,20230305,0.0,106.95095825195312,107.75509643554688,0.6708520063721645,0.5961189468383788,11,2.1607697092063702,0.0,2.2414913640260763,2.2625136796663443,104.79018854274676,109.91586614475324,0.0,0.0,0.6609759946445963,0.6954664489746093,10.0,0.0,2.16875047302463,0.5807692209879558,0.0,0.0,0.0,0.0,0.0,0.0,certain_cold,112.09185333251952,112.09185333251952,POINT (554526.9241109987 8635307.87373783),ragna_mariebreen
ragna_mariebreen-20230305-DAT_0068_A1_3,5430.0,6551,107.21900177001953,554525.2723162636,8635302.596471412,219.04058837890625,2021-04-07 16:15:57+00:00,0,2024-04-29,100 MHz,20230305,0.0,106.95095825195312,107.62107849121094,0.5648705306993949,0.5961189468383788,11,2.1607697092063702,0.0,2.2414913640260763,2.2333840808684022,104.79018854274676,109.7818482004173,0.0,0.0,0.5622635363410255,0.2980594734191894,10.0,0.0,2.1607697092063702,0.4355831146240235,0.0,0.0,0.0,0.0,0.0,0.0,certain_cold,111.82158660888672,111.82158660888672,POINT (554525.2723162636 8635302.596471412),ragna_mariebreen
ragna_mariebreen-20230305-DAT_0068_A1_3,5435.0,6556,107.21900177001953,554524.2532234049,8635298.461034775,218.8468780517578,2021-04-07 16:15:58+00:00,0,2024-04-29,100 MHz,20230305,0.0,106.95095825195312,107.48705291748047,0.5027721778427715,0.3974126312255859,11,2.1607697092063702,0.0,2.197012183780833,2.2184917396818373,104.79018854274676,109.64782262668683,0.26804351806640625,0.0,0.5032597812945108,0.4967601333618164,10.0,0.0,2.1607697092063702,0.0,0.0,0.0,0.0,0.0,0.0,0.0,certain_cold,111.62787628173828,111.62787628173828,POINT (554524.2532234049 8635298.461034775),ragna_mariebreen
ragna_mariebreen-20230305-DAT_0068_A1_3,5440.0,6562,107.21900177001953,554523.1320436143,8635293.316370282,218.57989807128905,2021-04-07 16:15:59.200000+00:00,0,2024-04-29,100 MHz,20230305,0.0,106.81694030761719,107.35303497314453,0.4722915207936333,0.3974126312255859,11,2.1607697092063702,0.14518610636393228,2.201804155950875,2.21654325974443,104.65129843008874,109.51867685067297,0.26804351806640625,0.0,0.4662009602105092,0.3974069755554199,10.0,0.0,2.1607697092063702,0.14518610636393228,0.0,0.0,0.0,0.0,0.0,0.0,certain_cold,111.36089630126952,111.36089630126952,POINT (554523.1320436143 8635293.316370282),ragna_mariebreen
ragna_mariebreen-20230305-DAT_0068_A1_3,5445.0,6568,107.0849838256836,554521.9877944745,8635288.356948176,218.29176330566406,2021-04-07 16:16:00.400000+00:00,0,2024-04-29,100 MHz,20230305,0.0,106.68290710449219,107.21900177001953,0.3922027336572158,0.3974126312255859,11,2.158109706288994,0.2903804779052735,2.2135254969809828,2.2125960568109706,104.50534922321158,109.39655965130014,0.13402557373046875,0.0,0.3917625368409665,0.2980594734191894,10.0,0.0,2.158109706288994,0.14518610636393228,0.0,0.0,0.0,0.0,0.0,0.0,certain_cold,111.20677947998047,111.20677947998047,POINT (554521.9877944745 8635288.356948176),ragna_mariebreen
ragna_mariebreen-20230305-DAT_0068_A1_3,5450.0,6574,106.95095825195312,554520.7368554363,8635283.505012373,218.00645751953124,2021-04-07 16:16:01.600000+00:00,0,2024-04-29,100 MHz,20230305,0.0,106.68290710449219,107.21900177001953,0.42420561133419316,0.19870631561279295,11,2.1554496023809997,0.14519437154134116,2.169453524230493,2.2015891520942574,104.52257277991839,109.37933609459333,0.0,0.0,0.43428660895111637,0.2980538177490234,10.0,0.0,2.158109706288994,0.0,0.0,0.0,0.0,0.0,0.0,0.0,certain_cold,111.05549926757811,111.05549926757811,POINT (554520.7368554363 8635283.505012373),ragna_mariebreen
ragna_mariebreen-20230305-DAT_0068_A1_3,5455.0,6580,106.95095825195312,554519.3477525691,8635278.759323956,217.74572143554687,2021-04-07 16:16:02.800000+00:00,0,2024-04-29,100 MHz,20230305,0.0,106.54888916015625,107.21900177001953,0.42382028741115996,0.3974013198852539,11,2.1554496023809997,0.0,2.1917779991255846,2.1967217904017087,104.39343955777525,109.37445137240053,0.1340179443359375,0.0,0.42405592531810943,0.2980594734191894,10.0,0.0,2.158109706288994,0.0,0.0,0.0,0.0,0.0,0.0,0.0,certain_cold,110.79476318359374,110.79476318359374,POINT (554519.3477525691 8635278.759323956),ragna_mariebreen
ragna_mariebreen-20230305-DAT_0068_A1_3,5460.0,6585,106.95095825195312,554517.919843366,8635274.198257757,217.48545837402344,2021-04-07 16:16:04+00:00,0,2024-04-29,100 MHz,20230305,0.0,106.54888916015625,107.21900177001953,0.40851824594586406,0.3974126312255859,11,2.1554496023809997,0.0,2.191780050064799,2.1938209010024257,104.39343955777525,109.37445137240053,0.2680511474609375,0.0,0.4084741624000275,0.2980594734191894,10.0,0.0,2.158109706288994,0.14519437154134116,0.0,0.0,0.0,0.0,0.0,0.0,certain_cold,110.53450012207031,110.53450012207031,POINT (554517.919843366 8635274.198257757),ragna_mariebreen
ragna_mariebreen-20230305-DAT_0068_A1_3,5465.0,6593,106.95095825195312,554516.0496606482,8635269.06132085,217.1574249267578,2021-04-07 16:16:05.400000+00:00,0,2024-04-29,100 MHz,20230305,0.0,106.54888916015625,107.21900177001953,0.4408167435830823,0.3974013198852539,11,2.1554496023809997,0.14518610636393228,2.1965813900085904,2.2048495176108327,104.3885553910628,109.37933553911299,0.1340179443359375,0.0,0.44674504599147197,0.2980481620788574,10.0,0.0,2.1554496023809997,0.14519437154134116,0.0,0.0,0.0,0.0,0.0,0.0,certain_cold,110.20646667480469,110.20646667480469,POINT (554516.0496606482 8635269.06132085),ragna_mariebreen
ragna_mariebreen-20230305-DAT_0068_A1_3,5470.0,6599,106.81694030761719,554514.3518217084,8635264.750233259,216.880615234375,2021-04-07 16:16:06.600000+00:00,0,2024-04-29,100 MHz,20230305,0.0,106.54888916015625,107.21900177001953,0.4972175302242777,0.3974013198852539,11,2.152789700521726,0.14518610636393228,2.1939713556015454,2.2142284824552028,104.3912092719074,109.37668165826838,0.0,0.0,0.5072067168446097,0.3973956642150879,10.0,0.0,2.1554496023809997,0.2903804779052735,0.0,0.0,0.0,0.0,0.0,0.0,certain_cold,110.06367492675781,110.06367492675781,POINT (554514.3518217084 8635264.750233259),ragna_mariebreen
ragna_mariebreen-20230305-DAT_0068_A1_3,5475.0,6606,106.81694030761719,554512.3070441288,8635259.643654065,216.58041381835938,2021-04-07 16:16:08+00:00,0,2024-04-29,100 MHz,20230305,0.0,106.54888916015625,107.35303497314453,0.6490756991291234,0.5961189468383788,11,2.152789700521726,0.14520263671875,2.2385140381874304,2.253194746040044,104.39120815954877,109.51071597375201,0.134033203125,0.0,0.6657863873894886,0.5961076354980468,10.0,0.0,2.1607697092063702,0.2903804779052735,0.0,0.0,0.0,0.0,0.0,0.0,certain_cold,109.76347351074219,109.76347351074219,POINT (554512.3070441288 8635259.643654065),ragna_mariebreen
ragna_mariebreen-20230305-DAT_0068_A1_3,5480.0,6612,106.68290710449219,554510.3725811674,8635255.13710193,216.3256378173828,2021-04-07 16:16:09.200000+00:00,0,2024-04-29,100 MHz,20230305,0.0,106.54888916015625,107.48705291748047,0.7883527372550931,0.9935089553833008,11,2.1501295466334778,0.14520263671875,2.3730151532266244,2.294698435819827,104.39386227563338,109.64207980200334,0.0,0.0,0.8095857875009871,0.8941727645874022,10.0,0.0,2.1607697092063702,0.14518610636393228,0.0,0.0,0.0,0.0,0.0,0.0,certain_cold,109.64273071289062,109.64273071289062,POINT (554510.3725811674 8635255.13710193),ragna_mariebreen
ragna_mariebreen-20230305-DAT_0068_A1_3,5485.0,6618,106.68290710449219,554508.2291337501,8635250.734009663,216.06452331542968,2021-04-07 16:16:10.400000+00:00,0,2024-04-29,100 MHz,20230305,0.0,106.54888916015625,107.88912963867188,0.9521608810150772,1.1922265823364258,11,2.1501295466334778,0.0,2.45854861471883,2.3515244865069325,104.39875961352277,110.03925918530535,0.1340179443359375,0.0,0.9817236265265891,1.1922209266662598,10.0,0.0,2.158109706288994,0.14518610636393228,0.0,0.0,0.0,0.0,0.0,0.0,certain_cold,109.3816162109375,109.3816162109375,POINT (554508.2291337501 8635250.734009663),ragna_mariebreen
ragna_mariebreen-20230305-DAT_0068_A1_3,5490.0,6624,106.68290710449219,554505.9971079712,8635246.178513482,215.77423706054688,2021-04-07 16:16:11.600000+00:00,0,2024-04-29,100 MHz,20230305,0.0,106.41486358642578,108.42522430419922,1.148230565246162,1.9870405334472656,11,2.1501295466334778,0.14518610636393228,2.9312908682609096,2.4418373213121556,104.25983781563151,110.58025007499349,0.26804351806640625,0.0,1.1874513819795356,1.688986715698242,10.0,0.0,2.158109706288994,0.0,0.0,0.0,0.0,0.0,0.0,0.0,certain_cold,109.0913299560547,109.0913299560547,POINT (554505.9971079712 8635246.178513482),ragna_mariebreen
ragna_mariebreen-20230305-DAT_0068_A1_3,5495.0,6630,106.54888916015625,554503.6962628325,8635241.769229336,215.48837280273438,2021-04-07 16:16:12.800000+00:00,0,2024-04-29,100 MHz,20230305,0.0,106.28084564208984,108.55924987792969,1.3354782335550703,2.1857468490600587,11,2.1474697465867374,0.14518610636393228,3.0676040497695265,2.5330233773666198,104.12847362081042,110.7116218992091,0.26804351806640625,0.0,1.378484909864009,1.887693031311035,10.0,0.0,2.158109706288994,0.0,0.0,0.0,0.0,0.0,0.0,0.0,certain_cold,108.93948364257812,108.93948364257812,POINT (554503.6962628325 8635241.769229336),ragna_mariebreen
ragna_mariebreen-20230305-DAT_0068_A1_3,5500.0,6636,106.54888916015625,554501.3289783819,8635237.245643781,215.20970153808594,2021-04-07 16:16:14+00:00,0,2024-04-29,100 MHz,20230305,0.0,106.0127944946289,108.42522430419922,1.4320074390481914,1.9870405334472656,11,2.1474697465867374,0.0,2.9257403155556547,2.5811376596366697,103.86532474804217,110.57269405078596,0.5360946655273438,0.0,1.475275013196783,1.7883342178344726,10.0,0.0,2.158109706288994,0.14519437154134116,0.0,0.0,0.0,0.0,0.0,0.0,certain_cold,108.66081237792969,108.66081237792969,POINT (554501.3289783819 8635237.245643781),ragna_mariebreen
ragna_mariebreen-20230305-DAT_0068_A1_3,5505.0,6642,106.54888916015625,554499.1700379549,8635233.034311414,214.97029876708984,2021-04-07 16:16:15.166666752+00:00,0,2024-04-29,100 MHz,20230305,0.0,105.87877655029297,108.15717315673828,1.4658171633988712,1.7883342178344726,11,2.1474697465867374,0.2903804779052735,2.809641686964983,2.616212355862672,103.71176313675493,110.32418657027632,0.6701126098632812,0.0,1.5168958675491186,1.7883342178344726,10.0,0.0,2.1554496023809997,0.14519437154134116,0.0,0.0,0.0,0.0,0.0,0.0,certain_cold,108.4214096069336,108.4214096069336,POINT (554499.1700379549 8635233.034311414),ragna_mariebreen
ragna_mariebreen-20230305-DAT_0068_A1_3,5510.0,6649,106.28084564208984,554497.0468888103,8635228.514144566,214.72976379394532,2021-04-07 16:16:16.400000+00:00,0,2024-04-29,100 MHz,20230305,0.0,105.61073303222656,107.88912963867188,1.4877112438596793,1.7883342178344726,11,2.1421501488362322,0.4355831146240235,2.8243015392451087,2.644205864718398,103.42474586165473,110.07511680924371,0.6701126098632812,0.0,1.5403964190058526,1.887687375640869,10.0,0.0,2.1554496023809997,0.0,0.0,0.0,0.0,0.0,0.0,0.0,certain_cold,108.44891815185548,108.44891815185548,POINT (554497.0468888103 8635228.514144566),ragna_mariebreen
ragna_mariebreen-20230305-DAT_0068_A1_3,5515.0,6655,106.14681243896484,554494.972888648,8635223.546057183,214.46663665771484,2021-04-07 16:16:17.750000128+00:00,0,2024-04-29,100 MHz,20230305,0.0,105.47669982910156,107.75509643554688,1.4910026346621708,1.5896392135620117,11,2.1394902001133618,0.29038874308268225,2.681174512743306,2.6238964909195235,103.31759262044095,109.91420364420749,0.6701126098632812,0.0,1.5447335517477285,1.7883398735046385,10.0,0.0,2.1554496023809997,0.0,0.0,0.0,0.0,0.0,0.0,0.0,certain_cold,108.31982421875,108.31982421875,POINT (554494.972888648 8635223.546057183),ragna_mariebreen
ragna_mariebreen-20230305-DAT_0068_A1_3,5520.0,6661,106.0127944946289,554493.2262429531,8635218.870088309,214.21636962890625,2021-04-07 16:16:19+00:00,0,2024-04-29,100 MHz,20230305,0.0,105.34268188476562,107.48705291748047,1.4061177442096162,1.3909328979492186,11,2.1368306059732878,0.29037221272786456,2.5661362760278448,2.5743986037771585,103.18621230219586,109.64352250005024,0.6701126098632812,0.0,1.459977903011693,1.3909272422790526,10.0,0.0,2.1554496023809997,0.5807692209879557,0.0,0.0,0.0,0.0,0.0,0.0,certain_cold,108.20357513427734,108.20357513427734,POINT (554493.2262429531 8635218.870088309),ragna_mariebreen
ragna_mariebreen-20230305-DAT_0068_A1_3,5525.0,6667,105.87877655029297,554491.7013692339,8635214.565845314,213.9711181640625,2021-04-07 16:16:20.200000+00:00,0,2024-04-29,100 MHz,20230305,0.0,105.07463836669922,106.95095825195312,1.2243511824362028,1.1922152709960936,11,2.1341710637891116,0.43556658426920575,2.483099198832576,2.498687694927003,102.89647299674985,109.1291236219025,0.80413818359375,0.0,1.2721653467676313,1.3909159309387207,10.0,0.0,2.1448098463143634,1.451910654703776,0.0,0.0,0.0,0.0,0.0,0.0,certain_cold,108.09234161376952,108.09234161376952,POINT (554491.7013692339 8635214.565845314),ragna_mariebreen
ragna_mariebreen-20230305-DAT_0068_A1_3,5530.0,6674,105.61073303222656,554489.9210255401,8635209.54417957,213.66394653320313,2021-04-07 16:16:21.600000+00:00,0,2024-04-29,100 MHz,20230305,0.0,104.94060516357422,106.81694030761719,1.1156270821226648,1.7883229064941406,11,2.128851984671948,0.8711496988932292,2.91359080661906,2.5564695102599964,102.64040678723285,109.11713868395856,0.6701278686523438,0.0,1.1616229356782157,1.4902634330749511,10.0,0.0,2.128851984671948,1.0163440704345703,0.0,0.0,0.0,0.0,0.0,0.0,certain_cold,108.05321350097657,108.05321350097657,POINT (554489.9210255401 8635209.54417957),ragna_mariebreen
ragna_mariebreen-20230305-DAT_0068_A1_3,5535.0,6680,105.07463836669922,554488.3783788584,8635205.090322413,213.3821228027344,2021-04-07 16:16:22.800000+00:00,0,2024-04-29,100 MHz,20230305,0.0,104.67256164550781,106.28084564208984,1.110054196405701,1.1922265823364258,11,2.118214307183541,0.8711579640706381,2.582082933050436,2.5451853308705545,102.38220183763465,108.571205449963,0.40207672119140625,0.0,1.1549927037878502,1.5896279022216795,10.0,0.0,2.1261922967444304,0.29038874308268225,0.0,0.0,0.0,0.0,0.0,0.0,certain_cold,108.30748443603517,108.30748443603517,POINT (554488.3783788584 8635205.090322413),ragna_mariebreen
ragna_mariebreen-20230305-DAT_0068_A1_3,5540.0,6686,104.80658721923828,554486.8150426437,8635200.561192367,213.09432983398438,2021-04-07 16:16:24+00:00,0,2024-04-29,100 MHz,20230305,0.0,104.53852844238281,105.61073303222656,1.0977747118115,1.1922378936767577,11,2.112895712006989,0.5807857513427734,2.4946085011278027,2.450867131582847,102.3472638808156,107.80199759379377,0.26805877685546875,0.0,1.142568700350548,1.490280400085449,10.0,0.0,2.12353296434738,0.725955327351888,0.0,0.0,0.0,0.0,0.0,0.0,certain_cold,108.2877426147461,108.2877426147461,POINT (554486.8150426437 8635200.561192367),ragna_mariebreen
ragna_mariebreen-20230305-DAT_0068_A1_3,5545.0,6693,104.53852844238281,554485.1872754288,8635195.533132216,212.7894490559896,2021-04-07 16:16:25.333333248+00:00,0,2024-04-29,100 MHz,20230305,0.0,104.00243377685547,105.20865631103516,1.142530283567291,1.1922378936767577,11,2.1075771804514187,0.7259635925292969,2.527911371934623,2.50485132455121,101.77332976195675,107.43776032593388,0.5360946655273438,0.0,1.1934056129314898,1.3909385536193848,10.0,0.0,2.112895712006989,1.3067328135172525,0.0,0.0,0.0,0.0,0.0,0.0,certain_cold,108.25092061360678,108.25092061360678,POINT (554485.1872754288 8635195.533132216),ragna_mariebreen
ragna_mariebreen-20230305-DAT_0068_A1_3,5550.0,6700,104.13646697998047,554483.785858349,8635190.427116089,212.51396484375,2021-04-07 16:16:26.600000+00:00,0,2024-04-29,100 MHz,20230305,0.0,103.73439025878906,104.94060516357422,1.1169459755578368,0.9935089553833008,11,2.0996003195915707,0.43556658426920575,2.363281573530286,2.4177692329243947,101.59008623385208,107.0849091885112,0.40207672119140625,0.0,1.166768122943524,1.1922265823364258,10.0,0.0,2.0996003195915707,0.7259635925292969,0.0,0.0,0.0,0.0,0.0,0.0,certain_cold,108.37749786376952,108.37749786376952,POINT (554483.785858349 8635190.427116089),ragna_mariebreen
ragna_mariebreen-20230305-DAT_0068_A1_3,5555.0,6705,104.13646697998047,554482.7974578217,8635186.106778055,212.27760314941406,2021-04-07 16:16:27.600000+00:00,0,2024-04-29,100 MHz,20230305,0.0,103.60037231445312,104.80658721923828,1.0571599490630286,0.9935202667236328,11,2.0996003195915707,0.2903970082600912,2.340883261682657,2.3685943262488793,101.48078463652247,106.92617489716893,0.5360946655273438,0.0,1.1037433541142934,1.3909328979492186,10.0,0.0,2.0996003195915707,0.2903970082600912,0.0,0.0,0.0,0.0,0.0,0.0,certain_cold,108.1411361694336,108.1411361694336,POINT (554482.7974578217 8635186.106778055),ragna_mariebreen
ragna_mariebreen-20230305-DAT_0068_A1_3,5560.0,6711,103.868408203125,554481.5555947322,8635181.218015866,211.98160095214843,2021-04-07 16:16:28.800000+00:00,0,2024-04-29,100 MHz,20230305,0.0,103.46633911132812,104.67256164550781,0.9891722981062333,0.9935089553833008,11,2.09428233270025,0.5807692209879557,2.389638345343114,2.3878386068677515,101.29302105427634,106.8458797025596,0.402069091796875,0.0,1.0300386061284392,1.3909272422790526,10.0,0.0,2.09428233270025,0.4355831146240235,0.0,0.0,0.0,0.0,0.0,0.0,certain_cold,108.11319274902343,108.11319274902343,POINT (554481.5555947322 8635181.218015866),ragna_mariebreen
ragna_mariebreen-20230305-DAT_0068_A1_3,5565.0,6717,103.60037231445312,554480.3623983085,8635176.293940822,211.68035888671875,2021-04-07 16:16:30+00:00,0,2024-04-29,100 MHz,20230305,0.0,103.46633911132812,104.53852844238281,0.9281946055377068,1.1922152709960936,11,2.0889650206447503,0.29037221272786456,2.4226985226804607,2.304264764550961,101.35728935387768,106.64757819983326,0.134033203125,0.0,0.9585826803998783,1.1922209266662598,10.0,0.0,2.0916236489734716,0.14518610636393228,0.0,0.0,0.0,0.0,0.0,0.0,certain_cold,108.07998657226562,108.07998657226562,POINT (554480.3623983085 8635176.293940822),ragna_mariebreen
ragna_mariebreen-20230305-DAT_0068_A1_3,5570.0,6722,103.60037231445312,554479.3364519036,8635171.525371257,211.40888366699218,2021-04-07 16:16:31.200000+00:00,0,2024-04-29,100 MHz,20230305,0.0,103.46633911132812,104.40451049804688,0.8283505768556416,0.9935089553833008,11,2.0889650206447503,0.14520263671875,2.317740000003067,2.2518932793017687,101.3723336998768,106.4985159094982,0.134033203125,0.0,0.8528059685623716,1.0928677688598631,10.0,0.0,2.0916236489734716,0.14518610636393228,0.0,0.0,0.0,0.0,0.0,0.0,certain_cold,107.80851135253906,107.80851135253906,POINT (554479.3364519036 8635171.525371257),ragna_mariebreen
ragna_mariebreen-20230305-DAT_0068_A1_3,5575.0,6728,103.46633911132812,554478.4093142876,8635166.649003793,211.16273498535156,2021-04-07 16:16:32.400000+00:00,0,2024-04-29,100 MHz,20230305,0.0,103.33232116699219,104.2704849243164,0.7588013051555259,0.9935089553833008,11,2.086306145233757,0.4355831146240235,2.3514816660591937,2.2623406909860933,101.20102907500065,106.40177701630795,0.1340179443359375,0.0,0.7814888225248743,0.9935202667236328,10.0,0.0,2.0889650206447503,0.4355748494466146,0.0,0.0,0.0,0.0,0.0,0.0,certain_cold,107.69639587402344,107.69639587402344,POINT (554478.4093142876 8635166.649003793),ragna_mariebreen
ragna_mariebreen-20230305-DAT_0068_A1_3,5580.0,6734,103.19829559326172,554477.5121813094,8635161.811047368,210.8838104248047,2021-04-07 16:16:33.600000+00:00,0,2024-04-29,100 MHz,20230305,0.0,103.06427764892578,104.13646697998047,0.7351882458305241,0.9935089553833008,11,2.0809890161511397,0.43556658426920575,2.3467623610200605,2.2496078083703823,100.93819356435301,106.26255106455324,0.1340179443359375,0.0,0.7613035670410523,0.8941614532470703,10.0,0.0,2.0836476283439502,0.5807692209879558,0.0,0.0,0.0,0.0,0.0,0.0,certain_cold,107.68551483154297,107.68551483154297,POINT (554477.5121813094 8635161.811047368),ragna_mariebreen
ragna_mariebreen-20230305-DAT_0068_A1_3,5585.0,6740,103.06427764892578,554476.6194307696,8635156.861574832,210.57756652832032,2021-04-07 16:16:34.800000+00:00,0,2024-04-29,100 MHz,20230305,0.0,102.79622650146484,104.00243377685547,0.6999157573158878,0.7948139511108397,11,2.0783306115529223,0.29038874308268225,2.2439948685118485,2.2121631541019204,100.69770708220109,106.10095319611922,0.2680511474609375,0.0,0.7342137848029451,0.8941614532470703,10.0,0.0,2.0783306115529223,0.4355831146240235,0.0,0.0,0.0,0.0,0.0,0.0,certain_cold,107.51328887939454,107.51328887939454,POINT (554476.6194307696 8635156.861574832),ragna_mariebreen
ragna_mariebreen-20230305-DAT_0068_A1_3,5590.0,6747,102.93024444580078,554475.4379817597,8635151.404342351,210.23144022623697,2021-04-07 16:16:36.166666752+00:00,0,2024-04-29,100 MHz,20230305,0.0,102.66220092773438,103.60037231445312,0.665963638006231,0.7948139511108397,11,2.0756719607560634,0.14520263671875,2.227381222705135,2.1847209115869908,100.58145637484495,105.68111686734255,0.26804351806640625,0.0,0.7006939150201054,0.8941557975769042,10.0,0.0,2.0756719607560634,0.14520263671875,0.0,0.0,0.0,0.0,0.0,0.0,certain_cold,107.30119578043619,107.30119578043619,POINT (554475.4379817597 8635151.404342351),ragna_mariebreen
ragna_mariebreen-20230305-DAT_0068_A1_3,5595.0,6753,102.93024444580078,554474.3937953003,8635147.131457161,209.96226501464844,2021-04-07 16:16:37.200000+00:00,0,2024-04-29,100 MHz,20230305,0.0,102.39414978027344,103.33232116699219,0.6435151593717278,0.7948139511108397,11,2.0756719607560634,0.14518610636393228,2.227380145154945,2.1779818306155034,100.31340638087262,105.413064566393,0.5360946655273438,0.0,0.6776688455316193,0.8941671089172363,10.0,0.0,2.0756719607560634,0.0,0.0,0.0,0.0,0.0,0.0,0.0,certain_cold,107.03202056884766,107.03202056884766,POINT (554474.3937953003 8635147.131457161),ragna_mariebreen
ragna_mariebreen-20230305-DAT_0068_A1_3,5600.0,6759,102.79622650146484,554473.0102140983,8635142.237126682,209.66693420410155,2021-04-07 16:16:38.400000+00:00,0,2024-04-29,100 MHz,20230305,0.0,102.52818298339844,103.19829559326172,0.6001892367098177,0.5960963241577149,11,2.073013669317254,0.14518610636393228,2.161896275571898,2.163028385971765,100.45009138805013,105.27638718861003,0.26804351806640625,0.0,0.6319519869028764,0.5961076354980468,10.0,0.0,2.0756719607560634,0.14518610636393228,0.0,0.0,0.0,0.0,0.0,0.0,certain_cold,106.87070770263671,106.87070770263671,POINT (554473.0102140983 8635142.237126682),ragna_mariebreen
ragna_mariebreen-20230305-DAT_0068_A1_3,5605.0,6765,102.79622650146484,554471.570075577,8635137.377801606,209.3540069580078,2021-04-07 16:16:39.600000+00:00,0,2024-04-29,100 MHz,20230305,0.0,102.39414978027344,103.06427764892578,0.6257632075710415,0.5961189468383788,11,2.073013669317254,0.2903804779052735,2.176479794049184,2.184785135219086,100.30089716887541,105.15753026032381,0.40207672119140625,0.0,0.6579460796175093,0.6954664489746093,10.0,0.0,2.073013669317254,0.14518610636393228,0.0,0.0,0.0,0.0,0.0,0.0,certain_cold,106.55778045654296,106.55778045654296,POINT (554471.570075577 8635137.377801606),ragna_mariebreen
ragna_mariebreen-20230305-DAT_0068_A1_3,5610.0,6771,102.52818298339844,554470.1304795658,8635132.704648862,209.03238220214843,2021-04-07 16:16:40.800000+00:00,0,2024-04-29,100 MHz,20230305,0.0,102.12610626220703,103.06427764892578,0.6833897390459392,0.5961189468383788,11,2.0676971060459732,0.4355831146240235,2.19555500292663,2.2208389197620195,100.0130269991181,105.17735691201472,0.40207672119140625,0.0,0.7188306589330614,0.6954664489746093,10.0,0.0,2.073013669317254,0.2903804779052735,0.0,0.0,0.0,0.0,0.0,0.0,certain_cold,106.50419921874999,106.50419921874999,POINT (554470.1304795658 8635132.704648862),ragna_mariebreen
ragna_mariebreen-20230305-DAT_0068_A1_3,5615.0,6778,102.39414978027344,554468.4152556562,8635127.424973842,208.67886352539062,2021-04-07 16:16:42.200000+00:00,0,2024-04-29,100 MHz,20230305,0.0,101.9920883178711,103.19829559326172,0.7520939129570199,0.9935089553833008,11,2.0650386833398615,0.29038874308268225,2.3099286634495853,2.216834599086312,99.90673214066798,105.28365177046483,0.40206146240234375,0.0,0.7911269327955723,0.8941671089172363,10.0,0.0,2.0676971060459732,0.4355831146240235,0.0,0.0,0.0,0.0,0.0,0.0,certain_cold,106.28471374511719,106.28471374511719,POINT (554468.4152556562 8635127.424973842),ragna_mariebreen
ragna_mariebreen-20230305-DAT_0068_A1_3,5620.0,6784,102.2601318359375,554466.7795390728,8635122.427653015,208.36767578125,2021-04-07 16:16:43.500000+00:00,0,2024-04-29,100 MHz,20230305,0.0,101.8580551147461,103.19829559326172,0.8245932624955522,1.1922265823364258,11,2.062380620846047,0.2903804779052735,2.3998205913816593,2.240019798069401,99.77533222218698,105.28101848582084,0.40207672119140625,0.0,0.8668461324786639,1.0928734245300293,10.0,0.0,2.0650386833398615,0.14520263671875,0.0,0.0,0.0,0.0,0.0,0.0,certain_cold,106.1075439453125,106.1075439453125,POINT (554466.7795390728 8635122.427653015),ragna_mariebreen
ragna_mariebreen-20230305-DAT_0068_A1_3,5625.0,6789,102.12610626220703,554465.3191484573,8635118.18183041,208.09608154296876,2021-04-07 16:16:44.600000+00:00,0,2024-04-29,100 MHz,20230305,0.0,101.59001159667969,103.19829559326172,0.8932267355696489,1.1922265823364258,11,2.059722464826716,0.2903804779052735,2.3975365852662045,2.2637648851408465,99.5099208645095,105.27838632543191,0.5360946655273438,0.0,0.9380589061164312,1.2915740844726562,10.0,0.0,2.0650386833398615,0.14518610636393228,0.0,0.0,0.0,0.0,0.0,0.0,certain_cold,105.96997528076173,105.96997528076173,POINT (554465.3191484573 8635118.18183041),ragna_mariebreen
ragna_mariebreen-20230305-DAT_0068_A1_3,5630.0,6795,101.9920883178711,554463.7693379159,8635113.504348446,207.78204345703125,2021-04-07 16:16:45.800000+00:00,0,2024-04-29,100 MHz,20230305,0.0,101.32197570800781,103.19829559326172,0.9827103019354646,1.3909215866088867,11,2.057064518136504,0.29038874308268225,2.5001005807726795,2.298164396081229,99.2445157074578,105.27575559381174,0.6701126098632812,0.0,1.0323586798512123,1.490274744415283,10.0,0.0,2.062380620846047,0.43556658426920575,0.0,0.0,0.0,0.0,0.0,0.0,certain_cold,105.78995513916016,105.78995513916016,POINT (554463.7693379159 8635113.504348446),ragna_mariebreen
ragna_mariebreen-20230305-DAT_0068_A1_3,5635.0,6802,101.8580551147461,554462.2932648268,8635108.755310906,207.45567321777344,2021-04-07 16:16:47+00:00,0,2024-04-29,100 MHz,20230305,0.0,100.9198989868164,103.06427764892578,1.077355893732139,1.5896279022216795,11,2.0544063270695654,0.29038874308268225,2.6137765486617823,2.337863704447284,98.84507104724825,105.13910558849393,0.9381561279296875,0.0,1.1327451896666665,1.6889754043579102,10.0,0.0,2.057064518136504,0.4355831146240235,0.0,0.0,0.0,0.0,0.0,0.0,certain_cold,105.59761810302734,105.59761810302734,POINT (554462.2932648268 8635108.755310906),ragna_mariebreen
ragna_mariebreen-20230305-DAT_0068_A1_3,5640.0,6808,101.72403717041016,554460.8398790632,8635104.23054705,207.15574645996094,2021-04-07 16:16:48.200000+00:00,0,2024-04-29,100 MHz,20230305,0.0,100.65184783935547,102.93024444580078,1.1448138687812677,1.7883229064941406,11,2.051748497087008,0.43556658426920575,2.756354288280516,2.38955831458131,98.55437551662253,105.02771676853372,1.0721893310546875,0.0,1.2037289437449146,1.7883342178344726,10.0,0.0,2.0544063270695654,0.4355831146240235,0.0,0.0,0.0,0.0,0.0,0.0,uncertain_cold,105.43170928955078,105.43170928955078,POINT (554460.8398790632 8635104.23054705),ragna_mariebreen
ragna_mariebreen-20230305-DAT_0068_A1_3,5645.0,6815,101.45599365234375,554459.2539650999,8635099.067664072,206.807861328125,2021-04-07 16:16:49.600000+00:00,0,2024-04-29,100 MHz,20230305,0.0,100.24977111816406,102.79622650146484,1.2029606523400407,1.7883342178344726,11,2.046432862127113,0.725963592529297,2.8130143745721323,2.482342629040195,98.07838662967019,104.96761098995871,1.2062225341796875,0.0,1.2639044232402077,1.7883285621643066,10.0,0.0,2.0490905744952825,0.5807526906331381,0.0,0.0,0.0,0.0,0.0,0.0,uncertain_cold,105.35186767578125,105.35186767578125,POINT (554459.2539650999 8635099.067664072),ragna_mariebreen
ragna_mariebreen-20230305-DAT_0068_A1_3,5650.0,6822,101.05391693115234,554457.6307109131,8635094.052232875,206.46917724609375,2021-04-07 16:16:51+00:00,0,2024-04-29,100 MHz,20230305,0.0,100.1157455444336,102.66220092773438,1.232861913114858,1.9870179107666015,11,2.0384596269858513,0.5807692209879558,2.905314219943434,2.452052005098481,97.99616762916408,104.78177884300389,0.93817138671875,0.0,1.290471801988338,1.6889754043579102,10.0,0.0,2.0437752089086634,0.5807692209879557,0.0,0.0,0.0,0.0,0.0,0.0,certain_cold,105.4152603149414,105.4152603149414,POINT (554457.6307109131 8635094.052232875),ragna_mariebreen
ragna_mariebreen-20230305-DAT_0068_A1_3,5655.0,6828,100.9198989868164,554456.052493556,8635089.894860405,206.19098510742188,2021-04-07 16:16:52.200000+00:00,0,2024-04-29,100 MHz,20230305,0.0,99.84769439697266,102.39414978027344,1.2519197084432827,1.9870292221069334,11,2.035802152617904,0.4355748494466146,2.8779334571148474,2.4293041823663923,97.76581643367267,104.47602774357343,1.07220458984375,0.0,1.3085936848008697,1.5896392135620117,10.0,0.0,2.0384596269858513,0.5807857513427734,0.0,0.0,0.0,0.0,0.0,0.0,uncertain_cold,105.27108612060547,105.27108612060547,POINT (554456.052493556 8635089.894860405),ragna_mariebreen
ragna_mariebreen-20230305-DAT_0068_A1_3,5660.0,6835,100.65184783935547,554454.2269795208,8635084.610867558,205.8571533203125,2021-04-07 16:16:53.600000+00:00,0,2024-04-29,100 MHz,20230305,0.0,99.71367645263672,101.8580551147461,1.2089208629383386,1.5896279022216795,11,2.030487081808379,0.5807857513427734,2.64331359204223,2.433450129178955,97.60176028991778,103.96997127746504,0.93817138671875,0.0,1.259160098559305,1.490280400085449,10.0,0.0,2.0331444357711783,0.5807692209879558,0.0,0.0,0.0,0.0,0.0,0.0,certain_cold,105.20530548095704,105.20530548095704,POINT (554454.2269795208 8635084.610867558),ragna_mariebreen
ragna_mariebreen-20230305-DAT_0068_A1_3,5665.0,6841,100.3837890625,554452.6141305899,8635079.930920597,205.55875244140626,2021-04-07 16:16:54.800000+00:00,0,2024-04-29,100 MHz,20230305,0.0,99.57965087890625,101.59001159667969,1.1791047963025887,1.5896279022216795,11,2.0251721019749893,0.7259635925292969,2.6749321576102707,2.4532903009957074,97.42829196410476,103.74137051148118,0.80413818359375,0.0,1.2286731352279454,1.1922152709960936,10.0,0.0,2.0278296371267266,0.4355831146240235,0.0,0.0,0.0,0.0,0.0,0.0,certain_cold,105.17496337890626,105.17496337890626,POINT (554452.6141305899 8635079.930920597),ragna_mariebreen
ragna_mariebreen-20230305-DAT_0068_A1_3,5670.0,6847,99.98172760009766,554450.9968824164,8635075.362492679,205.2460479736328,2021-04-07 16:16:56+00:00,0,2024-04-29,100 MHz,20230305,0.0,99.44563293457031,101.18794250488281,1.128292714205421,1.1922378936767577,11,2.017200620057423,0.8711496988932292,2.4998862643249606,2.4700292687275693,97.24836186812406,103.38521357132906,0.5360946655273438,0.0,1.177665535764025,1.0928734245300293,10.0,0.0,2.0251721019749893,0.29038874308268225,0.0,0.0,0.0,0.0,0.0,0.0,certain_cold,105.26432037353516,105.26432037353516,POINT (554450.9968824164 8635075.362492679),ragna_mariebreen
ragna_mariebreen-20230305-DAT_0068_A1_3,5675.0,6853,99.57965087890625,554449.2822628834,8635070.864695804,204.90863342285155,2021-04-07 16:16:57.200000+00:00,0,2024-04-29,100 MHz,20230305,0.0,99.0435562133789,100.7858657836914,1.1140178667929101,1.1922265823364258,11,2.0092293914996224,0.8711579640706381,2.4934560693261143,2.4570215207774364,96.85359755029194,102.97582444677838,0.5360946655273438,0.0,1.1585281991866765,0.9935315780639647,10.0,0.0,2.02251493040168,0.43556658426920575,0.0,0.0,0.0,0.0,0.0,0.0,certain_cold,105.3289825439453,105.3289825439453,POINT (554449.2822628834 8635070.864695804),ragna_mariebreen
ragna_mariebreen-20230305-DAT_0068_A1_3,5680.0,6860,99.17758178710938,554447.2453320799,8635065.944693562,204.50847778320312,2021-04-07 16:16:58.600000+00:00,0,2024-04-29,100 MHz,20230305,0.0,98.5074691772461,100.3837890625,1.1258265805735248,1.1922265823364258,11,2.001258876721227,0.8711414337158203,2.487032109326608,2.455892908641954,96.32482754628788,102.56643069345822,0.6701126098632812,0.0,1.1773236089047914,0.9935259223937988,10.0,0.0,2.017200620057423,0.725963592529297,0.0,0.0,0.0,0.0,0.0,0.0,certain_cold,105.33089599609374,105.33089599609374,POINT (554447.2453320799 8635065.944693562),ragna_mariebreen
ragna_mariebreen-20230305-DAT_0068_A1_3,5685.0,6866,98.77552032470703,554445.4988624013,8635061.855175698,204.180126953125,2021-04-07 16:16:59.800000+00:00,0,2024-04-29,100 MHz,20230305,0.0,98.23942565917969,99.98172760009766,1.136939203644846,1.1922039596557616,11,1.9932890824380305,0.725955327351888,2.4334261412453246,2.4068326190788194,96.11805522866143,102.10309803061591,0.5360946655273438,0.0,1.185011144698751,1.3909215866088867,10.0,0.0,2.0092293914996224,0.8711579640706381,0.0,0.0,0.0,0.0,0.0,0.0,certain_cold,105.40460662841798,105.40460662841798,POINT (554445.4988624013 8635061.855175698),ragna_mariebreen
ragna_mariebreen-20230305-DAT_0068_A1_3,5690.0,6873,98.5074691772461,554443.3552125074,8635057.042671245,203.80503845214844,2021-04-07 16:17:01.200000+00:00,0,2024-04-29,100 MHz,20230305,0.0,97.70333099365234,99.57965087890625,1.2151151012308599,1.3909102752685547,11,1.987976004252173,0.7259718577067058,2.532531367132934,2.4404074333815333,95.5869464039181,101.69603546864049,0.80413818359375,0.0,1.2731074056053582,1.6889754043579102,10.0,0.0,2.001258876721227,0.725955327351888,0.0,0.0,0.0,0.0,0.0,0.0,certain_cold,105.29756927490234,105.29756927490234,POINT (554443.3552125074 8635057.042671245),ragna_mariebreen
ragna_mariebreen-20230305-DAT_0068_A1_3,5695.0,6879,98.10539245605469,554441.636154751,8635052.656399915,203.45936584472656,2021-04-07 16:17:02.400000+00:00,0,2024-04-29,100 MHz,20230305,0.0,97.30125427246094,99.31159973144531,1.2200772877952173,1.5896279022216795,11,1.9800068715998447,0.725963592529297,2.6409027276259804,2.4363987640479503,95.19235637325845,101.4204976306478,0.80413818359375,0.0,1.2753001877806724,1.5896279022216795,10.0,0.0,1.9959455664516783,0.725955327351888,0.0,0.0,0.0,0.0,0.0,0.0,certain_cold,105.35397338867188,105.35397338867188,POINT (554441.636154751 8635052.656399915),ragna_mariebreen
ragna_mariebreen-20230305-DAT_0068_A1_3,5700.0,6885,97.83734893798828,554440.1161903304,8635048.01735515,203.0988037109375,2021-04-07 16:17:03.600000+00:00,0,2024-04-29,100 MHz,20230305,0.0,97.033203125,98.90953826904297,1.1520660038212942,1.5896165908813475,11,1.9746945938259592,0.725955327351888,2.6369131161646746,2.3986842129294184,94.9292948864601,101.01344650758287,0.8041458129882812,0.0,1.2067103526216634,1.5896222465515135,10.0,0.0,1.987976004252173,0.8711579640706381,0.0,0.0,0.0,0.0,0.0,0.0,certain_cold,105.26145477294921,105.26145477294921,POINT (554440.1161903304 8635048.01735515),ragna_mariebreen
ragna_mariebreen-20230305-DAT_0068_A1_3,5705.0,6892,97.4352798461914,554438.6476055516,8635042.672969185,202.71441650390625,2021-04-07 16:17:05+00:00,0,2024-04-29,100 MHz,20230305,0.0,96.49710845947266,98.5074691772461,1.1313270082329285,1.3909215866088867,11,1.9667265960174163,0.8711579640706381,2.5615605715931324,2.430397190050059,94.34607854293361,100.65849909378514,0.93817138671875,0.0,1.1861084959939219,1.3909215866088867,10.0,0.0,1.9800068715998447,0.725963592529297,0.0,0.0,0.0,0.0,0.0,0.0,certain_cold,105.27913665771484,105.27913665771484,POINT (554438.6476055516 8635042.672969185),ragna_mariebreen
ragna_mariebreen-20230305-DAT_0068_A1_3,5710.0,6898,97.033203125,554437.7231276066,8635037.722283712,202.38062744140626,2021-04-07 16:17:06.200000+00:00,0,2024-04-29,100 MHz,20230305,0.0,96.09503173828125,98.23942565917969,1.100304692019579,1.1922265823364258,11,1.9587590468148457,0.725963592529297,2.4052368625120146,2.36102320116456,94.00607024003456,100.32838715742638,0.93817138671875,0.0,1.1512735068765934,1.1922209266662598,10.0,0.0,1.9746945938259592,0.725955327351888,0.0,0.0,0.0,0.0,0.0,0.0,certain_cold,105.34742431640626,105.34742431640626,POINT (554437.7231276066 8635037.722283712),ragna_mariebreen
ragna_mariebreen-20230305-DAT_0068_A1_3,5715.0,6904,96.7651596069336,554436.963675053,8635033.051108392,202.04839070638022,2021-04-07 16:17:07.333333248+00:00,0,2024-04-29,100 MHz,20230305,0.0,95.82698822021484,97.83734893798828,1.0769027084432745,0.9935202667236328,11,1.953447835367541,0.725963592529297,2.3086931592506557,2.3457836700413437,93.7430060746147,99.92133108358843,0.93817138671875,0.0,1.1305425207108695,1.0928621131896972,10.0,0.0,1.9667265960174163,0.8711579640706381,0.0,0.0,0.0,0.0,0.0,0.0,certain_cold,105.28323109944662,105.28323109944662,POINT (554436.963675053 8635033.051108392),ragna_mariebreen
ragna_mariebreen-20230305-DAT_0068_A1_3,5720.0,6911,96.36308288574219,554436.1731958368,8635027.83267809,201.66703186035156,2021-04-07 16:17:08.600000+00:00,0,2024-04-29,100 MHz,20230305,0.0,95.42491912841797,97.56929779052734,1.068528314659273,0.9935202667236328,11,1.945481302222606,0.7259718577067058,2.301958982230242,2.3353126974151617,93.34839977250532,99.64581714644,0.9381637573242188,0.0,1.1216787465032254,0.9935146110534667,10.0,0.0,1.9587590468148457,0.725963592529297,0.0,0.0,0.0,0.0,0.0,0.0,certain_cold,105.30394897460937,105.30394897460937,POINT (554436.1731958368 8635027.83267809),ragna_mariebreen
ragna_mariebreen-20230305-DAT_0068_A1_3,5725.0,6917,96.09503173828125,554435.3431318786,8635022.88570862,201.2846893310547,2021-04-07 16:17:09.800000+00:00,0,2024-04-29,100 MHz,20230305,0.0,95.15687561035156,97.16722106933594,1.0793250940303893,0.9935315780639647,11,1.9401706239175234,0.5807692209879558,2.255805828206351,2.2948850944139183,93.13164600905706,99.19245067063044,0.9381561279296875,0.0,1.1351219289184573,0.9935259223937988,10.0,0.0,1.953447835367541,0.725963592529297,0.0,0.0,0.0,0.0,0.0,0.0,certain_cold,105.18965759277344,105.18965759277344,POINT (554435.3431318786 8635022.88570862),ragna_mariebreen
ragna_mariebreen-20230305-DAT_0068_A1_3,5730.0,6922,95.82698822021484,554434.4652830523,8635017.750712717,200.88633728027344,2021-04-07 16:17:11+00:00,0,2024-04-29,100 MHz,20230305,0.0,94.88882446289062,96.7651596069336,1.0273912531520706,0.9935202667236328,11,1.9348603744308988,0.5807692209879558,2.2512352335951995,2.2663870683630405,92.8686815083971,98.78530256142712,0.9381637573242188,0.0,1.0815488068407162,1.0928734245300293,10.0,0.0,1.945481302222606,0.8711579640706381,0.0,0.0,0.0,0.0,0.0,0.0,certain_cold,105.0593490600586,105.0593490600586,POINT (554434.4652830523 8635017.750712717),ragna_mariebreen
ragna_mariebreen-20230305-DAT_0068_A1_3,5735.0,6928,95.5589370727539,554433.531994281,8635013.023063669,200.50417785644532,2021-04-07 16:17:12.200000+00:00,0,2024-04-29,100 MHz,20230305,0.0,94.62078094482422,96.09503173828125,0.9367702063823826,0.9935089553833008,11,1.9295502537611753,0.5807692209879558,2.2466680026794323,2.222160095358223,92.60572336007961,98.11008932302586,0.9381561279296875,0.0,0.9872954623964398,0.9935202667236328,10.0,0.0,1.9375155398976043,1.0163440704345705,0.0,0.0,0.0,0.0,0.0,0.0,certain_cold,104.94524078369142,104.94524078369142,POINT (554433.531994281 8635013.023063669),ragna_mariebreen
ragna_mariebreen-20230305-DAT_0068_A1_3,5740.0,6934,95.2908935546875,554432.3527129929,8635008.136822116,200.10124816894532,2021-04-07 16:17:13.400000+00:00,0,2024-04-29,100 MHz,20230305,0.0,94.35272979736328,95.82698822021484,0.8906633229366453,0.9935202667236328,11,1.9242405665041762,0.5807692209879558,2.2421144409279976,2.1984712417158923,92.34275600503979,97.83696201253834,0.9381637573242188,0.0,0.9388029295676911,1.0928677688598631,10.0,0.0,1.9268954502686553,1.0163523356119792,0.0,0.0,0.0,0.0,0.0,0.0,certain_cold,104.81035461425782,104.81035461425782,POINT (554432.3527129929 8635008.136822116),ragna_mariebreen
ragna_mariebreen-20230305-DAT_0068_A1_3,5745.0,6939,95.02284240722656,554431.2065822339,8635003.810330827,199.7492706298828,2021-04-07 16:17:14.400000+00:00,0,2024-04-29,100 MHz,20230305,0.0,94.08468627929688,95.5589370727539,0.854735845855174,0.9935089553833008,11,1.918931012741064,0.725955327351888,2.279554213743742,2.2225842470331227,92.03302661722569,97.6105967348251,0.9381561279296875,0.0,0.8983891764245017,0.9935202667236328,10.0,0.0,1.918931012741064,0.8711496988932292,0.0,0.0,0.0,0.0,0.0,0.0,certain_cold,104.72642822265624,104.72642822265624,POINT (554431.2065822339 8635003.810330827),ragna_mariebreen
ragna_mariebreen-20230305-DAT_0068_A1_3,5750.0,6945,94.62078094482422,554429.864940447,8634998.84324665,199.3496520996094,2021-04-07 16:17:15.600000+00:00,0,2024-04-29,100 MHz,20230305,0.0,93.68260955810547,95.2908935546875,0.9012361145711305,0.7948139511108397,11,1.9109675231786027,0.5807692209879557,2.1496090294680905,2.191190611721762,91.68533897986867,97.2881641329243,0.93817138671875,0.0,0.9465326156737521,0.7948139511108397,10.0,0.0,1.9109675231786027,0.5807692209879557,0.0,0.0,0.0,0.0,0.0,0.0,certain_cold,104.72887115478517,104.72887115478517,POINT (554429.864940447 8634998.84324665),ragna_mariebreen
ragna_mariebreen-20230305-DAT_0068_A1_3,5755.0,6951,94.48674774169922,554428.6226721428,8634993.954532627,198.95565185546874,2021-04-07 16:17:16.800000+00:00,0,2024-04-29,100 MHz,20230305,0.0,93.2805404663086,95.15687561035156,0.957803854297644,0.7948139511108397,11,1.9083129197071957,0.4355748494466146,2.1126080719982747,2.1791677017382725,91.32314841334836,97.1142676633118,1.206207275390625,0.0,1.0070136423799987,0.7948196067810058,10.0,0.0,1.9083129197071957,0.4355748494466146,0.0,0.0,0.0,0.0,0.0,0.0,uncertain_cold,104.46890411376953,104.46890411376953,POINT (554428.6226721428 8634993.954532627),ragna_mariebreen
ragna_mariebreen-20230305-DAT_0068_A1_3,5760.0,6957,94.21871185302734,554427.4384070308,8634988.993640898,198.52609252929688,2021-04-07 16:17:18+00:00,0,2024-04-29,100 MHz,20230305,0.0,93.01248168945312,94.75479888916016,0.9735318718788943,1.1922039596557616,11,1.9030045363313028,0.5807526906331381,2.3194935297159214,2.2150540080411516,91.02283349115898,96.7444470874543,1.2062301635742188,0.0,1.0254762953841126,1.0928677688598631,10.0,0.0,1.9030045363313028,0.5807526906331381,0.0,0.0,0.0,0.0,0.0,0.0,uncertain_cold,104.30738067626953,104.30738067626953,POINT (554427.4384070308 8634988.993640898),ragna_mariebreen
ragna_mariebreen-20230305-DAT_0068_A1_3,5765.0,6964,93.95066833496094,554426.2949421249,8634983.997125423,198.08163452148438,2021-04-07 16:17:19.200000+00:00,0,2024-04-29,100 MHz,20230305,0.0,92.61042022705078,94.21871185302734,1.001639418048701,1.1922039596557616,11,1.8976962961007044,0.5807774861653646,2.3151466480743226,2.2230238965111986,90.62584124886148,96.20329083121665,1.3402481079101562,0.0,1.053885446266038,0.9935032997131347,10.0,0.0,1.8976962961007044,0.4355831146240235,0.0,0.0,0.0,0.0,0.0,0.0,uncertain_cold,104.13096618652344,104.13096618652344,POINT (554426.2949421249 8634983.997125423),ragna_mariebreen
ragna_mariebreen-20230305-DAT_0068_A1_3,5770.0,6969,93.68260955810547,554425.3061655347,8634979.67682909,197.7134033203125,2021-04-07 16:17:20.200000+00:00,0,2024-04-29,100 MHz,20230305,0.0,92.34236907958984,93.95066833496094,0.9995176884175432,0.9935089553833008,11,1.8923880504395958,0.5807857513427734,2.2148373906082095,2.217539228935739,90.362862923396,95.93017449115479,1.340240478515625,0.0,1.0518951603546236,0.9935089553833008,10.0,0.0,1.8950420604788734,0.4355831146240235,0.0,0.0,0.0,0.0,0.0,0.0,uncertain_cold,104.03079376220703,104.03079376220703,POINT (554425.3061655347 8634979.67682909),ragna_mariebreen
ragna_mariebreen-20230305-DAT_0068_A1_3,5775.0,6975,93.41455841064453,554424.2300279706,8634974.571274932,197.29550170898438,2021-04-07 16:17:21.400000+00:00,0,2024-04-29,100 MHz,20230305,0.0,91.9403076171875,93.54859161376953,1.0264374300781482,0.7948139511108397,11,1.8870802551090102,0.5807692209879558,2.1284017464167024,2.2252951658453486,89.96587990838952,95.5230193225675,1.4742507934570312,0.0,1.081549132490762,0.7948139511108397,10.0,0.0,1.8897342662840013,0.725963592529297,0.0,0.0,0.0,0.0,0.0,0.0,uncertain_cold,103.88094329833984,103.88094329833984,POINT (554424.2300279706 8634974.571274932),ragna_mariebreen
ragna_mariebreen-20230305-DAT_0068_A1_3,5780.0,6981,93.14651489257812,554423.1524195351,8634969.502893647,196.90452575683594,2021-04-07 16:17:22.600000+00:00,0,2024-04-29,100 MHz,20230305,0.0,91.67225646972656,93.41455841064453,1.0398716052624506,0.9935202667236328,11,1.8817729126154705,0.5807692209879558,2.2057753065738286,2.2270373005702835,89.70290069112782,95.38391418924327,1.4742584228515625,0.0,1.0951191764373196,0.8941671089172363,10.0,0.0,1.8817729126154705,0.5807857513427735,0.0,0.0,0.0,0.0,0.0,0.0,uncertain_cold,103.75801086425781,103.75801086425781,POINT (554423.1524195351 8634969.502893647),ragna_mariebreen
ragna_mariebreen-20230305-DAT_0068_A1_3,5785.0,6986,92.87846374511719,554422.0298861358,8634964.674739873,196.52792739868164,2021-04-07 16:17:23.750000128+00:00,0,2024-04-29,100 MHz,20230305,0.0,91.40421295166016,93.14651489257812,1.031198777659588,0.7948365737915039,11,1.876465723390976,0.7259718577067058,2.163313183124432,2.2608692284804914,89.39220928634457,95.15851855789371,1.4742507934570312,0.0,1.0859686968900761,0.7948365737915039,10.0,0.0,1.8791191287441944,0.4355831146240235,0.0,0.0,0.0,0.0,0.0,0.0,uncertain_cold,103.64946365356445,103.64946365356445,POINT (554422.0298861358 8634964.674739873),ragna_mariebreen
ragna_mariebreen-20230305-DAT_0068_A1_3,5790.0,6991,92.47638702392578,554420.776138159,8634960.1764955,196.14487915039064,2021-04-07 16:17:24.800000+00:00,0,2024-04-29,100 MHz,20230305,0.0,91.13616180419922,93.01248168945312,1.0265953151892975,0.5961189468383788,11,1.8685055158600852,0.725963592529297,2.0913378013265347,2.252162059365671,89.13158304533799,95.01706044831435,1.3402252197265625,0.0,1.0819168755647985,0.5961189468383788,10.0,0.0,1.8738122437134594,0.725955327351888,0.0,0.0,0.0,0.0,0.0,0.0,uncertain_cold,103.66849212646486,103.66849212646486,POINT (554420.776138159 8634960.1764955),ragna_mariebreen
ragna_mariebreen-20230305-DAT_0068_A1_3,5795.0,6997,92.20834350585938,554419.1598516752,8634954.975248057,195.69464111328125,2021-04-07 16:17:26+00:00,0,2024-04-29,100 MHz,20230305,0.0,90.86811828613281,92.61042022705078,1.0566945132639134,0.7948139511108397,11,1.8631992499026568,0.725955327351888,2.1518019888058553,2.2616644040419587,88.8684876747077,94.6100508384759,1.3402252197265625,0.0,1.1131938743081842,0.6954664489746093,10.0,0.0,1.8658524193763224,0.725955327351888,0.0,0.0,0.0,0.0,0.0,0.0,uncertain_cold,103.48629760742188,103.48629760742188,POINT (554419.1598516752 8634954.975248057),ragna_mariebreen
ragna_mariebreen-20230305-DAT_0068_A1_3,5800.0,7002,91.8062744140625,554417.7932599903,8634950.640104063,195.32763671875,2021-04-07 16:17:27+00:00,0,2024-04-29,100 MHz,20230305,0.0,90.60006713867188,92.20834350585938,1.029137078815092,0.5960963241577149,11,1.8552403641350785,0.725955327351888,2.079485218437723,2.2423316153099897,88.60785029655186,94.20056034797939,1.206207275390625,0.0,1.0833915493954893,0.6954551376342774,10.0,0.0,1.8605463098358404,0.725955327351888,0.0,0.0,0.0,0.0,0.0,0.0,uncertain_cold,103.5213623046875,103.5213623046875,POINT (554417.7932599903 8634950.640104063),ragna_mariebreen
ragna_mariebreen-20230305-DAT_0068_A1_3,5805.0,7008,91.5382308959961,554416.2034820066,8634945.799790805,194.8926569620768,2021-04-07 16:17:28.166666752+00:00,0,2024-04-29,100 MHz,20230305,0.0,90.33202362060547,91.8062744140625,1.047379877944055,0.7948026397705078,11,1.8499348870237238,0.725955327351888,2.1403227466258987,2.2463915135746415,88.34474653284492,93.79355150182305,1.206207275390625,0.0,1.1019297176369875,0.6954551376342774,10.0,0.0,1.852587661218904,1.0163440704345705,0.0,0.0,0.0,0.0,0.0,0.0,uncertain_cold,103.35442606608072,103.35442606608072,POINT (554416.2034820066 8634945.799790805),ragna_mariebreen
ragna_mariebreen-20230305-DAT_0068_A1_3,5810.0,7015,91.13616180419922,554414.6690065137,8634940.688637141,194.4133331298828,2021-04-07 16:17:29.400000+00:00,0,2024-04-29,100 MHz,20230305,0.0,90.06397247314453,91.40421295166016,1.0744717990701338,0.9935089553833008,11,1.841977197296555,0.8711579640706381,2.26690454985449,2.3035376794663422,88.02637678368006,93.44180864112462,1.0721893310546875,0.0,1.1302754565208248,0.7948026397705078,10.0,0.0,1.841977197296555,1.0163523356119792,0.0,0.0,0.0,0.0,0.0,0.0,uncertain_cold,103.27717132568358,103.27717132568358,POINT (554414.6690065137 8634940.688637141),ragna_mariebreen
ragna_mariebreen-20230305-DAT_0068_A1_3,5815.0,7021,90.73408508300781,554413.3508375317,8634935.722497309,193.93518981933593,2021-04-07 16:17:30.600000+00:00,0,2024-04-29,100 MHz,20230305,0.0,89.79591369628906,91.00213623046875,1.0843104645477548,0.7948139511108397,11,1.8340200866784966,0.8711496988932292,2.180426722708743,2.301795095083342,87.76551189461976,93.03253803213805,0.93817138671875,0.0,1.1375851850802845,0.7948252624511718,10.0,0.0,1.8340200866784966,0.8711496988932292,0.0,0.0,0.0,0.0,0.0,0.0,uncertain_cold,103.20110473632812,103.20110473632812,POINT (554413.3508375317 8634935.722497309),ragna_mariebreen
ragna_mariebreen-20230305-DAT_0068_A1_3,5820.0,7027,90.33202362060547,554412.1113601191,8634930.759453595,193.4843719482422,2021-04-07 16:17:31.800000+00:00,0,2024-04-29,100 MHz,20230305,0.0,89.52787017822266,90.73408508300781,1.1181138000079869,0.7948139511108397,11,1.8260640176503806,0.725955327351888,2.1197287917911716,2.260906765799142,87.56279487842673,92.69916038280374,0.8041534423828125,0.0,1.174864066998443,0.7948082954406738,10.0,0.0,1.8260640176503806,0.725955327351888,0.0,0.0,0.0,0.0,0.0,0.0,certain_cold,103.15234832763673,103.15234832763673,POINT (554412.1113601191 8634930.759453595),ragna_mariebreen
ragna_mariebreen-20230305-DAT_0068_A1_3,5825.0,7032,90.06397247314453,554410.9656472087,8634926.619149575,193.09629821777344,2021-04-07 16:17:32.800000+00:00,0,2024-04-29,100 MHz,20230305,0.0,89.25981903076172,90.33202362060547,1.1411009145929774,0.7948139511108397,11,1.820760186036957,0.7259718577067058,2.115167135268484,2.2681080420748017,87.29966526300791,92.29217738835928,0.8041534423828125,0.0,1.1988296061571355,0.7948026397705078,10.0,0.0,1.820760186036957,0.7259718577067058,0.0,0.0,0.0,0.0,0.0,0.0,certain_cold,103.0323257446289,103.0323257446289,POINT (554410.9656472087 8634926.619149575),ragna_mariebreen
ragna_mariebreen-20230305-DAT_0068_A1_3,5830.0,7038,89.66189575195312,554409.4276444798,8634921.830521291,192.63250732421875,2021-04-07 16:17:34+00:00,0,2024-04-29,100 MHz,20230305,0.0,88.99177551269531,90.06397247314453,1.1470948284979874,0.5961189468383788,11,1.8128050694803464,0.871166229248047,2.097748940577876,2.3153875192897475,86.9805090413107,92.07523894452915,0.6701202392578125,0.0,1.2028177336593033,0.7948252624511718,10.0,0.0,1.8128050694803464,0.871166229248047,0.0,0.0,0.0,0.0,0.0,0.0,certain_cold,102.97061157226562,102.97061157226562,POINT (554409.4276444798 8634921.830521291),ragna_mariebreen
ragna_mariebreen-20230305-DAT_0068_A1_3,5835.0,7045,89.25981903076172,554407.4393283561,8634916.465749655,192.10889892578126,2021-04-07 16:17:35.400000+00:00,0,2024-04-29,100 MHz,20230305,0.0,88.72372436523438,89.66189575195312,1.1137220868398192,0.3974126312255859,11,1.8048507188578597,0.725963592529297,1.9855593807532979,2.241625780935484,86.7783428460871,91.6072772711004,0.5360946655273438,0.0,1.16744921342889,0.6954664489746093,10.0,0.0,1.8048507188578597,0.725963592529297,0.0,0.0,0.0,0.0,0.0,0.0,certain_cold,102.84907989501954,102.84907989501954,POINT (554407.4393283561 8634916.465749655),ragna_mariebreen
ragna_mariebreen-20230305-DAT_0068_A1_3,5840.0,7050,88.99177551269531,554405.9085052296,8634912.496461261,191.72913818359376,2021-04-07 16:17:36.400000+00:00,0,2024-04-29,100 MHz,20230305,0.0,88.45568084716797,89.39385223388672,1.1520642771261047,0.3974126312255859,11,1.7995483998939243,0.5807692209879558,1.9322536404585666,2.21425369599733,86.5647373441495,91.28479573690518,0.5360946655273438,0.0,1.2067086578969042,0.5961132911682129,10.0,0.0,1.7995483998939243,0.5807692209879558,0.0,0.0,0.0,0.0,0.0,0.0,certain_cold,102.73736267089845,102.73736267089845,POINT (554405.9085052296 8634912.496461261),ragna_mariebreen
ragna_mariebreen-20230305-DAT_0068_A1_3,5845.0,7056,88.72372436523438,554403.778129318,8634907.135418806,191.2608299255371,2021-04-07 16:17:37.750000128+00:00,0,2024-04-29,100 MHz,20230305,0.0,88.18762969970703,88.99177551269531,1.124955700939359,0.3974126312255859,11,1.7942462779939754,0.5807692209879558,1.927316630343814,2.1959366847015773,86.30173134768957,90.87767386471278,0.5360946655273438,0.0,1.1793557649147501,0.5961076354980468,10.0,0.0,1.7942462779939754,0.5807692209879558,0.0,0.0,0.0,0.0,0.0,0.0,certain_cold,102.53710556030273,102.53710556030273,POINT (554403.778129318 8634907.135418806),ragna_mariebreen
ragna_mariebreen-20230305-DAT_0068_A1_3,5850.0,7061,88.45568084716797,554402.252927917,8634902.821981654,190.8869140625,2021-04-07 16:17:38.800000+00:00,0,2024-04-29,100 MHz,20230305,0.0,87.91958618164062,88.72372436523438,1.1495111055268135,0.3974126312255859,11,1.7889446580748145,0.5807692209879558,1.9223820320526863,2.2043120603559854,86.03873108948137,90.60457945739363,0.5360946655273438,0.0,1.204474638811172,0.4967657890319824,10.0,0.0,1.7889446580748145,0.5807692209879558,0.0,0.0,0.0,0.0,0.0,0.0,certain_cold,102.43123321533204,102.43123321533204,POINT (554402.252927917 8634902.821981654),ragna_mariebreen
ragna_mariebreen-20230305-DAT_0068_A1_3,5855.0,7068,88.18762969970703,554400.6035462153,8634897.656691795,190.41067504882812,2021-04-07 16:17:40+00:00,0,2024-04-29,100 MHz,20230305,0.0,87.65153503417969,88.32166290283203,1.1337769881420556,0.3974126312255859,11,1.7836432414642396,0.725955327351888,1.9662988454426988,2.2346911663521016,85.72581585679903,90.24738208021269,0.5360946655273438,0.0,1.1877888247083226,0.4967544776916504,10.0,0.0,1.7836432414642396,0.5807692209879558,0.0,0.0,0.0,0.0,0.0,0.0,certain_cold,102.2230453491211,102.2230453491211,POINT (554400.6035462153 8634897.656691795),ragna_mariebreen
ragna_mariebreen-20230305-DAT_0068_A1_3,5860.0,7073,87.78556823730469,554399.3621877874,8634893.140344582,189.93878173828125,2021-04-07 16:17:41+00:00,0,2024-04-29,100 MHz,20230305,0.0,87.38349151611328,87.91958618164062,1.142526842027365,0.19870631561279295,11,1.7756920893833454,1.0163358052571614,2.0556033336251245,2.343371172072264,85.33751476518323,89.96556293257068,0.40207672119140625,0.0,1.198824962403719,0.3974069755554199,10.0,0.0,1.7783423331126023,0.725955327351888,0.0,0.0,0.0,0.0,0.0,0.0,certain_cold,102.15321350097656,102.15321350097656,POINT (554399.3621877874 8634893.140344582),ragna_mariebreen
ragna_mariebreen-20230305-DAT_0068_A1_3,5865.0,7079,87.24947357177734,554398.1549866276,8634887.955207005,189.43018798828126,2021-04-07 16:17:42.200000+00:00,0,2024-04-29,100 MHz,20230305,0.0,87.1154556274414,87.51751708984375,1.1249576758237623,0.3974013198852539,11,1.7650915713981836,1.0163440704345705,2.0751942882474794,2.326807533364808,85.07866807717299,89.55430464011216,0.1340179443359375,0.0,1.1840868737713275,0.3973956642150879,10.0,0.0,1.7703915722315322,0.8711414337158203,0.0,0.0,0.0,0.0,0.0,0.0,certain_cold,102.18071441650392,102.18071441650392,POINT (554398.1549866276 8634887.955207005),ragna_mariebreen
ragna_mariebreen-20230305-DAT_0068_A1_3,5870.0,7084,86.84740447998047,554397.178850042,8634883.709893916,189.04556579589843,2021-04-07 16:17:43.200000+00:00,0,2024-04-29,100 MHz,20230305,0.0,86.84740447998047,87.24947357177734,1.1321927982510678,0.3974126312255859,11,1.7571421871788668,0.8711579640706381,2.001100113383904,2.264580622706777,84.88616383581478,89.21071421594303,0.0,0.0,1.1928200850026065,0.3974013198852539,10.0,0.0,1.7624417844770606,1.0163358052571614,0.0,0.0,0.0,0.0,0.0,0.0,certain_cold,102.19816131591796,102.19816131591796,POINT (554397.178850042 8634883.709893916),ragna_mariebreen
ragna_mariebreen-20230305-DAT_0068_A1_3,5875.0,7091,86.44532775878906,554395.9051780177,8634878.410458162,188.5829864501953,2021-04-07 16:17:44.600000+00:00,0,2024-04-29,100 MHz,20230305,0.0,86.3113021850586,86.71337890625,1.116216388169089,0.3974013198852539,11,1.7491934931647173,0.871166229248047,1.9941254435362357,2.250454954165778,84.35717617184653,88.66750491946206,0.0,0.0,1.1765645490801007,0.29806512908935545,10.0,0.0,1.7518431145023698,0.871166229248047,0.0,0.0,0.0,0.0,0.0,0.0,certain_cold,102.13765869140624,102.13765869140624,POINT (554395.9051780177 8634878.410458162),ragna_mariebreen
ragna_mariebreen-20230305-DAT_0068_A1_3,5880.0,7097,86.04325103759766,554394.8497537331,8634873.97588301,188.18614807128907,2021-04-07 16:17:45.800000+00:00,0,2024-04-29,100 MHz,20230305,0.0,85.90923309326172,86.3113021850586,1.105336507427103,0.39742394256591795,11,1.7412456517239663,1.0163440704345705,2.0549543740141214,2.299273903606588,83.89307543842538,88.32745983989493,0.1340179443359375,0.0,1.1650569017302241,0.3974182868957519,10.0,0.0,1.7465441173792893,0.8711579640706381,0.0,0.0,0.0,0.0,0.0,0.0,certain_cold,102.14289703369141,102.14289703369141,POINT (554394.8497537331 8634873.97588301),ragna_mariebreen
ragna_mariebreen-20230305-DAT_0068_A1_3,5885.0,7104,85.50716400146484,554393.3763754106,8634868.743062185,187.64674682617186,2021-04-07 16:17:47.200000+00:00,0,2024-04-29,100 MHz,20230305,0.0,85.37313842773438,85.90923309326172,1.1146055133541408,0.3974126312255859,11,1.7306501778896166,1.0163440704345705,2.0459819420499574,2.295746231214661,83.36612439994661,87.91624712104948,0.13402557373046875,0.0,1.1742717512095586,0.4967601333618164,10.0,0.0,1.7359478717800838,1.0163440704345705,0.0,0.0,0.0,0.0,0.0,0.0,certain_cold,102.13958282470702,102.13958282470702,POINT (554393.3763754106 8634868.743062185),ragna_mariebreen
ragna_mariebreen-20230305-DAT_0068_A1_3,5890.0,7110,85.10508728027344,554392.066152274,8634864.372936059,187.17772216796874,2021-04-07 16:17:48.400000+00:00,0,2024-04-29,100 MHz,20230305,0.0,84.97106170654297,85.50716400146484,1.1262623249699055,0.3974126312255859,11,1.7227043717345074,0.8711579640706381,1.9709295650059457,2.2349705535875635,83.04061446542062,87.4376112425872,0.13402557373046875,0.0,1.186695593037833,0.4967657890319824,10.0,0.0,1.7280014774300507,1.0163523356119792,0.0,0.0,0.0,0.0,0.0,0.0,certain_cold,102.0726348876953,102.0726348876953,POINT (554392.066152274 8634864.372936059),ragna_mariebreen
ragna_mariebreen-20230305-DAT_0068_A1_3,5895.0,7117,84.70301818847656,554390.6084631443,8634859.475802226,186.6570587158203,2021-04-07 16:17:49.666666752+00:00,0,2024-04-29,100 MHz,20230305,0.0,84.43496704101562,84.97106170654297,1.1463821826395526,0.5961189468383788,11,1.714759608835873,0.8711496988932292,2.0136186612058444,2.2390833889451605,82.51160999824465,86.89441874931394,0.2680511474609375,0.0,1.2071235128353017,0.6954664489746093,10.0,0.0,1.7174078134573199,1.0163523356119792,0.0,0.0,0.0,0.0,0.0,0.0,certain_cold,101.95404052734375,101.95404052734375,POINT (554390.6084631443 8634859.475802226),ragna_mariebreen
ragna_mariebreen-20230305-DAT_0068_A1_3,5900.0,7123,84.30094909667969,554389.0362481253,8634854.015724929,186.06192016601562,2021-04-07 16:17:51+00:00,0,2024-04-29,100 MHz,20230305,0.0,84.16692352294922,84.43496704101562,1.1520657133471293,0.3974013198852539,11,1.7068157508765822,0.725955327351888,1.8968813757843477,2.1834574767146275,82.31213751244802,86.28975305151683,0.13402557373046875,0.0,1.2133076289899596,0.6954607933044433,10.0,0.0,1.7094635017124402,0.8711496988932292,0.0,0.0,0.0,0.0,0.0,0.0,certain_cold,101.76097106933594,101.76097106933594,POINT (554389.0362481253 8634854.015724929),ragna_mariebreen
ragna_mariebreen-20230305-DAT_0068_A1_3,5905.0,7128,84.03290557861328,554387.8195495433,8634849.872656526,185.58407592773438,2021-04-07 16:17:52+00:00,0,2024-04-29,100 MHz,20230305,0.0,83.89887237548828,84.16692352294922,1.1810428181166401,0.19871762695312498,11,1.7015204048126058,0.8711579640706381,1.9218679927662135,2.246986876815761,81.98730550865956,86.07849038977794,0.134033203125,0.0,1.2425650712725638,0.5961132911682129,10.0,0.0,1.7015204048126058,1.0163440704345705,0.0,0.0,0.0,0.0,0.0,0.0,certain_cold,101.5511703491211,101.5511703491211,POINT (554387.8195495433 8634849.872656526),ragna_mariebreen
ragna_mariebreen-20230305-DAT_0068_A1_3,5910.0,7134,83.4968032836914,554386.3755657615,8634844.492081758,184.99768981933593,2021-04-07 16:17:53.200000+00:00,0,2024-04-29,100 MHz,20230305,0.0,83.4968032836914,83.76485443115234,1.2067583257897112,0.19870631561279295,11,1.690930650097213,0.8711579640706381,1.9124975455320965,2.2526491778935904,81.59465642768846,85.66700128715529,0.0,0.0,1.266825158564331,0.6954664489746093,10.0,0.0,1.690930650097213,0.8711579640706381,0.0,0.0,0.0,0.0,0.0,0.0,certain_cold,101.50088653564453,101.50088653564453,POINT (554386.3755657615 8634844.492081758),ragna_mariebreen
ragna_mariebreen-20230305-DAT_0068_A1_3,5915.0,7139,83.228759765625,554385.1489491044,8634840.199708825,184.57467956542968,2021-04-07 16:17:54.200000+00:00,0,2024-04-29,100 MHz,20230305,0.0,83.09473419189453,83.4968032836914,1.1788264041274763,0.3974013198852539,11,1.6856365506388522,0.8711496988932292,1.9386077962749333,2.2338093181378595,81.19729581905302,85.39424165653291,0.13402557373046875,0.0,1.233616356730952,0.5961076354980468,10.0,0.0,1.6856365506388522,0.8711496988932292,0.0,0.0,0.0,0.0,0.0,0.0,certain_cold,101.34591979980468,101.34591979980468,POINT (554385.1489491044 8634840.199708825),ragna_mariebreen
ragna_mariebreen-20230305-DAT_0068_A1_3,5920.0,7145,82.69266510009766,554383.5816073623,8634835.149357533,184.08898010253907,2021-04-07 16:17:55.400000+00:00,0,2024-04-29,100 MHz,20230305,0.0,82.55863189697266,83.09473419189453,1.2171279603320364,0.5961189468383788,11,1.6750494752522278,0.8711579640706381,1.9799153369995801,2.2463542496072355,80.67058874521302,84.98277734365416,0.134033203125,0.0,1.2721649627397256,0.6954664489746093,10.0,0.0,1.6750494752522278,0.8711579640706381,0.0,0.0,0.0,0.0,0.0,0.0,certain_cold,101.39631500244141,101.39631500244141,POINT (554383.5816073623 8634835.149357533),ragna_mariebreen
ragna_mariebreen-20230305-DAT_0068_A1_3,5925.0,7150,82.42461395263672,554382.2383701879,8634830.815176548,183.63087768554686,2021-04-07 16:17:56.400000+00:00,0,2024-04-29,100 MHz,20230305,0.0,82.15657043457031,82.8266830444336,1.1658728944254275,0.5961076354980468,11,1.6697565074274987,0.7259635925292969,1.9158429593454662,2.1620290325826907,80.3358261000262,84.64742737897771,0.26804351806640625,0.0,1.2110843942972518,0.5961076354980468,10.0,0.0,1.6697565074274987,0.7259635925292969,0.0,0.0,0.0,0.0,0.0,0.0,certain_cold,101.20626373291014,101.20626373291014,POINT (554382.2383701879 8634830.815176548),ragna_mariebreen
ragna_mariebreen-20230305-DAT_0068_A1_3,5930.0,7156,82.02254486083984,554380.5701448967,8634825.723636564,183.052978515625,2021-04-07 16:17:57.600000+00:00,0,2024-04-29,100 MHz,20230305,0.0,81.7544937133789,82.29059600830078,1.1363689471523786,0.3974126312255859,11,1.6618180243875662,1.0163440704345705,1.9880973857295192,2.2552003901514186,79.80652184097241,84.23856788070728,0.2680511474609375,0.0,1.1837514278295385,0.4967601333618164,10.0,0.0,1.6618180243875662,1.0163440704345705,0.0,0.0,0.0,0.0,0.0,0.0,certain_cold,101.03043365478516,101.03043365478516,POINT (554380.5701448967 8634825.723636564),ragna_mariebreen
ragna_mariebreen-20230305-DAT_0068_A1_3,5935.0,7162,81.4864501953125,554378.8680714174,8634820.891376529,182.5365966796875,2021-04-07 16:17:58.800000+00:00,0,2024-04-29,100 MHz,20230305,0.0,81.21839904785156,81.7544937133789,1.0934527960300826,0.5961189468383788,11,1.651234879165668,1.0163523356119792,2.0285232301003804,2.226025092720922,79.27944347943924,83.69344928179123,0.2680511474609375,0.0,1.1386318797709476,0.4967657890319824,10.0,0.0,1.651234879165668,1.0163523356119792,0.0,0.0,0.0,0.0,0.0,0.0,certain_cold,101.050146484375,101.050146484375,POINT (554378.8680714174 8634820.891376529),ragna_mariebreen
ragna_mariebreen-20230305-DAT_0068_A1_3,5940.0,7168,81.0843734741211,554377.2811275353,8634816.1381012,182.0607147216797,2021-04-07 16:18:00+00:00,0,2024-04-29,100 MHz,20230305,0.0,80.68230438232422,81.21839904785156,1.1056314451309246,0.5961189468383788,11,1.6432985878032942,0.8711579640706381,1.9531267869290252,2.1637392032087175,78.82237254297095,83.07833088720483,0.402069091796875,0.0,1.154732288133472,0.6954607933044433,10.0,0.0,1.6432985878032942,0.8711579640706381,0.0,0.0,0.0,0.0,0.0,0.0,certain_cold,100.9763412475586,100.9763412475586,POINT (554377.2811275353 8634816.1381012),ragna_mariebreen
ragna_mariebreen-20230305-DAT_0068_A1_3,5945.0,7175,80.68230438232422,554375.7571374793,8634811.38730145,181.583154296875,2021-04-07 16:18:01.200000+00:00,0,2024-04-29,100 MHz,20230305,0.0,80.14620971679688,80.68230438232422,1.0506505214097455,0.19869500427246092,11,1.635363475248486,1.1615301767985027,2.0156998170643363,2.2643834847324196,78.14032685685955,82.68818724226155,0.5360946655273438,0.0,1.0962113946746288,0.3974069755554199,10.0,0.0,1.635363475248486,1.0163440704345705,0.0,0.0,0.0,0.0,0.0,0.0,certain_cold,100.90084991455078,100.90084991455078,POINT (554375.7571374793 8634811.38730145),ragna_mariebreen
ragna_mariebreen-20230305-DAT_0068_A1_3,5950.0,7181,80.01219177246094,554374.1465558975,8634806.633102357,181.06566162109374,2021-04-07 16:18:02.400000+00:00,0,2024-04-29,100 MHz,20230305,0.0,79.744140625,80.28022766113281,1.0395576709046186,0.19869500427246092,11,1.622140663719773,1.0163440704345703,1.9245195003230209,2.1782965256221134,77.82990563357373,82.19446265255908,0.2680511474609375,0.0,1.0924732481649588,0.19869500427246092,10.0,0.0,1.6247849004676016,1.0163440704345705,0.0,0.0,0.0,0.0,0.0,0.0,certain_cold,101.0534698486328,101.0534698486328,POINT (554374.1465558975 8634806.633102357),ragna_mariebreen
ragna_mariebreen-20230305-DAT_0068_A1_3,5955.0,7186,79.744140625,554372.5872486946,8634802.17875636,180.5705108642578,2021-04-07 16:18:03.500000+00:00,0,2024-04-29,100 MHz,20230305,0.0,79.4760971069336,79.744140625,1.0360965808422993,0.19870631561279295,11,1.6168522460657653,0.8711579640706381,1.8473255218926685,2.1087018539387477,77.63948953209034,81.58074819984326,0.26804351806640625,0.0,1.0914686192305723,0.19870631561279295,10.0,0.0,1.6168522460657653,1.0163440704345705,0.0,0.0,0.0,0.0,0.0,0.0,certain_cold,100.82637023925781,100.82637023925781,POINT (554372.5872486946 8634802.17875636),ragna_mariebreen
ragna_mariebreen-20230305-DAT_0068_A1_3,5960.0,7191,79.20804595947266,554371.0043177467,8634797.723484635,180.09020080566407,2021-04-07 16:18:04.600000+00:00,0,2024-04-29,100 MHz,20230305,0.0,78.94000244140625,79.3420639038086,1.0221346208198705,0.3974013198852539,11,1.6062770053409756,1.1615384419759114,2.021688694908675,2.230259301774926,76.9577569041241,81.32430944109075,0.13402557373046875,0.0,1.0773908013834652,0.2980594734191894,10.0,0.0,1.6062770053409756,1.1615384419759114,0.0,0.0,0.0,0.0,0.0,0.0,certain_cold,100.88215484619141,100.88215484619141,POINT (554371.0043177467 8634797.723484635),ragna_mariebreen
ragna_mariebreen-20230305-DAT_0068_A1_3,5965.0,7197,78.67195129394531,554369.289347249,8634792.816274319,179.56733093261718,2021-04-07 16:18:05.800000+00:00,0,2024-04-29,100 MHz,20230305,0.0,78.2698745727539,78.80596923828125,1.0102412721841285,0.5961076354980468,11,1.595703721922952,1.1615384419759114,2.0617434936106047,2.217212066621232,76.29618718100551,80.77965663002965,0.13402557373046875,0.0,1.063216685313871,0.3974069755554199,10.0,0.0,1.595703721922952,1.0163523356119792,0.0,0.0,0.0,0.0,0.0,0.0,certain_cold,100.89537963867187,100.89537963867187,POINT (554369.289347249 8634792.816274319),ragna_mariebreen
ragna_mariebreen-20230305-DAT_0068_A1_3,5970.0,7203,78.13585662841797,554367.7504464375,8634787.841521945,179.0347442626953,2021-04-07 16:18:07+00:00,0,2024-04-29,100 MHz,20230305,0.0,77.5997543334961,78.2698745727539,0.9927968299558326,0.3974126312255859,11,1.5851324349790699,1.1615467071533203,2.0049370036933927,2.2016996014197185,75.63459897339823,80.23502993285177,0.13402557373046875,0.0,1.0401608434657152,0.3974069755554199,10.0,0.0,1.5877749545366469,1.0163440704345705,0.0,0.0,0.0,0.0,0.0,0.0,certain_cold,100.89888763427734,100.89888763427734,POINT (554367.7504464375 8634787.841521945),ragna_mariebreen
ragna_mariebreen-20230305-DAT_0068_A1_3,5975.0,7208,77.5997543334961,554366.5088554124,8634783.325204358,178.51675415039062,2021-04-07 16:18:08+00:00,0,2024-04-29,100 MHz,20230305,0.0,77.19769287109375,77.86780548095703,0.9827129221226544,0.5961076354980468,11,1.574563034320182,1.4519271850585938,2.223215152174621,2.356494427548386,75.05588491990864,80.00961343214215,0.1340179443359375,0.0,1.0308137125426906,0.4967601333618164,10.0,0.0,1.577205341709005,1.3067328135172527,0.0,0.0,0.0,0.0,0.0,0.0,certain_cold,100.91699981689453,100.91699981689453,POINT (554366.5088554124 8634783.325204358),ragna_mariebreen
ragna_mariebreen-20230305-DAT_0068_A1_3,5980.0,7214,76.79561614990234,554364.923020405,8634777.93908762,177.93068237304686,2021-04-07 16:18:09.200000+00:00,0,2024-04-29,100 MHz,20230305,0.0,76.5275650024414,77.46573638916016,0.9720193421498547,0.5961189468383788,11,1.5587131435698027,1.3067245483398438,2.119545589967558,2.254315264262002,74.49357490679904,79.49972648480252,0.0,0.0,1.0149102640679528,0.6954607933044433,10.0,0.0,1.5639958620687604,1.1615384419759114,0.0,0.0,0.0,0.0,0.0,0.0,certain_cold,101.13506622314452,101.13506622314452,POINT (554364.923020405 8634777.93908762),ragna_mariebreen
ragna_mariebreen-20230305-DAT_0068_A1_3,5985.0,7219,76.39354705810547,554363.6474285355,8634773.719275175,177.46807861328125,2021-04-07 16:18:10.166666752+00:00,0,2024-04-29,100 MHz,20230305,0.0,75.99147033691406,77.06365966796875,0.9195309753705326,0.7948139511108397,11,1.5507899963720393,1.1615384419759114,2.094242197530133,2.1446814168312507,74.05391487576323,79.00121512911959,0.13402557373046875,0.0,0.9556597645816769,0.6954664489746093,10.0,0.0,1.5560720599550268,1.4519189198811848,0.0,0.0,0.0,0.0,0.0,0.0,certain_cold,101.07453155517578,101.07453155517578,POINT (554363.6474285355 8634773.719275175),ragna_mariebreen
ragna_mariebreen-20230305-DAT_0068_A1_3,5990.0,7226,75.72342681884766,554362.061716735,8634768.295937669,176.84586181640626,2021-04-07 16:18:11.400000+00:00,0,2024-04-29,100 MHz,20230305,0.0,75.05330657958984,76.259521484375,0.8687619117002305,0.9935202667236328,11,1.5375873788750187,1.3067328135172525,2.249179431256889,2.1969234972614555,73.03545485223263,78.27737321173221,0.13402557373046875,0.0,0.8755548027029635,0.6954664489746093,10.0,0.0,1.5375873788750187,1.4519271850585938,0.0,0.0,0.0,0.0,0.0,0.0,certain_cold,101.1224349975586,101.1224349975586,POINT (554362.061716735 8634768.295937669),ragna_mariebreen
ragna_mariebreen-20230305-DAT_0068_A1_3,5995.0,7231,75.18733215332031,554360.8104387663,8634764.226001346,176.3470489501953,2021-04-07 16:18:12.400000+00:00,0,2024-04-29,100 MHz,20230305,0.0,74.65123748779297,75.45537567138672,0.8241984047659354,0.3974013198852539,11,1.5270278211393153,1.4519271850585938,2.1442561242286797,2.262567021695572,72.54412891981512,77.56248423936457,0.0,0.0,0.8095841315304112,0.2980538177490234,10.0,0.0,1.5296675364073529,1.3067328135172527,0.0,0.0,0.0,0.0,0.0,0.0,certain_cold,101.15971679687499,101.15971679687499,POINT (554360.8104387663 8634764.226001346),ragna_mariebreen
ragna_mariebreen-20230305-DAT_0068_A1_3,6000.0,7238,74.38318634033203,554359.4606912758,8634758.84916414,175.66317443847657,2021-04-07 16:18:13.800000+00:00,0,2024-04-29,100 MHz,20230305,0.0,74.11514282226562,74.65123748779297,0.7566413063242536,0.3974126312255859,11,1.5111926958717816,1.597121556599935,2.234376295539779,2.3252971201651835,71.91639303417867,76.84998727587993,0.0,0.0,0.7380076118215442,0.2980594734191894,10.0,0.0,1.5138315456410991,1.7423159281412761,0.0,0.0,0.0,0.0,0.0,0.0,certain_cold,101.27998809814454,101.27998809814454,POINT (554359.4606912758 8634758.84916414),ragna_mariebreen
ragna_mariebreen-20230305-DAT_0068_A1_3,6005.0,7244,73.71306610107422,554358.6277713582,8634754.162756408,175.12242126464844,2021-04-07 16:18:15+00:00,0,2024-04-29,100 MHz,20230305,0.0,73.17697143554688,73.98111724853516,0.8025161722368632,0.7948139511108397,11,1.498000816291011,1.5971050262451172,2.32948065614342,2.3321198762429987,70.9872794685191,76.17080921556293,0.1340179443359375,0.0,0.8036461254959111,0.4967657890319824,10.0,0.0,1.498000816291011,1.5971132914225263,0.0,0.0,0.0,0.0,0.0,0.0,certain_cold,101.40935516357422,101.40935516357422,POINT (554358.6277713582 8634754.162756408),ragna_mariebreen
ragna_mariebreen-20230305-DAT_0068_A1_3,6010.0,7250,72.908935546875,554357.8281024708,8634749.030899432,174.57686767578124,2021-04-07 16:18:16.200000+00:00,0,2024-04-29,100 MHz,20230305,0.0,71.97075653076172,73.17697143554688,1.0441031914338785,0.9935089553833008,11,1.4821758171793755,2.323076883951823,2.9292646528112614,2.946808924267923,69.21512024093995,75.93260772536864,0.536102294921875,0.0,0.8017807962443102,0.5961076354980468,10.0,0.0,1.4848128575304302,2.032688140869141,0.0,0.0,0.0,0.0,0.0,0.0,certain_cold,101.66793212890624,101.66793212890624,POINT (554357.8281024708 8634749.030899432),ragna_mariebreen
ragna_mariebreen-20230305-DAT_0068_A1_3,6015.0,7255,71.56868743896484,554357.0875634381,8634744.701802423,174.10173416137695,2021-04-07 16:18:17.249999872+00:00,0,2024-04-29,100 MHz,20230305,0.0,70.63052368164062,72.64088439941406,1.4143373930214296,1.3909215866088867,11,1.455812765672323,2.903862635294596,3.5336202220172384,3.542902662317048,67.3821688652213,75.88923921583338,0.13402557373046875,0.0,1.2234630421869943,1.2915740844726562,10.0,0.0,1.4610841195132436,2.903846104939779,0.0,0.0,0.0,0.0,0.0,0.0,certain_cold,102.53304672241211,102.53304672241211,POINT (554357.0875634381 8634744.701802423),ragna_mariebreen
ragna_mariebreen-20230305-DAT_0068_A1_3,6020.0,7261,70.22844696044922,554356.291973409,8634739.36534476,173.49663696289062,2021-04-07 16:18:18.600000+00:00,0,2024-04-29,100 MHz,20230305,0.0,69.29029083251953,72.10478210449219,1.810876922578866,2.5831368576049805,11,1.4294663007537645,3.0490404764811196,4.24412744357756,3.823518923836989,65.92279595765916,75.47227697935256,0.1340179443359375,0.0,1.7165739233033128,2.08638237991333,10.0,0.0,1.4321003616743313,3.1942348480224614,0.0,0.0,0.0,0.0,0.0,0.0,certain_cold,103.2681900024414,103.2681900024414,POINT (554356.291973409 8634739.36534476),ragna_mariebreen
ragna_mariebreen-20230305-DAT_0068_A1_3,6025.0,7268,68.75418853759766,554355.4336919577,8634734.119499644,172.90736389160156,2021-04-07 16:18:20+00:00,0,2024-04-29,100 MHz,20230305,0.0,67.68199920654297,71.30064392089844,2.189220956149418,2.5831481689453124,11,1.4005054004127975,2.903846104939779,4.131148997613722,3.8969765168144272,64.45806720078365,74.52457592665776,0.6701126098632812,0.0,2.1429383613310056,2.6824956710815426,10.0,0.0,1.4031373480095506,2.9038543701171875,0.0,0.0,0.0,0.0,0.0,0.0,certain_cold,104.1531753540039,104.1531753540039,POINT (554355.4336919577 8634734.119499644),ragna_mariebreen
ragna_mariebreen-20230305-DAT_0068_A1_3,6030.0,7274,67.5479736328125,554354.4830480806,8634729.552571999,172.4074935913086,2021-04-07 16:18:21.166666752+00:00,0,2024-04-29,100 MHz,20230305,0.0,66.34175872802734,70.7645492553711,2.496653131332083,3.3779621200561523,11,1.376826603737614,2.6134656270345054,4.487369180821293,3.8677035742984245,63.387803061391416,73.71850492200703,0.9381637573242188,0.0,2.4971870546250763,3.4773152778625485,10.0,0.0,1.3794568520391615,2.6134656270345054,0.0,0.0,0.0,0.0,0.0,0.0,uncertain_cold,104.8595199584961,104.8595199584961,POINT (554354.4830480806 8634729.552571999),ragna_mariebreen
ragna_mariebreen-20230305-DAT_0068_A1_3,6035.0,7281,66.34175872802734,554353.2969497041,8634724.69097391,171.8647216796875,2021-04-07 16:18:22.400000+00:00,0,2024-04-29,100 MHz,20230305,0.0,65.00152587890625,70.09442901611328,2.898307960957566,3.3779621200561523,11,1.3531635453451727,2.613457361857096,4.480160605071031,4.130544758170061,62.05853234124835,73.03742255377118,1.3402328491210938,0.0,2.931416351081896,3.9740810668945312,10.0,0.0,1.3557920044806033,2.177882512410482,0.0,0.0,0.0,0.0,0.0,0.0,uncertain_cold,105.52296295166016,105.52296295166016,POINT (554353.2969497041 8634724.69097391),ragna_mariebreen
ragna_mariebreen-20230305-DAT_0068_A1_3,6040.0,7287,65.13555145263672,554352.1864461058,8634719.844754409,171.28106384277345,2021-04-07 16:18:23.600000+00:00,0,2024-04-29,100 MHz,20230305,0.0,63.795310974121094,69.42430877685547,3.025117138919786,3.1792614601135254,11,1.3295172150881063,2.613457361857096,4.32498310276744,4.212969156265794,60.86311462880916,72.3565051221674,1.340240478515625,0.0,3.0692769452192894,3.775363439941406,10.0,0.0,1.3400246421419828,2.032688140869141,0.0,0.0,0.0,0.0,0.0,0.0,uncertain_cold,106.14551239013673,106.14551239013673,POINT (554352.1864461058 8634719.844754409),ragna_mariebreen
ragna_mariebreen-20230305-DAT_0068_A1_3,6045.0,7294,63.92933654785156,554350.8328045417,8634714.765613137,170.6533966064453,2021-04-07 16:18:25+00:00,0,2024-04-29,100 MHz,20230305,0.0,63.52726364135742,68.75418853759766,2.941368630702599,1.7883342178344726,11,1.305888214427019,1.7423117955525718,2.8176468366668397,3.6595961311574117,61.34988117116505,70.93157100779003,0.4020729064941406,0.0,2.991828943978626,4.0734257411956785,10.0,0.0,1.3190132398409975,2.1778866449991865,0.0,0.0,0.0,0.0,0.0,0.0,certain_cold,106.72406005859375,106.72406005859375,POINT (554350.8328045417 8634714.765613137),ragna_mariebreen
ragna_mariebreen-20230305-DAT_0068_A1_3,6050.0,7300,63.52726364135742,554349.379118602,8634710.427136939,170.14166564941405,2021-04-07 16:18:26.200000+00:00,0,2024-04-29,100 MHz,20230305,0.0,63.25921630859375,68.08407592773438,2.8217421321861256,0.7948139511108397,11,1.2980159052582572,0.7259635925292969,1.6862970215421362,3.189686048584681,61.77198114629377,69.57131109003436,0.2680473327636719,0.0,2.871571804709347,3.0799083023071288,10.0,0.0,1.3006398032548543,1.4519271850585938,0.0,0.0,0.0,0.0,0.0,0.0,certain_cold,106.61440200805663,106.61440200805663,POINT (554349.379118602 8634710.427136939),ragna_mariebreen
ragna_mariebreen-20230305-DAT_0068_A1_3,6055.0,7306,63.25921630859375,554347.8569234953,8634705.8253665,169.62474060058594,2021-04-07 16:18:27.400000+00:00,0,2024-04-29,100 MHz,20230305,0.0,63.12519454956055,67.5479736328125,2.6569776486780032,0.3974126312255859,11,1.2927688808100932,0.4355748494466146,1.420884804661893,2.986721790565019,61.76101830410638,68.91214987826666,0.13402175903320312,0.0,2.6812178637375124,1.9870348777770994,10.0,0.0,1.2927688808100932,0.43557898203531903,0.0,0.0,0.0,0.0,0.0,0.0,certain_cold,106.36552429199219,106.36552429199219,POINT (554347.8569234953 8634705.8253665),ragna_mariebreen
ragna_mariebreen-20230305-DAT_0068_A1_3,6060.0,7312,63.12519454956055,554346.3169401538,8634701.073981185,169.08273010253907,2021-04-07 16:18:28.600000+00:00,0,2024-04-29,100 MHz,20230305,0.0,63.12519454956055,66.87786102294922,2.4827482681539927,0.5961132911682129,11,1.2901457571793766,0.14519023895263675,1.4286032815874634,2.8017129123585667,61.8269047975194,68.17615077499038,0.0,0.0,2.5099021718387258,1.0928705966949461,10.0,0.0,1.2927688808100932,0.0,0.0,0.0,0.0,0.0,0.0,0.0,certain_cold,105.95753555297853,105.95753555297853,POINT (554346.3169401538 8634701.073981185),ragna_mariebreen
ragna_mariebreen-20230305-DAT_0068_A1_3,6065.0,7318,63.12519454956055,554344.7533308819,8634696.321670493,168.5176239013672,2021-04-07 16:18:29.800000+00:00,0,2024-04-29,100 MHz,20230305,0.0,62.99116516113281,66.2077407836914,2.312903293699898,0.5961132911682129,11,1.2901457571793766,0.2903887430826823,1.450569802796296,2.6642678812170755,61.66874249916838,67.53016344565583,0.13402938842773438,0.0,2.3573627958134415,0.5961161190032959,10.0,0.0,1.2927688808100932,0.0,0.0,0.0,0.0,0.0,0.0,0.0,certain_cold,105.39242935180664,105.39242935180664,POINT (554344.7533308819 8634696.321670493),ragna_mariebreen
ragna_mariebreen-20230305-DAT_0068_A1_3,6070.0,7324,62.85714340209961,554342.9528596544,8634690.908546353,167.86558532714844,2021-04-07 16:18:31.166666752+00:00,0,2024-04-29,100 MHz,20230305,0.0,62.72311782836914,65.67164611816406,2.248319341138859,1.1922209266662598,11,1.2849000703046312,0.4355831146240235,1.806126124719801,2.6259551976668383,61.366393523134505,67.0283704233987,0.13402557373046875,0.0,2.30535626741923,1.6889810600280761,10.0,0.0,1.2927688808100932,0.43557898203531903,0.0,0.0,0.0,0.0,0.0,0.0,certain_cold,105.00844192504883,105.00844192504883,POINT (554342.9528596544 8634690.908546353),ragna_mariebreen
ragna_mariebreen-20230305-DAT_0068_A1_3,6075.0,7330,62.72311782836914,554341.4750558456,8634686.848355774,167.38101501464843,2021-04-07 16:18:32.200000+00:00,0,2024-04-29,100 MHz,20230305,0.0,62.32105255126953,65.13555145263672,2.1387386169252705,0.9935146110534667,11,1.2822775846300174,0.4355748494466146,1.679592967326237,2.5314351907648063,60.96681429545373,66.48978970845252,0.4020652770996094,0.0,2.211325129113269,1.6889782321929931,10.0,0.0,1.2849000703046312,0.8711538314819336,0.0,0.0,0.0,0.0,0.0,0.0,certain_cold,104.65789718627929,104.65789718627929,POINT (554341.4750558456 8634686.848355774),ragna_mariebreen
ragna_mariebreen-20230305-DAT_0068_A1_3,6080.0,7337,62.455074310302734,554339.5146408003,8634681.559261912,166.74503173828126,2021-04-07 16:18:33.600000+00:00,0,2024-04-29,100 MHz,20230305,0.0,61.78495788574219,64.59945678710938,2.138355384318359,0.9935146110534667,11,1.2770334854036423,1.016339937845866,1.910715225898259,2.6900418475826786,60.152854521337005,66.23156015151456,0.6701164245605469,0.0,2.1922886605073537,1.5896279022216795,10.0,0.0,1.2770334854036423,1.161534309387207,0.0,0.0,0.0,0.0,0.0,0.0,uncertain_cold,104.28995742797852,104.28995742797852,POINT (554339.5146408003 8634681.559261912),ragna_mariebreen
ragna_mariebreen-20230305-DAT_0068_A1_3,6085.0,7343,61.78495788574219,554337.9737132881,8634677.031229068,166.17639770507813,2021-04-07 16:18:34.800000+00:00,0,2024-04-29,100 MHz,20230305,0.0,61.24885940551758,64.19738006591797,2.195254103140255,0.9935259223937988,11,1.2639273746450679,1.451927185058594,2.166263769155962,2.919716687701646,59.32386461095596,66.1223748604796,0.2680473327636719,0.0,2.231226189147188,1.0928762523651123,10.0,0.0,1.2639273746450679,1.3067328135172527,0.0,0.0,0.0,0.0,0.0,0.0,certain_cold,104.39143981933594,104.39143981933594,POINT (554337.9737132881 8634677.031229068),ragna_mariebreen
ragna_mariebreen-20230305-DAT_0068_A1_3,6090.0,7349,61.11483383178711,554336.44851834,8634672.503814729,165.59178161621094,2021-04-07 16:18:36+00:00,0,2024-04-29,100 MHz,20230305,0.0,60.84678649902344,63.92933654785156,2.3943554661288142,1.3909272422790526,11,1.2508273924546025,1.3067369461059573,2.2818433787942403,3.0008446661255284,59.037883347377914,65.73823969949709,0.2680473327636719,0.0,2.407293617567527,1.0928734245300293,10.0,0.0,1.2534468921301547,1.306736946105957,0.0,0.0,0.0,0.0,0.0,0.0,certain_cold,104.47694778442383,104.47694778442383,POINT (554336.44851834 8634672.503814729),ragna_mariebreen
ragna_mariebreen-20230305-DAT_0068_A1_3,6095.0,7355,60.578739166259766,554334.8297326735,8634667.749352703,165.0162384033203,2021-04-07 16:18:37.200000+00:00,0,2024-04-29,100 MHz,20230305,0.0,60.176666259765625,63.52726364135742,2.477874230267257,1.1922152709960936,11,1.2403521498306413,1.3067245483398438,2.1604119406307105,3.06363561832115,58.37499966995955,65.3289302311635,0.0,0.0,2.4915442857202486,1.3909272422790526,10.0,0.0,1.2403521498306413,1.0163482030232749,0.0,0.0,0.0,0.0,0.0,0.0,certain_cold,104.43749923706054,104.43749923706054,POINT (554334.8297326735 8634667.749352703),ragna_mariebreen
ragna_mariebreen-20230305-DAT_0068_A1_3,6100.0,7361,59.908626556396484,554333.1272635196,8634662.917149808,164.46465148925782,2021-04-07 16:18:38.400000+00:00,0,2024-04-29,100 MHz,20230305,0.0,59.774600982666016,63.12519454956055,2.5550936183869783,1.5896279022216795,11,1.227264199082459,1.3067328135172525,2.3959643001918707,3.121254789182403,57.9819135976844,64.91788193454217,0.13402557373046875,0.0,2.567486614948519,1.6889782321929931,10.0,0.0,1.2351161159073154,0.5807650883992513,0.0,0.0,0.0,0.0,0.0,0.0,certain_cold,104.55602493286133,104.55602493286133,POINT (554333.1272635196 8634662.917149808),ragna_mariebreen
ragna_mariebreen-20230305-DAT_0068_A1_3,6105.0,7367,59.37252426147461,554331.2373180455,8634658.040362326,163.88049926757813,2021-04-07 16:18:39.600000+00:00,0,2024-04-29,100 MHz,20230305,0.0,59.10447692871094,62.72311782836914,2.592211033911801,1.9870405334472656,11,1.2167985268201784,1.1615467071533203,2.603482185330422,3.0902018464987955,57.422279137792614,64.40531561928746,0.13402175903320312,0.0,2.6003909515417414,2.1857411933898923,10.0,0.0,1.2298812327587363,0.5807650883992513,0.0,0.0,0.0,0.0,0.0,0.0,certain_cold,104.50797500610352,104.50797500610352,POINT (554331.2373180455 8634658.040362326),ragna_mariebreen
ragna_mariebreen-20230305-DAT_0068_A1_3,6110.0,7372,58.836429595947266,554329.5135177581,8634653.951918367,163.36339721679687,2021-04-07 16:18:40.600000+00:00,0,2024-04-29,100 MHz,20230305,0.0,58.70240783691406,62.455074310302734,2.520541849926605,1.9870405334472656,11,1.2063375062724129,1.1615384419759114,2.598605744007691,3.0261448987876975,57.02776706014211,64.12971508707469,0.0,0.0,2.536007032971405,2.3844446811676026,10.0,0.0,1.2246473651850867,0.5807733535766602,0.0,0.0,0.0,0.0,0.0,0.0,certain_cold,104.5269676208496,104.5269676208496,POINT (554329.5135177581 8634653.951918367),ragna_mariebreen
ragna_mariebreen-20230305-DAT_0068_A1_3,6115.0,7378,58.30033493041992,554327.5118815821,8634649.107982574,162.77123413085937,2021-04-07 16:18:41.800000+00:00,0,2024-04-29,100 MHz,20230305,0.0,58.16631317138672,62.05300521850586,2.399601515445251,1.9870348777770994,11,1.1958811066321169,0.1451902389526367,2.323686603694533,2.6850138285703347,56.96165063495306,63.25766775493952,0.13402175903320312,0.0,2.427315815795111,2.4837978389739988,10.0,0.0,1.2194145272694998,0.5807733535766602,0.0,0.0,0.0,0.0,0.0,0.0,certain_cold,104.47089920043945,104.47089920043945,POINT (554327.5118815821 8634649.107982574),ragna_mariebreen
ragna_mariebreen-20230305-DAT_0068_A1_3,6120.0,7385,58.70240783691406,554325.7350180757,8634644.16118183,162.2220458984375,2021-04-07 16:18:43+00:00,0,2024-04-29,100 MHz,20230305,0.0,57.76424026489258,61.65093231201172,2.1932449405141843,2.5831481689453124,11,1.2037230056539403,0.7259635925292969,2.940854752405178,2.605051934436177,56.35854747768102,63.056625099223275,0.9381675720214844,0.0,2.216868438840667,2.6824984989166256,10.0,0.0,1.2141828822268508,0.5807692209879557,0.0,0.0,0.0,0.0,0.0,0.0,uncertain_cold,103.51963806152344,103.51963806152344,POINT (554325.7350180757 8634644.16118183),ragna_mariebreen
ragna_mariebreen-20230305-DAT_0068_A1_3,6125.0,7390,58.970455169677734,554324.2307375574,8634639.299539987,161.65115356445312,2021-04-07 16:18:44.200000+00:00,0,2024-04-29,100 MHz,20230305,0.0,57.630218505859375,61.24885940551758,1.987894049738642,2.1857411933898923,11,1.2089523700988343,0.0,2.4978051160266808,2.3266474993332977,56.42126613576054,62.45781177561641,1.2062149047851562,0.0,1.9901017138599677,2.285091523361206,10.0,0.0,1.2089523700988343,0.43557898203531903,0.0,0.0,0.0,0.0,0.0,0.0,uncertain_cold,102.68069839477539,102.68069839477539,POINT (554324.2307375574 8634639.299539987),ragna_mariebreen
ragna_mariebreen-20230305-DAT_0068_A1_3,6130.0,7395,58.70240783691406,554322.9322728328,8634634.818271883,161.0694793701172,2021-04-07 16:18:45.200000+00:00,0,2024-04-29,100 MHz,20230305,0.0,57.630218505859375,60.712764739990234,1.81349119564715,1.9870348777770994,11,1.2037230056539403,0.5807692209879557,2.394691956784873,2.252774351566806,56.293714872348595,62.049268373501015,0.9381675720214844,0.0,1.7939514041312654,2.285088695526123,10.0,0.0,1.2063375062724129,0.43557898203531903,0.0,0.0,0.0,0.0,0.0,0.0,uncertain_cold,102.36707153320313,102.36707153320313,POINT (554322.9322728328 8634634.818271883),ragna_mariebreen
ragna_mariebreen-20230305-DAT_0068_A1_3,6135.0,7400,58.43436050415039,554321.1871364448,8634630.468397222,160.46002502441405,2021-04-07 16:18:46.200000+00:00,0,2024-04-29,100 MHz,20230305,0.0,57.89826583862305,60.310691833496094,1.6379648039250616,1.5896279022216795,11,1.1984948039151462,0.5807692209879557,2.0737886947758826,2.1110687771732657,56.56646905117439,61.642488620944754,0.5360946655273438,0.0,1.580812610235382,1.7883313899993896,10.0,0.0,1.2011087212948541,0.5807692209879557,0.0,0.0,0.0,0.0,0.0,0.0,certain_cold,102.02566452026366,102.02566452026366,POINT (554321.1871364448 8634630.468397222),ragna_mariebreen
ragna_mariebreen-20230305-DAT_0068_A1_3,6140.0,7406,58.16631317138672,554318.8507322926,8634625.313505316,159.76028747558593,2021-04-07 16:18:47.400000+00:00,0,2024-04-29,100 MHz,20230305,0.0,58.03228759765625,59.774600982666016,1.4869457752045376,1.3909272422790526,11,1.1932677801653466,0.43557898203531903,1.8836920231517862,1.9556647931509843,56.76200532793363,61.04488325238864,0.13402557373046875,0.0,1.3988224362068726,1.2915769123077392,10.0,0.0,1.1958811066321169,0.4355748494466146,0.0,0.0,0.0,0.0,0.0,0.0,certain_cold,101.59397430419921,101.59397430419921,POINT (554318.8507322926 8634625.313505316),ragna_mariebreen
ragna_mariebreen-20230305-DAT_0068_A1_3,6145.0,7411,58.03228759765625,554317.1111042078,8634621.224459035,159.25885620117188,2021-04-07 16:18:48.400000+00:00,0,2024-04-29,100 MHz,20230305,0.0,57.630218505859375,59.37252426147461,1.495812896473519,1.7883285621643066,11,1.1906546776991365,0.43557898203531903,2.1921465866520915,1.9608273336462487,56.36239059517206,60.640352172161926,0.402069091796875,0.0,1.4071427244992953,1.3909244144439696,10.0,0.0,1.1932677801653466,0.5807692209879558,0.0,0.0,0.0,0.0,0.0,0.0,certain_cold,101.22656860351563,101.22656860351563,POINT (554317.1111042078 8634621.224459035),ragna_mariebreen
ragna_mariebreen-20230305-DAT_0068_A1_3,6150.0,7417,57.76424026489258,554315.1930438032,8634616.45828349,158.69900207519532,2021-04-07 16:18:49.600000+00:00,0,2024-04-29,100 MHz,20230305,0.0,57.3621711730957,58.836429595947266,1.6535424273692791,1.5896279022216795,11,1.1854294501791722,0.5807692209879557,2.066265408150838,2.115830434725179,56.04211970841751,60.15648106062546,0.13402175903320312,0.0,1.4777105388877745,1.0928677688598631,10.0,0.0,1.1854294501791722,0.43557898203531903,0.0,0.0,0.0,0.0,0.0,0.0,certain_cold,100.93476181030275,100.93476181030275,POINT (554315.1930438032 8634616.45828349),ragna_mariebreen
ragna_mariebreen-20230305-DAT_0068_A1_3,6155.0,7423,57.496192932128906,554313.1510555551,8634611.83616763,158.1024200439453,2021-04-07 16:18:50.800000+00:00,0,2024-04-29,100 MHz,20230305,0.0,56.96009826660156,58.30033493041992,1.7943884835771715,1.1922209266662598,11,1.1802054400295892,0.5807692209879557,1.7752657566413397,2.2248612987592673,55.64473604701245,59.615697150009034,0.13402175903320312,0.0,1.5746747714624838,1.1922209266662598,10.0,0.0,1.1854294501791722,0.29038461049397785,0.0,0.0,0.0,0.0,0.0,0.0,certain_cold,100.6062271118164,100.6062271118164,POINT (554313.1510555551 8634611.83616763),ragna_mariebreen
ragna_mariebreen-20230305-DAT_0068_A1_3,6160.0,7429,57.228145599365234,554311.0589041729,8634607.286545431,157.4735565185547,2021-04-07 16:18:52+00:00,0,2024-04-29,100 MHz,20230305,0.0,56.55802917480469,57.76424026489258,1.8584937031728852,1.3909215866088867,11,1.174982663487789,0.5807692209879557,1.9111619522265502,2.2741758929944447,55.24735104973209,59.07491838996518,0.2680473327636719,0.0,1.607105668531527,1.2915712566375732,10.0,0.0,1.1802054400295892,0.8711538314819336,0.0,0.0,0.0,0.0,0.0,0.0,certain_cold,100.24541091918945,100.24541091918945,POINT (554311.0589041729 8634607.286545431),ragna_mariebreen
ragna_mariebreen-20230305-DAT_0068_A1_3,6165.0,7436,56.96009826660156,554309.0991035915,8634602.779349811,156.8426513671875,2021-04-07 16:18:53.200000+00:00,0,2024-04-29,100 MHz,20230305,0.0,56.15595626831055,57.09412384033203,1.861392008837449,1.1922209266662598,11,1.1697611370772933,0.8711538314819336,1.8837836536882282,2.3647474128299475,54.69744671540319,58.55263339323939,0.5360946655273438,0.0,1.60486934795061,1.0928705966949461,10.0,0.0,1.1697611370772933,1.0163440704345705,0.0,0.0,0.0,0.0,0.0,0.0,certain_cold,99.88255310058594,99.88255310058594,POINT (554309.0991035915 8634602.779349811),ragna_mariebreen
ragna_mariebreen-20230305-DAT_0068_A1_3,6170.0,7442,56.42400360107422,554307.111298735,8634598.382747034,156.2729248046875,2021-04-07 16:18:54.400000+00:00,0,2024-04-29,100 MHz,20230305,0.0,55.75388717651367,56.69205093383789,1.6577832647556112,1.1922209266662598,11,1.1593219022125023,1.1615384419759114,2.028445109712954,2.332690330507077,54.11279034051116,58.3331477698404,0.402069091796875,0.0,1.5036835124591423,1.0928677688598631,10.0,0.0,1.1619312654607514,1.0163440704345705,0.0,0.0,0.0,0.0,0.0,0.0,certain_cold,99.84892120361329,99.84892120361329,POINT (554307.111298735 8634598.382747034),ragna_mariebreen
ragna_mariebreen-20230305-DAT_0068_A1_3,6175.0,7449,55.887908935546875,554304.8042292369,8634593.080116268,155.63123779296876,2021-04-07 16:18:55.800000+00:00,0,2024-04-29,100 MHz,20230305,0.0,55.35181427001953,56.42400360107422,1.3500697668206805,0.9935202667236328,11,1.1488878735869712,1.0163482030232749,1.8275638254940456,2.0434273638050064,53.81789542736069,57.95792244373306,0.4020729064941406,0.0,1.2737342713200062,0.8941699367523193,10.0,0.0,1.151495922035638,1.161542574564616,0.0,0.0,0.0,0.0,0.0,0.0,certain_cold,99.74332885742189,99.74332885742189,POINT (554304.8042292369 8634593.080116268),ragna_mariebreen
ragna_mariebreen-20230305-DAT_0068_A1_3,6180.0,7455,55.485836029052734,554302.8458445695,8634588.535755925,155.08184814453125,2021-04-07 16:18:57+00:00,0,2024-04-29,100 MHz,20230305,0.0,54.949745178222656,56.15595626831055,1.126117947164684,0.9935146110534667,11,1.1410658175307726,0.8711538314819336,1.745855515333255,1.8245771644326874,53.51414767263733,57.591553773895875,0.26804351806640625,0.0,1.1262951730476425,0.8941614532470703,10.0,0.0,1.1410658175307726,0.8711538314819336,0.0,0.0,0.0,0.0,0.0,0.0,certain_cold,99.59601211547852,99.59601211547852,POINT (554302.8458445695 8634588.535755925),ragna_mariebreen
ragna_mariebreen-20230305-DAT_0068_A1_3,6185.0,7459,55.08376693725586,554301.2276961498,8634584.563187417,154.57427978515625,2021-04-07 16:18:58+00:00,0,2024-04-29,100 MHz,20230305,0.0,54.949745178222656,56.021934509277344,1.0941991164521203,0.7948139511108397,11,1.1332469069003315,0.7259594599405925,1.5630082873602524,1.7345135905841171,53.60391246593022,57.36776722156978,0.0,0.0,1.1227454716670116,0.9935146110534667,10.0,0.0,1.135852914736118,0.7259594599405925,0.0,0.0,0.0,0.0,0.0,0.0,certain_cold,99.49051284790039,99.49051284790039,POINT (554301.2276961498 8634584.563187417),ragna_mariebreen
ragna_mariebreen-20230305-DAT_0068_A1_3,6190.0,7465,54.81571960449219,554299.4585101473,8634579.616730731,153.97836303710938,2021-04-07 16:18:59.200000+00:00,0,2024-04-29,100 MHz,20230305,0.0,54.681697845458984,55.75388717651367,1.0330976105241672,0.9935146110534667,11,1.1280360128574458,0.5807692209879557,1.611468093611227,1.6361689421392354,53.41293540341151,57.02264961856115,0.13402175903320312,0.0,1.0704199138242483,0.8941671089172363,10.0,0.0,1.1280360128574458,0.7259635925292969,0.0,0.0,0.0,0.0,0.0,0.0,certain_cold,99.16264343261719,99.16264343261719,POINT (554299.4585101473 8634579.616730731),ragna_mariebreen
ragna_mariebreen-20230305-DAT_0068_A1_3,6195.0,7471,54.547672271728516,554297.8345096338,8634574.787658546,153.43004760742187,2021-04-07 16:19:00.400000+00:00,0,2024-04-29,100 MHz,20230305,0.0,54.547672271728516,55.485836029052734,0.9747028347563544,1.1922265823364258,11,1.1228265316181123,0.29038461049397785,1.6632699317149016,1.514961470862996,53.38790391463418,56.64560438614707,0.0,0.0,1.0109690676349867,0.6954607933044433,10.0,0.0,1.1228265316181123,0.14519437154134118,0.0,0.0,0.0,0.0,0.0,0.0,certain_cold,98.88237533569335,98.88237533569335,POINT (554297.8345096338 8634574.787658546),ragna_mariebreen
ragna_mariebreen-20230305-DAT_0068_A1_3,6200.0,7477,54.547672271728516,554296.2941763334,8634570.036329174,152.8744689941406,2021-04-07 16:19:01.600000+00:00,0,2024-04-29,100 MHz,20230305,0.0,54.41365051269531,55.21779251098633,0.9386891947926403,0.7948139511108397,11,1.1228265316181123,0.14519437154134116,1.3833112601700563,1.4706999116248358,53.28147524992331,56.34996777375833,0.13402175903320312,0.0,0.9768330954169041,0.8941671089172363,10.0,0.0,1.1306413215784399,0.43557898203531903,0.0,0.0,0.0,0.0,0.0,0.0,certain_cold,98.3267967224121,98.3267967224121,POINT (554296.2941763334 8634570.036329174),ragna_mariebreen
ragna_mariebreen-20230305-DAT_0068_A1_3,6205.0,7483,54.681697845458984,554294.6742339149,8634565.505256556,152.29985961914062,2021-04-07 16:19:02.800000+00:00,0,2024-04-29,100 MHz,20230305,0.0,54.14560317993164,55.35181427001953,0.969158654895418,0.5961076354980468,11,1.1254311314802117,0.14519437154134116,1.2818037877659696,1.4922952575113313,53.0108447751458,56.48657267480537,0.5360946655273438,0.0,1.0050293375276813,0.49675730552673336,10.0,0.0,1.1306413215784399,0.29038461049397785,0.0,0.0,0.0,0.0,0.0,0.0,certain_cold,97.61816177368163,97.61816177368163,POINT (554294.6742339149 8634565.505256556),ragna_mariebreen
ragna_mariebreen-20230305-DAT_0068_A1_3,6210.0,7490,54.681697845458984,554292.9676845934,8634560.970790522,151.7088165283203,2021-04-07 16:19:04+00:00,0,2024-04-29,100 MHz,20230305,0.0,53.743526458740234,54.949745178222656,1.0939018441619075,1.1922152709960936,11,1.1254311314802117,0.5807692209879557,1.7393290005482216,1.673472247876435,52.47707941296541,56.21619222399748,0.93817138671875,0.0,1.1315997055692064,0.8941614532470703,10.0,0.0,1.1254311314802117,0.5807692209879557,0.0,0.0,0.0,0.0,0.0,0.0,uncertain_cold,97.02711868286133,97.02711868286133,POINT (554292.9676845934 8634560.970790522),ragna_mariebreen
ragna_mariebreen-20230305-DAT_0068_A1_3,6215.0,7497,54.14560317993164,554290.8386357693,8634555.749628361,151.03294677734374,2021-04-07 16:19:05.400000+00:00,0,2024-04-29,100 MHz,20230305,0.0,53.341453552246094,54.547672271728516,1.140528663787025,0.5961076354980468,11,1.1150150391306162,1.0163523356119792,1.6222129702016461,1.8913054328984495,51.83273535205383,56.05639047192078,0.8041496276855469,0.0,1.1924030168310515,0.49675730552673336,10.0,0.0,1.120222364018456,0.7259635925292969,0.0,0.0,0.0,0.0,0.0,0.0,uncertain_cold,96.8873435974121,96.8873435974121,POINT (554290.8386357693 8634555.749628361),ragna_mariebreen
ragna_mariebreen-20230305-DAT_0068_A1_3,6220.0,7503,53.743526458740234,554288.883642318,8634551.317114498,150.45699768066407,2021-04-07 16:19:06.600000+00:00,0,2024-04-29,100 MHz,20230305,0.0,52.939388275146484,54.14560317993164,1.1277146522656867,0.5961132911682129,11,1.1072066900486668,1.0163523356119792,1.6168579963929572,1.8789941621854944,51.43643161423026,55.64855984084787,0.6701202392578125,0.0,1.1738477734414827,0.4967629611968994,10.0,0.0,1.11241188693949,1.1615467071533203,0.0,0.0,0.0,0.0,0.0,0.0,uncertain_cold,96.71347122192384,96.71347122192384,POINT (554288.883642318 8634551.317114498),ragna_mariebreen
ragna_mariebreen-20230305-DAT_0068_A1_3,6225.0,7509,53.20743179321289,554286.8070502166,8634546.768146854,149.8484649658203,2021-04-07 16:19:07.800000+00:00,0,2024-04-29,100 MHz,20230305,0.0,52.269264221191406,53.743526458740234,1.119426413011433,0.7948139511108397,11,1.0968009478532377,1.3067245483398438,1.8820814491743318,2.0404942682089,50.563245064075716,55.449545615855925,0.5360908508300781,0.0,1.1547298480783408,0.5961104633331299,10.0,0.0,1.0994017767979871,1.4519230524698894,0.0,0.0,0.0,0.0,0.0,0.0,uncertain_cold,96.64103317260742,96.64103317260742,POINT (554286.8070502166 8634546.768146854),ragna_mariebreen
ragna_mariebreen-20230305-DAT_0068_A1_3,6230.0,7515,52.53731918334961,554284.7219864633,8634542.032703426,149.18634033203125,2021-04-07 16:19:09+00:00,0,2024-04-29,100 MHz,20230305,0.0,51.59914779663086,53.341453552246094,1.0967334885117133,0.9935089553833008,11,1.0838025478791151,1.4519230524698894,2.066341829782662,2.1179076603822495,49.78732316022624,55.15327818865072,0.8041496276855469,0.0,1.1234564973034313,0.7948054676055908,10.0,0.0,1.0864014279572227,1.4519230524698894,0.0,0.0,0.0,0.0,0.0,0.0,uncertain_cold,96.64902114868164,96.64902114868164,POINT (554284.7219864633 8634542.032703426),ragna_mariebreen
ragna_mariebreen-20230305-DAT_0068_A1_3,6235.0,7520,51.86719512939453,554282.8996237676,8634538.238301829,148.67098999023438,2021-04-07 16:19:10+00:00,0,2024-04-29,100 MHz,20230305,0.0,50.92902755737305,52.53731918334961,1.074321668196709,1.3909328979492186,11,1.0708138830984006,1.597121556599935,2.373211740530096,2.202636303512097,49.00615480058635,54.460191940136305,0.8041419982910156,0.0,1.088907206658403,1.0928734245300293,10.0,0.0,1.0734107429828157,1.597121556599935,0.0,0.0,0.0,0.0,0.0,0.0,uncertain_cold,96.80379486083984,96.80379486083984,POINT (554282.8996237676 8634538.238301829),ragna_mariebreen
ragna_mariebreen-20230305-DAT_0068_A1_3,6240.0,7526,51.063053131103516,554280.5136186859,8634532.932625022,148.01837158203125,2021-04-07 16:19:11.400000+00:00,0,2024-04-29,100 MHz,20230305,0.0,50.2589111328125,51.86719512939453,1.06101470454598,1.3909215866088867,11,1.0552412795318236,1.8875020345052085,2.5711594560399873,2.408723788970428,48.09645926322343,54.0296469989836,0.8041419982910156,0.0,1.0755363410439969,1.490274744415283,10.0,0.0,1.0578356162100553,1.887497901916504,0.0,0.0,0.0,0.0,0.0,0.0,uncertain_cold,96.95531845092773,96.95531845092773,POINT (554280.5136186859 8634532.932625022),ragna_mariebreen
ragna_mariebreen-20230305-DAT_0068_A1_3,6245.0,7532,50.12488555908203,554278.5113201902,8634528.498273935,147.4559814453125,2021-04-07 16:19:12.600000+00:00,0,2024-04-29,100 MHz,20230305,0.0,49.58879089355469,50.795005798339844,1.0294552158168213,0.9935202667236328,11,1.0370928892459093,2.032692273457845,2.4888716439162244,2.5034331588584724,47.30681816376591,53.07697852812862,0.5360946655273438,0.0,1.059550075122886,1.1922237545013428,10.0,0.0,1.0396842113364893,2.177882512410482,0.0,0.0,0.0,0.0,0.0,0.0,uncertain_cold,97.33109588623046,97.33109588623046,POINT (554278.5113201902 8634528.498273935),ragna_mariebreen
ragna_mariebreen-20230305-DAT_0068_A1_3,6250.0,7539,49.18672180175781,554276.5302445659,8634524.058553271,146.86530303955078,2021-04-07 16:19:13.833333248+00:00,0,2024-04-29,100 MHz,20230305,0.0,48.78464889526367,49.320743560791016,1.0809870310652612,0.5961132911682129,11,1.0189668496282922,2.177882512410482,2.4772599246773033,2.636285007323011,46.380181037606846,51.72521141844784,0.4020729064941406,0.0,1.1209668973061584,0.9935174388885497,10.0,0.0,1.0189668496282922,2.3230768839518228,0.0,0.0,0.0,0.0,0.0,0.0,certain_cold,97.67858123779297,97.67858123779297,POINT (554276.5302445659 8634524.058553271),ragna_mariebreen
ragna_mariebreen-20230305-DAT_0068_A1_3,6255.0,7545,48.114532470703125,554274.7177843516,8634519.675085524,146.30096435546875,2021-04-07 16:19:15+00:00,0,2024-04-29,100 MHz,20230305,0.0,47.712459564208984,48.78464889526367,1.1932832696217348,0.7948139511108397,11,0.9982801680639249,2.468271255493164,2.778606755466481,2.917679085540882,45.04995580183727,51.447152657635385,0.4020729064941406,0.0,1.239669107891891,0.9935202667236328,10.0,0.0,0.9982801680639249,2.468271255493164,0.0,0.0,0.0,0.0,0.0,0.0,certain_cold,98.18643188476562,98.18643188476562,POINT (554274.7177843516 8634519.675085524),ragna_mariebreen
ragna_mariebreen-20230305-DAT_0068_A1_3,6260.0,7552,46.90831756591797,554272.5261984812,8634514.637652462,145.71564636230468,2021-04-07 16:19:16.400000+00:00,0,2024-04-29,100 MHz,20230305,0.0,46.50624084472656,48.24855422973633,1.404491539992563,1.1922265823364258,11,0.975046718237646,1.8875061670939128,2.4361444655835074,2.54676110373043,44.38176546629462,50.373029608168274,0.40207672119140625,0.0,1.4638009600496615,1.4902860557556152,10.0,0.0,0.975046718237646,1.8875061670939128,0.0,0.0,0.0,0.0,0.0,0.0,certain_cold,98.80732879638671,98.80732879638671,POINT (554272.5261984812 8634514.637652462),ragna_mariebreen
ragna_mariebreen-20230305-DAT_0068_A1_3,6265.0,7558,46.37221908569336,554270.6139438746,8634510.31853342,145.2498992919922,2021-04-07 16:19:17.600000+00:00,0,2024-04-29,100 MHz,20230305,0.0,46.10417175292969,47.980506896972656,1.6108224357470773,1.7883398735046385,11,0.9647347206214864,1.1615384419759114,2.3405221931284976,2.2078572310877784,44.59424306807055,49.4904355818318,0.2680473327636719,0.0,1.6840016990154596,1.490280400085449,10.0,0.0,0.9647347206214864,0.8711579640706381,0.0,0.0,0.0,0.0,0.0,0.0,certain_cold,98.87768020629883,98.87768020629883,POINT (554270.6139438746 8634510.31853342),ragna_mariebreen
ragna_mariebreen-20230305-DAT_0068_A1_3,6270.0,7564,45.83612823486328,554268.676014238,8634505.849492645,144.74459533691407,2021-04-07 16:19:18.800000+00:00,0,2024-04-29,100 MHz,20230305,0.0,45.56808090209961,47.31039047241211,1.629769176058013,1.7883398735046385,11,0.9544319046559226,1.161534309387207,2.33629230099218,2.2172617751942516,44.06471726927196,48.81375410523976,0.2680473327636719,0.0,1.6988106207619014,1.6889810600280761,10.0,0.0,0.9595821284337552,0.43557071685791016,0.0,0.0,0.0,0.0,0.0,0.0,certain_cold,98.90846710205079,98.90846710205079,POINT (554268.676014238 8634505.849492645),ragna_mariebreen
ragna_mariebreen-20230305-DAT_0068_A1_3,6275.0,7570,45.30003356933594,554266.717955259,8634501.491355382,144.16001892089844,2021-04-07 16:19:20+00:00,0,2024-04-29,100 MHz,20230305,0.0,44.89795684814453,46.50624084472656,1.5519645902498203,1.5896392135620117,11,0.9441383460876829,1.0163523356119792,2.1098156592345125,2.0815771367034186,43.510740467525736,47.89345722534536,0.40207672119140625,0.0,1.6123146350599746,1.9870405334472656,10.0,0.0,0.9570068006416185,1.3067328135172527,0.0,0.0,0.0,0.0,0.0,0.0,certain_cold,98.8599853515625,98.8599853515625,POINT (554266.717955259 8634501.491355382),ragna_mariebreen
ragna_mariebreen-20230305-DAT_0068_A1_3,6280.0,7577,44.89795684814453,554264.6487681598,8634496.347045999,143.36148376464843,2021-04-07 16:19:21.400000+00:00,0,2024-04-29,100 MHz,20230305,0.0,44.227840423583984,46.10417175292969,1.4818853044890703,1.5896335578918457,11,0.9364243758334889,0.5807733535766602,1.934198321852159,1.8466651985512925,43.12593829549827,47.2060738810154,0.6701164245605469,0.0,1.557152397462629,1.6889810600280761,10.0,0.0,0.9364243758334889,1.306736946105957,0.0,0.0,0.0,0.0,0.0,0.0,uncertain_cold,98.4635269165039,98.4635269165039,POINT (554264.6487681598 8634496.347045999),ragna_mariebreen
ragna_mariebreen-20230305-DAT_0068_A1_3,6285.0,7584,44.76393508911133,554262.7402420527,8634491.730250338,142.65682983398438,2021-04-07 16:19:22.800000+00:00,0,2024-04-29,100 MHz,20230305,0.0,44.36186218261719,46.10417175292969,1.3386532550627912,1.1922322380065917,11,0.9338543536681021,0.2903928756713868,1.5420212986362323,1.6578312680715648,43.383899005342315,47.08213493020456,0.4020729064941406,0.0,1.4073564755456918,1.2915797401428222,10.0,0.0,0.9338543536681021,0.2903928756713868,0.0,0.0,0.0,0.0,0.0,0.0,certain_cold,97.89289474487305,97.89289474487305,POINT (554262.7402420527 8634491.730250338),ragna_mariebreen
ragna_mariebreen-20230305-DAT_0068_A1_3,6290.0,7591,45.166011810302734,554260.9247178532,8634487.154332256,142.0269805908203,2021-04-07 16:19:24.200000+00:00,0,2024-04-29,100 MHz,20230305,0.0,44.76393508911133,45.97015380859375,0.9262546426831597,0.9935259223937988,11,0.9415664868395447,0.4355831146240235,1.4364448674952255,1.3907651713991962,43.7264958866108,47.00759301109428,0.40207672119140625,0.0,0.972634502471279,1.0928734245300293,10.0,0.0,0.9415664868395447,0.4355831146240235,0.0,0.0,0.0,0.0,0.0,0.0,certain_cold,96.86096878051757,96.86096878051757,POINT (554260.9247178532 8634487.154332256),ragna_mariebreen
ragna_mariebreen-20230305-DAT_0068_A1_3,6295.0,7597,45.166011810302734,554259.3272932112,8634482.847569745,141.5338348388672,2021-04-07 16:19:25.400000+00:00,0,2024-04-29,100 MHz,20230305,0.0,44.89795684814453,45.97015380859375,0.7128609725288737,0.9935202667236328,11,0.9415664868395447,0.0,1.3688060379505786,1.1809818860990944,43.95639036130498,46.9117202954333,0.2680549621582031,0.0,0.7496809684944211,0.9935146110534667,10.0,0.0,0.9415664868395447,0.0,0.0,0.0,0.0,0.0,0.0,0.0,certain_cold,96.36782302856446,96.36782302856446,POINT (554259.3272932112 8634482.847569745),ragna_mariebreen
ragna_mariebreen-20230305-DAT_0068_A1_3,6300.0,7604,45.166011810302734,554257.1965213089,8634477.663631584,140.96766357421876,2021-04-07 16:19:26.800000+00:00,0,2024-04-29,100 MHz,20230305,0.0,45.031986236572266,45.70210647583008,0.5927988517432657,0.5961132911682129,11,0.9415664868395447,0.29038461049397785,1.1516170053704922,1.1499048437932748,44.04665853922935,46.687434173172996,0.13402557373046875,0.0,0.6248067881904495,0.6954636211395263,10.0,0.0,0.9415664868395447,0.29038461049397785,0.0,0.0,0.0,0.0,0.0,0.0,certain_cold,95.80165176391603,95.80165176391603,POINT (554257.1965213089 8634477.663631584),ragna_mariebreen
ragna_mariebreen-20230305-DAT_0068_A1_3,6305.0,7610,45.434059143066406,554255.1748079878,8634473.116872054,140.46047973632812,2021-04-07 16:19:28+00:00,0,2024-04-29,100 MHz,20230305,0.0,45.031986236572266,45.56808090209961,0.5700501317824862,0.19870631561279295,11,0.9467108809379253,0.0,0.9673394915698798,1.105087618621932,44.08527535563434,46.51479178303754,0.4020729064941406,0.0,0.5993739527896728,0.3974069755554199,10.0,0.0,0.9467108809379253,0.0,0.0,0.0,0.0,0.0,0.0,0.0,certain_cold,95.02642059326172,95.02642059326172,POINT (554255.1748079878 8634473.116872054),ragna_mariebreen
ragna_mariebreen-20230305-DAT_0068_A1_3,6310.0,7615,45.166011810302734,554253.3595432595,8634469.136647236,139.97068786621094,2021-04-07 16:19:29+00:00,0,2024-04-29,100 MHz,20230305,0.0,45.031986236572266,45.56808090209961,0.5237692067331918,0.3974069755554199,11,0.9415664868395447,0.5807774861653645,1.1754923401690156,1.2240033167838393,43.92570872275581,46.67435841591607,0.13402557373046875,0.0,0.5515093779534253,0.5961104633331299,10.0,0.0,0.9415664868395447,0.5807774861653645,0.0,0.0,0.0,0.0,0.0,0.0,certain_cold,94.8046760559082,94.8046760559082,POINT (554253.3595432595 8634469.136647236),ragna_mariebreen
ragna_mariebreen-20230305-DAT_0068_A1_3,6315.0,7622,44.89795684814453,554251.0654397048,8634464.095237926,139.2929718017578,2021-04-07 16:19:30.400000+00:00,0,2024-04-29,100 MHz,20230305,0.0,44.62990951538086,45.56808090209961,0.6152387419671812,0.7948139511108397,11,0.9364243758334889,0.7259677251180015,1.4267617062595175,1.3350799448667878,43.4450383200317,46.75295209744877,0.2680473327636719,0.0,0.6481687164157162,0.8941642810821533,10.0,0.0,0.9364243758334889,0.7259677251180015,0.0,0.0,0.0,0.0,0.0,0.0,certain_cold,94.39501495361327,94.39501495361327,POINT (554251.0654397048 8634464.095237926),ragna_mariebreen
ragna_mariebreen-20230305-DAT_0068_A1_3,6320.0,7628,44.495887756347656,554249.2711306757,8634459.78077567,138.65516052246093,2021-04-07 16:19:31.600000+00:00,0,2024-04-29,100 MHz,20230305,0.0,44.227840423583984,44.76393508911133,0.5872625437163074,0.3974069755554199,11,0.9287161088783783,1.4519147872924807,1.7687573221527229,1.8208370206311473,42.50430621723682,46.487469295458496,0.2680473327636719,0.0,0.611895003763174,0.49675730552673336,10.0,0.0,0.9287161088783783,1.4519147872924807,0.0,0.0,0.0,0.0,0.0,0.0,certain_cold,94.15927276611328,94.15927276611328,POINT (554249.2711306757 8634459.78077567),ragna_mariebreen
ragna_mariebreen-20230305-DAT_0068_A1_3,6325.0,7635,43.5577278137207,554247.2210569541,8634454.748935366,137.79354858398438,2021-04-07 16:19:33+00:00,0,2024-04-29,100 MHz,20230305,0.0,43.1556510925293,44.093814849853516,0.8184324118843688,0.7948139511108397,11,0.9107525794186209,2.0326922734578448,2.364960328710255,2.3730022655521754,40.92825168077287,46.321214261609946,0.40207672119140625,0.0,0.8430359731525665,0.6954607933044433,10.0,0.0,0.9107525794186209,2.0326922734578448,0.0,0.0,0.0,0.0,0.0,0.0,certain_cold,94.23582077026367,94.23582077026367,POINT (554247.2210569541 8634454.748935366),ragna_mariebreen
ragna_mariebreen-20230305-DAT_0068_A1_3,6330.0,7641,42.61955642700195,554245.5211437974,8634450.33889904,137.08489227294922,2021-04-07 16:19:34.166666752+00:00,0,2024-04-29,100 MHz,20230305,0.0,42.21748352050781,43.28968048095703,1.0403422710821573,0.9935202667236328,11,0.8928217268938753,3.049044609069824,3.3287965069229024,3.34306980260836,39.04040881818942,46.466755183275424,0.4020729064941406,0.0,1.0939334215675742,1.1922209266662598,10.0,0.0,0.8928217268938753,2.758659998575846,0.0,0.0,0.0,0.0,0.0,0.0,certain_cold,94.46533584594727,94.46533584594727,POINT (554245.5211437974 8634450.33889904),ragna_mariebreen
ragna_mariebreen-20230305-DAT_0068_A1_3,6335.0,7648,40.74322509765625,554243.8073086151,8634445.680122767,136.46611633300782,2021-04-07 16:19:35.400000+00:00,0,2024-04-29,100 MHz,20230305,0.0,40.207130432128906,42.88760757446289,1.5345048806347008,1.3909272422790526,11,0.857067183214545,3.1942348480224614,3.5878097795421655,3.6458751555087714,36.89991099265042,46.19482701394138,0.5360946655273438,0.0,1.574486643630311,2.086390863418579,10.0,0.0,0.8621657535212406,2.903846104939779,0.0,0.0,0.0,0.0,0.0,0.0,uncertain_cold,95.72289123535157,95.72289123535157,POINT (554243.8073086151 8634445.680122767),ragna_mariebreen
ragna_mariebreen-20230305-DAT_0068_A1_3,6340.0,7654,39.6710319519043,554242.0925433651,8634441.1454117,135.94616088867187,2021-04-07 16:19:36.600000+00:00,0,2024-04-29,100 MHz,20230305,0.0,38.73286819458008,41.4133415222168,1.8009301818507977,1.7883342178344726,11,0.8367056295087326,2.323076883951823,3.0487541379849823,3.056159688089623,36.26370588334922,43.88250383344766,0.6701164245605469,0.0,1.7845246550431946,1.887684547805786,10.0,0.0,0.8417910331710601,2.3230768839518228,0.0,0.0,0.0,0.0,0.0,0.0,uncertain_cold,96.27512893676757,96.27512893676757,POINT (554242.0925433651 8634441.1454117),ragna_mariebreen
ragna_mariebreen-20230305-DAT_0068_A1_3,6345.0,7659,38.598846435546875,554240.497977901,8634436.661948375,135.38312530517578,2021-04-07 16:19:37.750000128+00:00,0,2024-04-29,100 MHz,20230305,0.0,37.794700622558594,39.537010192871094,2.0732172224309564,1.5896335578918457,11,0.8163996438399345,2.6134614944458012,3.166010772216156,3.4343731615532382,35.056692338894564,42.275018476535124,0.4020729064941406,0.0,2.0975176377474827,1.490277572250366,10.0,0.0,0.8214707374452572,2.613465627034505,0.0,0.0,0.0,0.0,0.0,0.0,uncertain_cold,96.7842788696289,96.7842788696289,POINT (554240.497977901 8634436.661948375),ragna_mariebreen
ragna_mariebreen-20230305-DAT_0068_A1_3,6350.0,7666,37.25860595703125,554238.5804206015,8634431.365401315,134.64689025878906,2021-04-07 16:19:39.200000+00:00,0,2024-04-29,100 MHz,20230305,0.0,36.72250747680664,38.062747955322266,2.416958395783357,1.1922265823364258,11,0.7911014392254194,2.613465627034505,2.979504706233065,3.6466055390983882,33.99193170037498,40.79332373175393,0.2680473327636719,0.0,2.4706293780206945,1.6889782321929931,10.0,0.0,0.7961531780084725,2.6134614944458012,0.0,0.0,0.0,0.0,0.0,0.0,certain_cold,97.3882843017578,97.3882843017578,POINT (554238.5804206015 8634431.365401315),ragna_mariebreen
ragna_mariebreen-20230305-DAT_0068_A1_3,6355.0,7672,36.18641662597656,554236.9985960303,8634427.05928194,134.04208068847657,2021-04-07 16:19:40.400000+00:00,0,2024-04-29,100 MHz,20230305,0.0,35.91836929321289,37.39263153076172,2.6662436238104332,1.3909215866088867,11,0.7709362485261029,2.468271255493164,2.9362167069342626,3.7142375733782957,33.332502767271286,39.97849805670332,0.13402557373046875,0.0,2.7417611725434563,1.4902832279205322,10.0,0.0,0.7759711903529907,2.758655865987142,0.0,0.0,0.0,0.0,0.0,0.0,certain_cold,97.85566406250001,97.85566406250001,POINT (554236.9985960303 8634427.05928194),ragna_mariebreen
ragna_mariebreen-20230305-DAT_0068_A1_3,6360.0,7679,34.980201721191406,554235.0959600608,8634421.88432132,133.3449676513672,2021-04-07 16:19:41.800000+00:00,0,2024-04-29,100 MHz,20230305,0.0,34.84617614746094,36.4544677734375,2.8323693920987494,1.1922209266662598,11,0.7483353559615481,2.0326964060465498,2.472498983238944,3.565694442522311,32.68010586140449,38.620538059493946,0.13402557373046875,0.0,2.9429663564180277,1.1922265823364258,10.0,0.0,0.7483353559615481,2.323085149129232,0.0,0.0,0.0,0.0,0.0,0.0,certain_cold,98.36476593017579,98.36476593017579,POINT (554235.0959600608 8634421.88432132),ragna_mariebreen
ragna_mariebreen-20230305-DAT_0068_A1_3,6365.0,7685,34.310081481933594,554233.4677365976,8634417.353012914,132.7255401611328,2021-04-07 16:19:43+00:00,0,2024-04-29,100 MHz,20230305,0.0,34.17605972290039,35.65032196044922,2.8395681796893433,0.9935202667236328,11,0.7358210900203725,1.1615384419759114,1.6963745898524876,3.15495668366633,32.80106727611874,37.02531440723087,0.13402175903320312,0.0,2.9555883034183115,1.0928705966949461,10.0,0.0,0.7358210900203725,1.1615384419759114,0.0,0.0,0.0,0.0,0.0,0.0,certain_cold,98.41545867919922,98.41545867919922,POINT (554233.4677365976 8634417.353012914),ragna_mariebreen
ragna_mariebreen-20230305-DAT_0068_A1_3,6370.0,7691,33.90801239013672,554231.8418276497,8634412.728724008,132.02874247233072,2021-04-07 16:19:44.166666752+00:00,0,2024-04-29,100 MHz,20230305,0.0,33.63996505737305,34.980201721191406,2.817978069404013,1.1922209266662598,11,0.7283277570571275,1.0163440704345705,1.7276594945730286,3.082923448749473,32.38959847464326,36.230568303921196,0.2680473327636719,0.0,2.9409319273628927,1.0928677688598631,10.0,0.0,0.7283277570571275,1.0163440704345705,0.0,0.0,0.0,0.0,0.0,0.0,certain_cold,98.120730082194,98.120730082194,POINT (554231.8418276497 8634412.728724008),ragna_mariebreen
ragna_mariebreen-20230305-DAT_0068_A1_3,6375.0,7698,33.371917724609375,554229.9925266259,8634407.835082153,131.3120330810547,2021-04-07 16:19:45.400000+00:00,0,2024-04-29,100 MHz,20230305,0.0,32.969844818115234,34.44410705566406,2.7680481405418105,1.1922209266662598,11,0.7183550355132474,1.1615384419759114,1.8128971970897914,3.0866318241073136,31.604119549536275,35.80983232424302,0.4020729064941406,0.0,2.8883764318229486,1.1922237545013428,10.0,0.0,0.7183550355132474,1.0163482030232749,0.0,0.0,0.0,0.0,0.0,0.0,uncertain_cold,97.94011535644532,97.94011535644532,POINT (554229.9925266259 8634407.835082153),ragna_mariebreen
ragna_mariebreen-20230305-DAT_0068_A1_3,6380.0,7704,32.83582305908203,554228.0930709123,8634403.181470456,130.69088439941407,2021-04-07 16:19:46.600000+00:00,0,2024-04-29,100 MHz,20230305,0.0,32.16570281982422,34.04203796386719,2.799665707032515,1.1922209266662598,11,0.7084041998653998,1.5971174240112307,2.1151858817721343,3.3001134295052768,30.418527792396453,35.78921299129495,0.6701202392578125,0.0,2.9042268743064783,1.3909272422790526,10.0,0.0,0.7108897712952691,1.0163482030232749,0.0,0.0,0.0,0.0,0.0,0.0,uncertain_cold,97.85506134033204,97.85506134033204,POINT (554228.0930709123 8634403.181470456),ragna_mariebreen
ragna_mariebreen-20230305-DAT_0068_A1_3,6385.0,7710,31.897655487060547,554226.2265502485,8634398.49192215,130.0824188232422,2021-04-07 16:19:47.800000+00:00,0,2024-04-29,100 MHz,20230305,0.0,31.629608154296875,33.50593948364258,2.8178622962628515,1.1922209266662598,11,0.6910457077708257,1.4519271850585938,2.001756093764075,3.2443773889053666,30.02161663661382,35.11393100132563,0.2680473327636719,0.0,2.900753913105201,1.2915740844726562,10.0,0.0,0.7009559612302316,1.1615384419759114,0.0,0.0,0.0,0.0,0.0,0.0,certain_cold,98.18476333618165,98.18476333618165,POINT (554226.2265502485 8634398.49192215),ragna_mariebreen
ragna_mariebreen-20230305-DAT_0068_A1_3,6390.0,7715,31.495582580566406,554224.6866538151,8634394.522526955,129.51249084472656,2021-04-07 16:19:48.800000+00:00,0,2024-04-29,100 MHz,20230305,0.0,31.227537155151367,33.1038703918457,2.8023470433258124,1.1922209266662598,11,0.6836290579222852,1.0163461367289226,1.709297778756081,3.05834221592621,30.002666485047982,34.32874106194909,0.26804542541503906,0.0,2.880177389620797,1.490277572250366,10.0,0.0,0.6910457077708257,0.8711538314819336,0.0,0.0,0.0,0.0,0.0,0.0,certain_cold,98.01690826416015,98.01690826416015,POINT (554224.6866538151 8634394.522526955),ragna_mariebreen
ragna_mariebreen-20230305-DAT_0068_A1_3,6395.0,7721,30.959489822387695,554222.7993998289,8634389.757713275,128.7608642578125,2021-04-07 16:19:50+00:00,0,2024-04-29,100 MHz,20230305,0.0,30.69144058227539,32.56777572631836,2.7801166027059816,1.3909272422790526,11,0.6737625724430015,0.7259594599405925,1.7075279601857938,2.951274549435158,29.700999699889042,33.558216608704704,0.2680492401123047,0.0,2.8655892210235265,1.4902789861679075,10.0,0.0,0.6860997338563435,0.7259615262349447,0.0,0.0,0.0,0.0,0.0,0.0,certain_cold,97.8013744354248,97.8013744354248,POINT (554222.7993998289 8634389.757713275),ragna_mariebreen
ragna_mariebreen-20230305-DAT_0068_A1_3,6400.0,7726,30.82546615600586,554220.8949279146,8634385.029458132,128.02183685302734,2021-04-07 16:19:51.200000+00:00,0,2024-04-29,100 MHz,20230305,0.0,30.289369583129883,32.29972839355469,2.702740826436908,1.5896307300567627,11,0.6713000413332514,0.14519230524698892,1.7316611703614988,2.7886434920738474,29.602547516654905,32.98655046002967,0.5360965728759766,0.0,2.787637350977388,1.7883313899993896,10.0,0.0,0.6786925892556539,0.4355769157409668,0.0,0.0,0.0,0.0,0.0,0.0,uncertain_cold,97.19637069702148,97.19637069702148,POINT (554220.8949279146 8634385.029458132),ragna_mariebreen
ragna_mariebreen-20230305-DAT_0068_A1_3,6405.0,7732,30.82546615600586,554218.8650639992,8634380.482442979,127.35367889404297,2021-04-07 16:19:52.400000+00:00,0,2024-04-29,100 MHz,20230305,0.0,30.42339324951172,31.897655487060547,2.4530375115967256,1.1922237545013428,11,0.6713000413332514,0.29038461049397785,1.3987009860234754,2.5597578012004223,29.69197888849208,32.629069848080185,0.4020729064941406,0.0,2.5238570089764027,1.3909272422790526,10.0,0.0,0.6786925892556539,0.14519023895263675,0.0,0.0,0.0,0.0,0.0,0.0,uncertain_cold,96.52821273803711,96.52821273803711,POINT (554218.8650639992 8634380.482442979),ragna_mariebreen
ragna_mariebreen-20230305-DAT_0068_A1_3,6410.0,7738,31.09351348876953,554216.7293254314,8634375.819598084,126.71563873291015,2021-04-07 16:19:53.600000+00:00,0,2024-04-29,100 MHz,20230305,0.0,30.69144058227539,32.43375015258789,2.105884118662483,1.1922209266662598,11,0.6762267611020116,1.3067328135172527,1.8937328260169615,2.5689650055203352,29.220103340731757,33.90508739413153,0.4020729064941406,0.0,2.1801937569676757,1.3909258283615111,10.0,0.0,0.6811600039720095,1.1615405082702637,0.0,0.0,0.0,0.0,0.0,0.0,uncertain_cold,95.62212524414062,95.62212524414062,POINT (554216.7293254314 8634375.819598084),ragna_mariebreen
ragna_mariebreen-20230305-DAT_0068_A1_3,6415.0,7744,32.031681060791016,554214.739659483,8634371.050787799,126.07129669189453,2021-04-07 16:19:54.800000+00:00,0,2024-04-29,100 MHz,20230305,0.0,31.495582580566406,33.237892150878906,1.6348698016082888,1.3909215866088867,11,0.6935210426743339,2.032692273457845,2.5588028793367226,2.69918665220063,29.347837410578283,35.38563732086703,0.5360984802246094,0.0,1.682043812921695,1.4902761583328246,10.0,0.0,0.6984761855059635,2.0326943397521973,0.0,0.0,0.0,0.0,0.0,0.0,uncertain_cold,94.03961563110352,94.03961563110352,POINT (554214.739659483 8634371.050787799),ragna_mariebreen
ragna_mariebreen-20230305-DAT_0068_A1_3,6420.0,7751,32.969844818115234,554212.7432988561,8634366.65401253,125.43426513671875,2021-04-07 16:19:56+00:00,0,2024-04-29,100 MHz,20230305,0.0,32.29972839355469,33.77398681640625,1.3151476865773146,0.9935202667236328,11,0.7108897712952691,1.0163440704345705,1.5891513637254162,1.8077425076457692,31.059438291828585,35.01427691813235,0.5360946655273438,0.0,1.3583576365452,0.7948139511108397,10.0,0.0,0.7158652036894816,0.8711538314819337,0.0,0.0,0.0,0.0,0.0,0.0,uncertain_cold,92.46442031860352,92.46442031860352,POINT (554212.7432988561 8634366.65401253),ragna_mariebreen
ragna_mariebreen-20230305-DAT_0068_A1_3,6425.0,7757,32.969844818115234,554210.6259103693,8634362.326962668,124.75857543945312,2021-04-07 16:19:57.200000+00:00,0,2024-04-29,100 MHz,20230305,0.0,32.56777572631836,33.371917724609375,1.1888962359778685,0.3974069755554199,11,0.7108897712952691,0.4355748494466146,0.9235919123848948,1.4520895207682702,31.73405531970552,34.205638131222216,0.402069091796875,0.0,1.2521638399172736,0.5961104633331299,10.0,0.0,0.7133768246642496,0.4355748494466146,0.0,0.0,0.0,0.0,0.0,0.0,uncertain_cold,91.78873062133789,91.78873062133789,POINT (554210.6259103693 8634362.326962668),ragna_mariebreen
ragna_mariebreen-20230305-DAT_0068_A1_3,6430.0,7763,32.56777572631836,554208.3667854667,8634357.99436666,124.04049682617188,2021-04-07 16:19:58.400000+00:00,0,2024-04-29,100 MHz,20230305,0.0,32.031681060791016,32.969844818115234,1.0576226597365634,0.5961132911682129,11,0.703437279580709,0.7259594599405925,1.1735383247634241,1.4630129302809967,31.02081947591347,33.98070640299278,0.5360946655273438,0.0,1.112747018023903,0.6954607933044433,10.0,0.0,0.7084041998653998,0.8711538314819336,0.0,0.0,0.0,0.0,0.0,0.0,uncertain_cold,91.47272109985352,91.47272109985352,POINT (554208.3667854667 8634357.99436666),ragna_mariebreen
ragna_mariebreen-20230305-DAT_0068_A1_3,6435.0,7769,32.29972839355469,554205.9151740685,8634353.542551845,123.30689849853516,2021-04-07 16:19:59.600000+00:00,0,2024-04-29,100 MHz,20230305,0.0,31.629608154296875,32.56777572631836,0.9701693777991572,0.7948139511108397,11,0.6984761855059635,0.7259635925292969,1.283207440859594,1.3986138641584416,30.6221896119834,33.57519426863183,0.6701202392578125,0.0,1.02157435053809,0.8941642810821533,10.0,0.0,0.6984761855059635,1.0163482030232749,0.0,0.0,0.0,0.0,0.0,0.0,uncertain_cold,91.00717010498047,91.00717010498047,POINT (554205.9151740685 8634353.542551845),ragna_mariebreen
ragna_mariebreen-20230305-DAT_0068_A1_3,6440.0,7774,31.897655487060547,554203.5979935148,8634349.282151576,122.64349212646485,2021-04-07 16:20:00.600000+00:00,0,2024-04-29,100 MHz,20230305,0.0,31.495582580566406,32.16570281982422,0.9402522971622356,0.5961132911682129,11,0.6910457077708257,0.8711579640706381,1.261670093368143,1.4562056004943262,30.383620185252525,33.2776652151381,0.4020729064941406,0.0,0.9893172838756095,0.7948153650283813,10.0,0.0,0.6910457077708257,0.7259635925292969,0.0,0.0,0.0,0.0,0.0,0.0,uncertain_cold,90.7458366394043,90.7458366394043,POINT (554203.5979935148 8634349.282151576),ragna_mariebreen
ragna_mariebreen-20230305-DAT_0068_A1_3,6445.0,7779,31.495582580566406,554201.1585884675,8634344.71913606,121.9692367553711,2021-04-07 16:20:01.600000+00:00,0,2024-04-29,100 MHz,20230305,0.0,31.36155891418457,31.76363182067871,0.9098913369427049,0.3974098033905029,11,0.6836290579222852,0.580771287282308,0.9811108646825488,1.2777113218605536,30.46453941775918,32.660651317104104,0.13402366638183594,0.0,0.9581633284421722,0.7948153650283813,10.0,0.0,0.6860997338563435,0.580771287282308,0.0,0.0,0.0,0.0,0.0,0.0,certain_cold,90.4736541748047,90.4736541748047,POINT (554201.1585884675 8634344.71913606),ragna_mariebreen
ragna_mariebreen-20230305-DAT_0068_A1_3,6450.0,7784,31.36155891418457,554198.7541692487,8634340.269183312,121.31060333251953,2021-04-07 16:20:02.600000+00:00,0,2024-04-29,100 MHz,20230305,0.0,31.227537155151367,31.495582580566406,0.841454015540795,0.19870348777770994,11,0.6811600039720095,0.5807671546936035,0.9169255776981459,1.2285415333849241,30.332400607477187,32.39071912824059,0.13402175903320312,0.0,0.886315588164571,0.5961132911682129,10.0,0.0,0.6811600039720095,0.7259615262349447,0.0,0.0,0.0,0.0,0.0,0.0,certain_cold,89.94904441833496,89.94904441833496,POINT (554198.7541692487 8634340.269183312),ragna_mariebreen
ragna_mariebreen-20230305-DAT_0068_A1_3,6455.0,7789,30.959489822387695,554196.4526897522,8634336.009410983,120.67837829589844,2021-04-07 16:20:03.600000+00:00,0,2024-04-29,100 MHz,20230305,0.0,30.82546615600586,31.495582580566406,0.842035259846608,0.7948111232757568,11,0.6737625724430015,0.7259615262349447,1.2699215972969558,1.29999981554742,29.835023759095073,32.48602497747719,0.13402366638183594,0.0,0.8849626994259392,0.5961104633331299,10.0,0.0,0.6737625724430015,0.7259615262349447,0.0,0.0,0.0,0.0,0.0,0.0,certain_cold,89.71888847351075,89.71888847351075,POINT (554196.4526897522 8634336.009410983),ragna_mariebreen
ragna_mariebreen-20230305-DAT_0068_A1_3,6460.0,7794,30.69144058227539,554193.9100428789,8634331.060768258,119.9588680267334,2021-04-07 16:20:04.750000128+00:00,0,2024-04-29,100 MHz,20230305,0.0,30.289369583129883,31.227537155151367,0.8241992506421549,0.7948167789459228,11,0.6688391510715684,0.7259635925292969,1.26732105631452,1.2859523134406148,29.30226829770666,32.21463844057459,0.4020709991455078,0.0,0.8650044612414468,0.4967601333618164,10.0,0.0,0.6688391510715684,0.7259635925292969,0.0,0.0,0.0,0.0,0.0,0.0,uncertain_cold,89.26742744445801,89.26742744445801,POINT (554193.9100428789 8634331.060768258),ragna_mariebreen
ragna_mariebreen-20230305-DAT_0068_A1_3,6465.0,7799,30.289369583129883,554191.8317945062,8634326.335067026,119.28841094970703,2021-04-07 16:20:05.800000+00:00,0,2024-04-29,100 MHz,20230305,0.0,29.75327491760254,30.69144058227539,0.7226443950876874,0.5961104633331299,11,0.6614668275109292,1.0163461367289224,1.3512385126380972,1.4116347811288967,28.540634066591334,31.904081433286596,0.5360946655273438,0.0,0.7614362759010254,0.5961118772506714,10.0,0.0,0.6614668275109292,0.8711517651875814,0.0,0.0,0.0,0.0,0.0,0.0,uncertain_cold,88.99904136657715,88.99904136657715,POINT (554191.8317945062 8634326.335067026),ragna_mariebreen
ragna_mariebreen-20230305-DAT_0068_A1_3,6470.0,7805,29.75327491760254,554190.0140837155,8634321.80260924,118.64371871948242,2021-04-07 16:20:06.833333248+00:00,0,2024-04-29,100 MHz,20230305,0.0,29.217180252075195,30.021324157714844,0.6829113984904505,0.5961076354980468,11,0.6516616816485181,1.0163461367289224,1.346464529823141,1.3870798085045297,28.00985990644493,31.22864450334511,0.5360946655273438,0.0,0.7198014103945509,0.5961076354980468,10.0,0.0,0.6541103058840257,1.0163461367289226,0.0,0.0,0.0,0.0,0.0,0.0,uncertain_cold,88.89044380187988,88.89044380187988,POINT (554190.0140837155 8634321.80260924),ragna_mariebreen
ragna_mariebreen-20230305-DAT_0068_A1_3,6475.0,7810,29.35120391845703,554188.3432816494,8634317.747476652,118.0572280883789,2021-04-07 16:20:07.800000+00:00,0,2024-04-29,100 MHz,20230305,0.0,28.68108558654785,29.485227584838867,0.6600522059679296,0.7948167789459228,11,0.6443269888691137,1.0163461367289224,1.4421686622316117,1.3725107113724375,27.47770836463074,30.68860480675598,0.6701183319091797,0.0,0.695547464532272,0.6954650350570678,10.0,0.0,0.6443269888691137,1.1615405082702637,0.0,0.0,0.0,0.0,0.0,0.0,uncertain_cold,88.70602416992188,88.70602416992188,POINT (554188.3432816494 8634317.747476652),ragna_mariebreen
ragna_mariebreen-20230305-DAT_0068_A1_3,6480.0,7816,28.815109252929688,554186.3464014964,8634312.75505613,117.37246704101562,2021-04-07 16:20:09+00:00,0,2024-04-29,100 MHz,20230305,0.0,28.144990921020508,29.08315658569336,0.6184133079387912,0.5961104633331299,11,0.6345740370542351,1.1615384419759114,1.4516209715991208,1.4609212094178574,26.821414039728324,30.406733466985543,0.6701183319091797,0.0,0.6498577449856037,0.6954622072219848,10.0,0.0,0.6345740370542351,1.1615384419759114,0.0,0.0,0.0,0.0,0.0,0.0,uncertain_cold,88.55735778808594,88.55735778808594,POINT (554186.3464014964 8634312.75505613),ragna_mariebreen
ragna_mariebreen-20230305-DAT_0068_A1_3,6485.0,7821,28.279014587402344,554184.7814549385,8634308.412440808,116.82518768310547,2021-04-07 16:20:10+00:00,0,2024-04-29,100 MHz,20230305,0.0,27.742918014526367,28.815109252929688,0.6031747731189507,0.5961104633331299,11,0.6248528358052045,1.1615405082702637,1.4473994276846274,1.4503231452657872,26.423972443713627,30.134054823742428,0.5360965728759766,0.0,0.6325834774667133,0.8941671089172363,10.0,0.0,0.6248528358052045,1.1615405082702637,0.0,0.0,0.0,0.0,0.0,0.0,uncertain_cold,88.54617309570312,88.54617309570312,POINT (554184.7814549385 8634308.412440808),ragna_mariebreen
ragna_mariebreen-20230305-DAT_0068_A1_3,6490.0,7827,27.742918014526367,554183.0443792155,8634303.430192478,116.13923950195313,2021-04-07 16:20:11.200000+00:00,0,2024-04-29,100 MHz,20230305,0.0,27.206825256347656,28.41303825378418,0.6202586529394197,0.9935174388885497,11,0.6151648559404972,1.0163461367289226,1.5486975724794565,1.3401895635223855,26.018807045364298,29.601056464767538,0.5360927581787109,0.0,0.6412005406745046,0.9935160249710082,10.0,0.0,0.6151648559404972,1.0163461367289226,0.0,0.0,0.0,0.0,0.0,0.0,uncertain_cold,88.39632148742676,88.39632148742676,POINT (554183.0443792155 8634303.430192478),ragna_mariebreen
ragna_mariebreen-20230305-DAT_0068_A1_3,6495.0,7833,27.340848922729492,554181.3466590442,8634298.449487126,115.43232116699218,2021-04-07 16:20:12.400000+00:00,0,2024-04-29,100 MHz,20230305,0.0,26.93877410888672,28.144990921020508,0.5897609375977582,0.9935174388885497,11,0.6079217120042739,0.7259594599405925,1.3724659729039212,1.1155285334403737,25.99189188526889,29.09187314463834,0.40207481384277344,0.0,0.6131994061548949,0.8941713506698608,10.0,0.0,0.6079217120042739,0.7259594599405925,0.0,0.0,0.0,0.0,0.0,0.0,uncertain_cold,88.09147224426269,88.09147224426269,POINT (554181.3466590442 8634298.449487126),ragna_mariebreen
ragna_mariebreen-20230305-DAT_0068_A1_3,6500.0,7838,27.07280158996582,554179.9318822697,8634294.298901185,114.86312713623047,2021-04-07 16:20:13.400000+00:00,0,2024-04-29,100 MHz,20230305,0.0,26.670726776123047,27.742918014526367,0.6173565942994853,0.7948196067810058,11,0.6031041654406496,0.725965658823649,1.233895854392351,1.127780979041665,25.726925540606207,28.686719250043208,0.40207481384277344,0.0,0.641978910727746,0.8941671089172363,10.0,0.0,0.6031041654406496,0.725965658823649,0.0,0.0,0.0,0.0,0.0,0.0,uncertain_cold,87.79032554626465,87.79032554626465,POINT (554179.9318822697 8634294.298901185),ragna_mariebreen
ragna_mariebreen-20230305-DAT_0068_A1_3,6505.0,7844,26.670726776123047,554178.2297745565,8634289.429716785,114.23331756591797,2021-04-07 16:20:14.600000+00:00,0,2024-04-29,100 MHz,20230305,0.0,26.40268325805664,27.340848922729492,0.6455448873849955,0.7948082954406738,11,0.5958951809728308,0.8711538314819336,1.3212570875168863,1.237226036923408,25.347221243196657,28.396310937589476,0.26804351806640625,0.0,0.6657871936718857,0.7948167789459228,10.0,0.0,0.5958951809728308,0.8711538314819336,0.0,0.0,0.0,0.0,0.0,0.0,uncertain_cold,87.56259078979492,87.56259078979492,POINT (554178.2297745565 8634289.429716785),ragna_mariebreen
ragna_mariebreen-20230305-DAT_0068_A1_3,6510.0,7850,26.268659591674805,554176.5547866297,8634284.673284257,113.62598724365235,2021-04-07 16:20:15.800000+00:00,0,2024-04-29,100 MHz,20230305,0.0,26.000608444213867,26.93877410888672,0.7010821517602602,0.7948196067810058,11,0.5887078992992326,0.7259615262349447,1.2269210796111534,1.168380636516834,25.06594426480466,27.873438288295926,0.2680511474609375,0.0,0.7238115250489258,0.6954622072219848,10.0,0.0,0.5887078992992326,0.7259615262349447,0.0,0.0,0.0,0.0,0.0,0.0,uncertain_cold,87.35732765197754,87.35732765197754,POINT (554176.5547866297 8634284.673284257),ragna_mariebreen
ragna_mariebreen-20230305-DAT_0068_A1_3,6515.0,7857,26.000608444213867,554174.9742735318,8634279.920550259,112.9811019897461,2021-04-07 16:20:17+00:00,0,2024-04-29,100 MHz,20230305,0.0,25.464513778686523,26.53670310974121,0.7153771140615581,0.7948139511108397,11,0.5839286392939895,0.725965658823649,1.224633827092576,1.174633223139048,24.532849250232754,27.46836763819498,0.5360946655273438,0.0,0.7400357778268121,0.9935174388885497,10.0,0.0,0.5839286392939895,0.725965658823649,0.0,0.0,0.0,0.0,0.0,0.0,uncertain_cold,86.98049354553223,86.98049354553223,POINT (554174.9742735318 8634279.920550259),ragna_mariebreen
ragna_mariebreen-20230305-DAT_0068_A1_3,6520.0,7862,25.59853744506836,554173.2919883337,8634275.349984607,112.3009536743164,2021-04-07 16:20:18.200000+00:00,0,2024-04-29,100 MHz,20230305,0.0,25.062442779541016,26.268659591674805,0.7167455902396488,0.9935174388885497,11,0.5767790285114628,0.8711538314819336,1.441755855619093,1.2670072166188568,24.017654262262862,27.313448108952958,0.5360946655273438,0.0,0.7423246110307361,0.9935174388885497,10.0,0.0,0.5767790285114628,0.8711538314819336,0.0,0.0,0.0,0.0,0.0,0.0,uncertain_cold,86.70241622924804,86.70241622924804,POINT (554173.2919883337 8634275.349984607),ragna_mariebreen
ragna_mariebreen-20230305-DAT_0068_A1_3,6525.0,7868,25.19646644592285,554171.5382223864,8634270.590477962,111.59352264404296,2021-04-07 16:20:19.400000+00:00,0,2024-04-29,100 MHz,20230305,0.0,24.794395446777344,26.134632110595703,0.7810678721163388,0.9935174388885497,11,0.5696532002404677,0.7259615262349447,1.3559505180843583,1.2089631619573535,23.871614375169578,27.05741318220347,0.4020709991455078,0.0,0.8097074470851311,0.9935174388885497,10.0,0.0,0.5696532002404677,0.7259615262349447,0.0,0.0,0.0,0.0,0.0,0.0,uncertain_cold,86.39705619812011,86.39705619812011,POINT (554171.5382223864 8634270.590477962),ragna_mariebreen
ragna_mariebreen-20230305-DAT_0068_A1_3,6530.0,7874,24.92841911315918,554169.7888060526,8634265.719455848,110.90489501953125,2021-04-07 16:20:20.600000+00:00,0,2024-04-29,100 MHz,20230305,0.0,24.526348114013672,25.86658477783203,0.8891969839307232,0.9935230945587158,11,0.5649163051218543,0.5807692209879557,1.281995108906821,1.2029524496300672,23.716148558447586,26.676784333398118,0.4020709991455078,0.0,0.9156659462949109,1.1922209266662598,10.0,0.0,0.5649163051218543,0.5807692209879557,0.0,0.0,0.0,0.0,0.0,0.0,uncertain_cold,85.97647590637207,85.97647590637207,POINT (554169.7888060526 8634265.719455848),ragna_mariebreen
ragna_mariebreen-20230305-DAT_0068_A1_3,6535.0,7880,24.660371780395508,554168.0064263963,8634260.884376433,110.22266845703125,2021-04-07 16:20:21.800000+00:00,0,2024-04-29,100 MHz,20230305,0.0,23.856229782104492,25.59853744506836,0.9669656629541765,1.1922209266662598,11,0.560190659096464,0.8711538314819336,1.579276198334395,1.4169492460836393,22.82050656973326,26.63426065743959,0.8041419982910156,0.0,0.9958524343444451,1.1922209266662598,10.0,0.0,0.560190659096464,0.8711538314819336,0.0,0.0,0.0,0.0,0.0,0.0,uncertain_cold,85.56229667663574,85.56229667663574,POINT (554168.0064263963 8634260.884376433),ragna_mariebreen
ragna_mariebreen-20230305-DAT_0068_A1_3,6540.0,7886,24.124277114868164,554166.2053772738,8634256.123028362,109.56561279296875,2021-04-07 16:20:23+00:00,0,2024-04-29,100 MHz,20230305,0.0,23.32013511657715,25.330493927001953,1.0434781975965188,1.3909244144439696,11,0.5507742718446286,0.8711538314819336,1.7311649324451828,1.4666656215684999,22.289474504818052,26.36115453876105,0.8041419982910156,0.0,1.0718178635431184,1.2915754983901977,10.0,0.0,0.5507742718446286,0.8711538314819336,0.0,0.0,0.0,0.0,0.0,0.0,uncertain_cold,85.44133567810059,85.44133567810059,POINT (554166.2053772738 8634256.123028362),ragna_mariebreen
ragna_mariebreen-20230305-DAT_0068_A1_3,6545.0,7892,23.856229782104492,554164.4200610332,8634251.362298895,108.93507232666016,2021-04-07 16:20:24.200000+00:00,0,2024-04-29,100 MHz,20230305,0.0,22.91806411743164,25.062442779541016,1.1019321199461631,1.1922209266662598,11,0.5460841324984894,0.8711538314819336,1.574327671056199,1.5071069221662163,21.889902224599446,26.09060467237321,0.9381656646728516,0.0,1.127003656749142,1.3909244144439696,10.0,0.0,0.5460841324984894,0.8711538314819336,0.0,0.0,0.0,0.0,0.0,0.0,uncertain_cold,85.07884254455567,85.07884254455567,POINT (554164.4200610332 8634251.362298895),ragna_mariebreen
ragna_mariebreen-20230305-DAT_0068_A1_3,6550.0,7898,23.32013511657715,554162.3827603179,8634246.591716591,108.2909164428711,2021-04-07 16:20:25.400000+00:00,0,2024-04-29,100 MHz,20230305,0.0,22.381967544555664,24.660371780395508,1.1988810351928723,1.3909244144439696,11,0.5367415399819226,1.0163461367289224,1.8043618476021575,1.6608331303689436,21.232597738798624,25.809741586152548,0.9381675720214844,0.0,1.2290788571119649,1.7883313899993896,10.0,0.0,0.5367415399819226,1.0163461367289224,0.0,0.0,0.0,0.0,0.0,0.0,uncertain_cold,84.97078132629395,84.97078132629395,POINT (554162.3827603179 8634246.591716591),ragna_mariebreen
ragna_mariebreen-20230305-DAT_0068_A1_3,6555.0,7904,22.91806411743164,554160.3383563636,8634242.304841587,107.67973709106445,2021-04-07 16:20:26.500000+00:00,0,2024-04-29,100 MHz,20230305,0.0,21.979896545410156,24.25830078125,1.241964918425109,1.7883313899993896,11,0.5297688789994021,1.0163482030232749,2.124087544194465,1.6899986963141749,20.833764469711667,25.40443285694849,0.9381675720214844,0.0,1.2737347708227635,1.788332803916931,10.0,0.0,0.5297688789994021,1.0163482030232749,0.0,0.0,0.0,0.0,0.0,0.0,uncertain_cold,84.76167297363281,84.76167297363281,POINT (554160.3383563636 8634242.304841587),ragna_mariebreen
ragna_mariebreen-20230305-DAT_0068_A1_3,6560.0,7910,22.381967544555664,554158.2099876143,8634238.34975047,107.06845703125,2021-04-07 16:20:27.600000+00:00,0,2024-04-29,100 MHz,20230305,0.0,21.57782554626465,23.856229782104492,1.205130357097001,1.3909272422790526,11,0.5205199212962144,1.3067307472229006,1.978172092492953,1.852248744580674,20.1712388144191,25.26281651395004,0.8041419982910156,0.0,1.2225663987975404,1.6889810600280761,10.0,0.0,0.5205199212962144,1.3067307472229006,0.0,0.0,0.0,0.0,0.0,0.0,uncertain_cold,84.68648948669434,84.68648948669434,POINT (554158.2099876143 8634238.34975047),ragna_mariebreen
ragna_mariebreen-20230305-DAT_0068_A1_3,6565.0,7917,21.711851119995117,554155.4560947045,8634233.551154776,106.313232421875,2021-04-07 16:20:29+00:00,0,2024-04-29,100 MHz,20230305,0.0,21.041730880737305,23.18610954284668,1.1488010651084188,1.5896279022216795,11,0.5090400687792006,1.1615384419759116,2.033521627947994,1.7111508498682397,19.77354582176107,24.454294601822916,0.6701202392578125,0.0,1.1443147500554598,1.3909258283615111,10.0,0.0,0.5090400687792006,1.1615384419759116,0.0,0.0,0.0,0.0,0.0,0.0,uncertain_cold,84.60138130187988,84.60138130187988,POINT (554155.4560947045 8634233.551154776),ragna_mariebreen
ragna_mariebreen-20230305-DAT_0068_A1_3,6570.0,7923,21.309778213500977,554152.9325615485,8634229.26417026,105.67376136779785,2021-04-07 16:20:30.249999872+00:00,0,2024-04-29,100 MHz,20230305,0.0,20.50563621520996,22.515993118286133,1.0420685381402242,1.3909244144439696,11,0.5021978285530916,1.161542574564616,1.8804399852763014,1.6392957785925457,19.240178269828277,23.781451063667816,0.8041419982910156,0.0,1.0211831808388632,1.2915726705551147,10.0,0.0,0.5021978285530916,1.161542574564616,0.0,0.0,0.0,0.0,0.0,0.0,uncertain_cold,84.36398315429688,84.36398315429688,POINT (554152.9325615485 8634229.26417026),ragna_mariebreen
ragna_mariebreen-20230305-DAT_0068_A1_3,6575.0,7928,20.639657974243164,554150.4520803863,8634225.38839661,105.07545471191406,2021-04-07 16:20:31.400000+00:00,0,2024-04-29,100 MHz,20230305,0.0,20.23758888244629,21.84587287902832,1.0107266397018495,1.3909272422790526,11,0.49087492553347617,1.5971174240112302,2.1740333143518695,1.9527699810271448,18.566738123522033,23.516723637952577,0.402069091796875,0.0,0.9689338186827319,1.1922209266662598,10.0,0.0,0.49087492553347617,1.5971174240112302,0.0,0.0,0.0,0.0,0.0,0.0,uncertain_cold,84.4357967376709,84.4357967376709,POINT (554150.4520803863 8634225.38839661),ragna_mariebreen
ragna_mariebreen-20230305-DAT_0068_A1_3,6580.0,7935,19.83551597595215,554147.1802512377,8634221.128006766,104.34041748046874,2021-04-07 16:20:32.800000+00:00,0,2024-04-29,100 MHz,20230305,0.0,19.701492309570312,20.90770721435547,0.9216597371345926,1.1922209266662598,11,0.4774296572406255,1.306728680928548,1.8321762090899225,1.6688126300544261,18.3102774005163,22.298922123409483,0.13402366638183594,0.0,0.8980589532174907,1.0928677688598631,10.0,0.0,0.4774296572406255,1.306728680928548,0.0,0.0,0.0,0.0,0.0,0.0,certain_cold,84.5049015045166,84.5049015045166,POINT (554147.1802512377 8634221.128006766),ragna_mariebreen
ragna_mariebreen-20230305-DAT_0068_A1_3,6585.0,7941,19.433446884155273,554144.1764960323,8634217.473776761,103.65430450439453,2021-04-07 16:20:34+00:00,0,2024-04-29,100 MHz,20230305,0.0,18.897350311279297,20.371612548828125,0.819230652546922,0.9935202667236328,11,0.4707690974561879,1.0163461367289226,1.4972192668925008,1.387703813800328,17.777268612132524,21.4916942479749,0.5360965728759766,0.0,0.8022788238746246,0.8941685228347778,10.0,0.0,0.4707690974561879,1.0163461367289226,0.0,0.0,0.0,0.0,0.0,0.0,uncertain_cold,84.22085762023926,84.22085762023926,POINT (554144.1764960323 8634217.473776761),ragna_mariebreen
ragna_mariebreen-20230305-DAT_0068_A1_3,6590.0,7947,18.897350311279297,554141.2759338683,8634213.600211795,102.9528579711914,2021-04-07 16:20:35.200000+00:00,0,2024-04-29,100 MHz,20230305,0.0,18.09320831298828,19.1653995513916,0.7662936476614605,0.9935174388885497,11,0.4619566424621288,1.3067307472229006,1.7052935485212704,1.5837156120020126,16.70722520152819,20.551382662851694,0.8041419982910156,0.0,0.7556478886144679,0.6954636211395263,10.0,0.0,0.4619566424621288,1.3067307472229006,0.0,0.0,0.0,0.0,0.0,0.0,uncertain_cold,84.05550765991211,84.05550765991211,POINT (554141.2759338683 8634213.600211795),ragna_mariebreen
ragna_mariebreen-20230305-DAT_0068_A1_3,6595.0,7954,18.22723388671875,554138.1393627012,8634209.307905387,102.16750793457031,2021-04-07 16:20:36.600000+00:00,0,2024-04-29,100 MHz,20230305,0.0,17.557111740112305,18.76332664489746,0.7251259678515097,0.9935230945587158,11,0.4510574487406891,1.5971174240112307,1.9342505079658776,1.8110893289391659,15.897522366759748,20.422916018250017,0.6701221466064453,0.0,0.7188308327858326,0.8941671089172363,10.0,0.0,0.4510574487406891,1.5971174240112307,0.0,0.0,0.0,0.0,0.0,0.0,uncertain_cold,83.94027404785156,83.94027404785156,POINT (554138.1393627012 8634209.307905387),ragna_mariebreen
ragna_mariebreen-20230305-DAT_0068_A1_3,6600.0,7962,17.42308807373047,554135.1602597076,8634205.02176107,101.42115020751953,2021-04-07 16:20:38+00:00,0,2024-04-29,100 MHz,20230305,0.0,16.75296974182129,18.22723388671875,0.7885591035361602,0.7948167789459228,11,0.4381616131177942,1.3067328135172527,1.5909965296086206,1.5878796254447172,15.374733098449513,19.60547053009053,0.6701183319091797,0.0,0.7936504766176583,0.9935216806411743,10.0,0.0,0.4381616131177942,1.3067328135172527,0.0,0.0,0.0,0.0,0.0,0.0,uncertain_cold,83.99806213378906,83.99806213378906,POINT (554135.1602597076 8634205.02176107),ragna_mariebreen
ragna_mariebreen-20230305-DAT_0068_A1_3,6605.0,7968,17.021018981933594,554132.4506914136,8634201.304601343,100.79119110107422,2021-04-07 16:20:39.200000+00:00,0,2024-04-29,100 MHz,20230305,0.0,16.216875076293945,17.557111740112305,0.8110174245869204,0.7948167789459228,11,0.4317939727153883,1.0163461367289226,1.3605657707774053,1.3700929776846331,15.112608122827917,18.66137869357833,0.8041439056396484,0.0,0.8256945819925208,0.8941671089172363,10.0,0.0,0.4317939727153883,1.0163461367289226,0.0,0.0,0.0,0.0,0.0,0.0,uncertain_cold,83.77017211914062,83.77017211914062,POINT (554132.4506914136 8634201.304601343),ragna_mariebreen
ragna_mariebreen-20230305-DAT_0068_A1_3,6610.0,7974,16.484922409057617,554129.6538807383,8634197.397889744,100.15836944580079,2021-04-07 16:20:40.400000+00:00,0,2024-04-29,100 MHz,20230305,0.0,15.680779457092285,17.021018981933594,0.8640492480270744,0.7948139511108397,11,0.4233923319252015,1.3067328135172527,1.586991156098924,1.622773186761455,14.30716680694095,18.39463163208493,0.804142951965332,0.0,0.8823654114060726,0.9935195597648621,10.0,0.0,0.4233923319252015,1.3067328135172527,0.0,0.0,0.0,0.0,0.0,0.0,uncertain_cold,83.67344703674317,83.67344703674317,POINT (554129.6538807383 8634197.397889744),ragna_mariebreen
ragna_mariebreen-20230305-DAT_0068_A1_3,6615.0,7981,15.814804077148438,554126.2911724362,8634192.83616903,99.42862243652344,2021-04-07 16:20:41.800000+00:00,0,2024-04-29,100 MHz,20230305,0.0,15.010662078857422,16.484922409057617,0.8625358361032928,0.9935174388885497,11,0.41304141584039283,1.4519240856170657,1.8071424025156544,1.738578393445862,13.501130111128886,17.994454376786155,0.8041419982910156,0.0,0.8817995105020144,1.0928691827774046,10.0,0.0,0.41304141584039283,1.4519240856170657,0.0,0.0,0.0,0.0,0.0,0.0,uncertain_cold,83.613818359375,83.613818359375,POINT (554126.2911724362 8634192.83616903),ragna_mariebreen
ragna_mariebreen-20230305-DAT_0068_A1_3,6620.0,7987,15.144684791564941,554123.4398167789,8634189.113485657,98.80296325683594,2021-04-07 16:20:43+00:00,0,2024-04-29,100 MHz,20230305,0.0,14.474566459655762,15.814804077148438,0.8858851351905104,0.7948153650283813,11,0.4028704394397079,1.5971163908640544,1.8288840371729875,1.870261433514704,12.827421852482194,17.461948684322007,0.6701183319091797,0.0,0.913920364948902,0.9935181458473205,10.0,0.0,0.4028704394397079,1.5971163908640544,0.0,0.0,0.0,0.0,0.0,0.0,uncertain_cold,83.658278465271,83.658278465271,POINT (554123.4398167789 8634189.113485657),ragna_mariebreen
ragna_mariebreen-20230305-DAT_0068_A1_3,6625.0,7993,14.340542793273926,554120.6052241002,8634185.465923477,98.13032531738281,2021-04-07 16:20:44.249999872+00:00,0,2024-04-29,100 MHz,20230305,0.0,13.938471794128418,15.010662078857422,0.8937757258385587,0.7948139511108397,11,0.3909225844617938,1.4519230524698894,1.7007734223629536,1.7492101261523763,12.43484251224549,16.51429136074035,0.4020709991455078,0.0,0.9350762710950191,0.7948146580696106,10.0,0.0,0.3909225844617938,1.4519230524698894,0.0,0.0,0.0,0.0,0.0,0.0,uncertain_cold,83.78978252410889,83.78978252410889,POINT (554120.6052241002 8634185.465923477),ragna_mariebreen
ragna_mariebreen-20230305-DAT_0068_A1_3,6630.0,7999,13.804448127746582,554117.4430238487,8634181.32158472,97.35695190429688,2021-04-07 16:20:45.600000+00:00,0,2024-04-29,100 MHz,20230305,0.0,13.402375221252441,14.340542793273926,0.9367731609610375,0.9935202667236328,11,0.38312545627334454,1.3067307472229006,1.6856490979361562,1.6528382607137677,12.040637228471752,15.702280786054615,0.4020729064941406,0.0,0.987298609691256,0.8941685228347778,10.0,0.0,0.38312545627334454,1.3067307472229006,0.0,0.0,0.0,0.0,0.0,0.0,uncertain_cold,83.5525037765503,83.5525037765503,POINT (554117.4430238487 8634181.32158472),ragna_mariebreen
ragna_mariebreen-20230305-DAT_0068_A1_3,6635.0,8006,13.134329795837402,554114.2511804327,8634177.027177593,96.58283996582031,2021-04-07 16:20:47+00:00,0,2024-04-29,100 MHz,20230305,0.0,12.866280555725098,13.670424461364746,0.9720189476645772,0.5961132911682129,11,0.3735829863287793,1.1615405082702637,1.3579733634848918,1.5599876392606524,11.646140973534981,14.890564043554862,0.2680492401123047,0.0,1.0203035153918447,0.6954636211395263,10.0,0.0,0.3735829863287793,1.1615405082702637,0.0,0.0,0.0,0.0,0.0,0.0,uncertain_cold,83.44851016998291,83.44851016998291,POINT (554114.2511804327 8634177.027177593),ragna_mariebreen
ragna_mariebreen-20230305-DAT_0068_A1_3,6640.0,8012,12.732256889343262,554111.6916355682,8634173.235261438,95.99650319417317,2021-04-07 16:20:48.166666752+00:00,0,2024-04-29,100 MHz,20230305,0.0,12.46420955657959,13.134329795837402,1.0422251568199437,0.5961132911682129,11,0.36797302373746316,1.1615405082702637,1.3564407670291514,1.6033757438790166,11.245775931571139,14.352763420845854,0.2680473327636719,0.0,1.0859692042762228,0.6954636211395263,10.0,0.0,0.36797302373746316,1.0163482030232749,0.0,0.0,0.0,0.0,0.0,0.0,uncertain_cold,83.26424630482991,83.26424630482991,POINT (554111.6916355682 8634173.235261438),ragna_mariebreen
ragna_mariebreen-20230305-DAT_0068_A1_3,6645.0,8020,12.062138557434082,554108.5674237105,8634168.689112073,95.33731231689453,2021-04-07 16:20:49.600000+00:00,0,2024-04-29,100 MHz,20230305,0.0,11.928114891052246,12.598233222961426,1.0526700794763824,0.5961104633331299,11,0.35882875390845587,1.0163461367289226,1.2316920186355595,1.506596110608319,10.850284874641819,13.676063239371853,0.0,0.0,1.0929304311040646,0.3974069755554199,10.0,0.0,0.36063631153262116,1.0163461367289224,0.0,0.0,0.0,0.0,0.0,0.0,certain_cold,83.27517375946044,83.27517375946044,POINT (554108.5674237105 8634168.689112073),ragna_mariebreen
ragna_mariebreen-20230305-DAT_0068_A1_3,6650.0,8026,11.79409122467041,554105.8562566973,8634165.009176088,94.75135955810546,2021-04-07 16:20:50.800000+00:00,0,2024-04-29,100 MHz,20230305,0.0,11.392020225524902,12.196162223815918,1.0892638134957546,0.5961104633331299,11,0.35524672430064574,0.7259615262349447,1.004274891249875,1.3563613191517307,10.583799727950318,13.004382721390503,0.0,0.0,1.120343692459585,0.49675871944427485,10.0,0.0,0.35524672430064574,0.7259625593821208,0.0,0.0,0.0,0.0,0.0,0.0,certain_cold,82.95726833343505,82.95726833343505,POINT (554105.8562566973 8634165.009176088),ragna_mariebreen
ragna_mariebreen-20230305-DAT_0068_A1_3,6655.0,8033,11.392020225524902,554102.6027911655,8634160.675162382,94.04494934082031,2021-04-07 16:20:52.200000+00:00,0,2024-04-29,100 MHz,20230305,0.0,11.123971939086914,11.928114891052246,1.0809874352279103,0.5961118772506714,11,0.3499589260577695,0.8711548646291097,1.1120842676226426,1.431752731170814,10.185152442008551,12.866934388130609,0.13402366638183594,0.0,1.1209672419060372,0.5961118772506714,10.0,0.0,0.35170991786640166,0.7259625593821208,0.0,0.0,0.0,0.0,0.0,0.0,uncertain_cold,82.65292911529541,82.65292911529541,POINT (554102.6027911655 8634160.675162382),ragna_mariebreen
ragna_mariebreen-20230305-DAT_0068_A1_3,6660.0,8039,10.989948272705078,554099.7743095058,8634156.76728172,93.42582702636719,2021-04-07 16:20:53.400000+00:00,0,2024-04-29,100 MHz,20230305,0.0,10.721901893615723,11.526042938232422,1.0668462518198691,0.5961104633331299,11,0.34477758804001946,0.7259615262349447,1.0006195117442507,1.3356843368888351,9.918228002794288,12.329716829053856,0.26804637908935547,0.0,1.1102331525160682,0.6954622072219848,10.0,0.0,0.3464925694450564,0.8711527983347574,0.0,0.0,0.0,0.0,0.0,0.0,uncertain_cold,82.43587875366211,82.43587875366211,POINT (554099.7743095058 8634156.76728172),ragna_mariebreen
ragna_mariebreen-20230305-DAT_0068_A1_3,6665.0,8045,10.721901893615723,554096.9974156223,8634152.749734389,92.81139831542968,2021-04-07 16:20:54.600000+00:00,0,2024-04-29,100 MHz,20230305,0.0,10.58787727355957,11.257996559143066,0.9642601768732065,0.5961132911682129,11,0.3413849324245699,0.5807692209879558,0.8995485623582997,1.1762798344089016,9.914203346400825,11.931670486301812,0.13402462005615234,0.0,1.007805736002541,0.5961111702919006,10.0,0.0,0.3413849324245699,0.5807692209879557,0.0,0.0,0.0,0.0,0.0,0.0,uncertain_cold,82.08949642181396,82.08949642181396,POINT (554096.9974156223 8634152.749734389),ragna_mariebreen
ragna_mariebreen-20230305-DAT_0068_A1_3,6670.0,8051,10.453853607177734,554094.3292989872,8634148.773670426,92.21358337402344,2021-04-07 16:20:55.800000+00:00,0,2024-04-29,100 MHz,20230305,0.0,10.319828987121582,10.989948272705078,0.8877267005892485,0.5961104633331299,11,0.33804322518891156,0.7259625593821208,0.9983198606739222,1.1955557513808521,9.51902010872377,11.79075715110289,0.13402462005615234,0.0,0.9281142429043218,0.5961111702919006,10.0,0.0,0.3397076067208147,0.7259625593821208,0.0,0.0,0.0,0.0,0.0,0.0,uncertain_cold,81.75972976684571,81.75972976684571,POINT (554094.3292989872 8634148.773670426),ragna_mariebreen
ragna_mariebreen-20230305-DAT_0068_A1_3,6675.0,8057,10.051782608032227,554091.6110146816,8634144.870112026,91.56364440917969,2021-04-07 16:20:57+00:00,0,2024-04-29,100 MHz,20230305,0.0,9.917757987976074,10.58787727355957,0.8096066789577406,0.5961104633331299,11,0.3331296045680355,0.7259625593821208,0.996666772577241,1.1373038053560172,9.119010862119401,11.386624399416243,0.13402462005615234,0.0,0.842444629663321,0.4967601333618164,10.0,0.0,0.3331296045680355,0.8711548646291097,0.0,0.0,0.0,0.0,0.0,0.0,uncertain_cold,81.51186180114746,81.51186180114746,POINT (554091.6110146816 8634144.870112026),ragna_mariebreen
ragna_mariebreen-20230305-DAT_0068_A1_3,6680.0,8063,9.783734321594238,554088.3082686323,8634140.583851116,90.82149251302083,2021-04-07 16:20:58.333333248+00:00,0,2024-04-29,100 MHz,20230305,0.0,9.649711608886719,10.051782608032227,0.767145660680407,0.3974069755554199,11,0.3299220861206725,0.7259625593821208,0.8909559611759506,1.1065182715326638,8.852296898378532,10.849197318540414,0.13402271270751953,0.0,0.8021545221114108,0.3974076825141907,10.0,0.0,0.3299220861206725,0.5807702541351318,0.0,0.0,0.0,0.0,0.0,0.0,uncertain_cold,81.03775819142659,81.03775819142659,POINT (554088.3082686323 8634140.583851116),ragna_mariebreen
ragna_mariebreen-20230305-DAT_0068_A1_3,6685.0,8070,9.38166332244873,554085.2389735222,8634136.579729607,90.13335571289062,2021-04-07 16:20:59.600000+00:00,0,2024-04-29,100 MHz,20230305,0.0,9.38166332244873,9.783734321594238,0.6898109172562487,0.3974069755554199,11,0.32521722383402746,0.5807692209879557,0.7752363735954182,0.9585917964864794,8.716036451953505,10.449361192089464,0.0,0.0,0.7125558816701995,0.3974076825141907,10.0,0.0,0.32677105065742856,0.5807692209879557,0.0,0.0,0.0,0.0,0.0,0.0,certain_cold,80.75169239044189,80.75169239044189,POINT (554085.2389735222 8634136.579729607),ragna_mariebreen
ragna_mariebreen-20230305-DAT_0068_A1_3,6690.0,8077,9.247639656066895,554082.0891968791,8634132.212589296,89.43135833740234,2021-04-07 16:21:01+00:00,0,2024-04-29,100 MHz,20230305,0.0,9.113616943359375,9.783734321594238,0.6322531878253141,0.3974069755554199,11,0.3236781359365881,0.4355769157409668,0.6726270061705104,0.8332099847727881,8.570943206009025,10.326408058944589,0.13402271270751953,0.0,0.6475502490885185,0.5961104633331299,10.0,0.0,0.3236781359365881,0.29038461049397785,0.0,0.0,0.0,0.0,0.0,0.0,uncertain_cold,80.18371868133545,80.18371868133545,POINT (554082.0891968791 8634132.212589296),ragna_mariebreen
ragna_mariebreen-20230305-DAT_0068_A1_3,6695.0,8083,8.979592323303223,554079.3078429548,8634128.306595612,88.8101089477539,2021-04-07 16:21:02.200000+00:00,0,2024-04-29,100 MHz,20230305,0.0,8.845568656921387,9.783734321594238,0.5763162391330312,0.5961104633331299,11,0.32064502384582627,0.4355769157409668,0.8049150050401238,0.7903675653339686,8.304698542343493,10.324604436172132,0.13402366638183594,0.0,0.5899751425790466,0.6954622072219848,10.0,0.0,0.3236781359365881,0.14519127209981283,0.0,0.0,0.0,0.0,0.0,0.0,uncertain_cold,79.83051662445068,79.83051662445068,POINT (554079.3078429548 8634128.306595612),ragna_mariebreen
ragna_mariebreen-20230305-DAT_0068_A1_3,6700.0,8089,8.845568656921387,554076.5235706128,8634124.474952003,88.19597625732422,2021-04-07 16:21:03.400000+00:00,0,2024-04-29,100 MHz,20230305,0.0,8.711544036865234,9.38166332244873,0.5570092734185914,0.5961132911682129,11,0.3191514279236802,0.290385643641154,0.7358889263238101,0.7045855424665755,8.280056544603163,9.813150814710802,0.13402462005615234,0.0,0.5757653864986846,0.6954643280982971,10.0,0.0,0.322154009002084,0.4355769157409668,0.0,0.0,0.0,0.0,0.0,0.0,uncertain_cold,79.35040760040283,79.35040760040283,POINT (554076.5235706128 8634124.474952003),ragna_mariebreen
ragna_mariebreen-20230305-DAT_0068_A1_3,6705.0,8096,8.711544036865234,554073.2999596812,8634120.17941024,87.51788635253907,2021-04-07 16:21:04.800000+00:00,0,2024-04-29,100 MHz,20230305,0.0,8.443496704101562,9.113616943359375,0.5528897869047465,0.5961118772506714,11,0.3176734168961843,0.290385643641154,0.7352479799596213,0.7006620714003008,8.01310127913124,9.544012368329698,0.2680473327636719,0.0,0.5771502468606815,0.6954622072219848,10.0,0.0,0.3191514279236802,0.43557898203531903,0.0,0.0,0.0,0.0,0.0,0.0,uncertain_cold,78.80634231567383,78.80634231567383,POINT (554073.2999596812 8634120.17941024),ragna_mariebreen
ragna_mariebreen-20230305-DAT_0068_A1_3,6710.0,8102,8.577520370483398,554070.478349755,8634116.495238656,86.94254302978516,2021-04-07 16:21:06+00:00,0,2024-04-29,100 MHz,20230305,0.0,8.309473037719727,8.845568656921387,0.5637117254782115,0.3974069755554199,11,0.31621123048118177,0.4355769157409668,0.6690658383365141,0.7794149737145539,7.77121957344027,9.383822121200843,0.2680473327636719,0.0,0.5926756234903834,0.49675871944427485,10.0,0.0,0.3176734168961843,0.5807702541351318,0.0,0.0,0.0,0.0,0.0,0.0,uncertain_cold,78.36502265930176,78.36502265930176,POINT (554070.478349755 8634116.495238656),ragna_mariebreen
ragna_mariebreen-20230305-DAT_0068_A1_3,6715.0,8109,8.309473037719727,554067.1264171712,8634112.455308164,86.29598846435547,2021-04-07 16:21:07.400000+00:00,0,2024-04-29,100 MHz,20230305,0.0,8.041425704956055,8.443496704101562,0.5296600533789327,0.3974069755554199,11,0.3133351829364785,0.5807692209879557,0.770327287023444,0.8461746847183312,7.381522814438978,9.10339959461864,0.2680473327636719,0.0,0.5581644612900826,0.3974069755554199,10.0,0.0,0.3133351829364785,0.7259615262349447,0.0,0.0,0.0,0.0,0.0,0.0,uncertain_cold,77.98651542663575,77.98651542663575,POINT (554067.1264171712 8634112.455308164),ragna_mariebreen
ragna_mariebreen-20230305-DAT_0068_A1_3,6720.0,8116,8.041425704956055,554063.9699518376,8634108.795308733,85.73096720377605,2021-04-07 16:21:08.666666752+00:00,0,2024-04-29,100 MHz,20230305,0.0,7.773378372192383,8.17544937133789,0.533958548847986,0.3974069755554199,11,0.3105250568751759,0.5807692209879557,0.7691885355453462,0.847838682110067,7.114805142403707,8.834022601126566,0.2680473327636719,0.0,0.5622611822757799,0.3974069755554199,10.0,0.0,0.3105250568751759,0.5807692209879557,0.0,0.0,0.0,0.0,0.0,0.0,uncertain_cold,77.68954149881999,77.68954149881999,POINT (554063.9699518376 8634108.795308733),ragna_mariebreen
ragna_mariebreen-20230305-DAT_0068_A1_3,6725.0,8123,7.773378372192383,554060.4401049557,8634104.934595784,85.15459442138672,2021-04-07 16:21:10+00:00,0,2024-04-29,100 MHz,20230305,0.0,7.505331039428711,7.907402038574219,0.5700489159070165,0.3974069755554199,11,0.30778265793723225,0.7259620428085328,0.8829968042670094,0.9729886015017905,6.716819116801256,8.695913961201674,0.2680473327636719,0.0,0.5993726614499798,0.3974069755554199,10.0,0.0,0.30778265793723225,0.7259620428085328,0.0,0.0,0.0,0.0,0.0,0.0,uncertain_cold,77.38121604919434,77.38121604919434,POINT (554060.4401049557 8634104.934595784),ragna_mariebreen
ragna_mariebreen-20230305-DAT_0068_A1_3,6730.0,8128,7.371306896209717,554056.9546501616,8634101.485147972,84.62693939208984,2021-04-07 16:21:11.200000+00:00,0,2024-04-29,100 MHz,20230305,0.0,7.237283229827881,7.639354228973389,0.5711935404555288,0.3974069755554199,11,0.30380004302706015,1.0163466533025107,1.1327785706141178,1.2047892124685462,6.176502863388881,8.700134595412388,0.13402366638183594,0.0,0.5960334472765643,0.29805523166656495,10.0,0.0,0.30380004302706015,1.0163466533025107,0.0,0.0,0.0,0.0,0.0,0.0,uncertain_cold,77.25563249588012,77.25563249588012,POINT (554056.9546501616 8634101.485147972),ragna_mariebreen
ragna_mariebreen-20230305-DAT_0068_A1_3,6735.0,8134,6.835212230682373,554053.2936487471,8634098.289462617,84.15093536376953,2021-04-07 16:21:12.400000+00:00,0,2024-04-29,100 MHz,20230305,0.0,6.701187610626221,7.237283229827881,0.6165622420445209,0.3974069755554199,11,0.29874412211018975,1.1615394751230874,1.2634691555335695,1.3485440300856222,5.501845289700037,8.436625550754064,0.13402462005615234,0.0,0.6475503598419031,0.4967594264030456,10.0,0.0,0.29874412211018975,1.1615394751230874,0.0,0.0,0.0,0.0,0.0,0.0,uncertain_cold,77.31572313308716,77.31572313308716,POINT (554053.2936487471 8634098.289462617),ragna_mariebreen
ragna_mariebreen-20230305-DAT_0068_A1_3,6740.0,8140,6.299116611480713,554049.489430574,8634095.125427198,83.71207733154297,2021-04-07 16:21:13.600000+00:00,0,2024-04-29,100 MHz,20230305,0.0,6.031069278717041,6.835212230682373,0.6343161655117944,0.7948139511108397,11,0.29399242853177854,1.3067317803700766,1.5574686869223366,1.4820042144652454,4.691674081673553,8.17460742772586,0.2680473327636719,0.0,0.6620284788837214,0.6954629141807556,10.0,0.0,0.29399242853177854,1.3067317803700766,0.0,0.0,0.0,0.0,0.0,0.0,uncertain_cold,77.41296072006226,77.41296072006226,POINT (554049.489430574 8634095.125427198),ragna_mariebreen
ragna_mariebreen-20230305-DAT_0068_A1_3,6745.0,8146,5.628998279571533,554045.6107973136,8634091.846811501,83.30048980712891,2021-04-07 16:21:14.800000+00:00,0,2024-04-29,100 MHz,20230305,0.0,5.226926803588867,6.165092945098877,0.7536162497920476,0.9935181458473205,11,0.288503463848474,1.4519240856170657,1.7828056835155697,1.661100614351265,3.7466167688165832,7.645402979871161,0.402071475982666,0.0,0.7942784889998479,0.9935181458473205,10.0,0.0,0.288503463848474,1.3067312637964885,0.0,0.0,0.0,0.0,0.0,0.0,uncertain_cold,77.67149152755738,77.67149152755738,POINT (554045.6107973136 8634091.846811501),ragna_mariebreen
ragna_mariebreen-20230305-DAT_0068_A1_3,6750.0,8152,4.958878993988037,554041.7557712072,8634088.569127107,82.90270233154297,2021-04-07 16:21:16+00:00,0,2024-04-29,100 MHz,20230305,0.0,4.422784328460693,5.628998279571533,0.7485492474617036,0.9935174388885497,9,0.2835422232239959,1.5971169074376423,1.902171261939799,1.7864782630218223,2.8006935146114857,7.251089093420741,0.5360946655273438,0.0,0.7579412338525702,0.5961108168125152,8.0,0.0,0.2844908872811031,1.4519246021906536,0.0,0.0,0.0,0.0,0.0,0.0,uncertain_cold,77.94382333755493,77.94382333755493,POINT (554041.7557712072 8634088.569127107),ragna_mariebreen
ragna_mariebreen-20230305-DAT_0068_A1_3,6755.0,8158,4.154736518859863,554037.8998974616,8634085.514798941,82.48650512695312,2021-04-07 16:21:17.200000+00:00,0,2024-04-29,100 MHz,20230305,0.0,3.6186416149139404,4.5568084716796875,0.6569595645787092,0.9935177923679351,9,0.2783248717173137,1.4519238273302717,1.781186441206394,1.617758759542748,2.140281870269274,6.0351682163243545,0.5360949039459229,0.0,0.6582873402678537,0.5961111702919006,8.0,0.0,0.2791368581370181,1.5971166491508484,0.0,0.0,0.0,0.0,0.0,0.0,uncertain_cold,78.33176860809326,78.33176860809326,POINT (554037.8998974616 8634085.514798941),ragna_mariebreen
ragna_mariebreen-20230305-DAT_0068_A1_3,6760.0,8164,3.6186416149139404,554034.0755073378,8634082.461709041,82.08047180175781,2021-04-07 16:21:18.400000+00:00,0,2024-04-29,100 MHz,20230305,0.0,3.2165701389312744,4.020712852478027,0.6096894915013448,0.5961111702919006,9,0.2753140513211681,1.4519238273302717,1.5934958909802808,1.5986250039554077,1.7387742710170826,5.498508720392219,0.8041424751281738,0.0,0.6283719947486016,0.6954627374410629,8.0,0.0,0.2753140513211681,1.5971161325772603,0.0,0.0,0.0,0.0,0.0,0.0,uncertain_cold,78.46183018684387,78.46183018684387,POINT (554034.0755073378 8634082.461709041),ragna_mariebreen
ragna_mariebreen-20230305-DAT_0068_A1_3,6765.0,8171,2.8144991397857666,554030.1528004468,8634079.367565535,81.6839828491211,2021-04-07 16:21:19.666666752+00:00,0,2024-04-29,100 MHz,20230305,0.0,2.8144991397857666,3.2165701389312744,0.577569844379899,0.5961104633331299,7,0.2715300391543115,1.5971166491508484,1.7262264734539368,1.7199119391105455,1.1944651422542407,4.8366041364628005,0.0,0.0,0.6228862367284298,0.6954627374410629,6.0,0.0,0.2715300391543115,1.8875012596448264,0.0,0.0,0.0,0.0,0.0,0.0,certain_cold,78.86948370933533,78.86948370933533,POINT (554030.1528004468 8634079.367565535),ragna_mariebreen
ragna_mariebreen-20230305-DAT_0068_A1_3,6770.0,8178,2.1443800926208496,554026.1475261898,8634076.232983353,81.3546142578125,2021-04-07 16:21:21+00:00,0,2024-04-29,100 MHz,20230305,0.0,1.8763327598571777,2.9485228061676025,0.6204094329419764,0.7948144813299178,8,0.2690712663824427,1.4519242147604623,1.6769655129227263,1.601683844047826,0.399686806420662,4.4251687596041185,0.2680473327636719,0.0,0.6598284258341717,0.9935177923679351,7.0,0.0,0.26826898786532394,1.0163469115893047,0.0,0.0,0.0,0.0,0.0,0.0,uncertain_temperate,79.21023416519165,79.21023416519165,POINT (554026.1475261898 8634076.232983353),ragna_mariebreen
ragna_mariebreen-20230305-DAT_0068_A1_3,6775.0,8185,1.4742614030838013,554021.9430039366,8634073.016185096,81.05176086425782,2021-04-07 16:21:22.400000+00:00,0,2024-04-29,100 MHz,20230305,0.0,1.3402377367019653,2.1443800926208496,0.7410365869864513,0.7948144813299178,7,0.2672627521257855,0.2903846104939779,0.8874021976631197,0.8395759786571533,0.945582696590239,2.539035132732576,0.0,0.0,0.7628766024245025,0.7948145696997642,6.0,0.0,0.26826898786532394,0.0,0.0,0.0,0.0,0.0,0.0,0.0,certain_cold,79.57749946117401,79.57749946117401,POINT (554021.9430039366 8634073.016185096),ragna_mariebreen
ragna_mariebreen-20230305-DAT_0068_A1_3,6780.0,8192,1.8763327598571777,554017.9359674084,8634069.993247952,80.8184600830078,2021-04-07 16:21:23.800000+00:00,0,2024-04-29,100 MHz,20230305,0.0,1.8763327598571777,1.8763327598571777,0.5872626742967284,0.0,5,0.26826898786532394,0.0,0.26826898786532394,0.6456358869149318,1.6080637719918538,2.1446017477225015,0.0,0.0,0.5872626742967284,0.0,5.0,0.0,0.26826898786532394,0.4355773031711579,0.0,0.0,0.0,0.0,0.0,0.0,certain_cold,78.94212732315063,78.94212732315063,POINT (554017.9359674084 8634069.993247952),ragna_mariebreen
ragna_mariebreen-20230305-DAT_0068_A1_3,6785.0,8198,1.4742614030838013,554014.1952178894,8634067.017936582,80.63576812744141,2021-04-07 16:21:25.200000+00:00,0,2024-04-29,100 MHz,20230305,0.0,1.4742614030838013,1.8763327598571777,0.63147808286718,0.5961109935522079,5,0.2672627521257855,0.7259620428085328,0.9766261223755933,0.9986064467117144,0.7006657294450541,2.649928433495925,0.0,0.0,0.63147808286718,0.5961109935522079,5.0,0.0,0.2672627521257855,0.7259620428085328,0.0,0.0,0.0,0.0,0.0,0.0,certain_cold,79.16150672435761,79.16150672435761,POINT (554014.1952178894 8634067.017936582),ragna_mariebreen
ragna_mariebreen-20230305-DAT_0068_A1_3,6790.0,8206,1.2062139511108398,554010.2418231479,8634064.034344634,80.48073883056641,2021-04-07 16:21:26.800000+00:00,0,2024-04-29,100 MHz,20230305,0.0,1.2062139511108398,1.8763327598571777,0.8074862409676726,0.9935181458473205,5,0.26672454112499994,0.29038486878077185,1.0688983389373685,0.8986096940314355,0.8119230016139387,2.270623709354079,0.0,0.0,0.8074862409676726,0.9935181458473205,5.0,0.0,0.26672454112499994,0.29038486878077185,0.0,0.0,0.0,0.0,0.0,0.0,certain_cold,79.27452487945557,79.27452487945557,POINT (554010.2418231479 8634064.034344634),ragna_mariebreen
ragna_mariebreen-20230305-DAT_0068_A1_3,6795.0,8215,1.7423089742660522,554006.01113705,8634061.486701056,80.36201629638671,2021-04-07 16:21:28.600000+00:00,0,2024-04-29,100 MHz,20230305,0.0,1.7423089742660522,1.8763327598571777,0.584196069051262,0.19870366451740265,3,0.2679071783747558,0.6991521364319476,0.7746425707348676,0.9496699496125097,0.9935847485980965,2.6250569855251333,0.0,0.0,0.584196069051262,0.19870366451740265,3.0,0.0,0.2679071783747558,0.580778196394093,0.0,0.0,0.0,0.0,0.0,0.0,certain_cold,78.61970732212066,78.61970732212066,POINT (554006.01113705 8634061.486701056),ragna_mariebreen
