radar_key,distance,x,thickness,easting,northing,elevation,time,part_idx,elevation_date,antenna,date_str,temperate,thickness_user_lower,thickness_user_upper,thickness_user_std,thickness_user_nmad,thickness_user_count,thickness_gpr_uncertainty,thickness_gnss_uncertainty,thickness_nmad,thickness_std,thickness_lower,thickness_upper,temperate_user_lower,temperate_user_upper,temperate_user_std,temperate_user_nmad,temperate_user_count,temperate_user_temperate_line_count,temperate_gpr_uncertainty,temperate_gnss_uncertainty,temperate_nmad,temperate_std,temperate_lower,temperate_upper,temperate_frac,temperate_frac_std,bed_type,bed_elevation,temperate_elevation,geometry,glacier
dronbreen-20220329-DAT_0235_A1_1,5.0,40,97.02609252929688,538553.4104016809,8668504.605660086,737.7163434709821,2022-03-29 10:00:23.285714432+00:00,0,2022-05-04,100 MHz,20220329,95.67127084732056,96.92186737060547,97.3387451171875,0.41312827185467516,0.30903147354125976,8,1.9586181487470884,1.0171184730149077,2.228500727482208,2.2453039905000125,94.71489771953419,99.54571476825878,96.92187546938658,36.9970703125,31.780511257581267,3.7855492908641692,8.0,8.0,0.26700976895233863,0.00033802949065616424,3.7949542506520593,31.78163290525252,97.02609252929688,36.730060329578166,0.9860365222729419,0.3275460283839132,certain_temperate,640.6902509416852,736.3615217890058,POINT (538553.4104016809 8668504.605660086),dronbreen
dronbreen-20220329-DAT_0235_A1_1,10.0,49,97.96403503417969,538556.1520308177,8668500.297815459,737.7279663085938,2022-03-29 10:00:26+00:00,0,2022-05-04,100 MHz,20220329,96.60921335220337,97.75559997558594,98.58934020996094,0.6996266745782292,0.7725588890075683,10,1.9772053166202022,2.3709322611490884,3.182374567522392,3.1654601774165654,94.66842316642376,101.67651701912311,97.02608156204224,38.45608901977539,30.21219926149883,5.407927058140933,9.0,9.0,0.26700976895233863,0.0,5.414514685813385,30.21337912967079,97.29309133099457,38.18907925082305,0.9861702135737506,0.3084009274521796,certain_temperate,639.7639312744141,736.3731446266174,POINT (538556.1520308177 8668500.297815459),dronbreen
dronbreen-20220329-DAT_0235_A1_1,15.0,56,99.21464538574219,538560.2077402433,8668496.878195327,737.8622436523438,2022-03-29 10:00:28+00:00,0,2022-05-04,100 MHz,20220329,97.85982370376587,98.79776763916016,100.04837799072266,0.9739331156074262,1.0815847068786621,10,2.0019935922992933,2.4838345845540366,3.3685661734910233,3.3355596682882083,95.60756191114916,103.23858371873365,98.27669191360474,43.97960662841797,28.755740847178977,5.253415209643543,9.0,9.0,0.26700976895233863,0.0,5.260196344399142,28.75698047234503,98.54370168255707,43.71259685946563,0.9863445393902399,0.2898336302607132,certain_temperate,638.6475982666016,736.5074219703674,POINT (538560.2077402433 8668496.878195327),dronbreen
dronbreen-20220329-DAT_0235_A1_1,20.0,62,100.25680541992188,538564.8459099424,8668494.591729991,738.0810546875,2022-03-29 10:00:29.666666752+00:00,0,2022-05-04,100 MHz,20220329,98.90198373794556,99.73572540283203,101.19476318359375,1.348837522271773,1.4678613235473632,10,2.0226543978651494,1.919331232706706,3.151123618522906,3.0974708804983027,96.94736330402803,103.98312528239775,99.31885194778442,49.60731506347656,27.621060059326233,5.56243996707648,9.0,9.0,0.26700976895233863,0.0,5.568844817737856,27.62235060630472,99.58586171673676,49.34030529452422,0.9864864866150312,0.2755030937165458,certain_temperate,637.8242492675781,736.7262330055237,POINT (538564.8459099424 8668494.591729991),dronbreen
dronbreen-20220329-DAT_0235_A1_1,25.0,66,100.98633575439453,538568.6618340048,8668492.840009574,738.27001953125,2022-03-29 10:00:31+00:00,0,2022-05-04,100 MHz,20220329,99.63151407241821,100.15259552001953,102.13272094726562,1.7113690450779184,1.776892797088623,10,2.037119535923143,1.9193477630615234,3.3152827709796377,3.2806304040016303,97.35371148540699,104.93160498187817,100.04838228225708,53.984439849853516,26.421804356797903,5.716952169053256,9.0,9.0,0.26700976895233863,0.0,5.723184106767728,26.42315347731267,100.31539205120941,53.717430080901174,0.98658410891082,0.2616374201462016,certain_temperate,637.2836837768555,736.9151978492737,POINT (538568.6618340048 8668492.840009574),dronbreen
dronbreen-20220329-DAT_0235_A1_1,30.0,72,102.02851104736328,538574.1447351726,8668490.577724043,738.5188598632812,2022-03-29 10:00:33+00:00,0,2022-05-04,100 MHz,20220329,100.67368936538696,100.98633575439453,103.59175872802734,2.180797369083214,2.008650849151611,10,2.057786875897689,1.5806242624918623,3.281392710358241,3.3895039535004208,98.39156025624547,106.1865342261764,101.09055757522583,61.38386154174805,24.03457441056432,6.025976573006808,9.0,9.0,0.26700976895233863,0.0,6.031889245928084,24.036057524345985,101.35756734417816,61.116851772795705,0.986721146196602,0.23556723668550925,certain_temperate,636.490348815918,737.1640381813049,POINT (538574.1447351726 8668490.577724043),dronbreen
dronbreen-20220329-DAT_0235_A1_1,35.0,77,102.44537353515625,538578.7345056004,8668489.313367527,738.6719665527344,2022-03-29 10:00:34.500000+00:00,0,2022-05-03,100 MHz,20220329,101.09055185317993,101.61163330078125,103.69597625732422,2.3966413068351,1.776892797088623,10,2.0660546516254303,0.9032103220621746,2.8708393758147053,3.2906321980754685,99.35677838097317,105.9508311771323,101.5074200630188,67.0115737915039,22.316811594730098,6.335000976960361,9.0,9.0,0.26700976895233863,0.0,6.340625489240372,22.318408858415413,101.77442983197113,66.74456402255157,0.9867751794422285,0.21784108764142113,certain_temperate,636.2265930175781,737.317144870758,POINT (538578.7345056004 8668489.313367527),dronbreen
dronbreen-20220329-DAT_0235_A1_1,40.0,83,102.86224365234375,538583.0171179437,8668488.040238269,738.9679565429688,2022-03-29 10:00:36+00:00,0,2022-05-03,100 MHz,20220329,101.50742197036743,101.820068359375,104.11283874511719,2.7567992771299803,1.8541492515563964,10,2.074323134826793,1.0161126454671223,2.9619538860358703,3.5965599717424745,99.51024122819054,106.42266587630165,101.9242901802063,73.78568267822266,18.82573620544346,6.644025380913913,9.0,9.0,0.26700976895233863,0.0,6.6493885041366205,18.827629640867187,102.19129994915863,73.51867290927032,0.986828775711374,0.1830189147834567,certain_temperate,636.105712890625,737.6131348609924,POINT (538583.0171179437 8668488.040238269),dronbreen
dronbreen-20220329-DAT_0235_A1_1,45.0,89,103.3833236694336,538587.6559398829,8668486.405152196,739.3479614257812,2022-03-29 10:00:38+00:00,0,2022-05-03,100 MHz,20220329,102.02850198745728,101.92428588867188,104.11283874511719,2.867682764280677,2.2404315238952637,10,2.0846593595058995,0.4516010284423828,3.093425536089307,3.573982732277568,99.79127202700435,106.24585260678471,102.44537019729614,87.12546157836914,9.235974638234698,6.798537582890689,9.0,9.0,0.26700976895233863,0.0,6.803778911949826,9.239833425707983,102.71237996624848,86.8584518094168,0.9868951622574224,0.08933718041186767,certain_temperate,635.9646377563477,737.9931397438049,POINT (538587.6559398829 8668486.405152196),dronbreen
dronbreen-20220329-DAT_0235_A1_1,50.0,96,103.27910614013672,538592.5357844494,8668484.404809903,739.763916015625,2022-03-29 10:00:40+00:00,0,2022-05-03,100 MHz,20220329,101.9242844581604,101.92428588867188,103.90441131591797,2.9868497204323026,2.2404315238952637,10,2.0825920162245537,1.2419255574544272,3.301378804312585,3.8471859649290763,99.49950371365064,106.3291934909392,102.34115266799927,93.58691883087158,5.38933661240859,5.407927754053473,9.0,9.0,0.26700976895233863,0.0,5.414515380879236,5.395946936225714,102.6081624369516,93.31990906191925,0.9868819383454192,0.05218225460913595,certain_temperate,636.4848098754883,738.4090943336487,POINT (538592.5357844494 8668484.404809903),dronbreen
dronbreen-20220329-DAT_0235_A1_1,55.0,100,102.23693084716797,538597.1033512357,8668482.798730321,740.1378173828125,2022-03-29 10:00:41.333333248+00:00,0,2022-05-03,100 MHz,20220329,100.88210916519165,101.7158432006836,103.69597625732422,2.8456564134466253,2.1631807250976562,10,2.061920466851096,1.3548113505045574,3.281216337962105,3.7662700687105986,99.24865252968237,106.16316692832544,101.29897737503052,97.13029479980469,3.5276359426230495,3.7082935544013975,9.0,9.0,0.26700976895233863,0.11290167768796286,3.719607787274848,3.5395277014351434,101.58887564260164,96.84039653223357,0.9867482164150485,0.03450451723650082,certain_temperate,637.9008865356445,738.7829957008362,POINT (538597.1033512357 8668482.798730321),dronbreen
dronbreen-20220329-DAT_0235_A1_1,60.0,105,102.02851104736328,538602.4139454245,8668480.96581753,740.5199127197266,2022-03-29 10:00:42.750000128+00:00,0,2022-05-03,100 MHz,20220329,100.77790629863739,100.77790069580078,103.27910614013672,2.7240589895298752,1.9314000503540039,10,2.057786875897689,0.22578811645507815,2.831214095517425,3.42139802983921,98.70776371962043,105.34924311631707,101.09055757522583,98.1724796295166,3.5228004829002466,1.5451221744149923,9.0,9.0,0.2668063059506171,0.11290167768796286,1.5720480042252796,3.5346931459522737,101.3802684547588,97.88276874998363,0.9877425953207791,0.034527608476663016,certain_temperate,638.4914016723633,739.2693079710007,POINT (538602.4139454245 8668480.96581753),dronbreen
dronbreen-20220329-DAT_0235_A1_1,65.0,109,102.02851104736328,538606.5941305871,8668479.437296696,740.830304827009,2022-03-29 10:00:43.857143040+00:00,0,2022-05-03,100 MHz,20220329,100.77790629863739,100.04837799072266,102.23693084716797,2.683801995365509,2.472195231628418,10,2.057786875897689,1.1290232340494792,3.408948452664928,3.5653854546133164,97.70121368253281,104.58409515535782,101.09055757522583,98.1724796295166,3.541250806379932,1.5451221744149923,9.0,9.0,0.2668063059506171,0.0,1.567988564615166,3.551287495906454,101.35736388117645,97.90567332356599,0.9877425953207791,0.034708443453967744,certain_temperate,638.8017937796457,739.579700078283,POINT (538606.5941305871 8668479.437296696),dronbreen
dronbreen-20220329-DAT_0235_A1_1,70.0,113,100.98633575439453,538610.8992548258,8668477.859189138,741.1544189453125,2022-03-29 10:00:45+00:00,0,2022-05-03,100 MHz,20220329,99.73573100566864,99.00621032714844,102.02851104736328,2.8101276287046253,2.858477503967285,10,2.037119535923143,2.4838511149088545,4.300030930744652,4.268042836509816,95.79383233496357,105.24088903954815,100.04838228225708,97.13030433654785,3.5509498942103352,1.5451221744149923,9.0,9.0,0.2668063059506171,0.0,1.567988564615166,3.5609592466198494,100.3151885882077,96.86349803059724,0.987616099352615,0.035162676887757184,certain_temperate,640.168083190918,739.9038141965866,POINT (538610.8992548258 8668477.859189138),dronbreen
dronbreen-20220329-DAT_0235_A1_1,75.0,117,99.73572540283203,538615.7043403047,8668476.011860043,741.5463663736979,2022-03-29 10:00:46.333333248+00:00,0,2022-05-03,100 MHz,20220329,98.48512065410614,98.06825256347656,102.02851104736328,2.9540230289700764,3.4765347953796386,10,2.0123235248467495,2.5967451731363935,4.7831815401826585,4.418006735909798,94.7830537167005,105.31370989413935,98.79777193069458,95.87969398498535,3.560961431714688,1.5451221744149923,9.0,9.0,0.2668063059506171,0.0,1.567988564615166,3.5709427218949528,99.0645782366452,95.61288767903474,0.9874608146311193,0.03570397084226324,certain_temperate,641.8106409708658,740.295761624972,POINT (538615.7043403047 8668476.011860043),dronbreen
dronbreen-20220329-DAT_0235_A1_1,80.0,121,98.58934020996094,538620.1894702623,8668474.155386202,741.9208780924479,2022-03-29 10:00:47.666666752+00:00,0,2022-05-03,100 MHz,20220329,97.33873546123505,97.02609252929688,101.29898071289062,3.056656191127532,3.8628001007080077,10,1.9895987538230335,3.1612485249837246,5.3733806915158855,4.826504170586016,93.2908555304003,105.0342177117872,97.65138673782349,94.73330879211426,3.581911423822393,1.5451221744149923,9.0,9.0,0.2668063059506171,0.0,1.567988564615166,3.5918344968837825,97.91819304377411,94.46650248616365,0.9873150104660144,0.03633162993275105,certain_temperate,643.3315378824869,740.670273343722,POINT (538620.1894702623 8668474.155386202),dronbreen
dronbreen-20220329-DAT_0235_A1_1,85.0,127,96.8176498413086,538625.7692286002,8668471.647971503,742.3824564615885,2022-03-29 10:00:49.333333248+00:00,0,2022-05-03,100 MHz,20220329,95.5670450925827,95.5670394897461,99.4230728149414,3.4074180935884395,3.012984757232666,10,1.9544878941343424,3.1612485249837246,4.784515891116452,5.042223044406439,91.85038573064645,103.13972657404105,95.87969636917114,92.96161842346191,3.604079160794977,1.5451221744149923,9.0,9.0,0.2668063059506171,0.0,1.567988564615166,3.613941366731292,96.14650267512177,92.6948121175113,0.987082884672622,0.0372254353075326,certain_temperate,645.5648066202799,741.1318517128626,POINT (538625.7692286002 8668471.647971503),dronbreen
dronbreen-20220329-DAT_0235_A1_1,90.0,131,95.6712646484375,538630.3311803039,8668469.793730257,742.7513936360677,2022-03-29 10:00:50.666666752+00:00,0,2022-05-03,100 MHz,20220329,94.42065989971161,94.73330688476562,98.17247772216797,3.731884470311083,2.703958939361572,10,1.9317754403068041,2.3709322611490884,4.082213870497654,4.8249391538628865,91.67502695337771,101.23075765355588,94.73331117630005,91.81523323059082,3.6156128295315453,1.5451221744149923,9.0,9.0,0.2668063059506171,0.0,1.567988564615166,3.625443660845955,95.00011748225067,91.54842692464021,0.9869281047624752,0.03779204594836089,certain_temperate,647.0801289876302,741.5007888873419,POINT (538630.3311803039 8668469.793730257),dronbreen
dronbreen-20220329-DAT_0235_A1_1,95.0,135,94.62909698486328,538634.1857541559,8668468.151845984,743.0807037353516,2022-03-29 10:00:51.750000128+00:00,0,2022-05-03,100 MHz,20220329,93.37849223613739,94.10800170898438,96.92186737060547,4.046762268354164,2.3949387771606445,10,1.9111322294567334,2.032233556111654,3.6767011533985468,4.915148469947721,91.31830645232021,99.71156262726963,93.69114351272583,90.7730655670166,3.6395651994629596,1.5451221744149923,9.0,9.0,0.2668063059506171,0.0,1.567988564615166,3.6493315067333727,93.95794981867645,90.50625926106599,0.9867841415740665,0.03846137515235022,certain_temperate,648.4516067504883,741.8300989866257,POINT (538634.1857541559 8668468.151845984),dronbreen
dronbreen-20220329-DAT_0235_A1_1,100.0,139,93.79535675048828,538638.8244284873,8668466.19128172,743.5186157226562,2022-03-29 10:00:53+00:00,0,2022-05-03,100 MHz,20220329,92.54475200176239,93.17005920410156,95.6712646484375,4.3855996190438775,2.317687978363037,10,1.8946206953320621,1.9193477630615234,3.556003512343367,5.148491762963948,90.47311956540925,98.36820428712981,92.85740327835083,89.9393253326416,3.6519782592567065,1.5451221744149923,9.0,9.0,0.2668063059506171,0.0,1.567988564615166,3.661711459274018,93.12420958430145,89.67251902669099,0.9866666667513967,0.038935597515467574,certain_temperate,649.723258972168,742.2680109739304,POINT (538638.8244284873 8668466.19128172),dronbreen
dronbreen-20220329-DAT_0235_A1_1,105.0,143,92.85739135742188,538643.4248144581,8668464.338186113,743.9838460286459,2022-03-29 10:00:54.333333248+00:00,0,2022-05-03,100 MHz,20220329,91.60678660869598,92.0236587524414,94.420654296875,4.717619748336311,2.0859129592895505,10,1.8760485206630884,2.3709405263264975,3.673138971641506,5.6032894911071915,89.00026380118884,97.44404924812757,91.91943788528442,89.0013599395752,3.6776631051230506,1.5451221744149923,9.0,9.0,0.2668063059506171,0.0,1.567988564615166,3.6873285071550557,92.18624419123505,88.73455363362459,0.9865319849023959,0.03960549668003465,certain_temperate,651.126454671224,742.73324127992,POINT (538643.4248144581 8668464.338186113),dronbreen
dronbreen-20220329-DAT_0235_A1_1,110.0,149,91.60679626464844,538648.6996292804,8668462.194289284,744.5203247070312,2022-03-29 10:00:56+00:00,0,2022-05-03,100 MHz,20220329,90.35619151592255,90.14775848388672,95.87969207763672,5.47795379543332,2.7812097381591796,9,1.851291994459308,2.2580216725667315,4.03250189462592,6.20756971023544,87.22783658038824,98.7996139811352,90.66884279251099,87.75076484680176,3.7044731093868744,1.5451221744149923,9.0,9.0,0.2668063059506171,0.0,1.567988564615166,3.7140687423721,90.93564909846161,87.48395854085115,0.9863481226315027,0.040438845811011634,certain_temperate,652.9135284423828,743.2697199583054,POINT (538648.6996292804 8668462.194289284),dronbreen
dronbreen-20220329-DAT_0235_A1_1,115.0,153,90.77306365966797,538652.6832185058,8668460.633688783,744.9430236816406,2022-03-29 10:00:57.249999872+00:00,0,2022-05-03,100 MHz,20220329,89.52245891094208,89.10558319091797,91.29414367675781,5.641258167220517,2.5494629974365233,10,1.8347914416807305,2.8225498199462895,4.222914715672305,6.569401862405425,85.73909434932891,94.66063251834687,89.83511018753052,86.91703224182129,3.718292480140827,1.5451221744149923,9.0,9.0,0.2668063059506171,0.0,1.567988564615166,3.7278525417144435,90.10191649348114,86.65022593587068,0.9862227328426995,0.04096250947397436,certain_temperate,654.1699600219727,743.6924189329147,POINT (538652.6832185058 8668460.633688783),dronbreen
dronbreen-20220329-DAT_0235_A1_1,120.0,158,89.0013656616211,538657.2260477605,8668458.778988734,745.4422200520834,2022-03-29 10:00:58.666666752+00:00,0,2022-05-03,100 MHz,20220329,87.7507609128952,87.85497283935547,89.73088836669922,6.252253559227771,1.776898452758789,10,1.7997381020174668,3.838662465413412,4.59692885203195,7.55414199814271,83.61535177619108,93.97050942986361,88.06341218948364,85.14533424377441,3.737109697530609,1.3906099503457545,9.0,9.0,0.2668063059506171,0.0,1.4159737423044385,3.746621744488271,88.33021849543427,84.8785279378238,0.9859484768640446,0.0419893522953223,certain_temperate,656.4408543904623,744.1916153033575,POINT (538657.2260477605 8668458.778988734),dronbreen
dronbreen-20220329-DAT_0235_A1_1,125.0,163,87.22968292236328,538662.2568260261,8668457.106648266,745.9903215680804,2022-03-29 10:01:00.285714432+00:00,0,2022-05-03,100 MHz,20220329,85.97907817363739,86.60437774658203,88.1676254272461,6.920035181023558,1.4678726348876951,10,1.7647002672109544,3.95156478881836,4.569866670437514,8.161857522643192,82.27667266035867,92.49533051346945,86.29172945022583,83.3736515045166,3.766621371951579,1.3906099503457545,9.0,9.0,0.2668063059506171,0.0,1.4159737423044385,3.7760590785284873,86.55853575617645,83.10684519856599,0.9856630827164766,0.043180500556261006,certain_temperate,658.7606386457171,744.7397168193545,POINT (538662.2568260261 8668457.106648266),dronbreen
dronbreen-20220329-DAT_0235_A1_1,130.0,169,85.35376739501953,538667.3708638118,8668455.658236962,746.557373046875,2022-03-29 10:01:02+00:00,0,2022-05-03,100 MHz,20220329,84.10316264629364,85.14533233642578,86.2917251586914,7.662642999245291,1.3906105247497558,10,1.7276186626131473,3.6128660837809248,4.2392529075638485,8.646014418020977,81.14065162721265,90.29640586790454,84.41581392288208,81.49773597717285,3.7971751556035835,1.3906099503457545,9.0,9.0,0.2668063059506171,0.0,1.4159737423044385,3.8065371096612357,84.6826202288327,81.23092967122224,0.9853479841969006,0.044487493305716136,certain_temperate,661.2036056518555,745.3067682981491,POINT (538667.3708638118 8668455.658236962),dronbreen
dronbreen-20220329-DAT_0235_A1_1,135.0,175,83.89472961425781,538672.4938858775,8668455.57248812,747.0682220458984,2022-03-29 10:01:03.750000128+00:00,0,2022-05-03,100 MHz,20220329,82.64412486553192,82.53990936279297,84.41581726074219,8.428354250850745,1.9314000503540039,10,1.6987908237389824,2.822541554768881,3.8187612187363,9.049297567714897,79.24557618425487,87.71015043928028,82.95677614212036,79.93448114395142,3.831463550225732,1.3906099503457545,9.0,9.0,0.2668063059506171,0.0,1.4159737423044385,3.840741925930898,83.22358244807099,79.6676748380008,0.9850931667045584,0.045669895687637796,certain_temperate,663.1734924316406,745.8176172971725,POINT (538672.4938858775 8668455.57248812),dronbreen
dronbreen-20220329-DAT_0235_A1_1,140.0,183,82.74834442138672,538676.6756889569,8668458.157960013,747.3505249023438,2022-03-29 10:01:06+00:00,0,2022-05-03,100 MHz,20220329,81.49773967266083,82.33148193359375,84.62425994873047,8.623599165025354,2.085924270629883,10,1.6761489795934539,2.70965576171875,3.8082528555245125,9.193376545526338,79.14530715043954,87.81043473188468,81.81039094924927,78.78809595108032,3.8639255183626826,1.3906099503457545,9.0,9.0,0.2668063059506171,0.0,1.4159737423044385,3.873126129672172,82.07719725519989,78.52128964512971,0.9848866493043374,0.04669489819259794,certain_temperate,664.602180480957,746.0999201536179,POINT (538676.6756889569 8668458.157960013),dronbreen
dronbreen-20220329-DAT_0235_A1_1,145.0,189,86.39595031738281,538678.2443612601,8668462.801815163,747.22119140625,2022-03-29 10:01:07.857143040+00:00,0,2022-05-03,100 MHz,20220329,85.14534556865692,85.77064514160156,91.18992614746094,8.009772359289194,2.0086678161621094,9,1.748217404242811,7.90312957763672,8.339692297027469,11.38736907547336,77.676466911947,99.2841043771155,85.45799684524536,82.43570184707642,3.847572019629125,1.3906099503457545,9.0,9.0,0.2668063059506171,0.0,1.4159737423044385,3.856811643200632,85.72480315119599,82.1688955411258,0.9855247295257279,0.044534170936192545,certain_temperate,660.8252410888672,745.9705866575241,POINT (538678.2443612601 8668462.801815163),dronbreen
dronbreen-20220329-DAT_0235_A1_1,150.0,195,90.04354095458984,538677.0807450465,8668468.155965881,746.7889811197916,2022-03-29 10:01:09.666666752+00:00,0,2022-05-03,100 MHz,20220329,88.79293620586395,89.62667846679688,95.35861206054688,6.362669944559232,2.0859129592895505,8,1.8203559286733897,7.33861796061198,7.843471307565624,9.881931901317197,82.06565940327951,102.91963112406424,89.10558748245239,86.08329248428345,3.831463550225732,1.3906099503457545,9.0,9.0,0.2668063059506171,0.0,1.4159737423044385,3.840741925930898,89.37239378840302,85.81648617833284,0.9861111109640103,0.04255123143322396,certain_temperate,656.7454401652018,745.5383763710657,POINT (538677.0807450465 8668468.155965881),dronbreen
dronbreen-20220329-DAT_0235_A1_1,155.0,200,93.17005920410156,538674.25687992,8668471.486506624,746.3530883789062,2022-03-29 10:01:11+00:00,0,2022-05-03,100 MHz,20220329,91.91945445537567,92.33631896972656,98.79776763916016,5.317095422501041,3.3992726852416992,8,1.882239084930051,5.870896021525065,7.040262698012587,8.141360316334039,86.17107411908218,104.96301248980454,92.23210573196411,89.20981073379517,3.8156035101598604,1.3906099503457545,9.0,9.0,0.2668063059506171,0.0,1.4159737423044385,3.824920358862294,92.49891203791474,88.94300442784456,0.9865771819894815,0.04095310814176115,certain_temperate,653.1830291748047,745.1024836301804,POINT (538674.25687992 8668471.486506624),dronbreen
dronbreen-20220329-DAT_0235_A1_1,160.0,204,95.46282958984375,538670.3209562548,8668474.288956365,745.8982747395834,2022-03-29 10:01:12.333333248+00:00,0,2022-05-03,100 MHz,20220329,94.21222484111786,94.10800170898438,101.61163330078125,4.6985081377250575,4.635375956726074,8,1.9276464233151833,5.08057975769043,7.142466077467063,7.183598689225488,88.67402421477505,107.04561079499058,94.5248761177063,91.50258111953735,3.799994717976576,1.3906099503457545,9.0,9.0,0.2668063059506171,0.0,1.4159737423044385,3.80934974261289,94.79168242365692,91.23577481358674,0.986899563378761,0.039806013862183444,certain_temperate,650.4354451497396,744.6476699908575,POINT (538670.3209562548 8668474.288956365),dronbreen
dronbreen-20220329-DAT_0235_A1_1,165.0,208,97.85982513427734,538665.9314034358,8668476.83030712,745.4559326171875,2022-03-29 10:01:13.666666752+00:00,0,2022-05-03,100 MHz,20220329,96.60922038555145,95.9839096069336,102.34114837646484,3.9683694683309056,4.712621099853515,8,1.9751400330418438,5.19347381591797,7.285749519269425,6.827979544779774,90.42753053178491,107.89752745161353,96.92187166213989,93.89957666397095,3.7846404303862067,1.3906099503457545,9.0,9.0,0.2668063059506171,0.0,1.4159737423044385,3.7940333145886984,97.18867796809052,93.63277035802034,0.9872204477474807,0.03867409762068501,certain_temperate,647.5961074829102,744.2053278684616,POINT (538665.9314034358 8668476.83030712),dronbreen
dronbreen-20220329-DAT_0235_A1_1,170.0,212,100.25680541992188,538661.5820326065,8668479.310790354,745.0218505859375,2022-03-29 10:01:15+00:00,0,2022-05-03,100 MHz,20220329,99.00620067119598,97.75559997558594,102.44537353515625,3.327380232743314,2.858488815307617,8,2.0226543978651494,3.4999472300211587,4.950931198610495,5.23566811776558,93.71322920756676,106.48774430317543,99.31885194778442,96.29655694961548,3.7547080081680275,1.3906099503457545,9.0,9.0,0.2668063059506171,0.0,1.4159737423044385,3.7641755845730858,99.58565825373505,96.02975064366487,0.9875259864556049,0.03745090413006452,certain_temperate,644.7650451660156,743.7712458372116,POINT (538661.5820326065 8668479.310790354),dronbreen
dronbreen-20220329-DAT_0235_A1_1,175.0,216,101.09054565429688,538657.5539811098,8668481.753978617,744.5946655273438,2022-03-29 10:01:16.249999872+00:00,0,2022-05-03,100 MHz,20220329,99.83994090557098,99.63151550292969,102.65380096435547,2.9004779536669396,1.8541492515563964,8,2.0391859572568145,1.9193477630615234,3.358577772047241,4.031742497177941,96.8311271006107,105.45418936667446,100.15259218215942,97.13029718399048,3.740135878067859,1.3906099503457545,9.0,9.0,0.2668063059506171,0.0,1.4159737423044385,3.749640248251217,100.41939848811005,96.86349087803987,0.9876288653836865,0.036997880008068626,certain_temperate,643.5041198730469,743.3440607786179,POINT (538657.5539811098 8668481.753978617),dronbreen
dronbreen-20220329-DAT_0235_A1_1,180.0,222,102.02851104736328,538652.3154171034,8668484.534656124,744.0509796142578,2022-03-29 10:01:17.750000128+00:00,0,2022-05-03,100 MHz,20220329,100.77790629863739,100.15259552001953,102.75802612304688,2.233774058760217,1.3906048690795898,8,2.057786875897689,1.8064371744791667,3.0710721244973898,3.533758429427108,97.41440230332407,105.49621933974234,101.09055757522583,98.06826257705688,3.71179565501647,1.3906099503457545,9.0,9.0,0.2668063059506171,0.0,1.4159737423044385,3.7213724067196177,101.35736388117645,97.80145627110628,0.9877425953207791,0.03637998454464747,certain_temperate,642.0224685668945,742.8003748655319,POINT (538652.3154171034 8668484.534656124),dronbreen
dronbreen-20220329-DAT_0235_A1_1,185.0,226,102.75802612304688,538647.7714393506,8668486.544404324,743.616943359375,2022-03-29 10:01:19+00:00,0,2022-05-03,100 MHz,20220329,101.50742137432098,100.5694580078125,102.86224365234375,1.8239037001721843,1.1588355056762694,8,2.072255962250299,0.9032103220621746,2.540262464427159,2.904592633479496,98.30891965180932,105.12278200834693,101.82007265090942,98.79777765274048,3.684547602254394,1.3906099503457545,9.0,9.0,0.2668063059506171,0.0,1.4159737423044385,3.6941949918992663,102.08687895686005,98.53097134678987,0.9878296149127236,0.03585654319442024,certain_temperate,640.8589172363281,742.3663386106491,POINT (538647.7714393506 8668486.544404324),dronbreen
dronbreen-20220329-DAT_0235_A1_1,190.0,229,102.86224365234375,538644.114295535,8668488.114368953,743.301025390625,2022-03-29 10:01:20+00:00,0,2022-05-03,100 MHz,20220329,101.61163890361786,100.88211059570312,103.27910614013672,1.5265360960855747,1.0043225967407226,8,2.074323134826793,0.22580464680989584,2.315700344285206,2.585365865569278,98.7955334449132,105.36568329092664,101.9242901802063,98.90199518203735,3.671340917245898,1.3906099503457545,9.0,9.0,0.2668063059506171,0.0,1.4159737423044385,3.681022919724756,102.19109648615692,98.63518887608674,0.9878419456515773,0.03569182225554386,certain_temperate,640.4387817382812,742.0504206418991,POINT (538644.114295535 8668488.114368953),dronbreen
dronbreen-20220329-DAT_0235_A1_1,195.0,234,102.54959106445312,538639.0397405177,8668490.201989906,742.869873046875,2022-03-29 10:01:21.500000+00:00,0,2022-05-03,100 MHz,20220329,101.29898631572723,101.4031982421875,103.59175872802734,1.3315752199626592,0.9270774536132812,9,2.0681217205461158,0.0,2.2664068602068586,2.4597194997424463,99.33507652164138,105.65988044857346,101.61163759231567,98.58934259414673,3.6457770394480353,1.3906099503457545,9.0,9.0,0.2668063059506171,0.0,1.4159737423044385,3.6555267508611524,101.8784438982663,98.32253628819612,0.9878048782472484,0.03555135619367453,certain_temperate,640.3202819824219,741.6192682981491,POINT (538639.0397405177 8668490.201989906),dronbreen
dronbreen-20220329-DAT_0235_A1_1,200.0,239,102.86224365234375,538634.2339692699,8668492.297324248,742.4656982421875,2022-03-29 10:01:23+00:00,0,2022-05-03,100 MHz,20220329,101.61163890361786,101.92428588867188,103.59175872802734,1.1807436772383046,1.081579051208496,9,2.074323134826793,0.5645033518473307,2.4065106993191607,2.4526793784069616,99.77452299432177,105.74152162237745,101.9242901802063,98.90199518203735,3.6213658620438327,1.3906099503457545,9.0,9.0,0.2668063059506171,0.0,1.4159737423044385,3.631181117993357,102.19109648615692,98.63518887608674,0.9878419456515773,0.03520597775684741,certain_temperate,639.6034545898438,741.2150934934616,POINT (538634.2339692699 8668492.297324248),dronbreen
dronbreen-20220329-DAT_0235_A1_1,205.0,243,103.07067108154297,538630.0362784883,8668493.958180023,742.1385323660714,2022-03-29 10:01:24.285714432+00:00,0,2022-05-03,100 MHz,20220329,101.82006633281708,102.34114837646484,103.69597625732422,1.0602529484239456,1.236091960144043,9,2.078457431577526,0.33870697021484375,2.4418499217774845,2.357720089661543,100.23527380599491,105.80185082779415,102.13271760940552,99.11042261123657,3.5981307944771395,1.3906099503457545,9.0,9.0,0.2668063059506171,0.0,1.4159737423044385,3.6080092598356375,102.39952391535614,98.84361630528596,0.9878665314235076,0.034909356432059384,certain_temperate,639.0678612845285,740.8879276173456,POINT (538630.0362784883 8668493.958180023),dronbreen
dronbreen-20220329-DAT_0235_A1_1,210.0,248,103.17489624023438,538624.976401903,8668496.205769895,741.7542288643973,2022-03-29 10:01:25.714285568+00:00,0,2022-05-03,100 MHz,20220329,101.92429149150848,102.86224365234375,103.69597625732422,0.9448451906502383,0.7725532333374023,9,2.0805248582204565,0.4516010284423828,2.264810295124857,2.329218669180366,100.73327038464792,105.82494952502005,102.23694276809692,99.21464776992798,3.5655335585967434,1.3906099503457545,9.0,9.0,0.2668063059506171,0.0,1.4159737423044385,3.5755020853545267,102.50374907404755,98.94784146397737,0.9878787884039741,0.034558150175355525,certain_temperate,638.5793326241629,740.5036241156714,POINT (538624.976401903 8668496.205769895),dronbreen
dronbreen-20220329-DAT_0235_A1_1,215.0,253,103.48753356933594,538620.1921525839,8668498.222019238,741.406982421875,2022-03-29 10:01:27+00:00,0,2022-05-03,100 MHz,20220329,102.23692882061005,103.27910614013672,103.69597625732422,0.8520639793312169,0.38627661666870117,10,2.0867265852779497,0.5645033518473307,2.1959739298401657,2.323597405065342,101.11737260522715,105.85770979223379,102.54958009719849,99.52728509902954,3.535708739254579,1.3906099503457545,9.0,9.0,0.2668063059506171,0.0,1.4159737423044385,3.5457611162818368,102.81638640314911,99.26047879307893,0.9879154067587474,0.03416555228737458,certain_temperate,637.9194488525391,740.1563776731491,POINT (538620.1921525839 8668498.222019238),dronbreen
dronbreen-20220329-DAT_0235_A1_1,220.0,257,103.69597625732422,538615.6523589414,8668500.200980881,741.0168863932291,2022-03-29 10:01:28.333333248+00:00,0,2022-05-03,100 MHz,20220329,102.44537150859833,103.3833236694336,103.80018615722656,0.839796807623429,0.38628227233886714,10,2.0908615919720317,0.33870697021484375,2.1530533208397826,2.278526560422424,101.26520549320831,105.91830433345184,102.75802278518677,99.73572778701782,3.5174008947144904,1.3906099503457545,9.0,9.0,0.2668063059506171,0.0,1.4159737423044385,3.527505444224475,103.02482909113739,99.46892148106721,0.9879396983965657,0.033920321903194876,certain_temperate,637.3209101359049,739.7662816445032,POINT (538615.6523589414 8668500.200980881),dronbreen
dronbreen-20220329-DAT_0235_A1_1,225.0,262,103.80018615722656,538611.4208812454,8668501.925165283,740.6215667724609,2022-03-29 10:01:29.750000128+00:00,0,2022-05-03,100 MHz,20220329,102.54958140850067,103.48753356933594,104.00862884521484,0.814776472489029,0.54080083694458,10,2.092928918647252,0.33870697021484375,2.188044655719356,2.2713288115778703,101.36737464364614,106.12878777090464,102.86223268508911,99.83993768692017,3.4832689763738562,1.2360977483689783,9.0,9.0,0.2668063059506171,0.0,1.2645644500846418,3.493472250736162,103.12903899103974,99.57313138096956,0.9879518063018539,0.033557444406677024,certain_temperate,636.8213806152344,739.370962023735,POINT (538611.4208812454 8668501.925165283),dronbreen
dronbreen-20220329-DAT_0235_A1_1,230.0,268,104.00862884521484,538606.5692801264,8668503.70693587,740.1012660435268,2022-03-29 10:01:31.428571392+00:00,0,2022-05-03,100 MHz,20220329,102.75802409648895,103.69597625732422,104.32128143310547,0.8012606969268616,0.5407951812744141,10,2.09706412627384,0.45161755879720056,2.2122603366711235,2.289902852428095,101.55083375177392,106.46642393865577,103.07067537307739,100.04838037490845,3.4545681129373937,1.2360977483689783,9.0,9.0,0.2668063059506171,0.0,1.2645644500846418,3.464855906357267,103.33748167902802,99.78157406895784,0.9879759519704174,0.03321424531111227,certain_temperate,636.092637198312,738.850661294801,POINT (538606.5692801264 8668503.70693587),dronbreen
dronbreen-20220329-DAT_0235_A1_1,235.0,273,104.2170639038086,538602.0817097664,8668505.332992181,740.0104370117188,2022-03-29 10:01:33+00:00,0,2022-05-03,100 MHz,20220329,102.9664591550827,104.00862884521484,104.6339340209961,0.81143513540641,0.5407951812744141,10,2.10119931550822,0.33870697021484375,2.195955464770166,2.2777594153326093,101.8803053324085,106.76225753380244,103.27911043167114,100.2568154335022,3.4482306136469902,1.2360977483689783,9.0,9.0,0.2668063059506171,0.0,1.2645644500846418,3.4585372586958365,103.54591673762177,99.99000912755159,0.988000000173866,0.0330870059516326,certain_temperate,635.7933731079102,738.7598322629929,POINT (538602.0817097664 8668505.332992181),dronbreen
dronbreen-20220329-DAT_0235_A1_1,240.0,278,104.32128143310547,538597.1794878943,8668506.774412703,740.0912475585938,2022-03-29 10:01:34.500000+00:00,0,2022-05-04,100 MHz,20220329,103.07067668437958,104.00862884521484,104.73814392089844,0.8430185619741086,0.6180459800720215,10,2.103266959740983,0.11290232340494792,2.195099011901627,2.268735139764271,101.90233379499792,106.84443897111537,103.38332796096802,100.36103296279907,3.442232049344239,1.2360977483689783,9.0,9.0,0.2668063059506171,0.0,1.2645644500846418,3.4525566014806555,103.65013426691864,100.09422665684846,0.9880119882391607,0.0329964509835083,certain_temperate,635.7699661254883,738.8406428098679,POINT (538597.1794878943 8668506.774412703),dronbreen
dronbreen-20220329-DAT_0235_A1_1,245.0,283,104.32128143310547,538592.0031896735,8668508.394088302,739.9090576171875,2022-03-29 10:01:36+00:00,0,2022-05-03,100 MHz,20220329,103.07067668437958,104.11283874511719,104.84236907958984,0.8217799086656472,0.6953080902099609,10,2.103266959740983,0.0,2.215216748819289,2.2581085275567685,102.00957178537621,106.94563603933082,103.38332796096802,100.36103296279907,3.4365741948697757,1.2360977483689783,9.0,9.0,0.2668063059506171,0.0,1.2645644500846418,3.4469156940284833,103.65013426691864,100.09422665684846,0.9880119882391607,0.03294221608151381,certain_temperate,635.587776184082,738.6584528684616,POINT (538592.0031896735 8668508.394088302),dronbreen
dronbreen-20220329-DAT_0235_A1_1,250.0,287,104.32128143310547,538587.6477761533,8668509.975241916,739.6165059407552,2022-03-29 10:01:37.333333248+00:00,0,2022-05-04,100 MHz,20220329,103.07067668437958,104.11283874511719,105.05079650878906,0.8015610305747987,0.9270661422729491,10,2.103266959740983,0.0,2.2985176823524602,2.250829178252808,102.00957178537621,107.15406346853004,103.38332796096802,100.36103296279907,3.4312587356287945,1.2360977483689783,9.0,9.0,0.2668063059506171,0.0,1.2645644500846418,3.4416162069184772,103.65013426691864,100.09422665684846,0.9880119882391607,0.032891263302100446,certain_temperate,635.2952245076498,738.3659011920294,POINT (538587.6477761533 8668509.975241916),dronbreen
dronbreen-20220329-DAT_0235_A1_1,255.0,291,104.32128143310547,538583.2758331243,8668511.4628934,739.320566813151,2022-03-29 10:01:38.666666752+00:00,0,2022-05-04,100 MHz,20220329,103.07067668437958,104.11283874511719,105.15501403808594,0.7898034385092224,0.7725645446777343,10,2.103266959740983,0.11289405822753908,2.243509070187655,2.249503599419693,102.00654413791686,107.26130864528626,103.38332796096802,100.36103296279907,3.4209558285274566,1.3906097736060619,9.0,9.0,0.2668063059506171,0.0,1.415973568730616,3.4313443991577106,103.65013426691864,100.09422665684846,0.9880119882391607,0.0327925019855234,certain_temperate,634.9992853800455,738.0699620644251,POINT (538583.2758331243 8668511.4628934),dronbreen
dronbreen-20220329-DAT_0235_A1_1,260.0,297,104.42549133300781,538577.6886427585,8668513.567087263,738.9655354817709,2022-03-29 10:01:40.333333248+00:00,0,2022-05-04,100 MHz,20220329,103.17488658428192,104.11283874511719,105.15501403808594,0.8060613532282167,0.6180403244018554,10,2.1053344855523637,0.11289405822753908,2.197078106719438,2.257191456125781,102.00447958111332,107.26337320208981,103.38332068920135,100.56945991516113,3.4098255615872826,1.3906097736060619,9.0,9.0,0.2668063059506171,0.0,1.415973568730616,3.4202479391630427,103.65012699515198,100.30265360921052,0.9880239515010969,0.032653191457950766,certain_temperate,634.5400441487631,737.714930733045,POINT (538577.6886427585 8668513.567087263),dronbreen
dronbreen-20220329-DAT_0235_A1_1,265.0,301,104.42549133300781,538573.456814873,8668515.306885857,738.7519226074219,2022-03-29 10:01:41.500000+00:00,0,2022-05-04,100 MHz,20220329,103.17488658428192,104.11283874511719,105.15501403808594,0.8523463913434309,0.540789525604248,10,2.1053344855523637,0.11289405822753908,2.1766101340025013,2.2741312044988278,102.00447958111332,107.26337320208981,103.38332068920135,100.67367744445801,3.4056201703221163,1.3906097736060619,9.0,9.0,0.2668063059506171,0.0,1.415973568730616,3.416055378561632,103.65012699515198,100.4068711385074,0.9880239515010969,0.032612919765555706,certain_temperate,634.3264312744141,737.501317858696,POINT (538573.456814873 8668515.306885857),dronbreen
dronbreen-20220329-DAT_0235_A1_1,270.0,305,104.32128143310547,538569.126155521,8668516.919816745,738.5792439778646,2022-03-29 10:01:42.666666752+00:00,0,2022-05-04,100 MHz,20220329,103.07067668437958,104.11283874511719,105.25923919677734,0.904818345689446,0.46355003814697265,10,2.103266959740983,0.0,2.1537433788184095,2.2896349365421256,102.00957178537621,107.36250615651832,103.27911078929901,100.56946754455566,3.4056201703221163,1.3906097736060619,9.0,9.0,0.2668063059506171,0.0,1.415973568730616,3.416055378561632,103.54591709524964,100.30266123860505,0.9880119882391607,0.032645497865226296,certain_temperate,634.2579625447592,737.3286392291387,POINT (538569.126155521 8668516.919816745),dronbreen
dronbreen-20220329-DAT_0235_A1_1,275.0,309,104.42549133300781,538564.2594567825,8668519.13770705,738.4194946289062,2022-03-29 10:01:44+00:00,0,2022-05-04,100 MHz,20220329,103.17488658428192,104.2170639038086,105.15501403808594,0.9843486555248846,0.6180572914123534,10,2.1053344855523637,0.33870697021484375,2.220169030320919,2.3486374738051428,102.08465781965667,107.28742012223786,103.38332068920135,100.77789425849915,3.4017643835478015,1.3906097736060619,9.0,9.0,0.2668063059506171,0.0,1.415973568730616,3.4122113835560315,103.65012699515198,100.51108795254852,0.9880239515010969,0.032575995957727796,certain_temperate,633.9940032958984,737.1688898801804,POINT (538564.2594567825 8668519.13770705),dronbreen
dronbreen-20220329-DAT_0235_A1_1,280.0,313,104.6339340209961,538560.2754139977,8668521.396352861,738.275390625,2022-03-29 10:01:45.249999872+00:00,0,2022-05-04,100 MHz,20220329,103.3833292722702,104.2170639038086,105.05079650878906,1.0387484519806673,0.695313745880127,10,2.109470089734402,0.2258129119873047,2.232558338748196,2.3621714326433816,102.09554191931156,107.1723184932861,103.59176337718964,100.98633694648743,3.4017643835478024,1.3906097736060619,9.0,9.0,0.2668063059506171,0.0,1.415973568730616,3.412211383556033,103.85856968314026,100.7195306405368,0.9880478091507585,0.0325111008715891,certain_temperate,633.6414566040039,737.0247858762741,POINT (538560.2754139977 8668521.396352861),dronbreen
dronbreen-20220329-DAT_0235_A1_1,285.0,319,104.6339340209961,538556.602392343,8668524.873428708,738.1093139648438,2022-03-29 10:01:47+00:00,0,2022-05-04,100 MHz,20220329,103.3833292722702,104.2170639038086,104.84236907958984,1.1678197175018217,0.7725645446777343,10,2.109470089734402,0.11290232340494792,2.2493258923080526,2.413796571109574,102.10457461528799,106.95485836811045,103.59176337718964,101.09055423736572,3.398259345891977,1.3906097736060619,9.0,9.0,0.2668063059506171,0.0,1.415973568730616,3.4087170881193973,103.85856968314026,100.8237479314151,0.9880478091507585,0.03247760277473725,certain_temperate,633.4753799438477,736.8587092161179,POINT (538556.602392343 8668524.873428708),dronbreen
dronbreen-20220329-DAT_0235_A1_1,290.0,326,104.52971649169922,538555.4670590142,8668530.024673518,738.0094866071429,2022-03-29 10:01:49.142856960+00:00,0,2022-05-04,100 MHz,20220329,103.27911174297333,104.42549133300781,105.36344909667969,1.3197398896282506,0.7725532333374023,9,2.107402346950863,0.11289405822753908,2.2473825261083533,2.4890968435545204,102.31506727128063,107.47387315840687,103.48754584789276,101.09055352210999,3.390259668689543,1.3906097736060619,9.0,9.0,0.2668063059506171,0.0,1.415973568730616,3.4007420110966877,103.75435215384339,100.82374721615936,0.9880358926561787,0.03243345320810055,certain_temperate,633.4797701154437,736.758881858417,POINT (538555.4670590142 8668530.024673518),dronbreen
dronbreen-20220329-DAT_0235_A1_1,295.0,333,104.73814392089844,538557.0992468707,8668534.377780564,738.0265502929688,2022-03-29 10:01:51+00:00,0,2022-05-04,100 MHz,20220329,103.48753917217255,104.52971649169922,105.67608642578125,1.4038145015172994,0.6180516357421875,9,2.1115377137995743,0.33870697021484375,2.226050707624075,2.558126088202127,102.39118570434309,107.81461721313738,103.69597327709198,101.09054684638977,3.3968385591674717,1.3906097736060619,9.0,9.0,0.2668063059506171,0.0,1.415973568730616,3.407300662099246,103.9627795830426,100.82374054043915,0.9880597010610539,0.03243172384010234,certain_temperate,633.2884063720703,736.7759455442429,POINT (538557.0992468707 8668534.377780564),dronbreen
dronbreen-20220329-DAT_0235_A1_1,300.0,338,104.84236907958984,538561.2759885626,8668537.474476201,738.1446329752604,2022-03-29 10:01:52.666666752+00:00,0,2022-05-04,100 MHz,20220329,103.59176433086395,104.6339340209961,105.88452911376953,1.44793176483107,0.9270774536132812,9,2.113605673177562,0.2258129119873047,2.3190069033762377,2.5719305605936134,102.50829990080783,108.0101632339578,103.80019843578339,100.98633766174316,3.4048227905837107,1.3906097736060619,9.0,9.0,0.2668063059506171,0.0,1.415973568730616,3.4152604351898646,104.06700474173401,100.71953135579255,0.9880715710670701,0.032475637668955955,certain_temperate,633.3022638956705,736.8940282265345,POINT (538561.2759885626 8668537.474476201),dronbreen
dronbreen-20220329-DAT_0235_A1_1,305.0,343,104.94658660888672,538566.2232537391,8668538.98826234,738.3195877075195,2022-03-29 10:01:54.249999872+00:00,0,2022-05-04,100 MHz,20220329,103.69598186016083,104.73814392089844,105.98873901367188,1.5046439265175817,1.0815903625488281,9,2.115673513645861,0.225796381632487,2.3868171556823223,2.60595697737073,102.61045540462051,108.1164275299498,103.90441596508026,100.98633813858032,3.451029135925499,1.3906097736060619,9.0,9.0,0.2668063059506171,0.0,1.415973568730616,3.461327447945616,104.17122227103089,100.71953183262971,0.9880834166299602,0.032883672041538047,certain_temperate,633.3730010986328,737.0689829587936,POINT (538566.2232537391 8668538.98826234),dronbreen
dronbreen-20220329-DAT_0235_A1_1,310.0,349,105.05079650878906,538571.2824449252,8668538.435110781,738.5371627807617,2022-03-29 10:01:55.750000128+00:00,0,2022-05-04,100 MHz,20220329,103.80019176006317,104.32128143310547,106.30140686035156,1.6381331043176381,1.4678669792175292,8,2.1177412351022498,0.0,2.576715236018446,2.6773696058470793,102.20354019800322,108.4191480954538,104.0086258649826,101.09054803848267,3.4622883572072523,1.3906097736060619,9.0,9.0,0.2668063059506171,0.0,1.415973568730616,3.4725532786910422,104.27543217093323,100.82374173253206,0.9880952378250529,0.03295823042062875,certain_temperate,633.4863662719727,737.2865580320358,POINT (538571.2824449252 8668538.435110781),dronbreen
dronbreen-20220329-DAT_0235_A1_1,315.0,353,104.94658660888672,538575.4754102646,8668536.763975546,738.74169921875,2022-03-29 10:01:57+00:00,0,2022-05-04,100 MHz,20220329,103.69598186016083,104.32128143310547,106.4056167602539,1.7468434449232952,1.3906161804199217,7,2.115673513645861,0.0,2.5317756175436075,2.7436356240240993,102.20560791945961,108.52129027389977,103.90441596508026,100.98633813858032,3.474900521538214,1.3906097736060619,9.0,9.0,0.2668063059506171,0.0,1.415973568730616,3.485128295985897,104.17122227103089,100.71953183262971,0.9880834166299602,0.033111134280988275,certain_temperate,633.7951126098633,737.4910944700241,POINT (538575.4754102646 8668536.763975546),dronbreen
dronbreen-20220329-DAT_0235_A1_1,320.0,356,105.05079650878906,538579.0449163262,8668535.56348736,738.9205322265625,2022-03-29 10:01:58+00:00,0,2022-05-04,100 MHz,20220329,103.80019176006317,104.32128143310547,106.50983428955078,1.707922425550077,2.008633882141113,7,2.1177412351022498,0.11289405822753908,2.9209900855225035,2.722971174825827,102.20053321437805,108.6305825082782,104.0086258649826,101.09054803848267,3.4888509563189527,1.3906097736060619,9.0,9.0,0.2668063059506171,0.0,1.415973568730616,3.49903795353847,104.27543217093323,100.82374173253206,0.9880952378250529,0.033211085229868376,certain_temperate,633.8697357177734,737.6699274778366,POINT (538579.0449163262 8668535.56348736),dronbreen
dronbreen-20220329-DAT_0235_A1_1,325.0,357,105.05079650878906,538590.2857078013,8668532.163433887,739.5275268554688,2022-03-29 10:02:11+00:00,0,2022-05-04,100 MHz,20220329,103.80019176006317,104.32128143310547,106.50983428955078,1.704891180775355,2.163158102416992,7,2.1177412351022498,0.0,3.0272233011300442,2.718727988809838,102.20354019800322,108.62757552465303,104.0086258649826,101.09054803848267,3.4888509563189523,1.3906097736060619,9.0,9.0,0.2668063059506171,0.0,1.415973568730616,3.49903795353847,104.27543217093323,100.82374173253206,0.9880952378250529,0.03321108522986837,certain_temperate,634.4767303466797,738.2769221067429,POINT (538590.2857078013 8668532.163433887),dronbreen
dronbreen-20220329-DAT_0235_A1_1,340.0,358,105.05079650878906,538601.5264992765,8668528.763380414,740.134521484375,2022-03-29 10:02:24+00:00,0,2022-05-04,100 MHz,20220329,103.80019176006317,104.32128143310547,106.50983428955078,1.7027662677015676,2.0086678161621094,7,2.1177412351022498,2.2580382029215498,3.6902995624191597,3.5331257304443486,101.22554816541175,109.6055675572445,104.0086258649826,101.09054803848267,3.496323079154159,1.3906097736060619,9.0,9.0,0.2668063059506171,0.0,1.415973568730616,3.5064883685420996,104.27543217093323,100.82374173253206,0.9880952378250529,0.033282213894129206,certain_temperate,635.0837249755859,738.8839167356491,POINT (538601.5264992765 8668528.763380414),dronbreen
dronbreen-20220329-DAT_0235_A1_1,345.0,429,107.13513946533203,538604.8910356975,8668529.355883613,740.2853800455729,2022-03-29 10:02:55.666666752+00:00,0,2022-05-04,100 MHz,20220329,105.88453471660614,106.61405944824219,107.2393569946289,1.4719201188800044,0.4635387268066406,7,2.1591051950524456,2.145127614339193,3.0786646255077112,3.3808070872894747,103.57049119287103,110.28292525000006,106.09296882152557,103.17489099502563,4.182266262699159,1.2360975274443626,9.0,9.0,0.2668063059506171,0.0,1.264564234133277,4.190768031877522,106.3597751274762,102.90808468907503,0.9883268481754245,0.03903729703971219,certain_temperate,633.1502405802408,739.034775296847,POINT (538604.8910356975 8668529.355883613),dronbreen
dronbreen-20220329-DAT_0235_A1_1,350.0,435,107.03091430664062,538609.458923956,8668528.565073337,740.5081874302456,2022-03-29 10:02:57.571428608+00:00,0,2022-05-04,100 MHz,20220329,105.78030955791473,106.71826934814453,107.65623474121094,1.4661098262907963,0.6180629470825195,7,2.1570365427887817,0.33870697021484375,2.269257778471769,2.630020357591311,104.53480213781178,109.83970195154369,105.98874366283417,103.07066583633423,4.264559477580381,1.2360975274443626,9.0,9.0,0.2668063059506171,0.0,1.264564234133277,4.272897511375117,106.25554996878479,102.80385953038362,0.9883154810287527,0.03984418432007911,certain_temperate,633.477273123605,739.2575826815197,POINT (538609.458923956 8668528.565073337),dronbreen
dronbreen-20220329-DAT_0235_A1_1,355.0,442,107.44779205322266,538614.7927920083,8668527.096181225,740.7674560546875,2022-03-29 10:02:59.500000+00:00,0,2022-05-04,100 MHz,20220329,106.19718730449677,107.03091430664062,108.17730712890625,1.4121729890568362,0.9270774536132812,9,2.1653108799535072,0.45161755879720056,2.3983332193957247,2.624264121097702,104.81900797357429,110.38921346197259,106.4056214094162,103.48754358291626,4.349736001762012,1.2360975274443626,9.0,9.0,0.2668063059506171,0.0,1.264564234133277,4.357911069528563,106.67242771536682,103.22073727696565,0.9883608148215235,0.040482320935989406,certain_temperate,633.3196640014648,739.5168513059616,POINT (538614.7927920083 8668527.096181225),dronbreen
dronbreen-20220329-DAT_0235_A1_1,360.0,447,107.44779205322266,538619.2998024087,8668525.364389423,740.9925537109375,2022-03-29 10:03:01+00:00,0,2022-05-04,100 MHz,20220329,106.19718730449677,107.03091430664062,108.59417724609375,1.4280034051011843,0.9270774536132812,9,2.1653108799535072,0.11290232340494792,2.358132894150233,2.596249577073792,104.86266198242296,110.76242957031141,106.4056214094162,103.48754358291626,4.415410033188367,1.2360975274443626,9.0,9.0,0.2668063059506171,0.0,1.264564234133277,4.423463729485697,106.67242771536682,103.22073727696565,0.9883608148215235,0.04109353899986386,certain_temperate,633.5447616577148,739.7419489622116,POINT (538619.2998024087 8668525.364389423),dronbreen
dronbreen-20220329-DAT_0235_A1_1,365.0,451,107.55200958251953,538623.5800066589,8668523.502066309,741.1532796223959,2022-03-29 10:03:02.333333248+00:00,0,2022-05-03,100 MHz,20220329,106.30140483379364,107.03091430664062,108.38573455810547,1.4093932694216806,1.0815903625488281,10,2.167379502093565,0.2258129119873047,2.4327686058632954,2.595171432720133,104.85180316277588,110.56484570197021,106.50983893871307,103.59176111221313,4.460008517879624,1.2360975274443626,9.0,9.0,0.2668063059506171,0.0,1.264564234133277,4.467981824543807,106.7766452446637,103.32495480626253,0.988372093152138,0.041468388505169415,certain_temperate,633.6012700398763,739.90267487367,POINT (538623.5800066589 8668523.502066309),dronbreen
dronbreen-20220329-DAT_0235_A1_1,370.0,456,107.65623474121094,538628.2669197961,8668521.527350098,741.3392868041992,2022-03-29 10:03:03.750000128+00:00,0,2022-05-03,100 MHz,20220329,106.40562999248505,107.03091430664062,108.07308197021484,1.4310198040065873,0.6180459800720215,10,2.169448305782345,0.22580464680989584,2.267040917907309,2.608699171894276,104.8497463419981,110.25424993485737,106.61406409740448,103.69598627090454,4.52808153056533,1.2360975274443626,9.0,9.0,0.2668063059506171,0.0,1.264564234133277,4.535935179468714,106.8808704033551,103.42917996495393,0.9883833504698344,0.04206056009157429,certain_temperate,633.6830520629883,740.0886820554733,POINT (538628.2669197961 8668521.527350098),dronbreen
dronbreen-20220329-DAT_0235_A1_1,375.0,461,107.76044464111328,538632.4476079444,8668519.786253722,741.6858520507812,2022-03-29 10:03:05+00:00,0,2022-05-03,100 MHz,20220329,106.50983989238739,107.03091430664062,107.76044464111328,1.524404952804173,0.46352741546630855,10,2.171516836614484,0.2258129119873047,2.231890344037815,2.6627593400557727,104.84768806025195,109.94367088750195,106.71827399730682,103.80019617080688,4.597509434772097,1.2360975274443626,9.0,9.0,0.2668063059506171,0.0,1.264564234133277,4.6052446848906365,106.98508030325745,103.53338986485628,0.9883945843682167,0.04266416540952201,certain_temperate,633.925407409668,740.4352473020554,POINT (538632.4476079444 8668519.786253722),dronbreen
dronbreen-20220329-DAT_0235_A1_1,380.0,465,107.44779205322266,538637.1132010709,8668517.438791333,741.3917236328125,2022-03-29 10:03:06.333333248+00:00,0,2022-05-03,100 MHz,20220329,106.19718730449677,107.03091430664062,107.65623474121094,1.560901576426116,0.5407951812744141,10,2.1653108799535072,0.5645116170247396,2.302108598804701,2.7283068566219697,104.79322697982285,109.89392206802871,106.4056214094162,103.48754358291626,4.668231365361047,1.2360975274443626,9.0,9.0,0.2668063059506171,0.0,1.264564234133277,4.675849621773104,106.67242771536682,103.22073727696565,0.9883608148215235,0.04344650807760394,certain_temperate,633.9439315795898,740.1411188840866,POINT (538637.1132010709 8668517.438791333),dronbreen
dronbreen-20220329-DAT_0235_A1_1,385.0,469,107.2393569946289,538641.9451880666,8668515.09611047,742.048583984375,2022-03-29 10:03:07.666666752+00:00,0,2022-05-03,100 MHz,20220329,105.98875224590302,107.03091430664062,107.44779205322266,1.5905811655968538,0.46355003814697265,10,2.1611737263460764,0.5645116170247396,2.281276808953822,2.742133053948316,104.79723007622566,109.68147628363762,106.19718635082245,103.27910852432251,4.707425683108355,1.0815853254675865,9.0,9.0,0.2668063059506171,0.0,1.1140073703355104,4.714980611506603,106.46399265677307,103.0123022183719,0.9883381923971389,0.04389643704544151,certain_temperate,634.8092269897461,740.7979792356491,POINT (538641.9451880666 8668515.09611047),dronbreen
dronbreen-20220329-DAT_0235_A1_1,390.0,473,106.92670440673828,538645.945575867,8668513.055264536,742.7146453857422,2022-03-29 10:03:08.750000128+00:00,0,2022-05-04,100 MHz,20220329,105.67609965801239,106.8224868774414,107.03091430664062,1.635172685280267,0.38627661666870117,10,2.1549682239221983,0.5645116170247396,2.260922607356408,2.763394854623016,104.59480615259095,109.25859503149108,105.88453376293182,102.96645593643188,4.780213840400154,1.0815853254675865,9.0,9.0,0.2668063059506171,0.0,1.1140073703355104,4.787653910303898,106.15134006888245,102.69964963048128,0.9883040933912195,0.04470551923321893,certain_temperate,635.7879409790039,741.4640406370163,POINT (538645.945575867 8668513.055264536),dronbreen
dronbreen-20220329-DAT_0235_A1_1,395.0,477,106.71826934814453,538650.2849523969,8668510.807050366,743.0829467773438,2022-03-29 10:03:10+00:00,0,2022-05-03,100 MHz,20220329,105.46766459941864,106.61405944824219,106.92670440673828,1.7046919016415196,0.3090201622009277,10,2.150831375321006,0.6774056752522787,2.276059646533002,2.8268230460096766,104.35907517913314,109.18168867584733,105.67609870433807,102.75802087783813,4.829379719569615,1.0815853254675865,9.0,9.0,0.2668063059506171,0.0,1.1140073703355104,4.8367441611775694,105.9429050102887,102.49121457188753,0.9882812497207383,0.04525354233223968,certain_temperate,636.3646774291992,741.8323420286179,POINT (538650.2849523969 8668510.807050366),dronbreen
dronbreen-20220329-DAT_0235_A1_1,400.0,481,106.30140686035156,538654.7888479616,8668508.517036935,743.3730875651041,2022-03-29 10:03:11.333333248+00:00,0,2022-05-03,100 MHz,20220329,105.05080211162567,106.30140686035156,106.71826934814453,1.7610995864614276,0.6180459800720215,10,2.142558199955371,0.7903245290120442,2.3658295236211115,2.8838585705246924,104.01773251812277,109.00194369037332,105.2592362165451,102.34115839004517,4.879039336456282,1.0815853254675865,9.0,9.0,0.2668063059506171,0.0,1.1140073703355104,4.886328934034504,105.52604252249573,102.07435208409456,0.9882352944738652,0.04589816335042385,certain_temperate,637.0716807047526,742.1224828163782,POINT (538654.7888479616 8668508.517036935),dronbreen
dronbreen-20220329-DAT_0235_A1_1,405.0,486,105.98873901367188,538659.6889782852,8668506.145357063,743.6739044189453,2022-03-29 10:03:12.750000128+00:00,0,2022-05-03,100 MHz,20220329,104.73813426494598,105.67608642578125,106.4056167602539,1.8125641038038744,0.7725588890075683,10,2.1363532290057514,0.5645198822021485,2.3408406723802107,2.857984682758669,103.4664059474123,108.61529723862286,104.94656836986542,102.02849054336548,4.979780964683706,1.0815853254675865,9.0,9.0,0.2668063059506171,0.0,1.1140073703355104,4.986923306119836,105.21337467581604,101.76168423741487,0.988200588474172,0.04698405708970031,certain_temperate,637.6851654052734,742.4232996702194,POINT (538659.6889782852 8668506.145357063),dronbreen
dronbreen-20220329-DAT_0235_A1_1,410.0,490,105.78031158447266,538664.3342264012,8668503.952469088,743.984619140625,2022-03-29 10:03:14+00:00,0,2022-05-03,100 MHz,20220329,104.52970683574677,105.25923919677734,106.09296417236328,1.6862191370033222,0.7725588890075683,10,2.1322170920343098,0.5644950866699219,2.337060475773432,2.7763896355580133,103.05356369243911,108.29863967670151,104.7381409406662,101.82006311416626,5.05652640769367,1.0815853254675865,9.0,9.0,0.2668063059506171,0.0,1.1140073703355104,5.063560497969632,105.00494724661682,101.55325680821565,0.9881773391475861,0.04780215081570917,certain_temperate,638.2043075561523,742.7340143918991,POINT (538664.3342264012 8668503.952469088),dronbreen
dronbreen-20220329-DAT_0235_A1_1,415.0,494,105.46766662597656,538668.7891186746,8668502.03326465,744.3359527587891,2022-03-29 10:03:15.249999872+00:00,0,2022-05-03,100 MHz,20220329,104.21706187725067,105.15501403808594,105.67608642578125,1.5678416246050246,0.38628227233886714,10,2.126013048269284,1.0161043802897136,2.3878051819565336,2.8302874329119505,102.79866100998187,108.03243945388532,104.4254959821701,101.50741815567017,5.134239980040791,1.0815853254675865,9.0,9.0,0.2668063059506171,0.0,1.1140073703355104,5.14116774454445,104.69230228812073,101.24061184971956,0.9881422924320403,0.048680701339952025,certain_temperate,638.8682861328125,743.0853480100632,POINT (538668.7891186746 8668502.03326465),dronbreen
dronbreen-20220329-DAT_0235_A1_1,420.0,499,104.84236907958984,538673.3702312418,8668500.17971961,744.749267578125,2022-03-29 10:03:16.666666752+00:00,0,2022-05-03,100 MHz,20220329,103.59176433086395,104.42549133300781,105.15501403808594,1.4382538717209332,0.6953080902099609,10,2.113605673177562,1.5806242624918623,2.729314078880945,3.00570727124026,101.78622969367261,107.79427567742114,103.80019843578339,100.88212060928345,5.239290266268786,1.0815853254675865,9.0,9.0,0.2668063059506171,0.0,1.1140073703355104,5.246079307360294,104.06700474173401,100.61531430333284,0.9880715710670701,0.049973024381883634,certain_temperate,639.9068984985352,743.4986628293991,POINT (538673.3702312418 8668500.17971961),dronbreen
dronbreen-20220329-DAT_0235_A1_1,425.0,504,104.00862884521484,538678.473249599,8668498.217098886,745.2217407226562,2022-03-29 10:03:18.333333248+00:00,0,2022-05-03,100 MHz,20220329,102.75802409648895,102.44537353515625,104.73814392089844,1.6979181917474542,1.6996419982910156,10,2.09706412627384,2.9354521433512373,3.9878992161242883,3.987164835002057,98.83780409914951,108.34571335690518,102.96645820140839,100.04838037490845,5.345887888851683,1.0815853254675865,9.0,9.0,0.2668063059506171,0.0,1.1140073703355104,5.352541725672591,103.23326450735901,99.78157406895784,0.9879759519704174,0.05139850364537935,certain_temperate,641.2131118774414,743.9711359739304,POINT (538678.473249599 8668498.217098886),dronbreen
dronbreen-20220329-DAT_0235_A1_1,430.0,509,102.13272094726562,538682.8836548516,8668496.622307234,745.6286773681641,2022-03-29 10:03:19.750000128+00:00,0,2022-05-03,100 MHz,20220329,100.88211619853973,101.19476318359375,104.32128143310547,2.230586980949234,2.703964595031738,10,2.059853653839712,4.741872787475587,5.834361930753307,5.630619227706534,96.02481592971985,109.49122868697937,101.09055030345917,98.17247247695923,5.426797349677983,1.0815853254675865,9.0,9.0,0.2668063059506171,0.0,1.1140073703355104,5.433352103385809,101.35735660940979,97.90566617100862,0.9877551020169959,0.053134757395526665,certain_temperate,643.4959564208984,744.3780726194382,POINT (538682.8836548516 8668496.622307234),dronbreen
dronbreen-20220329-DAT_0235_A1_1,435.0,514,99.63151550292969,538687.9704370986,8668494.891859064,746.07470703125,2022-03-29 10:03:21.333333248+00:00,0,2022-05-03,100 MHz,20220329,98.3809107542038,98.58934020996094,100.6736831665039,2.7459404565619163,2.3949387771606445,10,2.010257583635542,6.209611256917318,6.9524196695068845,7.081002507101799,92.06244144296612,107.20058193349873,98.58934485912323,95.67126703262329,5.535889307485101,1.0815853254675865,9.0,9.0,0.2668063059506171,0.0,1.1140073703355104,5.54231504243695,98.85615116507385,95.40446072667268,0.9874476992303794,0.05556363646121911,certain_temperate,646.4431915283203,744.8241022825241,POINT (538687.9704370986 8668494.891859064),dronbreen
dronbreen-20220329-DAT_0235_A1_1,440.0,519,96.40077209472656,538692.4263593748,8668493.353785971,746.4619750976562,2022-03-29 10:03:22.857143040+00:00,0,2022-05-03,100 MHz,20220329,95.15016734600067,95.9839096069336,98.17247772216797,3.0790829930466797,2.3949387771606445,10,1.9462280298525567,7.22572390238444,7.857138232462333,8.091949180249644,88.50066903498393,105.65571829411763,95.3586014509201,92.44052362442017,5.618573260306877,1.0815853254675865,9.0,9.0,0.2668063059506171,0.0,1.1140073703355104,5.624904540197146,95.62540775687073,92.17371731846956,0.9870270255979173,0.058283488173578965,certain_temperate,650.0612030029297,745.2113703489304,POINT (538692.4263593748 8668493.353785971),dronbreen
dronbreen-20220329-DAT_0235_A1_1,445.0,525,92.96161651611328,538697.1052214396,8668492.145546842,746.849365234375,2022-03-29 10:03:24.500000+00:00,0,2022-05-03,100 MHz,20220329,91.71101176738739,92.0236587524414,94.420654296875,3.8241972305697463,1.9314113616943358,10,1.8781120462090546,7.338601430257161,7.817462865813306,8.485685609812878,84.44854318828742,101.99576986102899,91.91944587230682,89.00136804580688,5.757933629168642,1.0815853254675865,9.0,9.0,0.2668063059506171,0.0,1.1140073703355104,5.764111838159126,92.18625217825745,88.73456173985628,0.9865470847475084,0.06193882857201181,certain_temperate,653.8877487182617,745.5987604856491,POINT (538697.1052214396 8668492.145546842),dronbreen
dronbreen-20220329-DAT_0235_A1_1,450.0,530,89.62667846679688,538701.8689498585,8668492.189167771,747.1895141601562,2022-03-29 10:03:26+00:00,0,2022-05-03,100 MHz,20220329,88.37607371807098,89.52245330810547,90.14775848388672,4.731345038177603,1.622368576812744,10,1.8121083293214666,6.774114608764648,7.1975304882233235,8.45919565917249,82.5101523070164,97.16005948497579,88.58450782299042,85.66642999649048,5.842432799305235,1.0815853254675865,9.0,9.0,0.2668063059506171,0.0,1.1140073703355104,5.848521746500787,88.85131412894104,85.39962369053987,0.986046512376455,0.06518631393296165,certain_temperate,657.5628356933594,745.9389094114304,POINT (538701.8689498585 8668492.189167771),dronbreen
dronbreen-20220329-DAT_0235_A1_1,455.0,535,86.70858764648438,538706.7211905711,8668493.165756414,747.4959106445312,2022-03-29 10:03:27.500000+00:00,0,2022-05-03,100 MHz,20220329,85.45798289775848,85.97907257080078,87.85497283935547,5.261971382594709,1.4678669792175292,10,1.754397807984046,5.758001963297526,6.195734964205182,7.995051038563986,79.95972889578127,93.87431651437498,85.66641700267792,82.74833917617798,5.956070967665496,1.0815853254675865,9.0,9.0,0.2668063059506171,0.0,1.1140073703355104,5.962043859010332,85.93322330862854,82.48153287022737,0.9855769217020963,0.06869066985554788,certain_temperate,660.7873229980469,746.2453058958054,POINT (538706.7211905711 8668493.165756414),dronbreen
dronbreen-20220329-DAT_0235_A1_1,460.0,541,84.31159973144531,538710.9746071426,8668495.879666498,747.6295776367188,2022-03-29 10:03:29.142856960+00:00,0,2022-05-03,100 MHz,20220329,83.06099498271942,84.31159973144531,85.24955749511719,5.623268920727807,0.4635387268066406,10,1.7070261684315737,3.161240259806315,3.6224641435326865,6.672970228822676,80.71891573199163,88.84224149457087,83.26942908763885,80.35135126113892,6.070761637748521,1.0815853254675865,9.0,9.0,0.2668063059506171,0.0,1.1140073703355104,6.076621797286228,83.53623539358948,80.0845449551883,0.9851668720234298,0.0720038720304857,certain_temperate,663.3179779052734,746.3789728879929,POINT (538710.9746071426 8668495.879666498),dronbreen
dronbreen-20220329-DAT_0235_A1_1,465.0,546,83.79051971435547,538714.4387860679,8668499.186779229,747.6447347005209,2022-03-29 10:03:30.666666752+00:00,0,2022-05-03,100 MHz,20220329,82.53991496562958,83.47786712646484,84.20738220214844,5.6888130643486985,0.540789525604248,10,1.6967322940289422,0.22580464680989584,1.7950881669502827,5.940747621068083,81.76617550233343,85.91907382627986,82.74834907054901,79.83027124404907,6.07076163774852,1.0815853254675865,9.0,9.0,0.2668063059506171,0.0,1.1140073703355104,6.076621797286228,83.01515537649964,79.56346493809846,0.9850746271417191,0.07245165274596622,certain_temperate,663.8542149861654,746.394129951795,POINT (538714.4387860679 8668499.186779229),dronbreen
dronbreen-20220329-DAT_0235_A1_1,470.0,552,84.52003479003906,538717.6584039547,8668503.714138467,747.5171508789062,2022-03-29 10:03:32.500000+00:00,0,2022-05-03,100 MHz,20220329,83.26943004131317,83.79051971435547,85.04112243652344,5.215585794868194,1.3133540702819824,10,1.7111442114455944,2.2580382029215498,3.1227631918131733,5.935409524358689,80.95736757615022,87.87427457472869,83.4778641462326,80.55978631973267,6.07076163774852,1.0815853254675865,9.0,9.0,0.2668063059506171,0.0,1.1140073703355104,6.076621797286228,83.74467045218323,80.29298001378206,0.9852034520355726,0.07182630311060849,certain_temperate,662.9971160888672,746.2665461301804,POINT (538717.6584039547 8668503.714138467),dronbreen
dronbreen-20220329-DAT_0235_A1_1,475.0,558,85.87486267089844,538719.2732090056,8668508.815716073,747.2097473144531,2022-03-29 10:03:34.333333248+00:00,0,2022-05-03,100 MHz,20220329,84.62425792217255,85.66641998291016,87.021240234375,4.552654152087,1.3133484146118164,10,1.7379173787894135,2.9354521433512373,3.6554233899190134,5.688927485029023,82.25508064162445,90.43257957566071,84.83269202709198,81.91461420059204,6.041993735725791,1.0815853254675865,9.0,9.0,0.2668063059506171,0.0,1.1140073703355104,6.047881770293192,85.0994983330426,81.64780789464143,0.9854368937564578,0.07035811817109691,certain_temperate,661.3348846435547,745.9591425657272,POINT (538719.2732090056 8668508.815716073),dronbreen
dronbreen-20220329-DAT_0235_A1_1,480.0,562,87.22968292236328,538719.3570164772,8668513.035981456,746.8690490722656,2022-03-29 10:03:35.666666752+00:00,0,2022-05-03,100 MHz,20220329,85.97907817363739,86.70858764648438,88.2718505859375,4.113019430877535,1.3906048690795898,10,1.7647002672109544,4.064467112223308,4.644119059773032,6.045741375399335,82.27755391388435,92.70288431853753,86.18751227855682,83.26943445205688,6.041993735725792,1.0815853254675865,9.0,9.0,0.2668063059506171,0.0,1.1140073703355104,6.047881770293193,86.45431858450745,83.00262814610628,0.9856630827164766,0.06926534103194351,certain_temperate,659.6393661499023,745.6184443235397,POINT (538719.3570164772 8668513.035981456),dronbreen
dronbreen-20220329-DAT_0235_A1_1,485.0,568,89.62667846679688,538718.2245894935,8668519.020129764,746.2927652994791,2022-03-29 10:03:37.333333248+00:00,0,2022-05-03,100 MHz,20220329,88.37607371807098,89.20980072021484,90.25196838378906,3.6094499645556617,1.3133540702819824,10,1.8121083293214666,4.290263493855794,4.838904458432116,5.892217451056845,84.55253784982541,94.9092312541785,88.58450782299042,85.66642999649048,6.04199373572579,1.0815853254675865,9.0,9.0,0.2668063059506171,0.11290180683135988,1.1197139095088642,6.0489355034940235,88.8742187528512,85.37671906662969,0.986046512376455,0.06741289356119684,certain_temperate,656.6660868326823,745.0421605507532,POINT (538718.2245894935 8668519.020129764),dronbreen
dronbreen-20220329-DAT_0235_A1_1,490.0,571,91.18992614746094,538716.7214141209,8668523.19484537,745.8655395507812,2022-03-29 10:03:38.333333248+00:00,0,2022-05-03,100 MHz,20220329,90.04353845119476,90.77306365966797,91.60679626464844,3.319639104587907,1.236091960144043,10,1.8430412508437655,3.048337936401367,3.770555471114069,4.869206199322914,87.2108782031237,95.16898172119271,90.14775550365448,87.22967767715454,6.040870120145566,0.9270731234908104,9.0,9.0,0.2666189826326329,0.11290180683135988,0.971234820311161,6.047804916525776,90.43729392923188,86.94013925157714,0.9874285708444113,0.066244928309044,certain_temperate,654.6756134033203,744.7191518545151,POINT (538716.7214141209 8668523.19484537),dronbreen
dronbreen-20220329-DAT_0235_A1_1,495.0,574,92.4405288696289,538715.0333880725,8668527.116146943,745.4720458984375,2022-03-29 10:03:39.333333248+00:00,0,2022-05-03,100 MHz,20220329,91.29414117336273,92.0236587524414,93.58692169189453,3.1747929244218054,1.3133540702819824,10,1.8677956395384048,4.628978729248048,5.161492375353837,5.915692245195681,87.03205534001874,98.5785251043172,91.39835822582245,88.48028039932251,6.040870120145566,0.9270731234908104,9.0,9.0,0.2666189826326329,0.0,0.9646503294972057,6.046750986303931,91.66497720845508,88.21366141668987,0.9875986462833531,0.06534871872774711,certain_temperate,653.0315170288086,744.3256582021713,POINT (538715.0333880725 8668527.116146943),dronbreen
dronbreen-20220329-DAT_0235_A1_1,500.0,579,95.46282958984375,538713.0768500674,8668532.47188084,745.0185699462891,2022-03-29 10:03:40.750000128+00:00,0,2022-05-03,100 MHz,20220329,94.31644189357758,94.21221923828125,97.2345199584961,2.965173629546559,3.553785594177246,10,1.9276464233151833,5.3064009348551435,6.671064657469082,6.376987240704632,88.5665384454316,102.88020075134574,94.42065894603729,91.50258111953735,6.040870120145566,0.9270731234908104,9.0,9.0,0.2666189826326329,0.0,0.9646503294972057,6.046750986303931,94.68727792866993,91.23596213690472,0.9879912663264683,0.06327981420726976,certain_temperate,649.5557403564453,743.8721822500229,POINT (538713.0768500674 8668532.47188084),dronbreen
dronbreen-20220329-DAT_0235_A1_1,505.0,583,97.3387451171875,538711.0426668245,8668536.73990986,744.666259765625,2022-03-29 10:03:42+00:00,0,2022-05-03,100 MHz,20220329,96.19235742092133,95.6712646484375,99.73572540283203,2.7756662858445584,3.1674920104980466,10,1.9648136095812032,3.612849553426107,5.190971012503893,4.9616023365905555,91.55870165000371,103.84828840126582,96.29657447338104,93.3784966468811,6.012159384934865,0.9270731234908104,9.0,9.0,0.2666189826326329,0.0,0.9646503294972057,6.018068307335871,96.56319345601368,93.11187766424847,0.9882226990404898,0.06176532661990598,certain_temperate,647.3275146484375,743.5198720693588,POINT (538711.0426668245 8668536.73990986),dronbreen
dronbreen-20220329-DAT_0235_A1_1,510.0,587,98.79776763916016,538708.5173747712,8668540.714726178,744.31787109375,2022-03-29 10:03:43.249999872+00:00,0,2022-05-03,100 MHz,20220329,97.65137994289398,97.2345199584961,100.36103057861328,2.4507383136712613,2.7812210494995115,10,1.9937300610144275,2.7096309661865234,4.364888321055726,4.162112181477784,93.8704362007532,103.72511433635617,97.7555969953537,94.83751916885376,5.983512576406237,0.9270731234908104,9.0,9.0,0.2666189826326329,0.0,0.9646503294972057,5.989449760529898,98.02221597798633,94.57090018622112,0.9883966234899848,0.0605632365931573,certain_temperate,645.5201034545898,743.1714833974838,POINT (538708.5173747712 8668540.714726178),dronbreen
dronbreen-20220329-DAT_0235_A1_1,515.0,592,99.8399429321289,538704.9460374069,8668544.31838093,743.9451090494791,2022-03-29 10:03:44.666666752+00:00,0,2022-05-03,100 MHz,20220329,98.69355523586273,99.11042022705078,101.29898071289062,2.0685351045820926,2.1631807250976562,10,2.0143896549268474,2.7096474965413413,4.0099010071101615,3.959645529119685,95.73403825260105,104.67536268734035,98.79777228832245,95.87969446182251,5.954931139634244,0.9270731234908104,9.0,9.0,0.2666189826326329,0.0,0.9646503294972057,5.960896791564643,99.06439127095508,95.61307547918987,0.988517744876462,0.05964477707767121,certain_temperate,644.1051661173502,742.798721353213,POINT (538704.9460374069 8668544.31838093),dronbreen
dronbreen-20220329-DAT_0235_A1_1,520.0,597,101.29898071289062,538700.8712483633,8668547.05472475,743.6488037109375,2022-03-29 10:03:46+00:00,0,2022-05-03,100 MHz,20220329,100.15259301662445,100.88211059570312,102.34114837646484,1.7515161919106157,1.1588411613464356,10,2.0433192108401066,2.8225498199462895,3.672172888181849,3.8999679298671333,97.39758180640219,105.82567716576578,100.25681006908417,97.33873224258423,5.92641444539523,0.9270731234908104,9.0,9.0,0.2666189826326329,0.0,0.9646503294972057,5.932408773886819,100.5234290517168,97.07211325995159,0.9886831270344629,0.05850418635694204,certain_temperate,642.3498229980469,742.5024160146713,POINT (538700.8712483633 8668547.05472475),dronbreen
dronbreen-20220329-DAT_0235_A1_1,525.0,601,102.44537353515625,538696.867425415,8668549.99692105,743.4206455775669,2022-03-29 10:03:47.285714432+00:00,0,2022-05-04,100 MHz,20220329,101.29898583889008,102.13272094726562,103.17489624023438,1.5653377977100555,1.1588468170166015,10,2.0660546516254303,2.5967451731363935,3.514910135838432,3.6690529757213923,98.81433770874264,106.49327947875736,101.40320289134979,98.48512506484985,5.897965535465066,0.9270731234908104,9.0,9.0,0.2666189826326329,0.0,0.9646503294972057,5.903988748247559,101.66982187398243,98.21850608221722,0.9888097660567096,0.05757180955996082,certain_temperate,640.9752720424107,742.2742578813007,POINT (538696.867425415 8668549.99692105),dronbreen
dronbreen-20220329-DAT_0235_A1_1,530.0,606,103.69597625732422,538692.7446263483,8668553.068630915,743.1367885044643,2022-03-29 10:03:48.714285568+00:00,0,2022-05-04,100 MHz,20220329,102.54958856105804,103.17489624023438,104.2170639038086,1.4217147822713065,1.0815847068786621,10,2.0908615919720317,2.822541554768881,3.675359642719982,3.7894215847949275,99.66228424555278,107.72967589849019,102.65380561351776,99.73572778701782,5.869583816468198,0.9270731234908104,9.0,9.0,0.2666189826326329,0.0,0.9646503294972057,5.875636123897177,102.9204245961504,99.46910880438519,0.9889447234343849,0.05660377604144134,certain_temperate,639.4408122471401,741.9904008081982,POINT (538692.7446263483 8668553.068630915),dronbreen
dronbreen-20220329-DAT_0235_A1_1,535.0,611,105.05079650878906,538688.4224865423,8668555.722596109,742.8665313720703,2022-03-29 10:03:50.249999872+00:00,0,2022-05-04,100 MHz,20220329,103.90440881252289,104.11283874511719,105.36344909667969,1.3214091941306831,0.9270661422729491,10,2.1177412351022498,2.9354438781738286,3.7364569223944573,3.8532818426756315,100.49321739741235,108.98307044438452,104.0086258649826,101.09054803848267,5.841270796694449,0.9270731234908104,9.0,9.0,0.2666189826326329,0.0,0.9646503294972057,5.847352409613727,104.27524484761524,100.82392905585003,0.989087301245067,0.05560425042760851,certain_temperate,637.8157348632812,741.7201436758041,POINT (538688.4224865423 8668555.722596109),dronbreen
dronbreen-20220329-DAT_0235_A1_1,540.0,616,106.4056167602539,538684.2196093672,8668558.238219688,742.6121826171875,2022-03-29 10:03:51.666666752+00:00,0,2022-05-04,100 MHz,20220329,105.25922906398773,105.15501403808594,106.50983428955078,1.118626209275539,0.5407951812744141,10,2.1446263337122415,2.7096474965413413,3.4977237019030527,3.6322081799977997,101.69935032951058,109.96549799812614,105.36344611644745,102.44536828994751,5.81302747996634,0.9270731234908104,9.0,9.0,0.2666189826326329,0.0,0.9646503294972057,5.819138610202019,105.63006509908008,102.17874930731487,0.9892262482830287,0.05463083300446319,certain_temperate,636.2065658569336,741.4657949209213,POINT (538684.2196093672 8668558.238219688),dronbreen
dronbreen-20220329-DAT_0235_A1_1,545.0,620,107.55200958251953,538679.9198739929,8668560.782090418,742.3577880859375,2022-03-29 10:03:53+00:00,0,2022-05-04,100 MHz,20220329,106.40562188625336,106.30140686035156,107.65623474121094,0.9860001697297833,0.5407951812744141,10,2.167379502093565,2.4838345845540366,3.3405729415194183,3.440808696255756,103.00489838174543,110.95274321981707,106.50983893871307,103.59176111221313,5.784855402164943,0.9270731234908104,9.0,9.0,0.2666189826326329,0.0,0.9646503294972057,5.790996261944657,106.77645792134571,103.3251421295805,0.9893410852970943,0.05378658590034526,certain_temperate,634.805778503418,741.2114003896713,POINT (538679.9198739929 8668560.782090418),dronbreen
dronbreen-20220329-DAT_0235_A1_1,550.0,625,108.6983871459961,538675.0132771737,8668563.4326336,742.1027047293527,2022-03-29 10:03:54.428571392+00:00,0,2022-05-04,100 MHz,20220329,107.55199944972992,107.86466217041016,108.90682983398438,0.9577535811689217,1.3133371032714842,10,2.190136011131806,2.2580382029215498,3.4088541505818424,3.288270699828622,104.7189615690958,112.05253043529873,107.65621650218964,104.7381386756897,5.756754570400667,0.9270731234908104,9.0,9.0,0.2666189826326329,0.0,0.9646503294972057,5.762925373951066,107.92283548482227,104.47151969305706,0.9894534985627116,0.05296080946140071,certain_temperate,633.4043175833566,740.9563170330865,POINT (538675.0132771737 8668563.4326336),dronbreen
dronbreen-20220329-DAT_0235_A1_1,555.0,629,109.6363525390625,538670.8103175969,8668565.793223396,741.8733113606771,2022-03-29 10:03:55.666666752+00:00,0,2022-05-04,100 MHz,20220329,108.48996484279633,109.219482421875,109.94900512695312,0.943469564507535,0.7725702003479004,10,2.2087580037722194,2.145135879516602,3.1744424038377037,3.2203035074305255,106.14048585467697,113.02800169415116,108.59418189525604,105.6761040687561,5.700772435893949,0.9270731234908104,9.0,9.0,0.2666189826326329,0.0,0.9646503294972057,5.7070037714853745,108.86080087788868,105.40948508612347,0.989543726421784,0.051997100449532124,certain_temperate,632.2369588216146,740.726923664411,POINT (538670.8103175969 8668565.793223396),dronbreen
dronbreen-20220329-DAT_0235_A1_1,560.0,633,110.67851257324219,538666.2912920888,8668568.39287736,741.6101684570312,2022-03-29 10:03:57+00:00,0,2022-05-04,100 MHz,20220329,109.53212487697601,110.47007751464844,110.99117279052734,0.8898207443573841,0.6180459800720215,10,2.2294513356810755,2.7096392313639326,3.5629452501827528,3.6199970966017894,106.9611463351699,114.50010397000588,109.63634192943573,106.71826410293579,5.6450907670171615,0.9270731234908104,9.0,9.0,0.2666189826326329,0.0,0.9646503294972057,5.651383498733957,109.90296091206837,106.45164512030316,0.9896421837481096,0.051004396750285994,certain_temperate,630.9316558837891,740.4637807607651,POINT (538666.2912920888 8668568.39287736),dronbreen
dronbreen-20220329-DAT_0235_A1_1,565.0,638,112.13755798339844,538661.7961055675,8668571.055257626,741.3375549316406,2022-03-29 10:03:58.249999872+00:00,0,2022-05-04,100 MHz,20220329,110.99117028713226,111.6164779663086,112.34600067138672,0.841016206212988,0.6180516357421875,10,2.258427055317931,2.7096474965413413,3.5811548617936606,3.626291573883389,108.08905931810354,115.87341931959178,111.09538733959198,108.17730951309204,5.5560988853393045,0.9270731234908104,9.0,9.0,0.2666189826326329,0.0,0.9646503294972057,5.5624922926300515,111.36200632222462,107.9106905304594,0.989776951479219,0.049547172109471696,certain_temperate,629.1999969482422,740.1911672353745,POINT (538661.7961055675 8668571.055257626),dronbreen
dronbreen-20220329-DAT_0235_A1_1,570.0,642,113.17972564697266,538657.9177134479,8668573.42519332,741.089365641276,2022-03-29 10:03:59.333333248+00:00,0,2022-05-04,100 MHz,20220329,112.03333795070648,112.86707305908203,113.38815307617188,0.8481595970188571,0.38628227233886714,10,2.2791270519673974,2.145135879516602,3.153607783875849,3.2427461761004754,109.73721234962561,116.5180137856283,112.1375550031662,109.21947717666626,5.501200952704922,0.9270731234908104,9.0,9.0,0.2666189826326329,0.0,0.9646503294972057,5.507658087058564,112.40417398579883,108.95285819403362,0.9898710861003325,0.048605886975412266,certain_temperate,627.9096399943033,739.9429779450098,POINT (538657.9177134479 8668573.42519332),dronbreen
dronbreen-20220329-DAT_0235_A1_1,575.0,646,114.11768341064453,538653.1925657479,8668576.515200494,740.7920430501302,2022-03-29 10:04:00.666666752+00:00,0,2022-05-04,100 MHz,20220329,112.97129571437836,113.90924835205078,114.2219009399414,0.8551711671475649,0.4635387268066406,10,2.297759401418007,1.8064371744791667,2.959354943800191,3.045362253864988,110.98642206023234,117.14472723175984,113.07551276683807,110.15743494033813,5.473876472443153,0.9270731234908104,9.0,9.0,0.2666189826326329,0.0,0.9646503294972057,5.480365801428474,113.34213174947071,109.8908159577055,0.9899543378203624,0.04796694349942059,certain_temperate,626.6743596394857,739.6456553538641,POINT (538653.1925657479 8668576.515200494),dronbreen
dronbreen-20220329-DAT_0235_A1_1,580.0,649,114.84720611572266,538649.7418527146,8668578.711329328,740.5774536132812,2022-03-29 10:04:01.666666752+00:00,0,2022-05-04,100 MHz,20220329,113.70081841945648,114.43032836914062,114.95142364501953,0.9309155905287452,0.6953024345397949,10,2.3122526464543,1.806420644124349,3.0154789536706286,3.0783553533084875,111.49610481859892,117.88564719556123,113.8050354719162,110.88695764541626,5.419481747761196,0.9270731234908104,9.0,9.0,0.2666189826326329,0.0,0.9646503294972057,5.4260361311197345,114.07165445454883,110.62033866278362,0.9900181490256624,0.047188625052841104,certain_temperate,625.7302474975586,739.4310659170151,POINT (538649.7418527146 8668578.711329328),dronbreen
dronbreen-20220329-DAT_0235_A1_1,585.0,653,115.78514862060547,538645.3565836162,8668581.562991822,740.3037719726562,2022-03-29 10:04:03+00:00,0,2022-05-04,100 MHz,20220329,114.6387609243393,115.26407623291016,116.0978012084961,1.0180965660359007,0.8498096878051757,10,2.3308882977179066,2.145127614339193,3.2797544486937387,3.327331266347391,112.09633054579466,119.26554689561159,114.74297797679901,111.82490015029907,5.382839002658805,0.9270731234908104,9.0,9.0,0.2666189826326329,0.0,0.9646503294972057,5.389437949401116,115.00959695943165,111.55828116766644,0.9900990091568431,0.04648989155160837,certain_temperate,624.5186233520508,739.1573842763901,POINT (538645.3565836162 8668581.562991822),dronbreen
dronbreen-20220329-DAT_0235_A1_1,590.0,657,116.82732391357422,538641.1662411562,8668584.652855562,740.0000305175781,2022-03-29 10:04:04.249999872+00:00,0,2022-05-04,100 MHz,20220329,115.68093621730804,116.0978012084961,117.24420166015625,1.0671146414556043,1.0815903625488281,10,2.3515972114975128,2.3709405263264975,3.510157565816491,3.5057241880258023,112.75843473796606,120.58356813068629,115.78515326976776,112.86707544326782,5.329383584255011,0.9270731234908104,9.0,9.0,0.2666189826326329,0.0,0.9646503294972057,5.3360486382740975,116.0517722524004,112.60045646063519,0.9901873323991035,0.04561761243626147,certain_temperate,623.1727066040039,738.853642821312,POINT (538641.1662411562 8668584.652855562),dronbreen
dronbreen-20220329-DAT_0235_A1_1,595.0,662,117.97370910644531,538637.1156180517,8668587.56065239,739.6887817382812,2022-03-29 10:04:05.500000+00:00,0,2022-05-04,100 MHz,20220329,116.82732141017914,117.13997650146484,118.49479675292969,1.0897769854430692,1.236091960144043,10,2.3743795855197356,2.145135879516602,3.430336673222481,3.380369837121927,113.94008801001357,121.69468524438096,116.93153846263885,114.01346063613892,5.276301492750029,0.9270731234908104,9.0,9.0,0.2666189826326329,0.0,0.9646503294972057,5.283033515348568,117.19815744527149,113.74684165350628,0.9902826849732104,0.04472438420995417,certain_temperate,621.7150726318359,738.5423940420151,POINT (538637.1156180517 8668587.56065239),dronbreen
dronbreen-20220329-DAT_0235_A1_1,600.0,666,118.80744934082031,538633.3839718696,8668590.400061822,739.352783203125,2022-03-29 10:04:06.666666752+00:00,0,2022-05-04,100 MHz,20220329,117.66106164455414,117.66107177734375,119.64118957519531,1.3733573872339615,1.3906218360900877,10,2.3909504402117236,1.354827880859375,3.0799402080743556,3.072183768489872,114.9129446706941,122.38931668184496,117.76527869701385,114.84720087051392,5.145304839351421,0.9270731234908104,9.0,9.0,0.2666189826326329,0.0,0.9646503294972057,5.152208028773024,118.03189767964649,114.58058188788128,0.9903508769641409,0.04330793117686752,certain_temperate,620.5453338623047,738.2063955068588,POINT (538633.3839718696 8668590.400061822),dronbreen
dronbreen-20220329-DAT_0235_A1_1,605.0,670,119.22431945800781,538629.3301111606,8668593.75748373,738.9251708984375,2022-03-29 10:04:08+00:00,0,2022-05-04,100 MHz,20220329,118.07793176174164,118.49479675292969,120.68335723876953,1.7264992181009675,1.6996306869506834,10,2.3992364077118453,1.2419255574544272,3.1917798956652668,3.206168114814284,115.79318345152096,123.38497054017826,118.18214881420135,115.26407098770142,5.016902792964509,0.9270731234908104,9.0,9.0,0.2666189826326329,0.0,0.9646503294972057,5.023982415967949,118.44876779683399,114.99745200506878,0.990384615307702,0.042079525517707154,certain_temperate,619.7008514404297,737.7787832021713,POINT (538629.3301111606 8668593.75748373),dronbreen
dronbreen-20220329-DAT_0235_A1_1,610.0,674,119.95384216308594,538625.4539205811,8668596.94943275,738.4658355712891,2022-03-29 10:04:09.249999872+00:00,0,2022-05-04,100 MHz,20220329,118.80745446681976,119.43275451660156,120.89179229736328,2.0900105664814994,1.1588411613464356,10,2.4137377032052623,0.6774139404296875,2.7618711381586665,3.263918429521089,116.92576043073636,123.39878638322848,118.91167151927948,115.99359369277954,4.85843559396144,0.7725609215140342,9.0,9.0,0.2666189826326329,0.0,0.8172735523376944,4.865745790993557,119.17829050191212,115.7269747101469,0.990443093146549,0.04050254253095157,certain_temperate,618.5119934082031,737.3194478750229,POINT (538625.4539205811 8668596.94943275),dronbreen
dronbreen-20220329-DAT_0235_A1_1,615.0,678,119.84962463378906,538621.8452324836,8668599.745873423,738.0536905924479,2022-03-29 10:04:10.333333248+00:00,0,2022-05-04,100 MHz,20220329,118.70323693752289,119.64118957519531,120.78756713867188,2.0880712278029123,1.0043225967407226,10,2.411666023715567,0.5645116170247396,2.6727271192592723,3.239575254269964,117.1643354463254,123.26442126754179,118.8074539899826,115.88937616348267,4.7124221609600445,0.7725609215140342,9.0,9.0,0.2666189826326329,0.0,0.8172735523376944,4.719958506703994,119.07407297261524,115.62275718085003,0.9904347827557319,0.039319456989200086,certain_temperate,618.2040659586588,736.9073028961817,POINT (538621.8452324836 8668599.745873423),dronbreen
dronbreen-20220329-DAT_0235_A1_1,620.0,682,119.43275451660156,538616.9922845104,8668602.832342973,737.5578816731771,2022-03-29 10:04:11.666666752+00:00,0,2022-05-04,100 MHz,20220329,118.28636682033539,118.80744934082031,119.84962463378906,2.2262541831366747,1.3133540702819824,10,2.403379524870994,0.9032103220621746,2.883907235050225,3.398268634817195,116.23995600559064,122.41711796901873,118.3905838727951,115.47250604629517,4.571251080958455,0.7725609215140342,9.0,9.0,0.2666189826326329,0.0,0.8172735523376944,4.579019777972564,118.65720285542774,115.20588706366253,0.9904013961588165,0.038274685193859743,certain_temperate,618.1251271565756,736.411493976911,POINT (538616.9922845104 8668602.832342973),dronbreen
dronbreen-20220329-DAT_0235_A1_1,625.0,686,119.0158920288086,538612.8476239919,8668605.593527718,737.1235438755581,2022-03-29 10:04:12.857143040+00:00,0,2022-05-04,100 MHz,20220329,117.86950433254242,116.41045379638672,119.74539184570312,2.5740613995272437,2.1631807250976562,10,2.3950935309847945,2.9354521433512373,4.3626486401616855,4.58029959681752,112.62187196302604,123.5339736790638,117.97372138500214,115.0556435585022,4.413291433315926,0.7725609215140342,9.0,9.0,0.2666189826326329,0.0,0.8172735523376944,4.421337688672943,118.24034036763477,114.78902457586956,0.9903677762967261,0.03708153052575247,certain_temperate,618.1076518467495,735.9771561792919,POINT (538612.8476239919 8668605.593527718),dronbreen
dronbreen-20220329-DAT_0235_A1_1,630.0,690,116.72310638427734,538608.973183191,8668608.247258853,736.7103881835938,2022-03-29 10:04:14+00:00,0,2022-05-04,100 MHz,20220329,115.57671868801117,113.90924835205078,118.80744934082031,3.4101380543484425,5.098897716522217,8,2.349526213005109,7.677324930826824,9.511064579880042,8.72299450124833,105.88045071360621,126.83624697926489,115.68093574047089,112.76285791397095,4.24264289735441,0.7725609215140342,9.0,9.0,0.2666189826326329,0.0,0.8172735523376944,4.251012166104902,115.94755472310352,112.49623893133831,0.9901785710492315,0.036347926548379594,certain_temperate,619.9872817993164,735.5640004873276,POINT (538608.973183191 8668608.247258853),dronbreen
dronbreen-20220329-DAT_0235_A1_1,635.0,695,111.92913055419922,538604.9609977242,8668611.047700902,736.2302856445312,2022-03-29 10:04:15.333333248+00:00,0,2022-05-04,100 MHz,20220329,110.78274285793304,110.99117279052734,114.95142364501953,3.854085876910449,4.480851736450195,7,2.2542874942312903,7.33860969543457,8.889040254865685,8.590167769908481,103.31412880416293,122.62846763138394,110.88695991039276,107.96888208389282,4.017128713890078,0.7725609215140342,9.0,9.0,0.2666189826326329,0.0,0.8172735523376944,4.025966813805128,111.1535788930254,107.70226310126019,0.9897579147574004,0.035889930476542674,certain_temperate,624.301155090332,735.0838979482651,POINT (538604.9609977242 8668611.047700902),dronbreen
dronbreen-20220329-DAT_0235_A1_1,640.0,699,109.94900512695312,538601.0728726699,8668613.541567922,735.7949829101562,2022-03-29 10:04:16.666666752+00:00,0,2022-05-04,100 MHz,20220329,108.80261743068695,109.94900512695312,113.59659576416016,4.425528865715208,2.7812097381591796,7,2.2149657991406335,4.403174082438151,5.65942957366281,6.624146830565903,105.02010915608726,118.52549173502602,108.90683448314667,105.98875665664673,3.9276991469863507,0.7725609215140342,9.0,9.0,0.2666189826326329,0.0,0.8172735523376944,3.936738024194316,109.1734534657793,105.72213767401409,0.9895734600331991,0.03572291665987532,certain_temperate,625.8459777832031,734.6485952138901,POINT (538601.0728726699 8668613.541567922),dronbreen
dronbreen-20220329-DAT_0235_A1_1,645.0,704,107.86466217041016,538596.4491712266,8668616.564889614,735.3331604003906,2022-03-29 10:04:18.249999872+00:00,0,2022-05-04,100 MHz,20220329,106.71827447414398,107.55200958251953,108.48995971679688,3.173006780993245,2.5494516860961913,6,2.1735855488235756,5.757993698120118,6.6617317167073296,6.924372722339172,101.39742059822126,114.64454870109515,106.8224915266037,103.90441370010376,3.8767876453620214,0.7725609215140342,9.0,9.0,0.2666189826326329,0.0,0.8172735523376944,3.885944946744828,107.08911050923633,103.63779471747112,0.9893719808397021,0.03594122085356623,certain_temperate,627.4684982299805,734.1867727041245,POINT (538596.4491712266 8668616.564889614),dronbreen
dronbreen-20220329-DAT_0235_A1_1,650.0,710,104.6339340209961,538592.2766253706,8668619.376285147,734.9865417480469,2022-03-29 10:04:19.750000128+00:00,0,2022-05-04,100 MHz,20220329,103.48754632472992,104.32128143310547,106.8224868774414,3.673805008843583,4.094575119781494,6,2.109470089734402,5.306392669677735,7.0266074769996445,6.790030225801493,98.61096907524853,112.53279923529834,103.59176337718964,100.6736855506897,3.828036770252739,0.7725609215140342,9.0,9.0,0.2666189826326329,0.0,0.8172735523376944,3.8373104117737307,103.85838235982227,100.40706656805706,0.9890438249599204,0.03658504103921579,certain_temperate,630.3526077270508,733.8401540517807,POINT (538592.2766253706 8668619.376285147),dronbreen
dronbreen-20220329-DAT_0235_A1_1,655.0,715,102.9664535522461,538588.2437978127,8668622.788700774,734.6746419270834,2022-03-29 10:04:21.333333248+00:00,0,2022-05-04,100 MHz,20220329,101.82006585597992,101.29898071289062,105.46766662597656,4.079002194215612,5.021641262054443,6,2.0763901904147835,7.677333196004232,9.405834476009401,8.938182148834017,93.34581522829775,113.42083211056944,101.92428290843964,99.0062050819397,3.781530250558453,0.7725609215140342,9.0,9.0,0.2666189826326329,0.0,0.8172735523376944,3.7909176616999662,102.19090189107227,98.73958609930706,0.9888663962221007,0.036725847303652845,certain_temperate,631.7081883748373,733.5282542308172,POINT (538588.2437978127 8668622.788700774),dronbreen
dronbreen-20220329-DAT_0235_A1_1,660.0,720,97.54716491699219,538584.942527138,8668626.260822576,734.4097747802734,2022-03-29 10:04:22.750000128+00:00,0,2022-05-04,100 MHz,20220329,96.40077722072601,97.44295501708984,104.32128143310547,4.608668472488217,6.025969514465332,7,1.9689438167040594,8.016031901041668,10.219873569722886,9.453746996887622,89.18865267274512,112.57558377745019,96.50499427318573,93.58691644668579,3.7373519370966655,0.7725609215140342,9.0,9.0,0.2666189826326329,0.0,0.8172735523376944,3.746850034845304,96.77161325581837,93.32029746405316,0.9882478624853762,0.03831328096800114,certain_temperate,636.8626098632812,733.2633870840073,POINT (538584.942527138 8668626.260822576),dronbreen
dronbreen-20220329-DAT_0235_A1_1,665.0,725,95.5670394897461,538582.402598696,8668630.654123459,734.1243184407552,2022-03-29 10:04:24.333333248+00:00,0,2022-05-04,100 MHz,20220329,94.42065179347992,95.35861206054688,103.3833236694336,4.88037571443834,6.953046968078613,7,1.9297107593455232,3.4999472300211587,8.019867602895564,6.308048933049442,91.36193666371182,107.37999906626865,94.52486884593964,91.6067910194397,3.70923433307694,0.7725609215140342,9.0,9.0,0.2666189826326329,0.0,0.8172735523376944,3.718804245934006,94.79148782857227,91.34017203680706,0.988004361102039,0.03881290403973353,certain_temperate,638.5572789510092,732.9779307444891,POINT (538582.402598696 8668630.654123459),dronbreen
dronbreen-20220329-DAT_0235_A1_1,670.0,729,94.31644439697266,538581.2362237483,8668634.714553546,733.898203531901,2022-03-29 10:04:25.666666752+00:00,0,2022-05-04,100 MHz,20220329,93.17005670070648,93.69113159179688,102.54959106445312,5.07885934952767,6.644009838867187,7,1.904940070835535,1.6935348510742192,7.11615933662547,5.682575935045875,91.1422383093549,105.0984843468951,93.2742737531662,90.35619592666626,3.6955852521080477,0.7725609215140342,9.0,9.0,0.2666189826326329,0.0,0.8172735523376944,3.70519041852083,93.54089273579883,90.08957694403362,0.9878453041397416,0.03918283047814584,certain_temperate,639.5817591349283,732.7518158356348,POINT (538581.2362237483 8668634.714553546),dronbreen
dronbreen-20220329-DAT_0235_A1_1,675.0,735,97.13030242919922,538580.5994412923,8668640.185743516,733.6483968098959,2022-03-29 10:04:27.333333248+00:00,0,2022-05-04,100 MHz,20220329,95.98391473293304,93.69113159179688,101.29898071289062,4.458509326222495,4.171820262908935,8,1.9606831105497597,2.7096392313639326,5.34700919488261,5.573574116862049,90.34652054951682,104.64359175517068,96.08813178539276,93.17005395889282,3.6691213957452993,0.7725609215140342,9.0,9.0,0.2666189826326329,0.0,0.8172735523376944,3.678795658719847,96.3547507680254,92.90343497626019,0.9881974248242271,0.037775249371017006,certain_temperate,636.5180943806967,732.5020091136297,POINT (538580.5994412923 8668640.185743516),dronbreen
dronbreen-20220329-DAT_0235_A1_1,680.0,739,96.8176498413086,538580.4135255237,8668644.894490138,733.5095621744791,2022-03-29 10:04:28.666666752+00:00,0,2022-05-04,100 MHz,20220329,95.67126214504242,94.10800170898438,100.46524810791016,3.629473707324051,3.4765347953796386,8,1.9544878941343424,0.33870697021484375,4.002629076429037,4.136160626975989,92.12438245620682,102.44886736068771,95.77547919750214,92.8574013710022,3.6563128418563404,0.7725609215140342,9.0,9.0,0.2666189826326329,0.0,0.8172735523376944,3.6660209054809885,96.04209818013477,92.59078238836956,0.988159310847297,0.037764941080983806,certain_temperate,636.6919123331705,732.363174478213,POINT (538580.4135255237 8668644.894490138),dronbreen
dronbreen-20220329-DAT_0235_A1_1,685.0,743,97.44295501708984,538580.2002433337,8668649.664481666,733.413818359375,2022-03-29 10:04:30+00:00,0,2022-05-04,100 MHz,20220329,96.29656732082367,94.52487182617188,99.8399429321289,2.794459533186666,3.3219992637634275,8,1.9668786930019448,1.69352658589681,4.215723330410701,3.8138757416494555,91.92936723358793,102.43544752471286,96.40078437328339,93.48270654678345,3.643790408650816,0.7725609215140342,9.0,9.0,0.2666189826326329,0.0,0.8172735523376944,3.6535317466905552,96.66740335591602,93.21608756415081,0.9882352942183956,0.03739408773073186,certain_temperate,635.9708633422852,732.2674306631088,POINT (538580.2002433337 8668649.664481666),dronbreen
dronbreen-20220329-DAT_0235_A1_1,690.0,748,98.38090515136719,538580.0857921616,8668654.561353935,733.3212280273438,2022-03-29 10:04:31.333333248+00:00,0,2022-05-04,100 MHz,20220329,97.23451745510101,97.3387451171875,99.21464538574219,1.694218222194693,0.7725645446777343,9,1.9854674510958177,1.919331232706706,2.8675371585905354,3.2397976425420327,94.57723948072677,101.97615102220291,97.33873450756073,94.42065668106079,3.6315571158250615,0.7725609215140342,9.0,9.0,0.2666189826326329,0.0,0.8172735523376944,3.641331180681002,97.60535349019337,94.15403769842816,0.9883474573190564,0.03691323138608665,certain_temperate,634.9403228759766,732.1748403310776,POINT (538580.0857921616 8668654.561353935),dronbreen
dronbreen-20220329-DAT_0235_A1_1,695.0,753,99.21464538574219,538580.237307303,8668660.458268164,733.1611938476562,2022-03-29 10:04:33+00:00,0,2022-05-04,100 MHz,20220329,98.06825768947601,99.11042022705078,99.63151550292969,1.0525406359889362,0.4635387268066406,9,2.0019935922992933,2.0322252909342446,2.890118704823337,3.040684095253599,96.25771660123891,102.48421912874156,98.17247474193573,95.25439691543579,3.6135678085324425,0.927073300230503,9.0,9.0,0.2666189826326329,0.0,0.9646504993521419,3.6233903997170964,98.43909372456837,94.98777793280316,0.98844537828252,0.036421717726078134,certain_temperate,633.9465484619141,732.0148061513901,POINT (538580.237307303 8668660.458268164),dronbreen
dronbreen-20220329-DAT_0235_A1_1,700.0,758,100.25680541992188,538581.2539130291,8668664.767221736,733.038818359375,2022-03-29 10:04:34.333333248+00:00,0,2022-05-04,100 MHz,20220329,99.1104177236557,100.04837799072266,100.98633575439453,0.7487039256103095,0.6180516357421875,9,2.0226543978651494,3.0483544667561846,3.7101999397120373,3.7341871051702675,96.39001828066193,104.64469546445525,99.21463477611542,96.29655694961548,3.590618494981253,0.927073300230503,9.0,9.0,0.2666189826326329,0.0,0.9646504993521419,3.600503695096215,99.48125375874805,96.02993796698284,0.9885654874852179,0.03581421211200658,certain_temperate,632.7820129394531,731.8924306631088,POINT (538581.2539130291 8668664.767221736),dronbreen
dronbreen-20220329-DAT_0235_A1_1,705.0,763,102.02851104736328,538583.5246062011,8668669.112050371,732.926025390625,2022-03-29 10:04:36+00:00,0,2022-05-04,100 MHz,20220329,100.8821233510971,101.92428588867188,102.86224365234375,0.9661557990459984,0.9270887649536133,9,2.057786875897689,4.9676939646403,5.456369097764891,5.463142610345317,96.54725416541224,108.23927537560338,100.98634040355682,98.06826257705688,3.590618494981253,0.927073300230503,9.0,9.0,0.2666189826326329,0.0,0.9646504993521419,3.600503695096215,101.25295938618946,97.80164359442425,0.9887640456133482,0.03519230515198276,certain_temperate,630.8975143432617,731.7796376943588,POINT (538583.5246062011 8668669.112050371),dronbreen
dronbreen-20220329-DAT_0235_A1_1,710.0,770,104.84236907958984,538588.0683054276,8668672.219343316,732.8742065429688,2022-03-29 10:04:37.857143040+00:00,0,2022-05-04,100 MHz,20220329,103.69598138332367,104.73814392089844,105.46766662597656,1.741115897932727,0.6180516357421875,9,2.113605673177562,4.290246963500977,4.822399379350628,5.089698666871332,99.95551410566941,110.25029644120559,103.80019843578339,100.88212060928345,3.625487395366467,0.927073300230503,9.0,9.0,0.2666189826326329,0.0,0.9646504993521419,3.6352777797385976,104.06681741841602,100.61550162665081,0.9890656067167282,0.03458036504892617,certain_temperate,628.0318374633789,731.7278188467026,POINT (538588.0683054276 8668672.219343316),dronbreen
dronbreen-20220329-DAT_0235_A1_1,715.0,775,105.98873901367188,538592.493729578,8668673.896637069,732.8759155273438,2022-03-29 10:04:39.333333248+00:00,0,2022-05-04,100 MHz,20220329,104.8423513174057,103.48753356933594,106.50983428955078,2.335572718300132,0.9270661422729491,7,2.1363532290057514,1.5806242624918623,2.814574534527393,3.53797655457595,100.83002003630149,109.16734782258523,104.94656836986542,102.02849054336548,3.6376996316983194,0.927073300230503,9.0,9.0,0.2666189826326329,0.0,0.9646504993521419,3.647457236535906,105.21318735249805,101.76187156073284,0.9891838726742631,0.034321567230166584,certain_temperate,626.8871765136719,731.7295278310776,POINT (538592.493729578 8668673.896637069),dronbreen
dronbreen-20220329-DAT_0235_A1_1,720.0,779,106.30140686035156,538597.0529472919,8668673.903042288,732.9547729492188,2022-03-29 10:04:40.666666752+00:00,0,2022-05-04,100 MHz,20220329,105.15501916408539,104.42549133300781,106.50983428955078,2.9213655444192526,3.090246867370605,6,2.142558199955371,0.11291058858235677,3.7620380304435854,3.6245939200591852,102.27996006052307,108.65536556203553,105.2592362165451,102.34115839004517,3.654951032116119,0.7725611866235733,9.0,9.0,0.2666189826326329,0.0,0.8172738029432266,3.6646627033148285,105.52585519917774,102.07453940741253,0.9892156865075907,0.034382903670481406,certain_temperate,626.6533660888672,731.8083852529526,POINT (538597.0529472919 8668673.903042288),dronbreen
dronbreen-20220329-DAT_0235_A1_1,725.0,784,106.09296417236328,538602.4889053087,8668672.027218461,733.102783203125,2022-03-29 10:04:42.249999872+00:00,0,2022-05-04,100 MHz,20220329,104.9465764760971,105.57189178466797,106.8224868774414,3.513830141722927,3.7082815361022945,6,2.13842157180275,0.4516010284423828,4.304432861439327,4.138090450017028,103.3863048365825,109.00807382552688,105.05079352855682,102.13271570205688,3.6813528469310586,0.7725611866235733,9.0,9.0,0.2666189826326329,0.0,0.8172738029432266,3.6909950508646676,105.31741251118946,101.86609671942425,0.9891944983797069,0.03469931183136868,certain_temperate,627.0098190307617,731.9563955068588,POINT (538602.4889053087 8668672.027218461),dronbreen
dronbreen-20220329-DAT_0235_A1_1,730.0,789,106.71826934814453,538606.7831253597,8668670.761163022,733.1928100585938,2022-03-29 10:04:43.571428608+00:00,0,2022-05-04,100 MHz,20220329,105.57188165187836,105.67608642578125,107.2393569946289,4.0291763278138095,4.480868703460693,6,2.150831375321006,1.6935431162516277,5.25093784283551,4.871183200443574,102.93853936834671,109.97690405206345,105.67609870433807,102.75802087783813,3.6949728508618214,0.7725611866235733,9.0,9.0,0.2666189826326329,0.0,0.8172738029432266,3.7045796050977224,105.94271768697071,102.4914018952055,0.9892578121509229,0.034623620430048366,certain_temperate,626.4745407104492,732.0464223623276,POINT (538606.7831253597 8668670.761163022),dronbreen
dronbreen-20220329-DAT_0235_A1_1,735.0,794,107.65623474121094,538611.4942589641,8668669.168115256,733.2910766601562,2022-03-29 10:04:45+00:00,0,2022-05-04,100 MHz,20220329,106.50984704494476,105.25923919677734,107.86466217041016,4.837283793780471,5.48518564453125,6,2.169448305782345,1.4677136739095051,6.078482617809689,5.500909368605704,102.63994742608,110.4839539411075,106.61406409740448,103.69598627090454,3.723036090371346,0.7725611866235733,9.0,9.0,0.2666189826326329,0.0,0.8172738029432266,3.7325706171628714,106.88068308003712,103.4293672882719,0.989351404505072,0.03458263331725239,certain_temperate,625.6348419189453,732.1446889638901,POINT (538611.4942589641 8668669.168115256),dronbreen
dronbreen-20220329-DAT_0235_A1_1,740.0,798,108.07308197021484,538616.344544771,8668667.508184297,733.4112141927084,2022-03-29 10:04:46.333333248+00:00,0,2022-05-04,100 MHz,20220329,106.92669427394867,104.94658660888672,108.80260467529297,5.645705750082339,6.334984020996093,6,2.177722759815012,0.9032020568847656,6.759458034521185,6.118189584402396,102.58899241688141,111.16019886729828,107.03091132640839,104.11283349990845,3.7521759702779183,0.7725611866235733,9.0,9.0,0.2666189826326329,0.0,0.8172738029432266,3.7616366376659904,107.29753030904102,103.84621451727581,0.9893924770593465,0.03471887635546496,certain_temperate,625.3381322224935,732.2648264964422,POINT (538616.344544771 8668667.508184297),dronbreen
dronbreen-20220329-DAT_0235_A1_1,745.0,803,108.48995971679688,538621.4972499375,8668665.686353588,733.5750885009766,2022-03-29 10:04:47.750000128+00:00,0,2022-05-04,100 MHz,20220329,107.3435720205307,104.52971649169922,109.6363525390625,6.531813220230674,7.030309078216552,6,2.1859982945420806,0.9032268524169923,7.417523375488753,6.946869167808489,102.16446654916291,112.00160248159881,107.44778907299042,104.52971124649048,3.7978504378106344,0.7725611866235733,9.0,9.0,0.2666189826326329,0.0,0.8172738029432266,3.8071976084619625,107.71440805562305,104.26309226385784,0.9894332369625842,0.035006469241251226,certain_temperate,625.0851287841797,732.4287008047104,POINT (538621.4972499375 8668665.686353588),dronbreen
dronbreen-20220329-DAT_0235_A1_1,750.0,807,108.90682983398438,538626.2040381498,8668664.00683859,733.7721557617188,2022-03-29 10:04:49+00:00,0,2022-05-04,100 MHz,20220329,107.7604421377182,104.6339340209961,110.15744018554688,7.0718512959855415,7.571098603820801,6,2.194274147365222,0.6774056752522787,7.911716093960693,7.435374787809405,102.33747642664358,112.45389777989939,107.86465919017792,104.94658136367798,3.8295732432987664,0.7725611866235733,9.0,9.0,0.2666189826326329,0.0,0.8172738029432266,3.8388431731043524,108.13127817281055,104.67996238104534,0.9894736840837833,0.03516375648007108,certain_temperate,624.8653259277344,732.6257680654526,POINT (538626.2040381498 8668664.00683859),dronbreen
dronbreen-20220329-DAT_0235_A1_1,755.0,810,109.1152572631836,538629.9897422768,8668662.626609242,733.974853515625,2022-03-29 10:04:50+00:00,0,2022-05-04,100 MHz,20220329,107.96886956691742,105.05079650878906,110.57429504394531,7.511273141094914,7.957369564819335,6,2.1984120967289766,0.7903162638346355,8.293210833871214,7.866183302215864,102.71464250189528,112.91044905083909,108.07308661937714,105.1550087928772,3.8458073064484224,0.7725611866235733,9.0,9.0,0.2666189826326329,0.0,0.8172738029432266,3.8550381995814424,108.33970560200977,104.88838981024456,0.9894937910149346,0.03524536717328559,certain_temperate,624.8595962524414,732.8284658193588,POINT (538629.9897422768 8668662.626609242),dronbreen
dronbreen-20220329-DAT_0235_A1_1,760.0,815,109.6363525390625,538635.6421743387,8668660.462483607,734.2896118164062,2022-03-29 10:04:51.500000+00:00,0,2022-05-04,100 MHz,20220329,108.48996484279633,105.67608642578125,111.19960021972656,8.272347530531396,8.652700277709961,6,2.2087580037722194,0.9032268524169923,8.975725751271424,8.60965529693517,103.28978580218939,113.58590084331843,108.59418189525604,105.6761040687561,3.8959621360422654,0.7725611866235733,9.0,9.0,0.2666189826326329,0.0,0.8172738029432266,3.9050744739857484,108.86080087788868,105.40948508612347,0.989543726421784,0.03553531329541602,certain_temperate,624.6532592773438,733.1432241201401,POINT (538635.6421743387 8668660.462483607),dronbreen
dronbreen-20220329-DAT_0235_A1_1,765.0,819,109.94900512695312,538639.8919518432,8668658.754418502,734.5431111653646,2022-03-29 10:04:52.666666752+00:00,0,2022-05-04,100 MHz,20220329,108.80261743068695,106.19718170166016,111.6164779663086,8.907336950228462,9.038971238708495,6,2.2149657991406335,0.7902997334798177,9.339895514099736,9.212562005490453,103.84544890219058,113.96821076577817,108.90683448314667,105.98875665664673,3.9305786710150814,0.7725611866235733,9.0,9.0,0.2666189826326329,0.0,0.8172738029432266,3.9396109415700864,109.1734534657793,105.72213767401409,0.9895734600331991,0.035749106292290875,certain_temperate,624.5941060384115,733.3967234690984,POINT (538639.8919518432 8668658.754418502),dronbreen
dronbreen-20220329-DAT_0235_A1_1,770.0,823,110.36585998535156,538644.5812766253,8668656.903891562,734.8486328125,2022-03-29 10:04:54+00:00,0,2022-05-04,100 MHz,20220329,109.21947228908539,106.8224868774414,112.13755798339844,9.375057210676482,9.502492998504637,6,2.2232429512139444,0.9032020568847656,9.800814066306584,9.677307522195441,104.42278206732759,114.53726279351226,109.3236893415451,106.40561151504517,3.9661099687111587,0.7725611866235733,9.0,9.0,0.2666189826326329,0.0,0.8172738029432266,3.9750615046575177,109.59030832417774,106.13899253241253,0.9896128413585656,0.03593602196582861,certain_temperate,624.4827728271484,733.7022451162338,POINT (538644.5812766253 8668656.903891562),dronbreen
dronbreen-20220329-DAT_0235_A1_1,775.0,828,110.78273010253906,538649.1170522046,8668655.048982596,735.1893107096354,2022-03-29 10:04:55.333333248+00:00,0,2022-05-04,100 MHz,20220329,109.63634240627289,107.44779205322266,112.76284790039062,9.87164922580141,10.120533322906494,6,2.231520852600039,0.7903162638346355,10.393723098703905,10.15153897444796,105.08045491785931,115.13018503575397,109.7405594587326,106.82248163223267,4.021069788607501,0.7725611866235733,9.0,9.0,0.2666189826326329,0.0,0.8172738029432266,4.029899245235796,110.00717844136524,106.55586264960003,0.9896519277399547,0.03629690101413506,certain_temperate,624.4065806070963,734.0429230133692,POINT (538649.1170522046 8668655.048982596),dronbreen
dronbreen-20220329-DAT_0235_A1_1,780.0,832,111.09538269042969,538653.5028277371,8668653.065733738,735.5419718424479,2022-03-29 10:04:56.666666752+00:00,0,2022-05-04,100 MHz,20220329,109.94899499416351,107.96888732910156,113.28394317626953,10.31009794679649,10.584072049713134,6,2.2377295685701637,0.33870697021484375,10.823342237370309,10.55558031120329,105.70566925880314,115.54716124656795,110.05321204662323,107.13513422012329,4.058782959240163,0.7725611866235733,9.0,9.0,0.2666189826326329,0.0,0.8172738029432266,4.067530552081741,110.31983102925587,106.86851523749066,0.9896810500265288,0.036534218263148455,certain_temperate,624.4465891520182,734.3955841461817,POINT (538653.5028277371 8668653.065733738),dronbreen
dronbreen-20220329-DAT_0235_A1_1,785.0,837,111.09538269042969,538658.6431883522,8668650.561387705,735.9495086669922,2022-03-29 10:04:58.249999872+00:00,0,2022-05-04,100 MHz,20220329,109.94899499416351,108.6983871459961,113.90924835205078,10.185800594744709,10.81586403579712,6,2.2377295685701637,0.11290232340494792,11.045501138360947,10.429319935287493,106.45781120292176,116.14982429512511,110.05321204662323,107.13513422012329,4.116903829285326,0.7725611866235733,9.0,9.0,0.2666189826326329,0.0,0.8172738029432266,4.125528186970032,110.31983102925587,106.86851523749066,0.9896810500265288,0.03705738015014711,certain_temperate,624.8541259765625,734.803120970726,POINT (538658.6431883522 8668650.561387705),dronbreen
dronbreen-20220329-DAT_0235_A1_1,790.0,842,111.19960021972656,538662.6670317226,8668648.58330207,736.2229309082031,2022-03-29 10:04:59.500000+00:00,0,2022-05-04,100 MHz,20220329,110.05321252346039,109.32369995117188,114.53455352783203,10.020820273921082,11.202134996795653,6,2.239799195376855,0.11290232340494792,11.424415777477419,10.268704218764354,107.0810570080708,116.7771964709331,110.1574295759201,107.23935174942017,4.156651114422295,0.7725611866235733,9.0,9.0,0.2666189826326329,0.0,0.8172738029432266,4.165193173062705,110.42404855855274,106.97273276678753,0.9896907210637362,0.03738009045184421,certain_temperate,625.0233306884766,735.076543211937,POINT (538662.6670317226 8668648.58330207),dronbreen
dronbreen-20220329-DAT_0235_A1_1,795.0,846,111.19960021972656,538666.7128376717,8668646.62136473,736.4808756510416,2022-03-29 10:05:00.666666752+00:00,0,2022-05-04,100 MHz,20220329,110.05321252346039,109.84478759765625,115.05562591552734,9.719472150302993,10.893103523254394,6,2.239799195376855,0.11291058858235677,11.12156255231081,9.974847774133714,107.60214423844266,117.29826927474093,110.1574295759201,107.23935174942017,4.217716268143029,0.7725611866235733,9.0,9.0,0.2666189826326329,0.0,0.8172738029432266,4.226134900882652,110.42404855855274,106.97273276678753,0.9896907210637362,0.03792923949194932,certain_temperate,625.2812754313151,735.3344879547755,POINT (538666.7128376717 8668646.62136473),dronbreen
dronbreen-20220329-DAT_0235_A1_1,800.0,850,111.30382537841797,538671.5700233707,8668644.279522743,736.7683715820312,2022-03-29 10:05:02+00:00,0,2022-05-04,100 MHz,20220329,110.1574376821518,110.36585998535156,115.57672119140625,9.418456249878057,10.66133981552124,6,2.2418690009783675,0.11291058858235677,10.895085684866375,9.68225405313395,108.1211494430852,117.82143173367261,110.26165473461151,107.34357690811157,4.259356683510082,0.7725611866235733,9.0,9.0,0.2666189826326329,0.0,0.8172738029432266,4.2676931753890255,110.52827371724415,107.07695792547894,0.9897003746962999,0.03826783732750284,certain_temperate,625.4645462036133,735.6219838857651,POINT (538671.5700233707 8668644.279522743),dronbreen
dronbreen-20220329-DAT_0235_A1_1,805.0,854,111.30382537841797,538675.6925155922,8668642.164746003,737.0514700753348,2022-03-29 10:05:03.142856960+00:00,0,2022-05-04,100 MHz,20220329,110.1574376821518,110.78273010253906,115.99359130859375,9.139229441683277,10.275068854522704,6,2.2418690009783675,0.11289405822753908,10.517402799698857,9.410857371869007,108.53802039170097,118.23830101943184,110.26165473461151,107.34357690811157,4.301716237834977,0.7725611866235733,9.0,9.0,0.2666189826326329,0.0,0.8172738029432266,4.309970797204219,110.52827371724415,107.07695792547894,0.9897003746962999,0.038648413234762806,certain_temperate,625.7476446969168,735.9050823790686,POINT (538675.6925155922 8668642.164746003),dronbreen
dronbreen-20220329-DAT_0235_A1_1,810.0,859,111.40803527832031,538681.1234186566,8668639.405194374,737.4198404947916,2022-03-29 10:05:04.666666752+00:00,0,2022-05-04,100 MHz,20220329,110.26164758205414,110.57429504394531,116.618896484375,8.873926997285707,10.352325308990478,6,2.243938530760187,0.11289405822753908,10.593330189387004,9.153938253635394,108.32751841993186,118.86567310838845,110.36586463451385,107.44778680801392,4.366558176060974,0.7725611866235733,9.0,9.0,0.2666189826326329,0.0,0.8172738029432266,4.374690387538871,110.63248361714649,107.18116782538128,0.9897100088570608,0.039194284013288706,certain_temperate,626.0118052164713,736.2734527985255,POINT (538681.1234186566 8668639.405194374),dronbreen
dronbreen-20220329-DAT_0235_A1_1,815.0,863,111.40803527832031,538685.0723233997,8668637.362996975,737.6752471923828,2022-03-29 10:05:05.750000128+00:00,0,2022-05-04,100 MHz,20220329,110.26164758205414,110.36585998535156,117.13997650146484,8.656023446776073,10.352330964660643,6,2.243938530760187,0.11290232340494792,10.593335804473112,8.94286022341832,108.11908294602158,119.38675354079483,110.36586463451385,107.44778680801392,4.410624417863749,0.7725611866235733,9.0,9.0,0.2666189826326329,0.0,0.8172738029432266,4.418675529766357,110.63248361714649,107.18116782538128,0.9897100088570608,0.039589823183265885,certain_temperate,626.2672119140625,736.5288594961166,POINT (538685.0723233997 8668637.362996975),dronbreen
dronbreen-20220329-DAT_0235_A1_1,820.0,867,111.51225280761719,538689.7323724674,8668635.310194498,737.9224853515625,2022-03-29 10:05:07+00:00,0,2022-05-04,100 MHz,20220329,110.36586511135101,110.26165771484375,117.66107177734375,8.391813444935607,10.043288179779053,6,2.246008239186128,0.11290232340494792,10.291984133645554,8.687913031316798,108.0128135794884,119.9099159126991,110.47008216381073,107.55200433731079,4.455338522297344,0.7725611866235733,9.0,9.0,0.2666189826326329,0.0,0.8172738029432266,4.463308977671918,110.73670114644337,107.28538535467816,0.9897196257146383,0.03995380247571331,certain_temperate,626.4102325439453,736.7760976552963,POINT (538689.7323724674 8668635.310194498),dronbreen
dronbreen-20220329-DAT_0235_A1_1,825.0,871,111.51225280761719,538694.8611730561,8668633.516752973,738.1180681501116,2022-03-29 10:05:08.285714432+00:00,0,2022-05-04,100 MHz,20220329,110.36586511135101,110.05321502685547,118.18214416503906,8.129911912411725,9.888786582183837,6,2.246008239186128,0.11291058858235677,10.141272202218273,8.435210104975457,107.80437047653501,120.43098871535952,110.47008216381073,107.55200433731079,4.500680985780361,0.7725611866235733,9.0,9.0,0.2666189826326329,0.0,0.8172738029432266,4.50857128341839,110.73670114644337,107.28538535467816,0.9897196257146383,0.04036041665793455,certain_temperate,626.6058153424945,736.9716804538455,POINT (538694.8611730561 8668633.516752973),dronbreen
dronbreen-20220329-DAT_0235_A1_1,830.0,875,111.6164779663086,538699.388363139,8668631.838983595,738.2971278599331,2022-03-29 10:05:09.428571392+00:00,0,2022-05-04,100 MHz,20220329,110.47009027004242,109.94900512695312,118.28636169433594,7.848151815662785,9.657011563110352,6,2.2480781261872065,0.11291058858235677,9.915869926158896,8.164563122675117,107.69809329783689,120.53727352345217,110.57430732250214,107.6562294960022,4.546633008936453,0.7725611866235733,9.0,9.0,0.2666189826326329,0.0,0.8172738029432266,4.554443698175509,110.84092630513477,107.38961051336956,0.989729225315529,0.040734424627776315,certain_temperate,626.6806498936245,737.1507401636669,POINT (538699.388363139 8668631.838983595),dronbreen
dronbreen-20220329-DAT_0235_A1_1,835.0,879,111.6164779663086,538704.3166438536,8668630.084122973,738.5053100585938,2022-03-29 10:05:10.666666752+00:00,0,2022-05-04,100 MHz,20220329,110.47009027004242,109.84478759765625,118.28636169433594,7.596393017025952,9.502498654174804,6,2.2480781261872065,0.11289405822753908,9.765453445816965,7.9228648353323,107.59387659767769,120.5372726943145,110.57430732250214,107.6562294960022,4.593176296945685,0.7725611866235733,9.0,9.0,0.2666189826326329,0.0,0.8172738029432266,4.600907973077025,110.84092630513477,107.38961051336956,0.989729225315529,0.04115141760997094,certain_temperate,626.8888320922852,737.3589223623276,POINT (538704.3166438536 8668630.084122973),dronbreen
dronbreen-20220329-DAT_0235_A1_1,840.0,883,111.72068786621094,538708.6139687365,8668628.734290734,738.6875915527344,2022-03-29 10:05:11.750000128+00:00,0,2022-05-04,100 MHz,20220329,110.57430016994476,109.6363525390625,118.39057159423828,7.336589535203364,9.347991400909423,6,2.2501477371318828,0.11289405822753908,9.615656667060204,7.674728393588814,107.3833745304475,120.64354960285328,110.67851722240448,107.76043939590454,4.632516952804206,0.6180488079071045,9.0,9.0,0.2666189826326329,0.0,0.6731047547413799,4.640183078275945,110.94513620503712,107.4938204132719,0.9897388056038555,0.041465166759014155,certain_temperate,626.9669036865234,737.5412038564682,POINT (538708.6139687365 8668628.734290734),dronbreen
dronbreen-20220329-DAT_0235_A1_1,845.0,887,111.72068786621094,538713.7145165058,8668627.066374674,738.8804321289062,2022-03-29 10:05:13+00:00,0,2022-05-04,100 MHz,20220329,110.57430016994476,109.53213500976562,118.49479675292969,7.124285507458468,9.193478491973876,6,2.2501477371318828,0.11290232340494792,9.465514172824221,7.472038260430197,107.27915658697725,120.74777517571806,110.67851722240448,107.76043939590454,4.680204860681884,0.6180488079071045,9.0,9.0,0.2666189826326329,0.0,0.6731047547413799,4.687793000960088,110.94513620503712,107.4938204132719,0.9897388056038555,0.04189201615269839,certain_temperate,627.1597442626953,737.7340444326401,POINT (538713.7145165058 8668627.066374674),dronbreen
dronbreen-20220329-DAT_0235_A1_1,850.0,891,111.82490539550781,538717.7499616906,8668625.693548512,738.9786987304688,2022-03-29 10:05:14+00:00,0,2022-05-04,100 MHz,20220329,110.67851769924164,109.32369995117188,118.59901428222656,6.873090315333224,9.116222037506104,6,2.2522175265026485,0.11290232340494792,9.390992224383314,7.233574579973811,107.06865433715075,120.85405989624769,110.78273475170135,107.86465692520142,4.728432303045647,0.6180488079071045,9.0,9.0,0.2666189826326329,0.0,0.6731047547413799,4.735943171785914,111.04935373433399,107.59803794256878,0.9897483687358234,0.042284250420976395,certain_temperate,627.1537933349609,737.8323110342026,POINT (538717.7499616906 8668625.693548512),dronbreen
dronbreen-20220329-DAT_0235_A1_1,855.0,895,111.82490539550781,538723.0687069963,8668624.23352502,739.0162963867188,2022-03-29 10:05:15.333333248+00:00,0,2022-05-04,100 MHz,20220329,110.67851769924164,109.219482421875,118.70323944091797,6.583600278086647,8.961709128570556,6,2.2522175265026485,0.11291058858235677,9.241074780175982,6.959096579967999,106.96443639402996,120.95828546876301,110.78273475170135,107.86465692520142,4.752743382787603,0.6180488079071045,9.0,9.0,0.2666189826326329,0.0,0.6731047547413799,4.7602158926388425,111.04935373433399,107.59803794256878,0.9897483687358234,0.04250165350891975,certain_temperate,627.1913909912109,737.8699086904526,POINT (538723.0687069963 8668624.23352502),dronbreen
dronbreen-20220329-DAT_0235_A1_1,860.0,899,111.92913055419922,538728.1005793711,8668622.95135855,739.0395304361979,2022-03-29 10:05:16.666666752+00:00,0,2022-05-04,100 MHz,20220329,110.78274285793304,109.01103973388672,118.80744934082031,5.890246999700857,6.566770351409912,6,2.2542874942312903,0.11291058858235677,6.943848627081228,6.307897480551388,106.75392633229131,121.06456274241572,110.88695991039276,107.96888208389282,4.777183808703444,0.6180488079071045,9.0,9.0,0.2666189826326329,0.0,0.6731047547413799,4.784618148195151,111.1535788930254,107.70226310126019,0.9897579147574004,0.042680433458653536,certain_temperate,627.1103998819987,737.8931427399317,POINT (538728.1005793711 8668622.95135855),dronbreen
dronbreen-20220329-DAT_0235_A1_1,865.0,903,111.92913055419922,538732.6152316434,8668621.840442672,739.0609130859375,2022-03-29 10:05:18+00:00,0,2022-05-04,100 MHz,20220329,110.78274285793304,108.90682983398438,117.55684661865234,5.0931136656107014,5.2534162811279295,6,2.2542874942312903,0.33870697021484375,5.726684655290503,5.579994742752916,106.62723896755249,119.83643748508423,110.88695991039276,107.96888208389282,4.8017507179806564,0.6180488079071045,9.0,9.0,0.2666189826326329,0.0,0.6731047547413799,4.809147080255272,111.1535788930254,107.70226310126019,0.9897579147574004,0.04289991974569582,certain_temperate,627.1317825317383,737.9145253896713,POINT (538732.6152316434 8668621.840442672),dronbreen
dronbreen-20220329-DAT_0235_A1_1,870.0,908,111.6164779663086,538737.7859479184,8668620.407235615,739.0998229980469,2022-03-29 10:05:19.500000+00:00,0,2022-05-04,100 MHz,20220329,110.47009027004242,108.6983871459961,115.26407623291016,4.418324304428104,4.867145320129394,6,2.2480781261872065,0.9032268524169923,5.4367984674462555,5.038974465848044,106.27564613458598,117.68681724432027,110.57430732250214,107.6562294960022,4.8017507179806564,0.6180488079071045,9.0,9.0,0.2666189826326329,0.0,0.6731047547413799,4.809147080255272,110.84092630513477,107.38961051336956,0.989729225315529,0.04302008812202499,certain_temperate,627.4833450317383,737.9534353017807,POINT (538737.7859479184 8668620.407235615),dronbreen
dronbreen-20220329-DAT_0235_A1_1,875.0,913,111.09538269042969,538742.3959850133,8668619.097503744,739.1444702148438,2022-03-29 10:05:20.750000128+00:00,0,2022-05-04,100 MHz,20220329,109.94899499416351,108.48995971679688,112.76284790039062,4.076827335095736,3.55377993850708,6,2.2377295685701637,1.1290314992268882,4.34873517239612,4.785673084163139,105.98353881273871,115.26926880444879,110.05321204662323,107.13513422012329,4.826442845021946,0.6180488079071045,9.0,9.0,0.2666189826326329,0.0,0.6731047547413799,4.8338014251894545,110.31983102925587,106.86851523749066,0.9896810500265288,0.04344413537393323,certain_temperate,628.0490875244141,737.9980825185776,POINT (538742.3959850133 8668619.097503744),dronbreen
dronbreen-20220329-DAT_0235_A1_1,880.0,917,110.57429504394531,538747.1404029297,8668617.791646758,739.17529296875,2022-03-29 10:05:22+00:00,0,2022-05-04,100 MHz,20220329,109.42790734767914,108.28152465820312,111.09538269042969,3.6923431502418893,1.236103271484375,7,2.2273818464255712,2.3709322611490884,3.480014507802818,4.9209701905093794,105.02844155493882,114.34846579369399,109.53212440013885,106.61404657363892,4.851257829368607,0.6180488079071045,9.0,9.0,0.2666189826326329,0.0,0.6731047547413799,4.858578826046797,109.79874338277149,106.34742759100628,0.9896324213886187,0.04387328743484715,certain_temperate,628.6009979248047,738.0289052724838,POINT (538747.1404029297 8668617.791646758),dronbreen
dronbreen-20220329-DAT_0235_A1_1,885.0,921,108.90682983398438,538752.2764872476,8668616.450540384,739.2133585611979,2022-03-29 10:05:23.333333248+00:00,0,2022-05-04,100 MHz,20220329,107.7604421377182,108.6983871459961,110.05321502685547,3.8479091160175725,1.081579051208496,7,2.194274147365222,2.032233556111654,3.18034990282432,4.873522014468871,105.70759924639813,113.04400292645343,107.86465919017792,104.94658136367798,4.851257829368606,0.6180488079071045,9.0,9.0,0.2666189826326329,0.0,0.6731047547413799,4.858578826046796,108.13127817281055,104.67996238104534,0.9894736840837833,0.044545028413404165,certain_temperate,630.3065287272135,738.0669708649317,POINT (538752.2764872476 8668616.450540384),dronbreen
dronbreen-20220329-DAT_0235_A1_1,890.0,925,108.6983871459961,538756.7007117132,8668615.368121509,739.2381591796875,2022-03-29 10:05:24.500000+00:00,0,2022-05-04,100 MHz,20220329,107.55199944972992,107.96888732910156,109.01103973388672,3.821371580049183,0.7725475776672363,8,2.190136011131806,0.9032268524169923,2.491855584487785,4.4961533833924126,105.59981272196411,111.38011434102417,107.65621650218964,104.7381386756897,4.876194017298975,0.6180488079071045,9.0,9.0,0.2666189826326329,0.0,0.6731047547413799,4.8834776313854835,107.92283548482227,104.47151969305706,0.9894534985627116,0.04485985620697031,certain_temperate,630.5397720336914,738.0917714834213,POINT (538756.7007117132 8668615.368121509),dronbreen
dronbreen-20220329-DAT_0235_A1_1,895.0,929,108.07308197021484,538761.1761332885,8668614.287187906,739.2762654622396,2022-03-29 10:05:25.666666752+00:00,0,2022-05-04,100 MHz,20220329,106.92669427394867,107.86466217041016,109.219482421875,3.946512821006636,0.8497983764648437,8,2.177722759815012,1.1289984385172527,2.596010626602478,4.646727594679987,105.41168155638347,111.67246303590169,107.03091132640839,104.11283349990845,4.9012497886845265,0.6180488079071045,9.0,9.0,0.2666189826326329,0.0,0.6731047547413799,4.9084962231808005,107.29753030904102,103.84621451727581,0.9893924770593465,0.045351253978630136,certain_temperate,631.2031834920248,738.1298777659734,POINT (538761.1761332885 8668614.287187906),dronbreen
dronbreen-20220329-DAT_0235_A1_1,900.0,933,107.65623474121094,538766.414624087,8668612.949074937,739.3519287109375,2022-03-29 10:05:27+00:00,0,2022-05-04,100 MHz,20220329,106.50984704494476,107.34356689453125,108.6983871459961,4.053859351242496,1.0043282524108885,8,2.169448305782345,0.5644950866699219,2.4563867555674284,4.6323791181198235,105.10187988374308,110.94007415678426,106.61406409740448,103.69598627090454,4.9012497886845265,0.6180488079071045,9.0,9.0,0.2666189826326329,0.0,0.6731047547413799,4.9084962231808005,106.88068308003712,103.4293672882719,0.989351404505072,0.04552685499791423,certain_temperate,631.6956939697266,738.2055410146713,POINT (538766.414624087 8668612.949074937),dronbreen
dronbreen-20220329-DAT_0235_A1_1,905.0,937,107.55200958251953,538770.7542564032,8668611.69148414,739.4212646484375,2022-03-29 10:05:28.142856960+00:00,0,2022-05-04,100 MHz,20220329,106.40562188625336,107.03091430664062,108.28152465820312,4.072069732032817,1.236108927154541,8,2.167379502093565,0.33872350056966144,2.517981889475114,4.625366949602089,104.83722619846903,110.47521276637472,106.50983893871307,103.59176111221313,4.926423094759147,0.6180488079071045,9.0,9.0,0.2666189826326329,0.0,0.6731047547413799,4.933632555275712,106.77645792134571,103.3251421295805,0.9893410852970943,0.04580503064407492,certain_temperate,631.869255065918,738.2748769521713,POINT (538770.7542564032 8668611.69148414),dronbreen
dronbreen-20220329-DAT_0235_A1_1,910.0,942,107.34356689453125,538775.9281070512,8668610.15217325,739.3889770507812,2022-03-29 10:05:29.500000+00:00,0,2022-05-03,100 MHz,20220329,106.19717919826508,106.71826934814453,108.07308197021484,4.342236618768744,1.1588468170166015,8,2.1632421365756267,0.4516092936197917,2.4952942593709384,4.872226015787472,104.50838982755069,110.28296149080869,106.30139625072479,103.38331842422485,4.951711679090806,0.6180488079071045,9.0,9.0,0.2666189826326329,0.0,0.6731047547413799,4.958884374004334,106.56801523335743,103.11669944159222,0.9893203875236181,0.04612956157825493,certain_temperate,632.04541015625,738.2425893545151,POINT (538775.9281070512 8668610.15217325),dronbreen
dronbreen-20220329-DAT_0235_A1_1,915.0,946,107.13513946533203,538780.3292886807,8668608.75903059,739.32861328125,2022-03-29 10:05:30.666666752+00:00,0,2022-05-03,100 MHz,20220329,105.98875176906586,106.4056167602539,107.86466217041016,4.727315964035914,1.0815903625488281,8,2.1591051950524456,0.6774056752522787,2.508077232567801,5.241004666664137,104.14273945642887,110.12753947423519,106.09296882152557,103.17489099502563,4.951711679090806,0.6180488079071045,9.0,9.0,0.2666189826326329,0.0,0.6731047547413799,4.958884374004334,106.35958780415821,102.908272012393,0.9892996107347475,0.046219304924628724,certain_temperate,632.193473815918,738.1822255849838,POINT (538780.3292886807 8668608.75903059),dronbreen
dronbreen-20220329-DAT_0235_A1_1,920.0,950,106.71826934814453,538785.3701906542,8668607.167199004,739.466796875,2022-03-29 10:05:32+00:00,0,2022-05-03,100 MHz,20220329,105.57188165187836,106.30140686035156,107.65623474121094,5.22475630041661,1.0043339080810547,8,2.150831375321006,0.5645033518473307,2.439964392820823,5.678275974101222,104.07772980661554,109.87991179494696,105.67609870433807,102.75802087783813,4.971049498146452,0.6180488079071045,9.0,9.0,0.2666189826326329,0.0,0.6731047547413799,4.978194330771164,105.94271768697071,102.4914018952055,0.9892578121509229,0.046581054289116255,certain_temperate,632.7485275268555,738.3204091787338,POINT (538785.3701906542 8668607.167199004),dronbreen
dronbreen-20220329-DAT_0235_A1_1,925.0,955,106.61405944824219,538790.1454365166,8668605.842443334,739.6044834681919,2022-03-29 10:05:33.285714432+00:00,0,2022-05-03,100 MHz,20220329,105.46767175197601,106.30140686035156,107.2393569946289,5.894732439380802,0.6953024345397949,8,2.148763148607433,0.11289405822753908,2.261276987163089,6.275173198333633,104.1496800800199,109.39108377496056,105.57188880443573,102.65381097793579,4.971049498146451,0.6180488079071045,9.0,9.0,0.2666189826326329,0.0,0.6731047547413799,4.978194330771163,105.83850778706837,102.38719199530316,0.9892473122006699,0.0466265849351674,certain_temperate,632.9904240199497,738.4580957719257,POINT (538790.1454365166 8668605.842443334),dronbreen
dronbreen-20220329-DAT_0235_A1_1,930.0,960,106.61405944824219,538795.4329168543,8668604.266602935,739.7292567661831,2022-03-29 10:05:34.714285568+00:00,0,2022-05-03,100 MHz,20220329,105.46767175197601,106.30140686035156,106.61405944824219,6.5690991887882575,0.2317693634033203,8,2.148763148607433,0.11291058858235677,2.164173955032202,6.9125245765903705,104.149679212663,108.76578709593075,105.57188880443573,102.65381097793579,4.996565313401493,0.6180488079071045,9.0,9.0,0.2666189826326329,0.0,0.6731047547413799,5.003673711682949,105.83850778706837,102.38719199530316,0.9892473122006699,0.04686591373839554,certain_temperate,633.1151973179409,738.5828690699169,POINT (538795.4329168543 8668604.266602935),dronbreen
dronbreen-20220329-DAT_0235_A1_1,935.0,964,106.50983428955078,538800.1697880653,8668602.940773519,739.8228759765625,2022-03-29 10:05:36+00:00,0,2022-05-03,100 MHz,20220329,105.3634465932846,106.50983428955078,107.13513946533203,6.958739450207818,0.4635387268066406,9,2.1466946499572375,0.3386987050374349,2.2221347583345574,7.290203664427192,104.33658448040572,109.3083892744771,105.46766364574432,102.54958581924438,5.022191785041394,0.6180488079071045,9.0,9.0,0.2666189826326329,0.0,0.6731047547413799,5.029263962811788,105.73428262837696,102.28296683661175,0.9892367901620269,0.047152376290328146,certain_temperate,633.3130416870117,738.6764882802963,POINT (538800.1697880653 8668602.940773519),dronbreen
dronbreen-20220329-DAT_0235_A1_1,940.0,968,106.92670440673828,538804.4703736093,8668602.04103434,739.8928070068359,2022-03-29 10:05:37.249999872+00:00,0,2022-05-03,100 MHz,20220329,105.7803167104721,106.50983428955078,107.76044464111328,7.375520930823473,0.9270661422729491,9,2.1549682239221983,0.6774139404296875,2.4417676639991197,7.713694749847055,104.25090142361543,110.01937750704863,105.88453376293182,102.96645593643188,5.041198980137702,0.6180488079071045,9.0,9.0,0.2666189826326329,0.0,0.6731047547413799,5.0482445304522905,106.15115274556446,102.69983695379925,0.9892787521823787,0.04714630464024679,certain_temperate,632.9661026000977,738.7464193105698,POINT (538804.4703736093 8668602.04103434),dronbreen
dronbreen-20220329-DAT_0235_A1_1,945.0,974,107.13513946533203,538809.6741355639,8668602.46987141,739.8340454101562,2022-03-29 10:05:39+00:00,0,2022-05-03,100 MHz,20220329,105.98875176906586,106.71826934814453,108.90682983398438,7.972092661655217,1.3906048690795898,9,2.1591051950524456,0.4516010284423828,2.607577541339958,8.271634671466677,104.51244099303784,111.11265818909106,106.09296882152557,103.17489099502563,5.066808345627595,0.6180488079071045,9.0,9.0,0.2666189826326329,0.0,0.6731047547413799,5.073818334668823,106.35958780415821,102.908272012393,0.9892996107347475,0.047293617863513104,certain_temperate,632.6989059448242,738.6876577138901,POINT (538809.6741355639 8668602.46987141),dronbreen
dronbreen-20220329-DAT_0235_A1_1,950.0,979,107.34356689453125,538814.1228364105,8668604.76884101,739.5574544270834,2022-03-29 10:05:40.666666752+00:00,0,2022-05-03,100 MHz,20220329,106.19717919826508,107.2393569946289,108.80260467529297,8.494933596196011,1.2360806488037108,9,2.1632421365756267,0.9032268524169923,2.650156723427955,8.812453239147603,104.89512251651385,111.14683915340802,106.30139625072479,103.38331842422485,5.0925259043091655,0.6180488079071045,9.0,9.0,0.2666189826326329,0.0,0.6731047547413799,5.099500541029479,106.56801523335743,103.11669944159222,0.9893203875236181,0.047441370280836184,certain_temperate,632.2138875325521,738.4110667308172,POINT (538814.1228364105 8668604.76884101),dronbreen
dronbreen-20220329-DAT_0235_A1_1,955.0,985,107.96888732910156,538817.9837781194,8668608.353485806,739.1087443033854,2022-03-29 10:05:42.333333248+00:00,0,2022-05-03,100 MHz,20220329,106.82249963283539,107.65623474121094,108.6983871459961,8.855383766051514,1.236091960144043,9,2.1756544423307878,1.2419255574544272,2.793523702535012,9.20291654785269,105.15106980797955,111.20355207922748,106.82249963283539,104.00863885879517,5.110917116720675,0.6180488079071045,9.0,9.0,0.2666189826326329,0.0,0.6731047547413799,5.117866689929353,107.08911861546802,103.74201987616253,0.9893822403414064,0.0473369434765222,certain_temperate,631.1398569742838,737.9623566071192,POINT (538817.9837781194 8668608.353485806),dronbreen
dronbreen-20220329-DAT_0235_A1_1,960.0,989,108.48995971679688,538820.513030935,8668612.147925904,738.6126912434896,2022-03-29 10:05:43.666666752+00:00,0,2022-05-03,100 MHz,20220329,107.3435720205307,107.76044464111328,108.90682983398438,8.569138678473756,1.0815903625488281,9,2.1859982945420806,0.5644950866699219,2.503413860905518,8.861567634314502,105.502737120947,111.16453735415065,107.3435720205307,104.52971124649048,5.136854581178275,0.6180488079071045,9.0,9.0,0.2666189826326329,0.0,0.6731047547413799,5.143769111271645,107.61019100316334,104.26309226385784,0.9894332369625842,0.04734866336560143,certain_temperate,630.1227315266927,737.4663035472234,POINT (538820.513030935 8668612.147925904),dronbreen
dronbreen-20220329-DAT_0235_A1_1,965.0,994,108.48995971679688,538822.436063214,8668616.979390725,737.9994506835938,2022-03-29 10:05:45+00:00,0,2022-05-03,100 MHz,20220329,107.3435720205307,107.96888732910156,109.1152572631836,8.211203608301089,0.7725758560180663,9,2.1859982945420806,0.0,2.3185042585777005,8.49720267151006,105.78288903455949,111.30125555772567,107.3435720205307,104.52971124649048,5.136854581178274,0.6180488079071045,9.0,9.0,0.2666189826326329,0.0,0.6731047547413799,5.143769111271644,107.61019100316334,104.26309226385784,0.9894332369625842,0.047348663365601416,certain_temperate,629.5094909667969,736.8530629873276,POINT (538822.436063214 8668616.979390725),dronbreen
dronbreen-20220329-DAT_0235_A1_1,970.0,998,108.48995971679688,538823.008225626,8668622.02008584,737.4309895833334,2022-03-29 10:05:46.333333248+00:00,0,2022-05-03,100 MHz,20220329,107.3435720205307,108.17730712890625,109.1152572631836,7.591606654602921,0.7725532333374023,9,2.1859982945420806,0.11291058858235677,2.3212444600030766,7.900875201075274,105.988394763197,111.30416962889285,107.3435720205307,104.42549419403076,5.162807122048216,0.6180488079071045,9.0,9.0,0.2666189826326329,0.0,0.6731047547413799,5.169686940364169,107.61019100316334,104.15887521139813,0.9894332369625842,0.047587879427047924,certain_temperate,628.9410298665365,736.2846018870672,POINT (538823.008225626 8668622.02008584),dronbreen
dronbreen-20220329-DAT_0235_A1_1,975.0,1002,108.38573455810547,538822.4780334326,8668627.091080273,736.9427083333334,2022-03-29 10:05:47.666666752+00:00,0,2022-05-03,100 MHz,20220329,107.2393468618393,108.28152465820312,109.01103973388672,6.624346234254303,0.7725532333374023,9,2.183929253039127,0.0,2.316546023851051,6.975063441543683,106.097595405164,111.19496898692584,107.2393468618393,104.32126903533936,5.136795848800809,0.6180488079071045,9.0,9.0,0.2666189826326329,0.0,0.6731047547413799,5.14371045784629,107.50596584447193,104.05465005270672,0.9894230758232155,0.04739365258485174,certain_temperate,628.5569737752279,735.7963206370672,POINT (538822.4780334326 8668627.091080273),dronbreen
dronbreen-20220329-DAT_0235_A1_1,980.0,1007,108.48995971679688,538821.1142400121,8668632.20010995,736.7687377929688,2022-03-29 10:05:49+00:00,0,2022-05-03,100 MHz,20220329,107.3435720205307,108.48995971679688,108.80260467529297,5.464556624517048,0.3090145065307617,9,2.1859982945420806,0.33870697021484375,2.233562383426855,5.895310853378824,106.27787677183007,111.01468762025978,107.3435720205307,104.42549419403076,5.110887602173284,0.6180488079071045,9.0,9.0,0.2666189826326329,0.0,0.6731047547413799,5.117837215460124,107.61019100316334,104.15887521139813,0.9894332369625842,0.04710931422147071,certain_temperate,628.2787780761719,735.6223500967026,POINT (538821.1142400121 8668632.20010995),dronbreen
dronbreen-20220329-DAT_0235_A1_1,985.0,1011,108.6983871459961,538818.8273893623,8668636.228108149,736.5074157714844,2022-03-29 10:05:50.249999872+00:00,0,2022-05-04,100 MHz,20220329,107.55199944972992,108.59417724609375,109.53213500976562,4.554987051745814,0.7725532333374023,9,2.190136011131806,0.3386987050374349,2.3469663522067052,5.065502897207976,106.37800654868563,111.74830570717374,107.55199944972992,104.63392162322998,5.085085390228795,0.6180488079071045,9.0,9.0,0.2666189826326329,0.0,0.6731047547413799,5.092070218272564,107.81861843236256,104.36730264059734,0.9894534985627116,0.04678160848328746,certain_temperate,627.8090286254883,735.3610280752182,POINT (538818.8273893623 8668636.228108149),dronbreen
dronbreen-20220329-DAT_0235_A1_1,990.0,1016,108.80260467529297,538815.4471304029,8668639.97653441,736.2132568359375,2022-03-29 10:05:51.666666752+00:00,0,2022-05-04,100 MHz,20220329,107.6562169790268,108.6983871459961,110.36585998535156,3.492827659258784,1.236091960144043,9,2.1922049889668695,0.33870697021484375,2.53937166623086,4.137672072869785,106.4801704917165,112.58407663963115,107.6562169790268,104.73813915252686,5.033802469511236,0.6180488079071045,9.0,9.0,0.2666189826326329,0.0,0.6731047547413799,5.040858357855086,107.92283596165943,104.47152016989422,0.9894636006216265,0.04626545921886664,certain_temperate,627.4106521606445,735.0668691396713,POINT (538815.4471304029 8668639.97653441),dronbreen
dronbreen-20220329-DAT_0235_A1_1,995.0,1020,109.01103973388672,538812.081386307,8668642.9987801,735.9459751674107,2022-03-29 10:05:52.857143040+00:00,0,2022-05-04,100 MHz,20220329,107.86465203762054,109.01103973388672,111.09538269042969,2.664679063788158,1.0815903625488281,9,2.1963430318475328,0.9032268524169923,2.6095170382334785,3.5693495168536313,106.63622574949292,113.47019667482348,107.86465203762054,104.9465742111206,5.008325768296972,0.6180488079071045,9.0,9.0,0.2666189826326329,0.0,0.6731047547413799,5.015417498403051,108.13127102025318,104.67995522848797,0.9894837467923919,0.04594328960188887,certain_temperate,626.934935433524,734.7995874711445,POINT (538812.081386307 8668642.9987801),dronbreen
dronbreen-20220329-DAT_0235_A1_1,1000.0,1025,109.6363525390625,538807.7592981653,8668646.764426067,735.6123453776041,2022-03-29 10:05:54.333333248+00:00,0,2022-05-04,100 MHz,20220329,108.48996484279633,109.53213500976562,111.72068786621094,1.750875518346674,1.2360806488037108,9,2.2087580037722194,1.4677219390869143,2.9258699526896086,3.1777955709029846,106.88018862838743,114.37263424758913,108.48996484279633,105.57188701629639,4.982960994961021,0.6180488079071045,9.0,9.0,0.2666189826326329,0.0,0.6731047547413799,4.990088772677596,108.75658382542896,105.30526803366375,0.989543726421784,0.0454498975892657,certain_temperate,625.9759928385416,734.465957681338,POINT (538807.7592981653 8668646.764426067),dronbreen
dronbreen-20220329-DAT_0235_A1_1,1005.0,1029,110.36585998535156,538803.6447315282,8668649.995532488,735.3534342447916,2022-03-29 10:05:55.666666752+00:00,0,2022-05-04,100 MHz,20220329,109.21947228908539,110.26165771484375,112.03334045410156,1.2895628889430164,0.9270887649536133,9,2.2232429512139444,1.806428909301758,3.0108949172275747,3.1414912174033987,107.39704698658002,114.89795118236529,109.21947228908539,106.30139446258545,4.95015767401932,0.46353660593032836,9.0,9.0,0.2666189826326329,0.0,0.5347446745293204,4.957332617401462,109.48609127171802,106.03477547995281,0.9896128413585656,0.04485225480666155,certain_temperate,624.9875742594401,734.2070465485255,POINT (538803.6447315282 8668649.995532488),dronbreen
dronbreen-20220329-DAT_0235_A1_1,1010.0,1032,111.30382537841797,538800.421776371,8668652.507969117,735.2040812174479,2022-03-29 10:05:56.666666752+00:00,0,2022-05-04,100 MHz,20220329,110.1574376821518,110.99117279052734,112.55442810058594,1.1473095147752577,1.236103271484375,9,2.2418690009783675,2.0322418212890625,3.2686288769939003,3.236093719353299,107.96528722796157,115.58031366315171,110.1574376821518,107.23935985565186,4.925014256879653,0.46353660593032836,9.0,9.0,0.2666189826326329,0.0,0.5347446745293204,4.932225776702431,110.42405666478443,106.97274087301922,0.9897003746962999,0.04424838266012215,certain_temperate,623.9002558390299,734.0576935211817,POINT (538800.421776371 8668652.507969117),dronbreen
dronbreen-20220329-DAT_0235_A1_1,1015.0,1037,112.24177551269531,538795.9965498005,8668655.854215888,735.033935546875,2022-03-29 10:05:58+00:00,0,2022-05-04,100 MHz,20220329,111.09538781642914,112.03334045410156,113.49237823486328,1.0525394399084853,1.390627491760254,9,2.2604969515787707,1.919314702351888,3.2752801736035417,3.1466576978317646,109.06793737951608,116.45778130944876,111.09538781642914,108.1773099899292,4.875080104533351,0.46353660593032836,9.0,9.0,0.2666189826326329,0.0,0.5347446745293204,4.882365380378344,111.36200679906177,107.91069100729656,0.9897864436745611,0.04343374008710283,certain_temperate,622.7921600341797,733.8875478506088,POINT (538795.9965498005 8668655.854215888),dronbreen
dronbreen-20220329-DAT_0235_A1_1,1020.0,1041,113.07550048828125,538792.2035230628,8668658.722442726,734.9217703683036,2022-03-29 10:05:59.142856960+00:00,0,2022-05-04,100 MHz,20220329,111.92911279201508,112.86707305908203,114.74298095703125,1.01176510205255,1.3906048690795898,9,2.27705676790679,1.806428909301758,3.222104099891734,3.0776357078710053,109.96049897115114,117.64955504496214,111.92911279201508,109.01103496551514,4.850293697207653,0.46353660593032836,9.0,9.0,0.2666189826326329,0.0,0.5347446745293204,4.85761614694619,112.19573177464771,108.7444159828825,0.9898617499695702,0.042894293425748055,certain_temperate,621.8462698800223,733.7753826720374,POINT (538792.2035230628 8668658.722442726),dronbreen
dronbreen-20220329-DAT_0235_A1_1,1025.0,1045,113.90924835205078,538788.2332643277,8668661.70963148,734.8080647786459,2022-03-29 10:06:00.333333248+00:00,0,2022-05-04,100 MHz,20220329,112.7628606557846,113.59659576416016,115.47249603271484,0.984254553824227,1.3906048690795898,9,2.2936187006675004,1.8064371744791667,3.233834243015528,3.0810159097472503,110.67702353361132,118.39206826326368,112.7628606557846,109.84478282928467,4.825630057237409,0.46353660593032836,9.0,9.0,0.2666189826326329,0.0,0.5347446745293204,4.832989874933857,113.02947963841724,109.57816384665203,0.9899359559223574,0.04236381265832951,certain_temperate,620.8988164265951,733.6616770823797,POINT (538788.2332643277 8668661.70963148),dronbreen
dronbreen-20220329-DAT_0235_A1_1,1030.0,1049,114.74298095703125,538783.6545365301,8668665.051503124,734.6783040364584,2022-03-29 10:06:01.666666752+00:00,0,2022-05-04,100 MHz,20220329,113.59659326076508,114.43032836914062,116.20201873779297,0.9055485506353387,0.7725532333374023,9,2.310181956375353,1.806428909301758,3.0326497612258936,3.0692253507165543,111.49773121372985,119.13461589320374,113.59659326076508,110.67851543426514,4.801090852646809,0.46353660593032836,9.0,9.0,0.2666189826326329,0.0,0.5347446745293204,4.808488229918934,113.86321224339771,110.4118964516325,0.99000908215296,0.04184213110555941,certain_temperate,619.9353230794271,733.5319163401922,POINT (538783.6545365301 8668665.051503124),dronbreen
dronbreen-20220329-DAT_0235_A1_1,1035.0,1053,115.57672119140625,538779.7855726555,8668667.7625073,734.5583648681641,2022-03-29 10:06:02.750000128+00:00,0,2022-05-04,100 MHz,20220329,114.43033349514008,115.26407623291016,116.72310638427734,0.8609762453066628,0.4635387268066406,9,2.326746954987246,1.5806242624918623,2.850788067003559,2.941666967333781,112.45122635214503,119.53595626504247,114.43033349514008,111.51225566864014,4.776678453775902,0.46353660593032836,9.0,9.0,0.2666189826326329,0.0,0.5347446745293204,4.784113578570956,114.69695247777271,111.2456366860075,0.9900811540209067,0.041329070461042575,certain_temperate,618.9816436767578,733.4119771718979,POINT (538779.7855726555 8668667.7625073),dronbreen
dronbreen-20220329-DAT_0235_A1_1,1040.0,1056,116.20201873779297,538776.4025810817,8668670.053302344,734.4582112630209,2022-03-29 10:06:03.666666752+00:00,0,2022-05-04,100 MHz,20220329,115.0556310415268,115.88937377929688,117.34841918945312,0.8386108861822297,0.7725645446777343,9,2.339171576326832,1.467730204264323,2.8675445230542214,2.886039472084277,113.12786049560528,120.10993247314472,115.0556310415268,112.13755321502686,4.752394142930016,0.46353660593032836,9.0,9.0,0.2666189826326329,0.0,0.5347446745293204,4.759867201052524,115.32225002415943,111.87093423239422,0.990134528567417,0.040897690027689435,certain_temperate,618.2561925252279,733.3118235667547,POINT (538776.4025810817 8668670.053302344),dronbreen
dronbreen-20220329-DAT_0235_A1_1,1045.0,1060,116.93154907226562,538772.0210733198,8668673.028720278,734.3510131835938,2022-03-29 10:06:04.857143040+00:00,0,2022-05-04,100 MHz,20220329,115.78516137599945,116.72310638427734,118.07791900634766,0.8454393459216818,1.081579051208496,7,2.353668385175759,1.919331232706706,3.223879726700793,3.1525156519598427,113.68607045294243,121.11495493768257,115.78516137599945,112.86708354949951,4.7282407893948495,0.46353660593032836,9.0,9.0,0.2666189826326329,0.0,0.5347446745293204,4.735751961874406,116.05178035863209,112.60046456686688,0.990196078771199,0.04043597153128211,certain_temperate,617.4194641113281,733.2046254873276,POINT (538772.0210733198 8668673.028720278),dronbreen
dronbreen-20220329-DAT_0235_A1_1,1050.0,1064,117.97370910644531,538767.8332598737,8668675.885655712,734.2560424804688,2022-03-29 10:06:06+00:00,0,2022-05-04,100 MHz,20220329,116.82732141017914,117.76527404785156,118.80744934082031,1.0010629698938762,0.7725645446777343,6,2.3743795855197356,1.5806077321370442,2.955140469540728,3.0229333913794774,114.91290674699,121.65981664168187,116.82732141017914,113.9092435836792,4.7042199578489505,0.46353660593032836,9.0,9.0,0.2666189826326329,0.0,0.5347446745293204,4.711769422809699,117.09394039281177,113.64262460104656,0.9902826849732104,0.03987515518058712,certain_temperate,616.2823333740234,733.1096547842026,POINT (538767.8332598737 8668675.885655712),dronbreen
dronbreen-20220329-DAT_0235_A1_1,1055.0,1068,118.39057159423828,538762.8213226362,8668679.153117301,734.1895345052084,2022-03-29 10:06:07.333333248+00:00,0,2022-05-04,100 MHz,20220329,117.2441838979721,118.28636169433594,119.22431945800781,1.1290481721197776,0.7725588890075683,6,2.382664679925437,0.9032185872395834,2.66265694941798,2.7870494377147788,115.73824576422223,121.77243538812152,117.2441838979721,114.32610607147217,4.680333688716754,0.46353660593032836,9.0,9.0,0.2666189826326329,0.0,0.5347446745293204,4.687921620466477,117.51080288060474,114.05948708883953,0.9903169004015353,0.03953299342753179,certain_temperate,615.7989629109701,733.0431468089422,POINT (538762.8213226362 8668679.153117301),dronbreen
dronbreen-20220329-DAT_0235_A1_1,1060.0,1071,118.80744934082031,538759.1925783752,8668681.529931277,734.1218058268229,2022-03-29 10:06:08.333333248+00:00,0,2022-05-04,100 MHz,20220329,117.66106164455414,118.59901428222656,119.22431945800781,1.230320800350019,0.7725702003479004,6,2.3909504402117236,0.9032268524169923,2.670080049163571,2.836573994495764,116.04314598466588,121.78018775556849,117.66106164455414,114.7429838180542,4.656583836041539,0.46353660593032836,9.0,9.0,0.2666189826326329,0.0,0.5347446745293204,4.664210405200798,117.92768062718677,114.47636483542156,0.9903508769641409,0.03919437595771709,certain_temperate,615.3143564860026,732.9754181305567,POINT (538759.1925783752 8668681.529931277),dronbreen
dronbreen-20220329-DAT_0235_A1_1,1065.0,1075,119.22431945800781,538754.9463733903,8668684.447260141,733.9725646972656,2022-03-29 10:06:09.500000+00:00,0,2022-05-04,100 MHz,20220329,118.07793176174164,118.91166687011719,119.32853698730469,1.4465759771416953,0.7725645446777343,6,2.3992364077118453,0.5645116170247396,2.582995292589408,2.8578997119369633,116.44691359527486,121.79329026214701,118.07793176174164,115.1598539352417,4.63297272031555,0.46353660593032836,9.0,9.0,0.2666189826326329,0.0,0.5347446745293204,4.6406380928799145,118.34455074437427,114.89323495260906,0.990384615307702,0.038859292645804004,certain_temperate,614.7482452392578,732.8261770009995,POINT (538754.9463733903 8668684.447260141),dronbreen
dronbreen-20220329-DAT_0235_A1_1,1070.0,1079,119.32853698730469,538750.5757805299,8668687.236972814,733.79931640625,2022-03-29 10:06:10.666666752+00:00,0,2022-05-04,100 MHz,20220329,118.18214929103851,119.32853698730469,119.74539184570312,0.6524956219007615,0.6180290130615234,5,2.401307955221949,0.11290232340494792,2.4821334958918415,2.490939053257248,116.92457633237656,122.14935250063125,118.18214929103851,115.26407146453857,4.609502473483575,0.46353660593032836,9.0,9.0,0.2666189826326329,0.0,0.5347446745293204,4.617206810935726,118.44876827367115,114.99745248190594,0.9903930130611747,0.038628668295614635,certain_temperate,614.4707794189453,732.6529287099838,POINT (538750.5757805299 8668687.236972814),dronbreen
dronbreen-20220329-DAT_0235_A1_1,1075.0,1082,119.32853698730469,538746.8592831825,8668689.549269924,733.6734008789062,2022-03-29 10:06:11.666666752+00:00,0,2022-05-04,100 MHz,20220329,118.18214929103851,119.32853698730469,120.05804443359375,0.7536807500173203,0.7725419219970703,5,2.401307955221949,0.0,2.522518764460464,2.516806422583765,116.92722903208274,122.4593523888157,118.18214929103851,115.26407146453857,4.609502473483575,0.46353660593032836,9.0,9.0,0.2666189826326329,0.0,0.5347446745293204,4.617206810935726,118.44876827367115,114.99745248190594,0.9903930130611747,0.038628668295614635,certain_temperate,614.3448638916016,732.5270131826401,POINT (538746.8592831825 8668689.549269924),dronbreen
dronbreen-20220329-DAT_0235_A1_1,1080.0,1086,119.32853698730469,538742.8130907695,8668692.193257757,733.5526733398438,2022-03-29 10:06:12.750000128+00:00,0,2022-05-04,100 MHz,20220329,118.18214929103851,119.32853698730469,120.47491455078125,0.882463921350199,0.9270548309326171,5,2.401307955221949,0.11290232340494792,2.5765204229731924,2.5608142070301048,116.92457633237656,122.87887520570938,118.18214929103851,115.26407146453857,4.586175471083141,0.46353660593032836,9.0,9.0,0.2666189826326329,0.11290180683135988,0.5465333337713761,4.5953060781030155,118.47168771661592,114.97453303896117,0.9903930130611747,0.03843318276474857,certain_temperate,614.2241363525391,732.4062856435776,POINT (538742.8130907695 8668692.193257757),dronbreen
dronbreen-20220329-DAT_0235_A1_1,1085.0,1090,119.43275451660156,538738.3101309482,8668695.13427344,733.4228515625,2022-03-29 10:06:14+00:00,0,2022-05-04,100 MHz,20220329,118.18214976787567,119.43275451660156,120.99600982666016,1.0458128580436354,1.236091960144043,5,2.403379524870994,0.11290232340494792,2.704977524699993,2.6234909203671273,117.02672457597336,123.40203976728836,118.28636682033539,115.36828899383545,4.555582362296509,0.46353660593032836,9.0,9.0,0.2668063059506171,0.11290180683135988,0.5466247414069442,4.564785108036066,118.57607775019618,115.07857806397466,0.989528795900357,0.03814349238393616,certain_temperate,613.9900970458984,732.1722468137741,POINT (538738.3101309482 8668695.13427344),dronbreen
dronbreen-20220329-DAT_0235_A1_1,1090.0,1095,119.43275451660156,538733.8429130877,8668698.169373749,733.2556559244791,2022-03-29 10:06:15.333333248+00:00,0,2022-05-04,100 MHz,20220329,118.18214976787567,119.43275451660156,121.51708984375,1.2140283006471502,1.8541435958862305,5,2.403379524870994,0.11290232340494792,3.0375695135033998,2.6949665656500392,117.02672457597336,123.9231197843782,118.28636682033539,115.36828899383545,4.532543436619948,0.46353660593032836,9.0,9.0,0.2668063059506171,0.0,0.5348380969344114,4.5403893676359495,118.55317312628601,115.10148268788484,0.989528795900357,0.03795058947576989,certain_temperate,613.8229014078776,732.0050511757532,POINT (538733.8429130877 8668698.169373749),dronbreen
dronbreen-20220329-DAT_0235_A1_1,1095.0,1099,119.53697204589844,538729.5893574884,8668700.900485279,733.0593668619791,2022-03-29 10:06:16.666666752+00:00,0,2022-05-04,100 MHz,20220329,118.28636729717255,119.53697204589844,121.30866241455078,1.27340820076897,2.163158102416992,5,2.4054511166017827,0.22580464680989584,3.242905454825038,2.7310714488396983,117.1209458016532,123.72468865879601,118.39058434963226,115.47250652313232,4.509654626870701,0.46353660593032836,9.0,9.0,0.2668063059506171,0.0,0.5348380969344114,4.517540310672539,118.65739065558289,115.20570021718171,0.989537925151344,0.03772602358656982,certain_temperate,613.5223948160807,731.8087621132532,POINT (538729.5893574884 8668700.900485279),dronbreen
dronbreen-20220329-DAT_0235_A1_1,1100.0,1103,119.64118957519531,538725.5863300193,8668703.381835734,732.8818795340402,2022-03-29 10:06:17.857143040+00:00,0,2022-05-04,100 MHz,20220329,118.39058482646942,119.64118957519531,121.41287231445312,1.4032551105490154,1.8541435958862305,5,2.4075227303573126,0.33870697021484375,3.0575703725384917,2.8071360875706004,117.20995776624346,123.84410412340497,118.49480187892914,115.5767240524292,4.509654626870701,0.46353660593032836,9.0,9.0,0.2668063059506171,0.0,0.5348380969344114,4.517540310672539,118.76160818487976,115.30991774647859,0.9895470384976415,0.03769316104999401,certain_temperate,613.2406899588449,731.6312747853143,POINT (538725.5863300193 8668703.381835734),dronbreen
dronbreen-20220329-DAT_0235_A1_1,1105.0,1107,119.84962463378906,538721.6741543408,8668705.821493404,732.7130737304688,2022-03-29 10:06:19+00:00,0,2022-05-04,100 MHz,20220329,118.59901988506317,119.84962463378906,121.72552490234375,1.541212666638764,1.3905935577392576,5,2.411666023715567,0.22580464680989584,2.793003972659352,2.870967995689392,117.42741061589861,124.1477389202342,118.70323693752289,115.78515911102295,4.486917808280653,0.46353660593032836,9.0,9.0,0.2668063059506171,0.0,0.5348380969344114,4.494843381382834,118.97004324347351,115.51835280507234,0.9895652176421309,0.03743789621361619,certain_temperate,612.8634490966797,731.4624689817429,POINT (538721.6741543408 8668705.821493404),dronbreen
dronbreen-20220329-DAT_0235_A1_1,1110.0,1112,119.84962463378906,538716.7847252154,8668708.844526991,732.5010782877604,2022-03-29 10:06:20.333333248+00:00,0,2022-05-04,100 MHz,20220329,118.59901988506317,119.84962463378906,122.14239501953125,1.8384784317527603,0.7725419219970703,5,2.411666023715567,0.33870697021484375,2.554931788298682,3.051369916223902,117.41428986796811,124.5777297853522,118.70323693752289,115.78515911102295,4.464335516472096,0.46353660593032836,9.0,9.0,0.2668063059506171,0.0,0.5348380969344114,4.472301108884462,118.97004324347351,115.51835280507234,0.9895652176421309,0.03724947433179921,certain_temperate,612.6514536539713,731.2504735390345,POINT (538716.7847252154 8668708.844526991),dronbreen
dronbreen-20220329-DAT_0235_A1_1,1115.0,1115,119.53697204589844,538713.035293159,8668710.96988673,732.3570149739584,2022-03-29 10:06:21.333333248+00:00,0,2022-05-04,100 MHz,20220329,118.28636729717255,119.53697204589844,122.45503997802734,2.044354342412075,0.9270548309326171,5,2.4054511166017827,0.33870697021484375,2.6000669502127027,3.1749491591790866,117.10779163143086,124.88422039249492,118.39058434963226,115.47250652313232,4.44191031273404,0.46353660593032836,9.0,9.0,0.2668063059506171,0.0,0.5348380969344114,4.449916047665172,118.65739065558289,115.20570021718171,0.989537925151344,0.03715930089837382,certain_temperate,612.8200429280599,731.1064102252325,POINT (538713.035293159 8668710.96988673),dronbreen
dronbreen-20220329-DAT_0235_A1_1,1120.0,1119,119.53697204589844,538708.6801656855,8668713.450037248,732.1742858886719,2022-03-29 10:06:22.500000+00:00,0,2022-05-04,100 MHz,20220329,118.28636729717255,119.53697204589844,122.76769256591797,2.2849448604284213,1.6996306869506834,5,2.4054511166017827,0.11290232340494792,2.9474881646947204,3.319625735559546,117.12887279358532,125.17579181823109,118.39058434963226,115.47250652313232,4.419644377740961,0.46353660593032836,9.0,9.0,0.2668063059506171,0.0,0.5348380969344114,4.427690372032839,118.65739065558289,115.20570021718171,0.989537925151344,0.03697303271195423,certain_temperate,612.6373138427734,730.923681139946,POINT (538708.6801656855 8668713.450037248),dronbreen
dronbreen-20220329-DAT_0235_A1_1,1125.0,1123,119.64118957519531,538704.350650807,8668715.930939376,732.00830078125,2022-03-29 10:06:23.666666752+00:00,0,2022-05-04,100 MHz,20220329,118.39058482646942,119.64118957519531,123.0803451538086,2.5743919619542854,2.7812097381591796,5,2.4075227303573126,0.6166184743245443,3.7298138891500887,3.57825069186611,117.15595637888043,125.56557835012347,118.49480187892914,115.5767240524292,4.419644377740961,0.46353660593032836,9.0,9.0,0.2668063059506171,0.004342372218767802,0.5348557245920709,4.427692501381367,118.76164351940434,115.30988241195399,0.9895470384976415,0.03694082609370232,certain_temperate,612.3671112060547,730.7576960325241,POINT (538704.350650807 8668715.930939376),dronbreen
dronbreen-20220329-DAT_0235_A1_1,1255.0,1235,131.73037719726562,538643.3264494798,8668783.837739803,728.3221028645834,2022-03-29 10:06:57.333333248+00:00,0,2022-05-04,100 MHz,20220329,130.3755555152893,131.73037719726562,133.91893005371094,9.409995276493676,1.8541549072265624,5,2.647964673218574,1.1811135609944663,3.4416037794276844,9.846560681690429,128.83093825937115,136.8183689916054,130.58398950099945,127.66591167449951,4.361822512708047,0.6180488079071045,9.0,9.0,0.26700976895233863,0.004342372218767802,0.6732736456061982,4.3699895543672875,130.85103457755483,127.39886659794414,0.9897151916604059,0.03311174389318143,certain_temperate,596.5917256673177,726.967281182607,POINT (538643.3264494798 8668783.837739803),dronbreen
dronbreen-20220329-DAT_0235_A1_1,1260.0,1239,132.3556671142578,538647.7694543052,8668785.205597954,728.2206624348959,2022-03-29 10:06:58.666666752+00:00,0,2022-05-04,100 MHz,20220329,131.0008454322815,131.83457946777344,132.7725372314453,7.496871118212644,1.0815903625488281,7,2.660407684341648,0.9032351175944011,3.01055483871634,8.00604017524586,129.02502385797322,135.58209284124553,131.20927941799164,128.2912015914917,4.361822512708047,0.6180488079071045,9.0,9.0,0.26700976895233863,0.0,0.6732596420931335,4.3699873969020455,131.47628918694397,128.02419182253936,0.9897637803388747,0.03295531357144416,certain_temperate,595.8649953206381,726.8658407529196,POINT (538647.7694543052 8668785.205597954),dronbreen
dronbreen-20220329-DAT_0235_A1_1,1265.0,1244,130.89662170410156,538652.2959675561,8668785.893562699,728.1375732421875,2022-03-29 10:07:00+00:00,0,2022-05-04,100 MHz,20220329,129.54180002212524,130.89662170410156,131.9387969970703,6.830485940452111,1.0816129852294922,7,2.6313742093093997,2.9354438781738286,4.087890365597386,7.886475713145945,126.95441914825453,135.88099955291733,129.7502340078354,126.83215618133545,4.361822512708046,0.6180488079071045,9.0,9.0,0.26700976895233863,0.0,0.6732596420931335,4.369987396902045,130.01724377678772,126.56514641238311,0.9896496818302999,0.03332265153922892,certain_temperate,597.2409515380859,726.7827515602112,POINT (538652.2959675561 8668785.893562699),dronbreen
dronbreen-20220329-DAT_0235_A1_1,1270.0,1248,129.64602661132812,538657.2824023253,8668785.726346584,728.0770060221354,2022-03-29 10:07:01.333333248+00:00,0,2022-05-04,100 MHz,20220329,128.2912049293518,128.81228637695312,131.73037719726562,5.829974503510469,2.1631807250976562,8,2.6064912979793506,2.145127614339193,4.009329148084086,6.736762729963463,125.43658358075754,135.1060799934612,128.49963891506195,125.58156108856201,4.361822512708046,0.6180488079071045,9.0,9.0,0.26700976895233863,0.0,0.6732596420931335,4.369987396902045,128.76664868401429,125.31455131960968,0.9895498403044931,0.033644089423461906,certain_temperate,598.4309794108073,726.7221843401591,POINT (538657.2824023253 8668785.726346584),dronbreen
dronbreen-20220329-DAT_0235_A1_1,1275.0,1252,128.91650390625,538662.2947896986,8668785.994082453,727.9841105143229,2022-03-29 10:07:02.666666752+00:00,0,2022-05-04,100 MHz,20220329,127.56168222427368,128.18698120117188,130.68820190429688,5.274910224724045,1.8541549072265624,8,2.591977235965638,1.9193394978841147,3.7202285574806364,6.182789659918926,124.96173545861177,133.91344764685698,127.77011620998383,124.85203838348389,4.361822512708046,0.6180488079071045,9.0,9.0,0.26700976895233863,0.0,0.6732596420931335,4.369987396902045,128.03712597893616,124.58502861453155,0.9894907041307793,0.03383447720456357,certain_temperate,599.0676066080729,726.6292888323466,POINT (538662.2947896986 8668785.994082453),dronbreen
dronbreen-20220329-DAT_0235_A1_1,1280.0,1258,127.87432861328125,538668.1768410534,8668785.744031347,727.882080078125,2022-03-29 10:07:04.249999872+00:00,0,2022-05-04,100 MHz,20220329,126.51950693130493,126.93638610839844,129.22915649414062,4.5096153254856,1.6996306869506834,8,2.571244361650401,2.145127614339193,3.755211647982572,5.616894198128903,123.58782372296801,132.57771887957105,126.72794091701508,123.80986309051514,4.383762751475397,0.6180488079071045,9.0,9.0,0.26700976895233863,0.0,0.6732596420931335,4.391886847123811,126.99495068596741,123.5428533215628,0.9894050534093236,0.03428180463596266,certain_temperate,600.0077514648438,726.5272583961487,POINT (538668.1768410534 8668785.744031347),dronbreen
dronbreen-20220329-DAT_0235_A1_1,1285.0,1262,126.93638610839844,538672.2438509224,8668785.597028883,727.8213704427084,2022-03-29 10:07:05.333333248+00:00,0,2022-05-04,100 MHz,20220329,125.58156442642212,126.1026382446289,128.18698120117188,4.018201825691833,1.5451234336853026,8,2.552586618962061,1.919331232706706,3.5478073867490423,5.132784501626849,122.90896781264198,131.3806516331588,125.78999841213226,122.87192058563232,4.383762751475397,0.6180488079071045,9.0,9.0,0.26700976895233863,0.0,0.6732596420931335,4.391886847123811,126.0570081810846,122.60491081667999,0.9893267665520321,0.034535115469033796,certain_temperate,600.8849843343099,726.466548760732,POINT (538672.2438509224 8668785.597028883),dronbreen
dronbreen-20220329-DAT_0235_A1_1,1290.0,1267,126.1026382446289,538677.6179869351,8668785.084345544,727.7592315673828,2022-03-29 10:07:06.750000128+00:00,0,2022-05-04,100 MHz,20220329,124.74781656265259,125.16468811035156,126.93638610839844,3.4014843697579864,1.5451234336853026,8,2.53600278960854,1.6935348510742188,3.418592819571926,4.56831110569466,122.11520119601576,129.98587302273424,124.95625054836273,122.0381727218628,4.377736680846572,0.6180488079071045,9.0,9.0,0.26700976895233863,0.0,0.6732596420931335,4.385871938799118,125.22326031731507,121.77116295291046,0.9892561987533672,0.03471566290591095,certain_temperate,601.6565933227539,726.4044098854065,POINT (538677.6179869351 8668785.084345544),dronbreen
dronbreen-20220329-DAT_0235_A1_1,1295.0,1271,125.37312316894531,538682.5185090833,8668784.341009228,727.7340698242188,2022-03-29 10:07:08+00:00,0,2022-05-04,100 MHz,20220329,124.018301486969,124.43517303466797,126.20686340332031,2.918311504880782,1.0815847068786621,8,2.5214932094404325,1.467730204264323,3.111588892498141,4.126584786149866,121.51761241700054,129.12442402098776,124.22673547267914,121.3086576461792,4.377736680846572,0.6180488079071045,9.0,9.0,0.26700976895233863,0.0,0.6732596420931335,4.385871938799118,124.49374524163147,121.04164787722686,0.9891936832414182,0.0349176647290456,certain_temperate,602.3609466552734,726.3792481422424,POINT (538682.5185090833 8668784.341009228),dronbreen
dronbreen-20220329-DAT_0235_A1_1,1300.0,1275,124.74781036376953,538687.8451200558,8668783.253247103,727.7339884440104,2022-03-29 10:07:09.333333248+00:00,0,2022-05-04,100 MHz,20220329,123.39298868179321,123.80986785888672,125.47733306884766,2.4955814971665977,1.0043225967407226,8,2.5090568897938526,1.2419172922770185,2.97428796780048,3.750420249262602,121.0102741317401,128.27692679599429,123.60142266750336,120.68334484100342,4.3558007204280615,0.6180488079071045,9.0,9.0,0.26700976895233863,0.0,0.6732596420931335,4.363976871249159,123.86843243645569,120.41633507205108,0.9891395153307653,0.03491685110725691,certain_temperate,602.9861780802408,726.3791667620341,POINT (538687.8451200558 8668783.253247103),dronbreen
dronbreen-20220329-DAT_0235_A1_1,1305.0,1278,124.22673797607422,538691.9166888477,8668781.943421459,727.7769571940104,2022-03-29 10:07:10.333333248+00:00,0,2022-05-04,100 MHz,20220329,122.8719162940979,123.39300537109375,125.16468811035156,2.1977071747090102,1.0815847068786621,8,2.498694253259186,1.0161043802897136,2.906160105890284,3.4793473394707064,120.69561013069712,127.8620833507482,123.08035027980804,120.1622724533081,4.357047284063289,0.6180488079071045,9.0,9.0,0.26700976895233863,0.0,0.6732596420931335,4.365221100045136,123.34736004876038,119.89526268435577,0.9890939607362366,0.03507334536066178,certain_temperate,603.5502192179362,726.4221355120341,POINT (538691.9166888477 8668781.943421459),dronbreen
dronbreen-20220329-DAT_0235_A1_1,1310.0,1283,123.80986785888672,538697.6205343769,8668780.540880311,727.809814453125,2022-03-29 10:07:11.750000128+00:00,0,2022-05-04,100 MHz,20220329,122.4550461769104,122.66348266601562,124.53939056396484,1.9208087595270658,1.4678669792175292,8,2.4904042546731238,0.9032103220621746,3.028619438993755,3.2722176773939657,120.01435031039924,127.18852291958123,122.66348016262054,119.7454023361206,4.357047284063289,0.6180488079071045,9.0,9.0,0.26700976895233863,0.0,0.6732596420931335,4.365221100045136,122.93048993157288,119.47839256716827,0.9890572399001307,0.03519143796380809,certain_temperate,603.9999465942383,726.4549927711487,POINT (538697.6205343769 8668780.540880311),dronbreen
dronbreen-20220329-DAT_0235_A1_1,1315.0,1287,123.39300537109375,538702.7690088727,8668779.525601462,727.8272705078125,2022-03-29 10:07:13+00:00,0,2022-05-04,100 MHz,20220329,122.03818368911743,122.87191009521484,124.22673797607422,1.5725878190599833,1.0815903625488281,9,2.4821147253510074,0.4516010284423828,2.744936194350067,2.9728554366720155,120.34904723752825,126.74960083376081,122.24661767482758,119.32853984832764,4.335597763260048,0.6180488079071045,9.0,9.0,0.26700976895233863,0.0,0.6732596420931335,4.343811941313932,122.51362744377991,119.0615300793753,0.9890202716280245,0.03513649538092629,certain_temperate,604.4342651367188,726.4724488258362,POINT (538702.7690088727 8668779.525601462),dronbreen
dronbreen-20220329-DAT_0235_A1_1,1320.0,1290,123.39300537109375,538706.5405985432,8668778.916101646,727.7763148716518,2022-03-29 10:07:13.857143040+00:00,0,2022-05-04,100 MHz,20220329,122.03818368911743,122.66348266601562,124.12252044677734,1.40574872925099,1.236091960144043,9,2.4821147253510074,0.4516092936197917,2.80940701889577,2.888074437004498,120.14061832882108,126.64538478397189,122.24661767482758,119.32853984832764,4.314321914054434,0.6180488079071045,9.0,9.0,0.26700976895233863,0.0,0.6732596420931335,4.322576522724184,122.51362744377991,119.0615300793753,0.9890202716280245,0.034964071918659294,certain_temperate,604.3833095005581,726.4214931896755,POINT (538706.5405985432 8668778.916101646),dronbreen
dronbreen-20220329-DAT_0235_A1_1,1325.0,1294,122.97613525390625,538711.5693847706,8668778.103435224,727.7083740234375,2022-03-29 10:07:15+00:00,0,2022-05-04,100 MHz,20220329,121.62131357192993,122.66348266601562,124.018310546875,1.2888579557050877,1.0815903625488281,9,2.473825365056074,0.4516092936197917,2.73744417353799,2.825759671462328,120.14877336057323,126.5330198523174,121.82974755764008,118.91166973114014,4.314321914054434,0.6180488079071045,9.0,9.0,0.26700976895233863,0.11290193597475688,0.682660525311243,4.324050721482479,122.11964592580179,118.62177136297842,0.9889830520435607,0.03508259472577134,certain_temperate,604.7322387695312,726.3535523414612,POINT (538711.5693847706 8668778.103435224),dronbreen
dronbreen-20220329-DAT_0235_A1_1,1330.0,1298,122.97613525390625,538716.7906535538,8668777.22986385,727.5997009277344,2022-03-29 10:07:16.249999872+00:00,0,2022-05-04,100 MHz,20220329,121.51709640026093,122.76769256591797,123.9140853881836,1.1469125533110167,1.236103271484375,9,2.473825365056074,0.3386987050374349,2.78612276243586,2.7477148968790863,120.27078873325063,126.41098922085094,121.82974755764008,118.91166973114014,4.286223405563759,0.6180488079071045,9.0,9.0,0.26722933549776806,0.11290193597475688,0.6827464345222315,4.296029497955061,122.11984816932062,118.6215691194596,0.9881355935390808,0.03485410723563628,certain_temperate,604.6235656738281,726.140662074089,POINT (538716.7906535538 8668777.22986385),dronbreen
dronbreen-20220329-DAT_0235_A1_1,1335.0,1303,123.28878021240234,538722.1203540404,8668775.925231785,727.5451456705729,2022-03-29 10:07:17.666666752+00:00,0,2022-05-04,100 MHz,20220329,121.82974135875702,122.97613525390625,124.22673797607422,0.9189433152275766,1.236091960144043,9,2.480042203371713,0.4516092936197917,2.8075761109044453,2.683098414369111,120.45530993576368,126.74756329421679,122.14239251613617,119.22431468963623,4.265302128631659,0.6180488079071045,9.0,9.0,0.26722933549776806,0.0,0.6733467507205865,4.273665144376703,122.40962185163394,118.95708535413846,0.9881656801930258,0.034596028294572964,certain_temperate,604.2563654581705,726.0861068169276,POINT (538722.1203540404 8668775.925231785),dronbreen
dronbreen-20220329-DAT_0235_A1_1,1340.0,1308,123.39300537109375,538726.7624557435,8668774.817971544,727.5354614257812,2022-03-29 10:07:19+00:00,0,2022-05-04,100 MHz,20220329,121.93396651744843,123.18456268310547,123.70565795898438,0.7071774347011279,0.8498323104858398,10,2.4821147253510074,0.33870697021484375,2.645341353667259,2.603020523474007,120.67944473748366,126.21077590460618,122.24661767482758,119.32853984832764,4.244562243554152,0.6180488079071045,9.0,9.0,0.26722933549776806,0.0,0.6733467507205865,4.252966042323409,122.51384701032535,119.06131051282986,0.9881756761717782,0.034398726498224105,certain_temperate,604.1424560546875,726.0764225721359,POINT (538726.7624557435 8668774.817971544),dronbreen
dronbreen-20220329-DAT_0235_A1_1,1345.0,1312,123.60143280029297,538731.2730493973,8668773.831009807,727.5825398763021,2022-03-29 10:07:20.333333248+00:00,0,2022-05-04,100 MHz,20220329,122.14239394664764,123.18456268310547,124.12252044677734,0.6175359635603282,0.9270774536132812,10,2.486259374263702,0.9032103220621746,2.8029889701873385,2.7163624994253204,120.53932648155488,126.76775664832793,122.4550451040268,119.53696727752686,4.265302128631659,0.6180488079071045,9.0,9.0,0.26722933549776806,0.0,0.6733467507205865,4.273665144376703,122.72227443952457,119.26973794202908,0.9881956153695828,0.03450851686746425,certain_temperate,603.9811070760092,726.1235010226568,POINT (538731.2730493973 8668773.831009807),dronbreen
dronbreen-20220329-DAT_0235_A1_1,1350.0,1317,124.22673797607422,538736.812657868,8668772.687527949,727.6472778320312,2022-03-29 10:07:22+00:00,0,2022-05-04,100 MHz,20220329,122.7676991224289,123.70565795898438,124.43517303466797,0.5793206618506334,0.4635387268066406,10,2.498694253259186,0.9032185872395834,2.6970622793801167,2.719354558871021,121.04872800364014,127.09210299001221,123.08035027980804,120.1622724533081,4.28622340556376,0.6180488079071045,9.0,9.0,0.26722933549776806,0.0,0.6733467507205865,4.2945456802964825,123.34757961530582,119.89504311781033,0.9882550336794135,0.03450322752891794,certain_temperate,603.420539855957,726.1882389783859,POINT (538736.812657868 8668772.687527949),dronbreen
dronbreen-20220329-DAT_0235_A1_1,1355.0,1322,124.43517303466797,538741.7391324106,8668771.712543577,727.7263488769531,2022-03-29 10:07:23.500000+00:00,0,2022-05-04,100 MHz,20220329,122.97613418102264,124.22673797607422,124.85203552246094,0.6329735922308131,0.46352741546630855,10,2.502839370648285,0.5644950866699219,2.6072432343435974,2.642634137863803,121.66102957133654,127.41774392719861,123.2887853384018,120.37070751190186,4.328598644793851,0.6180488079071045,9.0,9.0,0.26722933549776806,0.0,0.6733467507205865,4.336839603381907,123.55601467389957,120.10347817640408,0.9882747070778868,0.03478597360561304,certain_temperate,603.2911758422852,726.2673100233078,POINT (538741.7391324106 8668771.712543577),dronbreen
dronbreen-20220329-DAT_0235_A1_1,1360.0,1327,124.74781036376953,538746.7370475169,8668770.925708903,727.7703857421875,2022-03-29 10:07:25+00:00,0,2022-05-04,100 MHz,20220329,123.2887715101242,124.64360809326172,125.16468811035156,0.6985909723757753,0.4635330711364746,10,2.5090568897938526,1.0161126454671225,2.7464002425970997,2.795689670042998,121.93660765282951,127.87168855078377,123.60142266750336,120.68334484100342,4.350047999064908,0.6180488079071045,9.0,9.0,0.26722933549776806,0.0,0.6733467507205865,4.358248399520063,123.86865200300113,120.41611550550564,0.9883040924775296,0.034870736298937804,certain_temperate,603.022575378418,726.3113468885422,POINT (538746.7370475169 8668770.925708903),dronbreen
dronbreen-20220329-DAT_0235_A1_1,1365.0,1332,125.37312316894531,538751.3521477674,8668770.313977625,727.73388671875,2022-03-29 10:07:26.333333248+00:00,0,2022-05-04,100 MHz,20220329,123.91408431529999,125.26890563964844,125.47733306884766,0.8161806467379541,0.15451290893554687,10,2.5214932094404325,0.9032268524169923,2.6828382342603225,2.799981714277953,122.59052053810287,128.15571817039324,124.22673547267914,121.3086576461792,4.3716677769998995,0.6180488079071045,9.0,9.0,0.26722933549776806,0.0,0.6733467507205865,4.379827698689735,124.49396480817691,121.04142831068143,0.9883624271553065,0.034869257991674195,certain_temperate,602.3607635498047,726.2748478651047,POINT (538751.3521477674 8668770.313977625),dronbreen
dronbreen-20220329-DAT_0235_A1_1,1370.0,1336,125.58155822753906,538756.1080075394,8668769.70630589,727.65185546875,2022-03-29 10:07:27.666666752+00:00,0,2022-05-04,100 MHz,20220329,124.12251937389374,125.26890563964844,125.89421081542969,0.941484344265012,0.5407951812744141,10,2.525638752225407,0.11289405822753908,2.5853540576128875,2.697774813734815,122.74074500884869,128.42237144622945,124.43517053127289,121.51709270477295,4.41540992202522,0.6180488079071045,9.0,9.0,0.26722933549776806,0.0,0.6733467507205865,4.423489154193705,124.70239986677066,121.24986336927518,0.988381742715744,0.03515970007335802,certain_temperate,602.0702972412109,726.1928166151047,POINT (538756.1080075394 8668769.70630589),dronbreen
dronbreen-20220329-DAT_0235_A1_1,1375.0,1341,125.47733306884766,538761.1197903532,8668769.1060049,727.534423828125,2022-03-29 10:07:29+00:00,0,2022-05-04,100 MHz,20220329,124.01829421520233,125.37312316894531,125.78998565673828,1.0619014111656346,0.4635330711364746,10,2.523565819555379,0.22580464680989584,2.5757008933854033,2.7471816087009464,122.83947516968631,128.3236336559973,124.33094537258148,121.41286754608154,4.437527136779232,0.6180488079071045,9.0,9.0,0.26722933549776806,0.0,0.6733467507205865,4.445566173998838,124.59817470807926,121.14563821058377,0.9883720922499623,0.035365169375606846,certain_temperate,602.0570907592773,726.0753849744797,POINT (538761.1197903532 8668769.1060049),dronbreen
dronbreen-20220329-DAT_0235_A1_1,1380.0,1345,125.37312316894531,538766.5684220985,8668768.456254026,727.4285888671875,2022-03-29 10:07:30.333333248+00:00,0,2022-05-04,100 MHz,20220329,123.91408431529999,125.16468811035156,125.58155822753906,1.2302224344624013,0.540789525604248,10,2.5214932094404325,0.4516010284423828,2.618076546846501,2.841710529311356,122.603073093581,128.14317324430962,124.22673547267914,121.3086576461792,4.459805262157851,0.6180488079071045,9.0,9.0,0.26722933549776806,0.0,0.6733467507205865,4.467804213942397,124.49396480817691,121.04142831068143,0.9883624271553065,0.035572259423960306,certain_temperate,602.0554656982422,725.9695500135422,POINT (538766.5684220985 8668768.456254026),dronbreen
dronbreen-20220329-DAT_0235_A1_1,1385.0,1348,125.06047058105469,538770.7978816825,8668767.89553014,727.3664957682291,2022-03-29 10:07:31.333333248+00:00,0,2022-05-04,100 MHz,20220329,123.60143172740936,124.64360809326172,125.47733306884766,1.3429232427495978,1.0043169410705566,10,2.515275038794354,0.5645116170247396,2.76657448926631,2.906669008066608,122.06576366689735,128.05517749521204,123.91408288478851,120.99600505828857,4.4822421048685355,0.6180488079071045,9.0,9.0,0.26722933549776806,0.0,0.6733467507205865,4.4902010873018705,124.18131222028629,120.7287757227908,0.9883333330918527,0.03584059842445169,certain_temperate,602.3060251871744,725.9074569145838,POINT (538770.7978816825 8668767.89553014),dronbreen
dronbreen-20220329-DAT_0235_A1_1,1390.0,1352,124.85203552246094,538775.7480892654,8668767.433079226,727.2532653808594,2022-03-29 10:07:32.500000+00:00,0,2022-05-04,100 MHz,20220329,123.39299666881561,124.018310546875,125.58155822753906,1.1963538861887644,1.4678556678771972,10,2.511129687937431,1.3548196156819663,3.208723852623747,3.093957194544929,121.16501271792735,128.43485605648672,123.70564782619476,120.78756999969482,4.504835093285897,0.6180488079071045,9.0,9.0,0.26722933549776806,0.0,0.6733467507205865,4.512754229453532,123.97287716169254,120.52034066419705,0.9883138560974215,0.036081390859466406,certain_temperate,602.4012298583984,725.794226527214,POINT (538775.7480892654 8668767.433079226),dronbreen
dronbreen-20220329-DAT_0235_A1_1,1395.0,1357,123.80986785888672,538780.9951372226,8668767.0024369,727.0883941650391,2022-03-29 10:07:33.750000128+00:00,0,2022-05-04,100 MHz,20220329,122.3508290052414,123.28878021240234,124.43517303466797,1.0208795285807248,1.0815903625488281,10,2.4904042546731238,2.3709322611490884,3.604617989608612,3.5868688504776323,119.85025827141497,127.87369497565534,122.66348016262054,119.7454023361206,4.550479977850913,0.6180488079071045,9.0,9.0,0.26722933549776806,0.0,0.6733467507205865,4.558319816179272,122.93070949811832,119.47817300062283,0.9882154881603761,0.03675377461057756,certain_temperate,603.2785263061523,725.6293553113937,POINT (538780.9951372226 8668767.0024369),dronbreen
dronbreen-20220329-DAT_0235_A1_1,1400.0,1361,122.66348266601562,538786.316291187,8668766.666986613,726.88330078125,2022-03-29 10:07:35+00:00,0,2022-05-04,100 MHz,20220329,121.2044438123703,122.55925750732422,123.9140853881836,0.9262379339125255,0.4635443824768066,10,2.4676085572680213,1.6935183207194011,3.0285259927959065,3.1328921150804363,119.56641666716672,126.90692622834109,121.51709496974945,118.59901714324951,4.573527289163928,0.6180488079071045,9.0,9.0,0.26722933549776806,0.0,0.6733467507205865,4.581327687742684,121.78432430524722,118.33178780775174,0.9881053527754633,0.03728515765051762,certain_temperate,604.2198181152344,725.4242619276047,POINT (538786.316291187 8668766.666986613),dronbreen
dronbreen-20220329-DAT_0235_A1_1,1405.0,1364,122.24662017822266,538790.6648134387,8668766.419885414,726.7068481445312,2022-03-29 10:07:36+00:00,0,2022-05-04,100 MHz,20220329,120.78758132457733,122.24662017822266,123.4972152709961,0.9782598346544235,1.236091960144043,9,2.459319917782039,1.0161209106445312,2.9340551284836605,2.8350923207448866,119.5856511511484,126.15818429807035,121.10023248195648,118.18215465545654,4.596721579258166,0.6180488079071045,9.0,9.0,0.26722933549776806,0.0,0.6733467507205865,4.604482684837491,121.36746181745426,117.91492531995877,0.9880647918812135,0.03760203408942212,certain_temperate,604.4602279663086,725.2478092908859,POINT (538790.6648134387 8668766.419885414),dronbreen
dronbreen-20220329-DAT_0235_A1_1,1410.0,1368,121.72552490234375,538796.1239114467,8668766.297788255,726.4919281005859,2022-03-29 10:07:37.249999872+00:00,0,2022-05-04,100 MHz,20220329,120.26648604869843,121.6213150024414,122.55925750732422,0.9262995461797575,0.7725758560180663,9,2.4489592412084864,1.354827880859375,2.903417538893846,2.948048642934369,118.82257243624237,125.35800007352326,120.57913720607758,117.66105937957764,4.620060848711168,0.6180488079071045,9.0,9.0,0.26722933549776806,0.0,0.6733467507205865,4.627782812918551,120.84636654157535,117.39383004407986,0.9880136984020742,0.03795474164040521,certain_temperate,604.7664031982422,725.0328892469406,POINT (538796.1239114467 8668766.297788255),dronbreen
dronbreen-20220329-DAT_0235_A1_1,1415.0,1372,120.99600982666016,538800.6749627802,8668766.069838768,726.3515537806919,2022-03-29 10:07:38.285714432+00:00,0,2022-05-04,100 MHz,20220329,119.53697097301483,120.89179229736328,121.72552490234375,0.7730884922144959,0.7725758560180663,9,2.43445553617011,1.6935348510742188,3.0645566567930054,3.064685932715905,117.92621747123053,124.6910997284765,119.84962213039398,116.93154430389404,4.6435427030585394,0.6180488079071045,9.0,9.0,0.26722933549776806,0.0,0.6733467507205865,4.651225682858099,120.11685146589176,116.66431496839627,0.9879414300047121,0.03837765154165758,certain_temperate,605.3555439540318,724.8925149270466,POINT (538800.6749627802 8668766.069838768),dronbreen
dronbreen-20220329-DAT_0235_A1_1,1420.0,1376,120.16226196289062,538805.488101002,8668765.889321199,726.2245657784598,2022-03-29 10:07:39.428571392+00:00,0,2022-05-04,100 MHz,20220329,118.7032231092453,120.05804443359375,120.78756713867188,0.7535817715008656,0.5407951812744141,8,2.4178808241961267,1.4677219390869143,2.8797247782699684,2.9271557623110485,117.22955448832394,123.61605708394168,119.01587426662445,116.09779644012451,4.667164990143485,0.6180488079071045,9.0,9.0,0.26722933549776806,0.0,0.6733467507205865,4.67480914722426,119.28310360212222,115.83056710462674,0.9878577614151778,0.03884052208991233,certain_temperate,606.0623038155692,724.7655269248145,POINT (538805.488101002 8668765.889321199),dronbreen
dronbreen-20220329-DAT_0235_A1_1,1425.0,1380,119.64118957519531,538810.4830207083,8668765.7494903,726.1013793945312,2022-03-29 10:07:40.666666752+00:00,0,2022-05-04,100 MHz,20220329,118.18215072154999,119.22431945800781,120.05804443359375,0.7348145051391206,0.7725645446777343,8,2.4075227303573126,1.4677136739095051,2.9235603468136557,2.9138121907101215,116.40468311163829,122.87768077996327,118.49480187892914,115.5767240524292,4.690925370362704,0.6180488079071045,9.0,9.0,0.26722933549776806,0.0,0.6733467507205865,4.6985308712472085,118.76203121442691,115.30949471693143,0.9878048784133134,0.03920828091912631,certain_temperate,606.4601898193359,724.6423405408859,POINT (538810.4830207083 8668765.7494903),dronbreen
dronbreen-20220329-DAT_0235_A1_1,1430.0,1385,118.80744934082031,538816.4245721493,8668765.439766483,725.9602661132812,2022-03-29 10:07:42.249999872+00:00,0,2022-05-04,100 MHz,20220329,117.34841048717499,118.18214416503906,119.32853698730469,0.7099846468975841,0.7725702003479004,8,2.3909504402117236,1.3548361460367837,2.854661048990236,2.8383627655722106,115.43401298364388,122.07666816869987,117.66106164455414,114.7429838180542,4.738852722996533,0.6180488079071045,9.0,9.0,0.26722933549776806,0.0,0.6733467507205865,4.746381426729445,117.92829098005191,114.47575448255643,0.9877192982280109,0.03988683158580647,certain_temperate,607.1528167724609,724.5012272596359,POINT (538816.4245721493 8668765.439766483),dronbreen
dronbreen-20220329-DAT_0235_A1_1,1435.0,1390,118.39057159423828,538821.3298081033,8668765.317335913,725.7857259114584,2022-03-29 10:07:43.666666752+00:00,0,2022-05-04,100 MHz,20220329,116.93153274059296,117.34841918945312,118.49479675292969,0.7787667776328135,0.6952967788696288,8,2.382664679925437,1.5806159973144533,2.9425967305488925,2.9634297025364287,114.48914692051291,121.3540690218699,117.2441838979721,114.32610607147217,4.770832394034663,0.7725610098838805,9.0,9.0,0.26722933549776806,0.0,0.8174729547473605,4.778310710881105,117.51141323346988,114.0588767359744,0.9876760553311128,0.0402974014720176,certain_temperate,607.3951543172201,724.326687057813,POINT (538821.3298081033 8668765.317335913),dronbreen
dronbreen-20220329-DAT_0235_A1_1,1440.0,1394,117.34841918945312,538825.7990143277,8668765.104838913,725.6038818359375,2022-03-29 10:07:45+00:00,0,2022-05-04,100 MHz,20220329,115.8893803358078,116.72310638427734,118.07791900634766,0.9584066396680108,1.081579051208496,7,2.3619527079316054,2.145127614339193,3.369006726072103,3.3315066206246278,113.53243355925972,121.26859183136528,116.20203149318695,113.28395366668701,4.819530385382777,0.7725610098838805,9.0,9.0,0.26722933549776806,0.0,0.8174729547473605,4.826933255533832,116.46926082868472,113.01672433118924,0.9875666083640225,0.04107026254526605,certain_temperate,608.2554626464844,724.1448429822922,POINT (538825.7990143277 8668765.104838913),dronbreen
dronbreen-20220329-DAT_0235_A1_1,1445.0,1399,116.41045379638672,538831.2808872418,8668764.859478856,725.3734944661459,2022-03-29 10:07:46.666666752+00:00,0,2022-05-04,100 MHz,20220329,114.9514149427414,115.26407623291016,117.34841918945312,2.3272519497803654,1.6996080642700195,7,2.343313359589851,1.241933822631836,3.149949950897773,3.528401728656434,112.61199834547374,120.00049707688954,115.26406610012054,112.3459882736206,4.844069378626265,0.7725610098838805,9.0,9.0,0.26722933549776806,0.11290180683135988,0.8252326034089817,4.852748343019758,115.55416666154083,112.05588771220032,0.9874664275753333,0.04161197917069386,certain_temperate,608.9630406697592,723.9144556125005,POINT (538831.2808872418 8668764.859478856),dronbreen
dronbreen-20220329-DAT_0235_A1_1,1450.0,1404,116.20201873779297,538835.6312122926,8668764.550546607,725.227294921875,2022-03-29 10:07:48+00:00,0,2022-05-04,100 MHz,20220329,114.63876283168793,114.2219009399414,116.618896484375,3.7824296540743223,1.8541322845458983,7,2.339171576326832,0.7903079986572266,3.087736537470828,4.516977361494935,111.75283018432566,119.08796723999075,115.0556310415268,112.13755321502686,4.886855221095415,0.7725610098838805,9.0,9.0,0.2674649652032747,0.11290180683135988,0.8253089358475262,4.895471200767551,115.34594867033526,111.84723558621837,0.9865470847831612,0.04205482206055718,certain_temperate,609.025276184082,723.66403901577,POINT (538835.6312122926 8668764.550546607),dronbreen
dronbreen-20220329-DAT_0235_A1_1,1455.0,1410,115.68093872070312,538841.3121701648,8668764.062853692,725.1066436767578,2022-03-29 10:07:49.750000128+00:00,0,2022-05-04,100 MHz,20220329,114.11768281459808,112.97130584716797,116.82732391357422,4.693954256884206,1.8541435958862305,7,2.328817690013804,1.2419255574544272,3.2254642143024372,5.385069868562624,110.332031150669,119.46659861007319,114.53455102443695,111.61647319793701,4.911764475134304,0.7725610098838805,9.0,9.0,0.2674649652032747,0.0,0.8175500116836831,4.919041346319682,114.80201598964022,111.34900823273374,0.9864864866814461,0.04245958348413072,certain_temperate,609.4257049560547,723.5433877706528,POINT (538841.3121701648 8668764.062853692),dronbreen
dronbreen-20220329-DAT_0235_A1_1,1460.0,1415,115.05562591552734,538846.4009473585,8668763.682182675,725.0198364257812,2022-03-29 10:07:51.333333248+00:00,0,2022-05-04,100 MHz,20220329,113.4923700094223,111.82490539550781,116.618896484375,5.360660390883934,2.1631694137573243,7,2.3163934946216513,1.354827880859375,3.446815823523882,5.99482420385046,109.14139325492052,119.3024086249623,113.90923821926117,110.99116039276123,4.961937267564266,0.7725610098838805,9.0,9.0,0.2674649652032747,0.0,0.8175500116836831,4.969140665633679,114.17670318446444,110.72369542755796,0.9864130424421595,0.043126420182245315,certain_temperate,609.9642105102539,723.4565805196762,POINT (538846.4009473585 8668763.682182675),dronbreen
dronbreen-20220329-DAT_0235_A1_1,1465.0,1419,114.43032836914062,538850.9926196696,8668763.44227958,724.9356892903646,2022-03-29 10:07:52.666666752+00:00,0,2022-05-04,100 MHz,20220329,112.86707246303558,110.99117279052734,116.20201873779297,5.474738335103849,2.6267194519042967,7,2.303970490320512,1.4677219390869143,3.7897417840477208,6.118435057153133,108.25941736392986,118.93377416439046,113.28394067287445,110.36586284637451,4.961937267564266,0.7725610098838805,9.0,9.0,0.2674649652032747,0.0,0.8175500116836831,4.969140665633679,113.55140563807772,110.09839788117124,0.986338797341714,0.04336208187358827,certain_temperate,610.505360921224,723.3724333842596,POINT (538850.9926196696 8668763.44227958),dronbreen
dronbreen-20220329-DAT_0235_A1_1,1470.0,1424,113.7008056640625,538855.9205601529,8668763.088024123,724.8253784179688,2022-03-29 10:07:54+00:00,0,2022-05-04,100 MHz,20220329,112.13754975795746,109.94900512695312,115.68093872070312,5.671892406360933,3.0902694900512695,7,2.2894779499839615,1.0161126454671223,3.977934101123684,6.200367542418415,107.44417096243426,118.185772885222,112.55441796779633,109.63634014129639,4.961937267564265,0.7725610098838805,9.0,9.0,0.2674649652032747,0.0,0.8175500116836831,4.969140665633678,112.8218829329996,109.36887517609311,0.9862511448623874,0.043640299983666586,certain_temperate,611.1245727539062,723.2621225118637,POINT (538855.9205601529 8668763.088024123),dronbreen
dronbreen-20220329-DAT_0235_A1_1,1475.0,1428,113.49237823486328,538861.0294341132,8668762.676973445,724.6569213867188,2022-03-29 10:07:55.333333248+00:00,0,2022-05-04,100 MHz,20220329,111.92912232875824,109.1152572631836,115.26407623291016,5.855488388623686,3.0902355560302732,7,2.285337604591958,1.1290232340494795,4.00587284143411,6.386251302547722,106.56624540954587,117.81308808654788,112.3459905385971,109.42791271209717,4.961937267564266,0.7725610098838805,9.0,9.0,0.2674649652032747,0.0,0.8175500116836831,4.969140665633679,112.61345550380038,109.1604477468939,0.9862258952502518,0.043720444885699185,certain_temperate,611.1645431518555,723.0936654806137,POINT (538861.0294341132 8668762.676973445),dronbreen
dronbreen-20220329-DAT_0235_A1_1,1480.0,1432,114.74298095703125,538865.5880836847,8668762.250085816,724.4798278808594,2022-03-29 10:07:56.500000+00:00,0,2022-05-04,100 MHz,20220329,113.17972505092621,113.49237823486328,114.84720611572266,6.362081022142067,2.5494573417663573,6,2.310181956375353,0.9032185872395835,3.5570320810169402,6.828529813964172,111.0119056008886,117.32767874969734,113.59659326076508,110.67851543426514,4.961937267564265,0.7725610098838805,9.0,9.0,0.2674649652032747,0.0,0.8175500116836831,4.969140665633678,113.86405822596835,110.41105046906186,0.9863760214954634,0.04324392852772757,certain_temperate,609.7368469238281,722.9165719747543,POINT (538865.5880836847 8668762.250085816),dronbreen
dronbreen-20220329-DAT_0235_A1_1,1485.0,1437,114.32611846923828,538870.8672660134,8668761.897150032,724.2453874860491,2022-03-29 10:07:57.857143040+00:00,0,2022-05-04,100 MHz,20220329,112.76286256313324,113.38815307617188,114.53455352783203,6.590826198338142,2.472200887298584,6,2.301900203244468,1.0161126454671223,3.527464625072096,7.054801161668238,110.87195963091074,117.05074697309317,113.1797307729721,110.26165294647217,4.961937267564266,0.7725610098838805,9.0,9.0,0.2674649652032747,0.0,0.8175500116836831,4.969140665633679,113.44719573817538,109.9941879812689,0.9863263449591734,0.043401607034348616,certain_temperate,609.9192690168109,722.6821315799441,POINT (538870.8672660134 8668761.897150032),dronbreen
dronbreen-20220329-DAT_0235_A1_1,1490.0,1442,113.8050308227539,538876.3926783602,8668761.5070184,723.999755859375,2022-03-29 10:07:59.333333248+00:00,0,2022-05-04,100 MHz,20220329,112.24177491664886,113.38815307617188,114.2219009399414,6.830473324675519,2.317687978363037,6,2.2915483883669547,1.1290232340494792,3.4492847148791985,7.2925477933541565,110.83357141193588,116.7764826041774,112.65864312648773,109.7405652999878,4.961937267564266,0.7725610098838805,9.0,9.0,0.2674649652032747,0.0,0.8175500116836831,4.969140665633679,112.926108091691,109.47310033478452,0.9862637363673339,0.04360033323388185,certain_temperate,610.1947250366211,722.43649995327,POINT (538876.3926783602 8668761.5070184),dronbreen
dronbreen-20220329-DAT_0235_A1_1,1495.0,1447,113.28394317626953,538881.2548687381,8668761.212986877,723.7837524414062,2022-03-29 10:08:01+00:00,0,2022-05-04,100 MHz,20220329,111.72068727016449,113.28394317626953,114.01346588134766,6.6842887584740165,0.9270887649536133,5,2.281197210375663,17.612688064575195,17.78398535623437,18.97604694817436,95.52413907902073,131.77326997859646,112.13755548000336,109.21947765350342,4.987197237314572,0.7725610098838805,9.0,9.0,0.2674649652032747,0.0,0.8175500116836831,4.994364202928065,112.40502044520663,108.95201268830014,0.9862005517968895,0.0440238669089626,certain_temperate,610.4998092651367,722.2204965353012,POINT (538881.2548687381 8668761.212986877),dronbreen
dronbreen-20220329-DAT_0235_A1_1,1500.0,1524,97.54716491699219,538885.0226014658,8668758.90253604,723.7430419921875,2022-03-29 10:09:36.666666752+00:00,0,2022-05-04,100 MHz,20220329,95.98390901088715,97.44295501708984,107.03091430664062,6.54521486825173,7.957375220489501,6,1.9689438167040594,17.38687515258789,19.222382467443406,18.682077106055388,79.9449503501281,124.52891897360237,96.40077722072601,93.48269939422607,5.006156472922283,0.9270732118606567,9.0,9.0,0.2674649652032747,0.0,0.9648845774292504,5.01329633464778,96.66824218592929,93.2152344290228,0.9839743583789924,0.05132036873836646,certain_temperate,626.1958770751953,722.1797860860825,POINT (538885.0226014658 8668758.90253604),dronbreen
dronbreen-20220329-DAT_0235_A1_1,1505.0,1531,97.2345199584961,538889.961131265,8668757.928436095,723.5820225306919,2022-03-29 10:09:38.857143040+00:00,0,2022-05-04,100 MHz,20220329,95.67126405239105,97.02609252929688,106.19718170166016,5.937778992688867,7.648343746948242,6,1.962748264200906,0.6774056752522787,7.925176418791567,6.290348047882953,94.94973533519763,108.2735388957594,96.08813226222992,93.17005443572998,4.9961725318919035,0.9270732118606567,9.0,9.0,0.2674649652032747,0.0,0.9648845774292504,5.003326640950233,96.3555972274332,92.9025894705267,0.983922830011684,0.051382703735509634,certain_temperate,626.3475025721958,722.0187666245869,POINT (538889.961131265 8668757.928436095),dronbreen
dronbreen-20220329-DAT_0235_A1_1,1510.0,1538,96.92186737060547,538894.88766287,8668756.767920708,723.4593200683594,2022-03-29 10:09:40.750000128+00:00,0,2022-05-04,100 MHz,20220329,95.35861146450043,96.60921478271484,105.15501403808594,5.241887581329081,6.412263098144531,6,1.956552925387426,0.6774139404296875,6.738256973161284,5.6359892132457645,94.5387102556658,107.22551856513498,95.7754796743393,92.85740184783936,4.945493252697485,0.9270732118606567,9.0,9.0,0.2674649652032747,0.0,0.9648845774292504,4.952720567535335,96.04294463954257,92.58993688263608,0.9838709679403149,0.05102556715903059,certain_temperate,626.5374526977539,721.8960641622543,POINT (538894.88766287 8668756.767920708),dronbreen
dronbreen-20220329-DAT_0235_A1_1,1515.0,1543,96.60921478271484,538899.8601473031,8668755.980916834,723.3433024088541,2022-03-29 10:09:42.333333248+00:00,0,2022-05-04,100 MHz,20220329,95.0459588766098,96.29656219482422,103.27910614013672,4.7267524008591675,5.794205806732178,6,1.9503579549336814,0.5645198822021485,6.139657953057605,5.144391811361428,94.26614872713479,105.30951960782615,95.46282708644867,92.54474925994873,4.895275183669125,0.9270732118606567,9.0,9.0,0.2674649652032747,0.0,0.9648845774292504,4.902576529893029,95.73029205165194,92.27728429474546,0.9838187701905974,0.050670892985510314,certain_temperate,626.7340876261393,721.7800465027491,POINT (538899.8601473031 8668755.980916834),dronbreen
dronbreen-20220329-DAT_0235_A1_1,1520.0,1547,96.40077209472656,538904.7917088702,8668755.502888814,723.1953938802084,2022-03-29 10:09:43.666666752+00:00,0,2022-05-04,100 MHz,20220329,94.83751618862152,96.088134765625,101.7158432006836,4.363070203273602,4.867117041778564,6,1.9462280298525567,0.4516092936197917,5.261233961404763,4.798764017636363,94.09019720447162,103.71378076183697,95.25438439846039,92.33630657196045,4.87034354220263,0.9270732118606567,9.0,9.0,0.2674649652032747,0.0,0.9648845774292504,4.87768220845578,95.52184936366366,92.06884160675718,0.983783782306547,0.05052183127140176,certain_temperate,626.7946217854818,721.6321379741033,POINT (538904.7917088702 8668755.502888814),dronbreen
dronbreen-20220329-DAT_0235_A1_1,1525.0,1551,96.19234466552734,538909.4389524,8668755.114152279,723.0205426897321,2022-03-29 10:09:44.857143040+00:00,0,2022-05-04,100 MHz,20220329,94.6290887594223,95.87969207763672,101.09054565429688,3.7216433394417683,5.871467916870117,7,1.9420985734253147,0.4516010284423828,6.200792357160976,4.222122630123637,93.88577875008437,103.08445898184922,95.04595696926117,92.12787914276123,4.8455326781543135,0.9270732118606567,9.0,9.0,0.2674649652032747,0.0,0.9648845774292504,4.852908864039433,95.31342193446444,91.86041417755796,0.9837486453673556,0.05037337113470754,certain_temperate,626.8281980242048,721.4572867836271,POINT (538909.4389524 8668755.114152279),dronbreen
dronbreen-20220329-DAT_0235_A1_1,1530.0,1556,95.9839096069336,538915.2690554893,8668754.564608784,722.7901000976562,2022-03-29 10:09:46.333333248+00:00,0,2022-05-04,100 MHz,20220329,94.42065370082855,95.5670394897461,99.52729034423828,3.362206309675743,3.8628227233886716,7,1.9379691332353048,0.4516010284423828,4.3452350042996395,3.9069296281205776,93.57714807304441,101.51718176093996,94.83752191066742,91.91944408416748,4.796281218887198,0.9270732118606567,9.0,9.0,0.2674649652032747,0.0,0.9648845774292504,4.803733031535084,95.1049868758707,91.6519791189642,0.9837133545350801,0.04996963802087854,certain_temperate,626.8061904907227,721.2268441915512,POINT (538915.2690554893 8668754.564608784),dronbreen
dronbreen-20220329-DAT_0235_A1_1,1535.0,1559,95.77548217773438,538919.3397157454,8668754.185848026,722.6116536458334,2022-03-29 10:09:47.333333248+00:00,0,2022-05-04,100 MHz,20220329,94.21222627162933,95.46282958984375,98.4851303100586,3.2063840414857214,2.317693634033203,7,1.933840012656426,0.4516092936197917,3.0521126994055785,3.771549651022651,93.47695745180596,100.47100244809639,94.6290944814682,91.71101665496826,4.771843989983173,0.9270732118606567,9.0,9.0,0.2674649652032747,0.0,0.9648845774292504,4.779333904672252,94.89655944667147,91.44355168976499,0.9836779113969476,0.04982323118068852,certain_temperate,626.836171468099,721.0483977397283,POINT (538919.3397157454 8668754.185848026),dronbreen
dronbreen-20220329-DAT_0235_A1_1,1540.0,1564,95.5670394897461,538925.0116079153,8668753.682735369,722.3872680664062,2022-03-29 10:09:48.750000128+00:00,0,2022-05-04,100 MHz,20220329,94.00378358364105,95.15017700195312,96.92186737060547,2.9888260522308996,1.081579051208496,7,1.9297107593455232,0.5645198822021485,2.283041733334823,3.6021587253520004,93.13958845326013,98.93245591929846,94.42065179347992,91.50257396697998,4.747535394926811,0.9270732118606567,9.0,9.0,0.2674649652032747,0.0,0.9648845774292504,4.755063599332196,94.6881167586832,91.2351090017767,0.9836423110472856,0.049677539665087145,certain_temperate,626.8202285766602,720.8240121603012,POINT (538925.0116079153 8668753.682735369),dronbreen
dronbreen-20220329-DAT_0235_A1_1,1545.0,1568,95.25438690185547,538929.9304616433,8668753.31297911,722.1860961914062,2022-03-29 10:09:50+00:00,0,2022-05-04,100 MHz,20220329,93.69113099575043,94.9417495727539,95.5670394897461,2.8067778149019826,0.6180403244018554,7,1.923517426388269,0.6773974100748698,2.1309060005974554,3.4694074772245242,92.90243926267466,97.60634979982534,94.1079992055893,91.18992137908936,4.69931095522297,0.9270732118606567,9.0,9.0,0.2674649652032747,0.0,0.9648845774292504,4.706916290044875,94.37546417079257,90.92245641388608,0.9835886203570264,0.04933432577824331,certain_temperate,626.9317092895508,720.6228402853012,POINT (538929.9304616433 8668753.31297911),dronbreen
dronbreen-20220329-DAT_0235_A1_1,1550.0,1572,94.9417495727539,538934.6834851536,8668753.03149692,721.9808654785156,2022-03-29 10:09:51.249999872+00:00,0,2022-05-04,100 MHz,20220329,93.37849366664886,94.62909698486328,95.04595947265625,2.648052548090985,0.6180403244018554,7,1.9173247833307239,0.9032103220621747,2.207690434196021,3.3917702616930034,92.50968121379479,97.16537524372474,93.79536187648773,90.8772840499878,4.6753996074295125,0.9270732118606567,9.0,9.0,0.2674649652032747,0.0,0.9648845774292504,4.683043774807495,94.062826841691,90.60981908478452,0.9835345786954651,0.049244927847540365,certain_temperate,627.0391159057617,720.4176095724106,POINT (538934.6834851536 8668753.03149692),dronbreen
dronbreen-20220329-DAT_0235_A1_1,1555.0,1577,94.420654296875,538940.0974338988,8668752.924181314,721.7307535807291,2022-03-29 10:09:52.666666752+00:00,0,2022-05-04,100 MHz,20220329,92.85739839076996,94.31644439697266,94.62909698486328,2.3829260819146865,0.3090145065307617,7,1.907003928454263,0.9032268524169923,2.132597640276653,3.1828948210609123,92.20635370459304,96.7391876772429,93.17004954814911,90.35618877410889,4.661731700909793,0.9270732118606567,9.0,9.0,0.2674649652032747,0.0,0.9648845774292504,4.669398243765303,93.43751451335238,90.08872380890561,0.9834437081828528,0.049371948707880114,certain_temperate,627.3100992838541,720.1674976746241,POINT (538940.0974338988 8668752.924181314),dronbreen
dronbreen-20220329-DAT_0235_A1_1,1560.0,1582,94.10800170898438,538945.2742093167,8668752.825545298,721.5026245117188,2022-03-29 10:09:54+00:00,0,2022-05-04,100 MHz,20220329,92.54474580287933,93.58692169189453,94.10800170898438,2.0980674892756226,0.7725532333374023,7,1.9008120354899065,0.6774056752522787,2.1607413869936756,2.9109881539921445,91.56901068217996,96.12591271869894,92.85739696025848,90.04353618621826,4.7096999016382775,0.9270732118606567,9.0,9.0,0.2674649652032747,0.0,0.9648845774292504,4.717288487161114,93.12486192546176,89.77607122101499,0.9833887036413844,0.050045690229427627,certain_temperate,627.3946228027344,719.9393686056137,POINT (538945.2742093167 8668752.825545298),dronbreen
dronbreen-20220329-DAT_0235_A1_1,1565.0,1586,93.79535675048828,538950.0569406908,8668752.750996068,721.3090907505581,2022-03-29 10:09:55.285714432+00:00,0,2022-05-04,100 MHz,20220329,92.23210084438324,93.17005920410156,93.89957427978516,1.9112768605476729,0.9270661422729491,7,1.8946206953320621,0.7903079986572266,2.2524710750797636,2.8048446569439647,91.11721378568299,95.95241969820373,92.54475200176239,89.73089122772217,4.733884566234526,0.9270732118606567,9.0,9.0,0.2674649652032747,0.0,0.9648845774292504,4.741434444769286,92.81221696696566,89.4634262625189,0.9833333337569836,0.05047035088130716,certain_temperate,627.5137340000698,719.745834844453,POINT (538950.0569406908 8668752.750996068),dronbreen
dronbreen-20220329-DAT_0235_A1_1,1570.0,1591,93.37848663330078,538955.1335095012,8668752.764698526,721.0878819056919,2022-03-29 10:09:56.714285568+00:00,0,2022-05-04,100 MHz,20220329,91.81523072719574,92.75318145751953,93.58692169189453,1.6526752403769684,0.9270774536132812,7,1.8863660054109896,0.7903162638346355,2.245539825576433,2.6295079298999693,90.70794882936895,95.63215432004512,92.12788188457489,89.31402111053467,4.802975793681706,0.9270732118606567,9.0,9.0,0.2674649652032747,0.0,0.9648845774292504,4.810417235781487,92.39534684977816,89.0465561453314,0.9832589286626161,0.051435571156160306,certain_temperate,627.7093952723911,719.5246259995869,POINT (538955.1335095012 8668752.764698526),dronbreen
dronbreen-20220329-DAT_0235_A1_1,1575.0,1595,93.06583404541016,538959.5707484887,8668752.68020055,720.9132690429688,2022-03-29 10:09:58+00:00,0,2022-05-04,100 MHz,20220329,91.50257813930511,92.54474639892578,93.37848663330078,1.419874738461812,0.7725645446777343,7,1.8801754669783162,0.9032185872395834,2.2243470005049377,2.52327324637745,90.45887401477516,95.4643590174514,91.81522929668427,89.00136852264404,4.827411448371082,0.9270732118606567,9.0,9.0,0.2674649652032747,0.0,0.9648845774292504,4.834815280801882,92.08269426188754,88.73390355744077,0.9832026874079023,0.05187093091558837,certain_temperate,627.8474349975586,719.3500131368637,POINT (538959.5707484887 8668752.68020055),dronbreen
dronbreen-20220329-DAT_0235_A1_1,1580.0,1600,92.54474639892578,538965.1680086531,8668752.655816145,720.7130533854166,2022-03-29 10:09:59.666666752+00:00,0,2022-05-04,100 MHz,20220329,90.98149049282074,92.23210144042969,92.85739135742188,1.2312220291669926,0.6180403244018554,7,1.8698588274029124,1.1290232340494792,2.270030691428398,2.5073837326078006,90.0478245583838,95.04166823946777,91.29414165019989,88.48028087615967,4.876658063121853,0.9270732118606567,9.0,9.0,0.2674649652032747,0.0,0.9648845774292504,4.8839872412018615,91.56160661540316,88.2128159109564,0.9831081075162664,0.05269513670825142,certain_temperate,628.1683069864908,719.1497974793116,POINT (538965.1680086531 8668752.655816145),dronbreen
dronbreen-20220329-DAT_0235_A1_1,1585.0,1605,92.0236587524414,538969.8257834724,8668752.790390441,720.5608520507812,2022-03-29 10:10:01+00:00,0,2022-05-04,100 MHz,20220329,90.46040284633636,91.91944885253906,92.33631896972656,1.0505739488453345,0.46355003814697265,7,1.8595433600952451,0.9032185872395834,2.1186278489332295,2.3189245236535543,89.85215464889765,94.40361317336797,90.77305400371552,87.9591932296753,4.926392044815938,0.9270732118606567,9.0,9.0,0.2674649652032747,0.0,0.9648845774292504,4.933647341150049,91.04051896891879,87.69172826447202,0.9830124564997959,0.05353397280224136,certain_temperate,628.5371932983398,718.9975961446762,POINT (538969.8257834724 8668752.790390441),dronbreen
dronbreen-20220329-DAT_0235_A1_1,1590.0,1610,91.71100616455078,538974.8271310024,8668752.779843712,720.4505411783854,2022-03-29 10:10:02.333333248+00:00,0,2022-05-04,100 MHz,20220329,90.14775025844574,90.87727355957031,92.12788391113281,0.970208572787438,0.6180516357421875,7,1.8533546505420133,0.7903079986572266,2.1074861845029713,2.2362501801313592,88.86245093873559,94.14270653196753,90.46040141582489,87.64654064178467,4.970290604704909,1.0815852370977401,9.0,9.0,0.2674649652032747,0.0,1.1141652178734371,4.9774819138625785,90.72786638102816,87.3790756765814,0.9829545441547092,0.054195137667414274,certain_temperate,628.7395350138346,718.8872852722803,POINT (538974.8271310024 8668752.779843712),dronbreen
dronbreen-20220329-DAT_0235_A1_1,1595.0,1614,91.29414367675781,538979.9163897244,8668753.050978618,720.3178914388021,2022-03-29 10:10:03.666666752+00:00,0,2022-05-04,100 MHz,20220329,89.73088777065277,90.14775848388672,92.0236587524414,0.9527230836558898,0.6180403244018554,7,1.8451038637076773,0.5645033518473307,2.0260913465840136,2.1519185803014618,88.21823203884486,93.95318519748326,90.04353892803192,87.2296781539917,4.995568728046727,1.0815852370977401,9.0,9.0,0.2674649652032747,0.0,1.1141652178734371,5.002723700570479,90.3110038932352,86.96221318878843,0.9828767120962325,0.05471948721852712,certain_temperate,629.0237477620443,718.7546355326971,POINT (538979.9163897244 8668753.050978618),dronbreen
dronbreen-20220329-DAT_0235_A1_1,1600.0,1618,91.18992614746094,538984.9346288743,8668753.785284713,720.1502075195312,2022-03-29 10:10:05+00:00,0,2022-05-04,100 MHz,20220329,89.6266702413559,89.8351058959961,91.71100616455078,1.3892425033407259,0.9270717979431152,8,1.8430412508437655,0.5645033518473307,2.1389079468504724,2.376017638749138,87.90755172384979,93.63856033669708,89.93932139873505,87.12546062469482,5.046462999985176,1.0815852370977401,9.0,9.0,0.2674649652032747,0.0,1.1141652178734371,5.053545915278753,90.20678636393832,86.85799565949155,0.9828571425359295,0.055340136933817306,certain_temperate,628.9602813720703,718.5869516134262,POINT (538984.9346288743 8668753.785284713),dronbreen
dronbreen-20220329-DAT_0235_A1_1,1605.0,1623,90.77306365966797,538989.3007081875,8668755.260599395,719.9274444580078,2022-03-29 10:10:06.249999872+00:00,0,2022-05-04,100 MHz,20220329,89.20980775356293,90.04354095458984,91.29414367675781,1.532428810574291,1.1588411613464356,8,1.8347914416807305,0.5645116170247396,2.2423304478714763,2.4563124922735047,88.12387093080432,93.21381370054334,89.52245891094208,86.70859813690186,5.046462999985175,1.0815852370977401,9.0,9.0,0.2674649652032747,0.0,1.1141652178734371,5.053545915278752,89.78992387614535,86.44113317169858,0.9827784163816912,0.05559427870481147,certain_temperate,629.1543807983398,718.3641885519028,POINT (538989.3007081875 8668755.260599395),dronbreen
dronbreen-20220329-DAT_0235_A1_1,1610.0,1628,90.66883850097656,538993.5560837447,8668758.128351748,719.5990600585938,2022-03-29 10:10:07.666666752+00:00,0,2022-05-04,100 MHz,20220329,89.10558259487152,89.52245330810547,91.18992614746094,1.54754500639432,0.9270774536132812,8,1.832728924321998,0.2258129119873047,2.0662428188053648,2.4093115880024008,87.67586543278877,93.03651402277764,89.41823375225067,86.60437297821045,5.046462999985176,1.0815852370977401,9.0,9.0,0.2674649652032747,0.0,1.1141652178734371,5.053545915278753,89.68569871745395,86.33690801300718,0.9827586199189239,0.055658185142967526,certain_temperate,628.9302215576172,718.0358041524887,POINT (538993.5560837447 8668758.128351748),dronbreen
dronbreen-20220329-DAT_0235_A1_1,1615.0,1632,90.56462097167969,538996.8091843993,8668761.664951375,719.2394714355469,2022-03-29 10:10:09+00:00,0,2022-05-04,100 MHz,20220329,89.00136506557465,89.4182357788086,91.39835357666016,1.3819671338328547,1.4678613235473632,8,1.8306666077409077,0.11291058858235677,2.3491926048916962,2.296502163880063,87.58409046566909,93.23249888979966,89.3140162229538,86.50015544891357,5.046462999985176,1.0815852370977401,9.0,9.0,0.2674649652032747,0.0,1.1141652178734371,5.053545915278753,89.58148118815707,86.2326904837103,0.9827387793452602,0.05572223397879893,certain_temperate,628.6748504638672,717.6762155294418,POINT (538996.8091843993 8668761.664951375),dronbreen
dronbreen-20220329-DAT_0235_A1_1,1620.0,1636,90.77306365966797,538999.7735953649,8668765.44131896,718.8542683919271,2022-03-29 10:10:10.333333248+00:00,0,2022-05-04,100 MHz,20220329,89.20980775356293,90.14775848388672,91.18992614746094,1.3045711214087348,0.8498153434753417,8,1.8347914416807305,1.0161209106445312,2.2629952402778133,2.4699933502597875,88.05038838313818,93.28729624820947,89.52245891094208,86.70859813690186,5.020960172422172,1.0815852370977401,9.0,9.0,0.2674649652032747,0.0,1.1141652178734371,5.0280790129691555,89.78992387614535,86.44113317169858,0.9827784163816912,0.05531332721397472,certain_temperate,628.0812047322592,717.2910124858221,POINT (538999.7735953649 8668765.44131896),dronbreen
dronbreen-20220329-DAT_0235_A1_1,1625.0,1641,91.50257873535156,539002.9699588651,8668770.495971669,718.31005859375,2022-03-29 10:10:12+00:00,0,2022-05-04,100 MHz,20220329,89.93932282924652,90.35619354248047,92.12788391113281,1.3890336761607025,1.3133540702819824,8,1.8492292356783906,1.806420644124349,2.8996039770169584,2.934658219131289,87.7710814927607,94.71299596085258,90.25197398662567,87.43811321258545,5.020960172422172,1.0815852370977401,9.0,9.0,0.2674649652032747,0.0,1.1141652178734371,5.0280790129691555,90.51943895182895,87.17064824738218,0.9829157174834781,0.054872335204279324,certain_temperate,626.8074798583984,716.746802687645,POINT (539002.9699588651 8668770.495971669),dronbreen
dronbreen-20220329-DAT_0235_A1_1,1630.0,1646,92.4405288696289,539004.8954219478,8668774.769543903,717.8443400065104,2022-03-29 10:10:13.333333248+00:00,0,2022-05-04,100 MHz,20220329,90.87727296352386,92.23210144042969,93.06583404541016,1.6177259362471077,0.7725645446777343,7,1.8677956395384048,1.919331232706706,2.787355181460597,3.1288224840550964,89.55395041184259,95.74398507399725,91.18992412090302,88.3760633468628,5.020960172422172,1.0815852370977401,9.0,9.0,0.2674649652032747,0.0,1.1141652178734371,5.0280790129691555,91.45738908610629,88.10859838165952,0.9830890635826008,0.05431557168504902,certain_temperate,625.4038111368815,716.2810841004053,POINT (539004.8954219478 8668774.769543903),dronbreen
dronbreen-20220329-DAT_0235_A1_1,1635.0,1651,93.2742691040039,539005.5688604866,8668779.270526506,717.4112548828125,2022-03-29 10:10:14.750000128+00:00,0,2022-05-04,100 MHz,20220329,91.71101319789886,92.85739135742188,93.58692169189453,2.0135383732332097,0.9271000762939453,7,1.884302446730475,1.806428909301758,2.7700714190395583,3.296682862454051,90.24706932458463,96.19724372473178,92.02366435527802,89.2098035812378,5.020960172422172,1.0815852370977401,9.0,9.0,0.2674649652032747,0.0,1.1141652178734371,5.0280790129691555,92.29112932048129,88.94233861603452,0.9832402234708271,0.05383006718416239,certain_temperate,624.1369857788086,715.8479989767075,POINT (539005.5688604866 8668779.270526506),dronbreen
dronbreen-20220329-DAT_0235_A1_1,1640.0,1656,94.10800170898438,539004.7547705617,8668784.503834985,716.9625854492188,2022-03-29 10:10:16.333333248+00:00,0,2022-05-04,100 MHz,20220329,92.54474580287933,93.48271179199219,94.73330688476562,2.455718108132847,1.3905935577392576,7,1.9008120354899065,1.5806242624918623,2.8364079213447333,3.484538833196266,91.01057517492565,97.20544350183216,92.85739696025848,90.04353618621826,5.020960172422172,1.0815852370977401,9.0,9.0,0.2674649652032747,0.0,1.1141652178734371,5.0280790129691555,93.12486192546176,89.77607122101499,0.9833887036413844,0.05335316956308113,certain_temperate,622.8545837402344,715.3993295431137,POINT (539004.7547705617 8668784.503834985),dronbreen
dronbreen-20220329-DAT_0235_A1_1,1645.0,1661,94.73330688476562,539002.7902266241,8668789.331706487,716.5680541992188,2022-03-29 10:10:17.750000128+00:00,0,2022-05-04,100 MHz,20220329,93.17005097866058,94.21221923828125,95.9839096069336,2.4608723536104735,2.008656504821777,7,1.9131962192439314,1.2419172922770183,3.0393057247583353,3.355379423396154,91.93128120006409,98.26484764515075,93.48270213603973,90.66884136199951,4.995568728046727,1.0815852370977401,9.0,9.0,0.2674649652032747,0.0,1.1141652178734371,5.002723700570479,93.75016710124301,90.40137639679624,0.9834983496564034,0.05273297103544985,certain_temperate,621.8347473144531,715.0047982931137,POINT (539002.7902266241 8668789.331706487),dronbreen
dronbreen-20220329-DAT_0235_A1_1,1650.0,1665,95.25438690185547,539000.0107504139,8668793.112555081,716.29052734375,2022-03-29 10:10:19+00:00,0,2022-05-04,100 MHz,20220329,93.69113099575043,94.73330688476562,96.92186737060547,2.484090965627282,2.1631694137573243,7,1.923517426388269,1.1290232340494792,3.1070749371809656,3.3384608247145833,92.50292289256991,99.15225136280118,94.00378215312958,91.18992137908936,4.995568728046727,1.0815852370977401,9.0,9.0,0.2674649652032747,0.0,1.1141652178734371,5.002723700570479,94.27124711833285,90.92245641388608,0.9835886203570264,0.0524445003587485,certain_temperate,621.0361404418945,714.727271437645,POINT (539000.0107504139 8668793.112555081),dronbreen
dronbreen-20220329-DAT_0235_A1_1,1655.0,1669,95.77548217773438,538996.1192902455,8668796.597641716,716.0732828776041,2022-03-29 10:10:20.333333248+00:00,0,2022-05-04,100 MHz,20220329,94.21222627162933,95.35861206054688,97.75559997558594,2.531216377400704,2.472195231628418,7,1.933840012656426,1.2419172922770183,3.3754770060976527,3.4189402019674504,93.06033101693892,100.0538810191939,94.52487742900848,91.71101665496826,4.995568728046727,1.0815852370977401,9.0,9.0,0.2674649652032747,0.0,1.1141652178734371,5.002723700570479,94.79234239421176,91.44355168976499,0.9836779113969476,0.052159160303429764,certain_temperate,620.2978006998698,714.5100269714991,POINT (538996.1192902455 8668796.597641716),dronbreen
dronbreen-20220329-DAT_0235_A1_1,1660.0,1673,96.40077209472656,538992.5428739318,8668799.59562078,715.8955383300781,2022-03-29 10:10:21.500000+00:00,0,2022-05-04,100 MHz,20220329,94.83751618862152,96.29656219482422,98.69355773925781,2.5837987371646984,2.7812323608398435,7,1.9462280298525567,3.838662465413412,5.124293757440171,5.019875395040342,91.99271123695434,102.9974086971277,95.15016734600067,92.33630657196045,4.995568728046728,1.0815852370977401,9.0,9.0,0.2674649652032747,0.0,1.1141652178734371,5.002723700570479,95.41763231120395,92.06884160675718,0.983783782306547,0.051820837317961714,certain_temperate,619.4947662353516,714.3322824239731,POINT (538992.5428739318 8668799.59562078),dronbreen
dronbreen-20220329-DAT_0235_A1_1,1665.0,1678,99.31886291503906,538988.5565687688,8668802.597267572,715.7308807373047,2022-03-29 10:10:22.750000128+00:00,0,2022-05-04,100 MHz,20220329,97.75560700893402,97.65138244628906,99.94415283203125,2.735706944567824,2.7812210494995115,6,2.004059533121341,4.064475377400717,5.317086159916011,5.293421123654139,93.11969239667278,104.47584288164754,98.06825816631317,95.25439739227295,4.995568728046727,1.0815852370977401,9.0,9.0,0.2674649652032747,0.11290180683135988,1.1198709527015822,5.003997526201964,98.35857579512164,94.96407976346447,0.9842602315388739,0.05029828757020826,certain_temperate,616.4120178222656,714.1676248311996,POINT (538988.5565687688 8668802.597267572),dronbreen
dronbreen-20220329-DAT_0235_A1_1,1670.0,1682,100.15259552001953,538984.4770012031,8668805.503187016,715.5740356445312,2022-03-29 10:10:24+00:00,0,2022-05-04,100 MHz,20220329,98.48512256145477,98.69355773925781,100.88211059570312,2.659473483900843,2.703958939361572,6,2.020588269727075,1.806428909301758,3.828492693720748,3.7972044416506576,95.98321415216046,103.59245418280048,98.90199077129364,96.08812999725342,4.9636698246229365,1.0815852370977401,9.0,9.0,0.267716615896395,0.11290180683135988,1.1199310824870334,4.972166241416823,99.19254025832262,95.79758051022444,0.9833506765360719,0.04956107027331855,certain_temperate,615.4214401245117,713.9065626859665,POINT (538984.4770012031 8668805.503187016),dronbreen
dronbreen-20220329-DAT_0235_A1_1,1675.0,1686,100.98633575439453,538980.023486517,8668808.245459415,715.4556971958706,2022-03-29 10:10:25.285714432+00:00,0,2022-05-04,100 MHz,20220329,99.31886279582977,99.73572540283203,101.820068359375,2.6014617482449225,2.703964595031738,6,2.037119535923143,1.806428909301758,3.8372471824455108,3.765719670339574,97.01303529780706,104.54275846439997,99.73573100566864,96.92187023162842,4.9636698246229365,1.0815852370977401,9.0,9.0,0.267716615896395,0.0,1.114225655571973,4.970884258791318,100.00344762156503,96.65415361573203,0.9834881328636365,0.04915189552668701,certain_temperate,614.469361441476,713.7882242373058,POINT (538980.023486517 8668808.245459415),dronbreen
dronbreen-20220329-DAT_0235_A1_1,1680.0,1690,101.820068359375,538975.9795177242,8668810.68058141,715.3597848074777,2022-03-29 10:10:26.428571392+00:00,0,2022-05-04,100 MHz,20220329,100.15259540081024,100.77790069580078,102.75802612304688,2.546818274723735,2.703958939361572,6,2.0536529717269953,2.032233556111654,3.9571274556959493,3.8514603826777343,97.88870292568026,105.64722389316739,100.56946361064911,97.75560283660889,4.9636698246229365,1.0815852370977401,9.0,9.0,0.267716615896395,0.0,1.114225655571973,4.970884258791318,100.8371802265455,97.4878862207125,0.9836233368781545,0.0487494253795196,certain_temperate,613.5397164481027,713.6923118489129,POINT (538975.9795177242 8668810.68058141),dronbreen
dronbreen-20220329-DAT_0235_A1_1,1685.0,1695,102.86224365234375,538971.3468763642,8668813.49744952,715.2628936767578,2022-03-29 10:10:27.750000128+00:00,0,2022-05-04,100 MHz,20220329,101.19477069377899,102.13272094726562,104.00862884521484,2.4745047585627344,2.703958939361572,6,2.074323134826793,2.2580382029215498,4.0881471278910935,3.9401429915271415,99.06652574905485,107.07482404342562,101.61163890361786,98.79777812957764,4.9636698246229365,1.0815852370977401,9.0,9.0,0.267716615896395,0.0,1.114225655571973,4.970884258791318,101.87935551951425,98.53006151368125,0.983789261255077,0.048255508030714024,certain_temperate,612.4006500244141,713.595420718193,POINT (538971.3468763642 8668813.49744952),dronbreen
dronbreen-20220329-DAT_0235_A1_1,1690.0,1699,103.90441131591797,538967.1109515964,8668816.166297719,715.2119140625,2022-03-29 10:10:29+00:00,0,2022-05-04,100 MHz,20220329,102.23693835735321,103.17489624023438,105.05079650878906,2.4293242466510985,2.6267024848937988,6,2.09499658146809,2.2580382029215498,4.048124645606089,3.9229279240871984,100.09467754634004,108.1310152026834,102.65380656719208,99.83994579315186,4.9385033341581135,1.0815852370977401,9.0,9.0,0.267716615896395,0.0,1.114225655571973,4.945754479138428,102.92152318308847,99.57222917725547,0.9839518559660103,0.04752929420044309,certain_temperate,611.307502746582,713.5444411039352,POINT (538967.1109515964 8668816.166297719),dronbreen
dronbreen-20220329-DAT_0235_A1_1,1695.0,1703,104.94658660888672,538962.7659022802,8668818.95606331,715.2223307291666,2022-03-29 10:10:30.333333248+00:00,0,2022-05-04,100 MHz,20220329,103.27911365032196,104.2170639038086,105.98873901367188,2.3688847231541845,2.6267081405639647,6,2.115673513645861,2.258021672566732,4.058858453534526,3.8969669130898406,101.12275682626705,109.08304609121342,103.69598186016083,100.8821210861206,4.9385033341581135,1.0815852370977401,9.0,9.0,0.267716615896395,0.0,1.114225655571973,4.945754479138428,103.96369847605722,100.61440447022422,0.9841112225519152,0.047057303088502055,certain_temperate,610.2757441202799,713.5548577706019,POINT (538962.7659022802 8668818.95606331),dronbreen
dronbreen-20220329-DAT_0235_A1_1,1700.0,1707,105.98873901367188,538959.0667764279,8668821.330307204,715.2466125488281,2022-03-29 10:10:31.500000+00:00,0,2022-05-04,100 MHz,20220329,104.32126605510712,105.25923919677734,107.03091430664062,2.3122722553494652,2.626696829223633,6,2.1363532290057514,2.5967286427815757,4.266912349226198,4.080883206633638,101.8966501996911,110.39350330372687,104.73813426494598,101.92427349090576,4.9385033341581135,1.0815852370977401,9.0,9.0,0.267716615896395,0.0,1.114225655571973,4.945754479138428,105.00585088084237,101.65655687500937,0.9842674516738079,0.046594604107150266,certain_temperate,609.2578735351562,713.5791395902634,POINT (538959.0667764279 8668821.330307204),dronbreen
dronbreen-20220329-DAT_0235_A1_1,1705.0,1712,107.34356689453125,538954.270475834,8668824.448217386,715.2369384765625,2022-03-29 10:10:33+00:00,0,2022-05-04,100 MHz,20220329,105.67609393596649,106.50983428955078,108.28152465820312,2.240463660723934,2.703970250701904,6,2.1632421365756267,2.70965576171875,4.396965545140515,4.12813860032538,103.04258020476381,111.7487787429901,106.09296214580536,103.27910137176514,4.9385033341581135,1.0815852370977401,9.0,9.0,0.267716615896395,0.0,1.114225655571973,4.945754479138428,106.36067876170175,103.01138475586875,0.9844660187209625,0.04600651419577256,certain_temperate,607.8933715820312,713.5694655179977,POINT (538954.270475834 8668824.448217386),dronbreen
dronbreen-20220329-DAT_0235_A1_1,1710.0,1716,108.48995971679688,538950.003142403,8668827.209249318,715.1982828776041,2022-03-29 10:10:34.333333248+00:00,0,2022-05-04,100 MHz,20220329,106.82248675823212,107.34356689453125,111.09538269042969,4.533483591905311,2.7812323608398435,7,2.1859982945420806,2.2580382029215498,4.196734267805962,5.516321106287119,104.2007456986001,114.23820388636084,107.23935496807098,104.42549419403076,4.907339711722865,1.2360974390745163,9.0,9.0,0.267716615896395,0.0,1.2647565241237522,4.914636836296174,107.50707158396737,104.15777757813437,0.9846301633541247,0.04523312318055078,certain_temperate,606.7083231608073,713.5308099190394,POINT (538950.003142403 8668827.209249318),dronbreen
dronbreen-20220329-DAT_0235_A1_1,1715.0,1720,109.42790985107422,538946.2647807074,8668829.613406982,715.1085205078125,2022-03-29 10:10:35.500000+00:00,0,2022-05-04,100 MHz,20220329,107.76043689250946,108.28152465820312,111.92913055419922,4.070697533865585,2.9357452697753903,7,2.2046194641592756,2.2580299377441406,4.310179401197509,5.150691661681768,105.12572900868798,115.08492620371436,108.17730510234833,105.3634443283081,4.907339711722865,1.2360974390745163,9.0,9.0,0.267716615896395,0.0,1.2647565241237522,4.914636836296174,108.44502171824472,105.09572771241172,0.9847619043365252,0.04484541209277874,certain_temperate,605.6806106567383,713.4410475492477,POINT (538946.2647807074 8668829.613406982),dronbreen
dronbreen-20220329-DAT_0235_A1_1,1720.0,1725,110.57429504394531,538941.4739031701,8668832.545431487,714.9876708984375,2022-03-29 10:10:37+00:00,0,2022-05-04,100 MHz,20220329,108.90682208538055,109.42790985107422,112.97130584716797,3.5198061468235884,2.9357339584350584,7,2.2273818464255712,3.274159113566081,4.929491014845528,5.2981490260232516,105.46794169580654,116.93127400243564,109.32369029521942,106.5098295211792,4.907339711722865,1.2360974390745163,9.0,9.0,0.267716615896395,0.0,1.2647565241237522,4.914636836296174,109.59140691111581,106.24211290528281,0.9849198861462145,0.04438047477284437,certain_temperate,604.4133758544922,713.3201979398727,POINT (538941.4739031701 8668832.545431487),dronbreen
dronbreen-20220329-DAT_0235_A1_1,1725.0,1729,112.45021057128906,538937.4751253289,8668834.988614086,714.9335327148438,2022-03-29 10:10:38.249999872+00:00,0,2022-05-04,100 MHz,20220329,110.7827376127243,110.26165771484375,114.74298095703125,3.7880029359998666,3.399267029571533,8,2.2646368236454384,3.38705317179362,5.306196893246631,5.563243242454147,106.18726093353143,118.81737773834357,111.19960582256317,108.38574504852295,4.907339711722865,1.2360974390745163,9.0,9.0,0.267716615896395,0.0,1.2647565241237522,4.914636836296174,111.46732243845956,108.11802843262656,0.985171455437092,0.04364011135943407,certain_temperate,602.4833221435547,713.266059756279,POINT (538937.4751253289 8668834.988614086),dronbreen
dronbreen-20220329-DAT_0235_A1_1,1730.0,1734,113.7008056640625,538932.964685574,8668837.634133635,714.9459635416666,2022-03-29 10:10:39.666666752+00:00,0,2022-05-04,100 MHz,20220329,112.03333270549774,111.40803527832031,115.88937377929688,3.0660979144427665,3.4765234840393067,8,2.2894779499839615,2.3709405263264975,4.790541075694575,4.501558028481963,108.11211837056305,119.18529068705413,112.45020091533661,109.63634014129639,4.882408342009037,1.2360974390745163,9.0,9.0,0.267716615896395,0.0,1.2647565241237522,4.889742672630785,112.717917531233,109.3686235254,0.9853345545897764,0.042940842094245806,certain_temperate,601.2451578776041,713.2784905831019,POINT (538932.964685574 8668837.634133635),dronbreen
dronbreen-20220329-DAT_0235_A1_1,1735.0,1738,114.6387710571289,538928.542730687,8668839.987590075,714.995361328125,2022-03-29 10:10:41+00:00,0,2022-05-04,100 MHz,20220329,112.97129809856415,112.34600067138672,116.82732391357422,2.532610400772964,3.3220105751037594,8,2.308111594311576,2.1451441446940107,4.578730915265903,4.042664712218158,109.1949655187249,119.97835906623604,113.38816630840302,110.5743055343628,4.882408342009037,1.2360974390745163,9.0,9.0,0.267716615896395,0.0,1.2647565241237522,4.889742672630785,113.6558829242994,110.3065889184664,0.9854545461087175,0.04258950350729026,certain_temperate,600.3565902709961,713.3278883695602,POINT (538928.542730687 8668839.987590075),dronbreen
dronbreen-20220329-DAT_0235_A1_1,1740.0,1742,115.68093872070312,538924.2752989142,8668842.423055705,715.0062408447266,2022-03-29 10:10:42.249999872+00:00,0,2022-05-04,100 MHz,20220329,114.01346576213837,114.2219009399414,117.76527404785156,2.1649272273818654,2.9357339584350584,9,2.328817690013804,2.145135879516602,4.317815842485581,3.8356107303492135,111.05567293568923,120.93150205210374,114.43033397197723,111.61647319793701,4.882408342009037,1.2360974390745163,9.0,9.0,0.267716615896395,0.0,1.2647565241237522,4.889742672630785,114.69805058787362,111.34875658204062,0.9855855858622425,0.04220581537462269,certain_temperate,599.3253021240234,713.3387678861618,POINT (538924.2752989142 8668842.423055705),dronbreen
dronbreen-20220329-DAT_0235_A1_1,1745.0,1746,116.618896484375,538920.6688123879,8668844.492152212,714.9844970703125,2022-03-29 10:10:43.285714432+00:00,0,2022-05-04,100 MHz,20220329,114.95142352581024,115.57672119140625,118.28636169433594,1.8619439859522964,2.008656504821777,9,2.347455389755756,2.3709322611490884,3.8944277561939336,3.8208247801587034,112.24027598822205,121.62280689752014,115.36829173564911,112.55443096160889,4.882408342009037,1.2360974390745163,9.0,9.0,0.267716615896395,0.0,1.2647565241237522,4.889742672630785,115.6360083515455,112.2867143457125,0.9857015200037657,0.04186635690437354,certain_temperate,598.3656005859375,713.3170241117477,POINT (538920.6688123879 8668844.492152212),dronbreen
dronbreen-20220329-DAT_0235_A1_1,1750.0,1751,117.86949157714844,538915.6689590912,8668847.537859196,714.90576171875,2022-03-29 10:10:44.714285568+00:00,0,2022-05-04,100 MHz,20220329,116.20201861858368,117.13997650146484,118.80744934082031,1.6296822928768027,1.8541322845458983,9,2.372308331111744,2.145127614339193,3.696921128217119,3.589607732800192,113.94163016317333,122.00579567911183,116.61888682842255,113.80502605438232,4.857596990454142,1.2360974390745163,9.0,9.0,0.267716615896395,0.0,1.2647565241237522,4.864968726322519,116.88660344431894,113.53730943848593,0.9858532268507041,0.04121165642998237,certain_temperate,597.0362701416016,713.2382887601852,POINT (538915.6689590912 8668847.537859196),dronbreen
dronbreen-20220329-DAT_0235_A1_1,1755.0,1754,118.59901428222656,538912.322939575,8668849.567970412,714.865966796875,2022-03-29 10:10:45.666666752+00:00,0,2022-05-04,100 MHz,20220329,116.9315413236618,118.07791900634766,119.12010192871094,1.5112493273274223,1.08160167388916,9,2.3868075907970274,1.9193394978841147,3.248165138133249,3.4153461190590835,115.01512378243464,122.18289715262395,117.34840953350067,114.53454875946045,4.857596990454142,1.2360974390745163,9.0,9.0,0.267716615896395,0.0,1.2647565241237522,4.864968726322519,117.61612614939706,114.26683214356406,0.9859402460580597,0.04095815652307752,certain_temperate,596.2669525146484,713.1984938383102,POINT (538912.322939575 8668849.567970412),dronbreen
dronbreen-20220329-DAT_0235_A1_1,1760.0,1759,119.64118957519531,538907.6362171319,8668852.223991819,714.8597412109375,2022-03-29 10:10:47+00:00,0,2022-05-04,100 MHz,20220329,117.97371661663055,119.32853698730469,120.16226196289062,1.414414333909522,0.7725419219970703,9,2.4075227303573126,1.5806159973144531,2.9818339406137997,3.2085947915126662,116.4485174338722,123.04228151632311,118.39058482646942,115.5767240524292,4.832907969947,1.2360974390745163,9.0,9.0,0.267716615896395,0.0,1.2647565241237522,4.840317306995922,118.65830144236581,115.30900743653281,0.9860627183289854,0.040395017695051286,certain_temperate,595.2185516357422,713.1922682523727,POINT (538907.6362171319 8668852.223991819),dronbreen
dronbreen-20220329-DAT_0235_A1_1,1765.0,1763,120.05804443359375,538902.9257134002,8668854.817316005,714.9070841471354,2022-03-29 10:10:48.333333248+00:00,0,2022-05-04,100 MHz,20220329,118.39057147502899,119.74539184570312,120.99600982666016,1.3702144458465877,1.6996533096313475,9,2.415809101168283,0.9032020568847656,3.0888070418511373,2.920512831071805,117.16626261884217,123.57513905352111,118.80743968486786,115.99357891082764,4.808343389072336,1.2360974390745163,9.0,9.0,0.267716615896395,0.0,1.2647565241237522,4.815790520118442,119.07515630076425,115.72586229493125,0.9861111101181806,0.040050155837178546,certain_temperate,594.8490397135416,713.2396111885706,POINT (538902.9257134002 8668854.817316005),dronbreen
dronbreen-20220329-DAT_0235_A1_1,1770.0,1767,120.47491455078125,538898.6653160166,8668857.281863336,714.9545462472098,2022-03-29 10:10:49.571428608+00:00,0,2022-05-04,100 MHz,20220329,118.80744159221649,120.3707046508789,122.14239501953125,1.4131359912410362,2.0086678161621094,9,2.4240961231781255,1.580632527669271,3.522696069435855,3.220496007088683,117.47680741670949,125.03629225370067,119.22430980205536,116.41044902801514,4.783904934787009,1.2360974390745163,9.0,9.0,0.267716615896395,0.0,1.2647565241237522,4.791390050027917,119.49202641795175,116.14273241211875,0.9861591687798051,0.03970872237282684,certain_temperate,594.4796316964286,713.287073288645,POINT (538898.6653160166 8668857.281863336),dronbreen
dronbreen-20220329-DAT_0235_A1_1,1775.0,1771,121.51708984375,538894.7782443311,8668859.615410006,714.9887608119419,2022-03-29 10:10:50.714285568+00:00,0,2022-05-04,100 MHz,20220329,119.84961688518524,121.2044448852539,123.28878021240234,1.4554166855824424,2.008656504821777,9,2.444815176989378,3.8386789957682295,4.974663670697008,4.778160253786134,116.65333758238906,127.8398875152672,120.26648509502411,117.45262432098389,4.735413986188613,1.2360974390745163,9.0,9.0,0.267716615896395,0.0,1.2647565241237522,4.742975627917326,120.5342017109205,117.1849077050875,0.9862778728431627,0.03896911942408708,certain_temperate,593.4716709681919,713.3212878533772,POINT (538894.7782443311 8668859.615410006),dronbreen
dronbreen-20220329-DAT_0235_A1_1,1780.0,1777,124.018310546875,538889.4941761036,8668862.307429971,715.02783203125,2022-03-29 10:10:52.333333248+00:00,0,2022-05-04,100 MHz,20220329,122.35083758831024,123.28878021240234,124.64360809326172,1.357604116739896,0.9270661422729491,9,2.494549366190305,3.95156478881836,4.764146560795374,4.866285005872411,118.61570404989551,129.31668425576854,122.76770579814911,119.95384502410889,4.71136524954126,1.2360974390745163,9.0,9.0,0.267716615896395,0.0,1.2647565241237522,4.7189654269778245,123.0354224140455,119.6861284082125,0.9865546228519658,0.03798927133232083,certain_temperate,591.009521484375,713.3603590726852,POINT (538889.4941761036 8668862.307429971),dronbreen
dronbreen-20220329-DAT_0235_A1_1,1785.0,1781,125.16468811035156,538885.255084964,8668864.54224156,715.0150553385416,2022-03-29 10:10:53.666666752+00:00,0,2022-05-04,100 MHz,20220329,123.4972151517868,124.33096313476562,125.89421081542969,1.2768655390061978,0.9270774536132812,9,2.517347743142499,2.145127614339193,3.434834020255313,3.545278232580171,121.02360586018744,129.20156809000787,123.91408336162567,121.10022258758545,4.687451030680719,1.2360974390745163,9.0,9.0,0.267716615896395,0.0,1.2647565241237522,4.695089919421858,124.18179997752206,120.83250597168906,0.9866777684366167,0.03745026733536877,certain_temperate,589.8503672281901,713.3475823799769,POINT (538885.255084964 8668864.54224156),dronbreen
dronbreen-20220329-DAT_0235_A1_1,1790.0,1785,125.99842834472656,538880.9410235389,8668866.712876331,714.9589233398438,2022-03-29 10:10:55+00:00,0,2022-05-04,100 MHz,20220329,124.3309553861618,125.47733306884766,127.14480590820312,1.2387250908209255,1.2361145828247069,9,2.53393006575487,1.9193394978841147,3.4106663495783964,3.411613333439743,122.29854938852675,130.32358958852404,124.74782359600067,121.93396282196045,4.663672950803897,1.2360974390745163,9.0,9.0,0.267716615896395,0.0,1.2647565241237522,4.671350723129976,125.01554021189706,121.66624620606406,0.9867659225557749,0.03701373907652465,certain_temperate,588.9604949951172,713.291450381279,POINT (538880.9410235389 8668866.712876331),dronbreen
dronbreen-20220329-DAT_0235_A1_1,1795.0,1789,126.93638610839844,538876.9096652543,8668868.72331951,714.8724975585938,2022-03-29 10:10:56.142856960+00:00,0,2022-05-04,100 MHz,20220329,125.26891314983368,126.62373352050781,128.29119873046875,1.222914522259099,1.5451064666748047,9,2.552586618962061,2.0322252909342446,3.6101235538104843,3.4844164517418323,123.3609681166798,131.55396413429676,125.68578135967255,122.87192058563232,4.640033102864198,1.2360974390745163,9.0,9.0,0.267716615896395,0.0,1.2647565241237522,4.647749926803568,125.95349797556894,122.60420396973593,0.986863711740298,0.036554003506148354,certain_temperate,587.9361114501953,713.205024600029,POINT (538876.9096652543 8668868.72331951),dronbreen
dronbreen-20220329-DAT_0235_A1_1,1800.0,1793,127.87432861328125,538872.6253848025,8668870.877114465,714.7859903971354,2022-03-29 10:10:57.333333248+00:00,0,2022-05-04,100 MHz,20220329,126.20685565471649,127.77011108398438,129.22915649414062,1.176775846625082,1.0815903625488281,9,2.571244361650401,2.0322252909342446,3.451242517237851,3.4822461994568865,124.4927284086729,132.50653916945208,126.62372386455536,123.80986309051514,4.616533395999239,1.2360974390745163,9.0,9.0,0.267716615896395,0.0,1.2647565241237522,4.62428943544879,126.89144048045175,123.54214647461875,0.9869600648023142,0.036102112488587156,certain_temperate,586.9116617838541,713.1185174385706,POINT (538872.6253848025 8668870.877114465),dronbreen
dronbreen-20220329-DAT_0235_A1_1,1805.0,1797,128.81228637695312,538867.5603277483,8668873.33628261,714.7432250976562,2022-03-29 10:10:58.666666752+00:00,0,2022-05-04,100 MHz,20220329,127.14481341838837,128.60385131835938,130.06289672851562,1.061245070134914,1.236103271484375,9,2.5899038686142917,2.145127614339193,3.5828934994272723,3.5263884682986206,125.2409397033353,133.4258083435397,127.56168162822723,124.74782085418701,4.569963704456837,1.2360974390745163,9.0,9.0,0.267716615896395,0.0,1.2647565241237522,4.577798646345193,127.82939824412362,124.48010423829062,0.9870550162141746,0.03547770040416337,certain_temperate,585.9309387207031,713.0757521390915,POINT (538867.5603277483 8668873.33628261),dronbreen
dronbreen-20220329-DAT_0235_A1_1,1810.0,1801,129.8544464111328,538863.5094402741,8668875.37499509,714.7898101806641,2022-03-29 10:10:59.750000128+00:00,0,2022-05-04,100 MHz,20220329,128.18697345256805,129.64602661132812,130.89662170410156,1.0944201269063298,0.9270774536132812,9,2.610638025674319,2.2580299377441406,3.574017726011386,3.621033763308923,126.19434150100223,134.34830681442747,128.60384166240692,125.7899808883667,4.546898331419934,1.2360974390745163,9.0,9.0,0.267716615896395,0.0,1.2647565241237522,4.554772949631672,128.87155827830333,125.52226427247031,0.9871589074948934,0.03501534569732003,certain_temperate,584.9353637695312,713.1223372220993,POINT (538863.5094402741 8668875.37499509),dronbreen
dronbreen-20220329-DAT_0235_A1_1,1815.0,1805,130.89662170410156,538858.8008141799,8668877.797944805,714.8845825195312,2022-03-29 10:11:01+00:00,0,2022-05-04,100 MHz,20220329,129.2291487455368,130.58396911621094,131.83457946777344,0.9551654794435515,0.9270774536132812,9,2.6313742093093997,2.2580464680989585,3.58920279261439,3.5965601864327916,127.11656315764294,135.30198542634145,129.64601695537567,126.83215618133545,4.523982116351847,1.2360974390745163,9.0,9.0,0.267716615896395,0.0,1.2647565241237522,4.531896553927324,129.91373357127208,126.56443956543906,0.9872611459573482,0.03456148873405257,certain_temperate,583.9879608154297,713.2171095609665,POINT (538858.8008141799 8668877.797944805),dronbreen
dronbreen-20220329-DAT_0235_A1_1,1820.0,1809,131.9387969970703,538853.8496250412,8668880.3069662,714.9135437011719,2022-03-29 10:11:02.249999872+00:00,0,2022-05-04,100 MHz,20220329,130.27132403850555,131.5219268798828,132.8767547607422,0.9405275157852213,1.0815903625488281,9,2.6521120755378442,2.3709487915039062,3.7181896597008057,3.679631590403665,127.96452661660803,136.43415502401697,130.68819224834442,127.8743314743042,4.501217129776216,1.2360974390745163,9.0,9.0,0.267716615896395,0.0,1.2647565241237522,4.509171524328816,130.95590886424083,127.60661485840781,0.9873617692709311,0.034115947941197045,certain_temperate,582.9747467041016,713.2460707426071,POINT (538853.8496250412 8668880.3069662),dronbreen
dronbreen-20220329-DAT_0235_A1_1,1825.0,1813,133.08518981933594,538849.6304378872,8668882.744049309,714.8557332356771,2022-03-29 10:11:03.333333248+00:00,0,2022-05-04,100 MHz,20220329,131.41771686077118,132.4598846435547,133.6062774658203,1.0010645584373388,1.0043339080810547,10,2.6749256250781013,1.580632527669271,3.265319721887427,3.264315630784646,129.3528561133951,136.7133059959799,131.83458507061005,129.02072429656982,4.4786060975989015,1.2360974390745163,9.0,9.0,0.267716615896395,0.0,1.2647565241237522,4.486600579935446,132.10230168650645,128.75300768067342,0.9874706347052714,0.033652174999176394,certain_temperate,581.7705434163412,713.1882602771124,POINT (538849.6304378872 8668882.744049309),dronbreen
dronbreen-20220329-DAT_0235_A1_1,1830.0,1816,133.39784240722656,538845.7550891237,8668884.803377949,714.7852986653646,2022-03-29 10:11:04.333333248+00:00,0,2022-05-04,100 MHz,20220329,131.7303694486618,132.56410217285156,134.0231475830078,1.1321372648454324,1.081567739868164,10,2.6811478406759486,1.0161209106445312,3.0644484372450944,3.082659604150622,129.6968638764049,136.89038587945447,132.14723765850067,129.33337688446045,4.456150946411013,1.2360974390745163,9.0,9.0,0.267716615896395,0.0,1.2647565241237522,4.464185641707431,132.41495427439708,129.06566026856405,0.9875000005361824,0.03340497017041416,certain_temperate,581.3874562581381,713.1178257067999,POINT (538845.7550891237 8668884.803377949),dronbreen
dronbreen-20220329-DAT_0235_A1_1,1835.0,1820,134.0231475830078,538840.4782781325,8668887.504655816,714.7324015299479,2022-03-29 10:11:05.666666752+00:00,0,2022-05-04,100 MHz,20220329,132.35567462444305,133.08518981933594,134.75265502929688,1.422219051316908,1.3906048690795898,10,2.6935927003210187,1.2419090270996094,3.2759062209901613,3.289450819930728,130.11908468518877,137.71876016344405,132.77254283428192,129.9586820602417,4.428032606807517,1.2360974390745163,9.0,9.0,0.267716615896395,0.0,1.2647565241237522,4.436118230320017,133.04025945017833,129.6909654443453,0.9875583211658866,0.03303931213871093,certain_temperate,580.7092539469401,713.0649285713831,POINT (538840.4782781325 8668887.504655816),dronbreen
dronbreen-20220329-DAT_0235_A1_1,1840.0,1824,134.54421997070312,538836.1296254187,8668889.658926941,714.7677001953125,2022-03-29 10:11:06.750000128+00:00,0,2022-05-04,100 MHz,20220329,132.87674701213837,133.1894073486328,135.0653076171875,1.842149489349666,1.9314000503540039,10,2.7039635446895325,1.2419090270996094,3.547402294230093,3.49961021025381,130.21388102836585,138.04083393745447,133.29361522197723,130.3755373954773,4.428611709325999,1.2360974390745163,9.0,9.0,0.267716615896395,0.0,1.2647565241237522,4.436696277457627,133.56133183787364,130.1078207795809,0.9876065061811808,0.032915659329626534,certain_temperate,580.2234802246094,713.1002272367477,POINT (538836.1296254187 8668889.658926941),dronbreen
dronbreen-20220329-DAT_0235_A1_1,1845.0,1828,135.16952514648438,538831.7036915823,8668891.797699818,714.8174264090402,2022-03-29 10:11:07.857143040+00:00,0,2022-05-04,100 MHz,20220329,133.50205218791962,133.81471252441406,136.00326538085938,2.101173817532093,2.2404145568847653,10,2.7164094336698263,1.354827880859375,3.7727836122398393,3.691797693477626,130.77918311456077,139.03879479071267,133.91892039775848,131.00084257125854,4.406518214141975,1.2360974390745163,9.0,9.0,0.267716615896395,0.0,1.2647565241237522,4.414643242436698,134.1866370136549,130.73312595536214,0.9876638394878009,0.032599938553949895,certain_temperate,579.6479012625558,713.1499534504754,POINT (538831.7036915823 8668891.797699818),dronbreen
dronbreen-20220329-DAT_0235_A1_1,1850.0,1832,135.79483032226562,538827.139943013,8668894.005612731,714.8654174804688,2022-03-29 10:11:09+00:00,0,2022-05-04,100 MHz,20220329,134.12735736370087,134.12734985351562,136.31591796875,2.2341233850635085,2.2404371795654296,10,2.728855873237201,0.7903162638346355,3.6181228460849417,3.6142165781079494,131.2863545747827,139.15691324748292,134.54422557353973,131.6261477470398,4.384588629248595,1.2360974390745163,9.0,9.0,0.267716615896395,0.0,1.2647565241237522,4.39275421963978,134.81194218943614,131.3584311311434,0.9877206447800145,0.03228833247070728,certain_temperate,579.0705871582031,713.197944521904,POINT (538827.139943013 8668894.005612731),dronbreen
dronbreen-20220329-DAT_0235_A1_1,1855.0,1835,135.8990478515625,538823.2756724095,8668896.127350146,714.8819580078125,2022-03-29 10:11:10+00:00,0,2022-05-04,100 MHz,20220329,134.23157489299774,134.33578491210938,136.21170043945312,2.35345002464213,2.1631694137573243,10,2.7309303328324783,0.4516092936197917,3.5130091587531456,3.6332710407229905,131.56776550522866,138.97971984633384,134.6484431028366,131.73036527633667,4.36282522793031,1.2360974390745163,9.0,9.0,0.267716615896395,0.0,1.2647565241237522,4.371031475051647,134.916159718733,131.46264866044027,0.9877300615057577,0.03210342748461095,certain_temperate,578.98291015625,713.2144850492477,POINT (538823.2756724095 8668896.127350146),dronbreen
dronbreen-20220329-DAT_0235_A1_1,1860.0,1839,135.37796020507812,538818.5288108501,8668898.549337234,714.8940277099609,2022-03-29 10:11:11.249999872+00:00,0,2022-05-04,100 MHz,20220329,133.71048724651337,134.75265502929688,136.62855529785156,2.492607885717372,1.6996306869506834,10,2.720558186055775,0.9032185872395834,3.33256434777704,3.7987280413304902,131.88608204748564,139.4951282796628,134.12735545635223,131.2092776298523,4.36282522793031,1.2360974390745163,9.0,9.0,0.267716615896395,0.0,1.2647565241237522,4.371031475051647,134.39507207224864,130.9415610139559,0.9876828328921577,0.03222699781649286,certain_temperate,579.5160675048828,713.2265547513962,POINT (538818.5288108501 8668898.549337234),dronbreen
dronbreen-20220329-DAT_0235_A1_1,1865.0,1843,135.0653076171875,538814.3227555568,8668900.64575444,714.9214884440104,2022-03-29 10:11:12.333333248+00:00,0,2022-05-04,100 MHz,20220329,133.39783465862274,134.6484375,136.8369903564453,2.614649211734252,2.472195231628418,10,2.714335080400022,0.33870697021484375,3.687015948385442,3.784009492692223,131.91305135900228,139.57237649744303,133.8147028684616,130.89662504196167,4.341230910800935,1.2360974390745163,9.0,9.0,0.267716615896395,0.0,1.2647565241237522,4.349477900543987,134.082419484358,130.62890842606527,0.9876543208024163,0.032141717124764456,certain_temperate,579.8561808268229,713.2540154854456,POINT (538814.3227555568 8668900.64575444),dronbreen
dronbreen-20220329-DAT_0235_A1_1,1870.0,1847,135.0653076171875,538809.4939207657,8668903.041047905,714.9927019391741,2022-03-29 10:11:13.571428608+00:00,0,2022-05-04,100 MHz,20220329,133.39783465862274,134.12734985351562,136.31591796875,2.404884274849767,1.7768871414184568,10,2.714335080400022,0.7903162638346355,3.3390930862900463,3.7115607365354295,131.30029931884673,139.1429685034189,133.8147028684616,130.89662504196167,4.319808010653634,1.2360974390745163,9.0,9.0,0.267716615896395,0.0,1.2647565241237522,4.328095820951094,134.082419484358,130.62890842606527,0.9876543208024163,0.031983105705405614,certain_temperate,579.9273943219866,713.3252289806094,POINT (538809.4939207657 8668903.041047905),dronbreen
dronbreen-20220329-DAT_0235_A1_1,1875.0,1851,134.33578491210938,538805.0837871978,8668905.253457293,715.0793021065848,2022-03-29 10:11:14.714285568+00:00,0,2022-05-04,100 MHz,20220329,132.66831195354462,133.6062774658203,135.79483032226562,2.187975550004905,1.6996306869506834,10,2.699815038698208,1.0161209106445312,3.3481707573322077,3.620599391765035,130.7215759304392,138.67953185764674,133.08518016338348,130.16710233688354,4.298558703096944,1.2360974390745163,9.0,9.0,0.267716615896395,0.0,1.2647565241237522,4.306887403960951,133.3528967792799,129.89938572098714,0.9875872764680258,0.031998612327380396,certain_temperate,580.7435171944754,713.41182914802,POINT (538805.0837871978 8668905.253457293),dronbreen
dronbreen-20220329-DAT_0235_A1_1,1880.0,1854,134.12734985351562,538801.4342763725,8668907.097879814,715.1568196614584,2022-03-29 10:11:15.666666752+00:00,0,2022-05-04,100 MHz,20220329,132.45987689495087,133.08518981933594,135.16952514648438,1.9849583420695092,1.7768871414184568,10,2.695666595017075,0.6773974100748698,3.298910965152795,3.415486094601825,130.30571403374847,137.94900093207184,132.87674510478973,129.9586672782898,4.298558703096944,1.2360974390745163,9.0,9.0,0.267716615896395,0.0,1.2647565241237522,4.306887403960951,133.14446172068614,129.6909506623934,0.9875679869885907,0.03204833844694259,certain_temperate,581.0294698079427,713.4893467028936,POINT (538801.4342763725 8668907.097879814),dronbreen
dronbreen-20220329-DAT_0235_A1_1,1885.0,1859,133.7104949951172,538796.3019487996,8668909.679425577,715.2745971679688,2022-03-29 10:11:17+00:00,0,2022-05-04,100 MHz,20220329,132.04302203655243,132.8767547607422,134.12734985351562,1.7350028456659121,1.5451177780151366,10,2.6873701994209327,1.1290067036946614,3.2990913406060196,3.3921747596773373,129.96185944088538,137.04224517337244,132.4598902463913,129.54181241989136,4.277486550768974,1.2360974390745163,9.0,9.0,0.267716615896395,0.0,1.2647565241237522,4.28585620132506,132.7276068622877,129.27409580399495,0.987529229036018,0.03199065676127501,certain_temperate,581.5641021728516,713.607124209404,POINT (538796.3019487996 8668909.679425577),dronbreen
dronbreen-20220329-DAT_0235_A1_1,1890.0,1862,133.08518981933594,538792.3333184496,8668911.426081972,715.3510131835938,2022-03-29 10:11:18+00:00,0,2022-05-04,100 MHz,20220329,131.41771686077118,132.25144958496094,133.6062774658203,1.6406253146596683,1.6996306869506834,10,2.6749256250781013,1.6935348510742188,3.5933315827414116,3.5658012864718898,129.08549200604386,136.77223504473739,131.83458507061005,128.9165072441101,4.256593209512833,1.2360974390745163,9.0,9.0,0.267716615896395,0.0,1.2647565241237522,4.265003861393068,132.10230168650645,128.6487906282137,0.9874706347052714,0.031983973688516264,certain_temperate,582.2658233642578,713.683540225029,POINT (538792.3333184496 8668911.426081972),dronbreen
dronbreen-20220329-DAT_0235_A1_1,1895.0,1866,132.14723205566406,538787.3226369701,8668913.913692093,715.37109375,2022-03-29 10:11:19.285714432+00:00,0,2022-05-04,100 MHz,20220329,130.4797590970993,131.31350708007812,133.39784240722656,1.539685091034903,1.6996419982910156,10,2.6562598472268126,2.4838511149088545,4.014226657698597,3.9491597734934105,127.67685577193441,137.03449371537027,130.89662730693817,127.97854948043823,4.235881718283745,1.2360974390745163,9.0,9.0,0.267716615896395,0.0,1.2647565241237522,4.244333412647677,131.16434392283458,127.71083286454184,0.9873817034785687,0.0320542598765858,certain_temperate,583.2238616943359,713.7036207914352,POINT (538787.3226369701 8668913.913692093),dronbreen
dronbreen-20220329-DAT_0235_A1_1,1900.0,1870,130.7924041748047,538782.8687130839,8668916.124916587,715.389892578125,2022-03-29 10:11:20.428571392+00:00,0,2022-05-04,100 MHz,20220329,129.12493121623993,130.7924041748047,133.08518981933594,1.481858973425098,1.9314113616943358,10,2.629300514572305,2.1451441446940107,3.9045120624128122,3.702805775971199,127.39904822568217,136.47854576845845,129.5417994260788,126.62372159957886,4.235881718283745,1.2360974390745163,9.0,9.0,0.267716615896395,0.0,1.2647565241237522,4.244333412647677,129.8095160419752,126.35600498368247,0.9872509954298556,0.03238629754540232,certain_temperate,584.5974884033203,713.7224196195602,POINT (538782.8687130839 8668916.124916587),dronbreen
dronbreen-20220329-DAT_0235_A1_1,1905.0,1874,130.16709899902344,538778.0436401467,8668918.520420663,715.4041748046875,2022-03-29 10:11:21.666666752+00:00,0,2022-05-04,100 MHz,20220329,128.49962604045868,129.3333740234375,131.9387969970703,1.480754819871939,1.9313887390136717,10,2.6168587017125375,1.1290067036946614,3.4427994514500746,3.2117348019863177,126.48335549688085,134.78881552362697,128.91649425029755,125.99841642379761,4.2153549445438845,1.2360974390745163,9.0,9.0,0.267716615896395,0.0,1.2647565241237522,4.2238477120887765,129.18421086619395,125.73069980790122,0.9871897509325511,0.032384181386538466,certain_temperate,585.2370758056641,713.7367018461227,POINT (538778.0436401467 8668918.520420663),dronbreen
dronbreen-20220329-DAT_0235_A1_1,1910.0,1877,129.750244140625,538774.1720702351,8668920.456001645,715.4147135416666,2022-03-29 10:11:22.666666752+00:00,0,2022-05-04,100 MHz,20220329,128.08277118206024,128.39541625976562,130.7924041748047,1.5349790724226116,2.1631807250976562,10,2.6085648049877386,1.2419090270996094,3.6091964788365622,3.271560656045918,125.5063076821223,133.68151275244801,128.4996393918991,125.58156156539917,4.215354944543884,1.2360974390745163,9.0,9.0,0.267716615896395,0.0,1.2647565241237522,4.223847712088776,128.7673560077955,125.31384494950278,0.9871485948284033,0.03248822360577008,certain_temperate,585.6644694010416,713.7472405831019,POINT (538774.1720702351 8668920.456001645),dronbreen
dronbreen-20220329-DAT_0235_A1_1,1915.0,1882,129.02072143554688,538768.9940146717,8668922.850251384,715.4697875976562,2022-03-29 10:11:24+00:00,0,2022-05-04,100 MHz,20220329,127.35324847698212,127.3532485961914,129.02072143554688,1.5762875990610739,1.7768871414184568,10,2.594050620920801,1.806420644124349,3.626235248954,3.532270765721669,124.19219589694417,132.1817741347941,127.77011668682098,124.85203886032104,4.195015221419402,1.2360974390745163,9.0,9.0,0.267716615896395,0.0,1.2647565241237522,4.203549083140042,128.0378333027174,124.58432224442465,0.9870759290444849,0.03251427503073642,certain_temperate,586.4490661621094,713.8023146390915,POINT (538768.9940146717 8668922.850251384),dronbreen
dronbreen-20220329-DAT_0235_A1_1,1920.0,1885,128.08277893066406,538765.1406097965,8668924.600298192,715.49951171875,2022-03-29 10:11:25+00:00,0,2022-05-04,100 MHz,20220329,126.4153059720993,126.93638610839844,128.60385131835938,1.549532232946099,1.62237423248291,10,2.57539109718127,1.806428909301758,3.5394805915594727,3.5066900132091243,123.79062313134474,131.74961429541307,126.83217418193817,123.91409635543823,4.1748656577664685,1.2360974390745163,9.0,9.0,0.267716615896395,0.0,1.2647565241237522,4.183440623078672,127.09989079783456,123.64637973954184,0.9869812868483481,0.03259505838818876,certain_temperate,587.4167327880859,713.8320387601852,POINT (538765.1406097965 8668924.600298192),dronbreen
dronbreen-20220329-DAT_0235_A1_1,1925.0,1889,127.3532485961914,538759.9789459883,8668926.87099934,715.5295817057291,2022-03-29 10:11:26.333333248+00:00,0,2022-05-04,100 MHz,20220329,125.68577563762665,126.31108093261719,127.97855377197266,1.3509850280608642,0.6180459800720215,10,2.560878749804709,1.580632527669271,3.0722109289908244,3.2987360768591496,123.30167913845153,130.9879555661383,126.10264384746552,123.18456602096558,4.16904419159013,1.3906099945306778,9.0,9.0,0.267716615896395,0.0,1.4161455939682295,4.1776311060047435,126.3703604633619,122.91684940506919,0.9869067104534417,0.03273606474546428,certain_temperate,588.1763331095377,713.8621087471644,POINT (538759.9789459883 8668926.87099934),dronbreen
dronbreen-20220329-DAT_0235_A1_1,1930.0,1893,126.62373352050781,538755.3616255705,8668928.692157617,715.55224609375,2022-03-29 10:11:27.500000+00:00,0,2022-05-04,100 MHz,20220329,124.95626056194305,125.68577575683594,126.93638610839844,1.1923124680219295,1.0043225967407226,10,2.5463676003807914,1.6935348510742188,3.2188060094382878,3.282324979259755,122.62766388051878,129.9944979847156,125.37312877178192,122.45505094528198,4.149095539056204,1.3906099945306778,9.0,9.0,0.267716615896395,0.0,1.4161455939682295,4.157723653472307,125.64084538767831,122.18733432938559,0.9868312763160257,0.03276712369552918,certain_temperate,588.9285125732422,713.8847731351852,POINT (538755.3616255705 8668928.692157617),dronbreen
dronbreen-20220329-DAT_0235_A1_1,1935.0,1897,125.78998565673828,538751.3216828208,8668930.25079932,715.5597534179688,2022-03-29 10:11:28.500000+00:00,0,2022-05-04,100 MHz,20220329,124.12251269817352,125.06047058105469,125.99842834472656,1.1429109505589654,1.236103271484375,10,2.529784219377014,2.145135879516602,3.539684652052045,3.5082276977280182,121.74363230670389,129.31526661907736,124.53938090801239,121.62130308151245,4.12934295246526,1.3906099945306778,9.0,9.0,0.267716615896395,0.0,1.4161455939682295,4.138012252942411,124.80709752390878,121.35358646561606,0.9867439927760622,0.03282727898334934,certain_temperate,589.7697677612305,713.892280459404,POINT (538751.3216828208 8668930.25079932),dronbreen
dronbreen-20220329-DAT_0235_A1_1,1940.0,1901,124.64360809326172,538746.4868815573,8668932.065737387,715.5555419921875,2022-03-29 10:11:29.666666752+00:00,0,2022-05-04,100 MHz,20220329,122.97613513469696,124.43517303466797,125.37312316894531,1.136341847197457,0.8498096878051757,10,2.5069845662473966,1.806420644124349,3.204731449655151,3.292324399662555,121.34516864002364,128.46312756358964,123.39300334453583,120.47492551803589,4.149095539056204,1.3906099945306778,9.0,9.0,0.267716615896395,0.0,1.4161455939682295,4.157723653472307,123.66071996043222,120.2072089021395,0.9866220740551965,0.03328767196751669,certain_temperate,590.9119338989258,713.8880690336227,POINT (538746.4868815573 8668932.065737387),dronbreen
dronbreen-20220329-DAT_0235_A1_1,1945.0,1905,124.12252044677734,538741.0054179541,8668934.32731909,715.5599975585938,2022-03-29 10:11:31+00:00,0,2022-05-04,100 MHz,20220329,122.45504748821259,123.60143280029297,124.74781036376953,1.222103386355633,1.3133540702819824,10,2.4966217240151267,0.7903162638346355,2.9296106812394123,2.8898540649395614,120.9827079522599,127.3665352118026,122.87191569805145,119.95383787155151,4.193396928632532,1.3906099945306778,9.0,9.0,0.267716615896395,0.0,1.4161455939682295,4.2019340770045135,123.13963231394784,119.68612125565512,0.9865659112257573,0.03378433594112056,certain_temperate,591.4374771118164,713.892524600029,POINT (538741.0054179541 8668934.32731909),dronbreen
dronbreen-20220329-DAT_0235_A1_1,1950.0,1908,123.9140853881836,538736.8940842368,8668935.69786937,715.6119384765625,2022-03-29 10:11:32+00:00,0,2022-05-04,100 MHz,20220329,122.24661242961884,123.80986785888672,124.33096313476562,1.2108455299256455,1.0043339080810547,10,2.492476724672875,0.33870697021484375,2.7084772905877403,2.79164996588918,121.29448267273567,126.84634832091668,122.76769769191742,119.74540281295776,4.221469888205706,1.3906099945306778,9.0,9.0,0.267716615896395,0.0,1.4161455939682295,4.229950378367874,123.03541430781381,119.47768619706137,0.9865433138344112,0.034067716151728655,certain_temperate,591.6978530883789,713.9444655179977,POINT (538736.8940842368 8668935.69786937),dronbreen
dronbreen-20220329-DAT_0235_A1_1,1955.0,1912,123.80986785888672,538732.1923807232,8668937.370479913,715.6900983537946,2022-03-29 10:11:33.142856960+00:00,0,2022-05-04,100 MHz,20220329,122.14239490032196,123.4972152709961,124.43517303466797,1.110834535199479,1.0043339080810547,10,2.4904042546731238,0.4516092936197917,2.723004022159925,2.764058188672881,120.9661948629832,126.96619344268086,122.66348016262054,119.64118528366089,4.262011947023177,1.3906099945306778,9.0,9.0,0.267716615896395,0.0,1.4161455939682295,4.270411926617304,122.93119677851693,119.3734686677645,0.9865319866065501,0.03442384698997369,certain_temperate,591.8802304949079,714.0226253952299,POINT (538732.1923807232 8668937.370479913),dronbreen
dronbreen-20220329-DAT_0235_A1_1,1960.0,1916,123.4972152709961,538727.3066819134,8668939.144144258,715.7778930664062,2022-03-29 10:11:34.333333248+00:00,0,2022-05-04,100 MHz,20220329,121.82974231243134,123.28878021240234,123.9140853881836,1.082162828875208,0.54080083694458,10,2.484186963953458,0.4516010284423828,2.5821684503545614,2.7470356293586202,120.76387855872026,126.43898704186567,122.35082757472992,119.32853269577026,4.282561844651353,1.3906099945306778,9.0,9.0,0.267716615896395,0.0,1.4161455939682295,4.290921595612138,122.61854419062631,119.06081607987387,0.9864978902163443,0.03467739604697898,certain_temperate,592.2806777954102,714.1104201078415,POINT (538727.3066819134 8668939.144144258),dronbreen
dronbreen-20220329-DAT_0235_A1_1,1965.0,1920,123.39300537109375,538722.5295211675,8668940.96082189,715.8893432617188,2022-03-29 10:11:35.500000+00:00,0,2022-05-04,100 MHz,20220329,121.72553241252899,122.76769256591797,123.4972152709961,1.1588986995441284,0.7725645446777343,10,2.4821147253510074,0.5645033518473307,2.6601529128499912,2.7968917998121148,120.222195061686,126.04271277522807,122.24661767482758,119.22432279586792,4.324205559974568,1.3906099945306778,9.0,9.0,0.267716615896395,0.0,1.4161455939682295,4.332484958005277,122.51433429072397,118.95660617997153,0.9864864871914742,0.03504417083423728,certain_temperate,592.496337890625,714.221870303154,POINT (538722.5295211675 8668940.96082189),dronbreen
dronbreen-20220329-DAT_0235_A1_1,1970.0,1924,122.97613525390625,538717.7488145971,8668942.901468107,716.0134073893229,2022-03-29 10:11:36.666666752+00:00,0,2022-05-04,100 MHz,20220329,121.30866229534149,122.45503997802734,123.28878021240234,1.2904973089743101,0.9270774536132812,10,2.473825365056074,0.5645198822021485,2.701475011765689,2.8467310970069306,119.9176210858859,125.82619910454379,121.82974755764008,118.80745267868042,4.339736670098322,1.3906099945306778,9.0,9.0,0.267716615896395,0.0,1.4161455939682295,4.347986494024917,122.09746417353647,118.53973606278403,0.9864406784688593,0.035289258856103733,certain_temperate,593.0372721354166,714.3459344307581,POINT (538717.7488145971 8668942.901468107),dronbreen
dronbreen-20220329-DAT_0235_A1_1,1975.0,1928,122.87191009521484,538713.3577322091,8668944.651727559,716.1280364990234,2022-03-29 10:11:37.750000128+00:00,0,2022-05-04,100 MHz,20220329,121.20443713665009,122.87191009521484,123.39300537109375,1.297444453947816,0.6953080902099609,10,2.4717529237726463,0.4516092936197917,2.607099309687649,2.827874746402736,120.35923950990876,125.90567595639983,121.72552239894867,118.70322751998901,4.360992494697111,1.3906099945306778,9.0,9.0,0.267716615896395,0.0,1.4161455939682295,4.36920218406422,121.99323901484506,118.43551090409262,0.9864291768779975,0.035492184432696854,certain_temperate,593.2561264038086,714.4605635404587,POINT (538713.3577322091 8668944.651727559),dronbreen
dronbreen-20220329-DAT_0235_A1_1,1980.0,1932,123.39300537109375,538708.3489835112,8668946.508331116,716.1783752441406,2022-03-29 10:11:39+00:00,0,2022-05-04,100 MHz,20220329,121.72553241252899,122.76769256591797,124.22673797607422,1.3832967813711683,1.3133597259521483,10,2.4821147253510074,0.5645198822021485,2.8643480893492916,2.897082358607996,120.2221913957737,126.77223914621848,122.24661767482758,119.22432279586792,4.404018660515637,1.3906099945306778,9.0,9.0,0.267716615896395,0.0,1.4161455939682295,4.4121482917731765,122.51433429072397,118.95660617997153,0.9864864871914742,0.03569099113252759,certain_temperate,592.7853698730469,714.5109022855759,POINT (538708.3489835112 8668946.508331116),dronbreen
dronbreen-20220329-DAT_0235_A1_1,1985.0,1935,123.39300537109375,538704.3501975804,8668947.975245101,716.2023315429688,2022-03-29 10:11:40+00:00,0,2022-05-04,100 MHz,20220329,121.72553241252899,123.0803451538086,124.43517303466797,1.4253978733114698,1.1588524726867675,10,2.4821147253510074,0.33870697021484375,2.7601729972827176,2.8822517271600843,120.57522720818679,126.94029098028977,122.24661767482758,119.22432279586792,4.425783804821594,1.3906099945306778,9.0,9.0,0.267716615896395,0.0,1.4161455939682295,4.433873529257248,122.51433429072397,118.95660617997153,0.9864864871914742,0.035867379933825536,certain_temperate,592.809326171875,714.534858584404,POINT (538704.3501975804 8668947.975245101),dronbreen
dronbreen-20220329-DAT_0235_A1_1,1990.0,1940,123.70565795898438,538699.4257960246,8668949.57068115,716.2378540039062,2022-03-29 10:11:41.333333248+00:00,0,2022-05-04,100 MHz,20220329,122.03818500041962,123.4972152709961,124.95625305175781,1.401190987049843,1.622368576812744,10,2.4883319562361637,0.7903079986572266,3.073835138096559,2.963059034065538,120.88639496749612,127.56707335525779,122.5592702627182,119.53697538375854,4.447713770967923,1.3906099945306778,9.0,9.0,0.267716615896395,0.0,1.4161455939682295,4.455763680322905,122.82698687861459,119.26925876786215,0.9865206411244535,0.03595400440327959,certain_temperate,592.5321960449219,714.5703810453415,POINT (538699.4257960246 8668949.57068115),dronbreen
dronbreen-20220329-DAT_0235_A1_1,1995.0,1944,124.12252044677734,538695.0615103084,8668951.05815227,716.3013305664062,2022-03-29 10:11:42.500000+00:00,0,2022-05-04,100 MHz,20220329,122.45504748821259,123.4972152709961,125.26890563964844,1.4656431795701326,1.776892797088623,10,2.4966217240151267,0.7903079986572266,3.1646571343371916,3.0009692926430125,120.8784929173347,127.88762799330983,122.97613275051117,119.95383787155151,4.492058903550038,1.3906099945306778,9.0,9.0,0.267716615896395,0.0,1.4161455939682295,4.500029486502304,123.24384936640756,119.68612125565512,0.9865659112257573,0.03619052277846866,certain_temperate,592.1788101196289,714.6338576078415,POINT (538695.0615103084 8668951.05815227),dronbreen
dronbreen-20220329-DAT_0235_A1_1,2000.0,1949,124.43517303466797,538689.374444945,8668953.127957374,716.4425659179688,2022-03-29 10:11:44+00:00,0,2022-05-04,100 MHz,20220329,122.76770007610321,123.4972152709961,124.95625305175781,1.444118492504795,1.6996419982910156,10,2.502839370648285,0.6773974100748698,3.1002991934324537,2.967920212343581,120.90432650237464,127.54914182037926,123.2887853384018,120.26649045944214,4.537034405907779,1.3906099945306778,9.0,9.0,0.267716615896395,0.0,1.4161455939682295,4.544926114560936,123.55650195429818,119.99877384354575,0.9865996653687282,0.036461028624468976,certain_temperate,592.0073928833008,714.775092959404,POINT (538689.374444945 8668953.127957374),dronbreen
dronbreen-20220329-DAT_0235_A1_1,2005.0,1952,124.74781036376953,538685.606004285,8668954.601544904,716.5132141113281,2022-03-29 10:11:45+00:00,0,2022-05-04,100 MHz,20220329,123.08033740520477,123.60143280029297,124.95625305175781,1.4720491672195664,1.776892797088623,10,2.5090568897938526,0.0,3.0745267096851556,2.909002445329639,121.09237591049911,127.46530994155167,123.60142266750336,120.5791277885437,4.582621703590887,1.3906099945306778,9.0,9.0,0.267716615896395,0.0,1.4161455939682295,4.590435040892014,123.86913928339975,120.31141117264731,0.9866332486822627,0.03673508729514195,certain_temperate,591.7654037475586,714.8457411527634,POINT (538685.606004285 8668954.601544904),dronbreen
dronbreen-20220329-DAT_0235_A1_1,2010.0,1956,124.43517303466797,538680.6206921581,8668956.536446214,716.5917561848959,2022-03-29 10:11:46.333333248+00:00,0,2022-05-04,100 MHz,20220329,122.76770007610321,123.70565795898438,125.37312316894531,1.565798250677279,1.5451121223449706,10,2.502839370648285,0.5644950866699219,2.9950344052713262,3.005758436728676,121.1399495542467,127.93883157368299,123.2887853384018,120.26649045944214,4.652111369151628,1.3906099945306778,9.0,9.0,0.267716615896395,0.0,1.4161455939682295,4.659808191054311,123.55650195429818,119.99877384354575,0.9865996653687282,0.03738582312137371,certain_temperate,592.1565831502279,714.9242832263311,POINT (538680.6206921581 8668956.536446214),dronbreen
dronbreen-20220329-DAT_0235_A1_1,2015.0,1960,124.22673797607422,538675.7532113981,8668958.381708654,716.6241455078125,2022-03-29 10:11:47.666666752+00:00,0,2022-05-04,100 MHz,20220329,122.55926501750946,123.4972152709961,125.06047058105469,1.4712280532982598,1.4678613235473632,10,2.498694253259186,0.6774139404296875,2.9760677887314957,2.9777297732955463,120.90832311063889,127.64936274141189,123.18456733226776,122.1423966884613,4.61409508750612,1.6996343763917683,10.0,10.0,0.267716615896395,0.0,1.7205897825570315,4.62185521873794,123.45228394816415,121.87468007256491,0.9865771814849883,0.03714252795074426,certain_temperate,592.3974075317383,714.9566725492477,POINT (538675.7532113981 8668958.381708654),dronbreen
dronbreen-20220329-DAT_0235_A1_1,2020.0,1964,123.80986785888672,538671.7656076272,8668960.019618448,716.6573486328125,2022-03-29 10:11:48.750000128+00:00,0,2022-05-04,100 MHz,20220329,122.14239490032196,123.28878021240234,124.53939056396484,1.4078527976470958,1.3133653816223143,10,2.4904042546731238,0.9032103220621746,2.9568278379401094,2.9999919562252844,120.63964785678596,127.18852291958123,122.76769721508026,121.7255265712738,4.681977129430115,1.6996343763917683,10.0,10.0,0.267716615896395,0.0,1.7205897825570315,4.689624934569254,123.03541383097665,121.45780995537741,0.9865319866065501,0.03781586403731919,certain_temperate,592.8474807739258,714.9898756742477,POINT (538671.7656076272 8668960.019618448),dronbreen
dronbreen-20220329-DAT_0235_A1_1,2025.0,1969,123.39300537109375,538667.1146740515,8668961.793585787,716.7240600585938,2022-03-29 10:11:50+00:00,0,2022-05-04,100 MHz,20220329,121.72553241252899,122.76769256591797,123.9140853881836,1.3906432435219709,1.4678669792175292,10,2.4821147253510074,0.6774139404296875,2.962164179307078,2.924666098419799,120.19479863952054,126.48697931458102,122.35083472728729,121.30866408348083,4.750946684509775,1.6996343763917683,10.0,10.0,0.267716615896395,0.0,1.7205897825570315,4.758483643502564,122.61855134318368,121.04094746758445,0.9864864871914742,0.03850256074257787,certain_temperate,593.3310546875,715.056587100029,POINT (538667.1146740515 8668961.793585787),dronbreen
dronbreen-20220329-DAT_0235_A1_1,2030.0,1973,123.18456268310547,538662.1210687613,8668963.573253088,716.8629150390625,2022-03-29 10:11:51.333333248+00:00,0,2022-05-04,100 MHz,20220329,121.51708972454071,122.0381851196289,123.39300537109375,1.4335481042702674,1.7768758300781249,10,2.477969853200635,0.5645198822021485,3.1010167697528708,2.9178892127751492,119.49672544244088,125.93446504828178,122.14239203929901,121.10022139549255,4.797507825705207,1.6996343763917683,10.0,10.0,0.267716615896395,0.0,1.7205897825570315,4.8049717506068355,122.4101086551954,120.83250477959616,0.986463620747233,0.03894569028139413,certain_temperate,593.678352355957,715.1954420804977,POINT (538662.1210687613 8668963.573253088),dronbreen
dronbreen-20220329-DAT_0235_A1_1,2035.0,1977,122.87191009521484,538657.0524886086,8668965.288760943,717.0467936197916,2022-03-29 10:11:52.666666752+00:00,0,2022-05-04,100 MHz,20220329,121.20443713665009,121.93396759033203,123.0803451538086,1.4511182607092645,1.3906048690795898,10,2.4717529237726463,0.7903162638346355,2.944137261570531,2.973198028995722,119.33894113322988,125.67537161091074,121.82973945140839,120.78756880760193,4.868187492120939,1.6996343763917683,10.0,10.0,0.267716615896395,0.0,1.7205897825570315,4.875543215362754,122.09745606730478,120.51985219170554,0.9864291768779975,0.03962001964768453,certain_temperate,594.1748835245768,715.3793206612269,POINT (538657.0524886086 8668965.288760943),dronbreen
dronbreen-20220329-DAT_0235_A1_1,2040.0,1981,122.45503997802734,538652.9026033713,8668966.782511815,717.1823120117188,2022-03-29 10:11:53.750000128+00:00,0,2022-05-04,100 MHz,20220329,120.78756701946259,121.82974243164062,122.97613525390625,1.621273125364316,0.9270717979431152,10,2.463463968968921,1.0161043802897136,2.8214508602124426,3.1192385905987745,119.16494922426935,125.64092846127753,121.41286933422089,120.37069869041443,4.915847510956128,1.6996343763917683,10.0,10.0,0.267716615896395,0.0,1.7205897825570315,4.92313202518484,121.68058595011728,120.10298207451804,0.9863829781210806,0.04014410114796582,certain_temperate,594.7272720336914,715.514839053154,POINT (538652.9026033713 8668966.782511815),dronbreen
dronbreen-20220329-DAT_0235_A1_1,2045.0,1985,121.93396759033203,538648.1432341657,8668968.32083231,717.3179321289062,2022-03-29 10:11:55+00:00,0,2022-05-04,100 MHz,20220329,120.26649463176727,121.41287231445312,122.35083770751953,1.8367691555031942,0.9270831092834472,10,2.4531035406048516,0.9032020568847656,2.7736211039014673,3.1948727466202542,118.79877764583668,124.96493237613598,120.89179694652557,119.84962630271912,4.93983500150567,1.6996343763917683,10.0,10.0,0.267716615896395,0.0,1.7205897825570315,4.947084194606712,121.15951356242196,119.58190968682273,0.9863247871654021,0.040512378126678315,certain_temperate,595.3839645385742,715.6504591703415,POINT (538648.1432341657 8668968.32083231),dronbreen
dronbreen-20220329-DAT_0235_A1_1,2050.0,1989,121.6213150024414,538643.2959144978,8668969.577528715,717.4100189208984,2022-03-29 10:11:56.249999872+00:00,0,2022-05-04,100 MHz,20220329,119.95384204387665,121.41287231445312,122.0381851196289,2.347779512436085,0.4635387268066406,9,2.4468873503226973,2.145135879516602,3.286903375216286,4.012596950326972,118.15881858921153,125.2922388448705,120.57914435863495,119.53697371482849,4.988116938017514,1.6996343763917683,10.0,10.0,0.267716615896395,0.0,1.7205897825570315,4.995296064675671,120.84686097453134,119.2692570989321,0.9862896322200488,0.04101350933360146,certain_temperate,595.788703918457,715.7425459623337,POINT (538643.2959144978 8668969.577528715),dronbreen
dronbreen-20220329-DAT_0235_A1_1,2055.0,1994,119.95384216308594,538638.2437482662,8668970.801791722,717.4723685128348,2022-03-29 10:11:57.571428608+00:00,0,2022-05-04,100 MHz,20220329,118.28636920452118,118.91166687011719,121.51708984375,3.0861372443297914,0.9270887649536133,7,2.4137377032052623,5.080579757690431,5.700694164067355,6.415813546618063,113.28686284027505,127.14189387359214,118.91167151927948,117.86950087547302,5.012408200530849,1.6996343763917683,10.0,10.0,0.267716615896395,0.0,1.7205897825570315,5.0195525851589515,119.17938813517587,117.60178425957663,0.9860990450285226,0.04178614132022646,certain_temperate,597.5185263497489,715.80489555427,POINT (538638.2437482662 8668970.801791722),dronbreen
dronbreen-20220329-DAT_0235_A1_1,2060.0,1999,116.93154907226562,538632.941875954,8668971.979037723,717.521240234375,2022-03-29 10:11:59+00:00,0,2022-05-04,100 MHz,20220329,115.26407611370087,115.15984344482422,121.41287231445312,4.0911006743456735,4.635375956726074,7,2.353668385175759,5.870896021525066,7.841803697053943,7.532879906819591,108.83472091929677,127.73799483998057,115.88937842845917,114.84720778465271,5.061285642984227,1.6996343763917683,10.0,10.0,0.267716615896395,0.0,1.7205897825570315,5.068361130218059,116.15709504435556,114.57949116875632,0.9857397514033255,0.04328417508482906,certain_temperate,600.5896911621094,715.8537672758102,POINT (538632.941875954 8668971.979037723),dronbreen
dronbreen-20220329-DAT_0235_A1_1,2065.0,2003,114.53455352783203,538628.1285141947,8668972.833583597,717.5685628255209,2022-03-29 10:12:00.333333248+00:00,0,2022-05-04,100 MHz,20220329,112.86708056926727,112.13755798339844,115.36827850341797,4.551041085327887,4.01731866531372,6,2.3060411056023975,5.8709042867024746,7.478247922008699,7.778002165382307,105.82999563932688,121.67584084748952,113.49238288402557,112.45021224021912,5.08586855349868,1.6996343763917683,10.0,10.0,0.267716615896395,0.0,1.7205897825570315,5.092909888255807,113.76009949992196,112.18249562432273,0.9854413108777731,0.04440466563885289,certain_temperate,603.0340092976888,715.9010898669561,POINT (538628.1285141947 8668972.833583597),dronbreen
dronbreen-20220329-DAT_0235_A1_1,2070.0,2008,111.51225280761719,538623.0383128164,8668973.742242916,717.6136169433594,2022-03-29 10:12:01.750000128+00:00,0,2022-05-04,100 MHz,20220329,109.84477984905243,108.38573455810547,111.72068786621094,5.4538152008709755,3.399283996582031,6,2.246008239186128,6.209611256917318,7.426907610974097,8.564340325896536,101.78241531907679,118.32400710523962,110.47008216381073,109.42791152000427,5.135315623635961,1.6996343763917683,10.0,10.0,0.267716615896395,0.0,1.7205897825570315,5.1422892509841,110.73779877970712,109.16019490410788,0.9850467287981213,0.04605158172613994,certain_temperate,606.1013641357422,715.9461439847946,POINT (538623.0383128164 8668973.742242916),dronbreen
dronbreen-20220329-DAT_0235_A1_1,2075.0,2012,108.80260467529297,538618.1894291221,8668974.719858592,717.649169921875,2022-03-29 10:12:03+00:00,0,2022-05-04,100 MHz,20220329,107.13513171672821,105.36344909667969,109.01103973388672,6.430368060182746,2.858477503967285,6,2.1922049889668695,5.983806610107423,6.984454015991769,9.053250115303063,98.99071779363415,115.38377103693226,107.76043403148651,106.71826338768005,5.185129036048298,1.6996343763917683,10.0,10.0,0.267716615896395,0.0,1.7205897825570315,5.19203575747492,108.0281506473829,106.45054677178366,0.9846743286749328,0.0476562950999439,certain_temperate,608.846565246582,715.9816969633102,POINT (538618.1894291221 8668974.719858592),dronbreen
dronbreen-20220329-DAT_0235_A1_1,2080.0,2016,105.98873901367188,538613.6031266686,8668975.439186886,717.7300851004464,2022-03-29 10:12:04.142856960+00:00,0,2022-05-04,100 MHz,20220329,104.32126605510712,103.27910614013672,106.09296417236328,7.466677734332603,2.472200887298584,6,2.1363532290057514,5.757993698120118,6.620443623642919,9.667976672243917,97.13756752618383,112.23450278631617,104.94656836986542,103.90439772605896,5.210169725234617,1.6996343763917683,10.0,10.0,0.267716615896395,0.0,1.7205897825570315,5.21704329598465,105.21428498576181,103.63668111016257,0.9842674516738079,0.04915776688844782,certain_temperate,611.7413460867746,716.0626121418817,POINT (538613.6031266686 8668975.439186886),dronbreen
dronbreen-20220329-DAT_0235_A1_1,2085.0,2020,103.48753356933594,538608.9024939873,8668976.190690512,717.8238932291666,2022-03-29 10:12:05.333333248+00:00,0,2022-05-04,100 MHz,20220329,101.82006061077118,101.4031982421875,103.59175872802734,8.416562461346999,2.085918614959717,6,2.0867265852779497,6.0966841379801435,6.773111676935493,10.600118347724232,94.95928752585968,110.03566944435516,102.44536292552948,101.40319228172302,5.235298103256249,1.6996343763917683,10.0,10.0,0.267716615896395,0.0,1.7205897825570315,5.242138725404498,102.71307954142587,101.13547566582663,0.9838872093956365,0.05058868370602953,certain_temperate,614.3363596598307,716.1564202706019,POINT (538608.9024939873 8668976.190690512),dronbreen
dronbreen-20220329-DAT_0235_A1_1,2090.0,2025,100.36103057861328,538603.5764256167,8668976.953107605,717.9880065917969,2022-03-29 10:12:06.750000128+00:00,0,2022-05-04,100 MHz,20220329,98.69355762004852,99.11042022705078,100.36103057861328,9.649041019887566,1.5451234336853026,6,2.024720865581362,6.774098078409831,7.237078539352725,11.962102322038096,92.04020811146073,107.43124269420333,99.31885993480682,98.17247223854065,5.231297190191393,1.6996343763917683,10.0,10.0,0.267716615896395,0.0,1.7205897825570315,5.238143037234797,99.58657655070321,97.90475562264426,0.9833852547253527,0.052124785487268316,certain_temperate,617.6269760131836,716.3205336332321,POINT (538603.5764256167 8668976.953107605),dronbreen
dronbreen-20220329-DAT_0235_A1_1,2095.0,2029,97.2345199584961,538599.017812561,8668977.520417726,718.1503295898438,2022-03-29 10:12:08+00:00,0,2022-05-04,100 MHz,20220329,95.56704699993134,96.92186737060547,97.85982513427734,10.68815114206399,1.3906048690795898,6,1.962748264200906,7.112813313802084,7.5085468559190405,12.987727623461605,89.54321613981648,105.23847636506633,96.19234931468964,95.04596161842346,5.231297190191394,1.6996343763917683,10.0,10.0,0.267716615896395,0.0,1.7205897825570315,5.2381430372347975,96.46006593058603,94.77824500252707,0.9828510187608628,0.053800822921986326,certain_temperate,620.9158096313477,716.482856631279,POINT (538599.017812561 8668977.520417726),dronbreen
dronbreen-20220329-DAT_0235_A1_1,2100.0,2034,93.79535675048828,538593.3288257014,8668978.420913884,718.2904575892857,2022-03-29 10:12:09.571428608+00:00,0,2022-05-04,100 MHz,20220329,92.12788379192352,93.17005920410156,94.73330688476562,12.036353864249042,1.9314000503540039,6,1.8946206953320621,6.3225135803222665,6.877068540231912,13.727256823486726,86.56977394113451,101.33359214773267,92.75318610668182,91.60679841041565,5.206172681217952,1.6996343763917683,10.0,10.0,0.267716615896395,0.0,1.7205897825570315,5.213051522197641,93.02090272257821,91.33908179451926,0.982222222758846,0.05550565466761071,certain_temperate,624.4951008387974,716.6229846307209,POINT (538593.3288257014 8668978.420913884),dronbreen
dronbreen-20220329-DAT_0235_A1_1,2105.0,2038,91.39835357666016,538589.2092114437,8668978.941008614,718.3747907366071,2022-03-29 10:12:10.714285568+00:00,0,2022-05-04,100 MHz,20220329,89.7308806180954,89.9393310546875,92.12788391113281,13.135551519823233,2.5494460304260254,6,1.8471663743717497,5.870896021525065,6.66176543959809,14.505935248721434,83.78470322595825,98.28251173986206,90.3561829328537,89.20979523658752,5.206172681217951,1.6996343763917683,10.0,10.0,0.267716615896395,0.0,1.7205897825570315,5.21305152219764,90.62389954875009,88.94207862069113,0.9817559847271629,0.05696133986539797,certain_temperate,626.976437159947,716.7073177780424,POINT (538589.2092114437 8668978.941008614),dronbreen
dronbreen-20220329-DAT_0235_A1_1,2110.0,2043,88.37606811523438,538583.8269663034,8668980.37311731,718.435791015625,2022-03-29 10:12:12.333333248+00:00,0,2022-05-04,100 MHz,20220329,86.70859515666962,86.70858764648438,88.688720703125,14.500000761137537,2.703970250701904,6,1.7873700697402923,6.661195755004883,7.407946798498179,16.056657271228268,79.81176079258276,95.58554755702662,87.33389747142792,86.18750977516174,5.206172681217951,1.6996343763917683,10.0,10.0,0.267716615896395,0.0,1.7205897825570315,5.21305152219764,87.60161408732431,85.91979315926535,0.9811320757516557,0.05890930420698932,certain_temperate,630.0597229003906,716.7683180570602,POINT (538583.8269663034 8668980.37311731),dronbreen
dronbreen-20220329-DAT_0235_A1_1,2115.0,2048,85.24955749511719,538579.6454544791,8668982.641523968,718.393798828125,2022-03-29 10:12:13.750000128+00:00,0,2022-05-04,100 MHz,20220329,83.58208453655243,84.20738220214844,85.35376739501953,15.71234773721979,2.317682322692871,6,1.7255592778126505,6.887008666992188,7.468607269725317,17.241992768116646,77.10749183676455,92.45365776040342,84.20738685131073,83.06099915504456,5.181135966189534,1.6996343763917683,10.0,10.0,0.267716615896395,0.0,1.7205897825570315,5.188048003495127,84.47510346720712,82.79328253914817,0.9804400983704782,0.0607761039285898,certain_temperate,633.1442413330078,716.7263258695602,POINT (538579.6454544791 8668982.641523968),dronbreen
dronbreen-20220329-DAT_0235_A1_1,2120.0,2053,82.01882934570312,538576.4722753373,8668986.365414523,718.2078450520834,2022-03-29 10:12:15.333333248+00:00,0,2022-05-04,100 MHz,20220329,80.35135638713837,81.91461181640625,82.33148193359375,16.89817698427591,1.7768871414184568,6,1.6617446695855018,6.435407638549806,6.8799124074757865,18.158310830391496,75.26811899528614,88.97797475471386,80.97665870189667,79.8302710056305,5.181135966189535,1.6996343763917683,10.0,10.0,0.267716615896395,0.0,1.7205897825570315,5.188048003495128,81.24437531779306,79.5625543897341,0.9796696323043519,0.06317007945031063,certain_temperate,636.1890157063802,716.5403720935186,POINT (538576.4722753373 8668986.365414523),dronbreen
dronbreen-20220329-DAT_0235_A1_1,2125.0,2058,79.3091812133789,538574.8498967119,8668991.15712347,717.8812866210938,2022-03-29 10:12:17+00:00,0,2022-05-04,100 MHz,20220329,77.64170825481415,78.89231872558594,79.62183380126953,18.077458542849985,1.8541435958862305,6,1.60827189551227,6.8870169321695975,7.311319250863779,19.411647227433978,71.82001070670799,86.69414182014748,78.26701056957245,77.12062287330627,5.156187868236638,1.6996343763917683,10.0,10.0,0.267716615896395,0.0,1.7205897825570315,5.163133304397409,78.53472718546884,76.85290625740988,0.9789750324861068,0.06501375741560203,certain_temperate,638.5721054077148,716.213813662529,POINT (538574.8498967119 8668991.15712347),dronbreen
dronbreen-20220329-DAT_0235_A1_1,2130.0,2064,75.66158294677734,538574.9643193852,8668996.556761628,717.4053548177084,2022-03-29 10:12:18.666666752+00:00,0,2022-05-04,100 MHz,20220329,73.99410998821259,74.3067626953125,76.91219329833984,19.521696009139365,2.5494573417663573,6,1.5363691137239213,6.548309961954754,7.193088776661044,20.647939569959238,67.58063502692553,83.63832096672681,74.61941230297089,73.47302460670471,5.131330826770535,1.6996343763917683,10.0,10.0,0.267716615896395,0.0,1.7205897825570315,5.138309862220514,74.88712891886728,73.20530799080832,0.9779614317646815,0.06781950134958277,certain_temperate,641.743771870931,715.7378818591436,POINT (538574.9643193852 8668996.556761628),dronbreen
dronbreen-20220329-DAT_0235_A1_1,2135.0,2068,73.26458740234375,538575.4070651226,8669001.221466744,716.9834594726562,2022-03-29 10:12:20+00:00,0,2022-05-04,100 MHz,20220329,71.59711444377899,72.43085479736328,75.03628540039062,20.194000390571585,2.1631750694274903,6,1.4891742365802152,4.403165817260742,5.126873852766455,20.722045287461203,67.7826821326285,79.68445806512541,72.22241675853729,71.07602906227112,5.106564796750976,1.6996343763917683,10.0,10.0,0.267716615896395,0.0,1.7205897825570315,5.113577633110047,72.49013337443368,70.80831244637473,0.9772403965177942,0.06970031467873408,certain_temperate,643.7188720703125,715.3159865140915,POINT (538575.4070651226 8669001.221466744),dronbreen
dronbreen-20220329-DAT_0235_A1_1,2140.0,2072,71.59712219238281,538576.0582423856,8669005.985175114,716.5302886962891,2022-03-29 10:12:21.249999872+00:00,0,2022-05-04,100 MHz,20220329,69.92964923381805,71.49290466308594,72.95193481445312,20.69195378195252,1.236091960144043,6,1.4563719176406822,1.3548196156819663,2.3418963870038683,20.78734005754436,69.50379547716149,74.94104400037757,70.55495154857635,69.40856385231018,5.106564796750976,1.6996343763917683,10.0,10.0,0.267716615896395,0.0,1.7205897825570315,5.113577633110047,70.82266816447274,69.14084723641379,0.9767103354505754,0.07132360408326945,certain_temperate,644.9331665039062,714.8628157377243,POINT (538576.0582423856 8669005.985175114),dronbreen
dronbreen-20220329-DAT_0235_A1_1,2145.0,2077,72.01398468017578,538577.487562753,8669011.169893278,715.9895978655134,2022-03-29 10:12:22.571428608+00:00,0,2022-05-04,100 MHz,20220329,70.34651172161102,71.59712219238281,72.95193481445312,20.589874795083908,1.3133540702819824,6,1.4645701061426308,0.7903079986572266,2.1200120854548157,20.657020511336572,69.93292498996111,74.61613201687483,70.97181403636932,69.82542634010315,5.081892478457913,1.6996343763917683,10.0,10.0,0.267716615896395,0.0,1.7205897825570315,5.088939314732897,71.23953065226571,69.55770972420676,0.9768451507582834,0.07056813341224362,certain_temperate,643.9756131853376,714.3221249069486,POINT (538577.487562753 8669011.169893278),dronbreen
dronbreen-20220329-DAT_0235_A1_1,2150.0,2081,72.3266372680664,538579.2551605051,8669015.36742457,715.5262887137277,2022-03-29 10:12:23.714285568+00:00,0,2022-05-04,100 MHz,20220329,70.65916430950165,72.3266372680664,73.88990020751953,20.209555312134533,1.622379888153076,6,1.4707198861110775,2.1451441446940107,3.0654162664149167,20.376230914944568,69.72574119461065,76.49079628097529,71.28446662425995,70.13807892799377,5.106564796750976,1.6996343763917683,10.0,10.0,0.267716615896395,0.11290180683135988,1.7242900039800262,5.1148238511046635,71.57501611128893,69.84752944096479,0.9769452442205414,0.07060420599708458,certain_temperate,643.1996514456613,713.8588157551629,POINT (538579.2551605051 8669015.36742457),dronbreen
dronbreen-20220329-DAT_0235_A1_1,2155.0,2086,73.9941177368164,538582.6621302271,8669019.292868495,715.0902506510416,2022-03-29 10:12:25.333333248+00:00,0,2022-05-04,100 MHz,20220329,72.43086183071136,72.63928985595703,75.1405029296875,19.725472588632638,3.322021886444092,6,1.5035331003539427,4.741881052652995,5.981795475890411,20.343065564124473,67.66474990724123,80.1150428784033,72.95194709300995,71.80555939674377,5.111725849158025,1.6223782754033802,10.0,10.0,0.2674649652032747,0.11290180683135988,1.648149141946147,5.119963425899379,73.24226472181842,71.5152417679353,0.9788732408207736,0.06908286774010201,certain_temperate,641.0961329142252,713.5269947449366,POINT (538582.6621302271 8669019.292868495),dronbreen
dronbreen-20220329-DAT_0235_A1_1,2160.0,2092,76.7037582397461,538586.8734813436,8669022.018516965,714.7933349609375,2022-03-29 10:12:27+00:00,0,2022-05-04,100 MHz,20220329,75.14050233364105,75.97423553466797,77.43328094482422,18.673274685367772,3.708298503112793,6,1.5569028907547724,8.016023635864258,8.968392237751624,20.38067145648474,67.80841766124126,85.59909881825092,75.66158759593964,74.51519989967346,5.136490489670912,1.6223782754033802,10.0,10.0,0.2674649652032747,0.0,1.6442775848718594,5.143449431859024,75.92905256114291,74.24773493447019,0.9796195656903941,0.06696530401569428,certain_temperate,638.0895767211914,713.2300790548325,POINT (538586.8734813436 8669022.018516965),dronbreen
dronbreen-20220329-DAT_0235_A1_1,2165.0,2099,81.39352416992188,538592.1546008325,8669023.379186997,714.6445007324219,2022-03-29 10:12:29+00:00,0,2022-05-04,100 MHz,20220329,79.83026826381683,78.37123107910156,82.123046875,17.566391878590856,5.562442098999023,6,1.6494005913421586,8.693437576293945,10.451657347442847,19.669125624588965,69.5227069533708,90.97157100073076,80.35135352611542,79.20496582984924,5.186292617717524,1.6223782754033802,10.0,10.0,0.2674649652032747,0.0,1.6442775848718594,5.193184824768177,80.61881849131869,78.93750086464597,0.9807938540314154,0.06371873770805546,certain_temperate,633.2509765625,713.0812448263168,POINT (538592.1546008325 8669023.379186997),dronbreen
dronbreen-20220329-DAT_0235_A1_1,2170.0,2105,84.72846984863281,538596.7085804096,8669023.974733034,714.575439453125,2022-03-29 10:12:30.750000128+00:00,0,2022-05-04,100 MHz,20220329,83.16521394252777,84.72846984863281,89.31402587890625,18.038648825131325,3.708298503112793,5,1.7152624991983796,9.145046869913738,10.016261053020928,20.296966747040972,75.42395440213721,98.61854132540185,83.68629920482635,82.53991150856018,5.286954805412141,1.6223782754033802,10.0,10.0,0.2674649652032747,0.0,1.6442775848718594,5.293715955931308,83.95376417002963,82.2724465433569,0.981549815441046,0.06239879953995713,certain_temperate,629.8469696044922,713.01218354702,POINT (538596.7085804096 8669023.974733034),dronbreen
dronbreen-20220329-DAT_0235_A1_1,2175.0,2111,89.8351058959961,538602.2648369452,8669023.327431671,714.5732625325521,2022-03-29 10:12:32.666666752+00:00,0,2022-05-04,100 MHz,20220329,88.27184998989105,89.8351058959961,92.75318145751953,15.89011164725741,2.472195231628418,5,1.8162319511939913,10.951475779215494,11.373006177197297,19.38373463514158,78.73404647613523,103.85424087738039,88.79293525218964,87.64654755592346,5.388961347246308,1.6223782754033802,10.0,10.0,0.2674649652032747,0.0,1.6442775848718594,5.395594676189635,89.06040021739291,87.37908259072019,0.9825986078547638,0.05998725435338404,certain_temperate,624.738156636556,713.0100066264471,POINT (538602.2648369452 8669023.327431671),dronbreen
dronbreen-20220329-DAT_0235_A1_1,2180.0,2116,94.8375244140625,538607.1847250495,8669022.706238689,714.5675746372768,2022-03-29 10:12:34.285714432+00:00,0,2022-05-04,100 MHz,20220329,93.27426850795746,94.8375244140625,95.5670394897461,14.08407768866253,0.7725645446777343,5,1.915260403912523,9.257949193318685,9.4854995470222,16.96287387270055,85.38353871062158,105.02102519318701,93.79535377025604,92.64896607398987,5.466303924967131,1.6223782754033802,10.0,10.0,0.2674649652032747,0.0,1.6442775848718594,5.472843512080558,94.06281873545932,92.3815011087866,0.9835164834197924,0.05763861887728259,certain_temperate,619.7300502232143,713.0043187311718,POINT (538607.1847250495 8669022.706238689),dronbreen
dronbreen-20220329-DAT_0235_A1_1,2185.0,2121,98.38090515136719,538611.8566294682,8669022.441263603,714.5267246791294,2022-03-29 10:12:35.714285568+00:00,0,2022-05-04,100 MHz,20220329,96.81764924526215,98.38090515136719,99.73572540283203,12.35356819150648,1.236103271484375,5,1.9854674510958177,8.128925959269207,8.458691952566667,14.920863423838528,90.01301902339904,108.10361153080018,97.33873450756073,96.19234681129456,5.518247550221117,1.6223782754033802,10.0,10.0,0.2674649652032747,0.0,1.6442775848718594,5.5247256522955555,97.606199472764,95.92488184609128,0.9841101695120629,0.05609063610190245,certain_temperate,616.1458195277622,712.9634687730244,POINT (538611.8566294682 8669022.441263603),dronbreen
dronbreen-20220329-DAT_0235_A1_1,2190.0,2125,102.34114837646484,538616.3326716868,8669022.117526589,714.5076904296875,2022-03-29 10:12:37+00:00,0,2022-05-04,100 MHz,20220329,100.7778924703598,100.6736831665039,103.69597625732422,10.24145073160828,7.416580039215088,6,2.0639874661454316,8.580543518066408,11.527854562056227,13.519359615521612,91.8483915947859,112.52126782904223,101.29897773265839,100.15259003639221,5.5967136199045315,1.6223782754033802,10.0,10.0,0.2674649652032747,0.0,1.6442775848718594,5.603101003090706,101.56644269786166,99.88512507118894,0.9847250501786968,0.05468683622072385,certain_temperate,612.1665420532227,712.9444345235825,POINT (538616.3326716868 8669022.117526589),dronbreen
dronbreen-20220329-DAT_0235_A1_1,2195.0,2130,106.30140686035156,538621.875450311,8669021.718029795,714.5272521972656,2022-03-29 10:12:38.500000+00:00,0,2022-05-04,100 MHz,20220329,104.73815095424652,103.59175872802734,107.55200958251953,8.60675410562144,5.40792353439331,6,2.142558199955371,6.209594726562501,8.508540372014101,10.827088183947719,97.02292151674338,114.1208467938035,105.2592362165451,104.00863146781921,5.6719790241881185,1.6223782754033802,10.0,10.0,0.2674649652032747,0.0,1.6442775848718594,5.678281743489063,105.52670118174838,103.74116650261594,0.9852941183726882,0.053357516064104514,certain_temperate,608.2258453369141,712.9639962911606,POINT (538621.875450311 8669021.718029795),dronbreen
dronbreen-20220329-DAT_0235_A1_1,2200.0,2134,108.07308197021484,538626.1865029108,8669021.407323947,714.5543212890625,2022-03-29 10:12:39.666666752+00:00,0,2022-05-04,100 MHz,20220329,106.5098260641098,105.78031158447266,109.94900512695312,7.426420592354583,3.940062210845947,6,2.177722759815012,3.838662465413412,5.916240036317521,8.638838391620617,101.3669448489758,114.36237186244998,107.03091132640839,105.7803065776825,5.6719790241881185,1.6223782754033802,10.0,10.0,0.2674649652032747,0.0,1.6442775848718594,5.678281743489063,107.29837629161166,105.51284161247922,0.9855351963911246,0.05248280997252699,certain_temperate,606.4812393188477,712.9910653829575,POINT (538626.1865029108 8669021.407323947),dronbreen
dronbreen-20220329-DAT_0235_A1_1,2205.0,2139,109.84478759765625,538631.9303423468,8669021.029132571,714.5842437744141,2022-03-29 10:12:41.249999872+00:00,0,2022-05-04,100 MHz,20220329,108.28153169155121,108.6983871459961,111.51225280761719,6.023592153169817,3.167514633178711,6,2.2128965057023535,3.725768407185872,5.36762611592269,7.420372200682593,104.36499803711907,115.84564191649422,108.80261695384979,107.5520122051239,5.645545066437028,1.6223782754033802,10.0,10.0,0.2674649652032747,0.0,1.6442775848718594,5.6518772637755195,109.07008191905307,107.28454723992063,0.9857685017168862,0.05139565736260285,certain_temperate,604.7394561767578,713.020987868309,POINT (538631.9303423468 8669021.029132571),dronbreen
dronbreen-20220329-DAT_0235_A1_1,2210.0,2144,111.51225280761719,538636.9433598717,8669020.909148043,714.5832722981771,2022-03-29 10:12:42.666666752+00:00,0,2022-05-04,100 MHz,20220329,109.94899690151215,111.51225280761719,112.97130584716797,4.7847611996934605,3.244759776306152,6,2.246008239186128,4.854775110880534,6.2563456101506585,7.176861021770526,106.16310386711113,118.32045478767402,110.47008216381073,109.21947741508484,5.592884941235787,1.6223782754033802,10.0,10.0,0.2674649652032747,0.0,1.6442775848718594,5.599276691994532,110.737547129014,108.95201244988156,0.9859813081814247,0.050154891506718334,certain_temperate,603.0710194905599,713.0200163920721,POINT (538636.9433598717 8669020.909148043),dronbreen
dronbreen-20220329-DAT_0235_A1_1,2215.0,2149,114.32611846923828,538641.6510195475,8669020.609854583,714.5441284179688,2022-03-29 10:12:44+00:00,0,2022-05-04,100 MHz,20220329,112.76286256313324,113.28394317626953,118.59901428222656,4.270536491980795,3.244759776306152,7,2.301900203244468,5.532197316487631,6.814133672022014,7.3580862745410585,107.29195254758444,124.59100491091165,113.28394782543182,112.03334307670593,5.566661218754304,1.6223782754033802,10.0,10.0,0.2674649652032747,0.0,1.6442775848718594,5.573083045495944,113.5514127906351,111.76587811150266,0.9863263449591734,0.0486910715879165,certain_temperate,600.2180099487305,712.9808725118637,POINT (538641.6510195475 8669020.609854583),dronbreen
dronbreen-20220329-DAT_0235_A1_1,2220.0,2153,116.618896484375,538646.1557618215,8669020.242737368,714.4674072265625,2022-03-29 10:12:45.333333248+00:00,0,2022-05-04,100 MHz,20220329,115.05564057826996,115.47249603271484,121.72552490234375,3.482872915228417,4.789888865661621,8,2.347455389755756,8.241836547851564,9.81740555512424,9.250341627854986,106.90287430895158,130.295146626107,115.57672584056854,114.32612109184265,5.5405089265968135,1.6223782754033802,10.0,10.0,0.2674649652032747,0.0,1.6442775848718594,5.546961030448129,115.84419080577182,114.05865612663938,0.986595174939642,0.04750952970421179,certain_temperate,597.8485107421875,712.9041513204575,POINT (538646.1557618215 8669020.242737368),dronbreen
dronbreen-20220329-DAT_0235_A1_1,2225.0,2159,121.93396759033203,538651.4753822372,8669019.588854285,714.3506469726562,2022-03-29 10:12:47+00:00,0,2022-05-04,100 MHz,20220329,120.37071168422699,120.05804443359375,122.55925750732422,2.262680908393351,1.1588241943359374,10,2.4531035406048516,6.548301696777344,7.0880777088237,7.349673257101492,113.06533593881541,129.55196600210255,120.89179694652557,119.64119219779968,5.488424184078547,1.6223782754033802,10.0,10.0,0.2674649652032747,0.0,1.6442775848718594,5.494937445684842,121.15926191172885,119.37372723259641,0.987179487906461,0.04501144588781278,certain_temperate,592.4166793823242,712.7873910665512,POINT (538651.4753822372 8669019.588854285),dronbreen
dronbreen-20220329-DAT_0235_A1_1,2230.0,2164,122.66348266601562,538656.288192482,8669019.195158893,714.2086966378348,2022-03-29 10:12:48.428571392+00:00,0,2022-05-04,100 MHz,20220329,121.10022675991058,121.93396759033203,122.76769256591797,1.6251022086852043,0.6180403244018554,10,2.4676085572680213,0.9032020568847656,2.6994147124978753,3.08963155346018,119.30625642898586,125.39540372726414,121.62131202220917,120.37070727348328,5.462494303778372,1.6223782754033802,10.0,10.0,0.2674649652032747,0.0,1.6442775848718594,5.469038446237359,121.88877698741244,120.10324230828,0.987255735185985,0.044532359468803635,certain_temperate,591.5452139718192,712.6454407317298,POINT (538656.288192482 8669019.195158893),dronbreen
dronbreen-20220329-DAT_0235_A1_1,2235.0,2169,122.76769256591797,538661.7603300023,8669018.581129676,714.0330200195312,2022-03-29 10:12:50+00:00,0,2022-05-04,100 MHz,20220329,121.20443665981293,122.35083770751953,123.0803451538086,1.033099656792299,0.6180403244018554,10,2.4696806544944025,0.5645033518473307,2.607673371420877,2.735924244253692,119.81746316564248,125.61371969568565,121.72552192211151,120.47491717338562,5.4108629949458225,1.6223782754033802,10.0,10.0,0.2674649652032747,0.0,1.6442775848718594,5.417469506853293,121.99298688731479,120.20745220818235,0.987266553004035,0.0440739976605861,certain_temperate,591.2653274536133,712.4697641134262,POINT (538661.7603300023 8669018.581129676),dronbreen
dronbreen-20220329-DAT_0235_A1_1,2240.0,2174,123.18456268310547,538666.8889521725,8669017.89081864,713.8704528808594,2022-03-29 10:12:51.500000+00:00,0,2022-05-04,100 MHz,20220329,121.62130677700043,122.76769256591797,123.4972152709961,0.5997898902124172,0.38628227233886714,10,2.477969853200635,0.9032185872395834,2.6655866903234497,2.7047895153056305,120.13024334181786,126.1346644950962,122.14239203929901,120.89178729057312,5.385164241109956,1.6223782754033802,10.0,10.0,0.2674649652032747,0.0,1.6442775848718594,5.3918022414903675,122.40985700450229,120.62432232536985,0.9873096443900479,0.04371622648012632,certain_temperate,590.6858901977539,712.3071969747543,POINT (538666.8889521725 8669017.89081864),dronbreen
dronbreen-20220329-DAT_0235_A1_1,2245.0,2179,123.60143280029297,538671.8310081123,8669017.009091979,713.7273559570312,2022-03-29 10:12:53+00:00,0,2022-05-04,100 MHz,20220329,122.03817689418793,123.28878021240234,123.80986785888672,0.39071933829814737,0.38627661666870117,10,2.486259374263702,0.7903162638346355,2.6372893465793035,2.637943720839361,120.67993267507946,126.4187153962096,122.55926215648651,121.30865740776062,5.334006633420938,1.6223782754033802,10.0,10.0,0.2674649652032747,0.0,1.6442775848718594,5.3407082182974355,122.82672712168979,121.04119244255735,0.9873524451077291,0.043154893212599514,certain_temperate,590.1259231567383,712.1641000509262,POINT (538671.8310081123 8669017.009091979),dronbreen
dronbreen-20220329-DAT_0235_A1_1,2250.0,2183,123.9140853881836,538676.6293277934,8669015.782115988,713.6056925455729,2022-03-29 10:12:54.333333248+00:00,0,2022-05-04,100 MHz,20220329,122.35082948207855,123.70565795898438,124.018310546875,0.34459716809680313,0.30902581787109373,10,2.492476724672875,0.6774139404296875,2.601312519832132,2.6057776340249825,121.12276619398057,126.60120231187881,122.87191474437714,121.62130999565125,5.308549618806032,1.6223782754033802,10.0,10.0,0.2674649652032747,0.0,1.6442775848718594,5.315283300345981,123.13937970958041,121.35384503044797,0.9873843566596335,0.04284056652781665,certain_temperate,589.6916071573893,712.0424366394678,POINT (538676.6293277934 8669015.782115988),dronbreen
dronbreen-20220329-DAT_0235_A1_1,2255.0,2187,124.22673797607422,538680.9661945857,8669014.572925813,713.5115356445312,2022-03-29 10:12:55.500000+00:00,0,2022-05-04,100 MHz,20220329,122.66348206996918,124.018310546875,124.33096313476562,0.3223409772539412,0.3090145065307617,10,2.498694253259186,0.6774139404296875,2.607269181194264,2.6088821981024717,121.4294183865178,126.91985529512283,123.18456733226776,121.93396258354187,5.2831757545386715,1.6223782754033802,10.0,10.0,0.2674649652032747,0.0,1.6442775848718594,5.289941735119249,123.45203229747104,121.6664976183386,0.9874161075822009,0.04252849137482946,certain_temperate,589.284797668457,711.9482797384262,POINT (538680.9661945857 8669014.572925813),dronbreen
dronbreen-20220329-DAT_0235_A1_1,2260.0,2192,124.53939056396484,538685.777680843,8669013.22229986,713.440673828125,2022-03-29 10:12:56.750000128+00:00,0,2022-05-04,100 MHz,20220329,122.9761346578598,124.43517303466797,124.85203552246094,0.3787953768919305,0.3090201622009277,10,2.504911958695856,0.7903079986572266,2.6447427311944325,2.653800405289328,121.8085457954962,127.4786627616327,123.49721992015839,122.2466151714325,5.232681137514149,1.6223782754033802,10.0,10.0,0.2674649652032747,0.0,1.6442775848718594,5.239512324110667,123.76468488536166,121.97915020622922,0.9874476990851971,0.042016273837686594,certain_temperate,588.9012832641602,711.87741792202,POINT (538685.777680843 8669013.22229986),dronbreen
dronbreen-20220329-DAT_0235_A1_1,2265.0,2196,124.95625305175781,538690.4958921956,8669011.775973704,713.4133911132812,2022-03-29 10:12:58+00:00,0,2022-05-04,100 MHz,20220329,123.39299714565277,124.74781036376953,125.16468811035156,0.38621433883953216,0.46355003814697265,10,2.5132023537100974,0.9032103220621746,2.710507995642088,2.6983581067195077,122.07723459128644,127.83526388283465,123.91408240795135,122.66347765922546,5.213874389551672,1.6223782754033802,10.0,10.0,0.2674649652032747,0.0,1.6442775848718594,5.2207301843357135,124.18154737315463,122.39601269402219,0.9874895744076326,0.041725598057041985,certain_temperate,588.4571380615234,711.8501352071762,POINT (538690.4958921956 8669011.775973704),dronbreen
dronbreen-20220329-DAT_0235_A1_1,2270.0,2200,125.37312316894531,538695.4522185012,8669010.398527166,713.4157511393229,2022-03-29 10:12:59.333333248+00:00,0,2022-05-04,100 MHz,20220329,123.80986726284027,125.06047058105469,125.58155822753906,0.41989671010521307,0.540789525604248,10,2.5214932094404325,0.9032103220621746,2.732429359038791,2.711093900677557,122.38209105396487,128.25993775462888,124.33095252513885,123.08034777641296,5.1888515786002785,1.6223782754033802,10.0,10.0,0.2674649652032747,0.0,1.6442775848718594,5.195740391162148,124.59841749034213,122.81288281120969,0.987531172020031,0.04138727222746212,certain_temperate,588.0426279703776,711.8524952332178,POINT (538695.4522185012 8669010.398527166),dronbreen
dronbreen-20220329-DAT_0235_A1_1,2275.0,2204,125.78998565673828,538700.4112217313,8669008.928131333,713.4456990559896,2022-03-29 10:13:00.666666752+00:00,0,2022-05-04,100 MHz,20220329,124.22672975063324,125.47733306884766,125.99842834472656,0.465555899967253,0.6180459800720215,10,2.529784219377014,0.7903079986572266,2.7214657379496336,2.6909361243524303,122.82697555912362,128.64878585445058,124.74781501293182,123.49721026420593,5.15969740567703,1.6996343763917683,10.0,10.0,0.2674649652032747,0.0,1.720550644713437,5.166625090497806,125.0152799781351,123.22974529900266,0.987572493168328,0.041018347992796966,certain_temperate,587.6557133992513,711.8824431498846,POINT (538700.4112217313 8669008.928131333),dronbreen
dronbreen-20220329-DAT_0235_A1_1,2280.0,2208,126.1026382446289,538705.2961407575,8669007.36258286,713.4461059570312,2022-03-29 10:13:02+00:00,0,2022-05-04,100 MHz,20220329,124.53938233852386,125.89421081542969,126.41529083251953,0.5158501949108291,0.6953080902099609,10,2.53600278960854,0.7903245290120443,2.7457924813014967,2.705923951933969,123.23791207280671,129.0715895751425,125.16468477249146,123.80986285209656,5.116681230320296,1.7768905657500027,10.0,10.0,0.2674649652032747,0.0,1.796907785686999,5.123667077428354,125.43214973769473,123.54239788689328,0.9876033053085499,0.04057552880372216,certain_temperate,587.3434677124023,711.8828500509262,POINT (538705.2961407575 8669007.36258286),dronbreen
dronbreen-20220329-DAT_0235_A1_1,2285.0,2213,126.51951599121094,538709.7979629954,8669006.096195038,713.3688812255859,2022-03-29 10:13:03.249999872+00:00,0,2022-05-04,100 MHz,20220329,124.9562600851059,126.31108093261719,126.83216094970703,0.6480469797095143,0.6952967788696288,10,2.5442946312603247,0.6774222056070964,2.7231918085247275,2.7115126596090824,123.67814796436492,129.4650939179593,125.58156251907349,124.22674059867859,5.092034229566067,1.7768905657500027,10.0,10.0,0.2674649652032747,0.0,1.796907785686999,5.09905384386983,125.84902748427676,123.95927563347531,0.9876441520198858,0.04024702584160851,certain_temperate,586.849365234375,711.8056253194809,POINT (538709.7979629954 8669006.096195038),dronbreen
dronbreen-20220329-DAT_0235_A1_1,2290.0,2218,126.72795104980469,538714.9000383611,8669004.660972813,713.2000528971354,2022-03-29 10:13:04.666666752+00:00,0,2022-05-04,100 MHz,20220329,125.16469514369965,126.72795104980469,127.14480590820312,0.8271253754353745,0.6953024345397949,10,2.5484405880680594,0.4516092936197917,2.67991527113702,2.717100802636066,124.13980492081652,129.7329520371913,125.78999757766724,124.43517565727234,5.061047236905792,1.7768905657500027,10.0,10.0,0.2674649652032747,0.0,1.796907785686999,5.06810977010196,126.05746254287051,124.16771069206906,0.9876644742288094,0.03993631393059276,certain_temperate,586.4721018473307,711.6367969910303,POINT (538714.9000383611 8669004.660972813),dronbreen
dronbreen-20220329-DAT_0235_A1_1,2295.0,2222,126.93638610839844,538719.7073401014,8669003.124263704,713.0072021484375,2022-03-29 10:13:06+00:00,0,2022-05-04,100 MHz,20220329,125.3731302022934,126.72795104980469,127.56167602539062,0.8520605162614264,0.9270661422729491,10,2.552586618962061,0.11289405822753908,2.7180682750505176,2.693408739693799,124.17286914980868,130.11675792538665,125.99843263626099,124.64361071586609,5.0367982068917305,1.7768905657500027,10.0,10.0,0.2674649652032747,0.0,1.796907785686999,5.0438946940394125,126.26589760146426,124.37614575066281,0.9876847296978339,0.03967970383677469,certain_temperate,586.0708160400391,711.4439462423325,POINT (538719.7073401014 8669003.124263704),dronbreen
dronbreen-20220329-DAT_0235_A1_1,2300.0,2226,126.83216094970703,538724.1625498291,8669001.810063869,712.8706817626953,2022-03-29 10:13:07.249999872+00:00,0,2022-05-04,100 MHz,20220329,125.26890504360199,126.72795104980469,127.97855377197266,0.9285125259428764,0.8498040321350098,10,2.550513442518772,0.0,2.688361157564563,2.714268654960628,124.17743760728591,130.52906721449142,125.89420747756958,124.53938555717468,5.012649214807466,1.7768905657500027,10.0,10.0,0.2674649652032747,0.0,1.796907785686999,5.019779841618663,126.16167244277285,124.27192059197141,0.9876746095438291,0.03952190972126651,certain_temperate,586.0385208129883,711.3074258565903,POINT (538724.1625498291 8669001.810063869),dronbreen
dronbreen-20220329-DAT_0235_A1_1,2305.0,2231,126.93638610839844,538729.2690248273,8669000.11140444,712.8218383789062,2022-03-29 10:13:08.666666752+00:00,0,2022-05-04,100 MHz,20220329,125.3731302022934,126.62373352050781,127.87432861328125,1.1099636424379213,0.9270661422729491,10,2.552586618962061,0.3386987050374349,2.7367621183155557,2.8040033073504493,124.0487742470244,130.44928788676467,125.99843263626099,124.64361071586609,4.988600377932546,1.7768905657500027,10.0,10.0,0.2674649652032747,0.0,1.796907785686999,4.9957653305894905,126.26589760146426,124.37614575066281,0.9876847296978339,0.03930000318169202,certain_temperate,585.8854522705078,711.2585824728012,POINT (538729.2690248273 8669000.11140444),dronbreen
dronbreen-20220329-DAT_0235_A1_1,2310.0,2235,127.14480590820312,538734.1293153627,8668998.514240097,712.824462890625,2022-03-29 10:13:10+00:00,0,2022-05-04,100 MHz,20220329,125.58155000209808,126.62373352050781,127.66590118408203,1.272084578276852,1.1588241943359374,10,2.556732420057652,0.4516010284423828,2.8431844242050865,2.8911975600006774,124.02742380156747,130.26221090302238,126.20685243606567,124.74781346321106,4.9611894077577,1.7768905657500027,10.0,10.0,0.2674649652032747,0.0,1.796907785686999,4.968393890107586,126.47431740126895,124.48034849800779,0.9877049172796434,0.03901999277374817,certain_temperate,585.6796569824219,711.26120698452,POINT (538734.1293153627 8668998.514240097),dronbreen
dronbreen-20220329-DAT_0235_A1_1,2315.0,2239,127.3532485961914,538738.7146361454,8668997.017742291,712.8161926269531,2022-03-29 10:13:11.249999872+00:00,0,2022-05-04,100 MHz,20220329,125.78999269008636,126.72795104980469,127.66590118408203,1.4427761980438563,1.3905992134094238,10,2.560878749804709,0.4516092936197917,2.9488670871404166,2.9738281865176712,124.12755667100652,130.2662955628802,126.41529512405396,124.95625615119934,4.961189407757699,1.7768905657500027,10.0,10.0,0.2674649652032747,0.0,1.796907785686999,4.968393890107585,126.68276008925723,124.68879118599607,0.9877250409915983,0.03895612764059532,certain_temperate,585.4629440307617,711.2529367208481,POINT (538738.7146361454 8668997.017742291),dronbreen
dronbreen-20220329-DAT_0235_A1_1,2320.0,2244,127.56167602539062,538743.435447882,8668995.485280214,712.7185756138393,2022-03-29 10:13:12.571428608+00:00,0,2022-05-04,100 MHz,20220329,125.99842011928558,126.72795104980469,127.97855377197266,1.6132132764052745,1.6996250312805175,10,2.5650248490341547,0.33870697021484375,3.095609816302776,3.0490214763108914,124.14066001711532,130.56584480466202,126.62372255325317,125.16468358039856,4.937354551688873,1.7768905657500027,10.0,10.0,0.2674649652032747,0.0,1.796907785686999,4.944593762554617,126.89118751845645,124.89721861519529,0.9877450974711725,0.038705626215714765,certain_temperate,585.1568995884487,711.1553197077343,POINT (538743.435447882 8668995.485280214),dronbreen
dronbreen-20220329-DAT_0235_A1_1,2325.0,2249,127.66590118408203,538748.4746300805,8668993.902164789,712.5631103515625,2022-03-29 10:13:14+00:00,0,2022-05-04,100 MHz,20220329,126.10264527797699,126.72795104980469,128.18698120117188,1.703308338645319,1.9314000503540039,10,2.5670981535690296,0.11291058858235677,3.214505854027798,3.082855985538444,124.15837098079116,130.7565612701854,126.72794771194458,125.26890873908997,4.913625123796182,1.7768905657500027,10.0,10.0,0.2674649652032747,0.0,1.796907785686999,4.92089924351355,126.99541267714785,125.00144377388669,0.9877551022504358,0.03848815602461619,certain_temperate,584.8972091674805,710.9998544454575,POINT (538748.4746300805 8668993.902164789),dronbreen
dronbreen-20220329-DAT_0235_A1_1,2330.0,2253,127.66590118408203,538753.1377184149,8668992.485484488,712.3882649739584,2022-03-29 10:13:15.333333248+00:00,0,2022-05-04,100 MHz,20220329,126.10264527797699,126.72795104980469,128.29119873046875,1.7789639546325362,2.008650849151611,10,2.5670981535690296,0.11289405822753908,3.26150520959849,3.125292106399406,124.15837170710273,130.8607780731707,126.72794771194458,125.26890873908997,4.8900028745656146,1.7768905657500027,10.0,10.0,0.2674649652032747,0.0,1.796907785686999,4.897312081220796,126.99541267714785,125.00144377388669,0.9877551022504358,0.03830312424235112,certain_temperate,584.7223637898763,710.8250090678533,POINT (538753.1377184149 8668992.485484488),dronbreen
dronbreen-20220329-DAT_0235_A1_1,2335.0,2257,127.77011108398438,538757.215134679,8668991.176040318,712.2532653808594,2022-03-29 10:13:16.500000+00:00,0,2022-05-04,100 MHz,20220329,126.20685517787933,126.93638610839844,128.4996337890625,1.822558190611665,1.9313887390136717,10,2.5691711726869197,0.6774056752522787,3.284780270370957,3.2219927562915385,124.27941057907388,131.15660931838704,126.83215761184692,125.37311863899231,4.866489143956432,1.7768905657500027,10.0,10.0,0.2674649652032747,0.0,1.796907785686999,4.873833613887224,127.0996225770502,125.10565367378904,0.9877650892462831,0.03808785249280755,certain_temperate,584.483154296875,710.6900094747543,POINT (538757.215134679 8668991.176040318),dronbreen
dronbreen-20220329-DAT_0235_A1_1,2340.0,2262,128.29119873046875,538762.5076494961,8668989.46734339,712.1539916992188,2022-03-29 10:13:18+00:00,0,2022-05-04,100 MHz,20220329,126.72794282436371,127.87432861328125,129.02072143554688,1.7718918439106142,1.5451177780151366,10,2.579537297400495,1.1290232340494792,3.211867849031499,3.326906496765539,125.0585327876391,131.83651726118904,127.3532452583313,125.89420628547668,4.890002874565615,1.7768905657500027,10.0,10.0,0.2674649652032747,0.0,1.796907785686999,4.897312081220797,127.62071022353457,125.62674132027341,0.9878147844780113,0.03811643295062809,certain_temperate,583.86279296875,710.5907357931137,POINT (538762.5076494961 8668989.46734339),dronbreen
dronbreen-20220329-DAT_0235_A1_1,2345.0,2266,128.81228637695312,538766.7333727935,8668988.312833803,712.1340070452009,2022-03-29 10:13:19.142856960+00:00,0,2022-05-04,100 MHz,20220329,127.24903047084808,127.97855377197266,129.5417938232422,1.7347267661634376,1.6996363426208496,10,2.5899038686142917,1.2419090270996094,3.3374696668902253,3.355475679169591,125.10628287941138,132.41406471580348,127.87433290481567,126.41529393196106,4.937354551688874,1.7768905657500027,10.0,10.0,0.2674649652032747,0.0,1.796907785686999,4.944593762554618,128.14179787001896,126.14782896675779,0.987864077642948,0.03832984174537762,certain_temperate,583.3217206682477,710.5707511390958,POINT (538766.7333727935 8668988.312833803),dronbreen
dronbreen-20220329-DAT_0235_A1_1,2350.0,2271,129.4375762939453,538772.4572333139,8668986.776072944,712.1257731119791,2022-03-29 10:13:20.666666752+00:00,0,2022-05-04,100 MHz,20220329,127.87432038784027,128.08277893066406,130.37554931640625,1.796008190624117,1.8541322845458983,10,2.6023440323562843,1.1290067036946614,3.3889020535157464,3.3574538002058594,125.2460818020076,133.21224644506273,128.49962282180786,127.04058384895325,4.985127740725903,1.7768905657500027,10.0,10.0,0.2674649652032747,0.0,1.796907785686999,4.992297677319145,128.76708778701115,126.77311888374997,0.9879227041260802,0.038513759940969255,certain_temperate,582.6881968180338,710.5625172058741,POINT (538772.4572333139 8668986.776072944),dronbreen
dronbreen-20220329-DAT_0235_A1_1,2355.0,2275,129.8544464111328,538776.5796246107,8668985.685075467,712.1350555419922,2022-03-29 10:13:21.750000128+00:00,0,2022-05-04,100 MHz,20220329,128.29119050502777,128.70806884765625,130.68820190429688,1.6079351453195325,1.6996419982910156,10,2.610638025674319,1.016137440999349,3.2766978991741196,3.2300807469243176,125.90664667309966,133.48962407885347,128.91649293899536,127.45745396614075,5.009169157472719,1.7768905657500027,10.0,10.0,0.2674649652032747,0.0,1.796907785686999,5.016304731152918,129.18395790419865,127.18998900093747,0.9879614757190862,0.03857526096267173,certain_temperate,582.2806091308594,710.5717996358871,POINT (538776.5796246107 8668985.685075467),dronbreen
dronbreen-20220329-DAT_0235_A1_1,2360.0,2279,130.37554931640625,538781.2777472407,8668984.610647716,712.107177734375,2022-03-29 10:13:23+00:00,0,2022-05-04,100 MHz,20220329,128.8122934103012,129.5417938232422,131.1050567626953,1.3449446711101483,1.4678726348876951,10,2.621006208276102,1.2419420878092449,3.250652821441564,3.197025158118316,126.64143286410385,134.00541772183365,129.4375958442688,127.97855687141418,5.033310870377429,1.7768905657500027,10.0,10.0,0.2674649652032747,0.0,1.796907785686999,5.040412267411345,129.7050608094721,127.71109190621091,0.9880095929466713,0.03860624861615862,certain_temperate,581.7316284179688,710.54392182827,POINT (538781.2777472407 8668984.610647716),dronbreen
dronbreen-20220329-DAT_0235_A1_1,2365.0,2283,131.0008544921875,538786.1144170237,8668983.394016715,712.0645926339286,2022-03-29 10:13:24.285714432+00:00,0,2022-05-04,100 MHz,20220329,129.43759858608246,130.06289672851562,131.9387969970703,1.2535439874893946,1.5451177780151366,10,2.6334482244907176,1.9193229675292969,3.6064163864835703,3.4914499471322213,126.80423899798319,135.19745472760275,130.06290102005005,128.60386204719543,5.081892292036868,1.7768905657500027,10.0,10.0,0.2674649652032747,0.0,1.796907785686999,5.0889258960486865,130.33036598525334,128.33639708199215,0.9880668266465523,0.03879281789219121,certain_temperate,581.063738141741,710.5013367278235,POINT (538786.1144170237 8668983.394016715),dronbreen
dronbreen-20220329-DAT_0235_A1_1,2370.0,2288,132.14723205566406,538791.5222362687,8668982.353329737,711.9789254324777,2022-03-29 10:13:25.714285568+00:00,0,2022-05-04,100 MHz,20220329,130.58397614955902,131.0008544921875,132.8767547607422,1.1902876894569019,1.236091960144043,10,2.6562598472268126,2.3709322611490884,3.7689467357445743,3.754173803464564,127.44037191773963,136.43723733519005,131.2092785835266,129.750239610672,5.130860028935209,1.7768905657500027,10.0,10.0,0.2674649652032747,0.0,1.796907785686999,5.13782659732072,131.4767435487299,129.4827746454687,0.9881703469547772,0.038826844490953465,certain_temperate,579.8316933768136,710.4156695263727,POINT (538791.5222362687 8668982.353329737),dronbreen
dronbreen-20220329-DAT_0235_A1_1,2375.0,2292,133.1894073486328,538796.348223812,8668981.508587023,711.900634765625,2022-03-29 10:13:27+00:00,0,2022-05-04,100 MHz,20220329,131.62615144252777,131.73037719726562,133.50205993652344,1.1484351106036303,0.9270661422729491,10,2.6769996809771976,1.580632527669271,3.2440989676067247,3.3141559532926843,128.62156287674435,136.6108742570447,132.25145387649536,130.79241490364075,5.1554859426706345,1.7768905657500027,10.0,10.0,0.2674649652032747,0.0,1.796907785686999,5.162419279047926,132.51891884169865,130.52494993843746,0.9882629111637,0.03870792764454444,certain_temperate,578.7112274169922,710.33737885952,POINT (538796.348223812 8668981.508587023),dronbreen
dronbreen-20220329-DAT_0235_A1_1,2380.0,2296,133.6062774658203,538801.1247134379,8668980.71560814,711.8177795410156,2022-03-29 10:13:28.249999872+00:00,0,2022-05-04,100 MHz,20220329,132.04302155971527,132.56410217285156,134.44000244140625,1.2306137760847322,0.9270661422729491,10,2.6852960639954593,1.806420644124349,3.3665148339160758,3.4624241162396117,129.32775075577274,137.67635385848507,132.66832399368286,131.20928502082825,5.180203782544254,1.7768905657500027,10.0,10.0,0.2674649652032747,0.11290180683135988,1.800451167971056,5.188332637204632,132.95864162249134,130.91896739201977,0.9882995325088302,0.03877215862008785,certain_temperate,578.2115020751953,710.2545236349106,POINT (538801.1247134379 8668980.71560814),dronbreen
dronbreen-20220329-DAT_0235_A1_1,2385.0,2301,134.85687255859375,538806.5345081331,8668979.940869553,711.7286376953125,2022-03-29 10:13:29.666666752+00:00,0,2022-05-04,100 MHz,20220329,133.39783370494843,133.39784240722656,135.0653076171875,1.4128112906909314,1.1588355056762694,10,2.710186419882204,1.806420644124349,3.4570458057781823,3.550253753907785,130.1408090985187,138.32234092589536,133.9189190864563,132.45988011360168,5.23529814776418,1.6996344647616146,10.0,10.0,0.26722933549776806,0.11290180683135988,1.7242145021840714,5.243329574966599,134.20901964787657,132.1697795521814,0.9891808342729335,0.03882114458415535,certain_temperate,576.8717651367188,710.2695988416672,POINT (538806.5345081331 8668979.940869553),dronbreen
dronbreen-20220329-DAT_0235_A1_1,2390.0,2305,135.27374267578125,538811.666041176,8668979.158142012,711.6642456054688,2022-03-29 10:13:31+00:00,0,2022-05-04,100 MHz,20220329,133.81470382213593,133.81471252441406,136.10748291015625,1.6055652820780255,1.5451290893554686,10,2.7184838022334055,0.9032185872395834,3.2547475942249227,3.283869344897076,130.9501081888486,138.97208724572172,134.3357892036438,132.87675023078918,5.285356789052514,1.6996344647616146,10.0,10.0,0.26722933549776806,0.0,1.7205141183832462,5.292108077631643,134.60301853914157,132.6095208952914,0.9892141754579653,0.03907156469914674,certain_temperate,576.3905029296875,710.2052067518234,POINT (538811.666041176 8668979.158142012),dronbreen
dronbreen-20220329-DAT_0235_A1_1,2395.0,2309,135.69061279296875,538816.5043658675,8668978.553078935,711.6123352050781,2022-03-29 10:13:32.249999872+00:00,0,2022-05-04,100 MHz,20220329,134.23157393932343,134.2315673828125,136.42013549804688,1.7515172763745022,2.1631807250976562,10,2.7267814287273833,0.7903162638346355,3.5692138639157096,3.335828161997024,131.3925646077286,139.2591382731308,134.7526593208313,133.29362034797668,5.310515716200962,1.6996344647616146,10.0,10.0,0.26722933549776806,0.0,1.7205141183832462,5.31723506060885,135.01988865632907,133.0263910124789,0.9892473117807238,0.03913694254077496,certain_temperate,575.9217224121094,710.1532963514328,POINT (538816.5043658675 8668978.553078935),dronbreen
dronbreen-20220329-DAT_0235_A1_1,2400.0,2313,136.00326538085938,538820.8199275004,8668977.870955171,711.5779012044271,2022-03-29 10:13:33.333333248+00:00,0,2022-05-04,100 MHz,20220329,134.54422652721405,134.54421997070312,136.7327880859375,1.9102035822468302,2.317682322692871,10,2.7330048074788644,0.6774139404296875,3.6468968004749027,3.4025112270233118,131.72851314569613,139.5484949109445,135.06531190872192,133.6062729358673,5.310515716200963,1.6996344647616146,10.0,10.0,0.26722933549776806,0.0,1.7205141183832462,5.3172350606088505,135.3325412442197,133.33904360036954,0.9892720307151488,0.0390469721541579,certain_temperate,575.5746358235677,710.1188623507818,POINT (538820.8199275004 8668977.870955171),dronbreen
dronbreen-20220329-DAT_0235_A1_1,2405.0,2317,136.31591796875,538826.3207188296,8668977.160942333,711.5313110351562,2022-03-29 10:13:34.666666752+00:00,0,2022-05-04,100 MHz,20220329,134.85687911510468,135.27374267578125,137.14964294433594,2.0652646373323793,2.2404258682250977,10,2.7392283213827193,1.2419090270996094,3.750362369061005,3.648428134206885,132.26613401967975,140.15725160043743,135.37796449661255,133.91892552375793,5.335759568737917,1.6996344647616146,10.0,10.0,0.26722933549776806,0.0,1.7205141183832462,5.342447163344605,135.64519383211032,133.65169618826016,0.9892966362594586,0.03914260086603476,certain_temperate,575.2153930664062,710.0722721815109,POINT (538826.3207188296 8668977.160942333),dronbreen
dronbreen-20220329-DAT_0235_A1_1,2410.0,2321,137.14964294433594,538830.8615987215,8668976.54736431,711.4844055175781,2022-03-29 10:13:35.750000128+00:00,0,2022-05-04,100 MHz,20220329,135.6906040906906,136.00326538085938,137.6707305908203,2.243832655219638,2.2404145568847653,10,2.7558247084862884,1.2419090270996094,3.7624945504540195,3.7645308924386645,132.9805335278008,140.6934624438789,136.2116894721985,134.75265049934387,5.335759568737917,1.6996344647616146,10.0,10.0,0.26722933549776806,0.0,1.7205141183832462,5.342447163344605,136.47891880769626,134.4854211638461,0.9893617014064157,0.038904655194060604,certain_temperate,574.3347625732422,710.0253666639328,POINT (538830.8615987215 8668976.54736431),dronbreen
dronbreen-20220329-DAT_0235_A1_1,2415.0,2325,137.46229553222656,538836.1562846455,8668975.769428272,711.441162109375,2022-03-29 10:13:37+00:00,0,2022-05-04,100 MHz,20220329,136.00325667858124,136.42013549804688,138.1918182373047,2.436417334732902,2.3176710113525387,10,2.7620487101417455,0.5645116170247396,3.649545911454666,3.726085864810223,133.6009890947979,141.01096464055365,136.5243420600891,135.0653030872345,5.335759568737917,1.6996344647616146,10.0,10.0,0.26722933549776806,0.0,1.7205141183832462,5.342447163344605,136.79157139558689,134.79807375173672,0.989385897798402,0.03881616808506595,certain_temperate,573.9788665771484,709.9821232557297,POINT (538836.1562846455 8668975.769428272),dronbreen
dronbreen-20220329-DAT_0235_A1_1,2420.0,2329,137.6707305908203,538840.9370633853,8668975.162799595,711.3683384486607,2022-03-29 10:13:38.142856960+00:00,0,2022-05-04,100 MHz,20220329,136.211691737175,136.62855529785156,138.81710815429688,2.6783115393701302,2.6267081405639647,10,2.7661981173741137,0.5645116170247396,3.8561795920347097,3.8915135991337837,133.80534340528664,141.6403200468618,136.73277711868286,135.27373814582825,5.335759568737916,1.6996344647616146,10.0,10.0,0.26722933549776806,0.0,1.7205141183832462,5.3424471633446045,137.00000645418064,135.00650881033047,0.9894019676703698,0.03875739996322571,certain_temperate,573.6976078578404,709.9092995950153,POINT (538840.9370633853 8668975.162799595),dronbreen
dronbreen-20220329-DAT_0235_A1_1,2425.0,2333,137.98338317871094,538845.7562255844,8668974.557282014,711.2873942057291,2022-03-29 10:13:39.333333248+00:00,0,2022-05-04,100 MHz,20220329,136.5243443250656,136.7327880859375,139.3382110595703,2.467229609725851,3.0129904129028318,10,2.7724223367620575,0.9032185872395834,4.192879757154578,3.8196009447087835,133.81694696720137,142.25405217830644,137.0454297065735,135.58639073371887,5.361087379143484,1.6996344647616146,10.0,10.0,0.26722933549776806,0.0,1.7205141183832462,5.367743418286881,137.31265904207126,135.3191613982211,0.9894259814476672,0.038853137643392925,certain_temperate,573.3040110270182,709.8283553520838,POINT (538845.7562255844 8668974.557282014),dronbreen
dronbreen-20220329-DAT_0235_A1_1,2430.0,2338,138.5044708251953,538850.7110702203,8668973.90917495,711.1822814941406,2022-03-29 10:13:40.750000128+00:00,0,2022-05-04,100 MHz,20220329,137.04543197155,136.8369903564453,140.06773376464844,2.0664320572353474,2.6267194519042967,10,2.782796323022393,0.7903327941894532,3.907459069524679,3.555098134815433,133.94414032559368,142.96058379550007,137.56651735305786,136.00326132774353,5.357743549742638,1.6996344647616146,10.0,10.0,0.26722933549776806,0.0,1.7205141183832462,5.364403737840714,137.83374668855564,135.73603199224576,0.9894657634879761,0.03868282025714951,certain_temperate,572.6778106689453,709.7232426404953,POINT (538850.7110702203 8668973.90917495),dronbreen
dronbreen-20220329-DAT_0235_A1_1,2435.0,2344,138.71292114257812,538855.9628606132,8668973.176601553,711.0955810546875,2022-03-29 10:13:42.333333248+00:00,0,2022-05-04,100 MHz,20220329,137.2538822889328,137.14964294433594,139.4424285888672,1.6168015308556123,2.2404258682250977,10,2.7869463211125614,0.338690439860026,3.5918364497604287,3.239726562688967,134.34219196331856,142.24987956988457,137.77496767044067,136.21171164512634,5.357743549742638,1.6996344647616146,10.0,10.0,0.26722933549776806,0.0,1.7205141183832462,5.364403737840714,138.04219700593845,135.94448230962857,0.9894815937720349,0.03862468979537676,certain_temperate,572.3826599121094,709.6365422010422,POINT (538855.9628606132 8668973.176601553),dronbreen
dronbreen-20220329-DAT_0235_A1_1,2440.0,2348,138.81710815429688,538860.6192912458,8668972.442401014,711.0686442057291,2022-03-29 10:13:43.666666752+00:00,0,2022-05-04,100 MHz,20220329,137.35806930065155,137.6707305908203,139.3382110595703,1.3645450692889665,1.9314113616943358,10,2.789020581947846,0.33870697021484375,3.4093559606299237,3.1233542009067197,134.8612184947081,142.1477231556825,137.87915468215942,136.3158986568451,5.383147272177607,1.6996344647616146,10.0,10.0,0.26722933549776806,0.0,1.7205141183832462,5.389776068790223,138.1463840176572,136.04866932134732,0.9894894881974952,0.03877870201844411,certain_temperate,572.2515360514323,709.6096053520838,POINT (538860.6192912458 8668972.442401014),dronbreen
dronbreen-20220329-DAT_0235_A1_1,2445.0,2352,138.4002685546875,538865.3560608474,8668971.58646959,711.0711669921875,2022-03-29 10:13:45+00:00,0,2022-05-04,100 MHz,20220329,136.94122970104218,138.1918182373047,139.12979125976562,1.1437557214383023,1.3133597259521483,10,2.7807218009725188,0.33869043986002606,3.093871154106054,3.02577297541955,135.3905462140166,141.9310632830537,137.46231508255005,135.89905905723572,5.383147272177606,1.6996344647616146,10.0,10.0,0.26722933549776806,0.0,1.7205141183832462,5.389776068790222,137.72954441804782,135.63182972173794,0.9894578322073935,0.03889549730209164,certain_temperate,572.6708984375,709.6121281385422,POINT (538865.3560608474 8668971.58646959),dronbreen
dronbreen-20220329-DAT_0235_A1_1,2450.0,2357,138.5044708251953,538870.1365805962,8668970.545737347,711.0989990234375,2022-03-29 10:13:46.333333248+00:00,0,2022-05-04,100 MHz,20220329,137.04543197155,137.56651306152344,138.81710815429688,1.073036759904998,1.5451290893554686,10,2.782796323022393,0.33870697021484375,3.200953247061183,3.001680475201597,134.76317972652757,141.62044148929274,137.56651735305786,136.00326132774353,5.383147272177607,1.6996344647616146,10.0,10.0,0.26722933549776806,0.0,1.7205141183832462,5.389776068790223,137.83374668855564,135.73603199224576,0.9894657634879761,0.038866234715062786,certain_temperate,572.5945281982422,709.6399601697922,POINT (538870.1365805962 8668970.545737347),dronbreen
dronbreen-20220329-DAT_0235_A1_1,2455.0,2361,138.08761596679688,538874.8989536893,8668969.6905812,711.1211344401041,2022-03-29 10:13:47.666666752+00:00,0,2022-05-04,100 MHz,20220329,136.62857711315155,137.2538604736328,139.12979125976562,1.1355488699602205,1.3133484146118164,10,2.7744974091459214,1.1290232340494792,3.270690048681524,3.203435745016421,134.2584424166029,142.12520931679555,137.14966249465942,135.5864064693451,5.375283984390322,1.6223783637732268,10.0,10.0,0.26722933549776806,0.0,1.6442393600051275,5.381922466051854,137.4168918301572,135.31917713384732,0.9894339630427383,0.03892661877574023,certain_temperate,573.0335184733073,709.6620955864588,POINT (538874.8989536893 8668969.6905812),dronbreen
dronbreen-20220329-DAT_0235_A1_1,2460.0,2367,137.46229553222656,538880.8656173426,8668968.59104118,711.1502176920573,2022-03-29 10:13:49.333333248+00:00,0,2022-05-04,100 MHz,20220329,136.00325667858124,136.62855529785156,138.29603576660156,1.3749361353534943,1.3906161804199217,10,2.7620487101417455,1.2419420878092449,3.332438534753996,3.325925826438177,133.60013438479015,141.32445667966297,136.5243420600891,134.96108603477478,5.400783496005964,1.6223783637732268,10.0,10.0,0.26722933549776806,0.0,1.6442393600051275,5.407390672818174,136.79157139558689,134.693856699277,0.989385897798402,0.039289199086158196,certain_temperate,573.6879221598307,709.6911788384119,POINT (538880.8656173426 8668968.59104118),dronbreen
dronbreen-20220329-DAT_0235_A1_1,2465.0,2371,136.9412078857422,538885.5804032803,8668967.610494727,711.1690572102865,2022-03-29 10:13:50.666666752+00:00,0,2022-05-04,100 MHz,20220329,135.48216903209686,136.10748291015625,137.77496337890625,1.5150741597289386,1.4678613235473632,10,2.75167544722891,1.4677136739095051,3.446812739420228,3.4671819832454296,132.98884519547002,140.89360109359248,136.00325441360474,134.4399983882904,5.400783496005964,1.6223783637732268,10.0,10.0,0.26722933549776806,0.0,1.6442393600051275,5.407390672818174,136.2704837491025,134.17276905279263,0.9893455090971398,0.03943870204878099,certain_temperate,574.2278493245443,709.7100183566412,POINT (538885.5804032803 8668967.610494727),dronbreen
dronbreen-20220329-DAT_0235_A1_1,2470.0,2375,136.10748291015625,538890.2733230239,8668966.722373547,711.17578125,2022-03-29 10:13:52+00:00,0,2022-05-04,100 MHz,20220329,134.64844405651093,135.37796020507812,137.14964294433594,1.658800421405217,1.4678613235473632,10,2.735079297142112,2.0322252909342446,3.7101503015288184,3.7897516056889913,131.9705273891934,140.55707576022067,135.1695294380188,133.60627341270447,5.375283984390323,1.6223783637732268,10.0,10.0,0.26722933549776806,0.0,1.6442393600051275,5.381922466051855,135.43675877351657,133.3390440772067,0.9892802451235658,0.03949293506469821,certain_temperate,575.0682983398438,709.7167423963547,POINT (538890.2733230239 8668966.722373547),dronbreen
dronbreen-20220329-DAT_0235_A1_1,2475.0,2380,135.0653076171875,538894.925941025,8668965.678039232,711.1710408528646,2022-03-29 10:13:53.333333248+00:00,0,2022-05-04,100 MHz,20220329,133.60626876354218,134.6484375,136.31591796875,1.857284598024842,1.5451290893554686,10,2.714335080400022,2.1451441446940107,3.7890212763954825,3.9266734532254515,131.18877590813798,139.77557956061202,134.12735414505005,132.56409811973572,5.324529620086639,1.6223783637732268,10.0,10.0,0.26722933549776806,0.0,1.6442393600051275,5.331231301766088,134.39458348054782,132.29686878423794,0.9891975305917886,0.03942188941054968,certain_temperate,576.1057332356771,709.7120019992193,POINT (538894.925941025 8668965.678039232),dronbreen
dronbreen-20220329-DAT_0235_A1_1,2480.0,2384,134.12734985351562,538899.458055986,8668964.816327294,711.1398315429688,2022-03-29 10:13:54.666666752+00:00,0,2022-05-04,100 MHz,20220329,132.6683109998703,134.12734985351562,135.69061279296875,1.7650749328338018,1.4678613235473632,10,2.695666595017075,1.6935183207194011,3.505601169452884,3.640070358196591,130.94385763676635,138.87410500971802,133.18939638137817,131.62614035606384,5.299277817716757,1.6223783637732268,10.0,10.0,0.26722933549776806,0.0,1.6442393600051275,5.306011393419303,133.45662571687595,131.35891102056607,0.9891219885039197,0.039509300851051275,certain_temperate,577.0124816894531,709.6807926893234,POINT (538899.458055986 8668964.816327294),dronbreen
dronbreen-20220329-DAT_0235_A1_1,2485.0,2389,133.50205993652344,538904.931674935,8668963.609627362,711.0923461914062,2022-03-29 10:13:56.249999872+00:00,0,2022-05-04,100 MHz,20220329,132.0430210828781,132.8767547607422,134.85687255859375,1.6498666201238792,1.5451177780151366,10,2.683221944401551,1.5806159973144531,3.4764084745355857,3.524214351892262,129.7625892330471,137.97103808628884,132.564106464386,131.00085043907166,5.249030068881412,1.6223783637732268,10.0,10.0,0.26722933549776806,0.0,1.6442393600051275,5.255828020566482,132.83133579988376,130.73362110357388,0.9890710386466017,0.03931797060942117,certain_temperate,577.5902862548828,709.6333073377609,POINT (538904.931674935 8668963.609627362),dronbreen
dronbreen-20220329-DAT_0235_A1_1,2490.0,2394,132.66831970214844,538909.4806912199,8668962.717422508,711.0450439453125,2022-03-29 10:13:57.500000+00:00,0,2022-05-04,100 MHz,20220329,131.2092808485031,131.83457946777344,133.91893005371094,1.5736802180697858,1.62237423248291,10,2.666629562019552,2.4838511149088545,3.989050981410874,3.969496065096263,128.19034709564477,137.5631624258396,131.730366230011,130.16711020469666,5.224037047602389,1.6223783637732268,10.0,10.0,0.26722933549776806,0.0,1.6442393600051275,5.230867479918877,131.99759556550876,129.89988086919888,0.9890023567275067,0.03937667303943242,certain_temperate,578.3767242431641,709.5860050916672,POINT (538909.4806912199 8668962.717422508),dronbreen
dronbreen-20220329-DAT_0235_A1_1,2495.0,2399,131.2092742919922,538915.1193785466,8668961.670593891,711.0020751953125,2022-03-29 10:13:59+00:00,0,2022-05-04,100 MHz,20220329,129.75023543834686,130.89662170410156,132.98097229003906,1.5412952461914318,1.5451177780151366,10,2.6375953943113597,2.70965576171875,4.084915269506401,4.083470931332856,127.11520083211335,136.76239316202728,130.27132081985474,128.7080647945404,5.174318105967014,1.6223783637732268,10.0,10.0,0.26722933549776806,0.0,1.6442393600051275,5.181214083541486,130.5385501553525,128.44083545904263,0.9888800630784803,0.039435612565405426,certain_temperate,579.7928009033203,709.5430363416672,POINT (538915.1193785466 8668961.670593891),dronbreen
dronbreen-20220329-DAT_0235_A1_1,2500.0,2403,130.16709899902344,538920.2656394999,8668960.826675301,710.9926961263021,2022-03-29 10:14:00.333333248+00:00,0,2022-05-04,100 MHz,20220329,128.7080601453781,130.06289672851562,131.9387969970703,1.4872598254473084,1.3906048690795898,10,2.6168587017125375,1.9193394978841147,3.530665018771186,3.5698396828507906,126.81762115117759,135.18407257440833,129.229145526886,127.66588950157166,5.149595449613591,1.6223783637732268,10.0,10.0,0.26722933549776806,0.0,1.6442393600051275,5.156524489656922,129.49637486238376,127.39866016607388,0.9887910319515051,0.039561421351583054,certain_temperate,580.8255971272787,709.5336572726568,POINT (538920.2656394999 8668960.826675301),dronbreen
dronbreen-20220329-DAT_0235_A1_1,2505.0,2407,129.4375762939453,538924.7686231423,8668960.088262133,711.0043029785156,2022-03-29 10:14:01.500000+00:00,0,2022-05-04,100 MHz,20220329,127.97853744029999,129.12493896484375,130.7924041748047,1.45278241621321,1.3133484146118164,10,2.6023440323562843,1.5806159973144531,3.3159350795620384,3.373591282678597,126.08018258810246,133.83716055154596,128.49962282180786,126.93636679649353,5.124964779324016,1.6223783637732268,10.0,10.0,0.26722933549776806,0.0,1.6442393600051275,5.131927075384279,128.76685215730564,126.66913746099576,0.988727857122943,0.03959410339765259,certain_temperate,581.5667266845703,709.5452641248703,POINT (538924.7686231423 8668960.088262133),dronbreen
dronbreen-20220329-DAT_0235_A1_1,2510.0,2411,128.70806884765625,538929.2570299407,8668959.41147337,711.0179646809896,2022-03-29 10:14:02.666666752+00:00,0,2022-05-04,100 MHz,20220329,127.24902999401093,128.18698120117188,130.16709899902344,1.487258631456115,1.4678669792175292,10,2.5878305189090742,1.4676971435546875,3.317474215193389,3.3260998085800906,125.21191789095548,133.14216230923984,127.7701153755188,126.20685935020447,5.100428789840172,1.6223783637732268,10.0,10.0,0.26722933549776806,0.0,1.6442393600051275,5.107424532773936,128.03734471101657,125.9396300147067,0.988663967483093,0.03962788685670696,certain_temperate,582.3098958333334,709.5589258273443,POINT (538929.2570299407 8668959.41147337),dronbreen
dronbreen-20220329-DAT_0235_A1_1,2515.0,2415,128.08277893066406,538934.3741408756,8668958.690815734,711.0194702148438,2022-03-29 10:14:04+00:00,0,2022-05-04,100 MHz,20220329,126.62374007701874,127.2490234375,129.5417938232422,1.5012702802655753,2.0859016479492185,10,2.57539109718127,1.4677219390869143,3.624614831790388,3.3227487789970334,124.28476181039662,132.50605545034557,127.14482545852661,125.58156943321228,5.075987720451666,1.6223783637732268,10.0,10.0,0.26722933549776806,0.0,1.6442393600051275,5.083017101675606,127.41205479402439,125.3143400977145,0.9886086258759645,0.039630524593782315,certain_temperate,582.9366912841797,709.5604313611984,POINT (538934.3741408756 8668958.690815734),dronbreen
dronbreen-20220329-DAT_0235_A1_1,2520.0,2420,127.3532485961914,538939.2957682355,8668958.088594006,710.9783935546875,2022-03-29 10:14:05.333333248+00:00,0,2022-05-04,100 MHz,20220329,125.89420974254608,126.72795104980469,128.81228637695312,1.3489072006081682,1.6996419982910156,9,2.560878749804709,1.6935348510742188,3.5092653341346223,3.3534625238485773,123.65774580210474,131.88249162465308,126.41529512405396,124.85203909873962,5.051643627671955,1.6223783637732268,10.0,10.0,0.26722933549776806,0.0,1.6442393600051275,5.058706836608467,126.68252445955173,124.58480976324185,0.9885433715297549,0.03966639000854689,certain_temperate,583.6251449584961,709.5193547010422,POINT (538939.2957682355 8668958.088594006),dronbreen
dronbreen-20220329-DAT_0235_A1_1,2525.0,2425,126.51951599121094,538944.4266473246,8668957.445911208,710.8857421875,2022-03-29 10:14:06.750000128+00:00,0,2022-05-04,100 MHz,20220329,125.06047713756561,125.89421081542969,128.08277893066406,1.2291927434556889,1.3906048690795898,9,2.5442946312603247,1.5806242624918623,3.3023612963674824,3.2377033573819234,122.89891312908229,131.07807661701145,125.58156251907349,124.01830649375916,5.027397250080301,1.6223783637732268,10.0,10.0,0.26722933549776806,0.0,1.6442393600051275,5.034494475899795,125.84879185457126,123.75107715826138,0.9884678751557453,0.039736140394573946,certain_temperate,584.3662261962891,709.4267033338547,POINT (538944.4266473246 8668957.445911208),dronbreen
dronbreen-20220329-DAT_0235_A1_1,2530.0,2429,125.89421081542969,538948.8319773275,8668956.875332175,710.811279296875,2022-03-29 10:14:08+00:00,0,2022-05-04,100 MHz,20220329,124.43517196178436,125.26890563964844,127.45745849609375,1.1579081337543562,1.3906161804199217,9,2.531857208994208,1.580632527669271,3.2927972114158175,3.2014764344715374,122.28416107532436,130.44220306041782,124.95625734329224,123.3930013179779,5.003251122718663,1.6223783637732268,10.0,10.0,0.26722933549776806,0.0,1.6442393600051275,5.01038255173556,125.22348667879001,123.12577198248013,0.9884105961330948,0.03974170925185593,certain_temperate,584.9170684814453,709.3522404432297,POINT (538948.8319773275 8668956.875332175),dronbreen
dronbreen-20220329-DAT_0235_A1_1,2535.0,2434,125.06047058105469,538954.8081113232,8668956.117543094,710.7349344889323,2022-03-29 10:14:09.666666752+00:00,0,2022-05-04,100 MHz,20220329,123.60143172740936,124.64360809326172,126.51951599121094,1.0679087273136145,1.5451064666748047,9,2.515275038794354,1.6935183207194011,3.403228881041429,3.214815993687163,121.61134609544652,129.55177798902614,124.12251710891724,122.5592610836029,4.979205368665236,1.6223783637732268,10.0,10.0,0.26722933549776806,0.0,1.6442393600051275,4.986371187656941,124.38974644441501,122.29203174810513,0.9883333330918527,0.03981438215873412,certain_temperate,585.6744639078776,709.2758956352869,POINT (538954.8081113232 8668956.117543094),dronbreen
dronbreen-20220329-DAT_0235_A1_1,2540.0,2439,124.33096313476562,538959.665787442,8668955.513543962,710.6976318359375,2022-03-29 10:14:11+00:00,0,2022-05-04,100 MHz,20220329,122.8719242811203,123.9140853881836,125.47733306884766,0.965687152909846,1.2360806488037108,9,2.5007669538778257,1.69352658589681,3.263397466612623,3.1708704375993997,120.8938424087618,128.49757604826945,123.39300966262817,121.82975363731384,4.955262778924158,1.6223783637732268,10.0,10.0,0.26722933549776806,0.0,1.6442393600051275,4.962463171242861,123.66023899812595,121.56252430181607,0.9882648793441434,0.039855420194509536,certain_temperate,586.3666687011719,709.2385929822922,POINT (538959.665787442 8668955.513543962),dronbreen
dronbreen-20220329-DAT_0235_A1_1,2545.0,2444,123.4972152709961,538964.5032535845,8668954.722899502,710.7048950195312,2022-03-29 10:14:12.333333248+00:00,0,2022-05-04,100 MHz,20220329,122.03817641735077,123.18456268310547,124.53939056396484,0.9292298541719209,1.236103271484375,9,2.484186963953458,1.6935431162516277,3.250726758165618,3.146862132404905,120.17802428180747,127.54592896526285,122.55926179885864,120.8917887210846,4.928400577710747,1.6223783637732268,10.0,10.0,0.26722933549776806,0.0,1.6442393600051275,4.935640158290533,122.82649113435642,120.62455938558682,0.9881856538186413,0.03990697739132103,certain_temperate,587.2076797485352,709.2458561658859,POINT (538964.5032535845 8668954.722899502),dronbreen
dronbreen-20220329-DAT_0235_A1_1,2550.0,2448,122.76769256591797,538969.3645230397,8668953.994985769,710.7006632486979,2022-03-29 10:14:13.666666752+00:00,0,2022-05-04,100 MHz,20220329,121.30865371227264,122.66348266601562,123.70565795898438,0.8889044631760937,1.2360806488037108,9,2.4696806544944025,1.4677219390869143,3.127527073585128,3.0072714161371152,119.79058687506515,126.57855374993485,121.82973909378052,120.16226601600647,4.904677039769371,1.6223783637732268,10.0,10.0,0.26722933549776806,0.0,1.6442393600051275,4.911951585896529,122.09696842927829,119.8950366805087,0.9881154494056983,0.03995087744388362,certain_temperate,587.9329706827799,709.2416243950526,POINT (538969.3645230397 8668953.994985769),dronbreen
dronbreen-20220329-DAT_0235_A1_1,2555.0,2452,122.14239501953125,538974.2495961784,8668953.329809038,710.6638793945312,2022-03-29 10:14:15+00:00,0,2022-05-04,100 MHz,20220329,120.68335616588593,121.93396759033203,122.87191009521484,0.8353628819512221,0.9270548309326171,9,2.457247619684041,1.5806159973144531,3.065264010646514,3.038789880849135,119.01225357362723,125.79362411191964,121.2044415473938,119.53696846961975,4.881060933652181,1.6223783637732268,10.0,10.0,0.26722933549776806,0.0,1.6442393600051275,4.88837062381486,121.47167088289157,119.26973913412198,0.9880546074652293,0.039962053575842135,certain_temperate,588.521484375,709.2048405408859,POINT (538974.2495961784 8668953.329809038),dronbreen
dronbreen-20220329-DAT_0235_A1_1,2560.0,2456,121.30866241455078,538979.1346727314,8668952.664642273,710.615966796875,2022-03-29 10:14:16.333333248+00:00,0,2022-05-04,100 MHz,20220329,119.84962356090546,121.1002197265625,122.14239501953125,0.8663890350145236,0.7725758560180663,9,2.4406713483635967,2.032233556111654,3.268596535305519,3.2920327788924872,117.92423958536054,125.31837516073321,120.37070894241333,118.70323586463928,4.904677039769372,1.6223783637732268,10.0,10.0,0.26722933549776806,0.0,1.6442393600051275,4.91195158589653,120.6379382779111,118.43600652914151,0.9879725089321377,0.040431383399550734,certain_temperate,589.3073043823242,709.1569279432297,POINT (538979.1346727314 8668952.664642273),dronbreen
dronbreen-20220329-DAT_0235_A1_1,2565.0,2461,120.26648712158203,538984.3267530502,8668951.899823323,710.5605773925781,2022-03-29 10:14:17.750000128+00:00,0,2022-05-04,100 MHz,20220329,118.8074482679367,120.16226196289062,121.1002197265625,0.8843094781122078,0.9270774536132812,9,2.419952720576636,1.919331232706706,3.2248218796807664,3.2127880110192133,117.0735723458087,124.18890934364443,119.32853364944458,117.66106057167053,4.904677039769371,1.6223783637732268,10.0,10.0,0.26722933549776806,0.0,1.6442393600051275,4.911951585896529,119.59576298494235,117.39383123617276,0.9878682841033651,0.040781743585900566,certain_temperate,590.2940902709961,709.1015385389328,POINT (538984.3267530502 8668951.899823323),dronbreen
dronbreen-20220329-DAT_0235_A1_1,2570.0,2466,119.53697204589844,538988.9869843677,8668951.150660846,710.5418090820312,2022-03-29 10:14:19+00:00,0,2022-05-04,100 MHz,20220329,118.07793319225311,119.0158920288086,120.47491455078125,0.9608303865589919,1.081579051208496,9,2.4054511166017827,1.4677219390869143,3.0183134378077576,2.9771795035860564,116.19802000104761,123.29278657854223,118.59901857376099,116.93154549598694,4.928400577710747,1.6223783637732268,10.0,10.0,0.26722933549776806,0.0,1.6442393600051275,4.935640158290533,118.86624790925876,116.66431616048916,0.9877942461761111,0.04122908999082222,certain_temperate,591.0048370361328,709.0827702283859,POINT (538988.9869843677 8668951.150660846),dronbreen
dronbreen-20220329-DAT_0235_A1_1,2575.0,2470,118.91166687011719,538994.1589279057,8668950.30776365,710.554443359375,2022-03-29 10:14:20.333333248+00:00,0,2022-05-04,100 MHz,20220329,117.45262801647186,118.39057159423828,119.95384216308594,1.0117692933396087,0.9270774536132812,9,2.393021898590126,1.241933822631836,2.8510394651647495,2.87969278393959,115.69447192491431,122.64994183240991,117.97371339797974,116.30624032020569,4.9522297910134325,1.6223783637732268,10.0,10.0,0.26722933549776806,0.0,1.6442393600051275,4.959434586800347,118.24094273347751,116.03901098470791,0.9877300613804448,0.04164629023679039,certain_temperate,591.6427764892578,709.0954045057297,POINT (538994.1589279057 8668950.30776365),dronbreen
dronbreen-20220329-DAT_0235_A1_1,2580.0,2474,118.39057159423828,538999.4552355598,8668949.592537344,710.5662434895834,2022-03-29 10:14:21.666666752+00:00,0,2022-05-04,100 MHz,20220329,116.93153274059296,117.66107177734375,119.22431945800781,1.0691770369285292,1.2360806488037108,9,2.382664679925437,1.3548113505045576,3.006742447029205,2.942064633674019,114.92015864985865,121.96523258549291,117.45261812210083,115.78514504432678,4.9761627225805505,1.6223783637732268,10.0,10.0,0.26722933549776806,0.0,1.6442393600051275,4.983332916768742,117.7198474575986,115.51791570882901,0.9876760553311128,0.042031748437159545,certain_temperate,592.1756718953451,709.107204635938,POINT (538999.4552355598 8668949.592537344),dronbreen
dronbreen-20220329-DAT_0235_A1_1,2585.0,2478,117.66107177734375,539003.829978788,8668948.974732187,710.570068359375,2022-03-29 10:14:22.750000128+00:00,0,2022-05-04,100 MHz,20220329,116.20203292369843,117.03575897216797,118.49479675292969,1.113277262919223,1.0815903625488281,9,2.3681661944883206,1.6935183207194013,3.1058095787874795,3.11698599474917,114.12436490276933,121.40619082232833,116.7231183052063,115.05564522743225,5.000198973247062,1.6223783637732268,10.0,10.0,0.26722933549776806,0.0,1.6442393600051275,5.00733474912668,116.99034764070407,114.78841589193448,0.9875996467514222,0.04249662949449587,certain_temperate,592.9089965820312,709.1110295057297,POINT (539003.829978788 8668948.974732187),dronbreen
dronbreen-20220329-DAT_0235_A1_1,2590.0,2482,116.82732391357422,539008.8562128786,8668948.189702,710.5712890625,2022-03-29 10:14:24+00:00,0,2022-05-04,100 MHz,20220329,115.3682850599289,116.30624389648438,117.76527404785156,1.184189308365152,1.2360806488037108,9,2.3515972114975128,1.5806407928466797,3.0913314496315114,3.0709508428465924,113.47279462728369,120.59872331705225,115.88937044143677,114.22189736366272,5.000198973247062,1.6223783637732268,10.0,10.0,0.26722933549776806,0.0,1.6442393600051275,5.00733474912668,116.15659977693454,113.95466802816495,0.9875111506044195,0.04279991020718815,certain_temperate,593.7439651489258,709.1122502088547,POINT (539008.8562128786 8668948.189702),dronbreen
dronbreen-20220329-DAT_0235_A1_1,2595.0,2486,116.20201873779297,539014.1141218487,8668947.411397098,710.5776803152902,2022-03-29 10:14:25.285714432+00:00,0,2022-05-04,100 MHz,20220329,114.74297988414764,115.57672119140625,116.618896484375,1.1688541145831883,1.0043339080810547,10,2.339171576326832,1.580632527669271,2.9964661603199976,3.055542961929934,112.75358059075926,119.442037085022,115.26406526565552,113.59659218788147,5.024335749990855,1.6223783637732268,10.0,10.0,0.26722933549776806,0.0,1.6442393600051275,5.031437294291438,115.53129460115329,113.3293628523837,0.9874439457292251,0.043237938588039045,certain_temperate,594.3756615774972,709.1186414616449,POINT (539014.1141218487 8668947.411397098),dronbreen
dronbreen-20220329-DAT_0235_A1_1,2600.0,2490,115.36827850341797,539018.785432949,8668946.80222225,710.5663800920759,2022-03-29 10:14:26.428571392+00:00,0,2022-05-04,100 MHz,20220329,113.90923964977264,114.6387710571289,116.0978012084961,1.2707059290116276,1.081579051208496,10,2.322605406421178,2.3709322611490884,3.4907920168505435,3.553942770912289,111.31976282259643,119.41680944302857,114.43032503128052,112.76285195350647,5.048572926713023,1.6223783637732268,10.0,10.0,0.26722933549776806,0.0,1.6442393600051275,5.05564042571169,114.69755436677829,112.4956226180087,0.9873532059889227,0.04376049458485636,certain_temperate,595.1981015886579,709.1073412384305,POINT (539018.785432949 8668946.80222225),dronbreen
dronbreen-20220329-DAT_0235_A1_1,2605.0,2495,114.01346588134766,539024.0447228523,8668946.023988882,710.5615539550781,2022-03-29 10:14:27.750000128+00:00,0,2022-05-04,100 MHz,20220329,112.55442702770233,113.8050308227539,114.95142364501953,1.3007885000100057,1.1588524726867675,10,2.2956890383740762,2.4838428497314458,3.575276565040131,3.6237707136118864,110.42277366767641,118.33368080009703,113.0755124092102,111.40803933143616,5.0973401275407495,1.6223783637732268,10.0,10.0,0.26722933549776806,0.0,1.6442393600051275,5.104340103636093,113.34274174470798,111.14080999593838,0.987202925177595,0.04470822887574952,certain_temperate,596.5480880737305,709.1025151014328,POINT (539024.0447228523 8668946.023988882),dronbreen
dronbreen-20220329-DAT_0235_A1_1,2610.0,2499,113.07550048828125,539028.8353040629,8668945.418296512,710.5552368164062,2022-03-29 10:14:29+00:00,0,2022-05-04,100 MHz,20220329,111.61646163463593,112.97130584716797,114.11768341064453,1.320081543522938,1.236097615814209,10,2.27705676790679,1.8064206441243493,3.158493372418299,3.1922967201277905,110.06473689601805,117.02425236179445,112.1375470161438,110.47007393836975,5.1464893967201855,1.6223783637732268,10.0,10.0,0.26722933549776806,0.0,1.6442393600051275,5.153422613012044,112.40477635164157,110.20284460287198,0.9870967729760654,0.04551374413110424,certain_temperate,597.479736328125,709.0961979627609,POINT (539028.8353040629 8668945.418296512),dronbreen
dronbreen-20220329-DAT_0235_A1_1,2615.0,2503,112.34600067138672,539033.539529694,8668944.81012337,710.5364074707031,2022-03-29 10:14:30.249999872+00:00,0,2022-05-04,100 MHz,20220329,110.8869618177414,111.82490539550781,112.86707305908203,1.3113256688127122,1.0043282524108885,10,2.2625670259115176,2.145127614339193,3.275585026698797,3.3823596849285193,108.70708852652037,115.98488992806948,111.40804719924927,109.74057412147522,5.196009892262347,1.6223783637732268,10.0,10.0,0.26722933549776806,0.0,1.6442393600051275,5.202877119271485,111.67527653474704,109.47334478597745,0.9870129880465168,0.04625006552267697,certain_temperate,598.1904067993164,709.0773686170578,POINT (539033.539529694 8668944.81012337),dronbreen
dronbreen-20220329-DAT_0235_A1_1,2620.0,2508,111.09538269042969,539038.7900897916,8668943.907643056,710.5258992513021,2022-03-29 10:14:31.666666752+00:00,0,2022-05-04,100 MHz,20220329,109.63634383678436,110.47007751464844,111.92913055419922,1.3339506449937835,1.1588524726867675,10,2.2377295685701637,2.4838511149088545,3.538345522492031,3.59949639621524,107.1268829371392,115.27232513170846,110.15742921829224,108.48995614051819,5.245890872162076,1.6223783637732268,10.0,10.0,0.26722933549776806,0.11290193597475688,1.6481110157197905,5.253906109508507,110.44752982997278,108.19985552883765,0.9868667912355009,0.04721970207150637,certain_temperate,599.4305165608724,709.0668603976568,POINT (539038.7900897916 8668943.907643056),dronbreen
dronbreen-20220329-DAT_0235_A1_1,2625.0,2512,110.05321502685547,539043.1529830412,8668943.147846527,710.5037144252232,2022-03-29 10:14:32.857143040+00:00,0,2022-05-04,100 MHz,20220329,108.69839334487915,109.42790985107422,111.09538269042969,1.3111390695014251,1.3133484146118164,10,2.2170349692999696,2.3709322611490884,3.5016350324126897,3.500806978630714,106.1819024816962,114.34139005980771,109.11526155471802,107.44778847694397,5.301782251973828,1.6223782754033802,10.0,10.0,0.26700976895233863,0.11290193597475688,1.648075341834734,5.309702073676781,109.40515992287973,107.15789010878225,0.9876893947928217,0.04817471484754056,certain_temperate,600.4504993983677,709.1488927432468,POINT (539043.1529830412 8668943.147846527),dronbreen
dronbreen-20220329-DAT_0235_A1_1,2630.0,2517,108.90682983398438,539048.5199860771,8668942.20446515,710.4782104492188,2022-03-29 10:14:34.333333248+00:00,0,2022-05-04,100 MHz,20220329,107.55200815200806,108.17730712890625,109.94900512695312,1.238192100872431,1.4678613235473632,10,2.194274147365222,2.4838345845540366,3.624760701396481,3.537992786296346,104.86305407923999,113.26325817661939,107.96887636184692,106.30140328407288,5.373678512269137,1.6223782754033802,10.0,10.0,0.26700976895233863,0.0,1.6442036021177022,5.380308073887501,108.23588613079926,106.03439351512054,0.9875598097562698,0.04934197901509645,certain_temperate,601.5713806152344,709.1233887672424,POINT (539048.5199860771 8668942.20446515),dronbreen
dronbreen-20220329-DAT_0235_A1_1,2635.0,2522,107.76044464111328,539053.5786533356,8668941.296484793,710.4827880859375,2022-03-29 10:14:35.750000128+00:00,0,2022-05-04,100 MHz,20220329,106.40562295913696,107.03091430664062,108.80260467529297,1.1595243881093713,1.4678500122070313,10,2.171516836614484,2.145135879516602,3.3869864144436455,3.265209046892718,103.9785228977139,111.85499608421969,106.82249116897583,105.15501809120178,5.450374009523393,1.6223782754033802,10.0,10.0,0.26700976895233863,0.0,1.6442036021177022,5.4569103951232405,107.08950093792816,104.88800832224945,0.9874274675973319,0.050578614701112135,certain_temperate,602.7223434448242,709.1279664039612,POINT (539053.5786533356 8668941.296484793),dronbreen
dronbreen-20220329-DAT_0235_A1_1,2640.0,2526,106.92670440673828,539057.9812281136,8668940.49357437,710.5072021484375,2022-03-29 10:14:37+00:00,0,2022-05-04,100 MHz,20220329,105.57188272476196,106.09296417236328,107.76044464111328,1.0333916518338189,1.3906218360900877,10,2.1549682239221983,2.1451441446940107,3.343555074862677,3.21145290385975,103.05231762144201,110.80109119203455,105.98875093460083,104.32127785682678,5.501897278548629,1.6223782754033802,10.0,10.0,0.26700976895233863,0.0,1.6442036021177022,5.5083725255665845,106.25576070355316,104.05426808787445,0.9873294357149294,0.051454847589989985,certain_temperate,603.5804977416992,709.1523804664612,POINT (539057.9812281136 8668940.49357437),dronbreen
dronbreen-20220329-DAT_0235_A1_1,2645.0,2531,105.78031158447266,539063.4731217664,8668939.660210365,710.5497029622396,2022-03-29 10:14:38.666666752+00:00,0,2022-05-04,100 MHz,20220329,104.42548990249634,104.94658660888672,106.4056167602539,0.9460235415213304,1.3133484146118164,10,2.1322170920343098,2.2580299377441406,3.371933122924508,3.2465380743839454,101.8409387010723,109.51126466806832,104.8423581123352,103.17488503456116,5.56979285529995,1.6223782754033802,10.0,10.0,0.26700976895233863,0.0,1.6442036021177022,5.576189260387989,105.10936788128754,102.90787526560882,0.9871921186307492,0.05265434343944144,certain_temperate,604.769391377767,709.1948812802633,POINT (539063.4731217664 8668939.660210365),dronbreen
dronbreen-20220329-DAT_0235_A1_1,2650.0,2535,104.84236907958984,539067.8995007902,8668938.920047611,710.5913696289062,2022-03-29 10:14:40+00:00,0,2022-05-04,100 MHz,20220329,103.48754739761353,104.00862884521484,105.36344909667969,0.7940705247742413,1.2360863044738768,10,2.113605673177562,2.4838428497314453,3.487794947521756,3.356687689101511,100.74721745689683,108.6248604849977,103.90441560745239,102.23694252967834,5.654259706089329,1.6223782754033802,10.0,10.0,0.26700976895233863,0.0,1.6442036021177022,5.660560664865395,104.17142537640473,101.96993276072601,0.9870775365544456,0.05393105626788121,certain_temperate,605.7490005493164,709.2365479469299,POINT (539067.8995007902 8668938.920047611),dronbreen
dronbreen-20220329-DAT_0235_A1_1,2655.0,2541,103.48753356933594,539073.4354015187,8668938.33610648,710.6863606770834,2022-03-29 10:14:41.666666752+00:00,0,2022-05-04,100 MHz,20220329,102.13271188735962,103.07067108154297,103.69597625732422,0.6432828483780364,0.8498209991455078,10,2.0867265852779497,2.3709487915039062,3.270783047563423,3.223296268830553,99.91221797699328,106.85442936187391,102.54958009719849,100.88210701942444,5.5762783126755675,1.6223782754033802,10.0,10.0,0.26700976895233863,0.0,1.6442036021177022,5.582667286981363,102.81658986615082,100.6150972504721,0.986908358569889,0.05388357534813118,certain_temperate,607.1988271077474,709.331538995107,POINT (539073.4354015187 8668938.33610648),dronbreen
dronbreen-20220329-DAT_0235_A1_1,2660.0,2545,102.65380096435547,539077.8837890322,8668937.72067185,710.783935546875,2022-03-29 10:14:43+00:00,0,2022-05-04,100 MHz,20220329,101.29897928237915,102.34114837646484,102.9664535522461,0.5318574285638454,0.5407951812744141,10,2.070188672795744,2.596736907958985,3.3646965893253764,3.3632716266229137,99.02019614703904,106.2874057816719,101.71584749221802,99.94415760040283,5.495972284697902,1.6996341996520756,10.0,10.0,0.26700976895233863,0.0,1.7204797671995253,5.502454504208413,101.98285726117035,99.6771478314505,0.9868020310086058,0.0535389068214461,certain_temperate,608.1301345825195,709.4291138648987,POINT (539077.8837890322 8668937.72067185),dronbreen
dronbreen-20220329-DAT_0235_A1_1,2665.0,2551,101.09054565429688,539083.0978245349,8668936.755276952,710.9720662434896,2022-03-29 10:14:44.666666752+00:00,0,2022-05-04,100 MHz,20220329,99.73572397232056,101.09054565429688,101.29898071289062,0.3576587478259512,0.30902581787109373,10,2.0391859572568145,2.9354521433512373,3.5875695965778367,3.5920855271102874,97.51631025995324,104.87321610723426,100.15259218215942,98.38090229034424,5.419387194748366,1.6996341996520756,10.0,10.0,0.26700976895233863,0.0,1.7204797671995253,5.425960908753264,100.41960195111176,98.1138925213919,0.9865979387764959,0.05360923872427445,certain_temperate,609.8815205891927,709.6172445615133,POINT (539083.0978245349 8668936.755276952),dronbreen
dronbreen-20220329-DAT_0235_A1_1,2670.0,2556,99.94415283203125,539087.6416762986,8668936.049599618,711.1444396972656,2022-03-29 10:14:46.249999872+00:00,0,2022-05-04,100 MHz,20220329,98.58933115005493,99.52729034423828,100.15259552001953,0.43333411839755465,0.2317693634033203,10,2.016455671252152,2.5967369079589844,3.295884263910633,3.316159601323305,96.2395652883248,103.44032057593301,99.0061993598938,97.23450946807861,5.343534319909119,1.6996341996520756,10.0,10.0,0.26700976895233863,0.0,1.7204797671995253,5.350201234043687,99.27320912884613,96.96749969912628,0.9864442126569098,0.0534652020002571,certain_temperate,611.2002868652344,709.7896180152893,POINT (539087.6416762986 8668936.049599618),dronbreen
dronbreen-20220329-DAT_0235_A1_1,2675.0,2562,98.69355773925781,539092.3313076495,8668936.278581997,711.2891235351562,2022-03-29 10:14:48+00:00,0,2022-05-04,100 MHz,20220329,97.3387360572815,97.96403503417969,98.79776763916016,0.6595833490395305,0.6180403244018554,10,1.9916644636315841,2.7096309661865234,3.419181356874266,3.4269341258536037,94.60117504473472,102.16062762860513,97.75560426712036,95.98391437530518,5.243590116182463,1.6996341996520756,10.0,10.0,0.26700976895233863,0.0,1.7204797671995253,5.250383940555433,98.0226140360727,95.71690460635284,0.9862724405421104,0.05313001411941901,certain_temperate,612.5955657958984,709.9343018531799,POINT (539092.3313076495 8668936.278581997),dronbreen
dronbreen-20220329-DAT_0235_A1_1,2680.0,2568,97.44295501708984,539097.4153369851,8668938.472894393,711.3319702148438,2022-03-29 10:14:50+00:00,0,2022-05-04,100 MHz,20220329,96.08813333511353,96.088134765625,97.75559997558594,0.935310839265004,0.6180459800720215,10,1.9668786930019448,2.2580382029215498,3.057667272991194,3.1372208536991506,93.0935816572567,100.75015308395423,96.50500154495239,94.7333116531372,5.14508203087867,1.6996341996520756,10.0,10.0,0.26700976895233863,0.0,1.7204797671995253,5.152005757099516,96.77201131390473,94.46630188418487,0.9860962582493654,0.05280096472829985,certain_temperate,613.8890151977539,709.9771485328674,POINT (539097.4153369851 8668938.472894393),dronbreen
dronbreen-20220329-DAT_0235_A1_1,2685.0,2574,96.60921478271484,539099.6258039437,8668942.723868914,711.1577453613281,2022-03-29 10:14:51.500000+00:00,0,2022-05-04,100 MHz,20220329,95.25439310073853,95.46282958984375,96.92186737060547,0.8854026418036364,0.6953080902099609,10,1.9503579549336814,1.4677219390869143,2.5380222976092166,2.596544180437337,93.02190684570576,99.36279011474346,95.67126131057739,93.8995714187622,5.072194456912585,1.6996341996520756,10.0,10.0,0.26700976895233863,0.0,1.7204797671995253,5.079217540670092,95.93827107952973,93.63256164980987,0.9859762685679263,0.05250218075284567,certain_temperate,614.5485305786133,709.8029236793518,POINT (539099.6258039437 8668942.723868914),dronbreen
dronbreen-20220329-DAT_0235_A1_1,2690.0,2579,96.088134765625,539100.9786857137,8668948.066481758,710.8499145507812,2022-03-29 10:14:53+00:00,0,2022-05-04,100 MHz,20220329,94.73331308364868,95.15017700195312,96.088134765625,0.7607777564526798,0.7725532333374023,10,1.9400339834896614,1.3548196156819663,2.4891979725348223,2.4855685150171514,92.78389974682612,98.454412020752,95.15018129348755,93.37849140167236,4.976405666227861,1.6996341996520756,10.0,10.0,0.26700976895233863,0.0,1.7204797671995253,4.983563742100701,95.41719106243988,93.11148163272003,0.9859002187389634,0.051790012142145805,certain_temperate,614.7617797851562,709.4950928688049,POINT (539100.9786857137 8668948.066481758),dronbreen
dronbreen-20220329-DAT_0235_A1_1,2695.0,2583,95.35861206054688,539101.6555464993,8668952.986312887,710.5459594726562,2022-03-29 10:14:54.333333248+00:00,0,2022-05-04,100 MHz,20220329,94.00379037857056,94.9417495727539,95.6712646484375,0.6896345589980017,0.6952967788696288,10,1.9255819789470272,1.0161209106445312,2.2855645415085313,2.2838483941932286,92.76451103214917,97.84850318904223,94.42065858840942,92.64896869659424,4.929135120713133,1.6996341996520756,10.0,10.0,0.26700976895233863,0.0,1.7204797671995253,4.936361742717368,94.68766835736176,92.3819589276419,0.9857923510766275,0.05169050822156927,certain_temperate,615.1873474121094,709.1911377906799,POINT (539101.6555464993 8668952.986312887),dronbreen
dronbreen-20220329-DAT_0235_A1_1,2700.0,2588,95.15017700195312,539102.0486306897,8668957.866902344,710.2744750976562,2022-03-29 10:14:55.750000128+00:00,0,2022-05-04,100 MHz,20220329,93.7953553199768,94.73330688476562,95.46282958984375,0.6646891676584791,0.6953080902099609,10,1.9214532191550238,0.5645116170247396,2.1199314091424077,2.110087090325803,92.73064469678756,97.46549177782181,94.21222352981567,92.44053363800049,4.882297197208462,1.6996341996520756,10.0,10.0,0.26700976895233863,0.0,1.7204797671995253,4.889593044271229,94.47923329876801,92.17352386904815,0.9857612279381414,0.051311488333944395,certain_temperate,615.1242980957031,708.9196534156799,POINT (539102.0486306897 8668957.866902344),dronbreen
dronbreen-20220329-DAT_0235_A1_1,2705.0,2593,94.8375244140625,539102.2631710086,8668962.060007464,710.0948486328125,2022-03-29 10:14:57+00:00,0,2022-05-04,100 MHz,20220329,93.48270273208618,94.420654296875,95.35861206054688,0.6410262814555098,0.6953080902099609,10,1.915260403912523,0.4516092936197917,2.087013825826353,2.069562287633693,92.452870424373,97.32639593304887,93.89957094192505,92.12788105010986,4.812877813014977,1.6996341996520756,10.0,10.0,0.26700976895233863,0.0,1.7204797671995253,4.8202787325763445,94.16658071087738,91.86087128115753,0.9857142867198733,0.05074866560204438,certain_temperate,615.25732421875,708.7400269508362,POINT (539102.2631710086 8668962.060007464),dronbreen
dronbreen-20220329-DAT_0235_A1_1,2710.0,2598,94.73330688476562,539102.261355023,8668967.642466968,709.817138671875,2022-03-29 10:14:58.666666752+00:00,0,2022-05-04,100 MHz,20220329,93.3784852027893,94.21221923828125,95.04595947265625,0.6306825633529565,0.7725588890075683,10,1.9131962192439314,0.33870697021484375,2.090906363753767,2.042743909725066,92.26927245954505,96.98890625139245,93.79535341262817,92.02366352081299,4.744503339288237,1.6996341996520756,10.0,10.0,0.26700976895233863,0.0,1.7204797671995253,4.7520107484341,94.06236318158051,91.75665375186065,0.9856985707928012,0.050082737479643674,certain_temperate,615.0838317871094,708.4623169898987,POINT (539102.261355023 8668967.642466968),dronbreen
dronbreen-20220329-DAT_0235_A1_1,2715.0,2603,94.52487182617188,539101.2663347756,8668972.591354068,709.5252685546875,2022-03-29 10:15:00.249999872+00:00,0,2022-05-04,100 MHz,20220329,93.17005014419556,94.00379180908203,95.15017700195312,0.9253872426389885,0.8498153434753417,10,1.9090679813725044,0.11289405822753908,2.0927187445738817,2.12452987145951,92.09138870673024,97.06258010430491,93.58691835403442,91.81522846221924,4.699523222466708,1.6996341996520756,10.0,10.0,0.26700976895233863,0.0,1.7204797671995253,4.707102371440402,93.85392812298676,91.5482186932669,0.9856670349739507,0.04971731917403682,certain_temperate,615.0003967285156,708.1704468727112,POINT (539101.2663347756 8668972.591354068),dronbreen
dronbreen-20220329-DAT_0235_A1_1,2720.0,2608,94.62909698486328,539098.7153112533,8668976.22355319,709.261474609375,2022-03-29 10:15:01.666666752+00:00,0,2022-05-04,100 MHz,20220329,93.27427530288696,94.52487182617188,96.50499725341797,1.3344030534717597,1.081579051208496,9,1.9111322294567334,1.6935348510742188,2.773139003779708,2.8811661179782737,91.97134745967931,99.05852161991054,93.69114351272583,91.91945362091064,4.632992472524608,1.6996341996520756,10.0,10.0,0.26700976895233863,0.0,1.7204797671995253,4.640680280646972,93.95815328167816,91.65244385195831,0.9856828214033044,0.04895949153214147,certain_temperate,614.6323776245117,707.9066529273987,POINT (539098.7153112533 8668976.22355319),dronbreen
dronbreen-20220329-DAT_0235_A1_1,2725.0,2613,96.088134765625,539094.4812452892,8668979.671829795,708.9728742327009,2022-03-29 10:15:03.285714432+00:00,0,2022-05-04,100 MHz,20220329,94.73331308364868,94.31644439697266,97.85982513427734,1.7447197590503716,2.2404315238952637,8,1.9400339834896614,2.5967451731363935,3.940349066334806,3.6811498731948835,91.07502227831827,101.10124725293173,95.15018129348755,93.37849140167236,4.567632887099301,1.6996341996520756,10.0,10.0,0.26700976895233863,0.0,1.7204797671995253,4.575430516140211,95.41719106243988,93.11148163272003,0.9859002187389634,0.047535867963724346,certain_temperate,612.8847394670759,707.6180525507245,POINT (539094.4812452892 8668979.671829795),dronbreen
dronbreen-20220329-DAT_0235_A1_1,2730.0,2618,97.02609252929688,539090.127419201,8668982.203949552,708.7578996930804,2022-03-29 10:15:04.714285568+00:00,0,2022-05-04,100 MHz,20220329,95.67127084732056,95.15017700195312,99.11042022705078,1.9473324316758465,2.2404202125549317,8,1.9586181487470884,1.919331232706706,3.541115666321788,3.363349674491411,92.40791198313293,101.85268524587097,96.08813905715942,94.31644916534424,4.524735642435726,1.6996341996520756,10.0,10.0,0.26700976895233863,0.0,1.7204797671995253,4.5326070699592105,96.35514882611176,94.0494393963919,0.9860365222729419,0.046634214822878585,certain_temperate,611.7318071637835,707.4030780111041,POINT (539090.127419201 8668982.203949552),dronbreen
dronbreen-20220329-DAT_0235_A1_1,2735.0,2622,97.85982513427734,539085.8689420853,8668984.286927696,708.6005249023438,2022-03-29 10:15:06+00:00,0,2022-05-04,100 MHz,20220329,96.50500345230103,95.9839096069336,99.94415283203125,2.092836842839917,2.085918614959717,8,1.9751400330418438,1.919314702351888,3.454852174120351,3.4590335539767176,93.22983134428588,102.69823109467896,96.92187166213989,95.1501817703247,4.546115308801992,1.6996341996520756,10.0,10.0,0.26700976895233863,0.0,1.7204797671995253,4.553949782072681,97.18888143109223,94.88317200137237,0.9861554863794482,0.04645537944262712,certain_temperate,610.7406997680664,707.2457032203674,POINT (539085.8689420853 8668984.286927696),dronbreen
dronbreen-20220329-DAT_0235_A1_1,2740.0,2626,98.79776763916016,539081.4025118506,8668985.97179017,708.4893951416016,2022-03-29 10:15:07.249999872+00:00,0,2022-05-04,100 MHz,20220329,97.44294595718384,97.2345199584961,101.09054565429688,2.0338565434184046,2.2404258682250977,8,1.9937300610144275,2.145127614339193,3.6872808557262537,3.5655440646833982,94.30594828650425,104.01911732628872,97.8598141670227,96.08812427520752,4.546115308801992,1.6996341996520756,10.0,10.0,0.26700976895233863,0.0,1.7204797671995253,4.553949782072681,98.12682393597504,95.82111450625519,0.9862869200959626,0.046014352524702824,certain_temperate,609.6916275024414,707.1345734596252,POINT (539081.4025118506 8668985.97179017),dronbreen
dronbreen-20220329-DAT_0235_A1_1,2745.0,2631,99.8399429321289,539076.4526200286,8668987.549613202,708.3571980794271,2022-03-29 10:15:08.666666752+00:00,0,2022-05-04,100 MHz,20220329,98.48512125015259,98.90199279785156,102.75802612304688,2.1004714033417664,2.858477503967285,8,2.0143896549268474,2.2580382029215498,4.162618868983386,3.683542089346342,95.87602151448989,105.78399740640855,98.90198945999146,97.13029956817627,4.567632887099301,1.6996341996520756,10.0,10.0,0.26700976895233863,0.0,1.7204797671995253,4.575430516140211,99.16899922894379,96.86328979922394,0.9864300635378235,0.045749554266115454,certain_temperate,608.5172551472982,707.0023763974508,POINT (539076.4526200286 8668987.549613202),dronbreen
dronbreen-20220329-DAT_0235_A1_1,2750.0,2636,100.88211059570312,539070.8863910041,8668989.18713131,708.2031860351562,2022-03-29 10:15:10.333333248+00:00,0,2022-05-04,100 MHz,20220329,99.5272889137268,100.6736831665039,104.2170639038086,2.170718917935463,2.6267081405639647,8,2.0350528482812114,2.8225498199462895,4.359796238023207,4.101249590315031,97.19399530961554,107.69675176069696,99.94415712356567,98.17246723175049,4.589286245199892,1.6996341996520756,10.0,10.0,0.26700976895233863,0.0,1.7204797671995253,4.597047145407245,100.21116689251801,97.90545746279815,0.9865702484417092,0.045491576436103666,certain_temperate,607.3210754394531,706.8483643531799,POINT (539070.8863910041 8668989.18713131),dronbreen
dronbreen-20220329-DAT_0235_A1_1,2755.0,2641,102.44537353515625,539066.2224209071,8668990.509658055,708.0715637207031,2022-03-29 10:15:11.750000128+00:00,0,2022-05-04,100 MHz,20220329,101.09055185317993,101.820068359375,105.15501403808594,2.228557514854143,2.472195231628418,8,2.0660546516254303,3.6128660837809248,4.840778080652312,4.7210011395730955,97.6581717769456,109.31691062051534,101.5074200630188,99.73573017120361,4.589286245199892,1.6996341996520756,10.0,10.0,0.26700976895233863,0.0,1.7204797671995253,4.597047145407245,101.77442983197113,99.46872040225128,0.9867751794422285,0.04479739871927924,certain_temperate,605.6261901855469,706.7167420387268,POINT (539066.2224209071 8668990.509658055),dronbreen
dronbreen-20220329-DAT_0235_A1_1,2760.0,2646,104.2170639038086,539062.0709967527,8668991.598935118,707.97314453125,2022-03-29 10:15:13+00:00,0,2022-05-04,100 MHz,20220329,102.86224222183228,102.75802612304688,105.98873901367188,2.330653126523399,2.472195231628418,8,2.10119931550822,2.5967451731363935,4.155703709479979,4.073090724974422,99.41764829146864,109.32911684525011,103.27911043167114,101.50742053985596,4.612368791126217,1.6996341996520756,10.0,10.0,0.26700976895233863,0.0,1.7204797671995253,4.620090917078484,103.54612020062348,101.24041077090362,0.987000001427532,0.044257328103038784,certain_temperate,603.7560806274414,706.6183228492737,POINT (539062.0709967527 8668991.598935118),dronbreen
dronbreen-20220329-DAT_0235_A1_1,2765.0,2650,104.84236907958984,539057.4119249955,8668992.64251046,707.8836669921875,2022-03-29 10:15:14.333333248+00:00,0,2022-05-04,100 MHz,20220329,103.48754739761353,103.48753356933594,106.61405944824219,2.4100666073176527,2.317693634033203,8,2.113605673177562,1.467730204264323,3.4631293183241367,3.5256179523461966,100.91429419178122,109.1872988257969,103.90441560745239,102.02850842475891,4.609974119474246,1.7768904773801564,10.0,10.0,0.26700976895233863,0.0,1.796839999922158,4.617700250009557,104.17142537640473,101.76149865580658,0.9870775365544456,0.043970526037757106,certain_temperate,603.0412979125977,706.5288453102112,POINT (539057.4119249955 8668992.64251046),dronbreen
dronbreen-20220329-DAT_0235_A1_1,2770.0,2654,105.57189178466797,539052.5471467157,8668993.494058674,707.8018798828125,2022-03-29 10:15:15.666666752+00:00,0,2022-05-04,100 MHz,20220329,104.21707010269165,104.2170639038086,107.2393569946289,2.5373884894338206,2.2404258682250977,8,2.1280812329414163,2.7096309661865234,4.1097856121611205,4.278921599331497,100.77165685863753,110.68476403979997,104.63393831253052,102.75803112983704,4.631846215763306,1.7768904773801564,10.0,10.0,0.26700976895233863,0.0,1.796839999922158,4.639535923257502,104.90094808148285,102.4910213608847,0.9871668333391268,0.043873858253963595,certain_temperate,602.2299880981445,706.4470582008362,POINT (539052.5471467157 8668993.494058674),dronbreen
dronbreen-20220329-DAT_0235_A1_1,2775.0,2660,107.34356689453125,539046.8312543009,8668994.55358005,707.6959991455078,2022-03-29 10:15:17.249999872+00:00,0,2022-05-04,100 MHz,20220329,105.98874521255493,105.25923919677734,108.28152465820312,2.7721610759921176,2.2404202125549317,8,2.1632421365756267,2.7096227010091147,4.128093319209838,4.43920586980667,101.79201094884209,111.74875290613838,106.4056134223938,104.52970623970032,4.653848898456659,1.7768904773801564,10.0,10.0,0.26700976895233863,0.0,1.796839999922158,4.661502310026483,106.67262319134613,104.26269647074798,0.9873786411130955,0.043354707069024695,certain_temperate,600.3524322509766,706.3411774635315,POINT (539046.8312543009 8668994.55358005),dronbreen
dronbreen-20220329-DAT_0235_A1_1,2780.0,2665,108.07308197021484,539041.7623552578,8668995.600846162,707.6090087890625,2022-03-29 10:15:18.666666752+00:00,0,2022-05-04,100 MHz,20220329,106.71826028823853,106.09296417236328,109.01103973388672,2.89284459416022,2.317682322692871,8,2.177722759815012,1.4677219390869143,3.5026183717351205,3.907074859156831,103.4668103099452,111.6371935963048,107.13512849807739,105.25922131538391,4.588234278779274,1.7768904773801564,10.0,10.0,0.26700976895233863,0.0,1.796839999922158,4.5959969553603,107.40213826702973,104.99221154643158,0.987463837828279,0.04245492212430659,certain_temperate,599.5359268188477,706.2541871070862,POINT (539041.7623552578 8668995.600846162),dronbreen
dronbreen-20220329-DAT_0235_A1_1,2785.0,2669,108.6983871459961,539037.3399982075,8668996.651340593,707.5513916015625,2022-03-29 10:15:20+00:00,0,2022-05-04,100 MHz,20220329,107.34356546401978,106.8224868774414,109.74056243896484,2.935007423741118,2.3176710113525387,8,2.190136011131806,1.3548361460367837,3.4646609713979295,3.9046824848225006,104.24716617316706,112.31588314323919,107.76043367385864,105.88452649116516,4.481589360036199,1.7768904773801564,10.0,10.0,0.26700976895233863,0.0,1.796839999922158,4.4895364358367384,108.02744344281098,105.61751672221283,0.9875359541429385,0.04122958470411194,certain_temperate,598.8530044555664,706.1965699195862,POINT (539037.3399982075 8668996.651340593),dronbreen
dronbreen-20220329-DAT_0235_A1_1,2790.0,2674,109.32369995117188,539032.8602909197,8668997.850831104,707.5656040736607,2022-03-29 10:15:21.428571392+00:00,0,2022-05-04,100 MHz,20220329,107.96887826919556,107.65623474121094,110.47007751464844,2.6508449331976807,2.317676667022705,8,2.2025504644401552,1.467730204264323,3.5181082464553035,3.74598977051128,105.00945169363878,113.1168605622206,108.38574647903442,106.50983929634094,4.378550020002903,1.7768904773801564,10.0,10.0,0.26700976895233863,0.0,1.796839999922158,4.386683769589894,108.65275624798676,106.24282952738861,0.9876072463465705,0.04005124252068426,certain_temperate,598.2419041224888,706.2107823916843,POINT (539032.8602909197 8668997.850831104),dronbreen
dronbreen-20220329-DAT_0235_A1_1,2795.0,2679,110.05321502685547,539027.5818066136,8668999.346211912,707.6254272460938,2022-03-29 10:15:23+00:00,0,2022-05-04,100 MHz,20220329,108.69839334487915,108.48995971679688,111.09538269042969,2.400829690621879,2.2404258682250977,8,2.2170349692999696,1.3548113505045574,3.4307821151403775,3.5376179915200634,105.8917376611298,113.69360474609677,109.11526155471802,107.23935437202454,4.260029533784166,1.7768904773801564,10.0,10.0,0.26700976895233863,0.0,1.796839999922158,4.268389139409541,109.38227132367035,106.9723446030722,0.9876893947928217,0.03870881493779734,certain_temperate,597.5722122192383,706.2706055641174,POINT (539027.5818066136 8668999.346211912),dronbreen
dronbreen-20220329-DAT_0235_A1_1,2800.0,2683,110.57429504394531,539022.9836805568,8669000.608764295,707.7169189453125,2022-03-29 10:15:24.249999872+00:00,0,2022-05-04,100 MHz,20220329,109.219473361969,109.219482421875,111.6164779663086,2.189442946341732,2.317687978363037,8,2.2273818464255712,1.354827880859375,3.4883328455852136,3.4044748334839627,106.61241731403054,114.22354307415306,109.63634157180786,107.76043438911438,4.184343513484225,1.7768904773801564,10.0,10.0,0.26700976895233863,0.0,1.796839999922158,4.192854022685919,109.9033513407602,107.49342462016205,0.9877474083697493,0.037841918972409,certain_temperate,597.1426239013672,706.3620972633362,POINT (539022.9836805568 8669000.608764295),dronbreen
dronbreen-20220329-DAT_0235_A1_1,2805.0,2688,111.30382537841797,539018.155276275,8669001.864668183,707.7802124023438,2022-03-29 10:15:25.500000+00:00,0,2022-05-04,100 MHz,20220329,109.94900369644165,110.05321502685547,112.34600067138672,1.9308780479961396,2.317682322692871,8,2.2418690009783675,1.354827880859375,3.497597254291104,3.25420116780371,107.43376180064553,114.96545389759666,110.36587190628052,108.48996472358704,4.093739786074334,1.7768904773801564,10.0,10.0,0.26700976895233863,0.0,1.796839999922158,4.102438257037382,110.63288167523285,108.2229549546347,0.9878277168159305,0.036779866030266,certain_temperate,596.4763870239258,706.4253907203674,POINT (539018.155276275 8669001.864668183),dronbreen
dronbreen-20220329-DAT_0235_A1_1,2810.0,2692,111.82490539550781,539013.5438653907,8669003.033825003,707.7795003255209,2022-03-29 10:15:26.666666752+00:00,0,2022-05-04,100 MHz,20220329,110.4700837135315,110.47007751464844,112.97130584716797,1.7436648787519597,2.0086621604919435,8,2.2522175265026485,1.1290232340494792,3.2220957348752717,3.063909995267867,107.95071703037684,115.49066633143957,110.88695192337036,109.01104474067688,4.00786537703993,1.7768904773801564,10.0,10.0,0.26700976895233863,0.0,1.796839999922158,4.016749817600219,111.1539616923227,108.74403497172455,0.9878844370385602,0.035840543417986495,certain_temperate,595.9545949300131,706.4246786435446,POINT (539013.5438653907 8669003.033825003),dronbreen
dronbreen-20220329-DAT_0235_A1_1,2815.0,2696,112.34600067138672,539008.3422843713,8669004.46505396,707.6939392089844,2022-03-29 10:15:28+00:00,0,2022-05-04,100 MHz,20220329,110.9911789894104,110.88694763183594,113.59659576416016,1.56666727408972,1.776892797088623,8,2.2625670259115176,1.241933822631836,3.1335215299857833,3.0192806286005824,108.30593830086887,116.17760509512722,111.40804719924927,109.53214001655579,3.9427793830826467,1.7768904773801564,10.0,10.0,0.26700976895233863,0.0,1.796839999922158,3.951810152370374,111.6750569682016,109.26513024760345,0.9879406327427784,0.03509496875296273,certain_temperate,595.3479385375977,706.339117527008,POINT (539008.3422843713 8669004.46505396),dronbreen
dronbreen-20220329-DAT_0235_A1_1,2820.0,2700,112.97130584716797,539003.2430590804,8669005.899254708,707.5904541015625,2022-03-29 10:15:29.333333248+00:00,0,2022-05-04,100 MHz,20220329,111.61648416519165,111.72068786621094,114.11768341064453,1.3541792899737006,1.622379888153076,8,2.2749871159911534,1.2419090270996094,3.057780389596485,2.9243300017116605,109.12879581415375,116.70957546270172,112.03335237503052,110.15744519233704,3.8810809663961643,1.7768904773801564,10.0,10.0,0.26700976895233863,0.0,1.796839999922158,3.8902549639372697,112.30036214398285,109.8904354233847,0.9880073823010493,0.03435457293595104,certain_temperate,594.6191482543945,706.2356324195862,POINT (539003.2430590804 8669005.899254708),dronbreen
dronbreen-20220329-DAT_0235_A1_1,2825.0,2704,113.49237823486328,538998.3896159995,8669007.24754517,707.499755859375,2022-03-29 10:15:30.666666752+00:00,0,2022-05-04,100 MHz,20220329,112.13755655288696,112.55442810058594,114.6387710571289,1.1238350403137949,1.3906105247497558,8,2.285337604591958,1.3548113505045574,2.9986796084214937,2.8846640983406022,109.89768540276627,117.29551375494857,112.55442476272583,110.67851758003235,3.8089715952359944,1.7768904773801564,10.0,10.0,0.26700976895233863,0.0,1.796839999922158,3.818318848659789,112.82143453167816,110.41150781108001,0.9880624434605413,0.033561474827442914,certain_temperate,594.0073776245117,706.1449341773987,POINT (538998.3896159995 8669007.24754517),dronbreen
dronbreen-20220329-DAT_0235_A1_1,2830.0,2709,114.2219009399414,538993.5873571712,8669008.597331915,707.44970703125,2022-03-29 10:15:32+00:00,0,2022-05-04,100 MHz,20220329,112.86707925796509,113.59659576416016,115.15984344482422,0.9211566041002424,1.3133371032714842,8,2.299829789730865,1.3548196156819663,2.9748290034218234,2.8237001862888413,110.92737242154341,117.82906678744096,113.28394746780396,111.40804028511047,3.7952439892521332,1.7768904773801564,10.0,10.0,0.26700976895233863,0.0,1.796839999922158,3.804624968991087,113.55095723675629,111.14103051615814,0.9881386873197926,0.0332269377240333,certain_temperate,593.2278060913086,706.0948853492737,POINT (538993.5873571712 8669008.597331915),dronbreen
dronbreen-20220329-DAT_0235_A1_1,2835.0,2713,114.74298095703125,538988.9892975196,8669009.860000063,707.4156341552734,2022-03-29 10:15:33.249999872+00:00,0,2022-05-04,100 MHz,20220329,113.38815927505493,114.11768341064453,115.36827850341797,0.8223757563588668,0.9270717979431152,8,2.310181956375353,1.2419090270996094,2.781859238296437,2.748741637149729,111.49484550044997,117.99111641361253,113.8050274848938,111.92912030220032,3.8229341470470617,1.7768904773801564,10.0,10.0,0.26700976895233863,0.0,1.796839999922158,3.8322473444931013,114.07203725384613,111.66211053324798,0.9881925528631362,0.03331736821861607,certain_temperate,592.6726531982422,706.0608124732971,POINT (538988.9892975196 8669009.860000063),dronbreen
dronbreen-20220329-DAT_0235_A1_1,2840.0,2718,115.36827850341797,538983.7234156053,8669011.413514728,707.3613077799479,2022-03-29 10:15:34.666666752+00:00,0,2022-05-04,100 MHz,20220329,114.01345682144165,114.6387710571289,115.99359130859375,0.7555082506243852,0.8498323104858398,8,2.322605406421178,1.0161209106445312,2.673801139750609,2.6453336832519776,112.10361867926561,118.52874368645705,114.43032503128052,112.55441784858704,3.866204940001849,1.7768904773801564,10.0,10.0,0.26700976895233863,0.0,1.796839999922158,3.8754141526823536,114.69733480023285,112.2874080796347,0.9882565493777722,0.033511854299596806,certain_temperate,591.9930292765299,706.0064860979716,POINT (538983.7234156053 8669011.413514728),dronbreen
dronbreen-20220329-DAT_0235_A1_1,2845.0,2721,115.68093872070312,538979.8604970417,8669012.604424052,707.3160196940104,2022-03-29 10:15:35.666666752+00:00,0,2022-05-04,100 MHz,20220329,114.3261170387268,115.47249603271484,116.30624389648438,0.760501903612092,0.6180629470825195,9,2.328817690013804,0.9032185872395834,2.5731687578183884,2.611045536763753,112.97465783746354,118.80408209173568,114.74298524856567,112.86707806587219,3.8810809663961643,1.7768904773801564,10.0,10.0,0.26700976895233863,0.11290167768796286,1.8003835075186114,3.891892916469224,115.03288351613679,112.57717979830107,0.9882882893503538,0.03354987441592724,certain_temperate,591.6350809733073,705.9611980120341,POINT (538979.8604970417 8669012.604424052),dronbreen
dronbreen-20220329-DAT_0235_A1_1,2850.0,2726,116.20201873779297,538974.4444384291,8669014.37072892,707.2426147460938,2022-03-29 10:15:37+00:00,0,2022-05-04,100 MHz,20220329,114.95141398906708,115.78514862060547,116.93154907226562,0.7551262047530591,0.6180629470825195,9,2.339171576326832,1.0161209106445312,2.624162185365218,2.659782125221761,113.23481033548633,119.48188735738476,115.26406526565552,113.38815808296204,3.9174927356672082,1.7768904773801564,10.0,10.0,0.2668063059506171,0.11290167768796286,1.8003533437422918,3.928190642996482,115.5537761451885,113.09844720342906,0.989237667621353,0.03371277692263622,certain_temperate,591.0405960083008,705.9920099973679,POINT (538974.4444384291 8669014.37072892),dronbreen
dronbreen-20220329-DAT_0235_A1_1,2855.0,2729,116.618896484375,538970.3384588078,8669015.554639202,707.2141723632812,2022-03-29 10:15:38+00:00,0,2022-05-04,100 MHz,20220329,115.36829173564911,116.30624389648438,117.13997650146484,0.7938828111881969,0.7725532333374023,9,2.347455389755756,0.9032185872395834,2.6311953788285076,2.637536832184243,113.79102012448547,119.65520027346375,115.68094301223755,113.80503582954407,3.9487892357995524,1.7768904773801564,10.0,10.0,0.2668063059506171,0.0,1.7968097766595368,3.9577925708229613,115.94774931818817,113.53822952359344,0.9892761397472711,0.03386062940776176,certain_temperate,590.5952758789062,705.9635676145554,POINT (538970.3384588078 8669015.554639202),dronbreen
dronbreen-20220329-DAT_0235_A1_1,2860.0,2733,117.03575897216797,538965.4266052892,8669016.90136515,707.1885375976562,2022-03-29 10:15:39.142856960+00:00,0,2022-05-04,100 MHz,20220329,115.78515422344208,116.72310638427734,117.45262145996094,0.7765932822994397,0.7725758560180663,9,2.355739279138623,1.0161126454671223,2.6793405742564347,2.6805017414035324,114.15756697519497,120.01816086904331,116.09780550003052,114.22189831733704,3.9809311070082822,1.7768904773801564,10.0,10.0,0.2668063059506171,0.0,1.7968097766595368,3.989861912853777,116.36461180598114,113.95509201138641,0.9893143364070182,0.03401465622105274,certain_temperate,590.1527786254883,705.9379328489304,POINT (538965.4266052892 8669016.90136515),dronbreen
dronbreen-20220329-DAT_0235_A1_1,2865.0,2737,117.55684661865234,538960.3356823087,8669018.304950392,707.1545206705729,2022-03-29 10:15:40.333333248+00:00,0,2022-05-04,100 MHz,20220329,116.30624186992645,117.03575897216797,117.86949157714844,0.7870138709958203,0.7725645446777343,9,2.3660948575170315,1.0161126454671223,2.6884467185979064,2.6926345121806934,114.46070755849742,120.44454299081899,116.61889314651489,114.74298596382141,3.997312629627854,1.7768904773801564,10.0,10.0,0.2668063059506171,0.0,1.7968097766595368,4.006206917256941,116.88569945246552,114.47617965787079,0.9893617021492352,0.034003231156709286,certain_temperate,589.5976740519205,705.903915921847,POINT (538960.3356823087 8669018.304950392),dronbreen
dronbreen-20220329-DAT_0235_A1_1,2870.0,2741,117.97370910644531,538955.4467661283,8669019.776423197,707.0921325683594,2022-03-29 10:15:41.500000+00:00,0,2022-05-04,100 MHz,20220329,116.72310435771942,117.45262145996094,118.28636169433594,0.7748435672567082,0.7725645446777343,9,2.3743795855197356,0.9032020568847656,2.655241674007633,2.6559056695245866,114.91225684603369,120.82672630826319,117.03575563430786,115.15984845161438,4.03068467727129,1.7768904773801564,10.0,10.0,0.2668063059506171,0.0,1.7968097766595368,4.039505486131263,117.30256194025849,114.89304214566376,0.9893992927899089,0.03416595704077155,certain_temperate,589.1184234619141,705.8415278196335,POINT (538955.4467661283 8669019.776423197),dronbreen
dronbreen-20220329-DAT_0235_A1_1,2875.0,2745,118.39057159423828,538950.7333895428,8669021.377039295,707.0212809244791,2022-03-29 10:15:42.666666752+00:00,0,2022-05-04,100 MHz,20220329,117.13996684551239,117.86949157714844,118.59901428222656,0.7371318834995627,0.7725758560180663,9,2.382664679925437,0.9032185872395834,2.6626618723753306,2.6525946179110873,115.32137564703473,121.14713021234027,117.45261812210083,115.57671093940735,4.064851306021058,1.7768904773801564,10.0,10.0,0.2668063059506171,0.0,1.7968097766595368,4.07359813248142,117.71942442805145,115.30990463345672,0.9894366187113944,0.034334248507158,certain_temperate,588.6307093302408,705.7706761757532,POINT (538950.7333895428 8669021.377039295),dronbreen
dronbreen-20220329-DAT_0235_A1_1,2880.0,2749,118.80744934082031,538945.6428785385,8669023.40097159,706.9622802734375,2022-03-29 10:15:44+00:00,0,2022-05-04,100 MHz,20220329,117.55684459209442,118.28636169433594,119.0158920288086,0.7125735709019267,0.7725645446777343,9,2.3909504402117236,1.0161291758219402,2.710353940945412,2.6938677776485496,115.68844666310316,121.61380706004137,117.86949586868286,115.99358868598938,4.099793267790102,1.7768904773801564,10.0,10.0,0.2668063059506171,0.0,1.7968097766595368,4.108465704312506,118.13630217463349,115.72678238003876,0.9894736840520976,0.034507880528847276,certain_temperate,588.1548309326172,705.7116755247116,POINT (538945.6428785385 8669023.40097159),dronbreen
dronbreen-20220329-DAT_0235_A1_1,2885.0,2753,119.32853698730469,538941.3201683972,8669024.871130986,706.9777308872768,2022-03-29 10:15:45.142856960+00:00,0,2022-05-04,100 MHz,20220329,118.0779322385788,118.70323944091797,119.43275451660156,0.6814049749193907,0.46351610412597655,9,2.401307955221949,1.0161043802897136,2.648319313496823,2.6950066321441692,116.09579854849947,122.04019540902006,118.39058351516724,116.41045928001404,4.115892296563039,1.8541465783685445,10.0,10.0,0.2668063059506171,0.0,1.8732445486296752,4.124530882634046,118.65738982111786,116.14365297406341,0.9895196507030087,0.03449210390470912,certain_temperate,587.6491938999721,705.727126138551,POINT (538941.3201683972 8669024.871130986),dronbreen
dronbreen-20220329-DAT_0235_A1_1,2890.0,2757,119.74539184570312,538937.0886966919,8669026.317346066,706.9919738769531,2022-03-29 10:15:46.249999872+00:00,0,2022-05-04,100 MHz,20220329,118.49478709697723,119.22431945800781,119.84962463378906,0.638195684984649,0.6180516357421875,9,2.4095940627650116,1.0161126454671225,2.6871204439016467,2.691825066367355,116.6092423165853,122.46470177521158,118.80743837356567,116.82731413841248,4.133811999753544,1.8541465783685445,10.0,10.0,0.2668063059506171,0.0,1.8732445486296752,4.142413216254676,119.0742446795163,116.56050783246185,0.9895561346499467,0.03452167917309194,certain_temperate,587.24658203125,705.7413691282272,POINT (538937.0886966919 8669026.317346066),dronbreen
dronbreen-20220329-DAT_0235_A1_1,2895.0,2762,120.26648712158203,538931.4854592937,8669028.140443604,706.9828491210938,2022-03-29 10:15:47.666666752+00:00,0,2022-05-04,100 MHz,20220329,119.01588237285614,119.74539184570312,120.47491455078125,0.5918377665346389,0.4635387268066406,9,2.419952720576636,0.9032268524169923,2.624282391055294,2.6499550672888925,117.16237231098152,123.05793408550285,119.32853364944458,117.34840941429138,4.151916124302842,1.8541465783685445,10.0,10.0,0.2668063059506171,0.0,1.8732445486296752,4.160479913200032,119.5953399553952,117.08160310834076,0.9896013862327117,0.034522635720668465,certain_temperate,586.7163619995117,705.7322443723679,POINT (538931.4854592937 8669028.140443604),dronbreen
dronbreen-20220329-DAT_0235_A1_1,2900.0,2765,120.57913970947266,538927.5039187555,8669029.452130644,706.9301961263021,2022-03-29 10:15:48.666666752+00:00,0,2022-05-04,100 MHz,20220329,119.32853496074677,120.05804443359375,120.78756713867188,0.5718788069469832,0.4635387268066406,9,2.42616808429066,0.6774139404296875,2.561259333056418,2.5830653475578567,117.53908011865813,123.30653145360749,119.6411862373352,117.661062002182,4.170201939160367,1.8541465783685445,10.0,10.0,0.2668063059506171,0.0,1.8732445486296752,4.178728253700149,119.90799254328583,117.39425569623138,0.9896283490515927,0.03458477104089636,certain_temperate,586.3510564168295,705.6795913775762,POINT (538927.5039187555 8669029.452130644),dronbreen
dronbreen-20220329-DAT_0235_A1_1,2905.0,2769,120.89179229736328,538922.1043724356,8669031.095062556,706.8593139648438,2022-03-29 10:15:50+00:00,0,2022-05-04,100 MHz,20220329,119.64118754863739,120.57913970947266,121.2044448852539,0.5434758513852582,0.4635387268066406,9,2.432383641193866,0.7903162638346355,2.599222600332374,2.6146617325895143,118.02158424089939,123.76200035382718,119.95383882522583,117.97371459007263,4.188667397252212,1.8541465783685445,10.0,10.0,0.2668063059506171,0.0,1.8732445486296752,4.197156200297844,120.22064513117645,117.70690828412201,0.9896551724069925,0.034648070953809236,certain_temperate,585.9675216674805,705.6087092161179,POINT (538922.1043724356 8669031.095062556),dronbreen
dronbreen-20220329-DAT_0235_A1_1,2910.0,2772,121.30866241455078,538917.9819900035,8669032.185621394,706.8455200195312,2022-03-29 10:15:51+00:00,0,2022-05-04,100 MHz,20220329,120.05805766582489,120.89179229736328,121.51708984375,0.7076022498572623,0.5407951812744141,10,2.4406713483635967,0.7903162638346355,2.621819188215339,2.6612360608573558,118.32635346012617,124.08252868098711,120.37070894241333,118.39058470726013,4.207309797562583,1.8541465783685445,10.0,10.0,0.2668063059506171,0.0,1.8732445486296752,4.2157610626743445,120.63751524836395,118.12377840130951,0.9896907218014476,0.0346826822901142,certain_temperate,585.5368576049805,705.5949152708054,POINT (538917.9819900035 8669032.185621394),dronbreen
dronbreen-20220329-DAT_0235_A1_1,2915.0,2776,121.6213150024414,538912.8344827387,8669033.525722036,706.8413391113281,2022-03-29 10:15:52.249999872+00:00,0,2022-05-04,100 MHz,20220329,120.37071025371552,121.2044448852539,121.93396759033203,0.6758521571372774,0.6180516357421875,10,2.4468873503226973,0.6774139404296875,2.6130700672391662,2.6273415252237036,118.66551846807327,124.47289400751266,120.68336153030396,118.70323729515076,4.226127137413168,1.8541465783685445,10.0,10.0,0.2668063059506171,0.0,1.8732445486296752,4.234540847184619,120.95016783625458,118.43643098920013,0.9897172239199947,0.03474824406666162,certain_temperate,585.2200241088867,705.5907343626022,POINT (538912.8344827387 8669033.525722036),dronbreen
dronbreen-20220329-DAT_0235_A1_1,2920.0,2780,121.93396759033203,538908.3794839095,8669034.60670489,706.8822021484375,2022-03-29 10:15:53.333333248+00:00,0,2022-05-04,100 MHz,20220329,120.68336284160614,121.41287231445312,122.24662017822266,0.6253977813300874,0.6952967788696288,10,2.4531035406048516,0.9032020568847656,2.704982171326719,2.6878640816420623,118.79877764583668,124.8607148468391,120.99601411819458,119.01588988304138,4.245116748356166,1.8541465783685445,10.0,10.0,0.2668063059506171,0.0,1.8732445486296752,4.253492895500008,121.2628204241452,118.74908357709076,0.989743590129638,0.034814882450300545,certain_temperate,584.9482345581055,705.6315973997116,POINT (538908.3794839095 8669034.60670489),dronbreen
dronbreen-20220329-DAT_0235_A1_1,2925.0,2785,122.45503997802734,538902.5408473514,8669036.159509528,706.9042358398438,2022-03-29 10:15:54.750000128+00:00,0,2022-05-04,100 MHz,20220329,121.20443522930145,121.82974243164062,122.66348266601562,0.5936206282505175,0.6180516357421875,10,2.463463968968921,0.6773974100748698,2.6285946439167533,2.622957763264363,119.27484087236593,125.21838422529032,121.51708650588989,119.5369622707367,4.264276674135383,1.8541465783685445,10.0,10.0,0.2668063059506171,0.0,1.8732445486296752,4.272615259822739,121.78389281184052,119.27015596478607,0.9897872333474368,0.03482320266197734,certain_temperate,584.4491958618164,705.6536310911179,POINT (538902.5408473514 8669036.159509528),dronbreen
dronbreen-20220329-DAT_0235_A1_1,2930.0,2788,122.55925750732422,538898.7515693643,8669037.244223548,706.872314453125,2022-03-29 10:15:55.666666752+00:00,0,2022-05-04,100 MHz,20220329,121.30865275859833,122.0381851196289,122.87191009521484,0.5682748841519214,0.6953024345397949,10,2.465536177041141,0.4516092936197917,2.6012045421034036,2.5701665195742263,119.53162979520808,125.37846541963567,121.62130403518677,119.64117980003357,4.283604458707498,1.8541465783685445,10.0,10.0,0.2668063059506171,0.0,1.8732445486296752,4.291905493315734,121.88811034113739,119.37437349408295,0.9897959177122858,0.03495129250804663,certain_temperate,584.3130569458008,705.6217097043991,POINT (538898.7515693643 8669037.244223548),dronbreen
dronbreen-20220329-DAT_0235_A1_1,2935.0,2792,122.87191009521484,538893.149185868,8669038.819390407,706.76318359375,2022-03-29 10:15:57+00:00,0,2022-05-04,100 MHz,20220329,121.62130534648895,122.45503997802734,123.0803451538086,0.5580999939516389,0.695313745880127,10,2.4717529237726463,0.6774139404296875,2.655543893080466,2.622961640229594,119.892140806607,125.64324432522893,121.93395662307739,119.9538323879242,4.303097481948685,1.8541465783685445,10.0,10.0,0.2668063059506171,0.0,1.8732445486296752,4.311360985123853,122.20076292902802,119.68702608197357,0.9898218824159503,0.035021002592164195,certain_temperate,583.8912734985352,705.5125788450241,POINT (538893.149185868 8669038.819390407),dronbreen
dronbreen-20220329-DAT_0235_A1_1,2940.0,2796,123.18456268310547,538888.8898378786,8669039.9991204,706.6738891601562,2022-03-29 10:15:58+00:00,0,2022-05-04,100 MHz,20220329,121.93395793437958,122.87191009521484,123.4972152709961,0.5920966265451709,0.6180516357421875,10,2.477969853200635,0.6774139404296875,2.642198339357446,2.6362478364573056,120.30301456599229,126.06611080021865,122.24660921096802,120.26648497581482,4.3227543977607334,1.8541465783685445,10.0,10.0,0.2668063059506171,0.0,1.8732445486296752,4.330980395736602,122.51341551691864,119.9996786698642,0.9898477153184925,0.03509168927993922,certain_temperate,583.4893264770508,705.4232844114304,POINT (538888.8898378786 8669039.9991204),dronbreen
dronbreen-20220329-DAT_0235_A1_1,2945.0,2800,123.4972152709961,538883.0955799416,8669041.568797452,706.5896402994791,2022-03-29 10:15:59.333333248+00:00,0,2022-05-04,100 MHz,20220329,122.2466105222702,122.97613525390625,123.80986785888672,0.6352579718571344,0.7725532333374023,10,2.484186963953458,0.5645198822021485,2.6620867881453267,2.6255323765068805,120.42861340527024,126.35738970752273,122.55926179885864,120.57913756370544,4.362548723167466,1.8541465783685445,10.0,10.0,0.2668063059506171,0.0,1.8732445486296752,4.370699825760756,122.82606810480927,120.31233125775482,0.9898734174209384,0.03532507768369115,certain_temperate,583.092425028483,705.3390355507532,POINT (538883.0955799416 8669041.568797452),dronbreen
dronbreen-20220329-DAT_0235_A1_1,2950.0,2803,123.70565795898438,538878.7612770218,8669042.684370754,706.5838419596354,2022-03-29 10:16:00.333333248+00:00,0,2022-05-04,100 MHz,20220329,122.45505321025848,123.18456268310547,124.12252044677734,0.7339737753464102,0.9270774536132812,10,2.4883319562361637,0.6774139404296875,2.7404667806986196,2.6813062253332482,120.60567036834811,126.7014127615347,122.76770448684692,120.78758025169373,4.362548723167466,1.8541465783685445,10.0,10.0,0.2668063059506171,0.0,1.8732445486296752,4.370699825760756,123.03451079279755,120.5207739457431,0.9898904806024269,0.03526555531206103,certain_temperate,582.878184000651,705.3332372109095,POINT (538878.7612770218 8669042.684370754),dronbreen
dronbreen-20220329-DAT_0235_A1_1,2955.0,2807,124.12252044677734,538873.8175122831,8669043.844414648,706.6338806152344,2022-03-29 10:16:01.500000+00:00,0,2022-05-04,100 MHz,20220329,122.87191569805145,123.4972152709961,124.53939056396484,0.8537620170788303,0.8498209991455078,10,2.4966217240151267,0.7903079986572266,2.7531622720345643,2.7543813002873017,120.8784929173347,127.15811291762624,123.18456697463989,121.2044427394867,4.4029703221112975,1.8541465783685445,10.0,10.0,0.2668063059506171,0.0,1.8732445486296752,4.411046730911822,123.45137328059052,120.93763643353607,0.989924433179214,0.03547277565958913,certain_temperate,582.511360168457,705.3832758665085,POINT (538873.8175122831 8669043.844414648),dronbreen
dronbreen-20220329-DAT_0235_A1_1,2960.0,2811,124.43517303466797,538869.4857132438,8669044.968953064,706.6979108537946,2022-03-29 10:16:02.571428608+00:00,0,2022-05-04,100 MHz,20220329,123.18456828594208,123.70565795898438,125.16468811035156,1.052598909193859,1.1588355056762694,10,2.502839370648285,0.6773974100748698,2.8400654738331688,2.798398940479957,121.11276919036293,127.75757687897301,123.49721956253052,121.51709532737732,4.423410825690951,1.8541465783685445,10.0,10.0,0.2668063059506171,0.0,1.8732445486296752,4.431449981409574,123.76402586848114,121.2502890214267,0.9899497487870453,0.03554791396849327,certain_temperate,582.2627378191266,705.4473061050687,POINT (538869.4857132438 8669044.968953064),dronbreen
dronbreen-20220329-DAT_0235_A1_1,2965.0,2816,124.74781036376953,538863.9256875685,8669046.536595058,706.7877197265625,2022-03-29 10:16:04+00:00,0,2022-05-04,100 MHz,20220329,123.49720561504364,124.12252044677734,125.68577575683594,1.2411122235518632,1.3133540702819824,10,2.5090568897938526,0.6774056752522788,2.91189694855643,2.8800354991798014,121.52362742760822,128.28466877600505,123.80985689163208,121.82973265647888,4.444001902339192,1.8541465783685445,10.0,10.0,0.2668063059506171,0.0,1.8732445486296752,4.452003876108979,124.0766631975827,121.56292635052826,0.9899749362727964,0.035623887019582204,certain_temperate,582.039909362793,705.5371149778366,POINT (538863.9256875685 8669046.536595058),dronbreen
dronbreen-20220329-DAT_0235_A1_1,2970.0,2819,125.06047058105469,538860.2037096411,8669047.731903607,706.8578491210938,2022-03-29 10:16:05+00:00,0,2022-05-04,100 MHz,20220329,123.8098658323288,124.33096313476562,125.99842834472656,1.3472757525380863,1.5451121223449706,10,2.515275038794354,0.6774222056070964,3.0286764165306437,2.9326884114765055,121.72606210681245,128.60332937267975,124.12251710891724,122.14239287376404,4.464741284982968,1.8541465783685445,10.0,10.0,0.2668063059506171,0.0,1.8732445486296752,4.472706154748641,124.38932341486786,121.87558656781341,0.9899999996568433,0.03570065956284134,certain_temperate,581.7973785400391,705.6072443723679,POINT (538860.2037096411 8669047.731903607),dronbreen
dronbreen-20220329-DAT_0235_A1_1,2975.0,2823,125.37312316894531,538855.2825888249,8669049.21831296,706.9426727294922,2022-03-29 10:16:06.249999872+00:00,0,2022-05-04,100 MHz,20220329,124.12251842021942,125.06047058105469,126.41529083251953,1.3606415521832305,1.4678669792175292,10,2.5214932094404325,0.7903079986572266,3.0227716100746016,2.9721810462223517,122.41802574000393,129.0577356735703,124.43516969680786,122.45504546165466,4.4856267247525805,1.8541465783685445,10.0,10.0,0.2668063059506171,0.0,1.8732445486296752,4.493554575022938,124.70197600275849,122.18823915570404,0.9900249374258576,0.03577821634632184,certain_temperate,581.5695495605469,705.6920679807663,POINT (538855.2825888249 8669049.21831296),dronbreen
dronbreen-20220329-DAT_0235_A1_1,2980.0,2827,125.78998565673828,538850.7003534582,8669050.4974061,706.9919840494791,2022-03-29 10:16:07.333333248+00:00,0,2022-05-04,100 MHz,20220329,124.53938090801239,125.26890563964844,126.93638610839844,1.3266931925399652,1.6223855438232422,10,2.529784219377014,1.1290149688720703,3.2103921644174265,3.0715790440224806,122.49861991493589,129.706671833111,124.85203218460083,122.87190794944763,4.50297306920119,1.8541465783685445,10.0,10.0,0.2668063059506171,0.0,1.8732445486296752,4.510870433391564,125.11883849055145,122.60510164349701,0.9900579943451253,0.03579754815688681,certain_temperate,581.2019983927408,705.7413793007532,POINT (538850.7003534582 8669050.4974061),dronbreen
dronbreen-20220329-DAT_0235_A1_1,2985.0,2831,126.41529083251953,538845.3209730701,8669051.955143552,706.9588971819196,2022-03-29 10:16:08.571428608+00:00,0,2022-05-04,100 MHz,20220329,125.16468608379364,126.1026382446289,127.45745849609375,1.305789986806133,1.3905992134094238,10,2.5422215289994297,1.6935348510742188,3.356295095286778,3.3220532933645623,123.04797777342901,130.51211896729365,125.47733736038208,123.49721312522888,4.524135490113338,1.8541465783685445,10.0,10.0,0.2668063059506171,0.0,1.8732445486296752,4.531995977248663,125.7441436663327,123.23040681927826,0.9901071718421884,0.035787881832326035,certain_temperate,580.5436063494001,705.7082924331937,POINT (538845.3209730701 8669051.955143552),dronbreen
dronbreen-20220329-DAT_0235_A1_1,2990.0,2835,127.3532485961914,538840.343589266,8669053.300419716,706.875470842634,2022-03-29 10:16:09.714285568+00:00,0,2022-05-04,100 MHz,20220329,126.10264384746552,127.14480590820312,127.97855377197266,1.2669029713864053,0.8498323104858398,10,2.560878749804709,2.145135879516602,3.4470165170385387,3.572779177572902,123.80419100780068,131.3191686723751,126.41529512405396,124.43517088890076,4.566879824281159,1.8541465783685445,10.0,10.0,0.2668063059506171,0.0,1.8732445486296752,4.574666865939128,126.68210143000458,124.16836458295013,0.9901800326060682,0.035859939770847234,certain_temperate,579.5222222464425,705.624866093908,POINT (538840.343589266 8669053.300419716),dronbreen
dronbreen-20220329-DAT_0235_A1_1,2995.0,2839,128.39541625976562,538834.8730181591,8669055.003674634,706.7545776367188,2022-03-29 10:16:11+00:00,0,2022-05-04,100 MHz,20220329,127.14481151103973,127.87432861328125,128.81228637695312,1.2313516466422696,0.9270774536132812,10,2.581610576095356,1.3548196156819663,3.0593662681415106,3.1648817095323887,124.9588099016891,131.7278050885453,127.45746278762817,125.47733855247498,4.588457834038943,1.8541465783685445,10.0,10.0,0.2668063059506171,0.0,1.8732445486296752,4.596208317694963,127.7242690935788,125.21053224652435,0.9902597399100627,0.035736928682529576,certain_temperate,578.3591613769531,705.5039728879929,POINT (538834.8730181591 8669055.003674634),dronbreen
dronbreen-20220329-DAT_0235_A1_1,3000.0,2843,128.60385131835938,538830.9261679811,8669056.006502923,706.7188720703125,2022-03-29 10:16:12+00:00,0,2022-05-04,100 MHz,20220329,127.35324656963348,128.39541625976562,129.12493896484375,1.161344249670214,0.9270661422729491,10,2.585757186892434,1.0161209106445312,2.9288382623087594,3.0112061372242547,125.61717186183823,131.90318336277113,127.66589784622192,125.68577361106873,4.630712709162183,1.8541465783685445,10.0,10.0,0.2668063059506171,0.0,1.8732445486296752,4.638392587922154,127.93270415217255,125.4189673051181,0.9902755264643668,0.036007574125434504,certain_temperate,578.1150207519531,705.4682673215866,POINT (538830.9261679811 8669056.006502923),dronbreen
dronbreen-20220329-DAT_0235_A1_1,3005.0,2847,129.3333740234375,538825.7223236957,8669057.531396069,706.7138468424479,2022-03-29 10:16:13.333333248+00:00,0,2022-05-04,100 MHz,20220329,128.0827692747116,128.81228637695312,129.64602661132812,1.1040814152803387,0.8498096878051757,10,2.600270880988085,1.2419255574544272,3.004324258508154,3.085900762555477,125.93065702105514,132.5276559672261,128.39542055130005,126.41529631614685,4.6524354334431335,1.8541465783685445,10.0,10.0,0.2668063059506171,0.0,1.8732445486296752,4.660079512975311,128.66222685725066,126.14849001019623,0.9903303786963815,0.03597242760093794,certain_temperate,577.3804728190104,705.463242093722,POINT (538825.7223236957 8669057.531396069),dronbreen
dronbreen-20220329-DAT_0235_A1_1,3010.0,2851,129.750244140625,538820.9761948743,8669058.7239077,706.7764630998884,2022-03-29 10:16:14.571428608+00:00,0,2022-05-04,100 MHz,20220329,128.4996393918991,129.3333740234375,130.27133178710938,1.0743879810073467,0.8498209991455078,10,2.6085648049877386,0.9032020568847656,2.8883524764076594,2.9622109700550756,126.57286966782029,133.03183614272658,128.81229066848755,126.83216643333435,4.674289566217001,1.8541465783685445,10.0,10.0,0.2668063059506171,0.0,1.8732445486296752,4.681897964900574,129.07909697443816,126.56536012738373,0.9903614458916126,0.036025285325482284,certain_temperate,577.0262189592634,705.5258583511625,POINT (538820.9761948743 8669058.7239077),dronbreen
dronbreen-20220329-DAT_0235_A1_1,3015.0,2855,130.16709899902344,538816.6440416452,8669059.768849155,706.8580758231027,2022-03-29 10:16:15.714285568+00:00,0,2022-05-04,100 MHz,20220329,128.91649425029755,129.750244140625,130.7924041748047,0.976656891214824,1.081579051208496,10,2.6168587017125375,1.2419090270996094,3.0919412575812624,3.056819618406937,126.85364484208195,133.68900347334775,129.229145526886,127.24902129173279,4.718385148373975,1.8541465783685445,10.0,10.0,0.2668063059506171,0.0,1.8732445486296752,4.725922556844442,129.4959518328366,126.98221498578216,0.990392312970459,0.03624867715926721,certain_temperate,576.6909768240793,705.6074710743768,POINT (538816.6440416452 8669059.768849155),dronbreen
dronbreen-20220329-DAT_0235_A1_1,3020.0,2859,130.89662170410156,538811.8007294234,8669061.224420639,706.9406127929688,2022-03-29 10:16:17+00:00,0,2022-05-04,100 MHz,20220329,129.64601695537567,130.27133178710938,131.31350708007812,0.8789034254431918,1.1588355056762694,10,2.6313742093093997,1.2419420878092449,3.1320041679580553,3.0395758931381254,127.36159805721404,134.22324080997348,129.9586682319641,127.87432718276978,4.73859837114794,1.93140250261724,10.0,10.0,0.2668063059506171,0.0,1.9497438888251841,4.746103678591621,130.22547453791472,127.60752087681915,0.9904458592403328,0.0362010746301748,certain_temperate,576.0439910888672,705.6900080442429,POINT (538811.8007294234 8669061.224420639),dronbreen
dronbreen-20220329-DAT_0235_A1_1,3025.0,2863,131.31350708007812,538806.8768092932,8669062.47831945,707.0503387451172,2022-03-29 10:16:18.249999872+00:00,0,2022-05-04,100 MHz,20220329,130.06290233135223,130.68820190429688,131.5219268798828,0.7728144357968938,0.8498323104858398,10,2.6396694597369366,0.4516258239746094,2.809632662376763,2.787303875382931,128.01017637388298,134.1999524102967,130.37555360794067,128.29121255874634,4.783412882218659,1.93140250261724,10.0,10.0,0.2668063059506171,0.0,1.9497438888251841,4.790847984091171,130.64235991389128,128.02440625279573,0.990476191090051,0.03642742463120431,certain_temperate,575.7368316650391,705.7997339963913,POINT (538806.8768092932 8669062.47831945),dronbreen
dronbreen-20220329-DAT_0235_A1_1,3030.0,2867,131.31350708007812,538802.4234149387,8669063.621720558,707.1234334309896,2022-03-29 10:16:19.333333248+00:00,0,2022-05-04,100 MHz,20220329,130.06290233135223,131.2092742919922,131.62615966796875,0.7191041833127924,0.5407951812744141,10,2.6396694597369366,0.4516092936197917,2.732080752620845,2.7728895825852162,128.53125154922998,134.30418241073096,130.37555360794067,128.29121255874634,4.806002320353917,1.93140250261724,10.0,10.0,0.2668063059506171,0.0,1.9497438888251841,4.813402529203459,130.64235991389128,128.02440625279573,0.990476191090051,0.036599451398576247,certain_temperate,575.8099263509115,705.8728286822637,POINT (538802.4234149387 8669063.621720558),dronbreen
dronbreen-20220329-DAT_0235_A1_1,3035.0,2871,131.73037719726562,538796.7224857925,8669065.070391446,707.1262817382812,2022-03-29 10:16:20.666666752+00:00,0,2022-05-04,100 MHz,20220329,130.47977244853973,131.2092742919922,131.73037719726562,0.7389701793374475,0.6953080902099609,10,2.647964673218574,0.4516092936197917,2.7747290327181036,2.7859908095051815,128.5230747713502,134.41657671790762,130.79242372512817,128.70808267593384,4.8218459818128325,1.93140250261724,10.0,10.0,0.2668063059506171,0.0,1.9497438888251841,4.829221912194507,131.05923003107878,128.44127636998323,0.9905063298585024,0.03660390324846744,certain_temperate,575.3959045410156,705.8756769895554,POINT (538796.7224857925 8669065.070391446),dronbreen
dronbreen-20220329-DAT_0235_A1_1,3040.0,2874,131.73037719726562,538792.3442964923,8669065.936864836,707.09814453125,2022-03-29 10:16:21.666666752+00:00,0,2022-05-04,100 MHz,20220329,130.47977244853973,131.2092742919922,132.0430145263672,0.7405219772276228,0.7725645446777343,10,2.647964673218574,0.22582117716471353,2.767592471872028,2.7588194782237414,128.55169793096894,134.70059088739043,130.79242372512817,128.70808267593384,4.844679896777075,1.93140250261724,10.0,10.0,0.2668063059506171,0.0,1.9497438888251841,4.852021115693021,131.05923003107878,128.44127636998323,0.9905063298585024,0.03677724151295938,certain_temperate,575.3677673339844,705.8475397825241,POINT (538792.3442964923 8669065.936864836),dronbreen
dronbreen-20220329-DAT_0235_A1_1,3045.0,2879,131.5219268798828,538786.8150471152,8669067.204431674,707.0455932617188,2022-03-29 10:16:23+00:00,0,2022-05-04,100 MHz,20220329,130.27132213115692,131.31350708007812,132.4598846435547,0.87890499353466,0.6953194015502929,10,2.643816729669229,0.22582117716471353,2.743033206927545,2.7952166448765854,128.66006363727877,135.11332808635404,130.58397340774536,128.49963235855103,4.8906939455054355,1.93140250261724,10.0,10.0,0.2668063059506171,0.0,1.9497438888251841,4.897966197668022,130.85077971369597,128.23282605260042,0.9904912832529587,0.03718538848637794,certain_temperate,575.5236663818359,705.7949885129929,POINT (538786.8150471152 8669067.204431674),dronbreen
dronbreen-20220329-DAT_0235_A1_1,3050.0,2883,131.5219268798828,538782.2379246502,8669068.421874207,707.0818176269531,2022-03-29 10:16:24.249999872+00:00,0,2022-05-04,100 MHz,20220329,130.27132213115692,131.417724609375,132.56410217285156,0.9604588430603639,0.7725645446777343,10,2.643816729669229,0.33870697021484375,2.7751297784867885,2.833190869137459,128.75229981926162,135.22952696296494,130.58397340774536,128.49963235855103,4.937158907806347,1.93140250261724,10.0,10.0,0.2668063059506171,0.0,1.9497438888251841,4.944362818991602,130.85077971369597,128.23282605260042,0.9904912832529587,0.03753867529872328,certain_temperate,575.5598907470703,705.8312128782272,POINT (538782.2379246502 8669068.421874207),dronbreen
dronbreen-20220329-DAT_0235_A1_1,3055.0,2888,131.83457946777344,538777.5181458461,8669069.480159799,707.2145182291666,2022-03-29 10:16:25.666666752+00:00,0,2022-05-04,100 MHz,20220329,130.58397471904755,131.31350708007812,132.3556671142578,1.0029864029962943,1.0043225967407226,10,2.650038214324063,0.33870697021484375,2.8541353905121625,2.8536654803332206,128.64191112465187,135.02726306968407,130.896625995636,128.81228494644165,4.960556818001576,1.93140250261724,10.0,10.0,0.2668063059506171,0.0,1.9497438888251841,4.967726799001424,131.1634323015866,128.54547864049104,0.9905138336711454,0.03762712968045056,certain_temperate,575.3799387613932,705.9639134804407,POINT (538777.5181458461 8669069.480159799),dronbreen
dronbreen-20220329-DAT_0235_A1_1,3060.0,2893,131.83457946777344,538772.1807514002,8669071.010276893,707.4158238002232,2022-03-29 10:16:27.285714432+00:00,0,2022-05-04,100 MHz,20220329,130.58397471904755,130.89662170410156,131.9387969970703,0.9008103568287682,1.1588468170166015,10,2.650038214324063,0.5644950866699219,2.946910786834555,2.8553137374415307,128.18712779559164,134.64829090558024,130.896625995636,128.81228494644165,4.984062807288332,1.93140250261724,10.0,10.0,0.2668063059506171,0.0,1.9497438888251841,4.991199021466672,131.1634323015866,128.54547864049104,0.9905138336711454,0.03780542879879759,certain_temperate,575.5812443324497,706.1652190514973,POINT (538772.1807514002 8669071.010276893),dronbreen
dronbreen-20220329-DAT_0235_A1_1,3065.0,2897,131.31350708007812,538768.284245375,8669072.174233798,707.561785016741,2022-03-29 10:16:28.428571392+00:00,0,2022-05-04,100 MHz,20220329,130.06290233135223,130.58396911621094,131.83457946777344,0.8452381344419974,1.0815903625488281,10,2.6396694597369366,1.2419090270996094,3.1112747549224733,3.037206017407179,127.66674562661345,134.75180295737093,130.37555360794067,128.29121255874634,5.007674920586081,1.93140250261724,10.0,10.0,0.2668063059506171,0.0,1.9497438888251841,5.014777533965173,130.64235991389128,128.02440625279573,0.990476191090051,0.038135261420839825,certain_temperate,576.2482779366629,706.3111802680152,POINT (538768.284245375 8669072.174233798),dronbreen
dronbreen-20220329-DAT_0235_A1_1,3070.0,2902,130.68820190429688,538762.9979708779,8669073.96282319,707.7073974609375,2022-03-29 10:16:30+00:00,0,2022-05-04,100 MHz,20220329,129.43759715557098,130.16709899902344,131.31350708007812,0.7467713842601343,1.0043339080810547,10,2.6272271403118737,1.467730204264323,3.1725763975391454,3.1006808767834997,127.15768802687272,134.32291805222883,129.75024843215942,127.66590738296509,5.031392739492573,1.93140250261724,10.0,10.0,0.2668063059506171,0.0,1.9497438888251841,5.038461918474089,130.01705473811003,127.39910107701446,0.9904306224241901,0.038499211605781125,certain_temperate,577.0191955566406,706.4567927122116,POINT (538762.9979708779 8669073.96282319),dronbreen
dronbreen-20220329-DAT_0235_A1_1,3075.0,2908,129.95867919921875,538758.0868984272,8669075.775513485,707.7416076660156,2022-03-29 10:16:31.500000+00:00,0,2022-05-04,100 MHz,20220329,128.70807445049286,129.22915649414062,130.58396911621094,0.7985424992988664,0.8497983764648437,10,2.6127118707737718,1.580632527669271,3.1696718738460317,3.1563163070888205,126.17552545761897,133.6376001527326,129.0207257270813,126.93638467788696,5.0552134831544375,1.93140250261724,10.0,10.0,0.2668063059506171,0.0,1.9497438888251841,5.062249397763946,129.2875320330319,126.66957837193634,0.9903769047482486,0.03889862157959533,certain_temperate,577.7829284667969,706.4910029172897,POINT (538758.0868984272 8669075.775513485),dronbreen
dronbreen-20220329-DAT_0235_A1_1,3080.0,2913,129.22915649414062,538753.2963188177,8669077.405599684,707.75390625,2022-03-29 10:16:33+00:00,0,2022-05-04,100 MHz,20220329,127.97855174541473,128.39541625976562,129.5417938232422,0.8109179156206833,0.7725758560180663,10,2.598197443474001,1.9193394978841147,3.3213502550491314,3.3304777328917052,125.16516951014836,132.77204057285945,128.29120302200317,126.20686197280884,5.0552134831544375,1.93140250261724,10.0,10.0,0.2668063059506171,0.0,1.9497438888251841,5.062249397763946,128.55800932795378,125.94005566685821,0.9903225805796961,0.039118211557649885,certain_temperate,578.5247497558594,706.5033015012741,POINT (538753.2963188177 8669077.405599684),dronbreen
dronbreen-20220329-DAT_0235_A1_1,3085.0,2917,128.18698120117188,538749.1306668491,8669078.898597714,707.7403564453125,2022-03-29 10:16:34.333333248+00:00,0,2022-05-04,100 MHz,20220329,126.93637645244598,127.66590118408203,128.91650390625,0.8209738308799907,1.0815903625488281,10,2.577464036565367,2.4838345845540366,3.739330530398866,3.6724315016354394,124.0864102840776,132.49599480625443,127.24902772903442,125.16468667984009,5.079137002115716,1.93140250261724,10.0,10.0,0.2668063059506171,0.0,1.9497438888251841,5.0861398222184215,127.51583403498505,124.89788037388946,0.9902439020171382,0.03962287710126122,certain_temperate,579.5533752441406,706.4897516965866,POINT (538749.1306668491 8669078.898597714),dronbreen
dronbreen-20220329-DAT_0235_A1_1,3090.0,2922,126.93638610839844,538744.4867827736,8669080.548436541,707.7666778564453,2022-03-29 10:16:35.750000128+00:00,0,2022-05-04,100 MHz,20220329,125.68578135967255,126.72795104980469,128.29119873046875,0.8894801597116528,1.1588355056762694,10,2.552586618962061,1.806420644124349,3.334929342585652,3.251158092948336,123.60083512761332,131.41831465266011,125.99843263626099,123.91409158706665,5.103160767003888,1.93140250261724,10.0,10.0,0.2668063059506171,0.0,1.9497438888251841,5.1101306655292795,126.26523894221161,123.64728528111603,0.990147783570442,0.0402025055498744,certain_temperate,580.8302917480469,706.5160731077194,POINT (538744.4867827736 8669080.548436541),dronbreen
dronbreen-20220329-DAT_0235_A1_1,3095.0,2927,126.51951599121094,538739.034614035,8669082.702303067,707.8982543945312,2022-03-29 10:16:37.333333248+00:00,0,2022-05-04,100 MHz,20220329,125.26891124248505,125.89421081542969,127.45745849609375,0.8954302767925711,0.9270774536132812,10,2.5442946312603247,0.9032268524169923,2.854597436169469,2.844476981482543,123.19434898237466,130.15732032914877,125.58156251907349,123.49722146987915,5.103160767003888,1.93140250261724,10.0,10.0,0.2668063059506171,0.0,1.9497438888251841,5.1101306655292795,125.84836882502411,123.23041516392853,0.9901153214274645,0.040334969091712254,certain_temperate,581.3787384033203,706.6476496458054,POINT (538739.034614035 8669082.702303067),dronbreen
dronbreen-20220329-DAT_0235_A1_1,3100.0,2931,126.1026382446289,538735.028014198,8669084.230923738,708.0602111816406,2022-03-29 10:16:38.500000+00:00,0,2022-05-04,100 MHz,20220329,124.85203349590302,125.47733306884766,126.93638610839844,0.9579404569767552,1.1588298500061034,10,2.53600278960854,1.0161209106445312,2.9676082078361588,2.895075434779585,122.74533529177108,129.668383885475,125.16468477249146,123.08034372329712,5.127284020680166,1.93140250261724,10.0,10.0,0.2668063059506171,0.11290180683135988,1.9530099974134636,5.135462379533411,125.45439570235224,122.79063279343633,0.9900826440577728,0.0406596094423786,certain_temperate,581.9575729370117,706.8096064329147,POINT (538735.028014198 8669084.230923738),dronbreen
dronbreen-20220329-DAT_0235_A1_1,3105.0,2936,125.58155822753906,538729.8265098847,8669086.128414862,708.2768249511719,2022-03-29 10:16:40+00:00,0,2022-05-04,100 MHz,20220329,124.43517053127289,125.58155822753906,126.41529083251953,1.0748059026699173,0.7725532333374023,9,2.525638752225407,0.9032103220621746,2.7913219970047245,2.8896103060856606,122.89927561889724,129.09757344116136,124.64360475540161,122.55926370620728,5.157790791693914,1.93140250261724,10.0,10.0,0.2666189826326329,0.11290180683135988,1.95298441545292,5.165911183011994,124.93314318097902,122.26972528062987,0.9908713690732436,0.04107124377568721,certain_temperate,582.6952667236328,707.1304372549057,POINT (538729.8265098847 8669086.128414862),dronbreen
dronbreen-20220329-DAT_0235_A1_1,3110.0,2940,125.26890563964844,538725.2133220942,8669087.825719474,708.4320068359375,2022-03-29 10:16:41.333333248+00:00,0,2022-05-04,100 MHz,20220329,124.12251794338226,125.06047058105469,125.89421081542969,1.172668709267484,0.9270774536132812,9,2.5194204667069884,1.2419172922770183,2.957923368499736,3.0438446002734447,122.25158502822083,128.70309636826354,124.33095216751099,122.24661111831665,5.157790791693914,1.93140250261724,10.0,10.0,0.2666189826326329,0.0,1.9497182640105204,5.164677292220937,124.59757115014362,121.97999213568401,0.9908485853659176,0.04117375150167704,certain_temperate,583.1631011962891,707.2856191396713,POINT (538725.2133220942 8669087.825719474),dronbreen
dronbreen-20220329-DAT_0235_A1_1,3115.0,2945,124.43517303466797,538720.4909643204,8669089.53541411,708.4657135009766,2022-03-29 10:16:42.750000128+00:00,0,2022-05-04,100 MHz,20220329,123.2887853384018,124.12252044677734,125.37312316894531,1.3447610303204263,0.9270661422729491,9,2.502839370648285,2.0322252909342446,3.3546380103565165,3.4932115276702516,120.89852532451368,128.59711829120897,123.49721956253052,121.41287851333618,5.182102431884471,1.93140250261724,10.0,10.0,0.2666189826326329,0.0,1.9497182640105204,5.18895666742776,123.76383854516315,121.14625953070355,0.9907872696416247,0.0416449971941673,certain_temperate,584.0305404663086,707.3193258047104,POINT (538720.4909643204 8669089.53541411),dronbreen
dronbreen-20220329-DAT_0235_A1_1,3120.0,2950,123.39300537109375,538715.6543729891,8669091.210831523,708.4295857747396,2022-03-29 10:16:44.333333248+00:00,0,2022-05-04,100 MHz,20220329,122.24661767482758,123.18456268310547,124.85203552246094,1.5254517013855977,1.8541435958862305,9,2.4821147253510074,2.1451441446940107,3.7683398712808835,3.617946904610337,119.9039321169918,128.1326660885746,122.4550518989563,120.37071084976196,5.157790791693914,1.93140250261724,10.0,10.0,0.2666189826326329,0.0,1.9497182640105204,5.164677292220937,122.72167088158893,120.10409186712933,0.9907094596422341,0.041799701499953795,certain_temperate,585.0365804036459,707.2831980784734,POINT (538715.6543729891 8669091.210831523),dronbreen
dronbreen-20220329-DAT_0235_A1_1,3125.0,2955,122.45503997802734,538711.3033933839,8669092.807167191,708.3629760742188,2022-03-29 10:16:45.750000128+00:00,0,2022-05-04,100 MHz,20220329,121.30865228176117,122.24662017822266,124.33096313476562,1.7535471797955138,2.008645193481445,9,2.463463968968921,2.0322418212890625,3.772706861114511,3.6432937375914665,119.05308584357016,127.52449746941812,121.51708650588989,119.43274545669556,5.157790791693914,1.93140250261724,10.0,10.0,0.2666189826326329,0.0,1.9497182640105204,5.164677292220937,121.78370548852253,119.16612647406292,0.9906382971540258,0.04211987348678666,certain_temperate,585.9079360961914,707.2165883779526,POINT (538711.3033933839 8669092.807167191),dronbreen
dronbreen-20220329-DAT_0235_A1_1,3130.0,2960,121.51708984375,538706.4513642654,8669094.575215429,708.3143310546875,2022-03-29 10:16:47.249999872+00:00,0,2022-05-04,100 MHz,20220329,120.37070214748383,121.30866241455078,123.70565795898438,1.9553627260152973,2.163158102416992,9,2.444815176989378,2.145135879516602,3.9061467160463073,3.7950194441553315,118.05616657424183,126.95815379929333,120.57913637161255,118.39057803153992,5.1315188936829905,2.0086587803453204,10.0,10.0,0.2666189826326329,0.0,2.0262763330203533,5.13844060373627,120.84575535424518,118.12395904890728,0.9905660372731092,0.04222878362443701,certain_temperate,586.7972412109375,707.1679433584213,POINT (538706.4513642654 8669094.575215429),dronbreen
dronbreen-20220329-DAT_0235_A1_1,3135.0,2965,120.47491455078125,538701.9444992327,8669096.027543956,708.3276977539062,2022-03-29 10:16:48.666666752+00:00,0,2022-05-04,100 MHz,20220329,119.32852685451508,120.3707046508789,123.0803451538086,2.1767428955408583,2.6267081405639647,9,2.4240961231781255,2.0322252909342446,4.111663568827707,3.8398426114630784,117.2074497374203,126.2436000672672,119.5369610786438,117.34840273857117,5.13151889368299,2.0086587803453204,10.0,10.0,0.2666189826326329,0.0,2.0262763330203533,5.138440603736269,119.80358006127643,117.08178375593853,0.990484428226899,0.042594086186465055,certain_temperate,587.852783203125,707.1813100576401,POINT (538701.9444992327 8669096.027543956),dronbreen
dronbreen-20220329-DAT_0235_A1_1,3140.0,2969,119.64118957519531,538697.7899762096,8669097.58303894,708.3443603515625,2022-03-29 10:16:50+00:00,0,2022-05-04,100 MHz,20220329,118.49480187892914,119.64118957519531,122.55925750732422,2.348933111580458,2.317682322692871,9,2.4075227303573126,1.919314702351888,3.853775547793912,3.8726504343318027,116.56223932813849,125.63820775438104,118.70323610305786,116.51467776298523,5.107415642175912,2.0086587803453204,10.0,10.0,0.2666189826326329,0.0,2.0262763330203533,5.114369973304947,118.9698550856905,116.2480587803526,0.9904181185398055,0.04268944215876311,certain_temperate,588.7031707763672,707.1979726552963,POINT (538697.7899762096 8669097.58303894),dronbreen
dronbreen-20220329-DAT_0235_A1_1,3145.0,2974,118.70323944091797,538692.7554290432,8669099.020254474,708.3840026855469,2022-03-29 10:16:51.500000+00:00,0,2022-05-04,100 MHz,20220329,117.5568517446518,118.70323944091797,122.0381851196289,2.5163621890838734,3.090246867370605,9,2.38887915590286,2.0322418212890625,4.402996268792115,4.021048259888761,115.56688001609061,125.17454454445627,117.76528596878052,115.57672762870789,5.083411985553468,2.0086587803453204,10.0,10.0,0.2666189826326329,0.0,2.0262763330203533,5.090399109772113,118.03190495141315,115.31010864607525,0.9903424059725281,0.04282454303265775,certain_temperate,589.6807632446289,707.2376149892807,POINT (538692.7554290432 8669099.020254474),dronbreen
dronbreen-20220329-DAT_0235_A1_1,3150.0,2979,117.76527404785156,538687.8570502718,8669100.301899059,708.364013671875,2022-03-29 10:16:52.857143040+00:00,0,2022-05-04,100 MHz,20220329,116.61888635158539,117.76527404785156,121.41287231445312,2.6543573091038106,2.7812210494995115,9,2.370237099664553,2.0322418212890625,4.181294208137198,4.098004813713051,114.64309040033457,124.53505596197012,116.82732057571411,114.63876223564148,5.083411985553468,2.0086587803453204,10.0,10.0,0.2666189826326329,0.0,2.0262763330203533,5.090399109772113,117.09393955834675,114.37214325300884,0.9902654861075569,0.04316562778504575,certain_temperate,590.5987396240234,707.2176259756088,POINT (538687.8570502718 8669100.301899059),dronbreen
dronbreen-20220329-DAT_0235_A1_1,3155.0,2984,116.82732391357422,538682.4715570337,8669101.795535393,708.3102010091146,2022-03-29 10:16:54.333333248+00:00,0,2022-05-04,100 MHz,20220329,115.68093621730804,116.72310638427734,120.3707046508789,2.7800970436247066,3.244737153625488,9,2.3515972114975128,2.0322252909342446,4.493135683946489,4.169998639113265,113.61506052260869,123.47875051254756,115.88937044143677,113.70081210136414,5.083411985553468,2.0086587803453204,10.0,10.0,0.2666189826326329,0.0,2.0262763330203533,5.090399109772113,116.1559894240694,113.4341931187315,0.9901873323991035,0.04351218375346886,certain_temperate,591.4828770955404,707.1638133128484,POINT (538682.4715570337 8669101.795535393),dronbreen
dronbreen-20220329-DAT_0235_A1_1,3160.0,2988,115.88937377929688,538677.5093549563,8669103.389948977,708.2248331705729,2022-03-29 10:16:55.666666752+00:00,0,2022-05-04,100 MHz,20220329,114.7429860830307,115.68093872070312,119.0158920288086,2.6362559056581296,2.703964595031738,10,2.3329592328163455,2.0322252909342446,4.109022139911265,4.064785801885897,112.58697065120147,122.10986009831025,114.95142030715942,112.76286196708679,5.083411985553468,2.0086587803453204,10.0,10.0,0.2666189826326329,0.0,2.0262763330203533,5.090399109772113,115.21803928979206,112.49624298445416,0.9901079136172624,0.04386434942028824,certain_temperate,592.335459391276,707.0784454743067,POINT (538677.5093549563 8669103.389948977),dronbreen
dronbreen-20220329-DAT_0235_A1_1,3165.0,2992,114.95142364501953,538673.3766528908,8669104.74455628,708.1225433349609,2022-03-29 10:16:56.750000128+00:00,0,2022-05-04,100 MHz,20220329,113.80503594875336,114.11768341064453,118.28636169433594,2.6855973040639602,2.858483159637451,10,2.3143232097541393,2.032233556111654,4.202022265495963,4.086379574316186,111.03773777057344,121.36630733440703,114.01347017288208,111.82491183280945,5.083411985553468,2.0086587803453204,10.0,10.0,0.2666189826326329,0.0,2.0262763330203533,5.090399109772113,114.28008915551472,111.55829285017681,0.9900271987948029,0.04422226210309067,certain_temperate,593.1711196899414,706.9761556386948,POINT (538673.3766528908 8669104.74455628),dronbreen
dronbreen-20220329-DAT_0235_A1_1,3170.0,2996,114.01346588134766,538668.5369797512,8669106.42004972,707.9647216796875,2022-03-29 10:16:58+00:00,0,2022-05-04,100 MHz,20220329,112.86707818508148,112.45021057128906,117.34841918945312,2.7678955194529076,3.553785594177246,10,2.2956890383740762,2.032250086466471,4.693572266859816,4.130553737873574,109.384231351716,120.41439840902619,113.0755124092102,110.88695406913757,5.083411985553468,2.0086587803453204,10.0,10.0,0.2666189826326329,0.0,2.0262763330203533,5.090399109772113,113.34213139184284,110.62033508650494,0.9899451552726306,0.04458606662167177,certain_temperate,593.9512557983398,706.8183339834213,POINT (538668.5369797512 8669106.42004972),dronbreen
dronbreen-20220329-DAT_0235_A1_1,3175.0,3000,113.07550048828125,538664.1679511778,8669107.996084444,707.7869175502232,2022-03-29 10:16:59.142856960+00:00,0,2022-05-04,100 MHz,20220329,111.92911279201508,111.09538269042969,116.41045379638672,2.919338810228125,4.094575119781494,10,2.27705676790679,1.8064206441243493,5.021323379281839,4.1195487807152995,108.18881373927977,119.31702274753664,112.1375470161438,109.94898867607117,5.107415642175913,2.0086587803453204,10.0,10.0,0.2666189826326329,0.0,2.0262763330203533,5.114369973304949,112.40416599877643,109.68236969343853,0.9898617499695702,0.04516818957352506,certain_temperate,594.7114170619419,706.640529853957,POINT (538664.1679511778 8669107.996084444),dronbreen
dronbreen-20220329-DAT_0235_A1_1,3180.0,3004,112.34600067138672,538659.637849774,8669109.57636618,707.6141764322916,2022-03-29 10:17:00.333333248+00:00,0,2022-05-04,100 MHz,20220329,111.19961297512054,110.26165771484375,114.11768341064453,2.8362018522793147,3.8627944450378418,10,2.2625670259115176,2.3709322611490884,5.06573886598143,4.334117012791906,106.98438303399998,117.3949580914883,111.40804719924927,109.21948885917664,5.107415642175913,2.0086587803453204,10.0,10.0,0.2666189826326329,0.0,2.0262763330203533,5.114369973304949,111.6746661818819,108.952869876544,0.9897959189520296,0.0454614815983985,certain_temperate,595.2681757609049,706.4677887360255,POINT (538659.637849774 8669109.57636618),dronbreen
dronbreen-20220329-DAT_0235_A1_1,3185.0,3009,110.88694763183594,538654.3687693505,8669111.270611884,707.4637603759766,2022-03-29 10:17:01.750000128+00:00,0,2022-05-04,100 MHz,20220329,109.74055993556976,109.1152572631836,111.40803527832031,2.640828718219492,3.708298503112793,10,2.2335903971055684,2.709647496541341,5.107112041628179,4.393756016954944,105.603688437494,114.9196041040099,109.94899415969849,107.76043581962585,5.107415642175913,2.0086587803453204,10.0,10.0,0.2666189826326329,0.0,2.0262763330203533,5.114369973304949,110.21561314233112,107.49381683699322,0.9896616534159424,0.04605966483209031,certain_temperate,596.5768127441406,706.3173726797104,POINT (538654.3687693505 8669111.270611884),dronbreen
dronbreen-20220329-DAT_0235_A1_1,3190.0,3013,109.84478759765625,538649.8031202912,8669112.76794591,707.3607177734375,2022-03-29 10:17:03+00:00,0,2022-05-04,100 MHz,20220329,108.69839990139008,108.28152465820312,110.47007751464844,2.558074241463267,2.858477503967285,10,2.2128965057023535,2.145127614339193,4.20349581508502,4.00527492833989,105.19956368720588,113.55203848564568,108.9068341255188,106.71827578544617,5.107415642175913,2.0086587803453204,10.0,10.0,0.2666189826326329,0.0,2.0262763330203533,5.114369973304949,109.17345310815143,106.45165680281353,0.989563567636316,0.046496659093953126,certain_temperate,597.5159301757812,706.2143300771713,POINT (538649.8031202912 8669112.76794591),dronbreen
dronbreen-20220329-DAT_0235_A1_1,3195.0,3017,108.90682983398438,538644.885775721,8669114.363765305,707.2385050455729,2022-03-29 10:17:04.333333248+00:00,0,2022-05-04,100 MHz,20220329,107.7604421377182,107.2393569946289,109.42790985107422,2.5175867225570134,2.6267137962341307,10,2.194274147365222,2.0322252909342446,3.980502987592757,3.909350530779187,104.248574711194,112.41869213450913,107.96887636184692,105.78031802177429,5.107415642175912,2.0086587803453204,10.0,10.0,0.2666189826326329,0.0,2.0262763330203533,5.114369973304947,108.23549534447956,105.51369903914166,0.9894736840837833,0.04689711058490606,certain_temperate,598.3316752115885,706.0921173493067,POINT (538644.885775721 8669114.363765305),dronbreen
dronbreen-20220329-DAT_0235_A1_1,3200.0,3021,107.96888732910156,538639.9492525165,8669115.959051007,707.0711873372396,2022-03-29 10:17:05.666666752+00:00,0,2022-05-04,100 MHz,20220329,106.82249963283539,106.19718170166016,108.38573455810547,2.4824403967526387,2.5494573417663573,10,2.1756544423307878,2.596745173136393,4.239845573146176,4.199889054495397,102.80947484500315,111.77344141476247,107.03093385696411,104.84237551689148,5.107415642175913,2.0086587803453204,10.0,10.0,0.2666189826326329,0.0,2.0262763330203533,5.114369973304949,107.29755283959675,104.57575653425884,0.9893822403414064,0.04730451307336273,certain_temperate,599.1023000081381,705.9247996409734,POINT (538639.9492525165 8669115.959051007),dronbreen
dronbreen-20220329-DAT_0235_A1_1,3205.0,3026,106.50983428955078,538635.0703062156,8669117.556000352,706.833740234375,2022-03-29 10:17:07+00:00,0,2022-05-04,100 MHz,20220329,105.3634465932846,104.84236907958984,106.71826934814453,2.477966490610127,2.1631694137573243,10,2.1466946499572375,3.0483627319335938,4.310465772768864,4.476732200409506,101.11398963731246,110.44664879042192,105.6760978102684,103.3833224773407,5.138510550954661,2.0086587803453204,10.0,10.0,0.2666189826326329,0.0,2.0262763330203533,5.145422855720648,105.94271679290104,103.11670349470806,0.9892367901620269,0.048244470430640576,certain_temperate,600.3239059448242,705.6873525381088,POINT (538635.0703062156 8669117.556000352),dronbreen
dronbreen-20220329-DAT_0235_A1_1,3210.0,3030,105.15501403808594,538630.4514032848,8669119.237956412,706.5049743652344,2022-03-29 10:17:08.249999872+00:00,0,2022-05-04,100 MHz,20220329,104.00862634181976,104.11283874511719,105.78031158447266,2.4624290127832293,1.6223911994934082,10,2.1198091402152275,2.9354521433512373,3.967697478518121,4.37881567548144,100.49200043378023,109.40114989580961,104.32127755880356,102.02850222587585,5.1869905627739685,2.0086587803453204,10.0,10.0,0.2666189826326329,0.0,2.0262763330203533,5.1938383475235606,104.5878965414362,101.76188324324322,0.9890981166542285,0.04932708735025512,certain_temperate,601.3499603271484,705.3585866689682,POINT (538630.4514032848 8669119.237956412),dronbreen
dronbreen-20220329-DAT_0235_A1_1,3215.0,3034,103.80018615722656,538626.4197187388,8669120.53357138,706.2177327473959,2022-03-29 10:17:09.333333248+00:00,0,2022-05-04,100 MHz,20220329,102.65379846096039,103.3833236694336,104.84236907958984,2.286875758734489,1.236108927154541,10,2.092928918647252,2.5967369079589844,3.5568749355940943,4.043908352516633,100.0481484075221,108.17754434150133,102.96644967794418,100.67367434501648,5.21137373149784,2.0086587803453204,10.0,10.0,0.2666189826326329,0.0,2.0262763330203533,5.218189518525154,103.23306866057682,100.40705536238384,0.9889558223476619,0.050205822594616076,certain_temperate,602.4175465901693,705.0713450511297,POINT (538626.4197187388 8669120.53357138),dronbreen
dronbreen-20220329-DAT_0235_A1_1,3220.0,3038,102.75802612304688,538621.4100364749,8669122.002773007,705.9079996744791,2022-03-29 10:17:10.666666752+00:00,0,2022-05-04,100 MHz,20220329,101.6116384267807,102.65380096435547,103.90441131591797,2.1013208519978614,1.4678613235473632,10,2.072255962250299,1.919314702351888,3.1831793171155542,3.5204492643392897,99.82926317920442,106.72894910106902,101.9242896437645,99.63151431083679,5.235851456024966,2.0086587803453204,10.0,10.0,0.2666189826326329,0.0,2.0262763330203533,5.242635420421567,102.19090862639713,99.36489532820416,0.9888438135733219,0.05095321167180977,certain_temperate,603.1499735514323,704.761611978213,POINT (538621.4100364749 8669122.002773007),dronbreen
dronbreen-20220329-DAT_0235_A1_1,3225.0,3042,102.02851104736328,538616.4295001947,8669123.348771693,705.62158203125,2022-03-29 10:17:12+00:00,0,2022-05-04,100 MHz,20220329,100.8821233510971,101.7158432006836,102.86224365234375,1.9230474303021001,1.3133484146118164,10,2.057786875897689,1.6935348510742188,2.97109932122491,3.2864355368105516,99.05078276639327,105.52730408663408,101.1947745680809,98.9019992351532,5.285082440820914,2.0086587803453204,10.0,10.0,0.2666189826326329,0.0,2.0262763330203533,5.291803292656825,101.46139355071354,98.63538025252056,0.9887640456133482,0.051800054578543184,certain_temperate,603.5930709838867,704.4751943349838,POINT (538616.4295001947 8669123.348771693),dronbreen
dronbreen-20220329-DAT_0235_A1_1,3230.0,3047,101.19476318359375,538611.4436510938,8669124.880720703,705.3186442057291,2022-03-29 10:17:13.333333248+00:00,0,2022-05-04,100 MHz,20220329,100.04837548732758,100.5694580078125,101.7158432006836,1.7160174436022602,0.8498153434753417,10,2.041252566027401,1.6935348510742188,2.7851316751856703,3.1590327945217127,97.91714348458633,104.36815772390976,100.36102670431137,98.06825137138367,5.309834039053376,2.0086587803453204,10.0,10.0,0.2666189826326329,0.0,2.0262763330203533,5.31652360139499,100.627645686944,97.80163238875103,0.9886714721177189,0.05247143105043835,certain_temperate,604.1238810221354,704.172256509463,POINT (538611.4436510938 8669124.880720703),dronbreen
dronbreen-20220329-DAT_0235_A1_1,3235.0,3051,100.46524810791016,538606.5363430424,8669126.352907473,705.0334065755209,2022-03-29 10:17:14.666666752+00:00,0,2022-05-04,100 MHz,20220329,99.31886041164398,99.8399429321289,100.77790069580078,1.513279971124455,0.7725588890075683,10,2.0267872189634457,1.806428909301758,2.822746724787636,3.1082258776223375,97.12497482268182,103.49286880524787,99.63151162862778,97.33873629570007,5.359601370631682,2.0086587803453204,10.0,10.0,0.2666189826326329,0.0,2.0262763330203533,5.366228893177878,99.89813061126041,97.07211731306744,0.988589211514863,0.05334781401101913,certain_temperate,604.5681584676107,703.8870188792547,POINT (538606.5363430424 8669126.352907473),dronbreen
dronbreen-20220329-DAT_0235_A1_1,3240.0,3056,99.52729034423828,538601.6691973398,8669127.764233528,704.7669067382812,2022-03-29 10:17:16+00:00,0,2022-05-04,100 MHz,20220329,98.3809026479721,99.31886291503906,99.73572540283203,1.3391890189774993,0.7725588890075683,10,2.00819137765964,1.5806242624918623,2.669841363352713,2.8852439926346585,96.76324055082237,102.29134776704872,98.6935538649559,96.4007785320282,5.3846153358089275,2.0086587803453204,10.0,10.0,0.2666189826326329,0.0,2.0262763330203533,5.391212108285924,98.96017284758854,96.13415954939556,0.988481674801945,0.05410189825509147,certain_temperate,605.239616394043,703.6205190420151,POINT (538601.6691973398 8669127.764233528),dronbreen
dronbreen-20220329-DAT_0235_A1_1,3245.0,3060,99.00621032714844,538597.1515307713,8669129.362805644,704.5499354771206,2022-03-29 10:17:17.285714432+00:00,0,2022-05-04,100 MHz,20220329,97.85982263088226,98.38090515136719,99.4230728149414,1.2177986126858904,1.0815903625488281,10,1.997861825386686,1.0161126454671223,2.4887294939334246,2.550876367579443,96.13949113748764,101.66448682882096,98.17247384786606,95.87969851493835,5.40971441352156,2.0086587803453204,10.0,10.0,0.2666189826326329,0.0,2.0262763330203533,5.416280616600563,98.4390928304987,95.61307953230572,0.9884210526543927,0.05464015232626438,certain_temperate,605.5437251499721,703.4035477808544,POINT (538597.1515307713 8669129.362805644),dronbreen
dronbreen-20220329-DAT_0235_A1_1,3250.0,3065,98.58934020996094,538592.211282399,8669131.348041194,704.3009556361607,2022-03-29 10:17:18.714285568+00:00,0,2022-05-04,100 MHz,20220329,97.44295251369476,97.96403503417969,99.00621032714844,1.0637171327833086,1.0815847068786621,10,1.9895987538230335,0.9032103220621746,2.4380561037940915,2.4301823441195864,95.7790196824959,101.19122567883223,97.75560373067856,95.35861134529114,5.458162156608813,2.0859148813337085,10.0,10.0,0.2666189826326329,0.0,2.102885297411506,5.46467014647148,98.0222227133112,95.0919923626585,0.9883720928264175,0.05536259949589712,certain_temperate,605.7116154261997,703.1545679398945,POINT (538592.211282399 8669131.348041194),dronbreen
dronbreen-20220329-DAT_0235_A1_1,3255.0,3069,98.17247772216797,538587.9463144727,8669133.512115987,704.0311279296875,2022-03-29 10:17:20+00:00,0,2022-05-04,100 MHz,20220329,97.0260900259018,97.65138244628906,98.69355773925781,0.8998025411679351,1.0043339080810547,10,1.9813364562445788,1.1290232340494792,2.4918013995478723,2.4515367076508654,95.37094660727334,100.97399357827354,97.33874124288559,94.94174885749817,5.483496806271624,2.0859148813337085,10.0,10.0,0.2666189826326329,0.0,2.102885297411506,5.489974763720792,97.60536022551823,94.67512987486553,0.9883227181093412,0.05585574423200501,certain_temperate,605.8586502075195,702.8847402334213,POINT (538587.9463144727 8669133.512115987),dronbreen
dronbreen-20220329-DAT_0235_A1_1,3260.0,3074,97.54716491699219,538583.7309918423,8669136.306761809,703.7067260742188,2022-03-29 10:17:21.333333248+00:00,0,2022-05-04,100 MHz,20220329,96.40077722072601,97.2345199584961,98.17247772216797,0.7718020389844246,0.8498153434753417,10,1.9689438167040594,1.1290232340494792,2.4235551023995323,2.397313413749068,94.96484306158749,100.44215461907658,96.71342843770981,94.31643605232239,5.534406474130309,2.0859148813337085,10.0,10.0,0.2666189826326329,0.0,2.102885297411506,5.5408249117613835,96.98004742034244,94.04981706968975,0.9882478624853762,0.05673569784257508,certain_temperate,606.1595611572266,702.5603383779526,POINT (538583.7309918423 8669136.306761809),dronbreen
dronbreen-20220329-DAT_0235_A1_1,3265.0,3078,97.13030242919922,538579.8159884693,8669139.792311082,703.3075968424479,2022-03-29 10:17:22.666666752+00:00,0,2022-05-04,100 MHz,20220329,95.98391473293304,96.92186737060547,97.75559997558594,0.6878873247089642,0.8498153434753417,10,1.9606831105497597,0.9032185872395834,2.319971593433045,2.265672316957023,94.76314504563402,99.91432230055739,96.29656594991684,93.89957356452942,5.559980221740901,2.0859148813337085,10.0,10.0,0.2666189826326329,0.0,2.102885297411506,5.566369171017141,96.56318493254948,93.63295458189678,0.9881974248242271,0.05724248851993139,certain_temperate,606.1772944132487,702.1612091461817,POINT (538579.8159884693 8669139.792311082),dronbreen
dronbreen-20220329-DAT_0235_A1_1,3270.0,3082,96.71342468261719,538577.0400724384,8669143.035771284,702.9320417131696,2022-03-29 10:17:23.857143040+00:00,0,2022-05-04,100 MHz,20220329,95.56703698635101,96.60921478271484,97.44295501708984,0.6708311362295859,0.8498209991455078,10,1.9524227527705436,1.1290149688720703,2.410150438471005,2.3530073988001794,94.35385906676375,99.69831073304094,95.87968820333481,93.48269581794739,5.5599802217409,2.0859148813337085,10.0,10.0,0.2666189826326329,0.0,2.102885297411506,5.566369171017141,96.14630718596744,93.21607683531475,0.9881465504915345,0.057489229028824,certain_temperate,606.2186170305524,701.7856540169034,POINT (538577.0400724384 8669143.035771284),dronbreen
dronbreen-20220329-DAT_0235_A1_1,3275.0,3088,96.088134765625,538574.1595366374,8669147.538937818,702.4198303222656,2022-03-29 10:17:25.500000+00:00,0,2022-05-04,100 MHz,20220329,94.94174706935883,95.9839096069336,97.02609252929688,0.6190967211445082,0.8498153434753417,10,1.9400339834896614,1.2419172922770183,2.455254882075903,2.3852402747067907,93.68041434582463,99.32958779040584,95.25439828634262,92.8574059009552,5.585630398197747,2.0859148813337085,10.0,10.0,0.2666189826326329,0.0,2.102885297411506,5.591990041762483,95.52101726897526,92.59078691832256,0.9880694146154215,0.058130282285341804,certain_temperate,606.3316955566406,701.2734426259995,POINT (538574.1595366374 8669147.538937818),dronbreen
dronbreen-20220329-DAT_0235_A1_1,3280.0,3094,95.5670394897461,538572.9817010594,8669152.68451175,701.8667399088541,2022-03-29 10:17:27.333333248+00:00,0,2022-05-04,100 MHz,20220329,94.42065179347992,95.46282958984375,96.50499725341797,0.6521303321566347,0.8498153434753417,10,1.9297107593455232,0.9032268524169923,2.293858862194249,2.228200244991393,93.33219532708043,98.63563151618129,94.73330301046371,92.3363106250763,5.611357348759938,2.0859148813337085,10.0,10.0,0.2666189826326329,0.0,2.102885297411506,5.617687867564575,94.99992199309635,92.06969164244366,0.988004361102039,0.058716450553666165,certain_temperate,606.299700419108,700.720352212588,POINT (538572.9817010594 8669152.68451175),dronbreen
dronbreen-20220329-DAT_0235_A1_1,3285.0,3098,95.25438690185547,538572.9378847035,8669156.90110783,701.466796875,2022-03-29 10:17:28.666666752+00:00,0,2022-05-04,100 MHz,20220329,94.1079992055893,95.15017700195312,96.19234466552734,0.6425308754001963,0.8498153434753417,10,1.923517426388269,0.5645033518473307,2.1773308067154917,2.105096019118549,93.14553655442488,98.19698511305559,94.42065042257309,92.02365803718567,5.637159087049187,2.0859148813337085,10.0,10.0,0.2666189826326329,0.0,2.102885297411506,5.643460662979878,94.68726940520573,91.75703905455303,0.9879649879280904,0.059180046929044695,certain_temperate,606.2124099731445,700.3204091787338,POINT (538572.9378847035 8669156.90110783),dronbreen
dronbreen-20220329-DAT_0235_A1_1,3290.0,3104,95.04595947265625,538573.3247341627,8669162.81362009,700.8654349190848,2022-03-29 10:17:30.428571392+00:00,0,2022-05-04,100 MHz,20220329,93.89957177639008,94.73330688476562,95.87969207763672,0.6605881442109395,0.9270661422729491,10,1.9193889040085454,0.33869043986002606,2.1582902054711157,2.057945984508766,92.78426481777895,97.8287341446234,94.21222299337387,91.81523060798645,5.6630355288062555,2.0859148813337085,10.0,10.0,0.2666189826326329,0.0,2.102885297411506,5.6693083425072235,94.4788419760065,91.54861162535381,0.9879385962051761,0.05958207545303862,certain_temperate,605.8194754464286,699.7190472228186,POINT (538573.3247341627 8669162.81362009),dronbreen
dronbreen-20220329-DAT_0235_A1_1,3295.0,3108,94.9417495727539,538573.9334056418,8669166.853940636,700.4249877929688,2022-03-29 10:17:31.666666752+00:00,0,2022-05-04,100 MHz,20220329,93.79536187648773,94.420654296875,95.5670394897461,0.6156746897251607,0.8498266548156738,10,1.9173247833307239,0.33870697021484375,2.1243968743343427,2.0420362533546017,92.47364203793919,97.51405174868191,94.10801309347153,91.7110207080841,5.6630355288062555,2.0859148813337085,10.0,10.0,0.2666189826326329,0.0,2.102885297411506,5.6693083425072235,94.37463207610416,91.44440172545147,0.9879253573751798,0.059647473890995326,certain_temperate,605.4832382202148,699.2786000967026,POINT (538573.9334056418 8669166.853940636),dronbreen
dronbreen-20220329-DAT_0235_A1_1,3300.0,3114,94.73330688476562,538576.1543567202,8669171.786619082,699.8404846191406,2022-03-29 10:17:33.500000+00:00,0,2022-05-04,100 MHz,20220329,93.58691918849945,94.10800170898438,95.04595947265625,0.5932156233198157,0.8498153434753417,10,1.9131962192439314,0.33870697021484375,2.1206669476859172,2.031488853218769,92.16505493024817,96.98890625139245,93.89957040548325,91.50257802009583,5.688985189559313,2.0859148813337085,10.0,10.0,0.2666189826326329,0.0,2.102885297411506,5.695229421974611,94.16618938811588,91.23595903746319,0.9878987894124646,0.060052640160439465,certain_temperate,605.107177734375,698.6940969228745,POINT (538576.1543567202 8669171.786619082),dronbreen
dronbreen-20220329-DAT_0235_A1_1,3305.0,3120,94.62909698486328,538579.6096655232,8669175.63813256,699.4061686197916,2022-03-29 10:17:35.333333248+00:00,0,2022-05-04,100 MHz,20220329,93.4827092885971,94.21221923828125,94.8375244140625,0.4536072964964106,0.4635387268066406,10,1.9111322294567334,0.22580464680989584,1.979465152064751,1.977163047506196,92.28779357409226,96.76195007825149,93.7953605055809,91.39836812019348,5.7150070719300965,2.0859148813337085,10.0,10.0,0.2666189826326329,0.0,2.102885297411506,5.721222903725311,94.06197948821354,91.13174913756085,0.9878854630045815,0.0603937610526312,certain_temperate,604.7770716349283,698.2597809235255,POINT (538579.6096655232 8669175.63813256),dronbreen
dronbreen-20220329-DAT_0235_A1_1,3310.0,3125,94.52487182617188,538583.0773417728,8669178.497573443,699.0920104980469,2022-03-29 10:17:36.750000128+00:00,0,2022-05-04,100 MHz,20220329,93.3784841299057,94.420654296875,94.8375244140625,0.4015340823694314,0.38628792800903317,10,1.9090679813725044,0.0,1.9477574081048186,1.9508383266703446,92.5115863155025,96.746592395435,93.6911353468895,91.29414296150208,5.7410997156800745,2.0859148813337085,10.0,10.0,0.2666189826326329,0.0,2.102885297411506,5.7472873277122565,93.95775432952213,91.02752397886944,0.9878721052552778,0.06073639249400695,certain_temperate,604.567138671875,697.9456228017807,POINT (538583.0773417728 8669178.497573443),dronbreen
dronbreen-20220329-DAT_0235_A1_1,3315.0,3132,94.62909698486328,538587.7638604861,8669180.818154402,698.8309020996094,2022-03-29 10:17:38.750000128+00:00,0,2022-05-04,100 MHz,20220329,93.4827092885971,94.31644439697266,94.9417495727539,0.6955607327185828,0.4635387268066406,10,1.9111322294567334,0.0,1.9665438082376365,2.0337726351213097,92.40531216751592,96.85288180221065,93.7953605055809,91.39836812019348,5.767263588447321,2.0859148813337085,10.0,10.0,0.2666189826326329,0.0,2.102885297411506,5.77342315966276,94.06197948821354,91.13174913756085,0.9878854630045815,0.0609459856662253,certain_temperate,604.2018051147461,697.6845144033432,POINT (538587.7638604861 8669180.818154402),dronbreen
dronbreen-20220329-DAT_0235_A1_1,3320.0,3139,94.52487182617188,538592.7348898172,8669180.91391716,698.7867431640625,2022-03-29 10:17:41+00:00,0,2022-05-04,100 MHz,20220329,93.3784841299057,94.21221923828125,95.04595947265625,0.9544707555942219,0.7725588890075683,10,1.9090679813725044,0.225796381632487,2.0718039966282094,2.1462849267384367,92.28984451844643,96.96833419249107,93.6911353468895,91.29414296150208,5.6592090704976385,2.0859148813337085,10.0,10.0,0.2666189826326329,0.0,2.102885297411506,5.665486120846365,93.95775432952213,91.02752397886944,0.9878721052552778,0.05987005283545623,certain_temperate,604.2618713378906,697.6403554677963,POINT (538592.7348898172 8669180.91391716),dronbreen
dronbreen-20220329-DAT_0235_A1_1,3325.0,3145,94.8375244140625,538597.9245281423,8669180.752344092,698.7964680989584,2022-03-29 10:17:42.666666752+00:00,0,2022-05-04,100 MHz,20220329,93.69113671779633,94.10800170898438,95.35861206054688,0.9948365531750413,1.0043339080810547,10,1.915260403912523,0.33870697021484375,2.188979539737328,2.184638321095846,92.16302231925623,97.30359145027502,94.00378793478012,91.6067955493927,5.556169670220866,2.0859148813337085,10.0,10.0,0.2666189826326329,0.11290180683135988,2.1059139089847108,5.563708646592495,94.29332636035753,91.3172571238153,0.9879120875059852,0.058586194700343715,certain_temperate,603.9589436848959,697.6500804026922,POINT (538597.9245281423 8669180.752344092),dronbreen
dronbreen-20220329-DAT_0235_A1_1,3330.0,3149,94.8375244140625,538602.5367522622,8669180.636278454,698.806884765625,2022-03-29 10:17:44+00:00,0,2022-05-04,100 MHz,20220329,93.79535377025604,94.21221923828125,95.46282958984375,1.0361319053779559,1.0815903625488281,10,1.915260403912523,0.0,2.199559075622582,2.177565553579803,92.29695883436872,97.37808999375628,94.00378793478012,91.6067955493927,5.511540235401658,2.0859148813337085,10.0,10.0,0.2664478332813476,0.11290180683135988,2.10589224748455,5.5191319093039874,94.29316876663688,91.31741471753594,0.9890109885275334,0.05811560634309859,certain_temperate,603.9693603515625,697.7647141218185,POINT (538602.5367522622 8669180.636278454),dronbreen
dronbreen-20220329-DAT_0235_A1_1,3335.0,3154,94.8375244140625,538607.4119173797,8669180.279653056,698.8965047200521,2022-03-29 10:17:45.333333248+00:00,0,2022-05-04,100 MHz,20220329,93.79535377025604,94.420654296875,95.6712646484375,1.0387506802994297,1.1588411613464356,10,1.915260403912523,0.5645116170247396,2.3086378273306107,2.250755152470738,92.42393303927517,97.66798590603733,94.00378793478012,91.6067955493927,5.4273535178955985,2.0859148813337085,10.0,10.0,0.2664478332813476,0.0,2.1028636047137588,5.433890011407486,94.27023576806147,91.34034771611135,0.9890109885275334,0.05722791217324132,certain_temperate,604.0589803059896,697.8543340762457,POINT (538607.4119173797 8669180.279653056),dronbreen
dronbreen-20220329-DAT_0235_A1_1,3340.0,3159,95.35861206054688,538612.5094310273,8669179.758837583,699.0258941650391,2022-03-29 10:17:46.750000128+00:00,0,2022-05-04,100 MHz,20220329,94.31644141674042,94.9417495727539,96.088134765625,0.9908844274487048,1.0815847068786621,10,1.9255819789470272,1.2419172922770183,2.5337817578978723,2.4964127196965205,92.6504127318459,98.379471606533,94.5248755812645,92.12788319587708,5.352695620728831,2.0859148813337085,10.0,10.0,0.2664478332813476,0.0,2.1028636047137588,5.3593231714489775,94.79132341454584,91.86143536259573,0.989071038039598,0.056132272744596964,certain_temperate,603.6672821044922,697.9837235212326,POINT (538612.5094310273 8669179.758837583),dronbreen
dronbreen-20220329-DAT_0235_A1_1,3345.0,3164,95.9839096069336,538618.2024839846,8669179.006992124,699.2067362467448,2022-03-29 10:17:48.333333248+00:00,0,2022-05-04,100 MHz,20220329,94.94173896312714,95.46282958984375,96.60921478271484,0.9349894521024554,1.0043225967407226,10,1.9379691332353048,1.2419172922770183,2.511323714807294,2.484409023846985,93.16107310354259,98.910971269016,95.15017312765121,92.7531807422638,5.27883366066796,2.0859148813337085,10.0,10.0,0.2664478332813476,0.0,2.1028636047137588,5.285553827638256,95.41662096093256,92.48673290898245,0.9891422359427295,0.054997068594991184,certain_temperate,603.2228266398112,698.1645656029383,POINT (538618.2024839846 8669179.006992124),dronbreen
dronbreen-20220329-DAT_0235_A1_1,3350.0,3168,96.50499725341797,538623.2418176817,8669178.28296159,699.361317952474,2022-03-29 10:17:49.666666752+00:00,0,2022-05-04,100 MHz,20220329,95.46282660961151,95.87969207763672,96.92186737060547,0.9034820759318829,1.0043282524108885,10,1.9482930472474833,1.2419255574544272,2.5193054850101215,2.480827432479244,93.56923219090174,99.23232725734044,95.67126077413559,93.17005133628845,5.204143974687197,2.1631709823220966,10.0,10.0,0.2664478332813476,0.0,2.1795190172652013,5.210960463977191,95.93770860741694,92.9036035030071,0.9892008634426489,0.05392616053883032,certain_temperate,602.856320699056,698.3191473086675,POINT (538623.2418176817 8669178.28296159),dronbreen
dronbreen-20220329-DAT_0235_A1_1,3355.0,3173,97.13030242919922,538628.0866121372,8669177.64641426,699.4892578125,2022-03-29 10:17:51+00:00,0,2022-05-04,100 MHz,20220329,96.08813178539276,96.50499725341797,97.13030242919922,0.8276369072092772,0.8498153434753417,10,1.9606831105497597,1.0161209106445312,2.3662134483284185,2.358338994974872,94.29665399091456,99.33864569170262,96.29656594991684,93.7953565120697,5.1320242942651895,2.1631709823220966,10.0,10.0,0.2664478332813476,0.0,2.1795190172652013,5.138936446852446,96.56301378319819,93.52890867878835,0.9892703860922689,0.0528364904248708,certain_temperate,602.3589553833008,698.4470871686935,POINT (538628.0866121372 8669177.64641426),dronbreen
dronbreen-20220329-DAT_0235_A1_1,3360.0,3178,97.44295501708984,538632.6689953269,8669176.785274038,699.6524454752604,2022-03-29 10:17:52.333333248+00:00,0,2022-05-04,100 MHz,20220329,96.40078437328339,97.02609252929688,97.75559997558594,0.8206780179172398,0.6180403244018554,10,1.9668786930019448,2.145127614339193,2.9752576556278862,3.023854606934362,94.11573442851518,100.66595807636763,96.60921853780746,94.10800909996033,5.084444153136567,2.1631709823220966,10.0,10.0,0.2664478332813476,0.0,2.1795190172652013,5.09142090130299,96.87566637108881,93.84156126667898,0.9893048128145983,0.052178673689081384,certain_temperate,602.2094904581705,698.6102748314539,POINT (538632.6689953269 8669176.785274038),dronbreen
dronbreen-20220329-DAT_0235_A1_1,3365.0,3196,99.11042022705078,538637.4322488883,8669175.86730262,699.870361328125,2022-03-29 10:17:58+00:00,0,2022-05-04,100 MHz,20220329,98.06824958324432,98.90199279785156,99.63151550292969,1.1846468667802064,0.6180572914123534,10,1.9999275384455901,3.4999554951985683,4.078160546480689,4.201521965475827,94.87093851548278,103.66256978529847,98.2766837477684,95.77547430992126,4.913134011923671,2.085914859241247,10.0,10.0,0.2664478332813476,0.0,2.1028635827993587,4.920353672957008,98.54313158104975,95.50902647663992,0.9894847520430348,0.04957232549986405,certain_temperate,600.7599411010742,698.8281906843185,POINT (538637.4322488883 8669175.86730262),dronbreen
dronbreen-20220329-DAT_0235_A1_1,3370.0,3203,100.6736831665039,538642.3976909836,8669174.148788614,700.2430419921875,2022-03-29 10:18:00+00:00,0,2022-05-04,100 MHz,20220329,99.63151252269745,100.36103057861328,100.98633575439453,1.097226042186273,0.6180459800720215,10,2.030920036073268,2.9354521433512373,3.622636651986009,3.734356767434115,96.79150463266062,104.5558617003472,99.83994668722153,97.33873724937439,4.844829147031355,2.085914859241247,10.0,10.0,0.2664478332813476,0.0,2.1028635827993587,4.852150441998361,100.10639452050287,97.07228941609304,0.9896480330208758,0.048124087593164805,certain_temperate,599.5693588256836,699.200871348381,POINT (538642.3976909836 8669174.148788614),dronbreen
dronbreen-20220329-DAT_0235_A1_1,3375.0,3208,101.820068359375,538646.9882660672,8669172.109412212,700.6903686523438,2022-03-29 10:18:01.666666752+00:00,0,2022-05-04,100 MHz,20220329,100.77789771556854,101.50741577148438,101.92428588867188,1.0488661226106621,0.38628792800903317,10,2.0536529717269953,2.4838345845540366,3.2459425649625033,3.389254330213383,98.2845405378289,105.14716112232735,100.98633188009262,98.48512244224548,4.799884072430895,2.085914859241247,10.0,10.0,0.2664478332813476,0.0,2.1028635827993587,4.807273817522371,101.25277971337397,98.21867460896414,0.9897645851098027,0.047140845117974714,certain_temperate,598.8703002929688,699.6481980085373,POINT (538646.9882660672 8669172.109412212),dronbreen
dronbreen-20220329-DAT_0235_A1_1,3380.0,3213,102.9664535522461,538650.9907719461,8669170.487381365,701.0231323242188,2022-03-29 10:18:03+00:00,0,2022-05-04,100 MHz,20220329,101.92428290843964,102.65380096435547,103.07067108154297,1.0527688149824497,0.4635387268066406,10,2.0763901904147835,2.4838345845540366,3.2704278951731967,3.404284454048606,99.41638988970377,106.30808215619467,102.13271707296371,99.63150763511658,4.777594087112603,2.085914859241247,10.0,10.0,0.2664478332813476,0.0,2.1028635827993587,4.785018255876735,102.39916490624506,99.36505980183523,0.9898785419148417,0.04639952064279274,certain_temperate,598.0566787719727,699.9809616804123,POINT (538650.9907719461 8669170.487381365),dronbreen
dronbreen-20220329-DAT_0235_A1_1,3385.0,3218,104.11283874511719,538656.6011901326,8669168.601328505,701.3275960286459,2022-03-29 10:18:04.666666752+00:00,0,2022-05-04,100 MHz,20220329,103.07066810131073,103.80018615722656,104.42549133300781,1.0500146812499844,0.4635387268066406,10,2.099131552958678,2.1451441446940107,3.0369169941556238,3.179705569542912,100.79885367345511,107.42682381677926,103.27910226583481,100.77789282798767,4.733387404281924,2.085914859241247,10.0,10.0,0.2664478332813476,0.0,2.1028635827993587,4.740880800745268,103.54555009911616,100.51144499470632,0.9899899891659103,0.04546401252077968,certain_temperate,597.2147572835287,700.2854253848394,POINT (538656.6011901326 8669168.601328505),dronbreen
dronbreen-20220329-DAT_0235_A1_1,3390.0,3222,104.94658660888672,538661.3055095082,8669167.06147681,701.5103759765625,2022-03-29 10:18:06+00:00,0,2022-05-04,100 MHz,20220329,103.90441596508026,104.73814392089844,105.36344909667969,1.0743277051728335,0.6180516357421875,10,2.115673513645861,2.032225290934245,2.99799964541342,3.1241309299639357,101.80454305345661,108.29704996412151,104.11285012960434,101.6116406917572,4.6896902315543745,2.085914859241247,10.0,10.0,0.2664478332813476,0.0,2.1028635827993587,4.697253337408665,104.37929796288569,101.34519285847585,0.9900695136689829,0.04468644844097539,certain_temperate,596.5637893676758,700.468205332756,POINT (538661.3055095082 8669167.06147681),dronbreen
dronbreen-20220329-DAT_0235_A1_1,3395.0,3227,105.98873901367188,538665.8263353358,8669165.542965164,701.652361188616,2022-03-29 10:18:07.285714432+00:00,0,2022-05-04,100 MHz,20220329,104.94656836986542,105.67608642578125,106.4056167602539,1.1582218427702529,0.6180403244018554,10,2.1363532290057514,2.258021672566732,3.1693281362855306,3.317249588127864,102.56760335636228,109.51409982967287,105.1550025343895,102.65379309654236,4.689690231554374,2.085914859241247,10.0,10.0,0.2664478332813476,0.0,2.1028635827993587,4.6972533374086645,105.42145036767084,102.38734526326101,0.9901671568743541,0.044247061293459046,certain_temperate,595.6636221749442,700.6101905448096,POINT (538665.8263353358 8669165.542965164),dronbreen
dronbreen-20220329-DAT_0235_A1_1,3400.0,3232,107.03091430664062,538670.5906794189,8669163.951702228,701.822736467634,2022-03-29 10:18:08.714285568+00:00,0,2022-05-04,100 MHz,20220329,105.98874366283417,106.71826934814453,107.44779205322266,1.2487235636127523,0.6180459800720215,10,2.1570365427887817,2.145160675048828,3.1042715413097013,3.2884390684675693,103.67614493111256,110.48991647025463,106.19717782735825,103.69596838951111,4.711474013528909,2.085914859241247,10.0,10.0,0.2664478332813476,0.0,2.1028635827993587,4.719002206824927,106.4636256606396,103.42952055622976,0.9902629006716632,0.04401974928505857,certain_temperate,594.7918221609933,700.7805658238275,POINT (538670.5906794189 8669163.951702228),dronbreen
dronbreen-20220329-DAT_0235_A1_1,3405.0,3236,107.96888732910156,538674.6840481814,8669162.607037995,701.9843139648438,2022-03-29 10:18:10+00:00,0,2022-05-04,100 MHz,20220329,106.9267166852951,107.55200958251953,108.48995971679688,1.3545965013819101,0.7725588890075683,10,2.1756544423307878,2.2580382029215498,3.229404901103527,3.4157196108350263,104.4163742755543,111.6255950237621,107.13515084981918,104.63394141197205,4.711474013528909,2.085914859241247,10.0,10.0,0.2664478332813476,0.0,2.1028635827993587,4.719002206824927,107.40159868310053,104.3674935786907,0.9903474911190869,0.04363733043916434,certain_temperate,594.0154266357422,700.9421433210373,POINT (538674.6840481814 8669162.607037995),dronbreen
dronbreen-20220329-DAT_0235_A1_1,3410.0,3241,109.1152572631836,538679.7647201011,8669160.89196506,702.2063598632812,2022-03-29 10:18:11.500000+00:00,0,2022-05-04,100 MHz,20220329,108.07308661937714,108.80260467529297,109.84478759765625,1.433169321103145,1.0043339080810547,10,2.1984120967289766,3.274142583211263,4.069608335105847,4.196069554379774,104.85887225507965,113.78852001786957,108.28152078390121,105.78031134605408,4.733387404281924,2.085914859241247,10.0,10.0,0.2664478332813476,0.0,2.1028635827993587,4.740880800745268,108.54796861718256,105.51386351277273,0.990448900823349,0.043379702554933244,certain_temperate,593.0911026000977,701.1641892194748,POINT (538679.7647201011 8669160.89196506),dronbreen
dronbreen-20220329-DAT_0235_A1_1,3415.0,3246,110.99117279052734,538685.1524170818,8669159.185717879,702.4161987304688,2022-03-29 10:18:13+00:00,0,2022-05-04,100 MHz,20220329,109.94900214672089,109.74056243896484,111.19960021972656,1.5537706192467304,1.4678669792175292,10,2.2356601206280615,3.387061436971029,4.315668525438454,4.345637408944435,105.68219314172453,115.25796951696688,110.15743631124496,107.65622687339783,4.733387404281924,2.085914859241247,10.0,10.0,0.2664478332813476,0.0,2.1028635827993587,4.740880800745268,110.42388414452631,107.38977904011648,0.9906103285729457,0.04264652120772887,certain_temperate,591.4250259399414,701.3740280866623,POINT (538685.1524170818 8669159.185717879),dronbreen
dronbreen-20220329-DAT_0235_A1_1,3420.0,3250,112.24177551269531,538689.540198435,8669157.716636596,702.5722045898438,2022-03-29 10:18:14.142856960+00:00,0,2022-05-04,100 MHz,20220329,111.19960486888885,110.88694763183594,112.65865325927734,1.6673313392221671,1.9314170173645018,10,2.2604969515787707,2.5967286427815757,3.9475584615435837,3.8252895193817085,107.44415136828226,116.10144952283102,111.40803903341293,108.9068295955658,4.733387404281924,2.085914859241247,10.0,10.0,0.2664478332813476,0.0,2.1028635827993587,4.740880800745268,111.67448686669428,108.64038176228445,0.9907149486985033,0.04217135182209003,certain_temperate,590.3304290771484,701.5300339460373,POINT (538689.540198435 8669157.716636596),dronbreen
dronbreen-20220329-DAT_0235_A1_1,3425.0,3254,113.38815307617188,538693.8299082975,8669156.271328622,702.7259216308594,2022-03-29 10:18:15.249999872+00:00,0,2022-05-04,100 MHz,20220329,112.34598243236542,112.03334045410156,114.01346588134766,1.777098051819087,1.8541322845458983,10,2.2832672430554757,2.8225498199462886,4.076506263687616,4.042050751174232,108.40290015170173,117.64390618374749,112.5544165968895,110.05320715904236,4.7554278155435945,2.085914859241247,10.0,10.0,0.2664478332813476,0.0,2.1028635827993587,4.762886536199035,112.82086443017084,109.78675932576101,0.9908088224780737,0.041939370970695625,certain_temperate,589.3377685546875,701.6837509870529,POINT (538693.8299082975 8669156.271328622),dronbreen
dronbreen-20220329-DAT_0235_A1_1,3430.0,3259,114.84720611572266,538699.3075492602,8669154.443664953,702.9152018229166,2022-03-29 10:18:16.666666752+00:00,0,2022-05-04,100 MHz,20220329,113.8050354719162,113.38815307617188,115.57672119140625,1.836902672765958,2.2404315238952637,10,2.3122526464543,2.70965576171875,4.208120727987041,4.007862033212378,109.82602637319646,119.13884789438167,114.01346963644028,111.51226019859314,4.7554278155435945,2.085914859241247,10.0,10.0,0.2664478332813476,0.0,2.1028635827993587,4.762886536199035,114.27991746972162,111.24581236531179,0.9909255899289675,0.04140656073733232,certain_temperate,588.067995707194,701.8730311791102,POINT (538699.3075492602 8669154.443664953),dronbreen
dronbreen-20220329-DAT_0235_A1_1,3435.0,3263,115.88937377929688,538704.2258806621,8669153.034157593,703.0463256835938,2022-03-29 10:18:18+00:00,0,2022-05-04,100 MHz,20220329,114.84720313549042,114.53455352783203,116.82732391357422,1.7808950627194484,2.472189575958252,10,2.3329592328163455,2.3709322611490884,4.144362420013144,3.7730101766837403,111.20829157649077,120.15358586491548,115.0556373000145,112.55442786216736,4.799884072430895,2.085914859241247,10.0,10.0,0.2664478332813476,0.0,2.1028635827993587,4.807273817522371,115.32208513329584,112.28798002888601,0.9910071941039978,0.041417810070938296,certain_temperate,587.1569519042969,702.0041550397873,POINT (538704.2258806621 8669153.034157593),dronbreen
dronbreen-20220329-DAT_0235_A1_1,3440.0,3267,117.03575897216797,538708.9942765316,8669151.4963129,703.1734967912946,2022-03-29 10:18:19.285714432+00:00,0,2022-05-04,100 MHz,20220329,115.99358832836151,115.78514862060547,117.97370910644531,1.6860433907967458,2.2404258682250977,10,2.355739279138623,2.2580299377441406,3.958246432706982,3.673002731645425,112.52198960654786,121.23686812050292,116.20202249288559,113.70081305503845,4.82229625544358,2.085914859241247,10.0,10.0,0.2664478332813476,0.0,2.1028635827993587,4.82965170826277,116.46847032616694,113.4343652217571,0.99109528016942,0.04120361415856123,certain_temperate,586.1377378191266,702.1313261474882,POINT (538708.9942765316 8669151.4963129),dronbreen
dronbreen-20220329-DAT_0235_A1_1,3445.0,3271,117.97370910644531,538713.3351980216,8669150.132290851,703.2227085658482,2022-03-29 10:18:20.428571392+00:00,0,2022-05-04,100 MHz,20220329,116.93153846263885,117.34841918945312,119.22431945800781,1.6491317414298292,1.7768814857482909,10,2.3743795855197356,2.1451441446940107,3.660140657412352,3.5998551801758985,114.1485251572002,122.42421349026074,117.13997262716293,114.53454613685608,4.866253455895258,2.163170960229635,10.0,10.0,0.2664478332813476,0.0,2.1795189953384497,4.8735425662317615,117.40642046044428,114.26809830357473,0.9911660771565118,0.04124862643340759,certain_temperate,585.2489994594029,702.1805379220417,POINT (538713.3351980216 8669150.132290851),dronbreen
dronbreen-20220329-DAT_0235_A1_1,3450.0,3275,119.0158920288086,538718.0634546276,8669148.65534646,703.2677815755209,2022-03-29 10:18:21.666666752+00:00,0,2022-05-04,100 MHz,20220329,117.97372138500214,118.80744934082031,120.47491455078125,1.6018044058779597,1.5451234336853026,10,2.3950935309847945,2.7096392313639326,3.9326866404069363,3.9552996272092686,115.19101217334294,124.09135171825862,118.18215554952621,115.57672905921936,4.889002972026618,2.163170960229635,10.0,10.0,0.2664478332813476,0.0,2.1795189953384497,4.896258215039872,118.44860338280756,115.31028122593801,0.991243432905967,0.04107857269047063,certain_temperate,584.2518895467123,702.2256109317144,POINT (538718.0634546276 8669148.65534646),dronbreen
dronbreen-20220329-DAT_0235_A1_1,3455.0,3279,120.47491455078125,538723.4476926351,8669147.073204923,703.3042602539062,2022-03-29 10:18:23+00:00,0,2022-05-04,100 MHz,20220329,119.43274390697479,120.05804443359375,122.24662017822266,1.6230593838701348,1.6996306869506834,10,2.4240961231781255,3.387044906616211,4.498561957544487,4.4701942885528965,115.89291355763774,126.41175105417867,119.64117807149887,117.03575158119202,4.934848492823974,2.163170960229635,10.0,10.0,0.2664478332813476,0.0,2.1795189953384497,4.942036431976941,119.90762590478022,116.76930374791067,0.9913494801163177,0.0409616268351358,certain_temperate,582.829345703125,702.2620896100998,POINT (538723.4476926351 8669147.073204923),dronbreen
dronbreen-20220329-DAT_0235_A1_1,3460.0,3283,122.14239501953125,538727.6681713872,8669145.89184953,703.333740234375,2022-03-29 10:18:24+00:00,0,2022-05-04,100 MHz,20220329,121.10022437572479,121.6213150024414,123.60143280029297,1.6121316060740878,1.62237423248291,10,2.457247619684041,3.161265055338542,4.320157493051844,4.316321458122704,117.6173591317371,127.60538867099727,121.30865854024887,118.70323204994202,4.95794067411543,2.163170960229635,10.0,10.0,0.2664478332813476,0.0,2.1795189953384497,4.965095182965628,121.57510637353022,118.43678421666067,0.9914675764820249,0.04059148073298078,certain_temperate,581.1913452148438,702.2915695905685,POINT (538727.6681713872 8669145.89184953),dronbreen
dronbreen-20220329-DAT_0235_A1_1,3465.0,3286,123.39300537109375,538731.9654119227,8669144.712713344,703.3518676757812,2022-03-29 10:18:25+00:00,0,2022-05-04,100 MHz,20220329,122.35083472728729,123.0803451538086,124.53939056396484,1.6085699302337628,1.4678669792175292,10,2.4821147253510074,3.1612485249837246,4.278903973588712,4.32918964322058,119.06109326489741,128.55864245287603,122.55926889181137,119.95384240150452,4.981144060173085,2.163170960229635,10.0,10.0,0.2664478332813476,0.0,2.1795189953384497,4.988265289262183,122.82571672509272,119.68739456822317,0.9915540541323861,0.040368123340482114,certain_temperate,579.9588623046875,702.3096970319748,POINT (538731.9654119227 8669144.712713344),dronbreen
dronbreen-20220329-DAT_0235_A1_1,3470.0,3290,125.06047058105469,538737.308437671,8669143.563636098,703.2636413574219,2022-03-29 10:18:26.249999872+00:00,0,2022-05-04,100 MHz,20220329,124.01829993724823,124.53939056396484,125.58155822753906,1.727511365803675,0.8498153434753417,10,2.515275038794354,3.4999554951985683,4.393003881987667,4.64333850888921,120.22936771145552,129.89158108004838,124.22673410177231,121.62130761146545,5.027877230445249,2.163170960229635,10.0,10.0,0.2664478332813476,0.0,2.1795189953384497,5.034932362235874,124.49318193505366,121.3548597781841,0.9916666662218339,0.040203568778246046,certain_temperate,578.2031707763672,702.2214707136154,POINT (538737.308437671 8669143.563636098),dronbreen
dronbreen-20220329-DAT_0235_A1_1,3475.0,3294,126.62373352050781,538741.8079018904,8669142.142230576,703.1752115885416,2022-03-29 10:18:27.333333248+00:00,0,2022-05-04,100 MHz,20220329,125.58156287670135,125.68577575683594,126.83216094970703,2.0324263225606614,1.3133597259521483,10,2.5463676003807914,2.5967369079589844,3.8667744044847665,4.166267788088383,122.04887728074048,130.46905942580247,125.78999704122543,123.18457055091858,5.051404634436448,2.163170960229635,10.0,10.0,0.2664478332813476,0.0,2.1795189953384497,5.058426951994696,126.05644487450678,122.91812271763723,0.9917695473444742,0.03989303185108129,certain_temperate,576.5514780680338,702.1330409447352,POINT (538741.8079018904 8669142.142230576),dronbreen
dronbreen-20220329-DAT_0235_A1_1,3480.0,3298,127.45745849609375,538746.8212171207,8669140.549523968,703.0653076171875,2022-03-29 10:18:28.666666752+00:00,0,2022-05-04,100 MHz,20220329,126.41528785228729,125.89421081542969,127.97855377197266,2.269922328873986,1.8541435958862305,10,2.5629517144326743,0.0,3.1633162922286644,3.4236338690978747,123.33125910099702,130.54150548640533,126.62372201681137,124.01829552650452,5.098772174730028,2.163170960229635,10.0,10.0,0.2664478332813476,0.0,2.1795189953384497,5.10572934434068,126.89016985009272,123.75184769322317,0.9918233843974035,0.040003717592456876,certain_temperate,575.6078491210938,702.023136973381,POINT (538746.8212171207 8669140.549523968),dronbreen
dronbreen-20220329-DAT_0235_A1_1,3485.0,3302,126.62373352050781,538751.4507713345,8669138.945804803,703.00732421875,2022-03-29 10:18:30+00:00,0,2022-05-04,100 MHz,20220329,125.58156287670135,125.99842834472656,128.70806884765625,2.4032762284527096,2.008656504821777,9,2.5463676003807914,0.3387069702148437,3.2608911852903013,3.5177332187343358,123.42963283555477,131.27686435682804,125.78999704122543,123.18457055091858,5.1226096262277805,2.163170960229635,10.0,10.0,0.2664478332813476,0.0,2.1795189953384497,5.129534465288429,126.05644487450678,122.91812271763723,0.9917695473444742,0.04045536712434821,certain_temperate,576.3835906982422,701.9651535749435,POINT (538751.4507713345 8669138.945804803),dronbreen
dronbreen-20220329-DAT_0235_A1_1,3490.0,3308,127.14480590820312,538756.7208508353,8669137.329501241,702.9772033691406,2022-03-29 10:18:31.500000+00:00,0,2022-05-04,100 MHz,20220329,126.10263526439667,126.31108093261719,128.70806884765625,2.619862530121657,2.008656504821777,9,2.556732420057652,0.6773974100748698,3.3212119585044304,3.7228252169132854,123.66613331140614,131.3530164688673,126.31106942892075,123.70564293861389,5.170585017707657,2.163170960229635,10.0,10.0,0.2664478332813476,0.0,2.1795189953384497,5.177445690029323,126.5775172622021,123.43919510533254,0.9918032778739,0.040666899294657395,certain_temperate,575.8323974609375,701.9350327253342,POINT (538756.7208508353 8669137.329501241),dronbreen
dronbreen-20220329-DAT_0235_A1_1,3495.0,3312,127.2490234375,538760.8964599366,8669135.929865448,702.9755452473959,2022-03-29 10:18:32.666666752+00:00,0,2022-05-04,100 MHz,20220329,126.20685279369354,126.51951599121094,128.60385131835938,2.8783128480421594,1.5451290893554686,9,2.5588054999000938,0.2258129119873047,2.9976492390390863,3.8578701259559947,123.95076589485295,131.17260141471735,126.41528695821762,123.80986046791077,5.194720625158548,2.163170960229635,10.0,10.0,0.2664478332813476,0.0,2.1795189953384497,5.201549463506806,126.68173479149897,123.54341263462942,0.991809991026624,0.04082326516014484,certain_temperate,575.7265218098959,701.9333746035894,POINT (538760.8964599366 8669135.929865448),dronbreen
dronbreen-20220329-DAT_0235_A1_1,3500.0,3316,127.3532485961914,538765.6795552928,8669134.330605345,702.9703369140625,2022-03-29 10:18:34+00:00,0,2022-05-04,100 MHz,20220329,126.31107795238495,127.2490234375,128.60385131835938,3.1857777504512472,1.236103271484375,9,2.560878749804709,0.45161755879720056,2.879237692235507,4.11232759710185,124.64862762327954,131.20424713257984,126.51951211690903,123.91408562660217,5.218952065573255,2.163170960229635,10.0,10.0,0.2664478332813476,0.0,2.1795189953384497,5.225749239162904,126.78595995019037,123.64763779332083,0.9918166936823815,0.040980125148761475,certain_temperate,575.6170883178711,701.928166270256,POINT (538765.6795552928 8669134.330605345),dronbreen
dronbreen-20220329-DAT_0235_A1_1,3505.0,3320,127.66590118408203,538770.6375432524,8669133.217109004,702.8695983886719,2022-03-29 10:18:35.249999872+00:00,0,2022-05-04,100 MHz,20220329,126.62373054027557,127.2490234375,128.60385131835938,3.431300893249258,1.3906161804199217,9,2.5670981535690296,0.33870697021484375,2.9391374079779484,4.298667370446659,124.65967692887477,131.1931978269846,126.83216470479965,124.2267382144928,5.267699992806524,2.163170960229635,10.0,10.0,0.2664478332813476,0.0,2.1795189953384497,5.274434345223588,127.098612538081,123.96029038121145,0.9918367345223706,0.041261605048406806,certain_temperate,575.2036972045898,701.8274277448654,POINT (538770.6375432524 8669133.217109004),dronbreen
dronbreen-20220329-DAT_0235_A1_1,3510.0,3325,127.66590118408203,538775.89673804,8669131.647085285,702.7793782552084,2022-03-29 10:18:36.666666752+00:00,0,2022-05-04,100 MHz,20220329,126.62373054027557,127.14480590820312,129.22915649414062,3.5965357453050846,1.8541549072265624,9,2.5670981535690296,0.0,3.166683335928912,4.4187172683160805,124.57770775463409,131.79625464770965,126.83216470479965,124.2267382144928,5.267699992806524,2.163170960229635,10.0,10.0,0.2664478332813476,0.0,2.1795189953384497,5.274434345223588,127.098612538081,123.96029038121145,0.9918367345223706,0.041261605048406806,certain_temperate,575.1134770711263,701.7372076114019,POINT (538775.89673804 8669131.647085285),dronbreen
dronbreen-20220329-DAT_0235_A1_1,3515.0,3330,127.66590118408203,538780.506436917,8669130.291002909,702.698486328125,2022-03-29 10:18:38+00:00,0,2022-05-04,100 MHz,20220329,126.62373054027557,127.2490234375,130.27133178710938,3.5027021168315033,1.6996419982910156,9,2.5670981535690296,0.11291058858235677,3.0808318119342726,4.3441528345958815,124.67944336848647,132.8409118561229,126.83216470479965,124.2267382144928,5.170585017707657,2.163170960229635,10.0,10.0,0.2664478332813476,0.0,2.1795189953384497,5.177445690029323,127.098612538081,123.96029038121145,0.9918367345223706,0.04050090877635499,certain_temperate,575.032585144043,701.6563156843185,POINT (538780.506436917 8669130.291002909),dronbreen
dronbreen-20220329-DAT_0235_A1_1,3520.0,3334,127.56167602539062,538785.1289410085,8669128.93530923,702.6084391276041,2022-03-29 10:18:39.333333248+00:00,0,2022-05-04,100 MHz,20220329,126.51950538158417,127.45745849609375,131.1050567626953,3.314438898295338,1.236125894165039,9,2.5650248490341547,0.0,2.8473425684992675,4.191044939713233,124.89243364705959,133.67008161172947,126.72793954610825,124.12251305580139,5.098772174730028,2.163170960229635,10.0,10.0,0.2664478332813476,0.0,2.1795189953384497,5.10572934434068,126.9943873793896,123.85606522252004,0.991830064669274,0.03997103466808588,certain_temperate,575.0467631022135,701.5662684837977,POINT (538785.1289410085 8669128.93530923),dronbreen
dronbreen-20220329-DAT_0235_A1_1,3525.0,3339,127.66590118408203,538790.0755088424,8669127.77502946,702.4925994873047,2022-03-29 10:18:40.750000128+00:00,0,2022-05-04,100 MHz,20220329,126.62373054027557,127.66590118408203,132.14723205566406,3.0583665993327562,1.236103271484375,9,2.5670981535690296,0.22580464680989584,2.858134350647785,3.9993233083226305,125.08889115915422,134.72424208059186,126.83216470479965,124.2267382144928,4.981144060173084,2.163170960229635,10.0,10.0,0.2664478332813476,0.0,2.1795189953384497,4.9882652892621815,127.098612538081,123.96029038121145,0.9918367345223706,0.03901702814904937,certain_temperate,574.8266983032227,701.4504288434982,POINT (538790.0755088424 8669127.77502946),dronbreen
dronbreen-20220329-DAT_0235_A1_1,3530.0,3343,127.77011108398438,538794.5498101852,8669126.787264349,702.3697509765625,2022-03-29 10:18:42+00:00,0,2022-05-04,100 MHz,20220329,126.72794044017792,127.77011108398438,132.3556671142578,2.913785312668995,1.3906161804199217,9,2.5691711726869197,0.45161755879720056,2.9560805630471436,3.9108494962482228,125.16154846561014,134.96422973263205,126.936374604702,124.33094811439514,4.911868868886144,2.163170960229635,10.0,10.0,0.2664478332813476,0.0,2.1795189953384497,4.919090386747652,127.20282243798334,124.0645002811138,0.991843392519856,0.03844301947626492,certain_temperate,574.5996398925781,701.327580332756,POINT (538794.5498101852 8669126.787264349),dronbreen
dronbreen-20220329-DAT_0235_A1_1,3535.0,3347,128.08277893066406,538799.3187165549,8669125.683938157,702.2204793294271,2022-03-29 10:18:43.333333248+00:00,0,2022-05-04,100 MHz,20220329,127.0406082868576,127.97855377197266,132.0430145263672,2.717203099355971,1.2360806488037108,9,2.57539109718127,0.6774139404296875,2.935885610931738,3.8045658928816986,125.31556129167366,134.7060070066662,127.24904245138168,124.64361596107483,4.843620909055756,2.163170960229635,10.0,10.0,0.2664478332813476,0.0,2.1795189953384497,4.850944027558185,127.51549028466303,124.37716812779348,0.9918633039311974,0.03781633213687366,certain_temperate,574.1377003987631,701.1783086856207,POINT (538799.3187165549 8669125.683938157),dronbreen
dronbreen-20220329-DAT_0235_A1_1,3540.0,3352,128.39541625976562,538804.7469764902,8669124.422385609,702.0352696010044,2022-03-29 10:18:44.857143040+00:00,0,2022-05-04,100 MHz,20220329,127.35324561595917,128.18698120117188,131.62615966796875,2.343149383598657,1.081579051208496,9,2.581610576095356,0.33869043986002606,2.8194392394008148,3.502823634515267,125.58324842289758,134.22989244624304,127.56167978048325,124.95625329017639,4.7764446386855655,2.163170960229635,10.0,10.0,0.2664478332813476,0.0,2.1795189953384497,4.783870591298265,127.8281276137646,124.68980545689504,0.9918831164369765,0.03720105263744004,certain_temperate,573.6398533412388,700.993098957198,POINT (538804.7469764902 8669124.422385609),dronbreen
dronbreen-20220329-DAT_0235_A1_1,3545.0,3357,128.39541625976562,538810.0807663053,8669123.202433921,701.8499959309896,2022-03-29 10:18:46.333333248+00:00,0,2022-05-04,100 MHz,20220329,127.35324561595917,128.29119873046875,131.2092742919922,1.990004966753363,0.7725645446777343,9,2.581610576095356,0.22580464680989584,2.7041739738451467,3.267387438433249,125.69973178969403,133.8007412327669,127.56167978048325,124.95625329017639,4.688622189388764,2.163170960229635,10.0,10.0,0.2664478332813476,0.0,2.1795189953384497,4.696187015301777,127.8281276137646,124.68980545689504,0.9918831164369765,0.036517052757575774,certain_temperate,573.454579671224,700.8078252871832,POINT (538810.0807663053 8669123.202433921),dronbreen
dronbreen-20220329-DAT_0235_A1_1,3550.0,3361,128.60385131835938,538814.4641377279,8669122.150089432,701.7041320800781,2022-03-29 10:18:47.500000+00:00,0,2022-05-04,100 MHz,20220329,127.56168067455292,128.4996337890625,130.89662170410156,1.7485481694514375,1.0815903625488281,9,2.585757186892434,0.4516092936197917,2.839001390631598,3.1539676416446656,125.87473547033667,133.5215200228274,127.770114839077,125.16468834877014,4.631129461368101,2.163170960229635,10.0,10.0,0.2664478332813476,0.0,2.1795189953384497,4.638788046010716,128.03656267235834,124.8982405154888,0.9918962718991474,0.03601081471427881,certain_temperate,573.1002807617188,700.6619614362717,POINT (538814.4641377279 8669122.150089432),dronbreen
dronbreen-20220329-DAT_0235_A1_1,3555.0,3365,128.81228637695312,538819.0777825036,8669121.104389124,701.5494791666666,2022-03-29 10:18:48.666666752+00:00,0,2022-05-04,100 MHz,20220329,127.77011573314667,128.70806884765625,130.58396911621094,1.5641244633863802,1.3906161804199217,9,2.5899038686142917,0.22580464680989584,2.9482881725553742,3.033986671715607,126.10834005657357,133.1836979072936,127.97854989767075,125.37312340736389,4.567883667994603,2.163170960229635,10.0,10.0,0.2664478332813476,0.0,2.1795189953384497,4.575648112802399,128.2449977309521,125.10667557408254,0.9919093847868155,0.03546155259310638,certain_temperate,572.7371927897135,700.5073085228602,POINT (538819.0777825036 8669121.104389124),dronbreen
dronbreen-20220329-DAT_0235_A1_1,3560.0,3369,128.81228637695312,538824.2816785646,8669120.013671746,701.3916015625,2022-03-29 10:18:50+00:00,0,2022-05-04,100 MHz,20220329,127.77011573314667,128.39541625976562,130.47975158691406,1.4739558665155548,1.5451290893554686,9,2.5899038686142917,0.0,3.015796072587756,2.979957708609116,125.80551239115134,133.06965545552836,127.97854989767075,125.37312340736389,4.505919907719799,2.163170960229635,10.0,10.0,0.2664478332813476,0.0,2.1795189953384497,4.513790941397921,128.2449977309521,125.10667557408254,0.9919093847868155,0.034980513384676566,certain_temperate,572.5793151855469,700.3494309186935,POINT (538824.2816785646 8669120.013671746),dronbreen
dronbreen-20220329-DAT_0235_A1_1,3565.0,3373,128.81228637695312,538828.8874552922,8669118.797202783,701.3149566650391,2022-03-29 10:18:51.249999872+00:00,0,2022-05-04,100 MHz,20220329,127.77011573314667,128.29119873046875,129.95867919921875,1.4214331640170843,1.3906161804199217,9,2.5899038686142917,0.11290232340494792,2.9417957686656635,2.956487987978495,125.6988351403654,132.55104278932208,127.97854989767075,125.37312340736389,4.4452914065653255,2.163170960229635,10.0,10.0,0.2664478332813476,0.0,2.1795189953384497,4.453269600770186,128.2449977309521,125.10667557408254,0.9919093847868155,0.03450984010606514,certain_temperate,572.5026702880859,700.2727860212326,POINT (538828.8874552922 8669118.797202783),dronbreen
dronbreen-20220329-DAT_0235_A1_1,3570.0,3378,128.91650390625,538833.4303187323,8669117.765019016,701.268310546875,2022-03-29 10:18:52.500000+00:00,0,2022-05-04,100 MHz,20220329,127.87433326244354,127.66590118408203,129.5417938232422,1.2917963146950853,1.081579051208496,8,2.591977235965638,0.33870697021484375,2.8289364869945843,2.915785678354291,125.05188733495342,132.1558076723708,128.08276742696762,125.37312412261963,4.385599902859079,2.1631710485994815,10.0,10.0,0.2664478332813476,0.0,2.179519083045456,4.393686488111992,128.34921526024897,125.10667628933828,0.9919159253297442,0.03401891743859539,certain_temperate,572.351806640625,700.2261399030685,POINT (538833.4303187323 8669117.765019016),dronbreen
dronbreen-20220329-DAT_0235_A1_1,3575.0,3383,128.4996337890625,538838.8679305385,8669116.339936793,701.22705078125,2022-03-29 10:18:54+00:00,0,2022-05-04,100 MHz,20220329,127.45746314525604,127.14480590820312,128.91650390625,1.1511158443246206,0.6180516357421875,8,2.5836838726069544,0.9032020568847656,2.8059194809498247,2.969219425402125,124.40780091932749,131.65350889512564,127.66589730978012,124.95625400543213,4.32788792873747,2.1631710485994815,10.0,10.0,0.2664478332813476,0.0,2.179519083045456,4.336082145390217,127.93234514306147,124.68980617215078,0.9918896995028234,0.03368015768700071,certain_temperate,572.7274169921875,700.1848801374435,POINT (538838.8679305385 8669116.339936793),dronbreen
dronbreen-20220329-DAT_0235_A1_1,3580.0,3387,128.08277893066406,538843.8288038839,8669115.242295524,701.1844075520834,2022-03-29 10:18:55.333333248+00:00,0,2022-05-04,100 MHz,20220329,127.0406082868576,126.83216094970703,128.60385131835938,1.0649060371904628,0.8498096878051757,8,2.57539109718127,0.7903162638346355,2.824785939820859,2.8967678485454744,124.1382346143515,131.29777765371492,127.24904245138168,124.53939914703369,4.308982850261322,2.1631710485994815,10.0,10.0,0.2664478332813476,0.0,2.179519083045456,4.317212949543549,127.51549028466303,124.27295131375234,0.9918633039311974,0.033642171775441675,certain_temperate,573.1016286214193,700.1422369082769,POINT (538843.8288038839 8669115.242295524),dronbreen
dronbreen-20220329-DAT_0235_A1_1,3585.0,3391,127.77011108398438,538848.2415334005,8669114.283946436,701.160400390625,2022-03-29 10:18:56.500000+00:00,0,2022-05-04,100 MHz,20220329,126.72794044017792,126.51951599121094,127.97855377197266,1.0313208582551714,0.9270717979431152,8,2.5691711726869197,1.016137440999349,2.914213089687792,2.9490334901859576,123.75669572677711,130.74137403640648,126.936374604702,124.226731300354,4.290247631858028,2.1631710485994815,10.0,10.0,0.2664478332813476,0.0,2.179519083045456,4.298513602458848,127.20282243798334,123.96028346707266,0.991843392519856,0.033577865711003504,certain_temperate,573.3902893066406,700.1182297468185,POINT (538848.2415334005 8669114.283946436),dronbreen
dronbreen-20220329-DAT_0235_A1_1,3590.0,3396,127.14480590820312,538853.5164821852,8669113.173239807,701.1446794782366,2022-03-29 10:18:57.857143040+00:00,0,2022-05-04,100 MHz,20220329,126.10263526439667,126.1026382446289,127.66590118408203,1.0653622652160437,1.0043282524108885,8,2.556732420057652,1.2419090270996094,3.0146133977603276,3.035492621554468,123.26024159754297,130.50829783116797,126.31106942892075,123.60142612457275,4.290247631858027,2.1631710485994815,10.0,10.0,0.2664478332813476,0.0,2.179519083045456,4.298513602458847,126.5775172622021,123.3349782912914,0.9918032778739,0.03374300350857847,certain_temperate,573.9998735700335,700.1025088344302,POINT (538853.5164821852 8669113.173239807),dronbreen
dronbreen-20220329-DAT_0235_A1_1,3595.0,3400,126.62373352050781,538857.9989453442,8669112.239078764,701.1378784179688,2022-03-29 10:18:59+00:00,0,2022-05-04,100 MHz,20220329,125.58156287670135,125.68577575683594,127.45745849609375,1.1443555490438566,1.1588355056762694,8,2.5463676003807914,1.1290149688720705,3.0168795941207542,3.0113472697172767,122.90033813301338,130.2428961199163,125.78999704122543,123.08035373687744,4.2716846775737745,2.1631710485994815,10.0,10.0,0.2664478332813476,0.0,2.179519083045456,4.279986499100072,126.05644487450678,122.8139059035961,0.9917695473444742,0.033735260829929156,certain_temperate,574.5141448974609,700.0957077741623,POINT (538857.9989453442 8669112.239078764),dronbreen
dronbreen-20220329-DAT_0235_A1_1,3600.0,3404,126.1026382446289,538863.162747708,8669111.209383776,701.1474609375,2022-03-29 10:19:00.333333248+00:00,0,2022-05-04,100 MHz,20220329,125.06046760082245,125.37312316894531,126.93638610839844,1.2809445570034101,1.1588468170166015,8,2.53600278960854,1.1290232340494792,3.0081438724295335,3.057257360779839,122.59715421884414,129.7123550584996,125.26890176534653,122.55925846099854,4.253295900936469,2.1631710485994815,10.0,10.0,0.2664478332813476,0.0,2.179519083045456,4.261633544637935,125.53534959862787,122.29281062771719,0.9917355365572548,0.03372884152261287,certain_temperate,575.0448226928711,700.1052902936935,POINT (538863.162747708 8669111.209383776),dronbreen
dronbreen-20220329-DAT_0235_A1_1,3605.0,3408,125.58155822753906,538867.7291613895,8669110.472624304,701.1590576171875,2022-03-29 10:19:01.500000+00:00,0,2022-05-04,100 MHz,20220329,124.5393875837326,125.06047058105469,126.41529083251953,1.4370064001981158,0.9270774536132812,8,2.525638752225407,1.3548196156819663,3.012284830950989,3.206146392788341,122.19439533818695,129.28136607538727,124.74782174825668,122.03817844390869,4.253295900936469,2.1631710485994815,10.0,10.0,0.2664478332813476,0.0,2.179519083045456,4.261633544637935,125.01426958153803,121.77173061062734,0.9917012445257435,0.03386879380195296,certain_temperate,575.5774993896484,700.116886973381,POINT (538867.7291613895 8669110.472624304),dronbreen
dronbreen-20220329-DAT_0235_A1_1,3610.0,3413,124.85203552246094,538873.6715458352,8669109.527437903,701.1839599609375,2022-03-29 10:19:03+00:00,0,2022-05-04,100 MHz,20220329,123.80986487865448,124.64360809326172,125.78998565673828,1.6720596856125767,0.6952967788696288,8,2.511129687937431,1.4677219390869143,2.990554732959133,3.3549610418555713,121.73500361686453,128.69859013313547,124.01829904317856,121.30865573883057,4.2350839095122605,2.1631710485994815,10.0,10.0,0.2664478332813476,0.0,2.179519083045456,4.2434573367090636,124.2847468764599,121.04220790554922,0.9916527540824998,0.03392082389197705,certain_temperate,576.3319244384766,700.141789317131,POINT (538873.6715458352 8669109.527437903),dronbreen
dronbreen-20220329-DAT_0235_A1_1,3615.0,3417,124.22673797607422,538878.1917750088,8669108.80710965,701.191667829241,2022-03-29 10:19:04.142856960+00:00,0,2022-05-04,100 MHz,20220329,123.18456733226776,124.22673797607422,125.37312316894531,1.8717649046041096,0.54080083694458,8,2.498694253259186,1.0161126454671223,2.751076775516931,3.2832090609122515,121.52933962218789,128.07052152283165,123.39300149679184,120.68335819244385,4.217050658268317,2.1631710485994815,10.0,10.0,0.2664478332813476,0.0,2.179519083045456,4.225459821399508,123.65944933007319,120.4169103591625,0.9916107380682637,0.03394640096788592,certain_temperate,576.9649298531668,700.1494971854346,POINT (538878.1917750088 8669108.80710965),dronbreen
dronbreen-20220329-DAT_0235_A1_1,3620.0,3421,123.9140853881836,538882.8683673429,8669108.05585099,701.1895955403646,2022-03-29 10:19:05.333333248+00:00,0,2022-05-04,100 MHz,20220329,122.87191474437714,123.4972152709961,124.85203552246094,2.032328090328143,1.0043282524108885,8,2.492476724672875,0.6774139404296875,2.771282213762288,3.2865920550718393,120.91432350599229,127.43492728746475,123.08034890890121,120.37070560455322,4.199198782127307,2.1631710485994815,10.0,10.0,0.2664478332813476,0.0,2.179519083045456,4.207643623179105,123.34679674218256,120.10425777127188,0.9915895707857451,0.03388798592970724,certain_temperate,577.275510152181,700.1474248965582,POINT (538882.8683673429 8669108.05585099),dronbreen
dronbreen-20220329-DAT_0235_A1_1,3625.0,3425,123.60143280029297,538887.3735222074,8669107.224349122,701.1690063476562,2022-03-29 10:19:06.500000+00:00,0,2022-05-04,100 MHz,20220329,122.55926215648651,122.97613525390625,124.43517303466797,2.209900722217011,1.0815847068786621,8,2.486259374263702,0.9032185872395834,2.857816469020186,3.4468754973895517,120.33089623021687,127.08041205835735,122.76769632101059,120.0580530166626,4.199198782127307,2.1631710485994815,10.0,10.0,0.2664478332813476,0.0,2.179519083045456,4.207643623179105,123.03414415429194,119.79160518338125,0.9915682964169976,0.033973706347822805,certain_temperate,577.5675735473633,700.1268357038498,POINT (538887.3735222074 8669107.224349122),dronbreen
dronbreen-20220329-DAT_0235_A1_1,3630.0,3430,123.0803451538086,538893.2802402577,8669106.185177982,701.1358642578125,2022-03-29 10:19:08+00:00,0,2022-05-04,100 MHz,20220329,122.03817451000214,122.45503997802734,123.9140853881836,2.4011573098712082,1.0815903625488281,8,2.4758975231766485,0.7903162638346355,2.8150499204298858,3.538392964171975,119.85606549909267,126.51305986711827,122.24660867452621,119.53696537017822,4.181530275281793,2.1631710485994815,10.0,10.0,0.2664478332813476,0.0,2.179519083045456,4.190010726830965,122.51305650780756,119.27051753689688,0.991532598949864,0.0339739888611484,certain_temperate,578.0555191040039,700.093693614006,POINT (538893.2802402577 8669106.185177982),dronbreen
dronbreen-20220329-DAT_0235_A1_1,3635.0,3433,122.87191009521484,538897.3260412075,8669105.743638335,701.1031494140625,2022-03-29 10:19:09+00:00,0,2022-05-04,100 MHz,20220329,121.82973945140839,122.14239501953125,123.70565795898438,2.5089127643544242,1.1588468170166015,8,2.4717529237726463,0.5645116170247396,2.787680366764458,3.566914512723156,119.60699842689836,126.24105455161727,122.03817361593246,119.32853031158447,4.164047797305884,2.1631710485994815,10.0,10.0,0.2664478332813476,0.0,2.179519083045456,4.172563780951504,122.30462144921381,119.06208247830313,0.9915182351849265,0.03388933885766987,certain_temperate,578.2312393188477,700.060978770256,POINT (538897.3260412075 8669105.743638335),dronbreen
dronbreen-20220329-DAT_0235_A1_1,3640.0,3437,122.55925750732422,538902.7204484778,8669105.154943079,701.122314453125,2022-03-29 10:19:10.333333248+00:00,0,2022-05-04,100 MHz,20220329,121.51708686351776,121.72552490234375,123.28878021240234,2.639889330935725,1.1588411613464356,8,2.465536177041141,0.7903079986572266,2.8366121007763807,3.6976304645851923,119.13642170373612,125.87788341100998,121.72552102804184,119.01587772369385,4.146753536481836,2.1631710485994815,10.0,10.0,0.2664478332813476,0.0,2.179519083045456,4.155304963559828,121.99196886132319,118.7494298904125,0.9914965979314604,0.033834682265711534,certain_temperate,578.5630569458008,700.0801438093185,POINT (538902.7204484778 8669105.154943079),dronbreen
dronbreen-20220329-DAT_0235_A1_1,3645.0,3441,122.14239501953125,538908.0892733587,8669104.56552163,701.1553344726562,2022-03-29 10:19:11.666666752+00:00,0,2022-05-04,100 MHz,20220329,121.10022437572479,121.30866241455078,122.87191009521484,2.810825776564352,1.1588355056762694,8,2.457247619684041,0.9032103220621746,2.862997464116676,3.8411712141638694,118.69067564026743,125.4898968694982,121.30865854024887,118.59901523590088,4.096023463892895,2.1631710485994815,10.0,10.0,0.2664478332813476,0.0,2.179519083045456,4.104680580096517,121.57510637353022,118.33256740261953,0.9914675764820249,0.03353482190387636,certain_temperate,579.012939453125,700.1131638288498,POINT (538908.0892733587 8669104.56552163),dronbreen
dronbreen-20220329-DAT_0235_A1_1,3650.0,3445,121.72552490234375,538912.3115006682,8669104.222159144,701.1807861328125,2022-03-29 10:19:12.750000128+00:00,0,2022-05-04,100 MHz,20220329,120.68335425853729,120.89179229736328,122.45503997802734,2.9062245888454474,1.1588355056762694,8,2.4489592412084864,0.9032103220621746,2.855886899055367,3.906319445691813,118.28158344537843,125.0652488300122,120.89178842306137,118.18214511871338,4.063188246789189,2.1631710485994815,10.0,10.0,0.2664478332813476,0.0,2.179519083045456,4.071915173073493,121.15823625634272,117.91569728543203,0.9914383557216734,0.033379919700892206,certain_temperate,579.4552612304688,700.138615489006,POINT (538912.3115006682 8669104.222159144),dronbreen
dronbreen-20220329-DAT_0235_A1_1,3655.0,3450,121.30866241455078,538917.1605755559,8669103.896900771,701.1854248046875,2022-03-29 10:19:14+00:00,0,2022-05-04,100 MHz,20220329,120.26649177074432,120.3707046508789,122.0381851196289,3.010077207875512,1.236103271484375,8,2.4406713483635967,0.7903079986572266,2.8477034012057754,3.9550003996000056,117.80526835982342,124.6036214106844,120.4749259352684,117.76528263092041,4.01546083468185,2.1631710485994815,10.0,10.0,0.2664478332813476,0.11290193597475688,2.1824413578619137,4.025874688793857,120.76430681751043,117.47590174867838,0.9914089346707573,0.033101187951110424,certain_temperate,579.8767623901367,700.143254160881,POINT (538917.1605755559 8669103.896900771),dronbreen
dronbreen-20220329-DAT_0235_A1_1,3660.0,3454,120.99600982666016,538922.5550001865,8669103.3082808,701.205078125,2022-03-29 10:19:15.333333248+00:00,0,2022-05-04,100 MHz,20220329,120.0580563545227,119.95384216308594,121.6213150024414,3.1105590790879685,1.236097615814209,8,2.43445553617011,0.7903162638346355,2.842377679037817,4.0282442005131,117.3943161221028,124.18084104342455,120.16227334737778,117.45263004302979,3.9738765011366715,2.163170960229635,10.0,10.0,0.26629288891436415,0.11290193597475688,2.182422358988747,3.984388685371878,120.45151157070451,117.16339181970305,0.9922480627792506,0.03284303760784904,certain_temperate,580.2090682983398,700.2671246528625,POINT (538922.5550001865 8669103.3082808),dronbreen
dronbreen-20220329-DAT_0235_A1_1,3665.0,3458,120.57913970947266,538927.9202654801,8669102.842894634,701.2080078125,2022-03-29 10:19:16.666666752+00:00,0,2022-05-04,100 MHz,20220329,119.6411862373352,119.53697204589844,120.99600982666016,3.2498527984071712,0.6953080902099609,8,2.42616808429066,0.9032268524169923,2.6805901701806527,4.1549552983723705,116.94812861298139,123.5848532595772,119.74540323019028,117.03575992584229,3.9444316166836484,2.163170960229635,10.0,10.0,0.26629288891436415,0.0,2.1795000586985904,3.9534102596846608,120.01169611910464,116.76946703692792,0.9922212625301741,0.032712388114457376,certain_temperate,580.6288681030273,700.2700543403625,POINT (538927.9202654801 8669102.842894634),dronbreen
dronbreen-20220329-DAT_0235_A1_1,3670.0,3462,120.16226196289062,538932.2310934442,8669102.42461745,701.2071380615234,2022-03-29 10:19:17.750000128+00:00,0,2022-05-04,100 MHz,20220329,119.22430849075317,119.12010192871094,120.3707046508789,3.42163676292776,0.6953024345397949,8,2.4178808241961267,1.1290149688720703,2.757583716848776,4.3391728033544945,116.45161500163924,123.0391915779506,119.32852548360825,116.61888217926025,3.901935618985399,2.163170960229635,10.0,10.0,0.26629288891436415,0.0,2.1795000586985904,3.9110118227120365,119.59481837252261,116.35258929034589,0.9921942758332303,0.032472221771178235,certain_temperate,581.0448760986328,700.269184589386,POINT (538932.2310934442 8669102.42461745),dronbreen
dronbreen-20220329-DAT_0235_A1_1,3675.0,3466,119.53697204589844,538937.1870639772,8669102.055997428,701.20947265625,2022-03-29 10:19:19+00:00,0,2022-05-04,100 MHz,20220329,118.59901857376099,118.70323944091797,120.05804443359375,3.5765055959607674,0.8497983764648437,8,2.4054511166017827,1.0161043802897136,2.7460554376499737,4.428324227509023,116.09198242828886,122.66930144622286,118.70323556661606,115.99359226226807,3.874747774376924,2.163170960229635,10.0,10.0,0.26629288891436415,0.0,2.1795000586985904,3.8838875135262714,118.96952845553042,115.7272993733537,0.992153444611452,0.03241463881893497,certain_temperate,581.6725006103516,700.2715191841125,POINT (538937.1870639772 8669102.055997428),dronbreen
dronbreen-20220329-DAT_0235_A1_1,3680.0,3470,119.22431945800781,538942.3349302176,8669101.692938939,701.1979370117188,2022-03-29 10:19:20.249999872+00:00,0,2022-05-04,100 MHz,20220329,118.28636598587036,117.97370910644531,119.64118957519531,3.739699140252918,0.9270661422729491,8,2.3992364077118453,0.9032103220621746,2.7260916818989314,4.534035055618572,115.4100936465977,122.20480503504292,118.39058297872543,115.68093967437744,3.877861166710988,2.163170960229635,10.0,10.0,0.26629288891436415,0.0,2.1795000586985904,3.8869935851466826,118.6568758676398,115.41464678546308,0.9921328678880167,0.03252575635859944,certain_temperate,581.9736175537109,700.2599835395813,POINT (538942.3349302176 8669101.692938939),dronbreen
dronbreen-20220329-DAT_0235_A1_1,3685.0,3475,118.70323944091797,538948.0693462009,8669101.191773608,701.2196044921875,2022-03-29 10:19:21.666666752+00:00,0,2022-05-04,100 MHz,20220329,117.76528596878052,117.24420166015625,119.22431945800781,3.9846346092938942,1.236103271484375,8,2.38887915590286,0.9032268524169921,2.8373427121531587,4.7328506566357,114.69027089201975,121.77825022614431,117.86950296163559,115.1598596572876,3.828879726040588,2.163170960229635,10.0,10.0,0.26629288891436415,0.0,2.1795000586985904,3.8381286923670244,118.13579585054995,114.89356676837323,0.992098332981011,0.03225589919933341,certain_temperate,582.5163650512695,700.28165102005,POINT (538948.0693462009 8669101.191773608),dronbreen
dronbreen-20220329-DAT_0235_A1_1,3690.0,3479,118.39057159423828,538952.5600825076,8669100.798699368,701.2381155831473,2022-03-29 10:19:22.857143040+00:00,0,2022-05-04,100 MHz,20220329,117.45261812210083,116.93154907226562,118.91166687011719,4.157128032303149,1.3906048690795898,8,2.382664679925437,0.9032268524169921,2.9028764399814118,4.8759228050546435,114.3834302124219,121.45978572996091,117.5568351149559,114.74297451972961,3.8068005597871624,2.163170960229635,10.0,10.0,0.26629288891436415,0.0,2.1795000586985904,3.81610303905466,117.82312800387027,114.47668163081525,0.9920774647887324,0.03215459228319519,certain_temperate,582.847543988909,700.3001621110099,POINT (538952.5600825076 8669100.798699368),dronbreen
dronbreen-20220329-DAT_0235_A1_1,3695.0,3484,117.86949157714844,538958.056149585,8669100.301762767,701.261474609375,2022-03-29 10:19:24.333333248+00:00,0,2022-05-04,100 MHz,20220329,116.93153810501099,116.41045379638672,118.49479675292969,4.218422751240154,1.5451234336853026,8,2.372308331111744,1.0161126454671223,3.0079458358593896,4.94524238377867,113.82969194644001,121.0755586028764,117.03575509786606,114.22189450263977,3.784863512715448,2.163170960229635,10.0,10.0,0.26629288891436415,0.0,2.1795000586985904,3.7942197765246912,117.30204798678042,113.9556016137254,0.9920424406724149,0.03211062898526344,certain_temperate,583.3919830322266,700.3235211372375,POINT (538958.056149585 8669100.301762767),dronbreen
dronbreen-20220329-DAT_0235_A1_1,3700.0,3488,117.45262145996094,538962.3862510913,8669099.99268657,701.2800598144531,2022-03-29 10:19:25.500000+00:00,0,2022-05-04,100 MHz,20220329,116.51466798782349,115.99359130859375,118.18214416503906,4.262081845580304,1.6996306869506834,8,2.3640235436912955,0.9032103220621746,3.0484652979869824,4.956787050038726,113.46290045410235,120.71283501953046,116.61888498067856,113.80502438545227,3.7742789216769985,2.163170960229635,10.0,10.0,0.26629288891436415,0.0,2.1795000586985904,3.783661359226225,116.88517786959292,113.5387314965379,0.9920141972100879,0.03213448005469706,certain_temperate,583.8274383544922,700.3421063423157,POINT (538962.3862510913 8669099.99268657),dronbreen
dronbreen-20220329-DAT_0235_A1_1,3705.0,3493,117.03575897216797,538967.7999048575,8669099.404799713,701.33251953125,2022-03-29 10:19:27+00:00,0,2022-05-04,100 MHz,20220329,116.09780550003052,115.36827850341797,117.66107177734375,4.276507674753254,1.6996306869506834,8,2.355739279138623,0.9032020568847656,3.042043059994694,4.965259247920587,112.84532755129119,120.18402272947053,116.20202249288559,113.3881618976593,3.753888182989068,2.163170960229635,10.0,10.0,0.26629288891436415,0.0,2.1795000586985904,3.763321457578574,116.46831538179995,113.12186900874494,0.9919857530691922,0.03207471131863016,certain_temperate,584.296760559082,700.3945660591125,POINT (538967.7999048575 8669099.404799713),dronbreen
dronbreen-20220329-DAT_0235_A1_1,3710.0,3497,116.618896484375,538972.5906274877,8669099.011599574,701.4051688058036,2022-03-29 10:19:28.285714432+00:00,0,2022-05-04,100 MHz,20220329,115.68094301223755,115.15984344482422,117.34841918945312,4.223406993532638,1.622368576812744,8,2.347455389755756,0.7903079986572266,2.960948047275458,4.896151567573796,112.68292327258715,119.8253393616902,115.78516000509262,112.97129940986633,3.7440862801462966,2.163170960229635,10.0,10.0,0.26629288891436415,0.0,2.1795000586985904,3.753544188612423,116.05145289400699,112.70500652095197,0.9919571055771127,0.032105313915810736,certain_temperate,584.7862723214286,700.4672153336661,POINT (538972.5906274877 8669099.011599574),dronbreen
dronbreen-20220329-DAT_0235_A1_1,3715.0,3501,116.30624389648438,538976.9732272439,8669098.500283996,701.5021623883929,2022-03-29 10:19:29.428571392+00:00,0,2022-05-04,100 MHz,20220329,115.36829042434692,114.84720611572266,117.03575897216797,4.154790687111518,1.3906048690795898,8,2.34124260761746,0.9032268524169923,2.8689750080051892,4.8538151333110235,112.33777675934489,119.54518832854573,115.472507417202,112.65864682197571,3.7252799826421867,2.163170960229635,10.0,10.0,0.26629288891436415,0.0,2.1795000586985904,3.7347855161656778,115.73880030611636,112.39235393306134,0.9919354847967384,0.03202992253758779,certain_temperate,585.1959184919085,700.5642089162554,POINT (538976.9732272439 8669098.500283996),dronbreen
dronbreen-20220329-DAT_0235_A1_1,3720.0,3506,115.78514862060547,538982.0262194893,8669097.908671524,701.6501312255859,2022-03-29 10:19:30.750000128+00:00,0,2022-05-04,100 MHz,20220329,114.84719514846802,114.32611846923828,116.618896484375,4.11772942667103,1.0043282524108885,8,2.3308882977179066,1.0161291758219402,2.7339045332610947,4.839551052491066,111.78337216683317,119.1616427867801,114.95141214132309,112.1375515460968,3.707550195060215,2.163170960229635,10.0,10.0,0.26629288891436415,0.0,2.1795000586985904,3.717101068248938,115.21770503023745,111.87125865718244,0.9918991901525225,0.0320209477573742,certain_temperate,585.8649826049805,700.7121777534485,POINT (538982.0262194893 8669097.908671524),dronbreen
dronbreen-20220329-DAT_0235_A1_1,3725.0,3510,115.36827850341797,538986.7573310947,8669097.347648153,701.8051147460938,2022-03-29 10:19:32+00:00,0,2022-05-04,100 MHz,20220329,114.43032503128052,115.26407623291016,116.20201873779297,3.8030127407683487,0.7725419219970703,9,2.322605406421178,0.5644950866699219,2.5119656840917024,4.491776539773295,112.87385645707126,118.59223851363187,114.53454202413559,111.7206814289093,3.6990938832376616,2.163170960229635,10.0,10.0,0.26629288891436415,0.0,2.1795000586985904,3.708666533903074,114.80083491304995,111.45438853999494,0.9918699187999961,0.032063353386416964,certain_temperate,586.4368362426758,700.8671612739563,POINT (538986.7573310947 8669097.347648153),dronbreen
dronbreen-20220329-DAT_0235_A1_1,3730.0,3514,115.26407623291016,538991.9415116975,8669096.505113104,701.9803670247396,2022-03-29 10:19:33.333333248+00:00,0,2022-05-04,100 MHz,20220329,114.3261227607727,115.05562591552734,115.88937377929688,3.757158976317669,0.7725758560180663,9,2.320535047770331,0.451592763264974,2.487105221952983,4.4390384662771485,112.69155761453354,118.25344208029068,114.43033975362778,111.61647915840149,3.699093883237662,2.163170960229635,10.0,10.0,0.26629288891436415,0.0,2.1795000586985904,3.7086665339030747,114.69663264254214,111.35018626948712,0.991862568956505,0.032092339644166586,certain_temperate,586.7162907918295,701.0424135526022,POINT (538991.9415116975 8669096.505113104),dronbreen
dronbreen-20220329-DAT_0235_A1_1,3735.0,3518,114.95142364501953,538997.2682140166,8669095.604694983,702.1165364583334,2022-03-29 10:19:34.666666752+00:00,0,2022-05-04,100 MHz,20220329,114.01347017288208,114.6387710571289,115.57672119140625,3.74714583568366,0.7725419219970703,9,2.3143232097541393,0.6774139404296875,2.5321537447671116,4.4560165484181695,112.22734376900779,117.98814847952737,114.11768716573715,111.30382657051086,3.690912438986137,2.163170960229635,10.0,10.0,0.26629288891436415,0.0,2.1795000586985904,3.7005062538724283,114.38398005465152,111.0375336815965,0.9918404362260538,0.03210845348365594,certain_temperate,587.1651128133138,701.1785829861959,POINT (538997.2682140166 8669095.604694983),dronbreen
dronbreen-20220329-DAT_0235_A1_1,3740.0,3522,114.6387710571289,539002.6222986786,8669094.643052982,702.2259521484375,2022-03-29 10:19:36+00:00,0,2022-05-04,100 MHz,20220329,113.70081758499146,114.32611846923828,115.15984344482422,3.7058571082533462,0.6180290130615234,9,2.308111594311576,0.7903162638346355,2.5167317675236798,4.4368182107754786,111.88645067860017,117.59951123546233,113.80503457784653,110.99117398262024,3.6909124389861367,2.163170960229635,10.0,10.0,0.26629288891436415,0.0,2.1795000586985904,3.700506253872428,114.07132746676089,110.72488109370587,0.9918181827710798,0.0321960223836211,certain_temperate,587.5871810913086,701.2879986763,POINT (539002.6222986786 8669094.643052982),dronbreen
dronbreen-20220329-DAT_0235_A1_1,3745.0,3526,114.2219009399414,539006.6735583331,8669094.015914304,702.2484741210938,2022-03-29 10:19:37+00:00,0,2022-05-04,100 MHz,20220329,113.28394746780396,114.01346588134766,114.84720611572266,3.678355830965326,0.7725419219970703,9,2.299829789730865,1.0161291758219402,2.630314921246697,4.455562499043943,111.49915970196335,117.36151229510696,113.38816446065903,110.57430386543274,3.6909124389861367,2.163170960229635,10.0,10.0,0.26629288891436415,0.0,2.1795000586985904,3.700506253872428,113.65445734957339,110.30801097651837,0.9917883219906256,0.032313526640804564,certain_temperate,588.0265731811523,701.3105206489563,POINT (539006.6735583331 8669094.015914304),dronbreen
dronbreen-20220329-DAT_0235_A1_1,3750.0,3531,113.7008056640625,539012.0422458532,8669092.992710039,702.2801920572916,2022-03-29 10:19:38.333333248+00:00,0,2022-05-04,100 MHz,20220329,112.76285219192505,112.55442810058594,114.2219009399414,3.515959805967718,1.3906048690795898,10,2.2894779499839615,1.0161209106445312,2.864959491933472,4.316964714436798,110.04959058319847,116.72673845732888,112.86706918478012,110.05320858955383,3.683007804723039,2.163170960229635,10.0,10.0,0.26629288891436415,0.0,2.1795000586985904,3.6926221567251063,113.13336207369449,109.78691570063947,0.9917506875465008,0.03239209945094637,certain_temperate,588.5793863932291,701.3422385851542,POINT (539012.0422458532 8669092.992710039),dronbreen
dronbreen-20220329-DAT_0235_A1_1,3755.0,3535,113.28394317626953,539017.451113725,8669091.908661438,702.319580078125,2022-03-29 10:19:39.666666752+00:00,0,2022-05-04,100 MHz,20220329,112.34598970413208,112.24177551269531,113.8050308227539,3.3080584990771866,1.3906105247497558,10,2.281197210375663,0.7902914683024089,2.786075905111358,4.095323229100982,109.82756315304314,116.21924318240607,112.45020669698715,109.63634610176086,3.683007804723039,2.163170960229635,10.0,10.0,0.26629288891436415,0.0,2.1795000586985904,3.6926221567251063,112.71649958590152,109.3700532128465,0.9917203317095169,0.03251129596532748,certain_temperate,589.0356369018555,701.3816266059875,POINT (539017.451113725 8669091.908661438),dronbreen
dronbreen-20220329-DAT_0235_A1_1,3760.0,3538,112.97130584716797,539021.3304636963,8669091.028479071,702.3706665039062,2022-03-29 10:19:40.666666752+00:00,0,2022-05-04,100 MHz,20220329,112.03335237503052,112.13755798339844,113.49237823486328,3.1619931734892432,1.236097615814209,10,2.2749871159911534,0.7903079986572267,2.7070445926302926,3.9747143217921854,109.72920727997766,115.90072893828406,112.13756936788559,109.3237087726593,3.683007804723039,2.163170960229635,10.0,10.0,0.26629288891436415,0.0,2.1795000586985904,3.6926221567251063,112.40386225679995,109.05741588374494,0.991697418516111,0.03260126788040812,certain_temperate,589.3993606567383,701.4327130317688,POINT (539021.3304636963 8669091.028479071),dronbreen
dronbreen-20220329-DAT_0235_A1_1,3765.0,3543,112.55442810058594,539026.1892530335,8669089.928544294,702.4541625976562,2022-03-29 10:19:42+00:00,0,2022-05-04,100 MHz,20220329,111.61647462844849,111.82490539550781,113.07550048828125,2.8969285669590827,1.1588355056762694,10,2.266706799305986,0.7903245290120443,2.6656091807303772,3.7622822458238967,109.42436950217522,115.47603638161384,111.72069162130356,108.90683102607727,3.6753816555808325,2.163170960229635,10.0,10.0,0.26629288891436415,0.0,2.1795000586985904,3.6850159045608555,111.98698451021792,108.6405381371629,0.9916666675139673,0.032654260854990735,certain_temperate,589.8997344970703,701.5162091255188,POINT (539026.1892530335 8669089.928544294),dronbreen
dronbreen-20220329-DAT_0235_A1_1,3770.0,3547,112.24177551269531,539031.0464922844,8669089.324806722,702.5230712890625,2022-03-29 10:19:43.333333248+00:00,0,2022-05-04,100 MHz,20220329,111.30382204055786,111.51225280761719,112.65865325927734,2.707948117311923,1.1588355056762694,10,2.2604969515787707,0.6774056752522787,2.6289968897236995,3.59189475388883,109.15243821384908,115.01846785304545,111.40803903341293,108.59417843818665,3.6753816555808325,2.163170960229635,10.0,10.0,0.26629288891436415,0.0,2.1795000586985904,3.6850159045608555,111.6743319223273,108.32788554927228,0.9916434547845213,0.03274522020693731,certain_temperate,590.2812957763672,701.585117816925,POINT (539031.0464922844 8669089.324806722),dronbreen
dronbreen-20220329-DAT_0235_A1_1,3775.0,3551,111.92913055419922,539036.0756594067,8669088.974173807,702.5747477213541,2022-03-29 10:19:44.666666752+00:00,0,2022-05-04,100 MHz,20220329,110.99117708206177,111.19960021972656,112.24177551269531,2.518067249946008,1.081596018218994,10,2.2542874942312903,0.9032185872395834,2.658470588441753,3.4983251132839714,108.77109946350213,114.67027626891975,111.09539407491684,108.28153347969055,3.6753816555808325,2.163170960229635,10.0,10.0,0.26629288891436415,0.0,2.1795000586985904,3.6850159045608555,111.3616869638312,108.01524059077619,0.9916201129456351,0.032836685475736004,certain_temperate,590.6456171671549,701.6367942492167,POINT (539036.0756594067 8669088.974173807),dronbreen
dronbreen-20220329-DAT_0235_A1_1,3780.0,3557,111.40803527832031,539041.9818746248,8669088.734246641,702.6447296142578,2022-03-29 10:19:46.249999872+00:00,0,2022-05-04,100 MHz,20220329,110.47008180618286,110.36585998535156,111.72068786621094,2.1790264568440603,0.6953080902099609,10,2.243938530760187,1.3548361460367837,2.711880243069265,3.408665048382485,107.74463105364072,114.34191679792178,110.57429879903793,107.76043820381165,3.6680357326050115,2.163170960229635,10.0,10.0,0.26629288891436415,0.0,2.1795000586985904,3.6776892253633315,110.8405916879523,107.49414531489728,0.9915809172130695,0.03292433731051355,certain_temperate,591.2366943359375,701.7067761421204,POINT (539041.9818746248 8669088.734246641),dronbreen
dronbreen-20220329-DAT_0235_A1_1,3785.0,3561,110.67851257324219,539046.0518621329,8669088.456669616,702.7059733072916,2022-03-29 10:19:47.333333248+00:00,0,2022-05-04,100 MHz,20220329,109.74055910110474,109.74056243896484,111.19960021972656,1.7191054155177514,1.0043395637512207,10,2.2294513356810755,1.6935183207194011,2.974416836978029,3.2853890166074478,106.94083788808803,113.99932477060338,109.84477609395981,107.03091549873352,3.6753816555808325,2.163170960229635,10.0,10.0,0.26629288891436415,0.0,2.1795000586985904,3.6850159045608555,110.11106898287417,106.76462260981916,0.9915254239478801,0.03320772542139673,certain_temperate,592.0274607340494,701.7680198351542,POINT (539046.0518621329 8669088.456669616),dronbreen
dronbreen-20220329-DAT_0235_A1_1,3790.0,3565,109.84478759765625,539051.0298663211,8669088.104611315,702.7680257161459,2022-03-29 10:19:48.666666752+00:00,0,2022-05-04,100 MHz,20220329,108.9068341255188,109.32369995117188,110.78273010253906,1.330505543764593,1.3133484146118164,10,2.2128965057023535,1.4677136739095051,2.962427793498771,2.9700739680214934,106.66831026724023,113.43811978647071,109.01105111837387,106.19719052314758,3.6909124389861367,2.163170960229635,10.0,10.0,0.26629288891436415,0.0,2.1795000586985904,3.700506253872428,109.27734400728824,105.93089763423322,0.991461101681283,0.03360116141792138,certain_temperate,592.9232381184896,701.8300722440084,POINT (539051.0298663211 8669088.104611315),dronbreen
dronbreen-20220329-DAT_0235_A1_1,3795.0,3570,109.32369995117188,539056.971437958,8669087.749467347,702.8060913085938,2022-03-29 10:19:50.249999872+00:00,0,2022-05-04,100 MHz,20220329,108.38574647903442,108.80260467529297,110.36585998535156,1.0237702564607072,1.2361145828247069,10,2.2025504644401552,0.7903245290120443,2.646473251600241,2.5542018220135376,106.46255309262142,112.70591156802311,108.4899634718895,105.67610287666321,3.716279494077391,2.163170960229635,10.0,10.0,0.26629288891436415,0.0,2.1795000586985904,3.7258079903272616,108.75625636080386,105.40980998774884,0.9914204013168565,0.03399335638783926,certain_temperate,593.4823913574219,701.8681378364563,POINT (539056.971437958 8669087.749467347),dronbreen
dronbreen-20220329-DAT_0235_A1_1,3800.0,3574,109.1152572631836,539061.2747353959,8669087.595000612,702.7912394205729,2022-03-29 10:19:51.333333248+00:00,0,2022-05-04,100 MHz,20220329,108.17730379104614,108.38573455810547,109.74056243896484,0.9360870449886883,1.236103271484375,10,2.1984120967289766,0.4516092936197917,2.5622095930861,2.431712494708969,106.14141579707172,111.9848811999986,108.28152078390121,105.46766018867493,3.741764885840596,2.163170960229635,10.0,10.0,0.26629288891436415,0.0,2.1795000586985904,3.751228647202946,108.54781367281558,105.20136729976056,0.9914040117242713,0.034291857799643374,certain_temperate,593.6759821573893,701.8532859484354,POINT (539061.2747353959 8669087.595000612),dronbreen
dronbreen-20220329-DAT_0235_A1_1,3805.0,3578,108.90682983398438,539066.2868628757,8669087.580713045,702.7342093331473,2022-03-29 10:19:52.571428608+00:00,0,2022-05-04,100 MHz,20220329,107.96887636184692,108.07308197021484,109.01103973388672,0.8780796599734847,1.0043225967407226,10,2.194274147365222,0.9032103220621746,2.5766823238418537,2.530148574478222,105.70018755206746,111.3839341520341,108.073093354702,105.25923275947571,3.771208135043935,2.163170960229635,10.0,10.0,0.26629288891436415,0.0,2.1795000586985904,3.7805981934751953,108.33938624361636,104.99293987056134,0.9913875606004945,0.034627838683695934,certain_temperate,593.8273794991629,701.7962558610099,POINT (539066.2868628757 8669087.580713045),dronbreen
dronbreen-20220329-DAT_0235_A1_1,3810.0,3582,108.28152465820312,539070.9892681835,8669087.397963183,702.6766270228794,2022-03-29 10:19:53.714285568+00:00,0,2022-05-04,100 MHz,20220329,107.34357118606567,107.65623474121094,108.48995971679688,0.8684030219978144,0.7725475776672363,10,2.1818605438758047,1.4677219390869143,2.7407212341204255,2.769268302641333,105.0266486286451,111.1195458293627,107.44778817892075,104.63392758369446,3.792142206057475,2.163170960229635,10.0,10.0,0.26629288891436415,0.0,2.1795000586985904,3.8014805554742503,107.71408106783511,104.3676346947801,0.9913378254037505,0.03502113789058282,certain_temperate,594.3951023646763,701.738673550742,POINT (539070.9892681835 8669087.397963183),dronbreen
dronbreen-20220329-DAT_0235_A1_1,3815.0,3586,107.55200958251953,539076.1946362058,8669087.469055178,702.5952758789062,2022-03-29 10:19:55+00:00,0,2022-05-04,100 MHz,20220329,106.61405611038208,107.2393569946289,108.07308197021484,0.9642216887308823,0.8498266548156738,10,2.167379502093565,1.5806242624918623,2.813914054925717,2.8505491453915206,104.55683822204347,110.75560074280028,106.71827310323715,103.80019569396973,3.815350261088115,2.163170960229635,10.0,10.0,0.26629288891436415,0.0,2.1795000586985904,3.82463194536043,106.98456599215152,103.53390280505536,0.9912790706953941,0.03547446743113413,certain_temperate,595.0432662963867,701.6573224067688,POINT (539076.1946362058 8669087.469055178),dronbreen
dronbreen-20220329-DAT_0235_A1_1,3820.0,3591,106.8224868774414,539081.2824028184,8669087.306373289,702.4908854166666,2022-03-29 10:19:56.333333248+00:00,0,2022-05-04,100 MHz,20220329,105.88453340530396,106.30140686035156,107.76044464111328,1.1007967549637117,1.1588468170166015,10,2.152899784261324,1.2419255574544272,2.742313351285818,2.7182917553253154,103.81597800976442,110.24587349170042,105.98875039815903,103.0706729888916,3.8500645304527286,2.163170960229635,10.0,10.0,0.26629288891436415,0.0,2.1795000586985904,3.8592627263943236,106.25504328707339,102.80438009997724,0.9912195128614298,0.03604170472898603,certain_temperate,595.6683985392252,701.5529319445292,POINT (539081.2824028184 8669087.306373289),dronbreen
dronbreen-20220329-DAT_0235_A1_1,3825.0,3595,106.4056167602539,539086.315189597,8669086.831976676,702.373779296875,2022-03-29 10:19:57.666666752+00:00,0,2022-05-04,100 MHz,20220329,105.46766328811646,105.36344909667969,107.2393569946289,1.2632753161444739,1.4678613235473632,10,2.1446263337122415,1.241933822631836,2.8803539012099106,2.781669688411774,102.88517918985983,109.71762690144877,105.57188028097153,102.6538028717041,3.8869842180998537,2.163170960229635,10.0,10.0,0.26629288891436415,0.0,2.1795000586985904,3.8960952522292995,105.83817316988589,102.38750998278974,0.9911851131482017,0.036529878181691754,certain_temperate,595.9681625366211,701.4358258247375,POINT (539086.315189597 8669086.831976676),dronbreen
dronbreen-20220329-DAT_0235_A1_1,3830.0,3599,105.67608642578125,539090.9727875029,8669086.30241982,702.300048828125,2022-03-29 10:19:58.857143040+00:00,0,2022-05-04,100 MHz,20220329,104.7381329536438,104.52971649169922,106.19718170166016,1.242082782419246,1.3906161804199217,10,2.1301488438387763,3.2741508483886723,4.146252673940365,4.098825138169994,100.62361896668631,110.10327922667307,104.84234994649887,101.92427253723145,3.9127919002317015,2.163170960229635,10.0,10.0,0.26629288891436415,0.0,2.1795000586985904,3.9218429796723338,105.10864283541324,101.65797964831708,0.9911242599545338,0.03702627559906607,certain_temperate,596.6239624023438,701.3620953559875,POINT (539090.9727875029 8669086.30241982),dronbreen
dronbreen-20220329-DAT_0235_A1_1,3835.0,3604,103.3833236694336,539096.80653552,8669085.771528598,702.2433471679688,2022-03-29 10:20:00.333333248+00:00,0,2022-05-04,100 MHz,20220329,102.44537019729614,102.54959106445312,105.46766662597656,1.4988574925915013,2.0859129592895505,10,2.0846593595058995,3.1612319946289062,4.323219314674319,4.072562602605229,98.76287845731736,109.25437923311233,102.54958719015121,99.63150978088379,3.953248532530529,2.163170960229635,10.0,10.0,0.26629288891436415,0.0,2.1795000586985904,3.9622071958242087,102.81588007906558,99.36521689196942,0.9909274200243693,0.03823874482088594,certain_temperate,598.8600234985352,701.3053936958313,POINT (539096.80653552 8669085.771528598),dronbreen
dronbreen-20220329-DAT_0235_A1_1,3840.0,3607,102.75802612304688,539100.794121641,8669085.577018572,702.2640380859375,2022-03-29 10:20:01.333333248+00:00,0,2022-05-04,100 MHz,20220329,101.82007265090942,101.61163330078125,104.52971649169922,1.651074462108605,2.472200887298584,10,2.072255962250299,1.919331232706706,3.75364547887587,3.2717157629220446,98.78708428298648,107.35426550949398,101.9242896437645,99.00621223449707,3.9813553610097245,2.163170960229635,10.0,10.0,0.26629288891436415,0.0,2.1795000586985904,3.9902509210984753,102.19058253267886,98.7399193455827,0.9908722120546155,0.03874495755924971,certain_temperate,599.5060119628906,701.3260846138,POINT (539100.794121641 8669085.577018572),dronbreen
dronbreen-20220329-DAT_0235_A1_1,3845.0,3612,101.61163330078125,539106.5794071936,8669085.093504827,702.35400390625,2022-03-29 10:20:02.750000128+00:00,0,2022-05-04,100 MHz,20220329,100.6736798286438,100.6736831665039,102.9664535522461,1.718405550600132,2.008656504821777,10,2.0495193604406317,2.145135879516602,3.5828534026350116,3.428564595679041,97.70684350949337,105.93329320925663,100.77789682149887,97.85981941223145,4.025171757535119,2.163170960229635,10.0,10.0,0.26629288891436415,0.0,2.1795000586985904,4.0339706965153725,101.04418971041324,97.59352652331708,0.990769231418995,0.0396132964974609,certain_temperate,600.7423706054688,701.4160504341125,POINT (539106.5794071936 8669085.093504827),dronbreen
dronbreen-20220329-DAT_0235_A1_1,3850.0,3616,100.77790069580078,539111.649296317,8669084.775347091,702.4599609375,2022-03-29 10:20:04+00:00,0,2022-05-04,100 MHz,20220329,99.83994722366333,99.8399429321289,101.29898071289062,1.7110853780707576,1.4678669792175292,10,2.0329864995766878,2.3709405263264975,3.450945747982086,3.5612085389493817,96.71674055526658,104.42218308975295,99.9441642165184,97.02608680725098,4.055458728258363,2.163170960229635,10.0,10.0,0.26629288891436415,0.0,2.1795000586985904,4.064192096751,100.21045710543277,96.75979391833661,0.9906928655423308,0.040241548000685294,certain_temperate,601.6820602416992,701.5220074653625,POINT (539111.649296317 8669084.775347091),dronbreen
dronbreen-20220329-DAT_0235_A1_1,3855.0,3620,99.4230728149414,539116.634495107,8669085.059525665,702.5161590576172,2022-03-29 10:20:05.249999872+00:00,0,2022-05-04,100 MHz,20220329,98.48511934280396,99.11042022705078,100.04837799072266,1.5970886494690066,0.8498153434753417,10,2.0061253607853264,2.5967451731363935,3.3896623099358036,3.6494268881094123,95.82901436105475,103.32978385671869,98.58933633565903,95.6712589263916,4.086584560568972,2.163170960229635,10.0,10.0,0.26629288891436415,0.0,2.1795000586985904,4.095251551903382,98.85562922457339,95.40496603747724,0.9905660381883058,0.0411029798704314,certain_temperate,603.0930862426758,701.5782055854797,POINT (539116.634495107 8669085.059525665),dronbreen
dronbreen-20220329-DAT_0235_A1_1,3860.0,3624,98.38090515136719,539120.924584669,8669085.912819212,702.523193359375,2022-03-29 10:20:06.333333248+00:00,0,2022-05-04,100 MHz,20220329,97.44295167922974,98.17247772216797,98.79776763916016,1.5201640902400615,0.6952967788696288,10,1.9854674510958177,2.2580216725667315,3.0861271010521367,3.36921975157415,95.16569491106539,101.80455045026274,97.54716867208481,94.62909126281738,4.134804420084707,2.163170960229635,10.0,10.0,0.26629288891436415,0.0,2.1795000586985904,4.143370547638527,97.81346156099917,94.36279837390302,0.9904661024342647,0.04202852589862807,certain_temperate,604.1422882080078,701.5852398872375,POINT (539120.924584669 8669085.912819212),dronbreen
dronbreen-20220329-DAT_0235_A1_1,3865.0,3629,97.3387451171875,539126.0920461289,8669088.078665186,702.4695129394531,2022-03-29 10:20:07.750000128+00:00,0,2022-05-04,100 MHz,20220329,96.40079164505005,97.2345199584961,97.85982513427734,1.4834832255221375,0.8498040321350098,10,1.9648136095812032,2.1451441446940107,3.030561468596774,3.2654032526345165,94.32554489467886,100.76880019809458,96.50500863790512,93.5869312286377,4.184804896634848,2.163170960229635,10.0,10.0,0.26629288891436415,0.0,2.1795000586985904,4.193268883053573,96.77130152681949,93.32063833972333,0.9903640274896883,0.042992180468288364,certain_temperate,605.1307678222656,701.5315594673157,POINT (539126.0920461289 8669088.078665186),dronbreen
dronbreen-20220329-DAT_0235_A1_1,3870.0,3634,96.40077209472656,539129.9228715562,8669091.552633662,702.3589651925223,2022-03-29 10:20:09.285714432+00:00,0,2022-05-04,100 MHz,20220329,95.46281862258911,95.9839096069336,96.40077209472656,1.508810999305148,0.6180516357421875,10,1.9462280298525567,1.9193477630615234,2.8024430777799276,3.1222123584691093,93.25046866560103,99.13421303605912,95.56703561544418,92.64895820617676,4.219096398420268,2.163170960229635,10.0,10.0,0.26629288891436415,0.0,2.1795000586985904,4.227491729364971,95.83332850435855,92.3826653172624,0.9902702701258888,0.04376620961369941,certain_temperate,605.9581930977957,701.4210117203849,POINT (539129.9228715562 8669091.552633662),dronbreen
dronbreen-20220329-DAT_0235_A1_1,3875.0,3638,95.5670394897461,539132.1049858433,8669095.018638985,702.2242693219866,2022-03-29 10:20:10.428571392+00:00,0,2022-05-04,100 MHz,20220329,94.62908601760864,95.04595947265625,95.77548217773438,1.4794068006685113,0.6180459800720215,10,1.9297107593455232,1.919314702351888,2.7909735532392954,3.0977729134431775,92.32427754021117,98.49716411017945,94.73330301046371,91.81522560119629,4.201856388736707,2.163170960229635,10.0,10.0,0.26629288891436415,0.0,2.1795000586985904,4.210286096484874,94.99959589937808,91.54893271228192,0.9901853873768048,0.04396763163504241,certain_temperate,606.6572298322405,701.2863158498492,POINT (539132.1049858433 8669095.018638985),dronbreen
dronbreen-20220329-DAT_0235_A1_1,3880.0,3643,94.62909698486328,539134.2886406754,8669100.132863037,702.015380859375,2022-03-29 10:20:12+00:00,0,2022-05-04,100 MHz,20220329,93.69114351272583,93.79535675048828,94.9417495727539,1.4532773763332465,1.3133540702819824,10,1.9111322294567334,1.5806242624918623,2.8063674690910414,2.874511191526005,91.31527621598013,97.42183010726205,93.7953605055809,90.87728309631348,4.184804896634848,2.163170960229635,10.0,10.0,0.26629288891436415,0.0,2.1795000586985904,4.193268883053573,94.06165339449527,90.61099020739911,0.9900881071253645,0.04422323608672122,certain_temperate,607.3862838745117,701.0774273872375,POINT (539134.2886406754 8669100.132863037),dronbreen
dronbreen-20220329-DAT_0235_A1_1,3885.0,3647,94.10800170898438,539134.7556409346,8669105.21720424,701.7871704101562,2022-03-29 10:20:13.249999872+00:00,0,2022-05-04,100 MHz,20220329,93.17004823684692,93.79535675048828,94.31644439697266,1.178521094226197,0.540789525604248,10,1.9008120354899065,1.354827880859375,2.3960589082951307,2.6148722627603243,91.46112347572391,96.65067767173703,93.274265229702,90.35618782043457,4.167944082440455,2.163170960229635,10.0,10.0,0.26629288891436415,0.0,2.1795000586985904,4.176442239159637,93.54055811861636,90.0898949315202,0.9900332229448677,0.04428894468856357,certain_temperate,607.6791687011719,700.8492169380188,POINT (539134.7556409346 8669105.21720424),dronbreen
dronbreen-20220329-DAT_0235_A1_1,3890.0,3652,93.37848663330078,539134.9824752592,8669110.635728113,701.5445353190104,2022-03-29 10:20:14.666666752+00:00,0,2022-05-04,100 MHz,20220329,92.44053316116333,93.37848663330078,93.79535675048828,1.0676239591596732,0.6180516357421875,10,1.8863660054109896,0.9032103220621746,2.1808607054769604,2.3481879205935896,91.28703603807988,95.88680734570919,92.5447501540184,89.62667274475098,4.151276428339163,2.163170960229635,10.0,10.0,0.26629288891436415,0.0,2.1795000586985904,4.159808635883473,92.81104304293277,89.36037985583661,0.9899553579635445,0.044456454350575526,certain_temperate,608.1660486857096,700.6065818468729,POINT (539134.9824752592 8669110.635728113),dronbreen
dronbreen-20220329-DAT_0235_A1_1,3895.0,3656,93.2742691040039,539133.6665867915,8669114.948354775,701.3515973772321,2022-03-29 10:20:15.857143040+00:00,0,2022-05-04,100 MHz,20220329,92.33631563186646,92.96161651611328,95.35861206054688,1.4527812790299117,1.8541492515563964,10,1.884302446730475,1.4677219390869143,3.0236853090688274,2.7955995503525344,90.57314348900339,97.74708508765677,92.44053262472153,89.5224552154541,4.134804420084707,2.163170960229635,10.0,10.0,0.26629288891436415,0.0,2.1795000586985904,4.143370547638527,92.70682551363589,89.25616232653974,0.989944134849327,0.04432952903092988,certain_temperate,608.0773282732282,700.4136439050947,POINT (539133.6665867915 8669114.948354775),dronbreen
dronbreen-20220329-DAT_0235_A1_1,3900.0,3660,94.73330688476562,539132.0112085902,8669119.047322135,701.16650390625,2022-03-29 10:20:17+00:00,0,2022-05-04,100 MHz,20220329,93.79535341262817,93.69113159179688,96.29656219482422,1.8259997646757402,2.317687978363037,10,1.9131962192439314,3.2741508483886723,4.444329096318373,4.208878555141428,89.89898397450486,100.08870981211624,93.89957040548325,90.98149299621582,4.118530249876357,2.163170960229635,10.0,10.0,0.26629288891436415,0.0,2.1795000586985904,4.127130155669065,94.16586329439761,90.71520010730146,0.9900990105488623,0.043474997182207216,certain_temperate,606.4331970214844,700.2285504341125,POINT (539132.0112085902 8669119.047322135),dronbreen
dronbreen-20220329-DAT_0235_A1_1,3905.0,3664,96.29656219482422,539127.8386421284,8669122.089656234,700.9774169921875,2022-03-29 10:20:18.333333248+00:00,0,2022-05-04,100 MHz,20220329,95.35860872268677,95.6712646484375,97.2345199584961,1.8736227647514951,2.008656504821777,10,1.9441633563609464,3.387061436971029,4.391657692534307,4.331560757813279,91.76588933561122,101.13989527132237,95.46282571554184,92.54474830627441,4.102456125977751,2.163170960229635,10.0,10.0,0.26629288891436415,0.0,2.1795000586985904,4.111089657044557,95.7291186044562,92.27845541736005,0.990259740838517,0.04260231136473791,certain_temperate,604.6808547973633,700.03946352005,POINT (539127.8386421284 8669122.089656234),dronbreen
dronbreen-20220329-DAT_0235_A1_1,3910.0,3668,97.85982513427734,539123.6311085329,8669124.57273574,700.8239135742188,2022-03-29 10:20:19.500000+00:00,0,2022-05-04,100 MHz,20220329,96.92187166213989,97.02609252929688,98.4851303100586,1.836933126431076,1.7768814857482909,10,1.9751400330418438,3.6128660837809248,4.484560993436716,4.508691916780176,92.90857149237927,102.6026513469762,97.02608865499496,94.10801124572754,4.086584560568972,2.163170960229635,10.0,10.0,0.26629288891436415,0.0,2.1795000586985904,4.095251551903382,97.29238154390933,93.84171835681317,0.9904153367242334,0.0417595735018084,certain_temperate,602.9640884399414,699.8859601020813,POINT (539123.6311085329 8669124.57273574),dronbreen
dronbreen-20220329-DAT_0235_A1_1,3915.0,3673,99.63151550292969,539118.8666130292,8669126.946625834,700.6851654052734,2022-03-29 10:20:20.750000128+00:00,0,2022-05-04,100 MHz,20220329,98.69356203079224,98.58934020996094,100.04837799072266,1.6252871755093083,1.4678613235473632,10,2.010257583635542,3.612849553426107,4.387303763522837,4.442451558670106,94.45487320099166,104.18284499969194,98.79777902364731,95.87970161437988,4.070918065254007,2.163170960229635,10.0,10.0,0.26629288891436415,0.0,2.1795000586985904,4.079618339587392,99.06407191256167,95.61340872546552,0.9905857753201609,0.04085974246908149,certain_temperate,601.0536499023438,699.747211933136,POINT (539118.8666130292 8669126.946625834),dronbreen
dronbreen-20220329-DAT_0235_A1_1,3920.0,3677,101.19476318359375,539114.170488258,8669128.9503474,700.586181640625,2022-03-29 10:20:22+00:00,0,2022-05-04,100 MHz,20220329,100.2568097114563,99.94415283203125,101.29898071289062,1.4464102774200587,1.776892797088623,10,2.041252566027401,3.1612485249837246,4.161436325040989,4.031415007866542,96.18114814494605,105.06198539997582,100.36102670431137,97.44294929504395,4.055458728258362,2.163170960229635,10.0,10.0,0.26629288891436415,0.0,2.1795000586985904,4.0641920967509995,100.62731959322574,97.17665640612958,0.990731205423785,0.04007577665754007,certain_temperate,599.3914184570312,699.6482281684875,POINT (539114.170488258 8669128.9503474),dronbreen
dronbreen-20220329-DAT_0235_A1_1,3925.0,3681,102.54959106445312,539109.2226291589,8669130.915774055,700.5108642578125,2022-03-29 10:20:23.333333248+00:00,0,2022-05-04,100 MHz,20220329,101.61163759231567,101.09054565429688,102.54959106445312,1.3265105065644207,1.4678613235473632,10,2.0681217205461158,2.5967451731363935,3.6297148387122644,3.5748906373800557,97.77087504635973,105.86926167239027,101.71585458517075,98.79777717590332,4.040209212116273,2.163170960229635,10.0,10.0,0.26629288891436415,0.11290193597475688,2.182422358988747,4.050549250102065,102.00509280849748,98.50853895257659,0.9908536595572776,0.03939761407314607,certain_temperate,597.9612731933594,699.572910785675,POINT (539109.2226291589 8669130.915774055),dronbreen
dronbreen-20220329-DAT_0235_A1_1,3930.0,3685,103.59175872802734,539104.1614436529,8669132.815895976,700.4317830403646,2022-03-29 10:20:24.666666752+00:00,0,2022-05-04,100 MHz,20220329,102.54958808422089,102.34114837646484,104.11283874511719,1.0610488973247612,1.0043282524108885,10,2.088794147479912,1.919331232706706,3.0092471832636956,3.0286495561394795,99.5044437088285,106.94954341275353,102.75802224874496,99.83994483947754,4.018044877597414,2.2404271495878696,10.0,10.0,0.2664478332813476,0.11290193597475688,2.2590385361072527,4.0284520517680225,103.04740313098699,99.55056395723551,0.9899396375097501,0.0387873024546914,certain_temperate,596.8400243123373,699.3896123965582,POINT (539104.1614436529 8669132.815895976),dronbreen
dronbreen-20220329-DAT_0235_A1_1,3935.0,3688,104.32128143310547,539100.2585744451,8669134.067323262,700.3892618815104,2022-03-29 10:20:25.666666752+00:00,0,2022-05-04,100 MHz,20220329,103.27911078929901,103.3833236694336,104.94658660888672,0.9586957606418408,0.6180459800720215,10,2.103266959740983,2.1451441446940107,3.067141362724624,3.1534858279253,100.37909742870985,107.95081284961046,103.48754495382309,100.46525001525879,4.018990856819016,2.2404271495878696,10.0,10.0,0.2664478332813476,0.0,2.2562154729703345,4.0278135452196855,103.75399278710444,100.19880218197744,0.9900099900088485,0.03852512930831028,certain_temperate,596.0679804484049,699.3470912377039,POINT (539100.2585744451 8669134.067323262),dronbreen
dronbreen-20220329-DAT_0235_A1_1,3940.0,3693,105.57189178466797,539095.3087409716,8669135.660570087,700.3212280273438,2022-03-29 10:20:27+00:00,0,2022-05-04,100 MHz,20220329,104.52972114086151,104.94658660888672,105.67608642578125,0.7502321194634138,0.3862596496582031,10,2.1280812329414163,2.0322252909342446,2.9678048931936734,3.0366951773572533,102.00402490739086,108.61864812727711,104.73815530538559,101.71586036682129,3.9896368118287273,2.2404271495878696,10.0,10.0,0.2664478332813476,0.0,2.2562154729703345,3.9985242700475405,105.00460313866694,101.44941253353994,0.9901283322086134,0.037790710617995535,certain_temperate,594.7493362426758,699.2790573835373,POINT (539095.3087409716 8669135.660570087),dronbreen
dronbreen-20220329-DAT_0235_A1_1,3945.0,3697,106.19718170166016,539090.6243297542,8669136.26908445,700.2566070556641,2022-03-29 10:20:28.249999872+00:00,0,2022-05-04,100 MHz,20220329,105.1550110578537,105.98873901367188,106.30140686035156,0.7261217923429086,0.46355003814697265,10,2.1404897945447368,1.3548113505045574,2.575284254965306,2.635234944615267,103.45551767395318,108.83462820007026,105.36344522237778,102.34115028381348,3.9611623723458624,2.2404271495878696,10.0,10.0,0.2664478332813476,0.0,2.2562154729703345,3.970113573683885,105.62989305565912,102.07470245053213,0.9901864566732643,0.037300070575073827,certain_temperate,594.0594253540039,699.2144364118576,POINT (539090.6243297542 8669136.26908445),dronbreen
dronbreen-20220329-DAT_0235_A1_1,3950.0,3702,106.8224868774414,539085.2251270028,8669136.360671015,700.1868693033854,2022-03-29 10:20:29.666666752+00:00,0,2022-05-04,100 MHz,20220329,105.78031623363495,106.50983428955078,107.13513946533203,0.7943797381270378,0.5407951812744141,10,2.152899784261324,1.2419172922770183,2.5435792635612446,2.6092863411814196,104.02440956891868,109.62056418596413,105.98875039815903,102.96645545959473,3.933586113604413,2.2404271495878696,10.0,10.0,0.2664478332813476,0.0,2.2562154729703345,3.942599924035128,106.25519823144037,102.70000762631338,0.9902439020634096,0.03682357740011669,certain_temperate,593.364382425944,699.1446986595789,POINT (539085.2251270028 8669136.360671015),dronbreen
dronbreen-20220329-DAT_0235_A1_1,3955.0,3706,107.34356689453125,539080.7811941229,8669137.286328383,700.0888671875,2022-03-29 10:20:31+00:00,0,2022-05-04,100 MHz,20220329,106.30139625072479,106.92670440673828,107.55200958251953,0.7826715966462947,0.6180459800720215,10,2.1632421365756267,1.241933822631836,2.569824312036991,2.6143050681682247,104.43230745331383,110.04640653594399,106.50983041524887,103.48753547668457,3.9069274446028337,2.2404271495878696,10.0,10.0,0.2664478332813476,0.0,2.2562154729703345,3.916002618136402,106.77627824853022,103.22108764340322,0.9902912612841492,0.0363964749600833,certain_temperate,592.7453002929688,699.0466965436935,POINT (539080.7811941229 8669137.286328383),dronbreen
dronbreen-20220329-DAT_0235_A1_1,3960.0,3712,107.96888732910156,539075.5939506319,8669139.12087847,699.9368489583334,2022-03-29 10:20:32.666666752+00:00,0,2022-05-04,100 MHz,20220329,106.9267166852951,107.65623474121094,108.28152465820312,0.7861294777200019,0.540778214263916,10,2.1756544423307878,1.2419255574544272,2.562868006689898,2.6256143849454556,105.15106980797955,110.78668959143451,107.13515084981918,104.11285591125488,3.8812051423312965,2.2404271495878696,10.0,10.0,0.2664478332813476,0.0,2.2562154729703345,3.890340319910229,107.40159868310053,103.84640807797354,0.9903474911190869,0.03594744040013062,certain_temperate,591.9679616292318,698.8946783145269,POINT (539075.5939506319 8669139.12087847),dronbreen
dronbreen-20220329-DAT_0235_A1_1,3965.0,3717,108.48995971679688,539070.7550669911,8669141.116183579,699.7919311523438,2022-03-29 10:20:34.142856960+00:00,0,2022-05-04,100 MHz,20220329,107.44778907299042,108.17730712890625,109.1152572631836,0.816255353013868,0.8498096878051757,10,2.1859982945420806,1.1289984385172527,2.602960338422929,2.5921996102227687,105.71697665965719,111.57558773243265,107.6562232375145,104.6339282989502,3.856437887878932,2.2404271495878696,10.0,10.0,0.2664478332813476,0.0,2.2562154729703345,3.8656315953448592,107.92267107079584,104.36748046566885,0.9903938516842762,0.03554649571209917,certain_temperate,591.3019714355469,698.7497605085373,POINT (539070.7550669911 8669141.116183579),dronbreen
dronbreen-20220329-DAT_0235_A1_1,3970.0,3721,109.01103973388672,539066.7563879007,8669142.772538401,699.6681722005209,2022-03-29 10:20:35.333333248+00:00,0,2022-05-04,100 MHz,20220329,107.96886909008026,108.6983871459961,109.42790985107422,0.8105443407617375,0.695313745880127,10,2.1963430318475328,1.1290232340494792,2.565555959588216,2.599153382336186,106.22884950170541,111.8974474953649,108.17730325460434,105.15500831604004,3.8564378878789314,2.2404271495878696,10.0,10.0,0.2664478332813476,0.11290180683135988,2.259038529652944,3.8672799806730085,108.4666840864611,104.86562748418328,0.9904397697118515,0.0353765810994291,certain_temperate,590.6571324666342,698.6260015567144,POINT (539066.7563879007 8669142.772538401),dronbreen
dronbreen-20220329-DAT_0235_A1_1,3975.0,3726,109.53213500976562,539061.6830814376,8669144.874059888,699.4831848144531,2022-03-29 10:20:36.750000128+00:00,0,2022-05-04,100 MHz,20220329,108.38574731349945,109.219482421875,110.05321502685547,0.8594654904979462,0.8498096878051757,10,2.2066887954396766,1.1290232340494792,2.6203712348501473,2.6235185976660107,106.74073900979246,112.531958438938,108.69839853048325,105.67610359191895,3.861879049583078,2.3176832505762577,10.0,10.0,0.2666189826326329,0.11290180683135988,2.3356986427806934,3.8727176883287715,108.98793695606065,105.38656516634154,0.9895337774967687,0.035257954656309425,certain_temperate,589.9510498046875,698.336797118187,POINT (539061.6830814376 8669144.874059888),dronbreen
dronbreen-20220329-DAT_0235_A1_1,3980.0,3730,110.05321502685547,539056.8499268182,8669146.64140165,699.3009643554688,2022-03-29 10:20:38+00:00,0,2022-05-04,100 MHz,20220329,108.9068273305893,109.6363525390625,110.57429504394531,0.8614308493418561,0.9270661422729491,10,2.2170349692999696,1.0161043802897136,2.609054196235047,2.586459989046939,107.19755936071735,113.01308822229046,109.21947854757309,106.19718360900879,3.861879049583078,2.3176832505762577,10.0,10.0,0.2666189826326329,0.0,2.3329683521003424,3.871071618493871,109.48609753020573,105.93056462637615,0.9895833329722677,0.03509101527511661,certain_temperate,589.2477493286133,698.1545766592026,POINT (539056.8499268182 8669146.64140165),dronbreen
dronbreen-20220329-DAT_0235_A1_1,3985.0,3733,110.47007751464844,539052.73349194,8669148.196916517,699.1287231445312,2022-03-29 10:20:39+00:00,0,2022-05-04,100 MHz,20220329,109.32368981838226,110.05321502685547,110.88694763183594,0.8582728910233348,0.9270774536132812,10,2.225312384910706,0.9032103220621746,2.574349762816762,2.5503796681635826,107.6515897237916,113.2885729348998,109.63634103536606,106.61404609680176,3.8618790495830786,2.3176832505762577,10.0,10.0,0.2666189826326329,0.0,2.3329683521003424,3.8710716184938714,109.9029600179987,106.34742711416912,0.9896226406094976,0.03495859816945444,certain_temperate,588.6586456298828,697.9823354482651,POINT (539052.73349194 8669148.196916517),dronbreen
dronbreen-20220329-DAT_0235_A1_1,3990.0,3737,110.88694763183594,539047.6404311192,8669149.75074996,698.9475708007812,2022-03-29 10:20:40.142856960+00:00,0,2022-05-04,100 MHz,20220329,109.74055993556976,110.47007751464844,111.19960021972656,0.7867448506626151,0.9270774536132812,10,2.2335903971055684,0.9032268524169923,2.581514558155232,2.5345043438537362,108.06077371293117,113.60890402144383,110.05321115255356,107.03091621398926,3.8618790495830786,2.3176832505762577,10.0,10.0,0.2666189826326329,0.0,2.3329683521003424,3.8710716184938714,110.3198301351862,106.76429723135662,0.9896616534159424,0.03482717427126944,certain_temperate,588.0606231689453,697.8011831045151,POINT (539047.6404311192 8669149.75074996),dronbreen
dronbreen-20220329-DAT_0235_A1_1,3995.0,3741,111.30382537841797,539042.6201839386,8669151.253531307,698.777587890625,2022-03-29 10:20:41.249999872+00:00,0,2022-05-04,100 MHz,20220329,110.1574376821518,111.09538269042969,112.24177551269531,0.7648511840185301,0.7725758560180663,9,2.2418690009783675,0.7903245290120443,2.4994925348974144,2.4971156986412146,108.71828583108511,114.61887237203989,110.47008889913559,107.44779396057129,3.8743741253411006,2.3176832505762577,10.0,10.0,0.2666189826326329,0.0,2.3329683521003424,3.8835371177591025,110.73670788176823,107.18117497793865,0.9897003746962999,0.03480899342110437,certain_temperate,587.473762512207,697.6312001943588,POINT (539042.6201839386 8669151.253531307),dronbreen
dronbreen-20220329-DAT_0235_A1_1,4000.0,3745,111.6164779663086,539037.4747824771,8669152.531184554,698.6591186523438,2022-03-29 10:20:42.333333248+00:00,0,2022-05-04,100 MHz,20220329,110.47009027004242,111.51225280761719,112.65865325927734,0.7606248289250628,0.7725702003479004,8,2.2480781261872065,0.9032103220621746,2.5429331217683715,2.5393294937243414,109.08951795887269,115.08138810802184,110.78274148702621,107.76044654846191,3.8743741253411006,2.3176832505762577,10.0,10.0,0.2666189826326329,0.0,2.3329683521003424,3.8835371177591025,111.04936046965885,107.49382756582928,0.989729225315529,0.03471148880464208,certain_temperate,587.0426406860352,697.5127309560776,POINT (539037.4747824771 8669152.531184554),dronbreen
dronbreen-20220329-DAT_0235_A1_1,4005.0,3748,112.13755798339844,539032.8902251435,8669153.452926492,698.6146647135416,2022-03-29 10:20:43.333333248+00:00,0,2022-05-04,100 MHz,20220329,110.99117028713226,111.6164779663086,112.97130584716797,0.787806577892893,1.0043282524108885,8,2.258427055317931,1.0161126454671223,2.6723871184880617,2.59877218636831,109.13999302339651,115.44779079008005,111.30382150411606,108.28152656555176,3.8743741253411006,2.3176832505762577,10.0,10.0,0.2666189826326329,0.0,2.3329683521003424,3.8835371177591025,111.5704404867487,108.01490758291912,0.989776951479219,0.0345501917021832,certain_temperate,586.4771067301432,697.4682770172755,POINT (539032.8902251435 8669153.452926492),dronbreen
dronbreen-20220329-DAT_0235_A1_1,4010.0,3751,112.55442810058594,539028.528759064,8669154.629253233,698.5792439778646,2022-03-29 10:20:44.333333248+00:00,0,2022-05-04,100 MHz,20220329,111.40804040431976,111.82490539550781,113.38815307617188,0.8336185298773096,1.1588185386657714,8,2.266706799305986,1.0161043802897136,2.7410378018588877,2.6201808485329283,109.3408708092623,115.87218766241739,111.72069162130356,108.69839668273926,3.8771142595704857,2.2404271440647543,10.0,10.0,0.2666189826326329,0.0,2.2562356857744743,3.8862707913454586,111.9873106039362,108.43177770010662,0.9898148147912786,0.034446572427214016,certain_temperate,586.0248158772787,697.4328562815984,POINT (539028.528759064 8669154.629253233),dronbreen
dronbreen-20220329-DAT_0235_A1_1,4015.0,3755,113.07550048828125,539023.0144425154,8669156.268453566,698.51611328125,2022-03-29 10:20:45.666666752+00:00,0,2022-05-04,100 MHz,20220329,111.92911279201508,112.45021057128906,113.8050308227539,0.8878141772467658,1.0043282524108885,8,2.27705676790679,0.9032020568847656,2.6475340825798064,2.6055662519213247,110.0005653970177,116.25467599702527,112.24176400899887,109.21946907043457,3.8900876951035137,2.2404271440647543,10.0,10.0,0.2666189826326329,0.0,2.2562356857744743,3.899213761451894,112.5083829916315,108.95285008780193,0.9898617499695702,0.03440256888809145,certain_temperate,585.4406127929688,697.3697255849838,POINT (539023.0144425154 8669156.268453566),dronbreen
dronbreen-20220329-DAT_0235_A1_1,4020.0,3758,113.38815307617188,539018.8485831295,8669157.543512002,698.4543151855469,2022-03-29 10:20:46.666666752+00:00,0,2022-05-04,100 MHz,20220329,112.2417653799057,112.76284790039062,114.11768341064453,0.8998593034633162,1.0043395637512207,8,2.2832672430554757,0.7903245290120443,2.616604693813006,2.5783073770203866,110.34666865116918,116.53386265986597,112.5544165968895,109.5321216583252,3.903296394111092,2.2404271440647543,10.0,10.0,0.2666189826326329,0.11290180683135988,2.259058717197939,3.914020342329163,112.8439550224669,109.24258323274779,0.9898897048310148,0.03442419942662737,certain_temperate,585.066162109375,697.3079274892807,POINT (539018.8485831295 8669157.543512002),dronbreen
dronbreen-20220329-DAT_0235_A1_1,4025.0,3762,113.8050308227539,539014.4630817416,8669158.99831019,698.3624877929688,2022-03-29 10:20:47.750000128+00:00,0,2022-05-04,100 MHz,20220329,112.55442607402802,113.17972564697266,114.53455352783203,0.9502772891837922,1.0043339080810547,8,2.2915483883669547,1.0161291758219402,2.7004442443985264,2.6808094756103538,110.67299221116745,117.04128696363723,112.97129434347153,109.94899940490723,3.9237564958530395,2.3176832450531424,10.0,10.0,0.2668063059506171,0.11290180683135988,2.335720027589108,3.934437375487088,113.26100527333232,109.65928847504644,0.9890109888843697,0.03447788263388909,certain_temperate,584.5574569702148,697.1118830442429,POINT (539014.4630817416 8669158.99831019),dronbreen
dronbreen-20220329-DAT_0235_A1_1,4030.0,3767,114.32611846923828,539008.8886040666,8669160.837412067,698.2219696044922,2022-03-29 10:20:49.249999872+00:00,0,2022-05-04,100 MHz,20220329,113.07551372051239,113.90924835205078,115.05562591552734,0.9427999214047942,0.8498040321350098,8,2.301900203244468,1.0161126454671223,2.6558231016029734,2.68702458972299,111.39305490678964,117.57181936078848,113.4923819899559,110.4700870513916,3.94903358792946,2.39493934604153,10.0,10.0,0.2668063059506171,0.0,2.409755190079035,3.958036367125754,113.75918829590653,110.20328074544099,0.9890610757587962,0.03454183209230554,certain_temperate,583.8958511352539,696.9713648557663,POINT (539008.8886040666 8669160.837412067),dronbreen
dronbreen-20220329-DAT_0235_A1_1,4035.0,3771,114.74298095703125,539005.050320208,8669162.0754707,698.1291097005209,2022-03-29 10:20:50.333333248+00:00,0,2022-05-04,100 MHz,20220329,113.49237620830536,114.43032836914062,115.57672119140625,1.0714424282209791,0.8498209991455078,8,2.310181956375353,0.9032020568847656,2.6220050262560126,2.7019814033622054,111.9498617543435,118.05718780620337,113.90924447774887,110.88694953918457,3.9633551730944903,2.39493934604153,10.0,10.0,0.2668063059506171,0.0,2.409755190079035,3.9723254943407986,114.1760507836995,110.62014323323396,0.9891008169885859,0.03454115572070313,certain_temperate,583.3861287434896,696.878504951795,POINT (539005.050320208 8669162.0754707),dronbreen
dronbreen-20220329-DAT_0235_A1_1,4040.0,3775,115.15984344482422,539000.2230117129,8669163.424494207,698.0376790364584,2022-03-29 10:20:51.666666752+00:00,0,2022-05-04,100 MHz,20220329,113.90923869609833,115.05562591552734,116.0978012084961,1.3631030338972383,0.7725645446777343,8,2.3184641073121166,1.2419255574544272,2.7412608199232293,2.96238160745251,112.42548240097285,118.72794472305058,114.32610696554184,111.30381202697754,3.9778983726709596,2.39493934604153,10.0,10.0,0.2668063059506171,0.0,2.409755190079035,3.9868359720702435,114.59291327149246,111.03700572102693,0.9891402705030153,0.034542408652864,certain_temperate,582.8778355916342,696.7870742877325,POINT (539000.2230117129 8669163.424494207),dronbreen
dronbreen-20220329-DAT_0235_A1_1,4045.0,3780,115.88937377929688,538995.063115845,8669164.76391417,697.958740234375,2022-03-29 10:20:53+00:00,0,2022-05-04,100 MHz,20220329,114.63876903057098,115.57672119140625,116.618896484375,1.7808075011941764,0.7725645446777343,8,2.3329592328163455,1.241933822631836,2.7535348876440753,3.186906612702889,112.93378751804629,119.26183015773496,115.0556373000145,112.0333423614502,4.032720013111302,2.39493934604153,10.0,10.0,0.2668063059506171,0.0,2.409755190079035,4.041536379774829,115.32244360596512,111.76653605549959,0.9892086331305269,0.034798013671135476,certain_temperate,582.0693664550781,696.7081354856491,POINT (538995.063115845 8669164.76391417),dronbreen
dronbreen-20220329-DAT_0235_A1_1,4050.0,3784,116.30624389648438,538989.5834281245,8669166.094108079,697.8790690104166,2022-03-29 10:20:54.333333248+00:00,0,2022-05-04,100 MHz,20220329,115.05563914775848,115.99359130859375,117.13997650146484,1.8787474978718537,0.8498153434753417,8,2.34124260761746,0.7903162638346355,2.613083018698613,3.10414382807316,113.52255574741602,119.61101206264257,115.57672446966171,112.4502124786377,4.070977461059742,2.39493934604153,10.0,10.0,0.2668063059506171,0.0,2.409755190079035,4.0797111531763415,115.84353077561234,112.18340617268709,0.9892473120373575,0.035002226232007105,certain_temperate,581.5728251139323,696.6284642616907,POINT (538989.5834281245 8669166.094108079),dronbreen
dronbreen-20220329-DAT_0235_A1_1,4055.0,3788,116.618896484375,538984.6867099938,8669167.441182656,697.7947998046875,2022-03-29 10:20:55.571428608+00:00,0,2022-05-04,100 MHz,20220329,115.36829173564911,116.41045379638672,117.55684661865234,1.840789449253213,0.8498209991455078,8,2.347455389755756,0.9032103220621746,2.6549070460868633,3.1168640472845386,113.89523299240687,120.07206742263219,115.88937705755234,112.76286506652832,4.086466543365617,2.39493934604153,10.0,10.0,0.2668063059506171,0.0,2.409755190079035,4.095167202318063,116.15618336350296,112.49605876057771,0.9892761397472711,0.03504120401201992,certain_temperate,581.1759033203125,696.5441950559616,POINT (538984.6867099938 8669167.441182656),dronbreen
dronbreen-20220329-DAT_0235_A1_1,4060.0,3792,117.13997650146484,538980.1043195891,8669168.797357047,697.7042236328125,2022-03-29 10:20:56.714285568+00:00,0,2022-05-04,100 MHz,20220329,115.88937175273895,116.82732391357422,117.97370910644531,1.7668677127983665,0.8498153434753417,8,2.357810348163205,1.1290232340494792,2.7488450700130684,3.1552788490810713,114.21313893524368,120.58789408477585,116.41045707464218,113.17972803115845,4.118955207313243,2.39493934604153,10.0,10.0,0.2668063059506171,0.0,2.409755190079035,4.12758738305416,116.6772633805928,112.91292172520784,0.9893238432678851,0.035162677425172054,certain_temperate,580.5642471313477,696.4536188840866,POINT (538980.1043195891 8669168.797357047),dronbreen
dronbreen-20220329-DAT_0235_A1_1,4065.0,3796,117.66107177734375,538975.9659276507,8669170.026818667,697.6011047363281,2022-03-29 10:20:57.750000128+00:00,0,2022-05-04,100 MHz,20220329,116.41046702861786,117.24420166015625,118.49479675292969,1.729534314969706,0.9270661422729491,8,2.3681661944883206,1.2419172922770183,2.8301981057379755,3.184628492027242,114.57014674569133,121.1688516673946,116.93155235052109,113.70082330703735,4.135023417009424,2.39493934604153,10.0,10.0,0.2668063059506171,0.11290167768796286,2.412398570911864,4.145159955048304,117.22126323005406,113.41111242750438,0.9893711256421964,0.03514351309695994,certain_temperate,579.9400329589844,696.3504999876022,POINT (538975.9659276507 8669170.026818667),dronbreen
dronbreen-20220329-DAT_0235_A1_1,4070.0,3800,118.28636169433594,538970.8574414395,8669171.693462154,697.427734375,2022-03-29 10:20:59+00:00,0,2022-05-04,100 MHz,20220329,116.93154001235962,117.66107177734375,118.91166687011719,1.6538669096580967,1.081567739868164,8,2.380593485909198,1.2419090270996094,2.894711065489669,3.1535439003772927,114.97600876565393,121.59672988180701,117.55684226751328,114.32611322402954,4.16127937335273,2.472195358660072,10.0,10.0,0.26700976895233863,0.11290167768796286,2.489134567861115,4.171365127704793,117.8467405350844,114.03621495645842,0.9885462561991947,0.03517970553617924,certain_temperate,579.1413726806641,696.0729126930237,POINT (538970.8574414395 8669171.693462154),dronbreen
dronbreen-20220329-DAT_0235_A1_1,4075.0,3804,118.80744934082031,538965.4292308016,8669173.459434459,697.206298828125,2022-03-29 10:21:00.333333248+00:00,0,2022-05-04,100 MHz,20220329,117.452627658844,117.97370910644531,119.43275451660156,1.60820782329724,1.081596018218994,8,2.3909504402117236,1.2419255574544272,2.903252149647755,3.1377309477903887,115.27945167668713,122.12701194635974,118.07792991399765,114.84720087051392,4.1779360073655365,2.472195358660072,10.0,10.0,0.26700976895233863,0.0,2.486572763483181,4.186459542185671,118.34493968294998,114.58019110156158,0.9885964921434365,0.03516560645435947,certain_temperate,578.3988494873047,695.8514771461487,POINT (538965.4292308016 8669173.459434459),dronbreen
dronbreen-20220329-DAT_0235_A1_1,4080.0,3808,119.43275451660156,538960.813203505,8669175.031800004,697.0288391113281,2022-03-29 10:21:01.500000+00:00,0,2022-05-04,100 MHz,20220329,118.07793283462524,118.28636169433594,119.84962463378906,1.5497393162519422,1.0043339080810547,8,2.403379524870994,1.2419255574544272,2.885705949979828,3.1177402359986073,115.58106832192185,122.55491800620315,118.7032350897789,115.47250604629517,4.194785274359246,2.472195358660072,10.0,10.0,0.26700976895233863,0.0,2.486572763483181,4.203274641835477,118.97024485873123,115.20549627734283,0.9886561966400265,0.03512256994605409,certain_temperate,577.5960845947266,695.6740174293518,POINT (538960.813203505 8669175.031800004),dronbreen
dronbreen-20220329-DAT_0235_A1_1,4085.0,3812,119.95384216308594,538956.7709304736,8669176.496705493,696.9146641322544,2022-03-29 10:21:02.571428608+00:00,0,2022-05-04,100 MHz,20220329,118.59902048110962,118.70323944091797,120.26648712158203,1.516334776867735,1.0815847068786621,8,2.4137377032052623,1.3548196156819663,2.971782523850803,3.156095221385085,115.93526800123308,123.03445856126692,119.22432273626328,115.99359369277954,4.22905307700083,2.472195358660072,10.0,10.0,0.26700976895233863,0.0,2.486572763483181,4.237473792816443,119.49133250521561,115.7265839238272,0.9887054748931314,0.03525567002056613,certain_temperate,576.9608219691685,695.5598424502781,POINT (538956.7709304736 8669176.496705493),dronbreen
dronbreen-20220329-DAT_0235_A1_1,4090.0,3817,120.68335723876953,538951.6186612583,8669178.208672496,696.80126953125,2022-03-29 10:21:04+00:00,0,2022-05-04,100 MHz,20220329,119.32853555679321,119.22431945800781,120.89179229736328,1.4906019522696454,1.1588411613464356,8,2.428239915199523,1.1290149688720703,2.917865096767865,3.0647867896177488,116.54644270847183,123.56966904689926,119.95383781194687,116.72310876846313,4.264064412437728,2.472195358660072,10.0,10.0,0.26700976895233863,0.0,2.486572763483181,4.272416123241495,120.2208475808992,116.4560989995108,0.9887737488169489,0.035332663177420266,certain_temperate,576.1179122924805,695.4464478492737,POINT (538951.6186612583 8669178.208672496),dronbreen
dronbreen-20220329-DAT_0235_A1_1,4095.0,3821,120.99600982666016,538947.0607369412,8669179.100458864,696.7712097167969,2022-03-29 10:21:05.249999872+00:00,0,2022-05-04,100 MHz,20220329,119.64118814468384,119.64118957519531,121.41287231445312,1.5192122006751376,1.3133597259521483,8,2.43445553617011,0.9032103220621746,2.909858486803449,3.008383013206455,117.04458358978495,124.00947829986349,120.2664903998375,117.03576135635376,4.264064412437728,2.472195358660072,10.0,10.0,0.26700976895233863,0.0,2.486572763483181,4.272416123241495,120.53350016878983,116.76875158740143,0.9888027573478064,0.03524136389742488,certain_temperate,575.7751998901367,695.4163880348206,POINT (538947.0607369412 8669179.100458864),dronbreen
dronbreen-20220329-DAT_0235_A1_1,4100.0,3826,121.51708984375,538941.6040580281,8669180.524549587,696.6975911458334,2022-03-29 10:21:06.666666752+00:00,0,2022-05-04,100 MHz,20220329,120.16226816177368,120.26648712158203,121.93396759033203,1.4637507548921627,1.3906105247497558,8,2.444815176989378,0.7903079986572266,2.9215587644139536,2.9570719055894754,117.69710821173257,124.5033465001815,120.78757041692734,117.5568413734436,4.246466863298042,2.472195358660072,10.0,10.0,0.26700976895233863,0.0,2.486572763483181,4.25485311589064,121.05458018587967,117.28983160449127,0.988850772482139,0.034945429229405224,certain_temperate,575.1805013020834,695.342769463857,POINT (538941.6040580281 8669180.524549587),dronbreen
dronbreen-20220329-DAT_0235_A1_1,4105.0,3829,121.72552490234375,538937.8273564574,8669181.407915441,696.6341145833334,2022-03-29 10:21:07.666666752+00:00,0,2022-05-04,100 MHz,20220329,120.37070322036743,120.57913970947266,122.24662017822266,1.4462236555652663,1.3906048690795898,8,2.4489592412084864,0.45161755879720056,2.852216977444432,2.879743503583427,118.0888867535434,124.7368731341519,120.99600547552109,117.76527643203735,4.246466863298042,2.472195358660072,10.0,10.0,0.26700976895233863,0.0,2.486572763483181,4.25485311589064,121.26301524447342,117.49826666308502,0.9888698637113026,0.034885590895622244,certain_temperate,574.9085896809896,695.279292901357,POINT (538937.8273564574 8669181.407915441),dronbreen
dronbreen-20220329-DAT_0235_A1_1,4110.0,3833,121.93396759033203,538932.2718106931,8669182.488041263,696.53173828125,2022-03-29 10:21:09+00:00,0,2022-05-04,100 MHz,20220329,120.57914590835571,120.99600982666016,122.66348266601562,1.4100976986868718,1.4678726348876951,8,2.4531035406048516,0.3387152353922527,2.8787315025661964,2.849705337654562,118.51963243385129,125.1398600588245,121.20444816350937,117.97371912002563,4.246466863298043,2.472195358660072,10.0,10.0,0.26700976895233863,0.0,2.486572763483181,4.254853115890641,121.4714579324617,117.7067093510733,0.9888888903662334,0.03482595495920481,certain_temperate,574.597770690918,695.1769165992737,POINT (538932.2718106931 8669182.488041263),dronbreen
dronbreen-20220329-DAT_0235_A1_1,4115.0,3836,122.0381851196289,538927.9660401528,8669183.294123018,696.4508666992188,2022-03-29 10:21:10+00:00,0,2022-05-04,100 MHz,20220329,120.68336343765259,121.30866241455078,123.0803451538086,1.4147644670046926,1.3133484146118164,8,2.45517564563457,0.4516092936197917,2.8207662900645043,2.8693896392961284,118.81229737613975,125.57671019221962,121.30866569280624,118.07793664932251,4.246466863298042,2.472195358660072,10.0,10.0,0.26700976895233863,0.11290193597475688,2.4891345795764503,4.2563507709011885,121.59856406096796,117.7880382811608,0.9888983789733661,0.034796214472834125,certain_temperate,574.4126815795898,695.0960450172424,POINT (538927.9660401528 8669183.294123018),dronbreen
dronbreen-20220329-DAT_0235_A1_1,4120.0,3841,122.35083770751953,538921.8103146559,8669184.543041512,696.3823038736979,2022-03-29 10:21:11.333333248+00:00,0,2022-05-04,100 MHz,20220329,120.8917988538742,121.82974243164062,123.60143280029297,1.3959980152680447,1.3133540702819824,8,2.4613920847952513,0.6774056752522787,2.870928135269666,2.9096631940121576,119.27683635347074,126.15433887846285,121.62131828069687,118.39058923721313,4.222813366751974,2.549451548018306,10.0,10.0,0.26722933549776806,0.11290193597475688,2.565903653801203,4.232766364366992,121.91141889237741,118.10048862553259,0.9880749582023037,0.034513971836029736,certain_temperate,574.0314661661783,694.9232650200526,POINT (538921.8103146559 8669184.543041512),dronbreen
dronbreen-20220329-DAT_0235_A1_1,4125.0,3844,122.66348266601562,538917.21495235,8669185.40283129,696.3351847330729,2022-03-29 10:21:12.333333248+00:00,0,2022-05-04,100 MHz,20220329,121.2044438123703,122.0381851196289,124.018310546875,1.3724576808273357,1.4678669792175292,8,2.4676085572680213,0.6774056752522787,2.9500176117175227,2.9037235623296356,119.47928487914153,126.57721078736238,121.93396323919296,118.70323419570923,4.230764878829327,2.549451548018306,10.0,10.0,0.26722933549776806,0.0,2.563418559939737,4.2391960296365525,122.20119257469074,118.43600486021145,0.9881053527754633,0.03449082633947973,certain_temperate,573.6717020670573,694.8761458794276,POINT (538917.21495235 8669185.40283129),dronbreen
dronbreen-20220329-DAT_0235_A1_1,4130.0,3847,122.97613525390625,538912.9467535171,8669186.349613553,696.29638671875,2022-03-29 10:21:13.249999872+00:00,0,2022-05-04,100 MHz,20220329,121.51709640026093,122.35083770751953,124.33096313476562,1.4015422930181598,1.4678669792175292,8,2.473825365056074,0.9032103220621746,3.0150015408539463,2.983273641789012,119.71728481785233,126.96451602443283,122.24661582708359,119.01588678359985,4.230764878829327,2.549451548018306,10.0,10.0,0.26722933549776806,0.0,2.563418559939737,4.2391960296365525,122.51384516258136,118.74865744810208,0.9881355935390808,0.03440313740624679,certain_temperate,573.3202514648438,694.8373478651047,POINT (538912.9467535171 8669186.349613553),dronbreen
dronbreen-20220329-DAT_0235_A1_1,4135.0,3851,123.4972152709961,538907.9825658944,8669187.679504378,696.2449137369791,2022-03-29 10:21:14.333333248+00:00,0,2022-05-04,100 MHz,20220329,122.03817641735077,123.28878021240234,124.74781036376953,1.3118282162515256,1.0815903625488281,9,2.484186963953458,1.0161126454671223,2.893701348189374,2.9874007178663113,120.60481490335782,127.43177567281406,122.76769584417343,119.5369668006897,4.213543813154125,2.549451548018306,10.0,10.0,0.26722933549776806,0.0,2.563418559939737,4.2220093537461505,123.0349251796712,119.26973746519192,0.9881856538186413,0.0341185329880365,certain_temperate,572.747698465983,694.7858748833338,POINT (538907.9825658944 8669187.679504378),dronbreen
dronbreen-20220329-DAT_0235_A1_1,4140.0,3854,123.9140853881836,538903.4404538717,8669188.913043058,696.1921590169271,2022-03-29 10:21:15.333333248+00:00,0,2022-05-04,100 MHz,20220329,122.45504653453827,123.4972152709961,125.06047058105469,1.3079103415593527,1.390627491760254,9,2.492476724672875,1.0161209106445312,3.0296512586310174,2.9925860705488483,120.80557229168306,127.75211356036772,123.18456596136093,119.9538369178772,4.213543813154125,2.549451548018306,10.0,10.0,0.26722933549776806,0.0,2.563418559939737,4.2220093537461505,123.4517952968587,119.68660758237942,0.9882253994848559,0.03400375187335989,certain_temperate,572.2780736287435,694.7331201632818,POINT (538903.4404538717 8669188.913043058),dronbreen
dronbreen-20220329-DAT_0235_A1_1,4145.0,3858,124.43517303466797,538898.0814552959,8669190.061001457,696.1311340332031,2022-03-29 10:21:16.500000+00:00,0,2022-05-04,100 MHz,20220329,122.97613418102264,123.9140853881836,125.58155822753906,1.3149330618099562,1.5451177780151366,9,2.502839370648285,1.0161126454671223,3.1119252515900397,3.004286734082851,121.21284681605685,128.2827967996658,123.7056536078453,120.47492456436157,4.1965110544807205,2.549451548018306,10.0,10.0,0.26722933549776806,0.0,2.563418559939737,4.205010885613671,123.97288294334308,120.2076952288638,0.9882747070778868,0.03372447638507772,certain_temperate,571.6959609985352,694.6720951795578,POINT (538898.0814552959 8669190.061001457),dronbreen
dronbreen-20220329-DAT_0235_A1_1,4150.0,3862,124.85203552246094,538892.831952474,8669190.964028513,696.064697265625,2022-03-29 10:21:17.666666752+00:00,0,2022-05-04,100 MHz,20220329,123.39299666881561,124.22673797607422,125.99842834472656,1.366794096011267,1.3906161804199217,9,2.511129687937431,0.9032103220621746,3.0092149402736403,2.9982807234166136,121.5581126379047,128.6670536828961,124.12251609563828,120.89178705215454,4.179668744567596,2.549451548018306,10.0,10.0,0.26722933549776806,0.0,2.563418559939737,4.188202756799848,124.38974543113605,120.62455771665677,0.9883138560974215,0.03347697718404977,certain_temperate,571.2126617431641,694.6056584119797,POINT (538892.831952474 8669190.964028513),dronbreen
dronbreen-20220329-DAT_0235_A1_1,4155.0,3865,125.26890563964844,538888.5052635383,8669191.83166551,695.97314453125,2022-03-29 10:21:18.666666752+00:00,0,2022-05-04,100 MHz,20220329,123.80986678600311,124.64360809326172,126.31108093261719,1.3635900925144793,1.2361145828247069,9,2.5194204667069884,1.0161126454671223,2.9846178412339746,3.0396286511256436,121.92699910477253,129.02768992110637,124.53938621282578,121.30865716934204,4.179668744567596,2.549451548018306,10.0,10.0,0.26722933549776806,0.0,2.563418559939737,4.188202756799848,124.80661554832355,121.04142783384427,0.9883527452707025,0.03336557243176477,certain_temperate,570.7042388916016,694.5141056776047,POINT (538888.5052635383 8669191.83166551),dronbreen
dronbreen-20220329-DAT_0235_A1_1,4160.0,3869,125.78998565673828,538883.3652873253,8669192.93283734,695.8597063337054,2022-03-29 10:21:19.857143040+00:00,0,2022-05-04,100 MHz,20220329,124.33094680309296,125.16468811035156,126.83216094970703,1.3045643348201819,1.236103271484375,9,2.529784219377014,1.1290232340494792,3.033554508725183,3.0620891174682257,122.39439901720036,129.60245004285824,125.06046622991562,121.82973718643188,4.146564428107777,2.549451548018306,10.0,10.0,0.26722933549776806,0.0,2.563418559939737,4.155166431588434,125.32769556541339,121.56250785093411,0.9884009935605937,0.03296418555466824,certain_temperate,570.0697206769671,694.4006674800601,POINT (538883.3652873253 8669192.93283734),dronbreen
dronbreen-20220329-DAT_0235_A1_1,4165.0,3873,126.31108093261719,538878.4194909644,8669193.959866151,695.7569580078125,2022-03-29 10:21:21+00:00,0,2022-05-04,100 MHz,20220329,124.85204207897186,125.68577575683594,127.2490234375,1.2198287407047343,1.081567739868164,9,2.5401487489016206,1.0161291758219402,2.941880851500715,2.9954726380243137,122.94992594946291,129.98487324487303,125.58156150579453,122.35083246231079,4.13030737801938,2.549451548018306,10.0,10.0,0.26722933549776806,0.0,2.563418559939737,4.13894316881398,125.8487908412923,122.08360312681302,0.988448845161703,0.03269948564704916,certain_temperate,569.4458770751953,694.2979191541672,POINT (538878.4194909644 8669193.959866151),dronbreen
dronbreen-20220329-DAT_0235_A1_1,4170.0,3877,126.72795104980469,538874.1276236393,8669194.952608002,695.6868286132812,2022-03-29 10:21:22+00:00,0,2022-05-04,100 MHz,20220329,125.26891219615936,126.31108093261719,127.56167602539062,1.1457286895693712,0.9270548309326171,9,2.5484405880680594,0.9032020568847656,2.8582781610663877,2.936497508355132,123.60731996195548,130.26543699605233,125.99843162298203,122.76770257949829,4.114250081888652,2.549451548018306,10.0,10.0,0.26722933549776806,0.0,2.563418559939737,4.12291950613535,126.2656609584798,122.50047324400052,0.9884868425508441,0.03246521424679021,certain_temperate,568.9588775634766,694.2277897596359,POINT (538874.1276236393 8669194.952608002),dronbreen
dronbreen-20220329-DAT_0235_A1_1,4175.0,3881,127.14480590820312,538868.3667695308,8669196.27518023,695.6512044270834,2022-03-29 10:21:23.333333248+00:00,0,2022-05-04,100 MHz,20220329,125.6857670545578,126.31108093261719,127.56167602539062,1.1546460925787059,0.7725532333374023,9,2.556732420057652,0.5644950866699219,2.729903637308177,2.8615979748657243,123.69277320229817,130.17998375570966,126.41528648138046,123.18455743789673,4.098394743435608,2.549451548018306,10.0,10.0,0.26722933549776806,0.0,2.563418559939737,4.107097635894623,126.68251581687824,122.91732810239895,0.9885245893984947,0.03223407133433823,certain_temperate,568.5063985188802,694.192165573438,POINT (538868.3667695308 8669196.27518023),dronbreen
dronbreen-20220329-DAT_0235_A1_1,4180.0,3884,127.2490234375,538864.1278715931,8669197.207452672,695.6438802083334,2022-03-29 10:21:24.333333248+00:00,0,2022-05-04,100 MHz,20220329,125.78998458385468,126.20686340332031,127.66590118408203,1.3854322268099226,1.3906161804199217,10,2.5588054999000938,0.2258129119873047,2.9210084592114494,2.918544074127142,123.63811330696232,130.23465128044,126.51950401067734,123.2887749671936,4.082743865147925,2.549451548018306,10.0,10.0,0.26722933549776806,0.0,2.563418559939737,4.091480048363134,126.78673334617511,123.02154563169583,0.9885339878120012,0.032084677389710714,certain_temperate,568.3948567708334,694.184841354688,POINT (538864.1278715931 8669197.207452672),dronbreen
dronbreen-20220329-DAT_0235_A1_1,4185.0,3888,127.3532485961914,538859.4281001715,8669198.250512604,695.6221008300781,2022-03-29 10:21:25.500000+00:00,0,2022-05-04,100 MHz,20220329,125.89420974254608,126.51951599121094,127.87432861328125,1.2296331803762313,1.3133484146118164,10,2.560878749804709,0.11291058858235677,2.8802313848680137,2.8430347395868223,123.9561493041731,130.4376953003191,126.62372916936874,123.39300012588501,4.067299947672734,2.549451548018306,10.0,10.0,0.26722933549776806,0.0,2.563418559939737,4.076069231758607,126.89095850486652,123.12577079038724,0.9885433715297549,0.0319371511328245,certain_temperate,568.2688522338867,694.1630619764328,POINT (538859.4281001715 8669198.250512604),dronbreen
dronbreen-20220329-DAT_0235_A1_1,4190.0,3893,127.3532485961914,538854.5669814997,8669199.506031174,695.5678558349609,2022-03-29 10:21:26.750000128+00:00,0,2022-05-04,100 MHz,20220329,125.89420974254608,126.93638610839844,128.18698120117188,1.1051686834947199,1.0815847068786621,10,2.560878749804709,0.11291058858235677,2.7822067231550474,2.7914595807915252,124.3730194213606,130.75034788820972,126.62372916936874,123.39300012588501,4.052065073170494,2.549451548018306,10.0,10.0,0.26722933549776806,0.0,2.563418559939737,4.060867256505534,126.89095850486652,123.12577079038724,0.9885433715297549,0.03181752423150731,certain_temperate,568.2146072387695,694.1088169813156,POINT (538854.5669814997 8669199.506031174),dronbreen
dronbreen-20220329-DAT_0235_A1_1,4195.0,3897,127.2490234375,538849.758077594,8669200.949153993,695.4876098632812,2022-03-29 10:21:28+00:00,0,2022-05-04,100 MHz,20220329,125.78998458385468,126.72795104980469,128.08277893066406,1.123795402614577,1.1588411613464356,10,2.5588054999000938,0.2258129119873047,2.818047177527358,2.803817605422438,124.1592009534467,130.65152902702204,126.51950401067734,123.18455791473389,4.038342032103723,2.549451548018306,10.0,10.0,0.26722933549776806,0.0,2.563418559939737,4.047174061738167,126.78673334617511,122.91732857923611,0.9885339878120012,0.03173574085688137,certain_temperate,568.2385864257812,694.0285710096359,POINT (538849.758077594 8669200.949153993),dronbreen
dronbreen-20220329-DAT_0235_A1_1,4200.0,3901,127.14480590820312,538844.0502284175,8669202.211328268,695.4170328776041,2022-03-29 10:21:29.333333248+00:00,0,2022-05-04,100 MHz,20220329,125.6857670545578,126.62373352050781,127.97855377197266,1.1395777260855093,1.0815903625488281,10,2.556732420057652,0.11290232340494792,2.778392577509989,2.8014755034078584,124.06450949701865,130.53777779546184,126.41528648138046,123.08034038543701,4.02356754629676,2.549451548018306,10.0,10.0,0.26722933549776806,0.0,2.563418559939737,4.032431935862415,126.68251581687824,122.81311104993924,0.9885245893984947,0.03164555183797066,certain_temperate,568.272226969401,693.9579940239588,POINT (538844.0502284175 8669202.211328268),dronbreen
dronbreen-20220329-DAT_0235_A1_1,4205.0,3904,127.14480590820312,538840.0396884364,8669202.995185424,695.3902740478516,2022-03-29 10:21:30.249999872+00:00,0,2022-05-04,100 MHz,20220329,125.6857670545578,126.41529083251953,127.77011108398438,1.1661660798165698,1.236108927154541,10,2.556732420057652,0.11288579305013022,2.8421099820094162,2.8123952772967673,123.8560675382276,130.32933437827631,126.41528648138046,123.08034038543701,4.0090094025513885,2.549451548018306,10.0,10.0,0.26722933549776806,0.0,2.563418559939737,4.017905910732109,126.68251581687824,122.81311104993924,0.9885245893984947,0.03153105133878485,certain_temperate,568.2454681396484,693.9312351942062,POINT (538840.0396884364 8669202.995185424),dronbreen
dronbreen-20220329-DAT_0235_A1_1,4210.0,3908,127.04060363769531,538835.2417125083,8669204.004483618,695.3787841796875,2022-03-29 10:21:31.333333248+00:00,0,2022-05-04,100 MHz,20220329,125.58156478404999,126.31108093261719,127.56167602539062,1.0707836664960853,1.236097615814209,10,2.554659662078689,0.22578811645507815,2.8469639229196257,2.7791804408888483,123.74646278119886,130.12629417680895,126.31108421087265,122.9761381149292,3.994670103845984,2.549451548018306,10.0,10.0,0.26722933549776806,0.0,2.563418559939737,4.003598475910323,126.57831354637042,122.70890877943143,0.9885151769444804,0.031444042215340126,certain_temperate,568.3381805419922,693.9197453260422,POINT (538835.2417125083 8669204.004483618),dronbreen
dronbreen-20220329-DAT_0235_A1_1,4215.0,3912,126.93638610839844,538829.1427019924,8669205.069374591,695.3692423502604,2022-03-29 10:21:32.666666752+00:00,0,2022-05-04,100 MHz,20220329,125.47734725475311,126.20686340332031,127.3532485961914,1.0213518897736005,1.1588524726867675,10,2.552586618962061,0.2258129119873047,2.812406260122564,2.758595584943262,123.6443080539621,129.9158039455496,126.20686668157578,122.87192058563232,3.9805521434160305,2.549451548018306,10.0,10.0,0.26722933549776806,0.0,2.563418559939737,3.9895121110487346,126.47409601707355,122.60469125013455,0.9885057476553699,0.031358637703903146,certain_temperate,568.4328562418619,693.910203496615,POINT (538829.1427019924 8669205.069374591),dronbreen
dronbreen-20220329-DAT_0235_A1_1,4220.0,3915,126.83216094970703,538824.4725101631,8669205.865290811,695.3543802897135,2022-03-29 10:21:33.666666752+00:00,0,2022-05-04,100 MHz,20220329,125.3731220960617,126.31108093261719,127.2490234375,0.9493972757773248,1.081579051208496,10,2.550513442518772,0.33870697021484375,2.790995248321671,2.742479976115501,123.73817572018882,129.82192864992837,126.10264152288437,122.76769542694092,3.9666577509628835,2.549451548018306,10.0,10.0,0.26722933549776806,0.0,2.563418559939737,3.975649032676866,126.36987085838214,122.50046609144314,0.9884963021782474,0.031274857427807994,certain_temperate,568.5222193400065,693.8953414360682,POINT (538824.4725101631 8669205.865290811),dronbreen
dronbreen-20220329-DAT_0235_A1_1,4225.0,3918,126.62373352050781,538820.5039374756,8669206.526357207,695.3425903320312,2022-03-29 10:21:34.500000+00:00,0,2022-05-04,100 MHz,20220329,125.16469466686249,126.20686340332031,127.04060363769531,0.9058808436895811,1.0043225967407226,10,2.5463676003807914,0.0,2.7372708734418407,2.702703842309175,123.66049580293952,129.5869712380761,125.89421409368515,122.5592679977417,3.952989159911925,2.549451548018306,10.0,10.0,0.26722933549776806,0.0,2.563418559939737,3.9620114608783967,126.16144342918292,122.29203866224393,0.9884773666588419,0.031218390502375324,certain_temperate,568.7188568115234,693.8835514783859,POINT (538820.5039374756 8669206.526357207),dronbreen
dronbreen-20220329-DAT_0235_A1_1,4230.0,3922,126.83216094970703,538814.9786441008,8669207.45275631,695.3457234700521,2022-03-29 10:21:35.666666752+00:00,0,2022-05-04,100 MHz,20220329,125.3731220960617,125.99842834472656,126.93638610839844,0.8979201898503879,1.1588355056762694,10,2.550513442518772,0.11290232340494792,2.8037056700579623,2.706312329063323,123.44541722937684,129.48939722374814,126.10264152288437,122.76769542694092,3.939548850080552,2.549451548018306,10.0,10.0,0.26722933549776806,0.0,2.563418559939737,3.9486018614088683,126.36987085838214,122.50046609144314,0.9884963021782474,0.031061119045686748,certain_temperate,568.5135625203451,693.8866846164068,POINT (538814.9786441008 8669207.45275631),dronbreen
dronbreen-20220329-DAT_0235_A1_1,4235.0,3925,126.72795104980469,538810.4363888114,8669208.25240639,695.3918050130209,2022-03-29 10:21:36.666666752+00:00,0,2022-05-04,100 MHz,20220329,125.26891219615936,125.89421081542969,126.72795104980469,0.8873076453817267,1.1588355056762694,10,2.5484405880680594,0.4516092936197917,2.8357362561092345,2.7360217913147746,123.30606468644152,129.31609717879286,125.99843162298203,122.66348552703857,3.9395488500805516,2.549451548018306,10.0,10.0,0.26722933549776806,0.0,2.563418559939737,3.948601861408868,126.2656609584798,122.3962561915408,0.9884868425508441,0.031086660972939505,certain_temperate,568.6638539632162,693.9327661593755,POINT (538810.4363888114 8669208.25240639),dronbreen
dronbreen-20220329-DAT_0235_A1_1,4240.0,3930,126.41529083251953,538804.7776885887,8669209.143991645,695.5003662109375,2022-03-29 10:21:38+00:00,0,2022-05-04,100 MHz,20220329,124.9562519788742,125.78998565673828,126.72795104980469,0.8815771585397458,1.0815847068786621,10,2.5422215289994297,0.4516092936197917,2.7994047107815203,2.7283730578956717,123.20796295029436,129.3099737562486,125.68577140569687,122.35082530975342,3.939548850080552,2.549451548018306,10.0,10.0,0.26722933549776806,0.0,2.563418559939737,3.9486018614088683,125.95300074119464,122.08359597425564,0.988458367306386,0.031163546942274866,certain_temperate,569.085075378418,694.0413273572922,POINT (538804.7776885887 8669209.143991645),dronbreen
dronbreen-20220329-DAT_0235_A1_1,4245.0,3933,126.31108093261719,538800.6447816604,8669209.955456464,695.5659790039062,2022-03-29 10:21:39+00:00,0,2022-05-04,100 MHz,20220329,124.85204207897186,125.68577575683594,126.62373352050781,0.8821922173070178,1.0043339080810547,10,2.5401487489016206,0.33870697021484375,2.752410702845771,2.7102289915237163,123.12314467175588,129.18636460558787,125.58156150579453,122.24661540985107,3.9395488500805524,2.549451548018306,10.0,10.0,0.26722933549776806,0.0,2.563418559939737,3.9486018614088687,125.8487908412923,121.9793860743533,0.988448845161703,0.03118925767235079,certain_temperate,569.2548980712891,694.1069401502609,POINT (538800.6447816604 8669209.955456464),dronbreen
dronbreen-20220329-DAT_0235_A1_1,4250.0,3937,126.1026382446289,538795.2053402938,8669210.791367257,695.6415405273438,2022-03-29 10:21:40.333333248+00:00,0,2022-05-04,100 MHz,20220329,124.64359939098358,125.58155822753906,126.51951599121094,0.8955005619025225,0.7725645446777343,10,2.53600278960854,0.5645198822021485,2.710507115282478,2.748074617376966,122.98348339291559,129.1175908258344,125.37311881780624,122.0381727218628,3.939548850080552,2.549451548018306,10.0,10.0,0.26722933549776806,0.0,2.563418559939737,3.9486018614088683,125.64034815330402,121.77094338636502,0.9884297515582909,0.03124081228529213,certain_temperate,569.5389022827148,694.1825016736984,POINT (538795.2053402938 8669210.791367257),dronbreen
dronbreen-20220329-DAT_0235_A1_1,4255.0,3941,125.78998565673828,538790.4356885283,8669211.708596632,695.687744140625,2022-03-29 10:21:41.500000+00:00,0,2022-05-04,100 MHz,20220329,124.33094680309296,125.37312316894531,126.31108093261719,0.9378918565883346,0.6953080902099609,10,2.529784219377014,0.6774139404296875,2.7096404159240146,2.781787011608214,122.75421159287073,128.92999250869178,125.06046622991562,121.72552013397217,3.939548850080552,2.549451548018306,10.0,10.0,0.26722933549776806,0.0,2.563418559939737,3.9486018614088683,125.32769556541339,121.4582907984744,0.9884009935605937,0.031318461716268745,certain_temperate,569.8977584838867,694.2287052869797,POINT (538790.4356885283 8669211.708596632),dronbreen
dronbreen-20220329-DAT_0235_A1_1,4260.0,3946,125.47733306884766,538785.1229965694,8669212.811808903,695.7335968017578,2022-03-29 10:21:42.750000128+00:00,0,2022-05-04,100 MHz,20220329,124.01829421520233,125.16468811035156,125.89421081542969,0.9754207258553989,0.6180516357421875,10,2.523565819555379,0.4516010284423828,2.637103668603497,2.7429497857136766,122.60103292009714,128.4578660056841,124.747813642025,121.41286754608154,3.939548850080552,2.549451548018306,10.0,10.0,0.26722933549776806,0.0,2.563418559939737,3.9486018614088683,125.01504297752277,121.14563821058377,0.9883720922499623,0.03139649810630719,certain_temperate,570.2562637329102,694.2745579481125,POINT (538785.1229965694 8669212.811808903),dronbreen
dronbreen-20220329-DAT_0235_A1_1,4265.0,3949,125.37312316894531,538780.9795532884,8669213.545501793,695.7495727539062,2022-03-29 10:21:43.666666752+00:00,0,2022-05-04,100 MHz,20220329,123.91408431529999,124.95625305175781,125.58155822753906,0.9061490960366775,0.8498153434753417,10,2.5214932094404325,0.225796381632487,2.670411602959111,2.688869315429931,122.42467014550873,128.11314113378813,124.64360374212265,121.3086576461792,3.926339285584873,2.549451548018306,10.0,10.0,0.26722933549776806,0.0,2.563418559939737,3.9354226841951436,124.91083307762042,121.04142831068143,0.9883624271553065,0.03131723280350904,certain_temperate,570.3764495849609,694.2905339002609,POINT (538780.9795532884 8669213.545501793),dronbreen
dronbreen-20220329-DAT_0235_A1_1,4270.0,3952,125.26890563964844,538776.3861740073,8669214.343792835,695.7571716308594,2022-03-29 10:21:44.666666752+00:00,0,2022-05-04,100 MHz,20220329,123.80986678600311,124.64360809326172,125.37312316894531,0.903481684794897,1.081579051208496,10,2.5194204667069884,0.33870697021484375,2.762610204814868,2.6978660186328756,122.10152196180705,127.91520930039998,124.53938621282578,121.20444011688232,3.926339285584872,2.549451548018306,10.0,10.0,0.26722933549776806,0.0,2.563418559939737,3.9354226841951427,124.80661554832355,120.93721078138455,0.9883527452707025,0.031343287191152404,certain_temperate,570.4882659912109,694.298132777214,POINT (538776.3861740073 8669214.343792835),dronbreen
dronbreen-20220329-DAT_0235_A1_1,4275.0,3956,125.06047058105469,538770.4972744255,8669215.228896027,695.729736328125,2022-03-29 10:21:46+00:00,0,2022-05-04,100 MHz,20220329,123.60143172740936,124.43517303466797,125.37312316894531,0.8647144548298071,1.0043169410705566,10,2.515275038794354,0.4516092936197917,2.745762552186009,2.6978307143438998,121.87967709945976,127.92861910415353,124.33095115423203,120.99600505828857,3.926339285584873,2.549451548018306,10.0,10.0,0.26722933549776806,0.0,2.563418559939737,3.9354226841951436,124.5981804897298,120.7287757227908,0.9883333330918527,0.03139552623896548,certain_temperate,570.6692657470703,694.2706974744797,POINT (538770.4972744255 8669215.228896027),dronbreen
dronbreen-20220329-DAT_0235_A1_1,4280.0,3960,124.85203552246094,538766.2109095448,8669216.036053287,695.6583862304688,2022-03-29 10:21:47+00:00,0,2022-05-04,100 MHz,20220329,123.39299666881561,124.43517303466797,125.37312316894531,0.893135854992394,0.7725532333374023,9,2.511129687937431,0.9032103220621746,2.7782008015729303,2.8141167088437165,121.76654769649845,128.04174850711485,124.12251609563828,120.78756999969482,3.9263392855848736,2.549451548018306,10.0,10.0,0.26722933549776806,0.0,2.563418559939737,3.935422684195144,124.38974543113605,120.52034066419705,0.9883138560974215,0.03144793970842809,certain_temperate,570.8063507080078,694.1993473768234,POINT (538766.2109095448 8669216.036053287),dronbreen
dronbreen-20220329-DAT_0235_A1_1,4285.0,3964,124.22673797607422,538760.8553949948,8669216.626403807,695.6190185546875,2022-03-29 10:21:48.249999872+00:00,0,2022-05-04,100 MHz,20220329,122.7676991224289,123.80986785888672,125.37312316894531,1.1651839878136696,1.236103271484375,9,2.498694253259186,1.5806159973144531,3.2046483738487157,3.1779669016045795,120.85321097953178,128.32978004830025,123.49721854925156,120.1622724533081,3.926339285584873,2.549451548018306,10.0,10.0,0.26722933549776806,0.0,2.563418559939737,3.9354226841951436,123.76444788474933,119.89504311781033,0.9882550336794135,0.031606233485266894,certain_temperate,571.3922805786133,694.1599797010422,POINT (538760.8553949948 8669216.626403807),dronbreen
dronbreen-20220329-DAT_0235_A1_1,4290.0,3968,123.39300537109375,538756.1751726683,8669217.329229446,695.6104736328125,2022-03-29 10:21:49.333333248+00:00,0,2022-05-04,100 MHz,20220329,121.93396651744843,123.28878021240234,125.37312316894531,1.5475412080197049,2.163158102416992,9,2.4821147253510074,1.467730204264323,3.604771620833472,3.272615048066788,120.40518428677163,128.25671909457603,122.66348594427109,119.32853984832764,3.926339285584873,2.549451548018306,10.0,10.0,0.26722933549776806,0.0,2.563418559939737,3.9354226841951436,122.93071527976886,119.06131051282986,0.9881756761717782,0.031819788113408444,certain_temperate,572.2174682617188,694.1514347791672,POINT (538756.1751726683 8669217.329229446),dronbreen
dronbreen-20220329-DAT_0235_A1_1,4295.0,3972,122.87191009521484,538750.4124388116,8669218.280078726,695.6531982421875,2022-03-29 10:21:50.666666752+00:00,0,2022-05-04,100 MHz,20220329,121.41287124156952,122.24662017822266,125.37312316894531,2.024050367328367,3.090246867370605,9,2.4717529237726463,1.5806242624918623,4.261169003530651,3.564367470511236,119.31269182610555,128.30705152106242,122.14239066839218,118.80744457244873,3.926339285584873,2.549451548018306,10.0,10.0,0.26722933549776806,0.0,2.563418559939737,3.9354226841951436,122.40962000388996,118.54021523695096,0.9881255296469739,0.03195473467078284,certain_temperate,572.7812881469727,694.1941593885422,POINT (538750.4124388116 8669218.280078726),dronbreen
dronbreen-20220329-DAT_0235_A1_1,4300.0,3976,121.93396759033203,538745.7282193373,8669219.122383185,695.7034301757812,2022-03-29 10:21:51.750000128+00:00,0,2022-05-04,100 MHz,20220329,120.4749287366867,121.30866241455078,125.26890563964844,2.3557288709812894,3.708287191772461,9,2.4531035406048516,1.806420644124349,4.799194351254216,3.8510168836323566,118.26220996548044,128.31535808871877,121.20444816350937,117.86950206756592,3.926339285584873,2.549451548018306,10.0,10.0,0.26722933549776806,0.0,2.563418559939737,3.9354226841951436,121.47167749900714,117.60227273206814,0.98803418864752,0.03220053741527055,certain_temperate,573.7694625854492,694.2443913221359,POINT (538745.7282193373 8669219.122383185),dronbreen
dronbreen-20220329-DAT_0235_A1_1,4305.0,3979,121.2044448852539,538741.7894846136,8669219.862072762,695.7326456705729,2022-03-29 10:21:52.666666752+00:00,0,2022-05-04,100 MHz,20220329,119.74540603160858,120.47491455078125,124.74781036376953,2.642905223201254,3.24474846496582,9,2.4385993898090397,1.8064371744791667,4.442789084597123,4.024292517715601,117.44011929420836,127.78260562034242,120.47492545843124,117.1399793624878,3.926339285584872,2.549451548018306,10.0,10.0,0.26722933549776806,0.11290193597475688,2.565903653801203,3.9370418527651636,120.76502607011179,116.84987875080725,0.9879621671051204,0.03239435063047397,certain_temperate,574.528200785319,694.2736068169276,POINT (538741.7894846136 8669219.862072762),dronbreen
dronbreen-20220329-DAT_0235_A1_1,4310.0,3983,120.26648712158203,538735.9976282525,8669220.936198981,695.7177124023438,2022-03-29 10:21:54+00:00,0,2022-05-04,100 MHz,20220329,118.91166543960571,118.70323944091797,123.0803451538086,2.8167512396052676,3.0902355560302732,8,2.419952720576636,2.032233556111654,4.4199208350564625,4.233229493215587,115.5431533034191,126.24043129130746,119.53696769475937,116.20202159881592,3.932435654951372,2.472195358660072,10.0,10.0,0.26700976895233863,0.11290193597475688,2.4891345795764503,3.9431068010130867,119.82686606292108,115.9121232306542,0.988734836159248,0.032697684525997014,certain_temperate,575.4512252807617,694.3628907203674,POINT (538735.9976282525 8669220.936198981),dronbreen
dronbreen-20220329-DAT_0235_A1_1,4315.0,3987,119.32853698730469,538731.6729302238,8669221.742363436,695.6350708007812,2022-03-29 10:21:55+00:00,0,2022-05-04,100 MHz,20220329,117.97371530532837,117.76527404785156,122.14239501953125,3.0994735110210216,2.9357283027648924,8,2.401307955221949,2.0322418212890625,4.302881288585979,4.416222680247168,114.61943763824465,125.28823142913816,118.59901756048203,115.26407146453857,3.9194483234713315,2.472195358660072,10.0,10.0,0.26700976895233863,0.0,2.486572763483181,3.9285327257232074,118.86602732943436,114.99706169558624,0.9886462893438436,0.03284585919199127,certain_temperate,576.3065338134766,694.2802491188049,POINT (538731.6729302238 8669221.742363436),dronbreen
dronbreen-20220329-DAT_0235_A1_1,4320.0,3991,118.39057159423828,538725.6764283933,8669222.810662478,695.4093221028646,2022-03-29 10:21:56.333333248+00:00,0,2022-05-04,100 MHz,20220329,117.03574991226196,116.93154907226562,121.2044448852539,3.006044019753029,2.858471848297119,8,2.382664679925437,1.6935348510742188,4.0885220528051835,4.193024197099286,114.00834000195144,124.12765395556809,117.66105216741562,114.32610607147217,3.9194483234713315,2.472195358660072,10.0,10.0,0.26700976895233863,0.0,2.486572763483181,3.9285327257232074,117.92806193636795,114.05909630251983,0.988556338028169,0.03310608497528429,certain_temperate,577.0187505086263,694.0545004208883,POINT (538725.6764283933 8669222.810662478),dronbreen
dronbreen-20220329-DAT_0235_A1_1,4325.0,3994,117.76527404785156,538721.1452959656,8669223.672952287,695.2148640950521,2022-03-29 10:21:57.333333248+00:00,0,2022-05-04,100 MHz,20220329,116.41045236587524,116.20201873779297,120.47491455078125,2.9137861215814884,2.7812210494995115,8,2.370237099664553,1.4677136739095051,3.9379433545172198,4.032661267640522,113.4141508540497,123.26278243452452,117.0357546210289,113.70080852508545,3.9194483234713315,2.472195358660072,10.0,10.0,0.26700976895233863,0.0,2.486572763483181,3.9285327257232074,117.30276438998123,113.43379875613311,0.9884955756870585,0.03328186814967834,certain_temperate,577.4495900472006,693.8600424130758,POINT (538721.1452959656 8669223.672952287),dronbreen
dronbreen-20220329-DAT_0235_A1_1,4330.0,3997,117.03575897216797,538716.951730479,8669224.482928617,695.0040740966797,2022-03-29 10:21:58.249999872+00:00,0,2022-05-04,100 MHz,20220329,115.68093729019165,115.57672119140625,119.74539184570312,2.8617009080215325,2.858466192626953,8,2.355739279138623,1.806428909301758,4.121106881655574,4.123351190792383,112.60810317023248,122.71400986687689,116.41045659780502,112.97129344940186,3.9276452958601262,2.472195358660072,10.0,10.0,0.26700976895233863,0.0,2.486572763483181,3.9367107827230794,116.67746636675736,112.70428368044952,0.9884238655443889,0.03355936109060609,certain_temperate,577.9683151245117,693.6492524147034,POINT (538716.951730479 8669224.482928617),dronbreen
dronbreen-20220329-DAT_0235_A1_1,4335.0,4001,116.0978012084961,538712.1121955236,8669225.274370112,694.7884114583334,2022-03-29 10:21:59.333333248+00:00,0,2022-05-04,100 MHz,20220329,114.74297952651978,114.74298095703125,118.70323944091797,2.7813822310584393,3.0129904129028318,8,2.3371007205892926,1.9193229675292969,4.268952056431277,4.108762288951756,111.71877189814255,121.72744849980667,115.47249883413315,111.92911863327026,3.9295958985876145,2.472195358660072,10.0,10.0,0.26700976895233863,0.0,2.486572763483181,3.9386568958101167,115.73950860308548,111.66210886431793,0.9883303415924024,0.033847289592768316,certain_temperate,578.6906102498373,693.433589776357,POINT (538712.1121955236 8669225.274370112),dronbreen
dronbreen-20220329-DAT_0235_A1_1,4340.0,4005,115.26407623291016,538706.3424145387,8669226.473312547,694.544677734375,2022-03-29 10:22:00.666666752+00:00,0,2022-05-04,100 MHz,20220329,113.90925455093384,113.59659576416016,117.55684661865234,2.6791204165524882,3.012984757232666,8,2.320535047770331,1.6935183207194011,4.1630474844588425,3.9281768566258686,110.72381188601291,120.42963049679959,114.63877385854721,111.09539365768433,3.929595898587614,2.472195358660072,10.0,10.0,0.26700976895233863,0.0,2.486572763483181,3.9386568958101162,114.90578362749955,110.82838388873199,0.988245932937174,0.03409211288560726,certain_temperate,579.2806015014648,693.1898560523987,POINT (538706.3424145387 8669226.473312547),dronbreen
dronbreen-20220329-DAT_0235_A1_1,4345.0,4008,114.53455352783203,538702.0525713415,8669227.40462543,694.3998209635416,2022-03-29 10:22:01.666666752+00:00,0,2022-05-04,100 MHz,20220329,113.17973184585571,112.97130584716797,116.72310638427734,2.6062788833804835,3.0129960685729977,8,2.3060411056023975,2.032250086466471,4.304185324066245,4.029957271811442,109.89756773297039,119.79684449847493,113.90925115346909,110.3658709526062,3.929595898587614,2.472195358660072,10.0,10.0,0.26700976895233863,0.0,2.486572763483181,3.9386568958101162,114.17626092242142,110.09886118365387,0.988171065933853,0.03430926107057044,certain_temperate,579.8652674357096,693.0449992815653,POINT (538702.0525713415 8669227.40462543),dronbreen
dronbreen-20220329-DAT_0235_A1_1,4350.0,4013,113.38815307617188,538696.4892528785,8669228.547508443,694.244384765625,2022-03-29 10:22:03+00:00,0,2022-05-04,100 MHz,20220329,112.03333139419556,111.82490539550781,115.36827850341797,2.452820367510676,2.9357339584350584,8,2.2832672430554757,2.145135879516602,4.293419513570552,3.9788497081537053,108.69202856345717,118.50115533546861,112.76285070180893,109.21947050094604,3.9168765704634243,2.472195358660072,10.0,10.0,0.26700976895233863,0.0,2.486572763483181,3.9259669235694408,113.02986047076126,108.95246073199371,0.9880514705882353,0.03454396658028415,certain_temperate,580.8562316894531,692.8895630836487,POINT (538696.4892528785 8669228.547508443),dronbreen
dronbreen-20220329-DAT_0235_A1_1,4355.0,4017,112.55442810058594,538692.4278931469,8669229.547437025,694.123779296875,2022-03-29 10:22:04+00:00,0,2022-05-04,100 MHz,20220329,111.19960641860962,110.99117279052734,114.32611846923828,2.326321968899981,2.9357283027648924,8,2.266706799305986,1.919314702351888,4.1761500581682816,3.772731443353845,108.02103329200474,117.29625796776088,111.92912572622299,108.38574552536011,3.9168765704634243,2.472195358660072,10.0,10.0,0.26700976895233863,0.0,2.486572763483181,3.9259669235694408,112.19613549517533,108.11873575640777,0.9879629641868416,0.03479984427590045,certain_temperate,581.5693511962891,692.7689576148987,POINT (538692.4278931469 8669229.547437025),dronbreen
dronbreen-20220329-DAT_0235_A1_1,4360.0,4021,111.6164779663086,538686.9942878502,8669230.632055568,693.9398600260416,2022-03-29 10:22:05.333333248+00:00,0,2022-05-04,100 MHz,20220329,110.26165628433228,110.15744018554688,113.17972564697266,2.2250746389870772,2.703958939361572,8,2.2480781261872065,1.8064371744791667,3.953285275885743,3.64253039463573,107.27350701593603,116.0636588165835,110.99117559194565,107.44779539108276,3.9168765704634243,2.472195358660072,10.0,10.0,0.26700976895233863,0.0,2.486572763483181,3.9259669235694408,111.25818536089798,107.18078562213043,0.9878618129987468,0.03509227886267593,certain_temperate,582.323382059733,692.5850383440653,POINT (538686.9942878502 8669230.632055568),dronbreen
dronbreen-20220329-DAT_0235_A1_1,4365.0,4024,110.88694763183594,538682.9237073333,8669231.507692916,693.762939453125,2022-03-29 10:22:06.333333248+00:00,0,2022-05-04,100 MHz,20220329,109.53212594985962,109.53213500976562,112.34600067138672,2.0737064513735235,2.472189575958252,8,2.2335903971055684,1.919331232706706,3.8450591337926516,3.601807447567655,106.58718026599016,115.29095541516219,110.26164525747299,106.71826505661011,3.9168765704634243,2.472195358660072,10.0,10.0,0.26700976895233863,0.0,2.486572763483181,3.9259669235694408,110.52865502642533,106.45125528765777,0.9877819553075393,0.035323152581204956,certain_temperate,582.8759918212891,692.4081177711487,POINT (538682.9237073333 8669231.507692916),dronbreen
dronbreen-20220329-DAT_0235_A1_1,4370.0,4029,109.84478759765625,538676.9371026435,8669232.847858734,693.495231628418,2022-03-29 10:22:07.750000128+00:00,0,2022-05-04,100 MHz,20220329,108.48996591567993,108.38573455810547,110.99117279052734,1.852602863066652,2.3949557441711424,8,2.2128965057023535,3.612849553426107,4.866765440945275,4.6240383009749895,104.1490385764895,115.22786877214331,109.2194852232933,105.67610502243042,3.8958692094611282,2.394939257671684,10.0,10.0,0.26700976895233863,0.0,2.409777638009984,3.9050084652844554,109.48649499224564,105.40909525347809,0.9876660357618533,0.03546703757788735,certain_temperate,583.6504440307617,692.1404099464417,POINT (538676.9371026435 8669232.847858734),dronbreen
dronbreen-20220329-DAT_0235_A1_1,4375.0,4033,107.55200958251953,538672.6673769398,8669233.748824447,693.3244857788086,2022-03-29 10:22:08.750000128+00:00,0,2022-05-04,100 MHz,20220329,106.19718790054321,107.34356689453125,109.84478759765625,1.7943621748858718,2.472195231628418,9,2.167379502093565,3.387061436971029,4.720325025588586,4.403345852709364,103.32240797154505,113.86594652064245,106.92670720815659,103.3833270072937,3.8958692094611282,2.394939257671684,10.0,10.0,0.26700976895233863,0.0,2.409777638009984,3.9050084652844554,107.19371697710892,103.11631723834137,0.9874031021155693,0.03622311869934902,certain_temperate,585.7724761962891,691.9696640968323,POINT (538672.6673769398 8669233.748824447),dronbreen
dronbreen-20220329-DAT_0235_A1_1,4380.0,4037,106.71826934814453,538667.3467500387,8669234.968566323,693.1235961914062,2022-03-29 10:22:10+00:00,0,2022-05-04,100 MHz,20220329,105.36344766616821,106.09296417236328,108.28152465820312,2.0258815430413395,2.008656504821777,10,2.150831375321006,1.580632527669271,3.3405352485723356,3.3509208911919957,103.42379299152991,110.9506958390365,106.09296697378159,102.5495867729187,3.8836297447617123,2.394939257671684,10.0,10.0,0.26700976895233863,0.0,2.409777638009984,3.892797735705505,106.35997674273392,102.28257700396637,0.9873046884076004,0.036391423591140115,certain_temperate,586.4053268432617,691.7687745094299,POINT (538667.3467500387 8669234.968566323),dronbreen
dronbreen-20220329-DAT_0235_A1_1,4385.0,4040,106.09296417236328,538663.3184760906,8669236.155611465,692.9205322265625,2022-03-29 10:22:11+00:00,0,2022-05-04,100 MHz,20220329,104.73814249038696,105.46766662597656,107.65623474121094,1.9999847250103289,1.8541549072265624,10,2.13842157180275,1.9193229675292969,3.419727751214876,3.500940783948145,102.59422835929381,110.52967300789369,105.46766179800034,101.92428159713745,3.8836297447617127,2.394939257671684,10.0,10.0,0.26700976895233863,0.0,2.409777638009984,3.8927977357055052,105.73467156695267,101.65727182818512,0.9872298630493986,0.03660591232470607,certain_temperate,586.8275680541992,691.5657105445862,POINT (538663.3184760906 8669236.155611465),dronbreen
dronbreen-20220329-DAT_0235_A1_1,4390.0,4045,104.94658660888672,538658.0020001985,8669237.398773316,692.5854797363281,2022-03-29 10:22:12.500000+00:00,0,2022-05-04,100 MHz,20220329,103.5917649269104,104.32128143310547,106.50983428955078,1.9786305756323506,1.931394394683838,10,2.115673513645861,2.4838428497314458,3.791547708564512,3.815826080068621,101.05852957025952,109.77258615239673,104.32128423452377,100.77790403366089,3.8716321843633814,2.394939257671684,10.0,10.0,0.26700976895233863,0.0,2.409777638009984,3.880828518205146,104.58829400347611,100.51089426470855,0.9870903692463534,0.03689145411457849,certain_temperate,587.6388931274414,691.2306580543518,POINT (538658.0020001985 8669237.398773316),dronbreen
dronbreen-20220329-DAT_0235_A1_1,4395.0,4050,103.80018615722656,538653.1129845915,8669238.468130175,692.2317199707031,2022-03-29 10:22:14+00:00,0,2022-05-04,100 MHz,20220329,102.44536447525024,102.9664535522461,104.52971649169922,2.0191730856148165,1.6996419982910156,10,2.092928918647252,2.5967451731363935,3.7432899800939534,3.8987814637894713,99.63127185513916,107.86489818880615,103.17488378286362,99.63150358200073,3.859878780118862,2.394939257671684,10.0,10.0,0.26700976895233863,0.0,2.409777638009984,3.869103050311255,103.44189355181595,99.3644938130484,0.9869477914044955,0.037185663369353576,certain_temperate,588.4315338134766,690.8768982887268,POINT (538653.1129845915 8669238.468130175),dronbreen
dronbreen-20220329-DAT_0235_A1_1,4400.0,4055,102.54959106445312,538648.1664132428,8669239.53584948,691.8892211914062,2022-03-29 10:22:15.500000+00:00,0,2022-05-04,100 MHz,20220329,101.1947693824768,101.29898071289062,102.75802612304688,2.069699416287367,1.8541492515563964,10,2.0681217205461158,3.4999554951985683,4.468185914486149,4.561849580284903,97.23366203911297,106.82334479682453,101.92428869009018,98.3809084892273,3.848371608955312,2.394939257671684,10.0,10.0,0.26700976895233863,0.0,2.409777638009984,3.8576233949582583,102.19129845904251,98.11389872027496,0.9867886193605121,0.03752693276501302,certain_temperate,589.3396301269531,690.5343995094299,POINT (538648.1664132428 8669239.53584948),dronbreen
dronbreen-20220329-DAT_0235_A1_1,4405.0,4061,100.5694580078125,538643.2582252225,8669240.604688047,691.632568359375,2022-03-29 10:22:17+00:00,0,2022-05-04,100 MHz,20220329,99.21463632583618,98.90199279785156,100.77790069580078,1.8947583267849817,1.3133484146118164,10,2.0288534578904573,4.064475377400717,4.728751474253445,4.922023523309472,94.35928364503418,105.32060984861816,99.94415563344955,96.40077543258667,3.8371130467615595,2.394939257671684,10.0,10.0,0.26700976895233863,0.0,2.409777638009984,3.846391913253739,100.21116540240189,96.13376566363434,0.9865284977286934,0.03815386025510332,certain_temperate,591.0631103515625,690.2777466773987,POINT (538643.2582252225 8669240.604688047),dronbreen
dronbreen-20220329-DAT_0235_A1_1,4410.0,4066,98.79776763916016,538638.297992315,8669241.703069078,691.4940795898438,2022-03-29 10:22:18.666666752+00:00,0,2022-05-04,100 MHz,20220329,97.44294595718384,97.75559997558594,99.8399429321289,1.9202840181588272,1.62237423248291,10,1.9937300610144275,2.7096392313639326,3.7348631126941756,3.8735765167007257,94.39150956057937,103.20403334713548,98.17246526479721,94.62908506393433,3.8261052842856516,2.394939257671684,10.0,10.0,0.26700976895233863,0.0,2.409777638009984,3.835410781540169,98.43947503374955,94.36207529498199,0.9862869200959626,0.03872663700519798,certain_temperate,592.6963119506836,690.1392579078674,POINT (538638.297992315 8669241.703069078),dronbreen
dronbreen-20220329-DAT_0235_A1_1,4415.0,4071,98.06825256347656,538633.5097451777,8669243.054505829,691.3855183919271,2022-03-29 10:22:20.333333248+00:00,0,2022-05-04,100 MHz,20220329,96.71343088150024,97.13030242919922,98.79776763916016,1.7007581600255801,1.5451234336853026,10,1.9792707910595584,1.5806077321370442,2.967025462067422,3.050969024117835,94.59735283095749,101.33071723740188,97.44295018911362,93.89956998825073,3.8261052842856516,2.394939257671684,10.0,10.0,0.26700976895233863,0.0,2.409777638009984,3.835410781540169,97.70995995806595,93.6325602192984,0.9861849105438135,0.0390147186706435,certain_temperate,593.3172658284506,690.0306967099508,POINT (538633.5097451777 8669243.054505829),dronbreen
dronbreen-20220329-DAT_0235_A1_1,4420.0,4076,97.3387451171875,538628.3999439743,8669244.45876967,691.2564697265625,2022-03-29 10:22:22+00:00,0,2022-05-04,100 MHz,20220329,95.98392343521118,96.50499725341797,97.65138244628906,1.549529724305756,1.1588411613464356,10,1.9648136095812032,1.5806242624918623,2.7752078150661466,2.9597141662803406,93.98331813434405,100.17306156536299,96.71344274282455,93.17006254196167,3.815350391133626,2.394939257671684,10.0,10.0,0.26700976895233863,0.0,2.409777638009984,3.8246820552615213,96.98045251177689,92.90305277300934,0.9860813730406609,0.03919662603560659,certain_temperate,593.917724609375,689.9016480445862,POINT (538628.3999439743 8669244.45876967),dronbreen
dronbreen-20220329-DAT_0235_A1_1,4425.0,4081,96.60921478271484,538623.90059212,8669246.004597956,690.9671427408854,2022-03-29 10:22:23.333333248+00:00,0,2022-05-04,100 MHz,20220329,95.25439310073853,95.87969207763672,96.92186737060547,1.3791429790506944,0.8498266548156738,10,1.9503579549336814,1.4677384694417317,2.5846387968703572,2.8036026329915362,93.43875939379387,99.36280005444831,95.9839124083519,92.44053220748901,3.8026772582032473,2.4721951819203793,10.0,10.0,0.26700976895233863,0.0,2.4865725877654,3.812039945589782,96.25092217730423,92.17352243853668,0.9859762685679263,0.03936143427680168,certain_temperate,594.3579279581705,689.6123210589091,POINT (538623.90059212 8669246.004597956),dronbreen
dronbreen-20220329-DAT_0235_A1_1,4430.0,4086,95.9839096069336,538618.9010549749,8669247.582633357,690.5792388916016,2022-03-29 10:22:24.750000128+00:00,0,2022-05-04,100 MHz,20220329,94.62908792495728,95.25438690185547,96.29656219482422,1.2449958800134724,0.8498153434753417,10,1.9379691332353048,1.3548196156819663,2.512657292671554,2.672316465851294,92.889802254944,98.66114684173569,95.35860723257065,91.81522703170776,3.7924606112226105,2.4721951819203793,10.0,10.0,0.26700976895233863,0.0,2.4865725877654,3.80184845889351,95.62561700152298,91.54821726275543,0.9858849083401116,0.03951142047404844,certain_temperate,594.595329284668,689.2244172096252,POINT (538618.9010549749 8669247.582633357),dronbreen
dronbreen-20220329-DAT_0235_A1_1,4435.0,4090,95.35861206054688,538614.4798035391,8669249.084208537,690.2424926757812,2022-03-29 10:22:26+00:00,0,2022-05-04,100 MHz,20220329,94.00379037857056,94.73330688476562,95.77548217773438,1.203195852794353,1.0043339080810547,10,1.9255819789470272,1.2419172922770183,2.501781588673079,2.5880310621558933,92.44197004385762,98.06681901864238,94.73330968618393,91.18992948532104,3.7924606112226096,2.4721951819203793,10.0,10.0,0.26700976895233863,0.0,2.4865725877654,3.801848458893509,95.00031945513626,90.92291971636871,0.9857923510766275,0.039770509755475775,certain_temperate,594.8838806152344,688.8876709938049,POINT (538614.4798035391 8669249.084208537),dronbreen
dronbreen-20220329-DAT_0235_A1_1,4440.0,4094,94.8375244140625,538610.1846104694,8669250.542888055,690.0011291503906,2022-03-29 10:22:27.249999872+00:00,0,2022-05-04,100 MHz,20220329,93.48270273208618,94.10800170898438,95.25438690185547,1.203192504567206,1.3133540702819824,10,1.915260403912523,1.1290149688720703,2.582207607582824,2.527957558539911,91.88473896816124,97.4776496426786,94.21222203969955,90.66884183883667,3.809922096725791,2.4721951819203793,10.0,10.0,0.26700976895233863,0.0,2.4865725877654,3.8192670238980977,94.47923180865189,90.40183206988434,0.9857142867198733,0.04017315002964013,certain_temperate,595.1636047363281,688.6463074684143,POINT (538610.1846104694 8669250.542888055),dronbreen
dronbreen-20220329-DAT_0235_A1_1,4445.0,4099,94.31644439697266,538605.3841684033,8669251.987113101,689.8468017578125,2022-03-29 10:22:28.666666752+00:00,0,2022-05-04,100 MHz,20220329,92.96162271499634,93.69113159179688,94.73330688476562,1.164663203451566,1.3133597259521483,10,1.904940070835535,1.0161126454671223,2.5270922720601616,2.453104555298683,91.53213145706944,96.89230701949306,93.69114202260971,90.14776182174683,3.800328277834643,2.4721951819203793,10.0,10.0,0.26700976895233863,0.0,2.4865725877654,3.809696738065329,93.95815179156205,89.88075205279449,0.9856353609316107,0.04029337940093748,certain_temperate,595.5303573608398,688.4919800758362,POINT (538605.3841684033 8669251.987113101),dronbreen
dronbreen-20220329-DAT_0235_A1_1,4450.0,4104,93.89957427978516,538599.7962023437,8669253.998065865,689.6202596028646,2022-03-29 10:22:30.333333248+00:00,0,2022-05-04,100 MHz,20220329,92.54475259780884,93.37848663330078,94.21221923828125,1.0319315695812847,1.1588411613464356,10,1.8966844808691707,0.9032103220621746,2.3991902265306866,2.3405306385835045,91.2777246511025,96.31298122047953,93.27427190542221,89.62667465209961,3.7936537966919524,2.4721951819203793,10.0,10.0,0.26700976895233863,0.0,2.4865725877654,3.8030386989710276,93.54128167437455,89.35966488314727,0.9855715886640821,0.04040118206913592,certain_temperate,595.7206853230795,688.2654379208883,POINT (538599.7962023437 8669253.998065865),dronbreen
dronbreen-20220329-DAT_0235_A1_1,4455.0,4108,93.48271179199219,538595.8963340672,8669255.62317687,689.3534240722656,2022-03-29 10:22:31.500000+00:00,0,2022-05-04,100 MHz,20220329,92.12789011001587,93.17005920410156,93.89957427978516,0.9347322363326346,0.7725645446777343,10,1.8884297608314347,0.7903079986572266,2.188060709858978,2.2504395232875885,91.1229261614452,95.94670732244151,92.85740941762924,89.20981216430664,3.7846246737116718,2.4721951819203793,10.0,10.0,0.26700976895233863,0.0,2.4865725877654,3.794031910459262,93.12441918658158,88.9428023953543,0.9855072488163275,0.04048475489385478,certain_temperate,595.8707122802734,687.9986023902893,POINT (538595.8963340672 8669255.62317687),dronbreen
dronbreen-20220329-DAT_0235_A1_1,4460.0,4114,93.17005920410156,538590.8122085474,8669258.242281212,688.8950544084821,2022-03-29 10:22:33.142856960+00:00,0,2022-05-04,100 MHz,20220329,91.81523752212524,92.96161651611328,93.69113159179688,0.8392178840112547,0.6180572914123534,10,1.882239084930051,0.5645198822021485,2.0599760886252585,2.136771706824145,90.99654484560357,95.65620326230659,92.54475682973862,88.89715957641602,3.767366360786563,2.4721951819203793,10.0,10.0,0.26700976895233863,0.0,2.4865725877654,3.7768165845195836,92.81176659869095,88.63014980746368,0.9854586152080423,0.040435375838214715,certain_temperate,595.7249952043805,687.5402327265058,POINT (538590.8122085474 8669258.242281212),dronbreen
dronbreen-20220329-DAT_0235_A1_1,4465.0,4118,92.96161651611328,538587.3743412484,8669260.403438574,688.5487060546875,2022-03-29 10:22:34.333333248+00:00,0,2022-05-04,100 MHz,20220329,91.60679483413696,92.85739135742188,93.69113159179688,0.7979413067371864,0.6953024345397949,10,1.8781120462090546,0.33872350056966144,2.0311287363017376,2.068513668543473,90.94897880559935,95.5995441436194,92.33631414175034,88.68871688842773,3.7591409623337353,2.4721951819203793,10.0,10.0,0.26700976895233863,0.0,2.4865725877654,3.7686118122474994,92.60332391070267,88.4217071194754,0.9854260098656795,0.040437560180358455,certain_temperate,595.5870895385742,687.1938843727112,POINT (538587.3743412484 8669260.403438574),dronbreen
dronbreen-20220329-DAT_0235_A1_1,4470.0,4123,92.85739135742188,538583.202445297,8669264.37783361,688.059814453125,2022-03-29 10:22:36+00:00,0,2022-05-04,100 MHz,20220329,91.50256967544556,92.64897155761719,93.79535675048828,0.7895026717876654,1.0043282524108885,10,1.8760485206630884,0.22580464680989584,2.1399114535404995,2.0478916619691985,90.75938276891127,95.6849455391942,92.23208898305893,88.58449172973633,3.7511870392691473,2.4721951819203793,10.0,10.0,0.26700976895233863,0.0,2.4865725877654,3.760677920308626,92.49909875201126,88.317481960784,0.9854096517017003,0.0403972907749505,certain_temperate,595.2024230957031,686.7049927711487,POINT (538583.202445297 8669264.37783361),dronbreen
dronbreen-20220329-DAT_0235_A1_1,4475.0,4129,92.75318145751953,538580.9002377485,8669268.777907936,687.6018676757812,2022-03-29 10:22:37.666666752+00:00,0,2022-05-04,100 MHz,20220329,91.39835977554321,92.33631896972656,93.58692169189453,0.8506444060958483,1.1588468170166015,10,1.8739853436450933,0.22578811645507815,2.214887646594847,2.0703616223624097,90.4487805352228,95.4744601263983,92.02366203069687,88.48028182983398,3.728000419173608,2.4721951819203793,10.0,10.0,0.26700976895233863,0.0,2.4865725877654,3.7375501792049,92.2906717996492,88.21327206088165,0.9853932591778879,0.04019269593335742,certain_temperate,594.8486862182617,686.2470459938049,POINT (538580.9002377485 8669268.777907936),dronbreen
dronbreen-20220329-DAT_0235_A1_1,4480.0,4134,92.64897155761719,538580.1757847887,8669273.515549686,687.0815168108259,2022-03-29 10:22:39.142856960+00:00,0,2022-05-04,100 MHz,20220329,91.29414987564087,92.0236587524414,93.37848663330078,0.9360861483996902,1.1588411613464356,10,1.871922213200555,0.33870697021484375,2.227493663554745,2.120158593400869,90.12134038162495,95.28080500411724,91.91945213079453,88.37607192993164,3.720888150767938,2.4721951819203793,10.0,10.0,0.26700976895233863,0.0,2.4865725877654,3.730456117854924,92.18646189974686,88.1090621609793,0.9853768297780426,0.04016113819951003,certain_temperate,594.4325452532087,685.7266951288495,POINT (538580.1757847887 8669273.515549686),dronbreen
dronbreen-20220329-DAT_0235_A1_1,4485.0,4139,92.4405288696289,538580.026296615,8669278.739280224,686.4727579752604,2022-03-29 10:22:40.666666752+00:00,0,2022-05-04,100 MHz,20220329,91.08570718765259,92.12788391113281,93.06583404541016,0.9311114014025619,0.8498153434753417,10,1.8677956395384048,0.11289405822753908,2.0551378877019113,2.0900655638720056,90.25667958785282,94.93703836869015,91.71100944280624,88.16762924194336,3.7075016328078108,2.4721951819203793,10.0,10.0,0.26700976895233863,0.0,2.4865725877654,3.7171040574603995,91.97801921175858,87.90061947299102,0.9853438562225552,0.04010688469812401,certain_temperate,594.0322291056315,685.1179362932841,POINT (538580.026296615 8669278.739280224),dronbreen
dronbreen-20220329-DAT_0235_A1_1,4490.0,4144,92.75318145751953,538580.5875420199,8669283.283328444,685.8904418945312,2022-03-29 10:22:42+00:00,0,2022-05-04,100 MHz,20220329,91.39835977554321,92.54474639892578,92.96161651611328,0.810245832255491,0.540783869934082,10,1.8739853436450933,1.0161209106445312,2.199265779124154,2.280530877215453,90.41300467600396,95.0933582390351,92.02366203069687,88.48028182983398,3.701230414180299,2.4721951819203793,10.0,10.0,0.26700976895233863,0.0,2.4865725877654,3.710849066665101,92.2906717996492,88.21327206088165,0.9853932591778879,0.039904080442517684,certain_temperate,593.1372604370117,684.5356202125549,POINT (538580.5875420199 8669283.283328444),dronbreen
dronbreen-20220329-DAT_0235_A1_1,4495.0,4149,93.37848663330078,538581.4071268081,8669288.64112349,685.2070922851562,2022-03-29 10:22:43.666666752+00:00,0,2022-05-04,100 MHz,20220329,92.02366495132446,93.06583404541016,93.37848663330078,0.7474139144315376,0.7725588890075683,10,1.8863660054109896,1.1290232340494792,2.3302183173210116,2.3220029562598823,90.86740957106637,95.57691110764456,92.64896720647812,89.10558700561523,3.69524248720414,2.4721951819203793,10.0,10.0,0.26700976895233863,0.0,2.4865725877654,3.704876685661025,92.91597697543045,88.8385772366629,0.9854910726140087,0.0395727390797779,certain_temperate,591.8286056518555,683.8522706031799,POINT (538581.4071268081 8669288.64112349),dronbreen
dronbreen-20220329-DAT_0235_A1_1,4500.0,4154,93.79535675048828,538582.8644716511,8669292.865238028,684.7277570452009,2022-03-29 10:22:45.142856960+00:00,0,2022-05-04,100 MHz,20220329,92.44053506851196,93.58692169189453,93.89957427978516,0.6803908318178155,0.6953024345397949,10,1.8946206953320621,1.0161209106445312,2.259543042233669,2.2549991060422525,91.43701720931173,96.04947876236795,93.06583732366562,89.52245712280273,3.689539231181677,2.4721951819203793,10.0,10.0,0.26700976895233863,0.0,2.4865725877654,3.699188283278463,93.33284709261795,89.2554473538504,0.9855555570242099,0.03933605413961464,certain_temperate,590.9324002947126,683.3729353632245,POINT (538582.8644716511 8669292.865238028),dronbreen
dronbreen-20220329-DAT_0235_A1_1,4505.0,4160,94.31644439697266,538585.4349014162,8669297.750344913,684.2001342773438,2022-03-29 10:22:47+00:00,0,2022-05-04,100 MHz,20220329,92.96162271499634,94.10800170898438,94.62909698486328,0.5899503902760477,0.4635387268066406,10,1.904940070835535,1.1290149688720703,2.2623747754652888,2.2916179734848816,91.89362335978294,96.84347533406472,93.58692497015,90.04354476928711,3.6895392311816764,2.4721951819203793,10.0,10.0,0.26700976895233863,0.0,2.4865725877654,3.6991882832784624,93.85393473910233,89.77653500033477,0.9856353609316107,0.03911872690675882,certain_temperate,589.8836898803711,682.8453125953674,POINT (538585.4349014162 8669297.750344913),dronbreen
dronbreen-20220329-DAT_0235_A1_1,4510.0,4166,94.8375244140625,538588.6980485183,8669301.146694599,683.8553619384766,2022-03-29 10:22:48.750000128+00:00,0,2022-05-04,100 MHz,20220329,93.48270273208618,94.73330688476562,94.9417495727539,0.5157297655227091,0.2317693634033203,10,1.915260403912523,1.0161043802897136,2.180460401899444,2.2286021891502332,92.56519929369938,97.10985716382015,94.10800498723984,90.56462478637695,3.684121968179582,2.4721951819203793,10.0,10.0,0.26700976895233863,0.0,2.4865725877654,3.6937851714927032,94.37501475619217,90.29761501742462,0.9857142867198733,0.038846669511264684,certain_temperate,589.0178375244141,682.5005402565002,POINT (538588.6980485183 8669301.146694599),dronbreen
dronbreen-20220329-DAT_0235_A1_1,4515.0,4172,95.25438690185547,538592.9096202814,8669303.608781306,683.6084594726562,2022-03-29 10:22:50.666666752+00:00,0,2022-05-04,100 MHz,20220329,93.89956521987915,95.25438690185547,95.5670394897461,0.48585074252574967,0.2317693634033203,10,1.923517426388269,1.1290149688720703,2.242389602047096,2.2826837348983267,93.02400709349176,97.7974192981098,94.5248674750328,90.98148727416992,3.6789919615599587,2.4721951819203793,10.0,10.0,0.26700976895233863,0.0,2.4865725877654,3.6886686039733596,94.79187724398514,90.71447750521759,0.9857768053940419,0.038622808683347845,certain_temperate,588.3540725708008,682.2536377906799,POINT (538592.9096202814 8669303.608781306),dronbreen
dronbreen-20220329-DAT_0235_A1_1,4520.0,4178,95.87969207763672,538597.8897355015,8669304.712779291,683.471923828125,2022-03-29 10:22:52.500000+00:00,0,2022-05-04,100 MHz,20220329,94.5248703956604,95.77548217773438,96.19234466552734,0.5029368865868451,0.46352741546630855,10,1.935904476249015,1.2419172922770183,2.3462613594624386,2.3543640784524644,93.47546376432598,98.49236307893574,95.15017265081406,91.60679244995117,3.674150414562103,2.4721951819203793,10.0,10.0,0.26700976895233863,0.0,2.4865725877654,3.683839774683863,95.41718241976639,91.33978268099884,0.9858695657795888,0.03832042359488421,certain_temperate,587.5922317504883,682.1171021461487,POINT (538597.8897355015 8669304.712779291),dronbreen
dronbreen-20220329-DAT_0235_A1_1,4525.0,4184,96.40077209472656,538602.824631258,8669304.521792103,683.4294520786831,2022-03-29 10:22:54.142856960+00:00,0,2022-05-04,100 MHz,20220329,95.04595041275024,96.19234466552734,96.92186737060547,0.5960571808924015,0.5407951812744141,10,1.9462280298525567,1.1290232340494792,2.314077880127835,2.3276127620591676,93.94234533059249,99.17186670554032,95.6712526679039,92.12787246704102,3.674150414562103,2.4721951819203793,10.0,10.0,0.26700976895233863,0.0,2.4865725877654,3.683839774683863,95.93826243685623,91.86086269808868,0.9859459457373949,0.038113288252004475,certain_temperate,587.0286799839565,682.0746303967068,POINT (538602.824631258 8669304.521792103),dronbreen
dronbreen-20220329-DAT_0235_A1_1,4530.0,4189,96.92186737060547,538607.7359922108,8669303.971271778,683.4067993164062,2022-03-29 10:22:55.666666752+00:00,0,2022-05-04,100 MHz,20220329,95.56704568862915,96.60921478271484,97.44295501708984,0.6790579255030776,0.7725588890075683,10,1.956552925387426,0.9032268524169923,2.289271791149712,2.2594330622874725,94.45423958639141,99.59793021341328,96.1923479437828,92.64896774291992,3.669598468938479,2.4721951819203793,10.0,10.0,0.26700976895233863,0.11290167768796286,2.489134392324182,3.6810316391979527,96.48224621135392,92.3590694753488,0.9860215066142317,0.03786140907610492,certain_temperate,586.4849319458008,682.0519776344299,POINT (538607.7359922108 8669303.971271778),dronbreen
dronbreen-20220329-DAT_0235_A1_1,4535.0,4193,97.2345199584961,538612.4643256171,8669303.362362394,683.4080200195312,2022-03-29 10:22:57+00:00,0,2022-05-04,100 MHz,20220329,95.9839152097702,96.92186737060547,97.75559997558594,0.741497040711852,0.7725588890075683,10,1.962748264200906,0.9032103220621746,2.294562457526039,2.2842914647408197,94.76127262968265,99.91619471650876,96.50500053167343,92.96162033081055,3.6712424148872898,2.3949391693018374,10.0,10.0,0.2668063059506171,0.11290167768796286,2.4123983954512873,3.6826557350079887,96.7947114112064,92.67190945127757,0.9871382637641477,0.03775657468617457,certain_temperate,586.1735000610352,682.1574152708054,POINT (538612.4643256171 8669303.362362394),dronbreen
dronbreen-20220329-DAT_0235_A1_1,4540.0,4198,97.75559997558594,538617.799524286,8669303.01896522,683.4728393554688,2022-03-29 10:22:58.333333248+00:00,0,2022-05-04,100 MHz,20220329,96.50499522686005,97.3387451171875,98.06825256347656,0.749992030089268,0.8497983764648437,10,1.973074486843999,1.0161209106445312,2.376485202210623,2.3426507808209918,95.11939281624838,100.28760486441568,97.02608054876328,93.48270034790039,3.6712424148872893,2.3949391693018374,10.0,10.0,0.2668063059506171,0.0,2.4097550144259867,3.6809246764586843,97.2928868547139,93.21589404194978,0.9872068224322881,0.03755531566277704,certain_temperate,585.7172393798828,682.2222346067429,POINT (538617.799524286 8669303.01896522),dronbreen
dronbreen-20220329-DAT_0235_A1_1,4545.0,4202,98.17247772216797,538622.860232278,8669302.809503432,683.5845685686384,2022-03-29 10:22:59.571428608+00:00,0,2022-05-04,100 MHz,20220329,96.92187297344208,97.85982513427734,98.58934020996094,0.7240400376304326,0.7725645446777343,10,1.9813364562445788,0.7903245290120443,2.2687359894212134,2.252674186404642,95.72668026952907,100.72248507470921,97.4429582953453,93.89957809448242,3.667246329508622,2.3949391693018374,10.0,10.0,0.2668063059506171,0.0,2.4097550144259867,3.676939113745219,97.70976460129593,93.63277178853181,0.9872611471387617,0.03735513674094155,certain_temperate,585.4120908464704,682.3339638199125,POINT (538622.860232278 8669302.809503432),dronbreen
dronbreen-20220329-DAT_0235_A1_1,4550.0,4206,98.4851303100586,538627.4929575566,8669302.729568264,683.7067086356027,2022-03-29 10:23:00.714285568+00:00,0,2022-05-04,100 MHz,20220329,97.2345255613327,98.27668762207031,99.31886291503906,0.7353695130807254,0.9270774536132812,10,1.9875332341562717,0.7903079986572266,2.331168740056233,2.261778815531232,96.13779185798613,101.45775867912324,97.75561088323593,94.21223068237305,3.667246329508622,2.3949391693018374,10.0,10.0,0.2668063059506171,0.0,2.4097550144259867,3.676939113745219,98.02241718918656,93.94542437642244,0.9873015881200681,0.037236548481614534,certain_temperate,585.2215783255441,682.4561038868768,POINT (538627.4929575566 8669302.729568264),dronbreen
dronbreen-20220329-DAT_0235_A1_1,4555.0,4210,98.90199279785156,538632.6909164087,8669302.453181226,683.8795776367188,2022-03-29 10:23:02+00:00,0,2022-05-04,100 MHz,20220329,97.65138804912567,98.58934020996094,100.04837799072266,0.8118063632300966,0.9270774536132812,10,1.9957959995336478,1.0161043802897136,2.423869301013679,2.3821627473326275,96.34977110332491,102.28794709735868,98.1724733710289,94.5248761177063,3.6709136832940636,2.3949391693018374,10.0,10.0,0.2668063059506171,0.0,2.4097550144259867,3.6805968096343564,98.43927967697952,94.25806981175569,0.987355110717718,0.0371166806597835,certain_temperate,584.9775848388672,682.6289728879929,POINT (538632.6909164087 8669302.453181226),dronbreen
dronbreen-20220329-DAT_0235_A1_1,4560.0,4215,99.4230728149414,538637.834263174,8669302.104364682,684.0296020507812,2022-03-29 10:23:03.333333248+00:00,0,2022-05-04,100 MHz,20220329,98.17246806621552,99.21464538574219,100.5694580078125,0.8860153341449967,1.1588411613464356,10,2.0061253607853264,1.0161126454671223,2.529809619061285,2.4170326939874682,96.96586263245892,102.81824076109577,98.69355338811874,95.04595613479614,3.670913683294064,2.3949391693018374,10.0,10.0,0.2668063059506171,0.0,2.4097550144259867,3.680596809634357,98.96035969406937,94.77914982884553,0.9874213830520641,0.0369221507579717,certain_temperate,584.6065292358398,682.7789973020554,POINT (538637.834263174 8669302.104364682),dronbreen
dronbreen-20220329-DAT_0235_A1_1,4565.0,4219,99.8399429321289,538643.0820712651,8669302.130724257,684.1206258138021,2022-03-29 10:23:04.666666752+00:00,0,2022-05-04,100 MHz,20220329,98.58933818340302,99.73572540283203,101.09054565429688,0.978197846407474,1.1588411613464356,10,2.0143896549268474,1.1290232340494792,2.583674124600586,2.507853698208105,97.42651360117766,103.39975745595125,99.11042350530624,95.46282625198364,3.6709136832940636,2.3949391693018374,10.0,10.0,0.2668063059506171,0.0,2.4097550144259867,3.6805968096343564,99.37722981125687,95.19601994603303,0.9874739036101408,0.03676798659419855,certain_temperate,584.2806828816732,682.8700210650762,POINT (538643.0820712651 8669302.130724257),dronbreen
dronbreen-20220329-DAT_0235_A1_1,4570.0,4223,100.46524810791016,538647.6105440053,8669302.561816627,684.1619524274554,2022-03-29 10:23:05.857143040+00:00,0,2022-05-04,100 MHz,20220329,99.21464335918427,100.15259552001953,101.61163330078125,1.0514519635253923,1.1588468170166015,10,2.0267872189634457,1.4677219390869143,2.7577164587281517,2.714337000637915,97.65018186088349,104.11404695991729,99.7357286810875,96.08813142776489,3.6709136832940636,2.3949391693018374,10.0,10.0,0.2668063059506171,0.0,2.4097550144259867,3.6805968096343564,100.00253498703812,95.82132512181428,0.9875518672149934,0.03653913917926246,certain_temperate,583.6967043195452,682.9113476787295,POINT (538647.6105440053 8669302.561816627),dronbreen
dronbreen-20220329-DAT_0235_A1_1,4575.0,4228,101.19476318359375,538652.9882369554,8669303.097014003,684.2223510742188,2022-03-29 10:23:07.333333248+00:00,0,2022-05-04,100 MHz,20220329,99.94415843486786,100.77790069580078,102.23693084716797,1.15822185801208,1.3133540702819824,10,2.041252566027401,1.5806242624918623,2.8965469116549176,2.829587067023799,98.19621808604965,104.8186134569191,100.46524375677109,96.81764650344849,3.6709136832940636,2.3949391693018374,10.0,10.0,0.2668063059506171,0.0,2.4097550144259867,3.6805968096343564,100.73205006272171,96.55084019749788,0.987641606053695,0.036275727792692856,certain_temperate,583.027587890625,682.9717463254929,POINT (538652.9882369554 8669303.097014003),dronbreen
dronbreen-20220329-DAT_0235_A1_1,4580.0,4232,101.92428588867188,538657.5638099671,8669303.352265937,684.3259073893229,2022-03-29 10:23:08.666666752+00:00,0,2022-05-04,100 MHz,20220329,100.67368113994598,101.29898071289062,102.75802612304688,1.2401404919210905,1.4678669792175292,10,2.0557198305134596,2.032233556111654,3.242004120421456,3.1454579456503295,98.40831344595163,105.64869338998587,101.19476646184921,97.54716920852661,3.6709136832940636,2.3949391693018374,10.0,10.0,0.2668063059506171,0.0,2.4097550144259867,3.6805968096343564,101.46157276779984,97.280362902576,0.987730061213361,0.03601608440311926,certain_temperate,582.401621500651,683.075302640597,POINT (538657.5638099671 8669303.352265937),dronbreen
dronbreen-20220329-DAT_0235_A1_1,4585.0,4237,103.07067108154297,538662.5010802281,8669303.493850354,684.4697265625,2022-03-29 10:23:10+00:00,0,2022-05-04,100 MHz,20220329,101.82006633281708,102.02851104736328,103.27910614013672,1.350317425932178,1.62237423248291,10,2.078457431577526,1.806428909301758,3.196133421724678,3.067006333546947,99.27475530306769,106.03286188443231,102.3411516547203,98.6935544013977,3.670913683294064,2.3949391693018374,10.0,10.0,0.2668063059506171,0.0,2.4097550144259867,3.680596809634357,102.60795796067093,98.4267480954471,0.9878665314235076,0.03561550191508766,certain_temperate,581.399055480957,683.2191218137741,POINT (538662.5010802281 8669303.493850354),dronbreen
dronbreen-20220329-DAT_0235_A1_1,4590.0,4241,103.59175872802734,538667.5421073263,8669303.14221183,684.6394653320312,2022-03-29 10:23:11.333333248+00:00,0,2022-05-04,100 MHz,20220329,102.34115397930145,102.54959106445312,104.00862884521484,1.4497465969850785,1.776892797088623,10,2.088794147479912,1.4677219390869143,3.1104045867650103,2.9358191150841018,99.9966968870491,106.56152302261887,102.86223930120468,99.21464204788208,3.6709136832940636,2.3949391693018374,10.0,10.0,0.2668063059506171,0.0,2.4097550144259867,3.6805968096343564,103.1290456071553,98.94783574193147,0.9879275652418522,0.03543634868611297,certain_temperate,581.0477066040039,683.3888605833054,POINT (538667.5421073263 8669303.14221183),dronbreen
dronbreen-20220329-DAT_0235_A1_1,4595.0,4245,104.42549133300781,538672.5279186125,8669302.611790746,684.8158220563616,2022-03-29 10:23:12.571428608+00:00,0,2022-05-04,100 MHz,20220329,103.17488658428192,103.07067108154297,104.84236907958984,1.5221875963254425,1.931394394683838,10,2.1053344855523637,1.8064371744791667,3.380226748194928,3.1642856444706977,100.29656788205736,107.61647227907545,103.69597190618515,100.04837465286255,3.663361185403823,2.3949391693018374,10.0,10.0,0.2668063059506171,0.0,2.4097550144259867,3.673064222092818,103.96277821213577,99.78156834691194,0.9880239515010969,0.03508110077951697,certain_temperate,580.3903307233538,683.5652173076357,POINT (538672.5279186125 8669302.611790746),dronbreen
dronbreen-20220329-DAT_0235_A1_1,4600.0,4249,105.25923919677734,538677.2666495234,8669301.897072205,684.9944632393973,2022-03-29 10:23:13.714285568+00:00,0,2022-05-04,100 MHz,20220329,104.00863444805145,103.59175872802734,105.78031158447266,1.5858675442155308,2.008650849151611,10,2.121877228897505,1.5806242624918623,3.3219594018424106,3.0847547554850934,100.9458683233258,108.4262019891742,104.52971976995468,100.88212251663208,3.663361185403823,2.3949391693018374,10.0,10.0,0.2668063059506171,0.0,2.4097550144259867,3.673064222092818,104.7965260759053,100.61531621068147,0.9881188125786474,0.034803226903011686,certain_temperate,579.73522404262,683.7438584906714,POINT (538677.2666495234 8669301.897072205),dronbreen
dronbreen-20220329-DAT_0235_A1_1,4605.0,4254,105.88452911376953,538682.5017965749,8669301.090279793,685.2132568359375,2022-03-29 10:23:15+00:00,0,2022-05-04,100 MHz,20220329,104.63392436504364,104.52971649169922,106.8224868774414,1.7249215484792255,2.1631694137573243,9,2.1342852204562264,1.3548113505045574,3.327159315441488,3.060398919442012,102.0017356377935,109.35046773134712,105.15500968694687,101.50741243362427,3.663361185403823,2.3949391693018374,10.0,10.0,0.2668063059506171,0.0,2.4097550144259867,3.673064222092818,105.42181599289749,101.24060612767366,0.9881889756776256,0.03459770011790541,certain_temperate,579.328727722168,683.9626520872116,POINT (538682.5017965749 8669301.090279793),dronbreen
dronbreen-20220329-DAT_0235_A1_1,4610.0,4258,106.50983428955078,538687.7343622933,8669300.310020864,685.4424235026041,2022-03-29 10:23:16.333333248+00:00,0,2022-05-04,100 MHz,20220329,105.25922954082489,105.46766662597656,107.76044464111328,1.8111830688181296,2.008656504821777,9,2.1466946499572375,1.354827880859375,3.237060002729602,3.11837146852045,102.92919139330067,110.29891987378917,105.78031486272812,102.13271760940552,3.663361185403823,2.3949391693018374,10.0,10.0,0.2668063059506171,0.0,2.4097550144259867,3.673064222092818,106.04712116867874,101.86591130345491,0.9882583166421415,0.034394581588070496,certain_temperate,578.9325892130533,684.1918187538782,POINT (538687.7343622933 8669300.310020864),dronbreen
dronbreen-20220329-DAT_0235_A1_1,4615.0,4262,107.13513946533203,538692.8720616509,8669299.713140475,685.6753336588541,2022-03-29 10:23:17.666666752+00:00,0,2022-05-04,100 MHz,20220329,105.88453471660614,106.30140686035156,108.6983871459961,1.779928065623994,1.8541322845458983,9,2.1591051950524456,1.5806407928466797,3.255451902257017,3.213767956481832,103.62555922655149,111.37423477979617,106.40562003850937,102.75802278518677,3.663361185403823,2.3949391693018374,10.0,10.0,0.2668063059506171,0.0,2.4097550144259867,3.673064222092818,106.67242634445999,102.49121647923616,0.9883268481754245,0.0341938341022952,certain_temperate,578.5401941935221,684.4247289101282,POINT (538692.8720616509 8669299.713140475),dronbreen
dronbreen-20220329-DAT_0235_A1_1,4620.0,4267,107.96888732910156,538697.9148934367,8669299.299642969,685.8804321289062,2022-03-29 10:23:19+00:00,0,2022-05-04,100 MHz,20220329,106.71828258037567,107.34356689453125,109.94900512695312,1.789987667019504,1.5451290893554686,9,2.1756544423307878,1.6935183207194013,3.160522181193863,3.287176965593407,104.58648935571485,112.70608266576953,107.2393679022789,103.5917706489563,3.6633611854038226,2.3949391693018374,10.0,10.0,0.2668063059506171,0.0,2.4097550144259867,3.6730642220928176,107.50617420822952,103.32496434300569,0.9884169895637258,0.033929785478269095,certain_temperate,577.9115447998047,684.6298273801804,POINT (538697.9148934367 8669299.299642969),dronbreen
dronbreen-20220329-DAT_0235_A1_1,4625.0,4272,108.6983871459961,538702.9815301265,8669298.94886669,686.0736694335938,2022-03-29 10:23:20.333333248+00:00,0,2022-05-04,100 MHz,20220329,107.4477823972702,108.38573455810547,110.88694763183594,1.83122821549508,1.6996306869506834,9,2.190136011131806,1.3548113505045576,3.0856043192115177,3.160000999989971,105.81042689828843,113.46225529165298,107.96886771917343,104.32127046585083,3.66729569063662,2.3949391693018374,10.0,10.0,0.2668063059506171,0.0,2.4097550144259867,3.676988344754024,108.23567402512406,104.05446415990022,0.9884947258044762,0.03373827144013613,certain_temperate,577.3752822875977,684.8230646848679,POINT (538702.9815301265 8669298.94886669),dronbreen
dronbreen-20220329-DAT_0235_A1_1,4630.0,4275,109.219482421875,538706.9062215536,8669298.689380253,686.2129109700521,2022-03-29 10:23:21.333333248+00:00,0,2022-05-04,100 MHz,20220329,107.96887767314911,109.01103973388672,111.6164779663086,1.885130712441053,1.8541549072265624,9,2.2004813419342835,1.467730204264323,3.2302075024219477,3.2480868048282217,106.36597828115812,114.26153941903719,108.48996299505234,104.84236574172974,3.66729569063662,2.3949391693018374,10.0,10.0,0.2668063059506171,0.0,2.4097550144259867,3.676988344754024,108.75676930100296,104.57555943577913,0.9885496184289241,0.03357730332827613,certain_temperate,576.9934285481771,684.9623062213262,POINT (538706.9062215536 8669298.689380253),dronbreen
dronbreen-20220329-DAT_0235_A1_1,4635.0,4280,110.05321502685547,538712.4845839038,8669298.46188358,686.3775177001953,2022-03-29 10:23:22.750000128+00:00,0,2022-05-04,100 MHz,20220329,108.80261027812958,109.94900512695312,112.65865325927734,2.0524693246813372,2.1631694137573243,9,2.2170349692999696,1.806420644124349,3.5857637277479326,3.5200894771831313,107.08921499503478,115.51844339119569,109.3236956000328,105.6760983467102,3.671521813799452,2.3949391693018374,10.0,10.0,0.2668063059506171,0.0,2.4097550144259867,3.681203340498896,109.59050190598343,105.4092920407596,0.9886363633409463,0.033361331723962065,certain_temperate,576.3243026733398,685.1269129514694,POINT (538712.4845839038 8669298.46188358),dronbreen
dronbreen-20220329-DAT_0235_A1_1,4640.0,4284,110.88694763183594,538717.1876618086,8669298.178258033,686.5218505859375,2022-03-29 10:23:24+00:00,0,2022-05-04,100 MHz,20220329,109.63634288311005,110.57429504394531,113.38815307617188,2.16931327354617,2.008645193481445,9,2.2335903971055684,1.806428909301758,3.505248490435373,3.599726593116059,107.70164618506901,116.26080193504818,110.15742820501328,106.50983095169067,3.676038549125022,2.3949391693018374,10.0,10.0,0.2668063059506171,0.0,2.4097550144259867,3.6857082113954993,110.4242345109639,106.24302464574006,0.9887218038242146,0.03315122859482175,certain_temperate,575.6349029541016,685.2712458372116,POINT (538717.1876618086 8669298.178258033),dronbreen
dronbreen-20220329-DAT_0235_A1_1,4645.0,4288,111.72068786621094,538721.9636808466,8669297.695160009,686.6509602864584,2022-03-29 10:23:25.333333248+00:00,0,2022-05-04,100 MHz,20220329,110.47008311748505,111.19960021972656,114.01346588134766,2.2849335742207697,1.8541435958862305,9,2.2501477371318828,2.145135879516602,3.6197543086064723,3.8581983125690287,108.0907784524795,117.12228764859472,110.99116843938828,107.34357118606567,3.6808448267898846,2.3949391693018374,10.0,10.0,0.2668063059506171,0.0,2.4097550144259867,3.6905018959215927,111.2579747453389,107.07676488011506,0.9888059698466632,0.03294685073186994,certain_temperate,574.9302724202474,685.4003555377325,POINT (538721.9636808466 8669297.695160009),dronbreen
dronbreen-20220329-DAT_0235_A1_1,4650.0,4293,112.86707305908203,538727.0689859523,8669297.11298236,686.8081665039062,2022-03-29 10:23:26.750000128+00:00,0,2022-05-04,100 MHz,20220329,111.61646831035614,112.03334045410156,114.95142364501953,2.396423933321521,1.3905935577392576,9,2.272916732388071,2.145127614339193,3.420741644292382,3.9383461785839007,108.90800479946057,118.07675929966052,112.13755363225937,108.48995637893677,3.684629656732916,2.3949391693018374,10.0,10.0,0.2668063059506171,0.0,2.4097550144259867,3.6942768320972834,112.40435993820999,108.22315007298616,0.9889196670487659,0.03264574474084341,certain_temperate,573.9410934448242,685.5575617551804,POINT (538727.0689859523 8669297.11298236),dronbreen
dronbreen-20220329-DAT_0235_A1_1,4655.0,4297,113.7008056640625,538731.8280514701,8669296.551892381,687.00146484375,2022-03-29 10:23:28+00:00,0,2022-05-04,100 MHz,20220329,112.45020091533661,112.65865325927734,115.68093872070312,2.4407704792103853,1.3905935577392576,9,2.2894779499839615,1.8064371744791667,3.2308938378765966,3.8029311170448423,109.74233288099188,118.59725909898859,112.97128623723984,109.32368898391724,3.6896864108574157,2.3949391693018374,10.0,10.0,0.2668063059506171,0.0,2.4097550144259867,3.6993203991221,113.23809254319046,109.05688267796663,0.9890009156802204,0.03245083787496519,certain_temperate,573.3006591796875,685.7508600950241,POINT (538731.8280514701 8669296.551892381),dronbreen
dronbreen-20220329-DAT_0235_A1_1,4660.0,4301,114.53455352783203,538737.1576537909,8669295.960694317,687.2848103841146,2022-03-29 10:23:29.333333248+00:00,0,2022-05-04,100 MHz,20220329,113.28394877910614,113.28394317626953,116.30624389648438,2.4010157563025287,1.236091960144043,9,2.3060411056023975,1.806428909301758,3.179455034911142,3.787596552842194,110.35460690586815,119.23558016688575,113.80503410100937,110.15743684768677,3.6950301964206873,2.3949391693018374,10.0,10.0,0.2668063059506171,0.0,2.4097550144259867,3.704650288131893,114.07184040695999,109.89063054173616,0.9890809828981261,0.03226127035561186,certain_temperate,572.7502568562826,686.0342056353887,POINT (538737.1576537909 8669295.960694317),dronbreen
dronbreen-20220329-DAT_0235_A1_1,4665.0,4305,115.36827850341797,538741.8834158157,8669295.445204407,687.5519104003906,2022-03-29 10:23:30.500000+00:00,0,2022-05-04,100 MHz,20220329,114.11767375469208,114.01346588134766,117.13997650146484,2.379243001906206,1.081579051208496,9,2.322605406421178,1.5806242624918623,3.010428902520021,3.6815304148186097,111.2040408631073,119.9494015197052,114.6387590765953,110.9911618232727,3.7006597699951027,2.3949391693018374,10.0,10.0,0.2668063059506171,0.0,2.4097550144259867,3.710265265200754,114.90556538254593,110.7243555173221,0.9891598907000346,0.0320769263267239,certain_temperate,572.1836318969727,686.3013056516647,POINT (538741.8834158157 8669295.445204407),dronbreen
dronbreen-20220329-DAT_0235_A1_1,4670.0,4309,115.99359130859375,538746.7115092259,8669294.93267153,687.8018798828125,2022-03-29 10:23:31.666666752+00:00,0,2022-05-04,100 MHz,20220329,114.74298655986786,115.57672119140625,117.97370910644531,2.4196044536098147,1.0815903625488281,9,2.335030040463298,1.9193394978841147,3.210306388861129,3.8717844865039335,112.55410156631214,120.99632873153942,115.26407188177109,111.61647462844849,3.7006597699951027,2.3949391693018374,10.0,10.0,0.2668063059506171,0.0,2.4097550144259867,3.710265265200754,115.53087818772171,111.34966832249788,0.9892183289213045,0.031904002007746506,certain_temperate,571.8082885742188,686.5512751340866,POINT (538746.7115092259 8669294.93267153),dronbreen
dronbreen-20220329-DAT_0235_A1_1,4675.0,4313,117.13997650146484,538752.1690350377,8669294.34520635,688.0416870117188,2022-03-29 10:23:33+00:00,0,2022-05-04,100 MHz,20220329,115.88937175273895,116.618896484375,118.80744934082031,2.527130476782183,1.0815903625488281,9,2.357810348163205,2.5967286427815752,3.6704368942274765,4.323038020747572,113.11143739236157,122.31490843283375,116.41045707464218,112.65864276885986,3.7101697834328733,2.3949391693018374,10.0,10.0,0.2668063059506171,0.0,2.4097550144259867,3.7197507210555587,116.6772633805928,112.39183646290925,0.9893238432678851,0.03167295994281233,certain_temperate,570.9017105102539,686.7910822629929,POINT (538752.1690350377 8669294.34520635),dronbreen
dronbreen-20220329-DAT_0235_A1_1,4680.0,4317,118.39057159423828,538756.8140293591,8669293.840743976,688.1710466657366,2022-03-29 10:23:34.142856960+00:00,0,2022-05-04,100 MHz,20220329,117.13996684551239,117.13997650146484,119.43275451660156,2.61582680035278,1.2360806488037108,9,2.382664679925437,2.822533289591471,3.895084147764107,4.526183270401244,113.44622703137131,123.1265039866951,117.66105216741562,113.9092378616333,3.7163285000710053,2.3949391693018374,10.0,10.0,0.2668063059506171,0.0,2.4097550144259867,3.7258936009144197,117.92785847336624,113.64243155568269,0.9894366187113944,0.03139040930394383,certain_temperate,569.7804750714984,686.9204419170107,POINT (538756.8140293591 8669293.840743976),dronbreen
dronbreen-20220329-DAT_0235_A1_1,4685.0,4322,119.74539184570312,538762.3560688779,8669293.335495595,688.31103515625,2022-03-29 10:23:35.500000+00:00,0,2022-05-04,100 MHz,20220329,118.49478709697723,117.86949157714844,119.84962463378906,2.6158249385801615,1.236091960144043,10,2.4095940627650116,2.1451441446940107,3.4548097317739708,4.153351304443834,114.64338138857345,123.07573482236405,119.01587241888046,115.26405811309814,3.7227687590835763,2.3949391693018374,10.0,10.0,0.2668063059506171,0.0,2.4097550144259867,3.732317355009309,119.28267872483109,114.99725180714753,0.9895561346499467,0.031089035675631822,certain_temperate,568.5656433105469,687.0604304075241,POINT (538762.3560688779 8669293.335495595),dronbreen
dronbreen-20220329-DAT_0235_A1_1,4690.0,4326,120.3707046508789,538767.1843375824,8669293.040136646,688.4167887369791,2022-03-29 10:23:36.666666752+00:00,0,2022-05-04,100 MHz,20220329,119.12009990215302,118.49479675292969,120.47491455078125,2.600653817073467,1.4678669792175292,10,2.4220244869240375,1.3548361460367837,3.1394931225509395,3.8033122241181103,115.71958800440869,123.25012329930225,119.64118522405624,115.88937091827393,3.7294891920928515,2.3949391693018374,10.0,10.0,0.2668063059506171,0.0,2.4097550144259867,3.7390206256227585,119.90799153000687,115.62256461232332,0.9896103894020299,0.030983362628887127,certain_temperate,568.0460840861002,687.1661839882532,POINT (538767.1843375824 8669293.040136646),dronbreen
dronbreen-20220329-DAT_0235_A1_1,4695.0,4330,120.99600982666016,538772.647543697,8669292.701027539,688.5302124023438,2022-03-29 10:23:38+00:00,0,2022-05-04,100 MHz,20220329,119.74540507793427,119.12010192871094,121.2044448852539,2.5314249747675035,1.5451347450256347,10,2.43445553617011,1.4677219390869143,3.235463309690249,3.806427964764735,116.27743039508867,124.04711641887617,120.2664903998375,116.51467609405518,3.7294891920928515,2.3949391693018374,10.0,10.0,0.2668063059506171,0.0,2.4097550144259867,3.7390206256227585,120.53329670578812,116.24786978810457,0.9896640827204342,0.03082324117494244,certain_temperate,567.5342025756836,687.2796076536179,POINT (538772.647543697 8669292.701027539),dronbreen
dronbreen-20220329-DAT_0235_A1_1,4700.0,4335,121.72552490234375,538777.6683739467,8669292.101109479,688.6773420061384,2022-03-29 10:23:39.285714432+00:00,0,2022-05-04,100 MHz,20220329,120.47492015361786,119.74539184570312,122.14239501953125,2.4298733204470495,1.4678613235473632,10,2.4489592412084864,1.467730204264323,3.2103349019652847,3.7491222534122044,116.89028531220735,124.99750155302702,120.99600547552109,117.24419116973877,3.7364881973442787,2.3949391693018374,10.0,10.0,0.2668063059506171,0.0,2.4097550144259867,3.746001822448584,121.26281178147171,116.97738486378816,0.9897260270618737,0.030696012199100692,certain_temperate,566.9518171037946,687.4267372574125,POINT (538777.6683739467 8669292.101109479),dronbreen
dronbreen-20220329-DAT_0235_A1_1,4705.0,4339,122.35083770751953,538782.0313876029,8669291.482285304,688.7985752650669,2022-03-29 10:23:40.428571392+00:00,0,2022-05-04,100 MHz,20220329,121.10023295879364,120.3707046508789,122.76769256591797,2.327386159252861,1.3906161804199217,10,2.4613920847952513,1.354827880859375,3.134935875435463,3.6483881257520285,117.56107663602594,125.57732058077093,121.62131828069687,117.86950397491455,3.743764208475082,2.3949391693018374,10.0,10.0,0.2668063059506171,0.0,2.4097550144259867,3.7532593906568823,121.88812458664749,117.60269766896394,0.9897785354627856,0.030598598903136036,certain_temperate,566.4477375575474,687.547970516341,POINT (538782.0313876029 8669291.482285304),dronbreen
dronbreen-20220329-DAT_0235_A1_1,4710.0,4343,122.97613525390625,538786.6830263805,8669290.747718839,688.9319051106771,2022-03-29 10:23:41.666666752+00:00,0,2022-05-04,100 MHz,20220329,121.72553050518036,120.99600982666016,123.4972152709961,2.2363942029333126,1.236097615814209,10,2.473825365056074,1.4677219390869143,3.1308077141679336,3.643553026674045,118.11955026197445,126.3736748356818,122.24661582708359,118.49480152130127,3.751315715214937,2.3949391693018374,10.0,10.0,0.2668063059506171,0.0,2.4097550144259867,3.7607918315314355,122.51342213303421,118.22799521535066,0.9898305086093022,0.030504420288291496,certain_temperate,565.9557698567709,687.6813003619512,POINT (538786.6830263805 8669290.747718839),dronbreen
dronbreen-20220329-DAT_0235_A1_1,4715.0,4347,123.70565795898438,538791.776785707,8669289.901837984,689.0540161132812,2022-03-29 10:23:43+00:00,0,2022-05-04,100 MHz,20220329,122.45505321025848,121.51708984375,124.22673797607422,2.159865183988439,1.0815847068786621,10,2.4883319562361637,1.5806242624918623,3.140062811753586,3.65447487289343,118.56918058741186,127.17464723241235,122.97613853216171,119.2243242263794,3.7672382208922697,2.3949391693018374,10.0,10.0,0.2668063059506171,0.0,2.4097550144259867,3.7766743859970995,123.24294483811234,118.95751792042878,0.9898904806024269,0.030453241048532545,certain_temperate,565.3483581542969,687.8034113645554,POINT (538791.776785707 8669289.901837984),dronbreen
dronbreen-20220329-DAT_0235_A1_1,4720.0,4352,124.43517303466797,538796.9160604606,8669288.809176944,689.1873982747396,2022-03-29 10:23:44.333333248+00:00,0,2022-05-04,100 MHz,20220329,123.18456828594208,122.24662017822266,124.74781036376953,1.994997504771935,0.8498096878051757,10,2.502839370648285,1.0161126454671223,2.8317602880598542,3.3580805332200634,119.54538160609592,127.44904893589627,123.7056536078453,119.95383930206299,3.7756058726702153,2.3949391693018374,10.0,10.0,0.2668063059506171,0.0,2.4097550144259867,3.785021177039414,123.97245991379593,119.68703299611238,0.9899497487870453,0.030341950596382596,certain_temperate,564.7522252400717,687.9367935260137,POINT (538796.9160604606 8669288.809176944),dronbreen
dronbreen-20220329-DAT_0235_A1_1,4725.0,4356,124.64360809326172,538801.8105317672,8669287.771519797,689.2992960611979,2022-03-29 10:23:45.666666752+00:00,0,2022-05-04,100 MHz,20220329,123.39300334453583,122.87191009521484,125.26890563964844,1.6947877745485,1.0815847068786621,10,2.5069845662473966,0.4516010284423828,2.7674429682374067,3.0596112016156436,120.32457519295075,127.81624054191253,123.91408866643906,120.16227436065674,3.784242005147873,2.3949391693018374,10.0,10.0,0.2668063059506171,0.0,2.4097550144259867,3.7936358758347657,124.18089497238968,119.89546805470613,0.9899665553022972,0.03036049792714923,certain_temperate,564.6556879679362,688.048691312472,POINT (538801.8105317672 8669287.771519797),dronbreen
dronbreen-20220329-DAT_0235_A1_1,4730.0,4360,124.85203552246094,538806.652059791,8669286.794376012,689.4070434570312,2022-03-29 10:23:47+00:00,0,2022-05-04,100 MHz,20220329,123.60143077373505,123.39300537109375,125.58155822753906,1.503201984135807,1.3133427589416504,10,2.511129687937431,0.4516010284423828,2.8695966617271185,2.961305793672917,120.84159090093588,128.13297269769694,124.12251609563828,120.37070178985596,3.8023124497478094,2.3949391693018374,10.0,10.0,0.2668063059506171,0.0,2.4097550144259867,3.811661785940904,124.3893224015889,120.10389548390535,0.9899833050899606,0.03045454912958765,certain_temperate,564.5550079345703,688.1564387083054,POINT (538806.652059791 8669286.794376012),dronbreen
dronbreen-20220329-DAT_0235_A1_1,4735.0,4365,125.06047058105469,538811.7074765381,8669285.947467437,689.5604654947916,2022-03-29 10:23:48.333333248+00:00,0,2022-05-04,100 MHz,20220329,123.8098658323288,124.53939056396484,125.78998565673828,1.1764675187842086,1.1588355056762694,10,2.515275038794354,0.6774056752522787,2.851032567134565,2.858244704779527,121.93449383479381,128.3948823859093,124.33095115423203,120.5791368484497,3.804025950106515,2.3949391693018374,10.0,10.0,0.2668063059506171,0.0,2.4097550144259867,3.81337108527072,124.59775746018265,120.3123305424991,0.9899999996568433,0.03041749269319305,certain_temperate,564.4999949137369,688.3098607460657,POINT (538811.7074765381 8669285.947467437),dronbreen
dronbreen-20220329-DAT_0235_A1_1,4740.0,4369,125.47733306884766,538816.8488680687,8669285.227107627,689.7534993489584,2022-03-29 10:23:49.666666752+00:00,0,2022-05-04,100 MHz,20220329,124.22672832012177,124.74781036376953,125.89421081542969,1.0435627327460166,1.081596018218994,10,2.523565819555379,0.6774139404296875,2.82791867615458,2.8135915249895502,122.13490506653493,128.5071161126643,124.747813642025,120.99599933624268,3.8236443613594493,2.3949391693018374,10.0,10.0,0.2668063059506171,0.0,2.4097550144259867,3.8329416649684256,125.01461994797562,120.72919303029207,0.9900332217928182,0.030472789529734978,certain_temperate,564.2761662801107,688.5028946002325,POINT (538816.8488680687 8669285.227107627),dronbreen
dronbreen-20220329-DAT_0235_A1_1,4745.0,4373,125.68577575683594,538822.0378600659,8669284.632191293,689.9718017578125,2022-03-29 10:23:51+00:00,0,2022-05-04,100 MHz,20220329,124.43517100811005,125.26890563964844,126.1026382446289,0.9490793089604113,0.9270774536132812,10,2.5277115521829345,0.45161755879720056,2.7299737572824925,2.7375236337152917,122.70116653482236,128.67037734945498,124.95625633001328,121.20444202423096,3.833840955923686,2.3949391693018374,10.0,10.0,0.2668063059506171,0.0,2.4097550144259867,3.8431135918956203,125.2230626359639,120.93763571828035,0.9900497511258121,0.030503379820330755,certain_temperate,564.2860260009766,688.7211970090866,POINT (538822.0378600659 8669284.632191293),dronbreen
dronbreen-20220329-DAT_0235_A1_1,4750.0,4377,125.89421081542969,538825.9349622878,8669284.00008925,690.1482543945312,2022-03-29 10:23:52+00:00,0,2022-05-04,100 MHz,20220329,124.6436060667038,125.58155822753906,126.41529083251953,0.8968435423897682,0.9270717979431152,10,2.531857208994208,0.6774139404296875,2.7800454478238117,2.770111714886359,122.96064415542139,129.0362049046372,125.16469138860703,121.4128770828247,3.8442929954681166,2.3949391693018374,10.0,10.0,0.2668063059506171,0.0,2.4097550144259867,3.8535404811549907,125.43149769455765,121.1460707768741,0.9900662251216669,0.030535899709511958,certain_temperate,564.2540435791016,688.8976496458054,POINT (538825.9349622878 8669284.00008925),dronbreen
dronbreen-20220329-DAT_0235_A1_1,4755.0,4381,126.31108093261719,538830.8427772444,8669282.945197824,690.3548409598214,2022-03-29 10:23:53.285714432+00:00,0,2022-05-04,100 MHz,20220329,125.0604761838913,125.89421081542969,126.62373352050781,0.8675009340141465,0.8498266548156738,10,2.5401487489016206,0.5645033518473307,2.737375575990357,2.7429140656077355,123.29209250513068,129.22585183080682,125.58156150579453,121.8297472000122,3.8549983983655967,2.3949391693018374,10.0,10.0,0.2668063059506171,0.0,2.4097550144259867,3.864220264981841,125.84836781174515,121.5629408940616,0.9900990100037775,0.03051987497773146,certain_temperate,564.0437600272043,689.1042362110956,POINT (538830.8427772444 8669282.945197824),dronbreen
dronbreen-20220329-DAT_0235_A1_1,4760.0,4386,126.41529083251953,538836.25327639,8669281.771885425,690.5363333565848,2022-03-29 10:23:54.714285568+00:00,0,2022-05-04,100 MHz,20220329,125.16468608379364,126.31108093261719,126.93638610839844,0.9064804063194282,0.6953080902099609,10,2.5422215289994297,0.33870697021484375,2.657266650995293,2.7201690096796103,123.74639523760887,129.50107180340675,125.68577140569687,121.93395709991455,3.8771611453350032,2.3949391693018374,10.0,10.0,0.2668063059506171,0.0,2.4097550144259867,3.886330422363807,125.95257771164749,121.66715079396394,0.9901071718421884,0.030670033030036174,certain_temperate,564.1210425240653,689.2857286078589,POINT (538836.25327639 8669281.771885425),dronbreen
dronbreen-20220329-DAT_0235_A1_1,4765.0,4390,126.62373352050781,538840.96924011,8669280.711498545,690.6722412109375,2022-03-29 10:23:56+00:00,0,2022-05-04,100 MHz,20220329,125.37312877178192,126.51951599121094,127.2490234375,0.9201553287121258,0.7725532333374023,10,2.5463676003807914,0.5645198822021485,2.720203880596201,2.7657470026428443,123.91132300493278,129.85721642377814,125.89421409368515,122.14239978790283,3.8863634178856405,2.472195447029918,10.0,10.0,0.2668063059506171,0.0,2.4865510115842127,3.895511034610834,126.16102039963577,121.87559348195222,0.990123457001658,0.030692219458654725,certain_temperate,564.0485076904297,689.4216364622116,POINT (538840.96924011 8669280.711498545),dronbreen
dronbreen-20220329-DAT_0235_A1_1,4770.0,4395,126.93638610839844,538845.858420764,8669279.859926717,690.7888793945312,2022-03-29 10:23:57.333333248+00:00,0,2022-05-04,100 MHz,20220329,125.68578135967255,126.83216094970703,127.56167602539062,0.9059490112967125,0.8498153434753417,10,2.552586618962061,0.5644950866699219,2.7489160169391793,2.766784552734119,124.21790136998304,130.1759356051146,126.20686668157578,122.45505237579346,3.9099536125222336,2.472195447029918,10.0,10.0,0.2668063059506171,0.11290180683135988,2.489112844206999,3.9206720948016636,126.49657761143656,122.16534144593267,0.990147783570442,0.03080246517482619,certain_temperate,563.8524932861328,689.5382746458054,POINT (538845.858420764 8669279.859926717),dronbreen
dronbreen-20220329-DAT_0235_A1_1,4775.0,4399,127.14480590820312,538850.6196967423,8669279.004686235,690.8904418945312,2022-03-29 10:23:58.666666752+00:00,0,2022-05-04,100 MHz,20220329,125.99841821193695,127.04060363769531,127.87432861328125,0.8565829496778407,0.9270661422729491,10,2.556732420057652,0.5644950866699219,2.7775865428096362,2.7548629222389867,124.4222959073763,130.49263634360028,126.41528648138046,122.66347217559814,3.929043244829865,2.39493934604153,10.0,10.0,0.2666189826326329,0.11290180683135988,2.412377866567275,3.939697110137915,126.70482490695787,122.37393375002074,0.9909836057550487,0.030902113670821775,certain_temperate,563.7456359863281,689.7440541982651,POINT (538850.6196967423 8669279.004686235),dronbreen
dronbreen-20220329-DAT_0235_A1_1,4780.0,4404,127.45745849609375,538856.2483557212,8669278.068132555,690.9623587472098,2022-03-29 10:24:00.142856960+00:00,0,2022-05-04,100 MHz,20220329,126.31107079982758,127.2490234375,128.18698120117188,0.7511994245276437,1.0043282524108885,10,2.5629517144326743,0.5645198822021485,2.809996339233491,2.729781083406795,124.62463699722203,130.81136764144986,126.72793906927109,122.97612476348877,3.9540881651236597,2.39493934604153,10.0,10.0,0.2666189826326329,0.0,2.4097344569719485,3.9630668552865784,126.99455805190372,122.70950578085613,0.9910057229306726,0.03102280723136216,certain_temperate,563.504900251116,689.8159710509436,POINT (538856.2483557212 8669278.068132555),dronbreen
dronbreen-20220329-DAT_0235_A1_1,4785.0,4408,127.66590118408203,538860.924312437,8669277.25476989,691.015625,2022-03-29 10:24:01.333333248+00:00,0,2022-05-04,100 MHz,20220329,126.51951348781586,127.3532485961914,128.18698120117188,0.6237540327142352,0.7725588890075683,10,2.5670981535690296,0.4516092936197917,2.718600949224784,2.680114359028092,124.74672909997787,130.7935006973854,126.93638175725937,123.18456745147705,3.992781525470187,2.39493934604153,10.0,10.0,0.2666189826326329,0.0,2.4097344569719485,4.001673398971497,127.203000739892,122.91794846884441,0.9910204080679836,0.031275238638021105,certain_temperate,563.349723815918,689.8692373037338,POINT (538860.924312437 8669277.25476989),dronbreen
dronbreen-20220329-DAT_0235_A1_1,4790.0,4412,127.87432861328125,538865.615257529,8669276.397554353,691.0712585449219,2022-03-29 10:24:02.500000+00:00,0,2022-05-04,100 MHz,20220329,126.72794091701508,127.45745849609375,128.18698120117188,0.5430878903777795,0.8498209991455078,10,2.571244361650401,0.45161755879720056,2.745441989429314,2.6664959110052853,124.8468539709439,130.79758572632173,127.14480918645859,123.39299488067627,3.992781525470187,2.39493934604153,10.0,10.0,0.2666189826326329,0.0,2.4097344569719485,4.001673398971497,127.41142816909122,123.12637589804363,0.9910350442602667,0.031224261888757942,certain_temperate,563.1969299316406,689.9248708486557,POINT (538865.615257529 8669276.397554353),dronbreen
dronbreen-20220329-DAT_0235_A1_1,4795.0,4416,128.08277893066406,538870.2770529403,8669275.663569732,691.1390991210938,2022-03-29 10:24:03.666666752+00:00,0,2022-05-04,100 MHz,20220329,126.93639123439789,127.87432861328125,128.29119873046875,0.4646470244282045,0.5407951812744141,10,2.57539109718127,0.33870697021484375,2.653266127474266,2.6387986987306644,125.2767601897142,130.8887671540358,127.3532595038414,123.60144519805908,3.9955159094310266,2.39493934604153,10.0,10.0,0.2666189826326329,0.0,2.4097344569719485,4.004401711169411,127.61987848647404,123.33482621542645,0.9910496344173891,0.031194794044825863,certain_temperate,563.0563201904297,689.9927114248276,POINT (538870.2770529403 8669275.663569732),dronbreen
dronbreen-20220329-DAT_0235_A1_1,4800.0,4421,128.18698120117188,538875.7472347247,8669274.642771544,691.2769775390625,2022-03-29 10:24:05+00:00,0,2022-05-04,100 MHz,20220329,127.0405935049057,127.66590118408203,128.39541625976562,0.5341234108351778,0.7725645446777343,10,2.577464036565367,0.1129105885823568,2.693125625828652,2.6346456078197793,125.08596520410077,130.97535223974688,127.45746177434921,123.7056474685669,3.9955159094310266,2.39493934604153,10.0,10.0,0.2666189826326329,0.0,2.4097344569719485,4.004401711169411,127.72408075698185,123.43902848593426,0.9910569101048797,0.03116943602221674,certain_temperate,563.0899963378906,690.1305898427963,POINT (538875.7472347247 8669274.642771544),dronbreen
dronbreen-20220329-DAT_0235_A1_1,4805.0,4425,127.97855377197266,538881.100520379,8669273.680658663,691.42431640625,2022-03-29 10:24:06.333333248+00:00,0,2022-05-04,100 MHz,20220329,126.83216607570648,127.56167602539062,128.29119873046875,0.6219148207006723,0.6180516357421875,10,2.5733177204197464,0.33870697021484375,2.668084392657397,2.6689819306442577,124.96616326258278,130.88671149327658,127.24903434515,123.49722003936768,3.982795000167993,2.39493934604153,10.0,10.0,0.2666189826326329,0.0,2.4097344569719485,3.9917091195706162,127.51565332778263,123.23060105673504,0.9910423452799071,0.031120800187071862,certain_temperate,563.4457626342773,690.2779287099838,POINT (538881.100520379 8669273.680658663),dronbreen
dronbreen-20220329-DAT_0235_A1_1,4810.0,4428,127.87432861328125,538884.9738903975,8669272.986009702,691.5296630859375,2022-03-29 10:24:07.333333248+00:00,0,2022-05-04,100 MHz,20220329,126.72794091701508,127.3532485961914,128.18698120117188,0.6300126791036379,0.7725588890075683,10,2.571244361650401,0.33870697021484375,2.706079676575637,2.6688829039173747,124.7597914480991,130.7804383492642,127.14480918645859,123.39299488067627,3.9827950001679926,2.39493934604153,10.0,10.0,0.2666189826326329,0.0,2.4097344569719485,3.991709119570616,127.41142816909122,123.12637589804363,0.9910350442602667,0.03114616548418251,certain_temperate,563.6553344726562,690.3832753896713,POINT (538884.9738903975 8669272.986009702),dronbreen
dronbreen-20220329-DAT_0235_A1_1,4815.0,4432,127.66590118408203,538889.8119662134,8669272.133121205,691.63037109375,2022-03-29 10:24:08.666666752+00:00,0,2022-05-04,100 MHz,20220329,126.51951348781586,127.04060363769531,128.08277893066406,0.7143924644221966,0.8498209991455078,10,2.5670981535690296,1.0161043802897136,2.8887119573072932,2.8518095369299616,124.27972315464258,130.84365941371678,126.93638175725937,123.18456745147705,3.982795000167993,2.39493934604153,10.0,10.0,0.2666189826326329,0.0,2.4097344569719485,3.9917091195706162,127.203000739892,122.91794846884441,0.9910204080679836,0.03119701473320729,certain_temperate,563.964469909668,690.4839833974838,POINT (538889.8119662134 8669272.133121205),dronbreen
dronbreen-20220329-DAT_0235_A1_1,4820.0,4437,126.93638610839844,538895.708517416,8669271.31078693,691.685302734375,2022-03-29 10:24:10.249999872+00:00,0,2022-05-04,100 MHz,20220329,125.78999841213226,126.51951599121094,127.56167602539062,0.8636663711448606,1.0043225967407226,10,2.552586618962061,1.4677219390869143,3.1110400216174083,3.068521751336912,123.57504555702737,130.5061464595742,126.20686668157578,122.45505237579346,3.982795000167993,2.39493934604153,10.0,10.0,0.2666189826326329,0.0,2.4097344569719485,3.9917091195706162,126.47348566420841,122.18843339316082,0.990968801527978,0.03137630684370398,certain_temperate,564.7489166259766,690.5389150381088,POINT (538895.708517416 8669271.31078693),dronbreen
dronbreen-20220329-DAT_0235_A1_1,4825.0,4442,126.31108093261719,538900.5416213041,8669270.519820828,691.7311401367188,2022-03-29 10:24:11.500000+00:00,0,2022-05-04,100 MHz,20220329,125.16469323635101,125.99842834472656,126.83216094970703,1.0671139625768473,0.6180459800720215,10,2.5401487489016206,1.241933822631836,2.8942591659743564,3.022166027118605,123.17092851513445,129.65966077929914,125.58156150579453,121.8297472000122,3.982795000167993,2.39493934604153,10.0,10.0,0.2666189826326329,0.0,2.4097344569719485,3.9917091195706162,125.84818048842716,121.56312821737957,0.9909240924248148,0.03153163578967932,certain_temperate,565.4200592041016,690.5847524404526,POINT (538900.5416213041 8669270.519820828),dronbreen
dronbreen-20220329-DAT_0235_A1_1,4830.0,4446,125.78998565673828,538904.9696410852,8669269.903264774,691.7821858723959,2022-03-29 10:24:12.666666752+00:00,0,2022-05-04,100 MHz,20220329,124.6435979604721,125.78998565673828,126.20686340332031,1.137617009544399,0.6180516357421875,10,2.529784219377014,0.9032268524169923,2.756377109174227,2.917156047238614,123.1037937530322,128.8930553070264,125.06046622991562,121.3086519241333,3.9827950001679926,2.39493934604153,10.0,10.0,0.2666189826326329,0.0,2.4097344569719485,3.991709119570616,125.32708521254825,121.04203294150066,0.9908864947373912,0.03166225816287501,certain_temperate,565.9922002156576,690.6357981761297,POINT (538904.9696410852 8669269.903264774),dronbreen
dronbreen-20220329-DAT_0235_A1_1,4835.0,4450,125.47733306884766,538909.9284992977,8669269.302042436,691.8397216796875,2022-03-29 10:24:14+00:00,0,2022-05-04,100 MHz,20220329,124.33094537258148,125.16468811035156,125.68577575683594,1.0673974390539298,0.6953024345397949,10,2.523565819555379,1.0161126454671223,2.8079022115065495,2.9223631955671245,122.44423422287132,128.4062296443162,124.747813642025,120.99599933624268,3.9827950001679926,2.39493934604153,10.0,10.0,0.2666189826326329,0.0,2.4097344569719485,3.991709119570616,125.01443262465763,120.72938035361004,0.9908637865642461,0.03174115119248421,certain_temperate,566.3623886108398,690.6933339834213,POINT (538909.9284992977 8669269.302042436),dronbreen
dronbreen-20220329-DAT_0235_A1_1,4840.0,4454,124.85203552246094,538914.6685711087,8669268.741045859,691.8877410888672,2022-03-29 10:24:15.249999872+00:00,0,2022-05-04,100 MHz,20220329,123.70564782619476,124.53939056396484,125.26890563964844,1.0546028741396758,0.6953024345397949,10,2.511129687937431,1.2419007619222007,2.8864398984875206,2.9933721843845857,121.73794632712848,128.0703498764848,124.12251609563828,120.37070178985596,3.9827950001679935,2.39493934604153,10.0,10.0,0.2666189826326329,0.0,2.4097344569719485,3.9917091195706167,124.38913507827091,120.10408280722332,0.9908180295862302,0.031900120678861395,certain_temperate,567.0357055664062,690.741353392601,POINT (538914.6685711087 8669268.741045859),dronbreen
dronbreen-20220329-DAT_0235_A1_1,4845.0,4459,124.33096313476562,538920.1823811159,8669267.985304741,691.9329020182291,2022-03-29 10:24:16.666666752+00:00,0,2022-05-04,100 MHz,20220329,123.18457543849945,123.28878021240234,124.95625305175781,1.142118040060254,1.236108927154541,10,2.5007669538778257,1.0161126454671225,2.968886246671759,2.9309987859630118,120.58946173065819,127.65557153350197,123.60144370794296,119.84962940216064,3.9703067846474056,2.39493934604153,10.0,10.0,0.2666189826326329,0.0,2.4097344569719485,3.9792488796401364,123.8680626905756,119.58301041952801,0.9907795478506543,0.03193337109714082,certain_temperate,567.6019388834635,690.786514321963,POINT (538920.1823811159 8669267.985304741),dronbreen
dronbreen-20220329-DAT_0235_A1_1,4850.0,4463,123.9140853881836,538924.7547749062,8669267.15145718,691.9593505859375,2022-03-29 10:24:17.857143040+00:00,0,2022-05-04,100 MHz,20220329,122.76769769191742,122.87191009521484,124.43517303466797,1.118630608295647,1.3133540702819824,10,2.492476724672875,1.0161209106445312,2.994969255603694,2.9148372794893684,120.18026711590181,127.126816013981,123.18456596136093,119.43275165557861,3.970306784647405,2.39493934604153,10.0,10.0,0.2666189826326329,0.0,2.4097344569719485,3.979248879640136,123.45118494399357,119.16613267294598,0.9907485279605228,0.03204080288539992,certain_temperate,568.0452651977539,690.8129628896713,POINT (538924.7547749062 8669267.15145718),dronbreen
dronbreen-20220329-DAT_0235_A1_1,4855.0,4468,123.39300537109375,538930.2477321913,8669266.104949398,691.9856363932291,2022-03-29 10:24:19.333333248+00:00,0,2022-05-04,100 MHz,20220329,122.24661767482758,122.45503997802734,123.80986785888672,1.1160377677892683,1.3133653816223143,10,2.4821147253510074,1.1290232340494792,3.0266343681508308,2.9463752768376104,119.7282127057514,126.53669513116266,122.66348594427109,118.91167163848877,3.9703067846474056,2.39493934604153,10.0,10.0,0.2666189826326329,0.0,2.4097344569719485,3.9792488796401364,122.93010492690372,118.64505265585613,0.9907094596422341,0.03217610895128985,certain_temperate,568.5926310221354,690.839248696963,POINT (538930.2477321913 8669266.104949398),dronbreen
dronbreen-20220329-DAT_0235_A1_1,4860.0,4473,122.87191009521484,538934.9149742019,8669265.185259996,692.0203399658203,2022-03-29 10:24:20.750000128+00:00,0,2022-05-04,100 MHz,20220329,121.72552239894867,121.82974243164062,123.18456268310547,1.131073937025159,1.5451177780151366,10,2.4717529237726463,1.1290149688720705,3.125960054775854,2.9433935460847604,119.11234711330437,125.90195800144173,122.14239066839218,118.39057636260986,3.9703067846474056,2.39493934604153,10.0,10.0,0.2666189826326329,0.0,2.4097344569719485,3.9792488796401364,122.40900965102482,118.12395737997723,0.9906700588004383,0.03231256665230295,certain_temperate,569.1484298706055,690.8739522695541,POINT (538934.9149742019 8669265.185259996),dronbreen
dronbreen-20220329-DAT_0235_A1_1,4865.0,4478,122.35083770751953,538940.0079140614,8669264.15382661,692.0872395833334,2022-03-29 10:24:22.333333248+00:00,0,2022-05-04,100 MHz,20220329,121.20445001125336,121.2044448852539,122.45503997802734,1.1511678182660758,1.622379888153076,10,2.4613920847952513,1.5806242624918623,3.3449873775179246,3.143566668623736,118.27923992589282,125.38024493738843,121.62131828069687,117.86950397491455,3.946037696365394,2.39493934604153,10.0,10.0,0.2666189826326329,0.0,2.4097344569719485,3.95503466268461,121.8879372633295,117.60288499228191,0.9906303240930264,0.032251824101101965,certain_temperate,569.7364018758138,690.9408518870672,POINT (538940.0079140614 8669264.15382661),dronbreen
dronbreen-20220329-DAT_0235_A1_1,4870.0,4483,121.41287231445312,538944.9991177002,8669263.004282126,692.1932024274554,2022-03-29 10:24:23.857143040+00:00,0,2022-05-04,100 MHz,20220329,120.26648461818695,120.47491455078125,121.93396759033203,1.1534703959513963,1.3906161804199217,10,2.442743176320073,1.9193394978841147,3.403626256633066,3.3138123495352896,117.36833148677084,125.04055065434244,120.68335288763046,116.93153858184814,3.9267233527066603,2.39493934604153,10.0,10.0,0.2666189826326329,0.0,2.4097344569719485,3.935764470924536,120.9499718702631,116.66491959921551,0.9905579394143885,0.0323419031100479,certain_temperate,570.7803301130023,691.0468147311892,POINT (538944.9991177002 8669263.004282126),dronbreen
dronbreen-20220329-DAT_0235_A1_1,4875.0,4488,120.57913970947266,538949.6262696085,8669261.795496458,692.331298828125,2022-03-29 10:24:25.249999872+00:00,0,2022-05-04,100 MHz,20220329,119.43275201320648,119.74539184570312,121.41287231445312,1.1431753456573208,1.2361145828247069,10,2.42616808429066,1.5806159973144531,3.14843100068413,3.1131155415621357,116.84976781896951,124.30849634118674,119.84962028265,116.09780597686768,3.915196933009303,2.39493934604153,10.0,10.0,0.2666189826326329,0.0,2.4097344569719485,3.9242646070500284,120.11623926528263,115.83118699423504,0.9904926532149066,0.03246993586488266,certain_temperate,571.7521591186523,691.1849111318588,POINT (538949.6262696085 8669261.795496458),dronbreen
dronbreen-20220329-DAT_0235_A1_1,4880.0,4493,119.95384216308594,538954.801226934,8669260.363307873,692.5229085286459,2022-03-29 10:24:26.666666752+00:00,0,2022-05-04,100 MHz,20220329,118.80745446681976,119.12010192871094,120.89179229736328,1.1421171350359236,1.3133484146118164,10,2.4137377032052623,0.9032268524169921,2.8925477532730715,2.818932421493,116.54290413909492,123.4689900869793,119.22432273626328,115.47250843048096,3.903914752817302,2.39493934604153,10.0,10.0,0.2666189826326329,0.0,2.4097344569719485,3.913008571312442,119.49094171889591,115.20588944784832,0.990443093146549,0.032545141384547296,certain_temperate,572.5690663655599,691.3765208323797,POINT (538954.801226934 8669260.363307873),dronbreen
dronbreen-20220329-DAT_0235_A1_1,4885.0,4496,119.74539184570312,538958.6288883771,8669259.481467644,692.6360270182291,2022-03-29 10:24:27.666666752+00:00,0,2022-05-04,100 MHz,20220329,118.59900414943695,118.70323944091797,120.57913970947266,1.1418530055603202,1.1588524726867675,10,2.4095940627650116,0.6774139404296875,2.7582552904785853,2.75115638964927,116.20023460792206,123.08214454246857,119.01587241888046,115.26405811309814,3.892878782054064,2.39493934604153,10.0,10.0,0.2666189826326329,0.0,2.4097344569719485,3.901998320561759,119.2824914015131,114.99743913046551,0.9904264566794909,0.03250963333161245,certain_temperate,572.890635172526,691.489639321963,POINT (538958.6288883771 8669259.481467644),dronbreen
dronbreen-20220329-DAT_0235_A1_1,4890.0,4500,119.32853698730469,538963.8195953728,8669258.390919449,692.7494506835938,2022-03-29 10:24:29+00:00,0,2022-05-04,100 MHz,20220329,118.18214929103851,118.18214416503906,120.16226196289062,1.1596806013247447,1.1588468170166015,10,2.401307955221949,0.9032020568847656,2.8151340637139466,2.815477392639126,115.61659279128466,122.72781333664503,118.59901756048203,114.8472032546997,3.8820912745238716,2.39493934604153,10.0,10.0,0.2666189826326329,0.0,2.4097344569719485,3.8912360948205698,118.86563654311466,114.58058427206707,0.9903930130611747,0.03253279871299256,certain_temperate,573.4209136962891,691.6030629873276,POINT (538963.8195953728 8669258.390919449),dronbreen
dronbreen-20220329-DAT_0235_A1_1,4895.0,4504,118.91166687011719,538968.8916093193,8669257.421021448,692.7857055664062,2022-03-29 10:24:30.333333248+00:00,0,2022-05-04,100 MHz,20220329,117.76527917385101,117.55684661865234,119.74539184570312,1.1679703055384367,1.081596018218994,10,2.393021898590126,1.0161291758219402,2.8158342024550467,2.8501275311304957,114.95702502687178,122.3452134374837,118.18214744329453,114.4303331375122,3.8715543032935495,2.39493934604153,10.0,10.0,0.2666189826326329,0.0,2.4097344569719485,3.8807239537553895,118.44876642592716,114.16371415487957,0.9903593337269561,0.03255823759936277,certain_temperate,573.8740386962891,691.6393178701401,POINT (538968.8916093193 8669257.421021448),dronbreen
dronbreen-20220329-DAT_0235_A1_1,4900.0,4509,118.39057159423828,538974.2394741619,8669256.319546172,692.8164672851562,2022-03-29 10:24:31.750000128+00:00,0,2022-05-04,100 MHz,20220329,117.2441838979721,116.93154907226562,119.0158920288086,1.1884609302981954,1.1588524726867675,10,2.382664679925437,1.1290232340494792,2.88005616150796,2.892096786560398,114.2949253903596,121.65251571071462,117.66105216741562,113.9092378616333,3.8612698226087354,2.39493934604153,10.0,10.0,0.2666189826326329,0.0,2.4097344569719485,3.870463838468066,117.92767115004825,113.64261887900066,0.9903169004015353,0.032614673369789286,certain_temperate,574.425895690918,691.6700795888901,POINT (538974.2394741619 8669256.319546172),dronbreen
dronbreen-20220329-DAT_0235_A1_1,4905.0,4514,117.86949157714844,538978.9589069964,8669255.479049396,692.837158203125,2022-03-29 10:24:33+00:00,0,2022-05-04,100 MHz,20220329,116.72310388088226,116.20201873779297,118.18214416503906,1.215171540024324,1.1588411613464356,10,2.372308331111744,1.0161126454671223,2.8290006297933443,2.852538097523935,113.62125688784626,120.76290601498577,117.13997215032578,113.38815784454346,3.841466542699432,2.39493934604153,10.0,10.0,0.2666189826326329,0.0,2.4097344569719485,3.8507078414986493,117.40659113295841,113.12153886191082,0.990274093143807,0.032590846802669875,certain_temperate,574.9676666259766,691.6907705068588,POINT (538978.9589069964 8669255.479049396),dronbreen
dronbreen-20220329-DAT_0235_A1_1,4910.0,4518,117.45262145996094,538984.1151058385,8669254.69772135,692.88818359375,2022-03-29 10:24:34.333333248+00:00,0,2022-05-04,100 MHz,20220329,116.30623376369476,115.68093872070312,117.55684661865234,1.2467856804143236,1.1588355056762694,10,2.3640235436912955,1.0161043802897136,2.8220515863439966,2.8592918633215643,113.10779367489427,120.1299916644612,116.72310203313828,112.97128772735596,3.8354930353102845,2.39493934604153,10.0,10.0,0.2666189826326329,0.0,2.4097344569719485,3.8447486921532024,116.98972101577091,112.70466874472332,0.9902395733529288,0.03265566138613421,certain_temperate,575.4355621337891,691.7417958974838,POINT (538984.1151058385 8669254.69772135),dronbreen
dronbreen-20220329-DAT_0235_A1_1,4915.0,4522,116.93154907226562,538989.1288139006,8669253.974319458,692.9685465494791,2022-03-29 10:24:35.666666752+00:00,0,2022-05-04,100 MHz,20220329,115.78516137599945,115.15984344482422,117.03575897216797,1.271134550121338,1.1588241943359374,10,2.353668385175759,1.2419090270996094,2.9025792689168197,2.949216157469564,112.49862325495504,119.69697916203715,116.20202964544296,112.45021533966064,3.826278748162201,2.39493934604153,10.0,10.0,0.2666189826326329,0.0,2.4097344569719485,3.835556640246336,116.4686486280756,112.18359635702801,0.990196078771199,0.032722381414766834,certain_temperate,576.0369974772135,691.822158853213,POINT (538989.1288139006 8669253.974319458),dronbreen
dronbreen-20220329-DAT_0235_A1_1,4920.0,4526,116.30624389648438,538993.1270217902,8669253.283591589,693.0474243164062,2022-03-29 10:24:36.750000128+00:00,0,2022-05-04,100 MHz,20220329,115.1598562002182,114.6387710571289,116.618896484375,1.3113251635233174,1.1588524726867675,10,2.34124260761746,1.5806407928466797,3.0533229958827843,3.1143885352062033,111.81390959791814,119.44375794358577,115.57672446966171,111.8249101638794,3.8173267117264253,2.39493934604153,10.0,10.0,0.2666189826326329,0.0,2.4097344569719485,3.8266263086379553,115.84334345229435,111.55829118124676,0.9901433692821643,0.032821339455549325,certain_temperate,576.7411804199219,691.9010366201401,POINT (538993.1270217902 8669253.283591589),dronbreen
dronbreen-20220329-DAT_0235_A1_1,4925.0,4531,115.47249603271484,538999.0355052736,8669252.275966482,693.1617228190104,2022-03-29 10:24:38.333333248+00:00,0,2022-05-04,100 MHz,20220329,114.32610833644867,113.90924835205078,115.88937377929688,1.3301005250907405,1.1588355056762694,10,2.3246760927084313,1.5806242624918623,3.040623574927363,3.1099291635075463,111.0981112164439,118.70051091490376,114.74297660589218,110.99116230010986,3.808638896574435,2.39493934604153,10.0,10.0,0.2666189826326329,0.0,2.4097344569719485,3.8179596548941936,115.00959558852482,110.72454331747723,0.9900722012976892,0.03298308278964887,certain_temperate,577.6892267862955,692.0153351227442,POINT (538999.0355052736 8669252.275966482),dronbreen
dronbreen-20220329-DAT_0235_A1_1,4930.0,4534,114.84720611572266,539002.8176760206,8669251.641046187,693.2038981119791,2022-03-29 10:24:39.333333248+00:00,0,2022-05-04,100 MHz,20220329,113.70081841945648,113.49237823486328,115.47249603271484,1.2990724445569128,1.236091960144043,10,2.3122526464543,2.0322252909342446,3.3172843212604537,3.3412634063112656,110.41399360422537,118.55088066335276,114.1176866889,110.36587238311768,3.808638896574435,2.39493934604153,10.0,10.0,0.2666189826326329,0.11290180683135988,2.412377866567275,3.8196286134106776,114.4072251144774,110.07633395754027,0.9900181490256624,0.033162660419764706,certain_temperate,578.3566919962565,692.057510415713,POINT (539002.8176760206 8669251.641046187),dronbreen
dronbreen-20220329-DAT_0235_A1_1,4935.0,4539,113.59659576416016,539008.2557039503,8669250.743905714,693.2455596923828,2022-03-29 10:24:40.750000128+00:00,0,2022-05-04,100 MHz,20220329,112.34599101543427,112.76284790039062,114.84720611572266,1.342967062473639,1.6996363426208496,10,2.2874078402598874,2.1451441446940107,3.5668812324431243,3.411369015525362,109.62694643044655,117.98310758566673,112.8670763373375,109.11526203155518,3.793399201239937,2.472195447029918,10.0,10.0,0.2668063059506171,0.11290180683135988,2.489112844206999,3.8044460730635405,113.15678726719828,108.82555110169439,0.9889908254704896,0.03339359930393934,certain_temperate,579.6489639282227,691.9949549436569,POINT (539008.2557039503 8669250.743905714),dronbreen
dronbreen-20220329-DAT_0235_A1_1,4940.0,4544,112.86707305908203,539012.916274723,8669249.948345123,693.2745971679688,2022-03-29 10:24:42+00:00,0,2022-05-04,100 MHz,20220329,111.61646831035614,111.51225280761719,113.90924835205078,1.4077260130379228,1.6996476539611816,10,2.272916732388071,1.5806242624918623,3.248588259407978,3.1058358068853633,108.74376521841842,116.67773594124955,112.13755363225937,108.38573932647705,3.7852621801656574,2.472195447029918,10.0,10.0,0.2668063059506171,0.0,2.4865510115842127,3.7946535253547826,112.40435993820999,108.11893302052644,0.9889196670487659,0.03353734687692488,certain_temperate,580.4075241088867,692.0239924192429,POINT (539012.916274723 8669249.948345123),dronbreen
dronbreen-20220329-DAT_0235_A1_1,4945.0,4549,112.13755798339844,539018.7127487394,8669248.720469126,693.3169148763021,2022-03-29 10:24:43.666666752+00:00,0,2022-05-04,100 MHz,20220329,110.88695323467255,110.88694763183594,112.65865325927734,1.562097524781129,1.7768814857482909,10,2.258427055317931,1.5806242624918623,3.279660597952937,3.1684403892605104,108.13034359364511,115.41525729746817,111.40803855657578,107.65622425079346,3.7773952451910913,2.472195447029918,10.0,10.0,0.2668063059506171,0.0,2.4865510115842127,3.7868061005664497,111.6748448625264,107.38941794484285,0.9888475835285174,0.033685371013254285,certain_temperate,581.1793568929037,692.0663101275762,POINT (539018.7127487394 8669248.720469126),dronbreen
dronbreen-20220329-DAT_0235_A1_1,4950.0,4554,111.40803527832031,539023.3909991297,8669247.646327928,693.3706665039062,2022-03-29 10:24:45+00:00,0,2022-05-04,100 MHz,20220329,110.15743052959442,110.26165771484375,111.82490539550781,1.4574270749708804,1.931394394683838,10,2.243938530760187,1.9193394978841147,3.5283719398306608,3.292904176684528,107.30884139174334,114.77772171860822,110.67851585149765,106.92670154571533,3.769799976896854,2.472195447029918,10.0,10.0,0.2668063059506171,0.0,2.4865510115842127,3.7792297456897925,110.94532215744827,106.65989523976472,0.9887745552140685,0.033837774514909214,certain_temperate,581.9626312255859,692.1200617551804,POINT (539023.3909991297 8669247.646327928),dronbreen
dronbreen-20220329-DAT_0235_A1_1,4955.0,4558,110.36585998535156,539028.2510297288,8669246.484427936,693.4251302083334,2022-03-29 10:24:46.333333248+00:00,0,2022-05-04,100 MHz,20220329,109.11525523662567,109.74056243896484,111.19960021972656,1.344363314593641,1.776892797088623,10,2.2232429512139444,1.9193229675292969,3.432776993361699,3.230158292627957,106.80345333751697,114.13670932117444,109.6363405585289,105.88452625274658,3.7624780244762843,2.472195447029918,10.0,10.0,0.2668063059506171,0.0,2.4865510115842127,3.7719260981045184,109.90314686447952,105.61771994679597,0.9886685543075379,0.03409095915145919,certain_temperate,583.0592702229818,692.1745254596075,POINT (539028.2510297288 8669246.484427936),dronbreen
dronbreen-20220329-DAT_0235_A1_1,4960.0,4562,109.6363525390625,539032.5418509674,8669245.306064073,693.4542541503906,2022-03-29 10:24:47.500000+00:00,0,2022-05-04,100 MHz,20220329,108.38574779033661,109.1152572631836,110.57429504394531,1.2146238195955321,1.5451234336853026,10,2.2087580037722194,1.4677219390869143,3.069238673519599,2.9168700061596384,106.4633108818054,113.22624142532351,108.90683311223984,105.15501880645752,3.7624780244762843,2.472195447029918,10.0,10.0,0.2668063059506171,0.0,2.4865510115842127,3.7719260981045184,109.17363941819046,104.88821250050691,0.9885931561953385,0.034317796400019286,certain_temperate,583.8179016113281,692.2036494016647,POINT (539032.5418509674 8669245.306064073),dronbreen
dronbreen-20220329-DAT_0235_A1_1,4965.0,4567,109.01103973388672,539037.603625752,8669243.777873585,693.4844796316964,2022-03-29 10:24:48.857143040+00:00,0,2022-05-04,100 MHz,20220329,107.76043498516083,108.38573455810547,109.74056243896484,1.138465677620684,1.3906105247497558,10,2.1963430318475328,1.3548361460367837,2.931433323085792,2.8205687006831335,105.80513313670134,112.32116386036897,108.28152030706406,104.52970600128174,3.755431085383416,2.472195447029918,10.0,10.0,0.2668063059506171,0.0,2.4865510115842127,3.7648968434685,108.54832661301468,104.26289969533113,0.9885277238729323,0.03445000703186595,certain_temperate,584.4734398978097,692.2338748829706,POINT (539037.603625752 8669243.777873585),dronbreen
dronbreen-20220329-DAT_0235_A1_1,4970.0,4571,108.38573455810547,539041.9007588413,8669242.413633231,693.51025390625,2022-03-29 10:24:50+00:00,0,2022-05-04,100 MHz,20220329,107.13512980937958,108.07308197021484,109.1152572631836,0.9649668025198044,0.9270831092834472,10,2.183929253039127,0.9032103220621746,2.5386647986054323,2.552742994922323,105.70975045132892,111.47858878206952,107.6562151312828,103.90440082550049,3.7486606115914722,2.472195447029918,10.0,10.0,0.2668063059506171,0.0,2.4865510115842127,3.7581434227278185,107.92302143723343,103.63759451954988,0.9884615373616771,0.03458629151589889,certain_temperate,585.1245193481445,692.2596491575241,POINT (539041.9007588413 8669242.413633231),dronbreen
dronbreen-20220329-DAT_0235_A1_1,4975.0,4575,108.17730712890625,539047.1115803208,8669241.075874822,693.5629679361979,2022-03-29 10:24:51.333333248+00:00,0,2022-05-04,100 MHz,20220329,106.92670238018036,107.86466217041016,108.48995971679688,0.8572184774570479,0.6180346687316894,10,2.179791712770898,0.7902914683024089,2.3995873327909014,2.472018615227248,105.54603056622284,110.80859132098419,107.44778770208359,103.69597339630127,3.7486606115914722,2.472195447029918,10.0,10.0,0.2668063059506171,0.0,2.4865510115842127,3.7581434227278185,107.71459400803421,103.42916709035066,0.9884393059698219,0.03465292963083739,certain_temperate,585.3856608072916,692.312363187472,POINT (539047.1115803208 8669241.075874822),dronbreen
dronbreen-20220329-DAT_0235_A1_1,4980.0,4579,107.65623474121094,539052.3004194718,8669239.61344224,693.6444295247396,2022-03-29 10:24:52.666666752+00:00,0,2022-05-04,100 MHz,20220329,106.40562999248505,107.34356689453125,108.07308197021484,0.79369126870327,0.6180686027526855,10,2.169448305782345,0.9032185872395834,2.429880360327564,2.480374084248737,104.99360736981663,110.42304149492946,106.92671531438828,103.17490100860596,3.755431085383416,2.472195447029918,10.0,10.0,0.2668063059506171,0.0,2.4865510115842127,3.7648968434685,107.1935216203389,102.90809470265535,0.9883833504698344,0.03488354477946304,certain_temperate,585.9881947835287,692.3938247760137,POINT (539052.3004194718 8669239.61344224),dronbreen
dronbreen-20220329-DAT_0235_A1_1,4985.0,4583,107.34356689453125,539056.4697103064,8669238.323083365,693.7212219238281,2022-03-29 10:24:53.750000128+00:00,0,2022-05-04,100 MHz,20220329,106.09296214580536,106.61405944824219,107.55200958251953,0.7936922704822224,0.9270774536132812,10,2.1632421365756267,0.7903245290120442,2.482680407868173,2.4360165891958983,104.3109681772296,109.85510085353212,106.61404746770859,102.86223316192627,3.755431085383416,2.472195447029918,10.0,10.0,0.2668063059506171,0.0,2.4865510115842127,3.7648968434685,106.88085377365921,102.59542685597566,0.988349513763087,0.034985152757903565,certain_temperate,586.3776550292969,692.4706171751022,POINT (539056.4697103064 8669238.323083365),dronbreen
dronbreen-20220329-DAT_0235_A1_1,4990.0,4587,106.92670440673828,539061.2629906364,8669236.926765313,693.80615234375,2022-03-29 10:24:55+00:00,0,2022-05-04,100 MHz,20220329,105.67609965801239,106.19718170166016,107.13513946533203,0.7582350097826878,0.9270717979431152,10,2.1549682239221983,0.7902997334798177,2.4754643672236822,2.4173088435102406,103.90186871323077,109.43045245376142,106.19718497991562,102.4453706741333,3.755431085383416,2.472195447029918,10.0,10.0,0.2668063059506171,0.0,2.4865510115842127,3.7648968434685,106.46399128586624,102.17856436818269,0.9883040933912195,0.0351215452325,certain_temperate,586.8794479370117,692.5555475950241,POINT (539061.2629906364 8669236.926765313),dronbreen
dronbreen-20220329-DAT_0235_A1_1,4995.0,4591,106.61405944824219,539066.4271747303,8669235.432654293,693.8983561197916,2022-03-29 10:24:56.333333248+00:00,0,2022-05-04,100 MHz,20220329,105.3634546995163,105.88452911376953,106.8224868774414,0.7479800679436235,0.8498266548156738,10,2.148763148607433,0.6774056752522787,2.407959065456164,2.3739283265756512,103.6315174587448,109.07549853246614,105.88454002141953,102.1327257156372,3.7624780244762843,2.472195447029918,10.0,10.0,0.2668063059506171,0.0,2.4865510115842127,3.7719260981045184,106.15134632737015,101.8659194096866,0.9882697952296524,0.03529063656283391,certain_temperate,587.2842966715494,692.6477513710657,POINT (539066.4271747303 8669235.432654293),dronbreen
dronbreen-20220329-DAT_0235_A1_1,5000.0,4595,106.30140686035156,539071.1235848961,8669233.956024338,693.997802734375,2022-03-29 10:24:57.500000+00:00,0,2022-05-04,100 MHz,20220329,105.05080211162567,105.46766662597656,106.30140686035156,0.754803793119884,0.6180516357421875,10,2.142558199955371,0.9032268524169923,2.405901538211134,2.444606952708609,103.14250547304047,108.62656801328765,105.5718874335289,101.82007312774658,3.7624780244762843,2.472195447029918,10.0,10.0,0.2668063059506171,0.0,2.4865510115842127,3.7719260981045184,105.83869373947952,101.55326682179597,0.9882352944738652,0.0353944330145984,certain_temperate,587.6963958740234,692.7471979856491,POINT (539071.1235848961 8669233.956024338),dronbreen
dronbreen-20220329-DAT_0235_A1_1,5005.0,4599,105.78031158447266,539075.8711714683,8669232.480893314,694.1263427734375,2022-03-29 10:24:58.666666752+00:00,0,2022-05-04,100 MHz,20220329,104.52970683574677,105.15501403808594,105.98873901367188,0.8223681646082077,0.7725588890075683,10,2.1322170920343098,1.0161209106445312,2.4850953039263763,2.5010279548164576,102.7930548020676,108.35069824969021,105.05079215765,101.29897785186768,3.7553667824902295,2.472195447029918,10.0,10.0,0.2668063059506171,0.0,2.4865510115842127,3.7648327022493353,105.31759846360062,101.03217154591707,0.9881773391475861,0.03550156665488093,certain_temperate,588.3460311889648,692.8757380247116,POINT (539075.8711714683 8669232.480893314),dronbreen
dronbreen-20220329-DAT_0235_A1_1,5010.0,4603,105.36344909667969,539081.3322923017,8669230.902404822,694.2945556640625,2022-03-29 10:25:00+00:00,0,2022-05-04,100 MHz,20220329,104.1128443479538,104.84236907958984,105.67608642578125,0.9074760257954391,0.6180403244018554,10,2.1239450468925614,0.9032020568847656,2.389328432921491,2.4800058982135105,102.53435770228246,107.98409780308863,104.63392966985703,100.8821153640747,3.762670499951339,2.472195447029918,10.0,10.0,0.2668063059506171,0.0,2.4865510115842127,3.7721180914837587,104.90073597580765,100.6153090581241,0.9881305636874287,0.035711345179093155,certain_temperate,588.9311065673828,693.0439509153366,POINT (539081.3322923017 8669230.902404822),dronbreen
dronbreen-20220329-DAT_0235_A1_1,5015.0,4607,104.94658660888672,539085.4047513753,8669229.53179288,694.4269409179688,2022-03-29 10:25:01+00:00,0,2022-05-04,100 MHz,20220329,103.69598186016083,104.52971649169922,105.36344909667969,0.9781983070153917,0.5407951812744141,10,2.115673513645861,0.9032103220621746,2.3631171638985458,2.499747033215573,102.22931146166162,107.66385412671728,104.21706718206406,100.46525287628174,3.762670499951339,2.472195447029918,10.0,10.0,0.2668063059506171,0.0,2.4865510115842127,3.7721180914837587,104.48387348801468,100.19844657033113,0.9880834166299602,0.03585319562582821,certain_temperate,589.480354309082,693.1763361692429,POINT (539085.4047513753 8669229.53179288),dronbreen
dronbreen-20220329-DAT_0235_A1_1,5020.0,4611,104.52971649169922,539090.5419586962,8669227.866418894,694.5473937988281,2022-03-29 10:25:02.249999872+00:00,0,2022-05-04,100 MHz,20220329,103.27911174297333,104.2170639038086,104.6339340209961,1.0764076352910785,0.5407951812744141,10,2.107402346950863,1.1290232340494792,2.451182886495248,2.6219251538269512,101.82628199929334,107.02471592551134,103.80019706487656,100.04838275909424,3.762670499951339,2.472195447029918,10.0,10.0,0.2668063059506171,0.0,2.4865510115842127,3.7721180914837587,104.06700337082718,99.78157645314363,0.9880358926561787,0.03599618009343913,certain_temperate,590.0176773071289,693.2967890501022,POINT (539090.5419586962 8669227.866418894),dronbreen
dronbreen-20220329-DAT_0235_A1_1,5025.0,4615,103.90441131591797,539094.9785481215,8669226.521899743,694.6196492513021,2022-03-29 10:25:03.333333248+00:00,0,2022-05-04,100 MHz,20220329,102.65380656719208,103.59175872802734,104.11283874511719,1.137403908597759,0.6180459800720215,10,2.09499658146809,1.4677219390869143,2.6315773217451204,2.79944744871796,101.03378719440153,106.670810278743,103.1748918890953,99.42307758331299,3.762670499951339,2.472195447029918,10.0,10.0,0.2668063059506171,0.0,2.4865510115842127,3.7721180914837587,103.44169819504593,99.15627127736238,0.9879638916876833,0.03621280802516712,certain_temperate,590.7152379353842,693.3690445025762,POINT (539094.9785481215 8669226.521899743),dronbreen
dronbreen-20220329-DAT_0235_A1_1,5030.0,4619,103.17489624023438,539100.40493792,8669224.818425901,694.7280069986979,2022-03-29 10:25:04.666666752+00:00,0,2022-05-04,100 MHz,20220329,101.92429149150848,102.75802612304688,103.3833236694336,1.127011467950266,0.6180459800720215,10,2.0805248582204565,1.4677219390869143,2.6200710314099287,2.7844112887721377,100.21189349175087,105.9294563007296,102.44537681341171,98.6935625076294,3.7702481223279745,2.472195447029918,10.0,10.0,0.2668063059506171,0.0,2.4865510115842127,3.7796767730604466,102.71218311936234,98.42675620167878,0.9878787884039741,0.03654230108018968,certain_temperate,591.5531107584635,693.477402249972,POINT (539100.40493792 8669224.818425901),dronbreen
dronbreen-20220329-DAT_0235_A1_1,5035.0,4623,102.54959106445312,539104.8973124215,8669223.537583988,694.8416290283203,2022-03-29 10:25:05.750000128+00:00,0,2022-05-04,100 MHz,20220329,101.29898631572723,101.92428588867188,102.75802612304688,1.1334178980912135,0.9270661422729491,10,2.0681217205461158,1.5806407928466797,2.763151171969144,2.8390471814887315,99.32129669026831,105.36101532145044,101.82007163763046,98.06825733184814,3.77426305010309,2.472195447029918,10.0,10.0,0.2668063059506171,0.0,2.4865510115842127,3.783681695950188,102.08687794358109,97.80145102589753,0.9878048782472484,0.03680427206902209,certain_temperate,592.2920379638672,693.5910242795944,POINT (539104.8973124215 8669223.537583988),dronbreen
dronbreen-20220329-DAT_0235_A1_1,5040.0,4626,101.7158432006836,539108.7274349163,8669222.578700455,694.9503580729166,2022-03-29 10:25:06.666666752+00:00,0,2022-05-04,100 MHz,20220329,100.4652384519577,101.19476318359375,102.13272094726562,1.1226686891487683,0.8498209991455078,10,2.051585997030205,2.032233556111654,3.0101784100589963,3.0982839307254673,98.30703426110178,105.0204498697576,100.98632377386093,97.23450946807861,3.77426305010309,2.472195447029918,10.0,10.0,0.2668063059506171,0.0,2.4865510115842127,3.783681695950188,101.25313007981156,96.967703162128,0.9877049168608034,0.037105950571107535,certain_temperate,593.234514872233,693.6997533241907,POINT (539108.7274349163 8669222.578700455),dronbreen
dronbreen-20220329-DAT_0235_A1_1,5045.0,4630,100.6736831665039,539114.2444056682,8669221.063997641,695.1435546875,2022-03-29 10:25:08+00:00,0,2022-05-04,100 MHz,20220329,99.42307841777802,100.46524810791016,101.19476318359375,1.187292712007498,1.0815847068786621,10,2.030920036073268,1.806420644124349,2.925340529681335,2.9660505256027907,97.74719885588354,103.91281243562037,99.94416373968124,96.19234943389893,3.782072684130747,2.472195447029918,10.0,10.0,0.2668063059506171,0.0,2.4865510115842127,3.791471929599765,100.21097004563187,95.92554312794832,0.9875776398618741,0.03756763997474482,certain_temperate,594.4698715209961,693.8929499387741,POINT (539114.2444056682 8669221.063997641),dronbreen
dronbreen-20220329-DAT_0235_A1_1,5050.0,4634,100.04837799072266,539119.3941235403,8669219.631692968,695.3398132324219,2022-03-29 10:25:09.249999872+00:00,0,2022-05-04,100 MHz,20220329,98.79777324199677,99.00621032714844,100.36103057861328,1.2539272826811012,1.5451234336853026,10,2.018522027481941,1.5806242624918623,2.993361097484099,2.8539687918510532,96.4424622438517,102.92477866191003,99.3188585639,95.56704425811768,3.782072684130747,2.472195447029918,10.0,10.0,0.2668063059506171,0.0,2.4865510115842127,3.791471929599765,99.58566486985062,95.30023795216707,0.9874999997616967,0.03780243878098107,certain_temperate,595.2914352416992,694.089208483696,POINT (539119.3941235403 8669219.631692968),dronbreen
dronbreen-20220329-DAT_0235_A1_1,5055.0,4638,99.21464538574219,539123.4750548222,8669218.633606922,695.52001953125,2022-03-29 10:25:10.249999872+00:00,0,2022-05-04,100 MHz,20220329,97.9640406370163,97.3387451171875,99.31886291503906,1.606131191908268,2.0086621604919435,10,2.0019935922992933,2.822541554768881,4.001180181770964,3.8150198659542043,93.87829439914447,102.7793136330821,98.48512595891953,94.7333116531372,3.782072684130747,2.472195447029918,10.0,10.0,0.2668063059506171,0.0,2.4865510115842127,3.791471929599765,98.75193226487015,94.4665053471866,0.9873949582356154,0.03812010484365705,certain_temperate,596.3053741455078,694.2694147825241,POINT (539123.4750548222 8669218.633606922),dronbreen
dronbreen-20220329-DAT_0235_A1_1,5060.0,4643,97.44295501708984,539129.2260048664,8669217.218791418,695.8171590169271,2022-03-29 10:25:11.666666752+00:00,0,2022-05-04,100 MHz,20220329,96.19235026836395,96.088134765625,98.27668762207031,1.6723852924306488,2.3949331214904785,10,1.9668786930019448,2.9354521433512373,4.268629257185793,3.9092663819735742,92.5546533267477,101.81016906094762,96.71343559026718,92.96162128448486,3.782072684130747,2.472195447029918,10.0,10.0,0.2668063059506171,0.0,2.4865510115842127,3.791471929599765,96.9802418962178,92.69481497853425,0.987165775622193,0.03881319776752907,certain_temperate,598.3742039998373,694.5665542682012,POINT (539129.2260048664 8669217.218791418),dronbreen
dronbreen-20220329-DAT_0235_A1_1,5065.0,4646,96.50499725341797,539133.2457909961,8669216.343016038,696.0182698567709,2022-03-29 10:25:12.666666752+00:00,0,2022-05-04,100 MHz,20220329,95.25439250469208,95.15017700195312,97.75559997558594,1.6874721246391244,2.0859129592895505,10,1.9482930472474833,2.8225498199462895,4.0141831245925745,3.822328538399832,91.72050744293848,101.18526953460058,95.7754778265953,92.02366352081299,3.790152872046227,2.472195447029918,10.0,10.0,0.2668063059506171,0.0,2.4865510115842127,3.7995321288778805,96.04228413254593,91.75685721486238,0.9870410363782317,0.03927416175240593,certain_temperate,599.5132726033529,694.767665108045,POINT (539133.2457909961 8669216.343016038),dronbreen
dronbreen-20220329-DAT_0235_A1_1,5070.0,4651,94.8375244140625,539139.1300587018,8669215.565687675,696.2624250139509,2022-03-29 10:25:14.142856960+00:00,0,2022-05-04,100 MHz,20220329,93.58691966533661,93.89957427978516,96.088134765625,1.3634334776342474,1.931394394683838,10,1.915260403912523,2.822541554768881,3.919853001198953,3.673406333517449,90.48856808759021,99.49914095781995,94.10800498723984,90.35619068145752,3.790152872046227,2.472195447029918,10.0,10.0,0.2668063059506171,0.0,2.4865510115842127,3.7995321288778805,94.37481129319046,90.08938437550691,0.986813186484437,0.039964696415928626,certain_temperate,601.4249005998884,695.011820265225,POINT (539139.1300587018 8669215.565687675),dronbreen
dronbreen-20220329-DAT_0235_A1_1,5075.0,4655,93.89957427978516,539143.4680085765,8669215.259640865,696.4228210449219,2022-03-29 10:25:15.249999872+00:00,0,2022-05-04,100 MHz,20220329,92.64896953105927,93.2742691040039,94.73330688476562,1.248914593284505,1.1588411613464356,10,1.8966844808691707,2.032233556111654,3.0116935574169776,3.047486326117834,90.49445161960746,97.51312436916207,93.1700548529625,89.41824054718018,3.7985017786938933,2.472195447029918,10.0,10.0,0.2668063059506171,0.0,2.4865510115842127,3.807860471135423,93.43686115891312,89.15143424122957,0.9866814651896124,0.0404528115045101,certain_temperate,602.5232467651367,695.172216296196,POINT (539143.4680085765 8669215.259640865),dronbreen
dronbreen-20220329-DAT_0235_A1_1,5080.0,4660,92.96161651611328,539148.35437561,8669216.28541625,696.5401407877604,2022-03-29 10:25:16.666666752+00:00,0,2022-05-04,100 MHz,20220329,91.71101176738739,92.33631896972656,93.2742691040039,1.1832190605794464,1.0043225967407226,10,1.8781120462090546,2.70965576171875,3.4464769088817655,3.502791251337951,89.03942054770455,96.57116752602592,92.33631414175034,88.4802827835083,3.815619188911095,2.472195447029918,10.0,10.0,0.2668063059506171,0.11290167768796286,2.4891128383492838,3.826601911423023,92.62602502128331,88.19057190397533,0.9865470847475084,0.04104510368803369,certain_temperate,603.5785242716471,695.2895360390345,POINT (539148.35437561 8669216.28541625),dronbreen
dronbreen-20220329-DAT_0235_A1_1,5085.0,4666,91.39835357666016,539152.3907021371,8669219.69010928,696.5229899088541,2022-03-29 10:25:18.666666752+00:00,0,2022-05-04,100 MHz,20220329,90.04353189468384,90.87727355957031,91.91944885253906,1.1448617208963017,1.3133540702819824,10,1.8471663743717497,2.4838428497314458,3.3624987480589423,3.300334418925656,87.78187392191903,95.01484849019035,90.77305120229721,86.91701984405518,3.8178957643816975,2.54945145964846,10.0,10.0,0.26700976895233863,0.11290167768796286,2.5658806968844834,3.828886140018327,91.06294946986833,86.62712157648406,0.9851767386505494,0.04177204090639824,certain_temperate,605.124636332194,695.1681682268778,POINT (539152.3907021371 8669219.69010928),dronbreen
dronbreen-20220329-DAT_0235_A1_1,5090.0,4671,90.66883850097656,539153.3939782252,8669223.937149119,696.3284912109375,2022-03-29 10:25:20.333333248+00:00,0,2022-05-04,100 MHz,20220329,89.31401681900024,90.46041107177734,91.0857162475586,0.9962294143735977,0.4635387268066406,10,1.832728924321998,0.338690439860026,1.920540204043791,2.113310097965324,88.59664968037043,92.9494776389655,90.04353612661362,86.18750476837158,3.8178957643816975,2.54945145964846,10.0,10.0,0.26700976895233863,0.0,2.5633955921432894,3.827221222296888,90.31054589556595,85.92049499941925,0.985057471735874,0.04210813579949606,certain_temperate,605.6596527099609,694.9736695289612,POINT (539153.3939782252 8669223.937149119),dronbreen
dronbreen-20220329-DAT_0235_A1_1,5095.0,4676,91.0857162475586,539152.60331174,8669229.341638379,695.9657135009766,2022-03-29 10:25:21.750000128+00:00,0,2022-05-04,100 MHz,20220329,89.73089456558228,90.98149108886719,91.39835357666016,0.79225078150459,0.38628227233886714,10,1.8409788379371186,0.7903079986572267,2.0403440416746323,2.154402728198358,88.97804660137224,93.4017980641551,90.46041387319565,86.60438251495361,3.8270356352710158,2.54945145964846,10.0,10.0,0.26700976895233863,0.0,2.5633955921432894,3.836338875848979,90.72742364214798,86.33737274600128,0.9851258601481038,0.042015760460944865,certain_temperate,604.879997253418,694.6108918190002,POINT (539152.60331174 8669229.341638379),dronbreen
dronbreen-20220329-DAT_0235_A1_1,5100.0,4679,91.39835357666016,539151.1471035847,8669233.858408475,695.6084391276041,2022-03-29 10:25:22.666666752+00:00,0,2022-05-04,100 MHz,20220329,90.04353189468384,91.0857162475586,91.81523132324219,0.710328632252102,0.540789525604248,10,1.8471663743717497,0.9032103220621747,2.1260916752324204,2.1754032422257885,89.02955173553886,93.87139583526192,90.77305120229721,86.91701984405518,3.8364368466572514,2.54945145964846,10.0,10.0,0.26700976895233863,0.0,2.5633955921432894,3.8457173446712667,91.04006097124955,86.65001007510284,0.9851767386505494,0.041974901040634706,certain_temperate,604.210085550944,694.2536174456278,POINT (539151.1471035847 8669233.858408475),dronbreen
dronbreen-20220329-DAT_0235_A1_1,5105.0,4683,91.91944885253906,539149.5032257428,8669238.55581335,695.2248382568359,2022-03-29 10:25:23.750000128+00:00,0,2022-05-04,100 MHz,20220329,90.56462717056274,91.71100616455078,92.33631896972656,0.5854331963564862,0.5408064926147461,10,1.85748056004412,1.2419255574544272,2.2989312263864203,2.3098366064716522,89.476590553882,94.57073458039534,91.29414647817612,87.43811511993408,3.8364368466572514,2.54945145964846,10.0,10.0,0.26700976895233863,0.0,2.5633955921432894,3.8457173446712667,91.56115624712845,87.17110535098175,0.9852607723513467,0.04173694353641981,certain_temperate,603.3053894042969,693.8700165748596,POINT (539149.5032257428 8669238.55581335),dronbreen
dronbreen-20220329-DAT_0235_A1_1,5110.0,4687,92.54474639892578,539147.8839441814,8669243.0678508,694.8475952148438,2022-03-29 10:25:25+00:00,0,2022-05-04,100 MHz,20220329,91.18992471694946,92.4405288696289,92.85739135742188,0.5546299127418136,0.4635387268066406,10,1.8698588274029124,1.5806242624918623,2.4919095579181962,2.510450046048025,89.9921120150891,95.30580821196168,91.91944402456284,88.0634126663208,3.846097437325314,2.54945145964846,10.0,10.0,0.26700976895233863,0.0,2.5633955921432894,3.8553546807156835,92.18645379351517,87.79640289736847,0.9853603609638067,0.04155932764401587,certain_temperate,602.302848815918,693.4927735328674,POINT (539147.8839441814 8669243.0678508),dronbreen
dronbreen-20220329-DAT_0235_A1_1,5115.0,4692,93.37848663330078,539144.9065864019,8669247.726541396,694.4116516113281,2022-03-29 10:25:26.500000+00:00,0,2022-05-04,100 MHz,20220329,92.02366495132446,92.96161651611328,93.48271179199219,0.6025995533419112,0.540789525604248,10,1.8863660054109896,1.69352658589681,2.592076834222471,2.6056736605333737,90.42658022376764,96.01774808433782,92.75318425893784,88.8971529006958,3.856015591814155,2.54945145964846,10.0,10.0,0.26700976895233863,0.0,2.5633955921432894,3.86524908136977,93.02019402789017,88.63014313174347,0.9854910726140087,0.041294475107064084,certain_temperate,601.0331649780273,693.0568299293518,POINT (539144.9065864019 8669247.726541396),dronbreen
dronbreen-20220329-DAT_0235_A1_1,5120.0,4697,94.10800170898438,539141.2271293502,8669251.43443377,694.0227661132812,2022-03-29 10:25:28+00:00,0,2022-05-04,100 MHz,20220329,92.75318002700806,93.58692169189453,94.52487182617188,0.6750434677929826,0.8498153434753417,10,1.9008120354899065,1.4677219390869143,2.5474458193937015,2.4945896993594574,91.18540257168326,96.92639094638315,93.48269933462143,89.6266679763794,3.866189194217364,2.54945145964846,10.0,10.0,0.26700976895233863,0.0,2.5633955921432894,3.875398444314996,93.74970910357376,89.35965820742706,0.9856035442536979,0.04108247039580125,certain_temperate,599.9147644042969,692.6679444313049,POINT (539141.2271293502 8669251.43443377),dronbreen
dronbreen-20220329-DAT_0235_A1_1,5125.0,4701,94.73330688476562,539136.7441482753,8669254.157579117,693.7202758789062,2022-03-29 10:25:29.333333248+00:00,0,2022-05-04,100 MHz,20220329,93.3784852027893,94.420654296875,95.25438690185547,0.6930418436762349,0.6180459800720215,10,1.9131962192439314,1.919331232706706,2.779592234061662,2.797223471812517,91.71064467435099,97.96439652437948,94.10800451040268,90.25197315216064,3.866189194217364,2.54945145964846,10.0,10.0,0.26700976895233863,0.0,2.5633955921432894,3.875398444314996,94.37501427935501,89.98496338320831,0.9856985707928012,0.04081129775106688,certain_temperate,598.9869689941406,692.3654541969299,POINT (539136.7441482753 8669254.157579117),dronbreen
dronbreen-20220329-DAT_0235_A1_1,5130.0,4705,95.87969207763672,539132.8037097387,8669256.493298754,693.4769897460938,2022-03-29 10:25:30.500000+00:00,0,2022-05-04,100 MHz,20220329,94.5248703956604,95.25438690185547,96.088134765625,0.6920832358173425,0.9270717979431152,10,1.935904476249015,2.2580382029215498,3.115433322277277,3.053758646703036,92.28008653588465,99.06243513159582,95.25438970327377,91.39835834503174,3.8745455165614153,2.626707560636848,10.0,10.0,0.26700976895233863,0.0,2.6402437057633072,3.883734951901603,95.52139947222611,91.1313485760794,0.9858695657795888,0.04041049186332469,certain_temperate,597.597297668457,692.1221680641174,POINT (539132.8037097387 8669256.493298754),dronbreen
dronbreen-20220329-DAT_0235_A1_1,5135.0,4710,96.8176498413086,539128.5603942415,8669258.789227653,693.26318359375,2022-03-29 10:25:31.750000128+00:00,0,2022-05-04,100 MHz,20220329,95.46282815933228,95.9839096069336,97.3387451171875,0.8520637927022853,1.081579051208496,10,1.9544878941343424,1.919331232706706,2.945109259972236,2.8687746540980426,93.24459302990911,100.07806169421198,96.19234746694565,92.33631610870361,3.885198670451571,2.626707560636848,10.0,10.0,0.26700976895233863,0.0,2.6402437057633072,3.8943629678799376,96.45935723589798,92.06930633975128,0.9860064597292232,0.040129033051511824,certain_temperate,596.4455337524414,691.9083619117737,POINT (539128.5603942415 8669258.789227653),dronbreen
dronbreen-20220329-DAT_0235_A1_1,5140.0,4715,97.65138244628906,539123.4297983953,8669260.780295445,693.060546875,2022-03-29 10:25:33.333333248+00:00,0,2022-05-04,100 MHz,20220329,96.29656076431274,97.13030242919922,98.38090515136719,0.9437275255886438,1.236091960144043,10,1.971009131756767,1.919331232706706,3.016062451648631,2.908492912294213,94.37917368297305,101.13203389759336,97.02608007192612,93.17004871368408,3.8889863713303696,2.626707560636848,10.0,10.0,0.26700976895233863,0.0,2.6402437057633072,3.8981417641113745,97.29308984087845,92.90303894473175,0.9861259344411073,0.03982520548000863,certain_temperate,595.4091644287109,691.7057251930237,POINT (539123.4297983953 8669260.780295445),dronbreen
dronbreen-20220329-DAT_0235_A1_1,5145.0,4719,98.58934020996094,539119.4954096621,8669261.995299324,692.9435163225446,2022-03-29 10:25:34.571428608+00:00,0,2022-05-04,100 MHz,20220329,97.23451852798462,97.96403503417969,99.00621032714844,0.9818930382760945,1.236103271484375,10,1.9895987538230335,2.032233556111654,3.1010365566330815,3.0087522939609777,95.120010345855,101.85023501547313,97.96403783559799,94.10800647735596,3.91556673593335,2.626707560636848,10.0,10.0,0.26700976895233863,0.0,2.6402437057633072,3.9246601228977434,98.23104760455033,93.84099670840362,0.9862579293147614,0.03971592392843443,certain_temperate,594.3541761125837,691.5886946405683,POINT (539119.4954096621 8669261.995299324),dronbreen
dronbreen-20220329-DAT_0235_A1_1,5150.0,4725,99.52729034423828,539113.9383128994,8669263.606286528,692.7937622070312,2022-03-29 10:25:36.333333248+00:00,0,2022-05-04,100 MHz,20220329,98.17246866226196,98.4851303100586,100.04837799072266,1.122504326557442,1.62237423248291,10,2.00819137765964,1.4677136739095051,2.9696993430500624,2.7289250632854753,95.99775899923918,102.53574930154207,98.90198796987534,95.0459566116333,3.9266003082270777,2.626707560636848,10.0,10.0,0.26700976895233863,0.0,2.6402437057633072,3.935668202133529,99.16899773882767,94.77894684268097,0.9863874352723725,0.039452498853791935,certain_temperate,593.266471862793,691.4389405250549,POINT (539113.9383128994 8669263.606286528),dronbreen
dronbreen-20220329-DAT_0235_A1_1,5155.0,4729,99.94415283203125,539109.8347408529,8669264.72779646,692.6582234700521,2022-03-29 10:25:37.666666752+00:00,0,2022-05-04,100 MHz,20220329,98.58933115005493,99.00621032714844,100.5694580078125,1.190337647660973,1.622379888153076,10,2.016455671252152,1.2419255574544272,2.8706426224570425,2.650542638748246,96.63798893454523,102.9376794004157,99.3188504576683,95.46281909942627,3.9414474699609245,2.626707560636848,10.0,10.0,0.26700976895233863,0.0,2.6402437057633072,3.950481283992794,99.58586022662064,95.19580933047394,0.9864442126569098,0.0394364988673727,certain_temperate,592.7140706380209,691.3034017880758,POINT (539109.8347408529 8669264.72779646),dronbreen
dronbreen-20220329-DAT_0235_A1_1,5160.0,4735,100.6736831665039,539104.7188720711,8669265.881983101,692.462890625,2022-03-29 10:25:39.333333248+00:00,0,2022-05-04,100 MHz,20220329,99.31886148452759,100.04837799072266,101.29898071289062,1.1397344640439988,1.3906105247497558,10,2.030920036073268,1.2419255574544272,2.756957184057657,2.6393199752421066,97.66782862488662,103.67953007872666,100.04838079214096,96.19234943389893,3.9529279279792493,2.626707560636848,10.0,10.0,0.26700976895233863,0.0,2.6402437057633072,3.9619355649119665,100.3153905610933,95.92533966494659,0.986542444466489,0.03926475920664901,certain_temperate,591.7892074584961,691.1080689430237,POINT (539104.7188720711 8669265.881983101),dronbreen
dronbreen-20220329-DAT_0235_A1_1,5165.0,4740,101.09054565429688,539099.1608189287,8669267.054382637,692.2326354980469,2022-03-29 10:25:41+00:00,0,2022-05-04,100 MHz,20220329,99.73572397232056,100.98633575439453,101.820068359375,1.111433770375635,1.4678669792175292,10,2.0391859572568145,1.1290067036946614,2.754554224178219,2.5822897845114663,98.65546992701174,104.1509341867578,100.46524327993393,96.6092119216919,3.9529279279792493,2.626707560636848,10.0,10.0,0.26700976895233863,0.0,2.6402437057633072,3.9619355649119665,100.73225304888626,96.34220215273956,0.9865979387764959,0.039102844903985634,certain_temperate,591.14208984375,690.8778138160706,POINT (539099.1608189287 8669267.054382637),dronbreen
dronbreen-20220329-DAT_0235_A1_1,5170.0,4744,101.7158432006836,539094.8223766615,8669267.998545386,692.0558319091797,2022-03-29 10:25:42.249999872+00:00,0,2022-05-04,100 MHz,20220329,100.36102151870728,101.29898071289062,102.34114837646484,1.1118667557376185,1.236103271484375,10,2.051585997030205,1.467730204264323,2.8091259055967184,2.7567162962906986,98.77643496390604,104.86369412544943,101.09054082632065,97.23450946807861,3.9646491027350486,2.626707560636848,10.0,10.0,0.26700976895233863,0.0,2.6402437057633072,3.9736301695721266,101.35755059527298,96.96749969912628,0.9866803278688525,0.03897769489963195,certain_temperate,590.3399887084961,690.7010102272034,POINT (539094.8223766615 8669267.998545386),dronbreen
dronbreen-20220329-DAT_0235_A1_1,5175.0,4749,102.44537353515625,539089.6673157957,8669269.291214792,691.8859049479166,2022-03-29 10:25:43.666666752+00:00,0,2022-05-04,100 MHz,20220329,101.09055185317993,101.820068359375,102.9664535522461,1.1258879415251444,1.1588355056762694,10,2.0660546516254303,1.354827880859375,2.728926554429957,2.715099273899338,99.34941249295876,105.43710941866233,101.8200711607933,97.96403980255127,3.964649102735048,2.626707560636848,10.0,10.0,0.26700976895233863,0.0,2.6402437057633072,3.973630169572126,102.08708092974564,97.69703003359894,0.9867751794422285,0.03870012833107096,certain_temperate,589.4405314127604,690.5310832659403,POINT (539089.6673157957 8669269.291214792),dronbreen
dronbreen-20220329-DAT_0235_A1_1,5180.0,4753,102.9664535522461,539084.9480095266,8669270.45697367,691.7908325195312,2022-03-29 10:25:45+00:00,0,2022-05-04,100 MHz,20220329,101.61163187026978,102.34114837646484,103.3833236694336,1.147123793497956,1.0815847068786621,10,2.0763901904147835,1.1290067036946614,2.5992071556518974,2.6271553736784137,99.97766527734223,105.74680676855621,102.34115117788315,98.48511981964111,3.9766087551427693,2.626707560636848,10.0,10.0,0.26700976895233863,0.0,2.6402437057633072,3.985562872191845,102.60816094683548,98.21811005068878,0.9868421059943677,0.03862043042130224,certain_temperate,588.8243789672852,690.4360108375549,POINT (539084.9480095266 8669270.45697367),dronbreen
dronbreen-20220329-DAT_0235_A1_1,5185.0,4758,103.48753356933594,539080.1465763679,8669271.8064532,691.7267862955729,2022-03-29 10:25:46.333333248+00:00,0,2022-05-04,100 MHz,20220329,102.13271188735962,102.9664535522461,104.00862884521484,1.150120825232919,0.9270774536132812,10,2.0867265852779497,1.0161209106445312,2.499280326764673,2.5903103017571647,100.6454775621172,106.32960483534374,102.86223119497299,99.00619983673096,3.9766087551427693,2.626707560636848,10.0,10.0,0.26700976895233863,0.0,2.6402437057633072,3.985562872191845,103.12924096392533,98.73919006777862,0.986908358569889,0.03842596898377589,certain_temperate,588.2392527262369,690.3719646135966,POINT (539080.1465763679 8669271.8064532),dronbreen
dronbreen-20220329-DAT_0235_A1_1,5190.0,4763,103.90441131591797,539075.049105477,8669273.100846715,691.6976165771484,2022-03-29 10:25:47.750000128+00:00,0,2022-05-04,100 MHz,20220329,102.54958963394165,103.59175872802734,104.6339340209961,1.2003814034743192,0.8498153434753417,10,2.09499658146809,1.0161209106445312,2.478648522767633,2.619623617090637,101.26334459359764,106.9623481554258,103.27910894155502,99.42307758331299,3.9888049580024347,2.626707560636848,10.0,10.0,0.26700976895233863,0.0,2.6402437057633072,3.9977317580974323,103.54611871050736,99.15606781436065,0.9869608839045627,0.03838917816371245,certain_temperate,587.7932052612305,690.3427948951721,POINT (539075.049105477 8669273.100846715),dronbreen
dronbreen-20220329-DAT_0235_A1_1,5195.0,4767,104.42549133300781,539070.5928881767,8669274.134716619,691.6803588867188,2022-03-29 10:25:49+00:00,0,2022-05-04,100 MHz,20220329,103.0706696510315,104.11283874511719,105.15501403808594,1.232331326570507,0.8498153434753417,10,2.1053344855523637,1.0161209106445312,2.487392433676524,2.642645549359984,101.77511870176188,107.49273408144124,103.80018895864487,99.94415760040283,3.988804958002435,2.626707560636848,10.0,10.0,0.26700976895233863,0.0,2.6402437057633072,3.9977317580974328,104.0671987275972,99.6771478314505,0.9870259486962254,0.03819761733542943,certain_temperate,587.2548675537109,690.3255372047424,POINT (539070.5928881767 8669274.134716619),dronbreen
dronbreen-20220329-DAT_0235_A1_1,5200.0,4771,104.84236907958984,539066.0545446925,8669275.352307392,691.6353454589844,2022-03-29 10:25:50.249999872+00:00,0,2022-05-04,100 MHz,20220329,103.48754739761353,104.52971649169922,105.57189178466797,1.3091131063208754,0.9270661422729491,10,2.113605673177562,1.1290232340494792,2.5693333837516623,2.730530997782851,102.13346475101922,107.96814352534797,104.2170667052269,100.36103534698486,4.001235326043276,2.626707560636848,10.0,10.0,0.26700976895233863,0.0,2.6402437057633072,4.010134455488073,104.48407647417923,100.09402557803253,0.9870775365544456,0.038164297136454306,certain_temperate,586.7929763793945,690.280523777008,POINT (539066.0545446925 8669275.352307392),dronbreen
dronbreen-20220329-DAT_0235_A1_1,5205.0,4776,105.46766662597656,539060.6884891886,8669276.638972709,691.5417277018229,2022-03-29 10:25:51.666666752+00:00,0,2022-05-04,100 MHz,20220329,104.11284494400024,104.94658660888672,106.19718170166016,1.3380599943444116,1.081579051208496,10,2.126013048269284,1.1290067036946614,2.639015131144914,2.7540864486910546,102.53939163996569,108.60437667058119,104.84236425161362,100.98633289337158,4.001235326043276,2.626707560636848,10.0,10.0,0.26700976895233863,0.0,2.6402437057633072,4.010134455488073,105.10937402056595,100.71932312441925,0.9871541513591936,0.03793802834600473,certain_temperate,586.0740610758463,690.1869060198466,POINT (539060.6884891886 8669276.638972709),dronbreen
dronbreen-20220329-DAT_0235_A1_1,5210.0,4780,105.88452911376953,539056.0475243843,8669277.753938686,691.4223894391741,2022-03-29 10:25:52.857143040+00:00,0,2022-05-04,100 MHz,20220329,104.52970743179321,105.25923919677734,106.92670440673828,1.3384671390520217,1.236097615814209,10,2.1342852204562264,1.1290149688720703,2.7125238281011756,2.7606779030732995,102.84473133756563,109.34121226594999,105.25922673940659,101.40319538116455,4.013897910182882,2.626707560636848,10.0,10.0,0.26700976895233863,0.0,2.6402437057633072,4.022769027683107,105.52623650835892,101.13618561221222,0.9872047248704237,0.037908256699806235,certain_temperate,585.5378603254046,690.0675677571978,POINT (539056.0475243843 8669277.753938686),dronbreen
dronbreen-20220329-DAT_0235_A1_1,5215.0,4784,106.50983428955078,539051.5623641176,8669278.793673526,691.3045043945312,2022-03-29 10:25:54+00:00,0,2022-05-04,100 MHz,20220329,105.15501260757446,105.57189178466797,107.34356689453125,1.3588256541420647,1.4678613235473632,10,2.1466946499572375,1.2419172922770183,2.8818871154467387,2.827907996976973,103.09184007532566,109.82361860387356,105.88453191518784,102.0285005569458,4.013897910182881,2.626707560636848,10.0,10.0,0.26700976895233863,0.0,2.6402437057633072,4.022769027683106,106.15154168414017,101.76149078799347,0.9872798442414886,0.03768570232933568,certain_temperate,584.7946701049805,689.9496827125549,POINT (539051.5623641176 8669278.793673526),dronbreen
dronbreen-20220329-DAT_0235_A1_1,5220.0,4788,107.03091430664062,539046.5731694958,8669279.99826917,691.2182159423828,2022-03-29 10:25:55.249999872+00:00,0,2022-05-04,100 MHz,20220329,105.6760926246643,105.88452911376953,107.86466217041016,1.3838590114784648,1.776892797088623,10,2.1570365427887817,0.9032103220621746,2.9369956665189796,2.7172893288083975,103.54602627374435,110.20316501043534,106.40561193227768,102.54958057403564,4.013897910182882,2.626707560636848,10.0,10.0,0.26700976895233863,0.0,2.6402437057633072,4.022769027683107,106.67262170123001,102.28257080508331,0.9873417723210811,0.03750222948374686,certain_temperate,584.1873016357422,689.8633942604065,POINT (539046.5731694958 8669279.99826917),dronbreen
dronbreen-20220329-DAT_0235_A1_1,5225.0,4792,107.34356689453125,539042.0141659657,8669280.936214702,691.1986897786459,2022-03-29 10:25:56.333333248+00:00,0,2022-05-04,100 MHz,20220329,105.98874521255493,106.30140686035156,108.28152465820312,1.4450747641930088,1.8541379402160643,10,2.1632421365756267,0.7903245290120443,2.9566969584255776,2.7189097956206405,103.99831558933897,110.58461592921572,106.7182645201683,102.86223316192627,4.026790408134861,2.626707560636848,10.0,10.0,0.26700976895233863,0.11290193597475688,2.642656555999968,4.037212163722605,107.00816288833002,102.57233479376455,0.9873786411130955,0.037513104181560515,certain_temperate,583.8551228841146,689.8438680966696,POINT (539042.0141659657 8669280.936214702),dronbreen
dronbreen-20220329-DAT_0235_A1_1,5230.0,4796,107.76044464111328,539036.2187025422,8669282.133005492,691.184326171875,2022-03-29 10:25:57.666666752+00:00,0,2022-05-04,100 MHz,20220329,106.30140578746796,106.8224868774414,108.80260467529297,1.4732376316160534,1.8541492515563964,10,2.171516836614484,0.7903079986572267,2.9627591112827436,2.740529369237163,104.51162727451401,111.11346427822036,107.13514226675034,103.2791109085083,4.020146727771019,2.7039637499950824,10.0,10.0,0.26722933549776806,0.11290193597475688,2.7194812604952614,4.0306002130830905,107.42524287843088,102.98901029682776,0.9864603486139601,0.037306330176715266,certain_temperate,583.4238815307617,689.7252873182297,POINT (539036.2187025422 8669282.133005492),dronbreen
dronbreen-20220329-DAT_0235_A1_1,5235.0,4800,108.07308197021484,539031.0752408482,8669283.171479356,691.1436941964286,2022-03-29 10:25:58.857143040+00:00,0,2022-05-04,100 MHz,20220329,106.61404311656952,107.13513946533203,109.219482421875,1.5492597922076388,1.9314000503540039,10,2.177722759815012,0.7903079986572267,3.0161845609752316,2.786982069391398,104.81844717860989,111.53617470859714,107.4477795958519,103.59174823760986,4.033258507918515,2.7039637499950824,10.0,10.0,0.26722933549776806,0.0,2.7171366323830766,4.0421016451157765,107.71500893134967,103.32451890211209,0.9864995165581801,0.037319732484635625,certain_temperate,583.0706122262137,689.6846553427832,POINT (539031.0752408482 8669283.171479356),dronbreen
dronbreen-20220329-DAT_0235_A1_1,5240.0,4804,108.48995971679688,539026.1734973869,8669284.199235683,691.0947265625,2022-03-29 10:26:00+00:00,0,2022-05-04,100 MHz,20220329,107.03092086315155,107.44779205322266,109.74056243896484,1.61586758241366,2.0859129592895505,10,2.1859982945420806,0.7903162638346355,3.1231748613157273,2.8309391347250457,105.12331612505682,112.06503836713068,107.86465734243393,104.0086259841919,4.033258507918515,2.7039637499950824,10.0,10.0,0.26722933549776806,0.0,2.7171366323830766,4.0421016451157765,108.1318866779317,103.74139664869412,0.9865513927975085,0.03717632966633012,certain_temperate,582.6047668457031,689.6356877088547,POINT (539026.1734973869 8669284.199235683),dronbreen
dronbreen-20220329-DAT_0235_A1_1,5245.0,4808,108.80260467529297,539022.1941568088,8669285.014464553,691.0387573242188,2022-03-29 10:26:01+00:00,0,2022-05-04,100 MHz,20220329,107.34356582164764,107.76044464111328,110.26165771484375,1.7034526952425322,2.1631694137573243,10,2.1922049889668695,0.7903162638346355,3.179569848760674,2.8865400734203948,105.43013081878532,112.59197153717172,108.17730230093002,104.32127094268799,4.033258507918515,2.7039637499950824,10.0,10.0,0.26722933549776806,0.0,2.7171366323830766,4.0421016451157765,108.4445316364278,104.05404160719021,0.9865900374536103,0.037069503252750644,certain_temperate,582.2361526489258,689.5797184705734,POINT (539022.1941568088 8669285.014464553),dronbreen
dronbreen-20220329-DAT_0235_A1_1,5250.0,4812,109.219482421875,539017.0988863067,8669286.789855195,690.9261271158854,2022-03-29 10:26:02.333333248+00:00,0,2022-05-04,100 MHz,20220329,107.76044356822968,108.07308197021484,110.78273010253906,1.7888394454473295,2.317693634033203,10,2.2004813419342835,0.9032268524169923,3.3210902824774347,2.976219656664528,105.69444015541211,113.1613719173418,108.59418004751205,104.73814868927002,4.04659621033691,2.7039637499950824,10.0,10.0,0.26722933549776806,0.0,2.7171366323830766,4.055410263741958,108.86140938300983,104.47091935377225,0.9866412216823223,0.03705013172197965,certain_temperate,581.7066446940104,689.46708826224,POINT (539017.0988863067 8669286.789855195),dronbreen
dronbreen-20220329-DAT_0235_A1_1,5255.0,4816,109.6363525390625,539012.2872977555,8669289.379833769,690.7879028320312,2022-03-29 10:26:03.666666752+00:00,0,2022-05-04,100 MHz,20220329,108.17731368541718,108.48995971679688,111.40803527832031,1.9017492750233862,2.317687978363037,10,2.2087580037722194,0.6774139404296875,3.2724882170857175,2.9923488885770473,106.17965636746885,113.71833862764834,109.01105016469955,105.15501880645752,4.04659621033691,2.7039637499950824,10.0,10.0,0.26722933549776806,0.0,2.7171366323830766,4.055410263741958,109.27827950019733,104.88778947095975,0.9866920157424475,0.03690925606901362,certain_temperate,581.1515502929688,689.3288639783859,POINT (539012.2872977555 8669289.379833769),dronbreen
dronbreen-20220329-DAT_0235_A1_1,5260.0,4819,109.84478759765625,539008.8825002773,8669291.576341972,690.6647745768229,2022-03-29 10:26:04.666666752+00:00,0,2022-05-04,100 MHz,20220329,108.38574874401093,108.90682983398438,111.82490539550781,1.9387057778905241,2.2404315238952637,10,2.2128965057023535,1.1290067036946614,3.3453102240600683,3.1512136035443987,106.42256594261994,114.30916928687225,109.2194852232933,105.36345386505127,4.060157733664258,2.7039637499950824,10.0,10.0,0.26722933549776806,0.0,2.7171366323830766,4.068942410502299,109.48671455879108,105.0962245295535,0.9867172681967437,0.03696268000021959,certain_temperate,580.8199869791666,689.2057357231776,POINT (539008.8825002773 8669291.576341972),dronbreen
dronbreen-20220329-DAT_0235_A1_1,5265.0,4823,110.67851257324219,539004.3671641512,8669294.54708268,690.4951782226562,2022-03-29 10:26:06+00:00,0,2022-05-04,100 MHz,20220329,109.21947371959686,109.53213500976562,112.45021057128906,2.0019146830796624,2.3949331214904785,10,2.2294513356810755,1.919331232706706,3.7934140685437576,3.5583631120704253,106.59031828552641,115.39202729552828,110.05321019887924,106.1971788406372,4.060157733664258,2.7039637499950824,10.0,10.0,0.26722933549776806,0.0,2.7171366323830766,4.068942410502299,110.32043953437702,105.92994950513943,0.9868173250640697,0.0366842455619145,certain_temperate,579.8166656494141,689.0361393690109,POINT (539004.3671641512 8669294.54708268),dronbreen
dronbreen-20220329-DAT_0235_A1_1,5270.0,4828,111.6164779663086,538999.8226865615,8669297.641056014,690.3048909505209,2022-03-29 10:26:07.333333248+00:00,0,2022-05-04,100 MHz,20220329,110.15743911266327,110.26165771484375,113.07550048828125,2.0664562767303685,2.6267024848937988,10,2.2480781261872065,1.9193394978841147,3.954400752797658,3.606655086533472,107.30569435756419,116.03146384556081,110.99117559194565,107.13514423370361,4.033258507918515,2.7039637499950824,10.0,10.0,0.26722933549776806,0.0,2.7171366323830766,4.0421016451157765,111.25840492744342,106.86791489820584,0.9869281052383168,0.036134973808580065,certain_temperate,578.6884129842123,688.8458520968755,POINT (538999.8226865615 8669297.641056014),dronbreen
dronbreen-20220329-DAT_0235_A1_1,5275.0,4832,112.45021057128906,538995.7668505767,8669300.439038217,690.0997009277344,2022-03-29 10:26:08.500000+00:00,0,2022-05-04,100 MHz,20220329,110.99117171764374,110.78273010253906,113.49237823486328,2.1274635295497624,2.7812267051696775,10,2.2646368236454384,1.6935183207194011,3.966334104834355,3.5387406397173975,107.95490686803109,116.32020146937126,111.82490819692612,107.96887683868408,4.010830046856232,2.7039637499950824,10.0,10.0,0.26722933549776806,0.0,2.7171366323830766,4.019722525562597,112.09213753242389,107.70164750318631,0.987025023374942,0.03566760814835044,certain_temperate,577.6494903564453,688.640662074089,POINT (538995.7668505767 8669300.439038217),dronbreen
dronbreen-20220329-DAT_0235_A1_1,5280.0,4836,113.17972564697266,538991.5503706374,8669303.480496444,689.8484903971354,2022-03-29 10:26:09.666666752+00:00,0,2022-05-04,100 MHz,20220329,111.72068679332733,111.40803527832031,114.01346588134766,2.1949201773612406,2.7812267051696775,10,2.2791270519673974,1.806428909301758,4.024031250986965,3.643525779839939,108.4998390120118,116.92166214765616,112.55442327260971,108.69839191436768,3.9912245412094474,2.7039637499950824,10.0,10.0,0.26722933549776806,0.0,2.7171366323830766,4.000160603788696,112.82165260810748,108.4311625788699,0.9871086553240435,0.035264483266718404,certain_temperate,576.6687647501627,688.38945154349,POINT (538991.5503706374 8669303.480496444),dronbreen
dronbreen-20220329-DAT_0235_A1_1,5285.0,4839,114.11768341064453,538987.9010649814,8669306.166203497,689.6159261067709,2022-03-29 10:26:10.666666752+00:00,0,2022-05-04,100 MHz,20220329,112.6586445569992,111.92913055419922,114.74298095703125,1.931142662242663,2.008656504821777,9,2.297759401418007,1.8064371744791667,3.546493266102158,3.503173634588898,109.00630426238078,117.66580724884969,113.49238103628159,109.63634967803955,3.966718360894452,2.7039637499950824,10.0,10.0,0.26722933549776806,0.0,2.7171366323830766,3.9757095055358036,113.75961037177936,109.36912034254178,0.9872146120562658,0.0347598920898218,certain_temperate,575.4982426961263,688.1568872531255,POINT (538987.9010649814 8669306.166203497),dronbreen
dronbreen-20220329-DAT_0235_A1_1,5290.0,4843,114.84720611572266,538983.9516989375,8669308.936284257,689.3936920166016,2022-03-29 10:26:11.750000128+00:00,0,2022-05-04,100 MHz,20220329,113.38816726207733,112.34600067138672,115.26407623291016,1.8005701495893194,0.9270774536132812,8,2.3122526464543,1.3548113505045574,2.835753639068278,3.228634225192287,109.66607043041199,117.94400647388488,114.22190374135971,110.36587238311768,3.9431617676910595,2.7039637499950824,10.0,10.0,0.26722933549776806,0.0,2.7171366323830766,3.952206503199328,114.48913307685748,110.0986430476199,0.9872958263157472,0.034333980782413114,certain_temperate,574.5464859008789,687.9346531629562,POINT (538983.9516989375 8669308.936284257),dronbreen
dronbreen-20220329-DAT_0235_A1_1,5295.0,4847,115.36827850341797,538979.50656612,8669312.250290789,689.1613159179688,2022-03-29 10:26:13+00:00,0,2022-05-04,100 MHz,20220329,113.90923964977264,112.97130584716797,116.41045379638672,1.7869477042984754,1.1588411613464356,8,2.322605406421178,0.9032103220621747,2.748308133570051,3.066507273383537,110.47926155385845,118.90249808969624,114.74297612905502,110.88694477081299,3.9205718277402246,2.7039637499950824,10.0,10.0,0.26722933549776806,0.0,2.7171366323830766,3.9296685578075032,115.0102054645528,110.61971543531521,0.9873532059889227,0.03398310071536754,certain_temperate,573.7930374145508,687.7022770643234,POINT (538979.50656612 8669312.250290789),dronbreen
dronbreen-20220329-DAT_0235_A1_1,5300.0,4850,115.68093872070312,538975.5887024658,8669314.928264651,688.9927978515625,2022-03-29 10:26:14+00:00,0,2022-05-04,100 MHz,20220329,114.2218998670578,113.38815307617188,116.72310638427734,1.830647868843193,1.5451234336853026,8,2.328817690013804,0.7903162638346355,2.9043756739661326,3.065821790304011,110.9288865940267,119.18237286642253,115.05563634634018,111.19960498809814,3.909644712055117,2.7039637499950824,10.0,10.0,0.26722933549776806,0.0,2.7171366323830766,3.918766807587703,115.32286568183795,110.93237565260037,0.9873873875006496,0.03379679275852399,certain_temperate,573.3118591308594,687.5337589979172,POINT (538975.5887024658 8669314.928264651),dronbreen
dronbreen-20220329-DAT_0235_A1_1,5305.0,4853,116.0978012084961,538971.7092264004,8669317.607359147,688.8032836914062,2022-03-29 10:26:15+00:00,0,2022-05-04,100 MHz,20220329,114.63876235485077,113.8050308227539,117.03575897216797,1.8538076108603805,1.8541492515563964,8,2.3371007205892926,1.0161209106445312,3.1515727708995085,3.1513717872240865,111.25659179400944,119.58419800091244,115.47249883413315,111.61646747589111,3.8989654471806867,2.7039637499950824,10.0,10.0,0.26722933549776806,0.0,2.7171366323830766,3.9081124697300447,115.73972816963092,111.34923814039334,0.9874326745342482,0.033583456418598896,certain_temperate,572.7054824829102,687.3442448377609,POINT (538971.7092264004 8669317.607359147),dronbreen
dronbreen-20220329-DAT_0235_A1_1,5310.0,4857,116.618896484375,538967.7146494563,8669320.283137295,688.5496826171875,2022-03-29 10:26:16+00:00,0,2022-05-04,100 MHz,20220329,115.15985763072968,114.43032836914062,117.55684661865234,1.971095174972533,2.008656504821777,8,2.347455389755756,1.0161209106445312,3.252345225572657,3.229282381697584,111.87239003682251,120.11478495097046,115.99359411001205,112.13756275177002,3.8783590566195265,2.7039637499950824,10.0,10.0,0.26722933549776806,0.0,2.7171366323830766,3.8875545642232834,116.26082344550983,111.87033341627225,0.9874888298755184,0.03325669487139387,certain_temperate,571.9307861328125,687.0906437635422,POINT (538967.7146494563 8669320.283137295),dronbreen
dronbreen-20220329-DAT_0235_A1_1,5315.0,4860,117.03575897216797,538963.6817162872,8669322.957818208,688.3099365234375,2022-03-29 10:26:17+00:00,0,2022-05-04,100 MHz,20220329,115.57672011852264,114.84720611572266,117.86949157714844,2.0481088671493266,1.7768814857482909,8,2.355739279138623,1.0161126454671223,3.1207852015077564,3.282794905450301,112.28166670664028,120.43503098623081,116.3062395453453,112.55442523956299,3.8499861274869827,2.7039637499950824,10.0,10.0,0.26722933549776806,0.0,2.7171366323830766,3.8592492404083973,116.57346888084308,112.28719590406521,0.9875333926446165,0.03289581031727696,certain_temperate,571.2741775512695,686.8508976697922,POINT (538963.6817162872 8669322.957818208),dronbreen
dronbreen-20220329-DAT_0235_A1_1,5320.0,4864,117.55684661865234,538959.0538206856,8669325.907739308,688.122331891741,2022-03-29 10:26:18.142856960+00:00,0,2022-05-04,100 MHz,20220329,116.09780776500702,115.47249603271484,118.28636169433594,2.0768380337170056,1.62237423248291,8,2.3660948575170315,1.1290067036946614,3.0830438144762944,3.3445952266379777,112.85084368891408,120.9080140381367,116.82732719182968,113.07551288604736,3.8596441600344438,2.7039637499950824,10.0,10.0,0.26722933549776806,0.0,2.7171366323830766,3.868884149188053,117.09455652732746,112.80828355054959,0.9875886526764506,0.03283215117665505,certain_temperate,570.5654852730887,686.6632930380957,POINT (538959.0538206856 8669325.907739308),dronbreen
dronbreen-20220329-DAT_0235_A1_1,5325.0,4868,118.07791900634766,538954.1526510686,8669328.885213315,687.9204305013021,2022-03-29 10:26:19.333333248+00:00,0,2022-05-04,100 MHz,20220329,116.61888015270233,116.0978012084961,118.80744934082031,2.0338097277653726,1.4678726348876951,8,2.376450711196813,1.0161126454671225,2.9723144119150953,3.288827283360908,113.51323105254636,121.39201949677005,117.348399579525,113.59658527374268,3.879727882472388,2.7039637499950824,10.0,10.0,0.26722933549776806,0.0,2.7171366323830766,3.8889201534338884,117.61562891502277,113.3293559382449,0.9876434233773472,0.03285735313698932,certain_temperate,569.8425114949545,686.4613916476568,POINT (538954.1526510686 8669328.885213315),dronbreen
dronbreen-20220329-DAT_0235_A1_1,5330.0,4871,118.49479675292969,538950.3154023038,8669330.991829704,687.7398834228516,2022-03-29 10:26:20.249999872+00:00,0,2022-05-04,100 MHz,20220329,117.03575789928436,116.5146713256836,119.22431945800781,2.019883330788032,1.4678613235473632,8,2.3847361998777235,1.016137440999349,2.978945938947897,3.286248729479147,113.92247109383267,121.81651968985874,117.76527732610703,114.0134630203247,3.890149698024511,2.7039637499950824,10.0,10.0,0.26722933549776806,0.0,2.7171366323830766,3.8993174006216487,118.0325066616048,113.74623368482693,0.9876868951749204,0.0328297090220405,certain_temperate,569.2450866699219,686.2808445692062,POINT (538950.3154023038 8669330.991829704),dronbreen
dronbreen-20220329-DAT_0235_A1_1,5335.0,4875,119.0158920288086,538946.1997161476,8669333.431566218,687.4878133138021,2022-03-29 10:26:21.333333248+00:00,0,2022-05-04,100 MHz,20220329,117.55685317516327,117.13997650146484,119.84962463378906,2.0261629104667005,1.5451234336853026,8,2.3950935309847945,1.1290232340494792,3.0657092018833447,3.3341419623254867,114.49211576396584,122.49748537128806,118.28637260198593,114.53455829620361,3.9008221605528663,2.7039637499950824,10.0,10.0,0.26722933549776806,0.0,2.7171366323830766,3.9099648394852493,118.5536019374837,114.26732896070584,0.9877408064690038,0.03277564108504641,certain_temperate,568.4719212849935,686.0287744601568,POINT (538946.1997161476 8669333.431566218),dronbreen
dronbreen-20220329-DAT_0235_A1_1,5340.0,4879,119.53697204589844,538941.5091765217,8669336.273396092,687.1911417643229,2022-03-29 10:26:22.666666752+00:00,0,2022-05-04,100 MHz,20220329,118.07793319225311,117.66107177734375,120.3707046508789,2.025395280185714,1.62237423248291,8,2.4054511166017827,1.1289984385172527,3.1133471857086015,3.3411163687506793,115.00384906395762,123.02792736426504,118.80745261907578,115.05563831329346,3.922910501004044,2.7039637499950824,10.0,10.0,0.26722933549776806,0.0,2.7171366323830766,3.932001820528365,119.07468195457355,114.78840897779568,0.9877942461761111,0.032817549531853375,certain_temperate,567.6541697184244,685.7321029106776,POINT (538941.5091765217 8669336.273396092),dronbreen
dronbreen-20220329-DAT_0235_A1_1,5345.0,4883,120.05804443359375,538937.2257956266,8669338.568756035,686.9884556361607,2022-03-29 10:26:23.857143040+00:00,0,2022-05-04,100 MHz,20220329,118.59900557994843,118.28636169433594,120.99600982666016,2.004459967944131,1.6996306869506834,8,2.415809101168283,1.1290149688720705,3.1622069643287363,3.335965853589526,115.61975178412696,123.66261973686913,119.32852500677109,115.57671070098877,3.9343223559259486,2.7039637499950824,10.0,10.0,0.26722933549776806,0.0,2.7171366323830766,3.943387365969679,119.59575434226886,115.309481365491,0.9878472212292918,0.032770168583764435,certain_temperate,566.9304112025669,685.5294167825153,POINT (538937.2257956266 8669338.568756035),dronbreen
dronbreen-20220329-DAT_0235_A1_1,5350.0,4887,120.57913970947266,538933.0610777084,8669340.681464639,686.8125,2022-03-29 10:26:25+00:00,0,2022-05-04,100 MHz,20220329,119.12010085582733,118.91166687011719,121.30866241455078,1.8626258829329696,1.7768814857482909,8,2.42616808429066,1.3548361460367837,3.2983602547680366,3.345332230976505,116.1328411188621,124.08748816580587,119.84962028265,116.09780597686768,3.957870577606224,2.7039637499950824,10.0,10.0,0.26722933549776806,0.0,2.7171366323830766,3.966881776260997,120.11684961814777,115.8305766413699,0.9878997407249647,0.032823841562831246,certain_temperate,566.2333602905273,685.3534611463547,POINT (538933.0610777084 8669340.681464639),dronbreen
dronbreen-20220329-DAT_0235_A1_1,5355.0,4892,121.30866241455078,538928.1291001862,8669343.020146267,686.5660196940104,2022-03-29 10:26:26.333333248+00:00,0,2022-05-04,100 MHz,20220329,119.84962356090546,119.22431945800781,121.6213150024414,1.6905740280335497,1.62237423248291,8,2.4406713483635967,0.7903162638346355,3.035387055686478,3.0723796920084756,116.6588806207707,124.18675383967852,120.57914298772812,116.8273286819458,3.9823705971496484,2.7039637499950824,10.0,10.0,0.26722933549776806,0.0,2.7171366323830766,3.991326482611091,120.84637232322589,116.56009934644803,0.9879725089321377,0.03282841074894227,certain_temperate,565.2573572794596,685.106980840365,POINT (538928.1291001862 8669343.020146267),dronbreen
dronbreen-20220329-DAT_0235_A1_1,5360.0,4896,121.30866241455078,538923.4273673473,8669345.365491828,686.2501017252604,2022-03-29 10:26:27.666666752+00:00,0,2022-05-04,100 MHz,20220329,119.84962356090546,119.43275451660156,121.82974243164062,1.536727469788141,1.3906105247497558,8,2.4406713483635967,0.11289405822753908,2.8113020703316196,2.886373679118406,116.9894735873783,124.27302336086389,120.57914298772812,116.8273286819458,3.994972143601238,2.7039637499950824,10.0,10.0,0.26722933549776806,0.0,2.7171366323830766,4.0038998421414655,120.84637232322589,116.56009934644803,0.9879725089321377,0.032932290770374927,certain_temperate,564.9414393107096,684.791062871615,POINT (538923.4273673473 8669345.365491828),dronbreen
dronbreen-20220329-DAT_0235_A1_1,5365.0,4900,121.41287231445312,538919.6736005025,8669347.133451466,685.9692687988281,2022-03-29 10:26:28.750000128+00:00,0,2022-05-04,100 MHz,20220329,119.9538334608078,119.95384216308594,122.0381851196289,1.402648567359678,1.3906048690795898,8,2.442743176320073,0.225796381632487,2.8198865461795557,2.825845224872155,117.50068537408598,124.49134190862887,120.68335288763046,116.93153858184814,4.020867063808103,2.7039637499950824,10.0,10.0,0.26722933549776806,0.0,2.7171366323830766,4.02973739374756,120.95058222312824,116.66430924635037,0.9879828322497265,0.0331173045094779,certain_temperate,564.556396484375,684.5102299451828,POINT (538919.6736005025 8669347.133451466),dronbreen
dronbreen-20220329-DAT_0235_A1_1,5370.0,4904,121.51708984375,538915.4211539857,8669349.104125861,685.6537780761719,2022-03-29 10:26:30+00:00,0,2022-05-04,100 MHz,20220329,120.05805099010468,120.47491455078125,122.24662017822266,1.3513127723691092,1.5451234336853026,8,2.444815176989378,0.2258129119873047,2.9009514208585516,2.8025272397651513,118.0196930290326,124.70184169997131,120.78757041692734,117.03575611114502,4.047669751437539,2.7039637499950824,10.0,10.0,0.26722933549776806,0.0,2.7171366323830766,4.0564814722186275,121.05479975242511,116.76852677564725,0.9879931386151414,0.03330946911781827,certain_temperate,564.1366882324219,684.1947392225266,POINT (538915.4211539857 8669349.104125861),dronbreen
dronbreen-20220329-DAT_0235_A1_1,5375.0,4908,121.6213150024414,538910.8783135145,8669351.26801491,685.3228556315104,2022-03-29 10:26:31.333333248+00:00,0,2022-05-04,100 MHz,20220329,120.16227614879608,120.68335723876953,122.55925750732422,1.2687757325375213,1.3906048690795898,8,2.4468873503226973,0.0,2.8144341539778637,2.756274580778438,118.23646988844683,125.00614485764692,120.89179557561874,117.13998126983643,4.061405978902769,2.7039637499950824,10.0,10.0,0.26722933549776806,0.0,2.7171366323830766,4.070187961657021,121.15902491111652,116.87275193433865,0.9880034280700218,0.033393866682178544,certain_temperate,563.701540629069,683.863816777865,POINT (538910.8783135145 8669351.26801491),dronbreen
dronbreen-20220329-DAT_0235_A1_1,5380.0,4913,121.51708984375,538905.8532357563,8669353.619594363,685.0303649902344,2022-03-29 10:26:32.750000128+00:00,0,2022-05-04,100 MHz,20220329,120.05805099010468,120.78756713867188,122.76769256591797,1.2481234665201493,1.4678669792175292,8,2.444815176989378,0.11291058858235677,2.853857655758046,2.7473045405141914,118.34014603664394,125.2151136679459,120.78757041692734,117.03575611114502,4.089536572898362,2.7039637499950824,10.0,10.0,0.26722933549776806,0.0,2.7171366323830766,4.0982582762466135,121.05479975242511,116.76852677564725,0.9879931386151414,0.03365400354926867,certain_temperate,563.5132751464844,683.571326136589,POINT (538905.8532357563 8669353.619594363),dronbreen
dronbreen-20220329-DAT_0235_A1_1,5385.0,4917,121.51708984375,538901.2884924544,8669355.76737717,684.8343505859375,2022-03-29 10:26:34+00:00,0,2022-05-04,100 MHz,20220329,120.05805099010468,120.89179229736328,122.87191009521484,1.2317780519867545,1.4678613235473632,8,2.444815176989378,0.11290232340494792,2.853854419803865,2.739917034076784,118.44437157663138,125.31933081594674,120.78757041692734,117.03575611114502,4.047669751437539,2.7039637499950824,10.0,10.0,0.26722933549776806,0.0,2.7171366323830766,4.0564814722186275,121.05479975242511,116.76852677564725,0.9879931386151414,0.03330946911781827,certain_temperate,563.3172607421875,683.3753117322922,POINT (538901.2884924544 8669355.76737717),dronbreen
dronbreen-20220329-DAT_0235_A1_1,5390.0,4921,121.41287231445312,538896.3619918152,8669357.920246849,684.6755167643229,2022-03-29 10:26:35.333333248+00:00,0,2022-05-04,100 MHz,20220329,119.9538334608078,120.89179229736328,122.87191009521484,1.2073634188905487,1.3133540702819824,8,2.442743176320073,0.11290232340494792,2.775723342484759,2.7271720857627573,118.44644136956406,125.31726102301407,120.68335288763046,116.93153858184814,4.020867063808103,2.7039637499950824,10.0,10.0,0.26722933549776806,0.11290180683135988,2.7194812551337493,4.031318677623137,120.97345344905075,116.64143802042786,0.9879828322497265,0.0331173045094779,certain_temperate,563.2626444498698,683.2164779106776,POINT (538896.3619918152 8669357.920246849),dronbreen
dronbreen-20220329-DAT_0235_A1_1,5395.0,4925,121.41287231445312,538891.8739530719,8669359.961727688,684.5145568847656,2022-03-29 10:26:36.500000+00:00,0,2022-05-04,100 MHz,20220329,119.84961640834808,120.99600982666016,122.87191009521484,1.1947679353775051,1.1588411613464356,8,2.442743176320073,0.11289405822753908,2.706039935232316,2.721618950780507,118.55065928045182,125.31726064142318,120.68335288763046,116.93153858184814,3.9758955266228604,2.7812198509834705,10.0,10.0,0.2674649652032747,0.11290180683135988,2.796331200895468,3.986480849598634,120.97367051643893,116.64122095303966,0.9871244631948392,0.03274690278577295,certain_temperate,563.1016845703125,682.9513009786606,POINT (538891.8739530719 8669359.961727688),dronbreen
dronbreen-20220329-DAT_0235_A1_1,5400.0,4929,121.30866241455078,538887.331191211,8669362.125698911,684.2716064453125,2022-03-29 10:26:37.666666752+00:00,0,2022-05-04,100 MHz,20220329,119.74540650844574,121.1002197265625,122.97613525390625,1.1557419516101124,0.9270831092834472,8,2.4406713483635967,0.11289405822753908,2.613255592288042,2.702843161897784,118.65693879733924,125.41941618312951,120.57914298772812,116.8273286819458,3.9514164415299255,2.7812198509834705,10.0,10.0,0.2674649652032747,0.0,2.794051067377922,3.9604582313167005,120.8466079529314,116.55986371674253,0.9871134024974829,0.03257324219787918,certain_temperate,562.9629440307617,682.7083505392075,POINT (538887.331191211 8669362.125698911),dronbreen
dronbreen-20220329-DAT_0235_A1_1,5405.0,4933,121.30866241455078,538883.14323565,8669364.0828223,683.9732360839844,2022-03-29 10:26:38.750000128+00:00,0,2022-05-04,100 MHz,20220329,119.74540650844574,121.1002197265625,122.97613525390625,1.1155195680546155,0.9270831092834472,8,2.4406713483635967,0.11289405822753908,2.613255592288042,2.6858900956328826,118.65693879733924,125.41941618312951,120.57914298772812,116.8273286819458,3.9164911930075474,2.7812198509834705,10.0,10.0,0.2674649652032747,0.0,2.794051067377922,3.925613426270711,120.8466079529314,116.55986371674253,0.9871134024974829,0.03228533820300182,certain_temperate,562.6645736694336,682.4099801778793,POINT (538883.14323565 8669364.0828223),dronbreen
dronbreen-20220329-DAT_0235_A1_1,5410.0,4937,121.41287231445312,538878.2840813543,8669366.454792894,683.5634155273438,2022-03-29 10:26:40+00:00,0,2022-05-04,100 MHz,20220329,119.84961640834808,121.2044448852539,123.0803451538086,1.0879683898024735,1.0043339080810547,8,2.442743176320073,0.33870697021484375,2.662781109301281,2.695439083774624,118.73833121448965,125.54645882457285,120.68335288763046,116.93153858184814,3.8985321469515717,2.7812198509834705,10.0,10.0,0.2674649652032747,0.0,2.794051067377922,3.9076963045285416,120.95081785283374,116.66407361664487,0.9871244631948392,0.03210971021964271,certain_temperate,562.1505432128906,682.0001596212387,POINT (538878.2840813543 8669366.454792894),dronbreen
dronbreen-20220329-DAT_0235_A1_1,5415.0,4940,121.6213150024414,538874.3550157575,8669368.202312965,683.2816772460938,2022-03-29 10:26:41+00:00,0,2022-05-04,100 MHz,20220329,120.05805909633636,121.2044448852539,122.97613525390625,1.0597939716103217,1.236108927154541,8,2.4468873503226973,0.4516092936197917,2.7783401409914066,2.704509552860662,118.71623093559985,125.4643492035603,120.89179557561874,117.13998126983643,3.877549903775008,2.7812198509834705,10.0,10.0,0.2674649652032747,0.0,2.794051067377922,3.886763533311071,121.15926054082202,116.87251630463315,0.9871465301450354,0.03188215736441569,certain_temperate,561.6603622436523,681.7184213399887,POINT (538874.3550157575 8669368.202312965),dronbreen
dronbreen-20220329-DAT_0235_A1_1,5420.0,4945,121.82974243164062,538869.172190549,8669370.813096013,682.9191284179688,2022-03-29 10:26:42.333333248+00:00,0,2022-05-04,100 MHz,20220329,120.26648652553558,121.30866241455078,122.87191009521484,0.9867249508398601,1.2360863044738768,8,2.4510313046519743,0.4516092936197917,2.7819803670363332,2.680509567055796,118.81637322377301,125.36419928599261,121.10022300481796,117.34840869903564,3.8479794899761655,2.7812198509834705,10.0,10.0,0.2674649652032747,0.0,2.794051067377922,3.857263753347497,121.36768797002124,117.08094373383237,0.987168519977934,0.031584893911560954,certain_temperate,561.0893859863281,681.3558725118637,POINT (538869.172190549 8669370.813096013),dronbreen
dronbreen-20220329-DAT_0235_A1_1,5425.0,4948,122.0381851196289,538865.3118523415,8669372.841748843,682.642822265625,2022-03-29 10:26:43.333333248+00:00,0,2022-05-04,100 MHz,20220329,120.47492921352386,121.41287231445312,123.18456268310547,0.9379551145883251,1.0815903625488281,9,2.45517564563457,0.33870697021484375,2.7041537631850288,2.649975407352235,118.93444340431887,125.66299159323972,121.30866569280624,117.55685138702393,3.8295573628818986,2.7812198509834705,10.0,10.0,0.2674649652032747,0.0,2.794051067377922,3.8388861800285445,121.57613065800952,117.28938642182065,0.9871904363001412,0.0313799927385674,certain_temperate,560.6046371459961,681.07956635952,POINT (538865.3118523415 8669372.841748843),dronbreen
dronbreen-20220329-DAT_0235_A1_1,5430.0,4952,122.14239501953125,538860.809473125,8669375.162037142,682.3077697753906,2022-03-29 10:26:44.500000+00:00,0,2022-05-04,100 MHz,20220329,120.57913911342621,121.51708984375,122.87191009521484,0.836626962868055,0.9270774536132812,9,2.457247619684041,0.33870697021484375,2.648067386059707,2.617772517067293,119.03660838320347,125.35239155576137,121.41287559270859,117.66106128692627,3.8055481091013528,2.7812198509834705,10.0,10.0,0.2674649652032747,0.0,2.794051067377922,3.8149356375037407,121.68034055791186,117.393596321723,0.9872013652110304,0.031156652106689282,certain_temperate,560.1653747558594,680.7445138692856,POINT (538860.809473125 8669375.162037142),dronbreen
dronbreen-20220329-DAT_0235_A1_1,5435.0,4956,122.35083770751953,538856.2833194745,8669377.419630291,681.9453328450521,2022-03-29 10:26:45.666666752+00:00,0,2022-05-04,100 MHz,20220329,120.78758180141449,121.6213150024414,122.66348266601562,0.7551244059530287,1.0815903625488281,9,2.4613920847952513,0.2258129119873047,2.698014117581931,2.584502918315012,119.14958636314604,125.13521130531099,121.62131828069687,117.86950397491455,3.781546033704281,2.7812198509834705,10.0,10.0,0.2674649652032747,0.0,2.794051067377922,3.790992998230908,121.88878324590014,117.60203900971128,0.9872231695720628,0.030907397975844606,certain_temperate,559.5944951375326,680.3820769389471,POINT (538856.2833194745 8669377.419630291),dronbreen
dronbreen-20220329-DAT_0235_A1_1,5440.0,4960,122.35083770751953,538852.0338834393,8669379.514636956,681.6023712158203,2022-03-29 10:26:46.750000128+00:00,0,2022-05-04,100 MHz,20220329,120.78758180141449,121.82974243164062,122.55925750732422,0.6704727989679686,0.6953024345397949,10,2.4613920847952513,0.2258129119873047,2.5676619601867117,2.5610498317035617,119.35801379234526,125.03098614661958,121.62131828069687,117.86950397491455,3.766901623114895,2.7812198509834705,10.0,10.0,0.2674649652032747,0.0,2.794051067377922,3.776385222118742,121.88878324590014,117.60203900971128,0.9872231695720628,0.03078770602388271,certain_temperate,559.2515335083008,680.0391153097153,POINT (538852.0338834393 8669379.514636956),dronbreen
dronbreen-20220329-DAT_0235_A1_1,5445.0,4964,122.14239501953125,538847.1489585214,8669382.11857729,681.1925048828125,2022-03-29 10:26:48+00:00,0,2022-05-04,100 MHz,20220329,120.57913911342621,121.93396759033203,122.76769256591797,0.6610442502072559,0.7725475776672363,10,2.457247619684041,0.2258129119873047,2.5857082386500196,2.5546108972591393,119.46636605530595,125.23529410094405,121.41287559270859,117.66106128692627,3.7533576919628078,2.7812198509834705,10.0,10.0,0.2674649652032747,0.0,2.794051067377922,3.762875425977794,121.68034055791186,117.393596321723,0.9872013652110304,0.030729360525169207,certain_temperate,559.0501098632812,679.6292489767075,POINT (538847.1489585214 8669382.11857729),dronbreen
dronbreen-20220329-DAT_0235_A1_1,5450.0,4968,122.14239501953125,538842.7591494092,8669384.43774621,680.8193882533482,2022-03-29 10:26:49.142856960+00:00,0,2022-05-04,100 MHz,20220329,120.57913911342621,121.72552490234375,122.55925750732422,0.6934792037573562,0.695313745880127,10,2.457247619684041,0.11291058858235677,2.5562229696696557,2.5557245687868706,119.2656845283648,125.01909788130317,121.41287559270859,117.66106128692627,3.7409262010136315,2.7812198509834705,10.0,10.0,0.2674649652032747,0.0,2.794051067377922,3.750475483060977,121.68034055791186,117.393596321723,0.9872013652110304,0.03062758185162029,certain_temperate,558.6769932338169,679.2561323472431,POINT (538842.7591494092 8669384.43774621),dronbreen
dronbreen-20220329-DAT_0235_A1_1,5455.0,4972,122.24662017822266,538838.1663596974,8669386.883987878,680.4252726236979,2022-03-29 10:26:50.333333248+00:00,0,2022-05-04,100 MHz,20220329,120.68336427211761,121.82974243164062,122.45503997802734,0.725456495118042,0.9270717979431152,10,2.459319917782039,0.11291058858235677,2.630677741106833,2.5665717183282495,119.36783194199778,124.91695046767019,121.5171007514,117.76528644561768,3.724389004504645,2.7812198509834705,10.0,10.0,0.2674649652032747,0.0,2.794051067377922,3.7339805790183602,121.78456571660327,117.4978214804144,0.9872122770852398,0.030466192022935927,certain_temperate,558.1786524454752,678.8620167175928,POINT (538838.1663596974 8669386.883987878),dronbreen
dronbreen-20220329-DAT_0235_A1_1,5460.0,4975,122.24662017822266,538834.5805797812,8669388.827593062,680.1014709472656,2022-03-29 10:26:51.249999872+00:00,0,2022-05-04,100 MHz,20220329,120.68336427211761,121.82974243164062,122.66348266601562,0.7879712733916222,1.0043282524108885,10,2.459319917782039,0.22578811645507815,2.6660663851679494,2.5923220207416753,119.36007955352714,125.1331455441291,121.5171007514,117.76528644561768,3.7147854481425093,2.7812198509834705,10.0,10.0,0.2674649652032747,0.0,2.794051067377922,3.7244017550933646,121.78456571660327,117.4978214804144,0.9872122770852398,0.03038763315277547,certain_temperate,557.854850769043,678.5382150411606,POINT (538834.5805797812 8669388.827593062),dronbreen
dronbreen-20220329-DAT_0235_A1_1,5465.0,4979,122.45503997802734,538830.3527778266,8669391.062851787,679.6923624674479,2022-03-29 10:26:52.333333248+00:00,0,2022-05-04,100 MHz,20220329,120.8917840719223,121.93396759033203,122.87191009521484,0.7310878132240055,0.9270661422729491,10,2.463463968968921,0.33869043986002606,2.6538307354858817,2.5918825843593583,119.44733011364576,125.35854757190111,121.72552055120468,117.97370624542236,3.706329363373727,2.7812198509834705,10.0,10.0,0.2674649652032747,0.0,2.794051067377922,3.7159675533321717,121.99298551640796,117.70624128021909,0.9872340419276696,0.030266858465268314,certain_temperate,557.2373224894205,678.1291065613428,POINT (538830.3527778266 8669391.062851787),dronbreen
dronbreen-20220329-DAT_0235_A1_1,5470.0,4983,122.55925750732422,538825.3884472465,8669393.649074769,679.1802368164062,2022-03-29 10:26:53.666666752+00:00,0,2022-05-04,100 MHz,20220329,120.99600160121918,122.0381851196289,123.0803451538086,0.7054655475166516,0.8498096878051757,10,2.465536177041141,0.4516092936197917,2.646695316780899,2.603939560188635,119.53162979520808,125.58690047822942,121.82973808050156,118.07792377471924,3.7025341213891316,2.7812198509834705,10.0,10.0,0.2674649652032747,0.0,2.794051067377922,3.7121821652044473,122.09720304570483,117.81045880951596,0.9872448973835238,0.030210154636159295,certain_temperate,556.620979309082,677.6169809103012,POINT (538825.3884472465 8669393.649074769),dronbreen
dronbreen-20220329-DAT_0235_A1_1,5475.0,4987,122.87191009521484,538820.5328548356,8669396.238451285,678.6914367675781,2022-03-29 10:26:55+00:00,0,2022-05-04,100 MHz,20220329,121.3086541891098,122.14239501953125,123.18456268310547,0.637626436694048,0.7725588890075683,10,2.4717529237726463,0.45161755879720056,2.628757914410754,2.5923133314404176,119.62972294868862,125.6972347539481,122.14239066839218,118.39057636260986,3.6990286196648925,2.7812198509834705,10.0,10.0,0.2674649652032747,0.0,2.794051067377922,3.7086857829575086,122.40985563359546,118.12311139740659,0.9872773532624857,0.030104753940900512,certain_temperate,555.8195266723633,677.1281808614731,POINT (538820.5328548356 8669396.238451285),dronbreen
dronbreen-20220329-DAT_0235_A1_1,5480.0,4990,122.97613525390625,538816.886368241,8669398.180349357,678.3353271484375,2022-03-29 10:26:56+00:00,0,2022-05-04,100 MHz,20220329,121.41287934780121,122.24662017822266,123.28878021240234,0.6249155597033956,0.6953080902099609,10,2.473825365056074,0.0,2.569681940845256,2.551535105295286,119.77279481316658,125.76260557745842,122.24661582708359,118.49480152130127,3.6990286196648925,2.7812198509834705,10.0,10.0,0.2674649652032747,0.0,2.794051067377922,3.7086857829575086,122.51408079228686,118.227336556098,0.98728813600397,0.030079239455912204,certain_temperate,555.3591918945312,676.7720712423325,POINT (538816.886368241 8669398.180349357),dronbreen
dronbreen-20220329-DAT_0235_A1_1,5485.0,4994,122.87191009521484,538812.4194109547,8669400.610366166,677.8877410888672,2022-03-29 10:26:57.249999872+00:00,0,2022-05-04,100 MHz,20220329,121.3086541891098,122.55925750732422,123.39300537109375,0.6348779982680495,0.6953024345397949,10,2.4717529237726463,0.0,2.5676853373526107,2.551986008751512,120.08750458355158,125.86475829486639,122.14239066839218,118.49479341506958,3.695813682662292,2.7812198509834705,10.0,10.0,0.2674649652032747,0.11290180683135988,2.796331200895468,3.7071988215566196,122.43270829720065,118.2044757862611,0.9872773532624857,0.030078588994004923,certain_temperate,555.0158309936523,676.3244851827621,POINT (538812.4194109547 8669400.610366166),dronbreen
dronbreen-20220329-DAT_0235_A1_1,5490.0,4999,122.97613525390625,538807.6193397669,8669403.496013844,677.3211059570312,2022-03-29 10:26:58.666666752+00:00,0,2022-05-04,100 MHz,20220329,121.30866229534149,122.66348266601562,123.70565795898438,0.6573873077389254,0.8498266548156738,10,2.473825365056074,0.33870697021484375,2.637563210939623,2.581993884741629,120.16657771218439,126.20256291281561,121.51709640026093,118.7032356262207,3.629254989123644,2.7039638438880442,10.0,10.0,0.267716615896395,1.4677236179510755,3.088252786637166,3.92394910532709,122.97613525390625,117.21129567933329,0.9864406784688593,0.029511864083469504,certain_temperate,554.344970703125,675.6536329984665,POINT (538807.6193397669 8669403.496013844),dronbreen
dronbreen-20220329-DAT_0235_A1_1,5495.0,5004,123.18456268310547,538803.3311781543,8669406.163808424,676.74853515625,2022-03-29 10:27:00+00:00,0,2022-05-04,100 MHz,20220329,120.26648497581482,122.66348266601562,123.80986785888672,0.6672267236633675,0.8498209991455078,10,2.477969853200635,0.11289405822753908,2.6220746351587567,2.5687100191584125,120.18294247046259,126.29040805443975,121.72552382946014,119.01588010787964,3.573292703869527,2.626707698714733,10.0,10.0,0.2719670402867132,1.3548218111197154,2.9680130635452513,3.831178533873776,123.10737339105793,117.63403054628185,0.9763113360657255,0.02900763396028679,certain_temperate,553.5639724731445,673.8304574489594,POINT (538803.3311781543 8669406.163808424),dronbreen
dronbreen-20220329-DAT_0235_A1_1,5500.0,5007,123.0803451538086,538799.660212599,8669408.291134058,676.2853393554688,2022-03-29 10:27:01+00:00,0,2022-05-04,100 MHz,20220329,120.16226744651794,122.66348266601562,123.9140853881836,0.7127014902328506,0.9270717979431152,10,2.4758975231766485,0.225796381632487,2.6533968172461626,2.5863093328932467,120.17731039699834,126.40025765720088,121.62130630016327,118.59901142120361,3.618865499964653,2.935732102668285,10.0,10.0,0.2719670402867132,1.0161165197690327,3.1184903128576487,3.7686398553834066,122.67318977885749,117.54712794250939,0.9762912778344581,0.029402464670068167,certain_temperate,553.2049942016602,673.3672616481781,POINT (538799.660212599 8669408.291134058),dronbreen
dronbreen-20220329-DAT_0235_A1_1,5505.0,5012,122.97613525390625,538794.6576373944,8669410.87636727,675.7778523763021,2022-03-29 10:27:02.333333248+00:00,0,2022-05-04,100 MHz,20220329,119.12010383605957,122.55925750732422,123.80986785888672,0.7692966044458173,1.081596018218994,10,2.473825365056074,0.22580464680989584,2.709363324093493,2.600503209174644,120.07514807428473,126.29397729192621,121.41287934780121,118.49480152130127,3.5639084600217665,2.858475648200512,10.0,10.0,0.2766000566127351,1.693527360757192,3.333980435501493,3.9555007299160128,122.97613525390625,116.77883458894173,0.9686440673234266,0.02898048839039737,certain_temperate,552.8017171223959,671.9218209584554,POINT (538794.6576373944 8669410.87636727),dronbreen
dronbreen-20220329-DAT_0235_A1_1,5510.0,5016,122.87191009521484,538789.8725070085,8669413.46787476,675.3339640299479,2022-03-29 10:27:03.666666752+00:00,0,2022-05-04,100 MHz,20220329,118.39057636260986,122.66348266601562,123.60143280029297,0.8239104105519324,0.8498209991455078,10,2.4717529237726463,0.2258129119873047,2.6234995174361058,2.6152212816537466,120.18143633538463,126.08347913092396,121.3086541891098,116.30623531341553,3.7264621343428415,3.8628049610495565,10.0,10.0,0.28034432544496657,0.6774108409881592,3.9317604905953445,3.797893946253434,122.04178336483362,115.57310613769171,0.9635284115862418,0.03032802315399153,certain_temperate,552.462053934733,670.8526302973429,POINT (538789.8725070085 8669413.46787476),dronbreen
dronbreen-20220329-DAT_0235_A1_1,5515.0,5019,122.76769256591797,538786.3895562763,8669415.290508104,675.0308024088541,2022-03-29 10:27:04.666666752+00:00,0,2022-05-04,100 MHz,20220329,118.28635883331299,122.45503997802734,123.39300537109375,0.838428350262668,0.7725588890075683,10,2.4696806544944025,0.4516092936197917,2.6268080870616104,2.6469294640756575,119.94440788843961,125.90363746068148,119.95383191108704,115.36828184127808,3.9593337935580935,4.635366236042976,10.0,10.0,0.28034432544496657,0.4516072273254395,4.665743474606056,3.994854955739055,120.48537873741729,114.83673501494782,0.9634974508444165,0.032250616679402024,certain_temperate,552.2631098429362,670.5494686762491,POINT (538786.3895562763 8669415.290508104),dronbreen
dronbreen-20220329-DAT_0235_A1_1,5520.0,5024,122.45503997802734,538781.8801741238,8669417.641865423,674.6321411132812,2022-03-29 10:27:06+00:00,0,2022-05-04,100 MHz,20220329,117.5568380355835,122.24662017822266,123.18456268310547,0.8788341451711139,0.9270661422729491,10,2.463463968968921,0.6774056752522787,2.7179008089738947,2.7018294968392707,119.69171642753612,125.739466433792,118.39057445526123,111.92911720275879,5.175309801334824,4.944390463256836,10.0,10.0,0.28312003268505087,2.3709379434585576,5.4907650412109446,5.699590794472123,120.7783566238518,109.54133503416821,0.9599999971963362,0.042262938318124374,certain_temperate,552.1771011352539,669.7339391708374,POINT (538781.8801741238 8669417.641865423),dronbreen
dronbreen-20220329-DAT_0235_A1_1,5525.0,5028,122.14239501953125,538777.6002186929,8669419.964397058,674.2437569754464,2022-03-29 10:27:07.285714432+00:00,0,2022-05-04,100 MHz,20220329,115.47250318527222,122.0381851196289,122.97613525390625,0.86666766593141,0.9270774536132812,10,2.457247619684041,0.7903079986572266,2.742649303535281,2.7228230644600235,119.45697366041358,125.55734671312158,117.66106128692627,108.59417819976807,6.381861300048061,6.721280432510375,10.0,10.0,0.2972456607459327,5.419286727905273,8.63901813139256,8.377659415083288,122.14239501953125,103.16674569239568,0.945392491827326,0.05224935452614603,certain_temperate,552.1013619559152,667.5738651411874,POINT (538777.6002186929 8669419.964397058),dronbreen
dronbreen-20220329-DAT_0235_A1_1,5530.0,5033,121.72552490234375,538772.5829907403,8669422.744230937,673.7889578683036,2022-03-29 10:27:08.714285568+00:00,0,2022-05-04,100 MHz,20220329,111.8249044418335,121.51708984375,122.76769256591797,0.8296736619938301,0.9270717979431152,10,2.4489592412084864,0.7903162638346355,2.7352263673274764,2.7037676578042418,118.9437649202353,125.34101748943267,116.2020206451416,104.32127571105957,7.204817360731485,9.57975722951889,10.0,10.0,0.331313920928822,6.322501699129741,11.482836985092975,9.591308036508758,121.72552490234375,97.99009914981129,0.9186643847422044,0.05918904327183362,certain_temperate,552.0634329659598,663.8883374077933,POINT (538772.5829907403 8669422.744230937),dronbreen
dronbreen-20220329-DAT_0235_A1_1,5535.0,5037,121.41287231445312,538767.9086774417,8669425.427609697,673.3735961914062,2022-03-29 10:27:10+00:00,0,2022-05-04,100 MHz,20220329,108.9068250656128,121.30866241455078,122.24662017822266,0.8135153652859258,0.8498096878051757,10,2.442743176320073,0.4516010284423828,2.625474094299166,2.613951981943201,118.82452519725611,124.73075739551733,112.9712905883789,101.29898071289062,7.099316412862308,10.197805683946608,10.0,10.0,0.36485680357654116,4.177367369333902,11.02627586236738,8.245229660563002,117.16456122423008,97.10571007703945,0.8969957055587129,0.058472518420249885,certain_temperate,551.9607238769531,660.8675489425659,POINT (538767.9086774417 8669425.427609697),dronbreen
dronbreen-20220329-DAT_0235_A1_1,5540.0,5041,121.30866241455078,538764.2047988026,8669427.367999218,673.0838012695312,2022-03-29 10:27:11+00:00,0,2022-05-04,100 MHz,20220329,107.55201053619385,120.89179229736328,121.93396759033203,0.8203151020780293,0.8498266548156738,10,2.4406713483635967,0.5645033518473307,2.6453253123585854,2.6359927032651544,118.38668937233807,124.43907051535724,109.01104927062988,99.31886291503906,7.052492050599146,10.893110946321487,10.0,10.0,0.38243716916759096,5.645090341567993,12.274899968704192,9.0416230443759,114.66907924163792,93.66083294403103,0.8865979427640046,0.05813675553109727,certain_temperate,551.7751388549805,659.3271493911743,POINT (538764.2047988026 8669427.367999218),dronbreen
dronbreen-20220329-DAT_0235_A1_1,5545.0,5045,120.89179229736328,538759.2336048763,8669430.202372126,672.6873779296875,2022-03-29 10:27:12.333333248+00:00,0,2022-05-04,100 MHz,20220329,103.17489242553711,120.47491455078125,121.2044448852539,0.7068395485473479,0.6953024345397949,10,2.432383641193866,0.7903162638346355,2.650384019402855,2.653434024470872,117.91735908220798,123.76200035382718,106.92670631408691,96.9218692779541,6.616447007428473,7.725610805797577,10.0,10.0,0.4428492028075987,6.435402472813924,10.06457066775246,9.240556877463398,113.3773280208317,90.47124757120932,0.8534482818465701,0.054730324380944606,certain_temperate,551.7955856323242,654.9704780578613,POINT (538759.2336048763 8669430.202372126),dronbreen
dronbreen-20220329-DAT_0235_A1_1,5550.0,5048,120.57913970947266,538755.7430596387,8669432.228669424,672.4274117606027,2022-03-29 10:27:13.285714432+00:00,0,2022-05-04,100 MHz,20220329,100.88211631774902,120.16226196289062,120.89179229736328,0.6721806584254123,0.6953080902099609,10,2.42616808429066,1.241933822631836,2.812853450384317,2.807226038385359,117.43669941673112,123.61735484352279,101.40320014953613,95.15017890930176,6.485515553388352,7.33932924041748,10.0,10.0,0.47513060541038943,5.419286727905273,9.135653858958038,8.46500618574435,106.84327530815737,89.71010375068052,0.8366465091790978,0.05378638103584722,certain_temperate,551.84827205113,652.7303883688791,POINT (538755.7430596387 8669432.228669424),dronbreen
dronbreen-20220329-DAT_0235_A1_1,5555.0,5052,119.74539184570312,538751.5697667241,8669434.660679337,672.1292463030134,2022-03-29 10:27:14.428571392+00:00,0,2022-05-04,100 MHz,20220329,97.02607345581055,119.64118957519531,120.57913970947266,0.6249138915168952,0.6953024345397949,10,2.4095940627650116,1.4677219390869143,2.905821177097175,2.889786948825161,116.81978013348193,123.40054915118604,98.69354629516602,92.3363037109375,6.74070410935937,6.025976584053039,10.0,10.0,0.5263335171167844,7.790227254231771,9.862913435459705,10.315122855969786,106.50153372111747,84.52831628498605,0.8102697895951825,0.056291970868031775,certain_temperate,552.3838544573102,649.4099279131208,POINT (538751.5697667241 8669434.660679337),dronbreen
dronbreen-20220329-DAT_0235_A1_1,5560.0,5057,119.22431945800781,538746.7915829672,8669437.334495774,671.8020477294922,2022-03-29 10:27:15.750000128+00:00,0,2022-05-04,100 MHz,20220329,92.33631706237793,118.91166687011719,119.95384216308594,0.6758489545491739,0.9270548309326171,10,2.3992364077118453,1.0161043802897136,2.765544089558054,2.691760624776875,116.30613363261398,122.55937540058915,95.87969779968262,89.41823959350586,7.097173961812985,6.566768937492371,10.0,10.0,0.5997881868884709,7.564422607421876,10.035072970896664,10.389904402690256,103.46786195531382,81.83007543787465,0.7744755221261703,0.05952790499519431,certain_temperate,552.5777282714844,644.9140453338623,POINT (538746.7915829672 8669437.334495774),dronbreen
dronbreen-20220329-DAT_0235_A1_1,5565.0,5061,118.80744934082031,538742.3824351907,8669439.766397737,671.4605102539062,2022-03-29 10:27:17+00:00,0,2022-05-04,100 MHz,20220329,89.10558700561523,118.39057159423828,119.43275451660156,0.6581219434806637,0.7725532333374023,10,2.3909504402117236,0.9032268524169923,2.67007513991944,2.6392398994722908,115.8347032966776,121.98862281416224,93.69113731384277,87.02124786376953,6.082563001973339,7.030307664299011,10.0,10.0,0.6507228676416633,5.532189051310222,8.969603213331673,8.247795379547396,99.26146548639315,81.45091969121916,0.75,0.0511968149785324,certain_temperate,552.6530609130859,641.7586479187012,POINT (538742.3824351907 8669439.766397737),dronbreen
dronbreen-20220329-DAT_0235_A1_1,5570.0,5065,118.39057159423828,538737.8295036121,8669442.302730514,671.0510050455729,2022-03-29 10:27:18.333333248+00:00,0,2022-05-04,100 MHz,20220329,86.39593315124512,117.97370910644531,118.91166687011719,0.640557935544587,0.7725702003479004,10,2.382664679925437,0.9032185872395834,2.6626602313785455,2.627395908896944,115.4255931763316,121.4597828002309,91.39834976196289,84.6242446899414,5.293399366966989,6.953051209831237,10.0,10.0,0.6928367453008988,4.854779243469238,8.508456110540532,7.215883945620621,96.30231797744501,79.72027647445928,0.7297534929331294,0.04471132536726939,certain_temperate,552.6604334513346,639.0563666025797,POINT (538737.8295036121 8669442.302730514),dronbreen
dronbreen-20220329-DAT_0235_A1_1,5575.0,5069,117.97370910644531,538733.6232034605,8669444.48573693,670.7046683175223,2022-03-29 10:27:19.571428608+00:00,0,2022-05-04,100 MHz,20220329,83.79051208496094,117.86949157714844,118.39057159423828,0.5896417903729922,0.540783869934082,10,2.3743795855197356,0.9032020568847656,2.5972869625196644,2.607897584769772,115.32912696322119,120.93093620816553,87.4381103515625,82.22725677490234,4.851587389381409,5.716952180099487,10.0,10.0,0.7334550998144653,5.532191117604574,7.989157475897635,7.394659907118887,93.01871022479716,76.64665690166768,0.7102473315419662,0.04112431003592435,certain_temperate,552.730959211077,636.5214712960379,POINT (538733.6232034605 8669444.48573693),dronbreen
dronbreen-20220329-DAT_0235_A1_1,5580.0,5074,117.55684661865234,538728.6960048628,8669447.002479728,670.3284301757812,2022-03-29 10:27:21+00:00,0,2022-05-04,100 MHz,20220329,80.45557022094727,117.45262145996094,117.76527404785156,0.5960548686747825,0.4635330711364746,10,2.3660948575170315,0.7902997334798177,2.5372901788214968,2.5648118741883827,114.95803160519387,120.25986390261863,82.64413070678711,78.47544860839844,4.923144737682352,4.249082373046875,10.0,10.0,0.7881382392293647,4.9676815668741865,6.584354413830926,7.0382083048291895,87.67394402678191,73.44563528840364,0.684397145169609,0.041878843123895206,certain_temperate,552.7715835571289,633.2271537780762,POINT (538728.6960048628 8669447.002479728),dronbreen
dronbreen-20220329-DAT_0235_A1_1,5585.0,5077,117.24420166015625,538724.8824792625,8669448.753741978,670.1141357421875,2022-03-29 10:27:22+00:00,0,2022-05-04,100 MHz,20220329,78.4754524230957,117.13997650146484,117.45262145996094,0.5780644398855662,0.4635330711364746,10,2.359881592192912,0.9032185872395834,2.568989656176769,2.592104056971139,114.61315142926337,119.97944653216241,80.24714279174805,75.87002944946289,4.92456597777585,3.55377993850708,10.0,10.0,0.8196135473272955,4.967677434285482,6.162705356368014,7.042793162342554,85.28197997462414,70.8351922665868,0.6693333342877327,0.042002639858047607,certain_temperate,552.8699340820312,631.345386505127,POINT (538724.8824792625 8669448.753741978),dronbreen
dronbreen-20220329-DAT_0235_A1_1,5590.0,5082,116.72310638427734,538719.7942349018,8669451.212727906,669.8813273111979,2022-03-29 10:27:23.333333248+00:00,0,2022-05-04,100 MHz,20220329,75.03628158569336,116.618896484375,117.24420166015625,0.6179257147531203,0.5408064926147461,10,2.349526213005109,0.7903245290120443,2.5371948977582512,2.554744307305409,114.14000836936128,119.72308977516997,77.53749084472656,72.84772491455078,4.9521810121974426,4.403595281982422,10.0,10.0,0.8750294536272106,5.645087242126465,7.212789884880327,7.560210532353117,83.24999349382303,67.13522226545432,0.6428571335195443,0.04242674107638814,certain_temperate,553.1582209269205,628.1945025126139,POINT (538719.7942349018 8669451.212727906),dronbreen
dronbreen-20220329-DAT_0235_A1_1,5595.0,5086,116.5146713256836,538714.8666018039,8669453.428235225,669.7215779622396,2022-03-29 10:27:24.666666752+00:00,0,2022-05-04,100 MHz,20220329,72.53507232666016,116.30624389648438,117.03575897216797,0.6273235102132719,0.6180459800720215,10,2.345384286988559,0.22580464680989584,2.435938428133387,2.438308835779437,113.95001487701836,119.39198799163398,75.55736541748047,71.07603454589844,4.858609152655583,4.712623927688599,10.0,10.0,0.9188264532793782,4.177369435628256,6.36423457587715,6.473078120279076,79.83459085612256,66.79880910725635,0.6225402475187782,0.04169954819745167,certain_temperate,553.206906636556,625.7419789632162,POINT (538714.8666018039 8669453.428235225),dronbreen
dronbreen-20220329-DAT_0235_A1_1,5600.0,5089,116.5146713256836,538711.2485138575,8669455.06109297,669.6269124348959,2022-03-29 10:27:25.666666752+00:00,0,2022-05-04,100 MHz,20220329,70.9718132019043,116.30624389648438,116.93154907226562,0.5708222977762082,0.540783869934082,10,2.345384286988559,0.11291058858235677,2.409569141703082,2.4164880198969234,113.95814333333405,119.27964963541595,74.20254135131836,69.8254280090332,4.73364245927916,4.635367473220825,10.0,10.0,0.9487996471505857,4.064467112223308,6.2375271773813985,6.310902044008321,78.37628232037453,65.65168703997703,0.6091234038975469,0.04062700778726492,certain_temperate,553.1122411092123,624.0840543111166,POINT (538711.2485138575 8669455.06109297),dronbreen
dronbreen-20220329-DAT_0235_A1_1,5605.0,5094,116.618896484375,538706.5546765956,8669457.159287972,669.5259399414062,2022-03-29 10:27:27+00:00,0,2022-05-04,100 MHz,20220329,68.88748168945312,116.20201873779297,116.82732391357422,0.48398728999991214,0.6180516357421875,10,2.347455389755756,0.11290232340494792,2.4300785102475966,2.399486911488588,113.85184986268557,119.17749278868162,72.11821365356445,67.94952392578125,4.4566932937128305,3.39926420173645,10.0,10.0,0.9908961516374735,4.0644629796346035,5.3904296312406395,6.112597615611146,76.30172109304036,63.766016486305354,0.5907059984801254,0.03821587605495781,certain_temperate,552.9070434570312,621.7945251464844,POINT (538706.5546765956 8669457.159287972),dronbreen
dronbreen-20220329-DAT_0235_A1_1,5610.0,5098,116.41045379638672,538702.0416867306,8669459.200665677,669.4567057291666,2022-03-29 10:27:28.333333248+00:00,0,2022-05-04,100 MHz,20220329,67.11578369140625,116.20201873779297,116.72310638427734,0.43942129468435887,0.54080083694458,10,2.343313359589851,0.2258129119873047,2.415486393605317,2.394827769730955,113.84785031296596,119.07727480910435,70.13808059692383,65.3440933227539,4.269495484495356,2.9357339584350584,10.0,10.0,1.0210513210919137,3.3870490392049155,4.597083952789122,5.544658572573131,73.67568529421301,61.80648862546472,0.5765443008133816,0.036676220607842674,certain_temperate,553.0462519327799,620.1620356241862,POINT (538702.0416867306 8669459.200665677),dronbreen
dronbreen-20220329-DAT_0235_A1_1,5615.0,5102,116.41045379638672,538697.4573115476,8669461.05392533,669.404296875,2022-03-29 10:27:29.666666752+00:00,0,2022-05-04,100 MHz,20220329,65.55253219604492,116.0978012084961,116.618896484375,0.44283994479622035,0.6180572914123534,10,2.343313359589851,0.22580464680989584,2.4339474224438766,2.3954566279647675,113.74363357645431,118.97306411641678,68.47060775756836,63.46818923950195,4.062251970024389,2.858480331802368,10.0,10.0,1.051271266516214,3.8386542002360025,4.900137462571135,5.687031599416266,72.45061244912239,59.488184547947924,0.5631155111782549,0.034895937929506446,certain_temperate,552.9938430786133,618.5463752746582,POINT (538697.4573115476 8669461.05392533),dronbreen
dronbreen-20220329-DAT_0235_A1_1,5620.0,5107,116.20201873779297,538692.8292434148,8669463.09202748,669.350830078125,2022-03-29 10:27:31+00:00,0,2022-05-04,100 MHz,20220329,63.363975524902344,115.99359130859375,116.5146713256836,0.4814871013365226,0.38627661666870117,10,2.339171576326832,0.4516010284423828,2.4134781492631316,2.430534299519145,113.61122543568808,118.89703719858926,66.07361602783203,61.69649887084961,3.816553265601782,2.858483159637451,10.0,10.0,1.0896345828886482,4.290275891621907,5.269221643126238,5.8446428102694785,70.50010117413706,57.270013724544576,0.5452915208631754,0.03284412187548774,certain_temperate,553.148811340332,616.5127868652344,POINT (538692.8292434148 8669463.09202748),dronbreen
dronbreen-20220329-DAT_0235_A1_1,5625.0,5112,115.99359130859375,538688.0987087355,8669464.910112781,669.2961730957031,2022-03-29 10:27:32.333333248+00:00,0,2022-05-04,100 MHz,20220329,61.1754150390625,115.88937377929688,116.30624389648438,0.5510273989718718,0.30902581787109373,10,2.335030040463298,0.3386987050374349,2.3796174185719363,2.422955488051271,113.52990729242742,118.66571038335383,63.6766242980957,59.82059097290039,3.5935839401514413,3.090244039535522,10.0,10.0,1.1280837645347794,3.838662465413412,5.055443672623161,5.3778943870343054,67.67761198905163,55.819603281944474,0.5274034052132165,0.030980883509252974,certain_temperate,553.3025817871094,614.4779968261719,POINT (538688.0987087355 8669464.910112781),dronbreen
dronbreen-20220329-DAT_0235_A1_1,5630.0,5116,115.88937377929688,538683.3133013115,8669466.63359517,669.2328186035156,2022-03-29 10:27:33.666666752+00:00,0,2022-05-04,100 MHz,20220329,59.50794982910156,115.88937377929688,116.20201873779297,0.6261693281726725,0.30902581787109373,10,2.3329592328163455,0.2258129119873047,2.364146190343168,2.4260622994365653,113.54551152796826,118.54588098912159,61.80072021484375,58.3615608215332,3.4286018821403212,3.3220162307739254,10.0,10.0,1.1584929808422073,3.838658332824707,5.207033283968005,5.275671961849161,65.81038401406997,54.351897022306986,0.5134892690198694,0.029585127353176068,certain_temperate,553.3434448242188,612.8513946533203,POINT (538683.3133013115 8669466.63359517),dronbreen
dronbreen-20220329-DAT_0235_A1_1,5635.0,5121,115.78514862060547,538678.3525814479,8669468.445101805,669.1842041015625,2022-03-29 10:27:35+00:00,0,2022-05-04,100 MHz,20220329,57.4235954284668,115.78514862060547,115.99359130859375,0.6917344262693879,0.30902581787109373,10,2.3308882977179066,0.22580464680989584,2.362101807939302,2.4418281084968823,113.4433484594134,118.33539146978582,59.5079345703125,56.38142395019531,3.248720130720136,3.1674976661682126,10.0,10.0,1.1970749167865529,3.8386707305908208,5.1187325383805,5.16938718051187,63.528927151043554,52.36043136946426,0.49594957654394306,0.02805817645374585,certain_temperate,553.399055480957,610.8226509094238,POINT (538678.3525814479 8669468.445101805),dronbreen
dronbreen-20220329-DAT_0235_A1_1,5640.0,5125,115.68093872070312,538673.5071528761,8669470.477033677,669.1754150390625,2022-03-29 10:27:36.333333248+00:00,0,2022-05-04,100 MHz,20220329,55.756126403808594,115.68093872070312,115.78514862060547,0.639519197570298,0.3090201622009277,10,2.328817690013804,0.225796381632487,2.3600570543794572,2.425563984590081,113.34120030812801,118.12488703318058,57.63203811645508,55.026607513427734,3.1268983689996057,2.9357367862701413,10.0,10.0,1.2275802427890463,3.387057304382325,4.647328363039931,4.77038822798607,61.23469136588884,51.42395426399396,0.4819819671279177,0.02703036821432702,certain_temperate,553.4944763183594,609.250602722168,POINT (538673.5071528761 8669470.477033677),dronbreen
dronbreen-20220329-DAT_0235_A1_1,5645.0,5129,115.57672119140625,538669.2816734071,8669472.092575107,669.2037353515625,2022-03-29 10:27:37.500000+00:00,0,2022-05-04,100 MHz,20220329,54.088653564453125,115.47249603271484,115.57672119140625,0.5623025366043916,0.2317693634033203,10,2.326746954987246,0.5645198822021485,2.405441981789694,2.459393875046387,113.07824581814997,117.97097140597113,55.86034393310547,53.67178726196289,3.0446932357107634,2.7812182216644286,10.0,10.0,1.2581228017163921,3.725760142008464,4.816568946511186,4.973360887725775,59.79279375732162,49.73933743774674,0.4679891677743399,0.02634348166590101,certain_temperate,553.6270141601562,607.7156677246094,POINT (538669.2816734071 8669472.092575107),dronbreen
dronbreen-20220329-DAT_0235_A1_1,5650.0,5134,115.15984344482422,538664.0728963973,8669474.202730427,669.1857212611607,2022-03-29 10:27:38.857143040+00:00,0,2022-05-04,100 MHz,20220329,51.795867919921875,115.15984344482422,115.57672119140625,0.5064056432714328,0.3862935836791992,10,2.3184641073121166,0.6774056752522788,2.4460942333749705,2.4679142896980277,112.74444404394688,117.99212059228358,53.671775817871094,51.691650390625,2.9726740919723436,2.472195231628418,10.0,10.0,1.29481943054936,3.4999472300211587,4.4763754572139325,4.771056405843946,57.40355662207985,47.95986958641625,0.4497736916839288,0.025813460691240183,certain_temperate,554.0258778163364,605.8217457362583,POINT (538664.0728963973 8669474.202730427),dronbreen
dronbreen-20220329-DAT_0235_A1_1,5655.0,5138,114.95142364501953,538659.5862659877,8669476.094358146,669.138916015625,2022-03-29 10:27:40+00:00,0,2022-05-04,100 MHz,20220329,50.232635498046875,114.84720611572266,115.26407623291016,0.4966582236785263,0.46352741546630855,10,2.3143232097541393,0.4516010284423828,2.4031007205245882,2.409710521876939,112.48923338303533,117.62204896559749,51.17058563232422,49.91997528076172,2.951408213003663,1.9314057060241698,10.0,10.0,1.321351056943268,2.4838428497314458,3.4125902067359104,4.07753042387578,53.98402550512177,47.10653540796416,0.43699011204219473,0.025675264554512002,certain_temperate,554.1874923706055,604.4201278686523,POINT (538659.5862659877 8669476.094358146),dronbreen
dronbreen-20220329-DAT_0235_A1_1,5660.0,5141,114.74298095703125,538655.7345483815,8669477.844715403,669.03271484375,2022-03-29 10:27:41+00:00,0,2022-05-04,100 MHz,20220329,49.08622741699219,114.6387710571289,115.15984344482422,0.481482440783043,0.38627096099853514,10,2.310181956375353,0.4516092936197917,2.3853923955938052,2.40264790729487,112.28486119784245,117.51375330411068,49.60731506347656,48.46092987060547,2.8343512044063233,1.4678613235473632,10.0,10.0,1.3397327025070982,2.4838511149088545,3.1810402292909075,3.9997433449060837,52.4294419343314,45.638802999750624,0.4277928550189393,0.024701739320052405,certain_temperate,554.2897338867188,603.3759613037109,POINT (538655.7345483815 8669477.844715403),dronbreen
dronbreen-20220329-DAT_0235_A1_1,5665.0,5145,114.53455352783203,538650.874623056,8669479.938338298,668.8528442382812,2022-03-29 10:27:42.333333248+00:00,0,2022-05-04,100 MHz,20220329,47.522979736328125,114.53455352783203,114.84720611572266,0.44160811838712877,0.30903147354125976,10,2.3060411056023975,0.33870697021484375,2.3511802236406996,2.3722490852828813,112.20377082830811,117.17798881524658,47.731414794921875,46.689247131347656,2.6292649940818342,1.0043282524108885,10.0,10.0,1.3663017268545294,3.048337936401367,3.4882402184912844,4.2511385524837415,51.07194537902216,43.34871654724736,0.41492264362631825,0.02295608541786405,certain_temperate,554.3182907104492,601.8412704467773,POINT (538650.874623056 8669479.938338298),dronbreen
dronbreen-20220329-DAT_0235_A1_1,5670.0,5149,114.43032836914062,538646.633922706,8669481.863649175,668.7033386230469,2022-03-29 10:27:43.500000+00:00,0,2022-05-04,100 MHz,20220329,45.95972442626953,114.2219009399414,114.43032836914062,0.4340290830682765,0.30902581787109373,10,2.303970490320512,0.6774139404296875,2.421294410654581,2.4403997442847976,111.82040772384518,116.83182158523685,46.272369384765625,45.5428466796875,2.4006627329304835,0.6180572914123534,10.0,10.0,1.394937074466302,3.161240259806315,3.510168690733948,4.207430448530571,49.72769707138826,42.08751899306486,0.401639365029244,0.020979252328859787,certain_temperate,554.2730102539062,600.2327346801758,POINT (538646.633922706 8669481.863649175),dronbreen
dronbreen-20220329-DAT_0235_A1_1,5675.0,5154,113.90924835205078,538641.2208948754,8669484.49969636,668.5556945800781,2022-03-29 10:27:45+00:00,0,2022-05-04,100 MHz,20220329,43.97960662841797,113.59659576416016,114.2219009399414,0.419178231432467,0.5407951812744141,10,2.2936187006675004,0.7903162638346355,2.4855071854699666,2.4619092043859094,111.1706348120974,116.64786189200416,44.29225158691406,43.77116394042969,2.1615396197851733,0.8498153434753417,10.0,10.0,1.423594716426785,2.4838428497314458,2.986349500109858,3.5872483530836448,47.15513426330865,40.9082812640351,0.3860933792881636,0.01897598001090012,certain_temperate,554.6464462280273,598.6260528564453,POINT (538641.2208948754 8669484.49969636),dronbreen
dronbreen-20220329-DAT_0235_A1_1,5680.0,5157,113.7008056640625,538637.6377927553,8669486.257799111,668.4695434570312,2022-03-29 10:27:46+00:00,0,2022-05-04,100 MHz,20220329,42.93742370605469,113.28394317626953,114.11768341064453,0.4388691419398481,0.6180403244018554,10,2.2894779499839615,0.5645198822021485,2.437696827632805,2.3985408282143768,110.9258948347667,116.47573175214737,43.25006866455078,42.72898864746094,2.0529551413919918,1.236091960144043,10.0,10.0,1.4399800312691708,1.9193394978841147,2.6991350341405207,3.157852341570109,45.64952831176137,40.329529000250346,0.37763517554058945,0.018055766002728253,certain_temperate,554.7687377929688,597.7061614990234,POINT (538637.6377927553 8669486.257799111),dronbreen
dronbreen-20220329-DAT_0235_A1_1,5685.0,5161,113.38815307617188,538633.4251080657,8669488.881760873,668.3439025878906,2022-03-29 10:27:47.249999872+00:00,0,2022-05-04,100 MHz,20220329,41.68681335449219,112.97130584716797,113.8050308227539,0.4769516464526685,0.6952967788696288,10,2.2832672430554757,0.9032103220621746,2.551967045201856,2.501315866128011,110.51588364536849,116.26045302455339,41.99946594238281,41.26995086669922,1.945415760122829,1.3906048690795898,10.0,10.0,1.4584213544629305,2.5967451731363935,3.286922609869072,3.557347441717625,44.977733616948115,38.29168319213392,0.36764699153788866,0.01715713420974357,certain_temperate,554.9557495117188,596.6425628662109,POINT (538633.4251080657 8669488.881760873),dronbreen
dronbreen-20220329-DAT_0235_A1_1,5690.0,5166,112.86707305908203,538629.0062159727,8669491.77894775,668.2007649739584,2022-03-29 10:27:48.666666752+00:00,0,2022-05-04,100 MHz,20220329,39.706695556640625,112.55442810058594,113.38815307617188,0.5318560332709154,0.6952967788696288,10,2.272916732388071,1.0161043802897136,2.5849673488692444,2.5458769459933217,110.06472559144682,115.877855585311,40.123558044433594,39.18560791015625,1.8217609375548967,0.9270717979431152,10.0,10.0,1.4871235101765738,3.1612485249837246,3.614483460990401,3.940030645164142,43.61712764746595,35.692038307123894,0.351800524993286,0.01614076531072324,certain_temperate,555.3336919148763,595.040387471517,POINT (538629.0062159727 8669491.77894775),dronbreen
dronbreen-20220329-DAT_0235_A1_1,5695.0,5171,112.45021057128906,538624.8431260759,8669495.241724119,668.0275726318359,2022-03-29 10:27:50.249999872+00:00,0,2022-05-04,100 MHz,20220329,37.83079528808594,112.03334045410156,112.86707305908203,0.601794999884613,0.7725532333374023,10,2.2646368236454384,0.9032103220621746,2.5575784107687944,2.5112797635422224,109.59523282134813,115.30518069183546,38.456092834472656,37.10127258300781,1.693469679157879,1.4678613235473632,10.0,10.0,1.5158439414672116,3.38705317179362,3.9905549624840764,4.078940009079217,42.16687604606561,33.39048937141486,0.3364226273645142,0.015059728839585276,certain_temperate,555.5773620605469,593.4081573486328,POINT (538624.8431260759 8669495.241724119),dronbreen
dronbreen-20220329-DAT_0235_A1_1,5700.0,5177,112.03334045410156,538621.7484763628,8669499.386413395,667.7783203125,2022-03-29 10:27:52+00:00,0,2022-05-04,100 MHz,20220329,35.74645233154297,111.6164779663086,112.34600067138672,0.6261695680449076,0.6953024345397949,10,2.2563571856693816,0.5645033518473307,2.4276031922547987,2.408713372635746,109.29057775702,114.67190088067531,36.58019256591797,34.600059509277344,1.6529717471186753,1.6996419982910156,10.0,10.0,1.5486883869163315,3.4999554951985683,4.187709052751258,4.168985462305275,40.407479357907846,30.772772717287467,0.31906977143279747,0.014754284219489768,certain_temperate,555.7449798583984,591.4914321899414,POINT (538621.7484763628 8669499.386413395),dronbreen
dronbreen-20220329-DAT_0235_A1_1,5705.0,5183,111.92913055419922,538619.6766982087,8669503.793017136,667.4549560546875,2022-03-29 10:27:53.666666752+00:00,0,2022-05-04,100 MHz,20220329,34.07898712158203,111.72068786621094,112.03334045410156,0.6101604621692398,0.30902581787109373,10,2.2542874942312903,0.4516010284423828,2.319752691915392,2.3786658834591266,109.42161074798767,114.33241757232483,35.12116241455078,33.24524688720703,1.7850569773488447,2.1631694137573243,10.0,10.0,1.5794992665372236,3.1612485249837246,4.143381720565776,3.9591335645675296,38.655042742137354,29.71136655962046,0.30446932762584117,0.015948100092535517,certain_temperate,555.5258255004883,589.6048126220703,POINT (538619.6766982087 8669503.793017136),dronbreen
dronbreen-20220329-DAT_0235_A1_1,5710.0,5188,111.6164779663086,538618.8947468157,8669508.19005755,667.1163482666016,2022-03-29 10:27:55.249999872+00:00,0,2022-05-04,100 MHz,20220329,32.41151428222656,111.51225280761719,112.34600067138672,0.7921736553330267,0.6953194015502929,10,2.2480781261872065,0.3386987050374349,2.3774021839831128,2.4075114069177546,109.23880342963768,114.61945004936622,33.66211700439453,32.30729675292969,2.057562982663578,2.008650849151611,10.0,10.0,1.6062162086340372,2.7096392313639326,3.7358738612033884,3.7623982644920333,36.81204958669295,29.15736417063127,0.29038287959605724,0.01843422243877515,certain_temperate,555.499870300293,587.9113845825195,POINT (538618.8947468157 8669508.19005755),dronbreen
dronbreen-20220329-DAT_0235_A1_1,5715.0,5194,112.24177551269531,538619.2057195873,8669513.08361618,666.7575073242188,2022-03-29 10:27:57+00:00,0,2022-05-04,100 MHz,20220329,31.890426635742188,111.92913055419922,112.55442810058594,0.8638755741827375,0.7725588890075683,10,2.2604969515787707,1.467730204264323,2.803734234479316,2.830257837773135,109.23393512146959,115.24962353331557,32.932594299316406,31.473548889160156,2.2833874061069426,1.8541435958862305,10.0,10.0,1.6288326207865358,2.5967451731363935,3.582461398942271,3.8223081046814222,35.99791340191331,28.408229786563254,0.28412261379574455,0.020343471899628634,certain_temperate,554.5157318115234,586.4061584472656,POINT (538619.2057195873 8669513.08361618),dronbreen
dronbreen-20220329-DAT_0235_A1_1,5720.0,5201,112.97130584716797,538621.0899823793,8669518.347896796,666.3866577148438,2022-03-29 10:27:59+00:00,0,2022-05-04,100 MHz,20220329,31.369346618652344,112.65865325927734,113.28394317626953,0.8862873663563188,0.4635387268066406,10,2.2749871159911534,1.4677219390869143,2.7467512118232182,2.8487329401271744,109.95129771033244,115.99129872521443,32.20307922363281,30.431396484375,2.5569394255574873,1.8541492515563964,10.0,10.0,1.6535150135311534,2.2580464680989585,3.3571945429352548,3.790887096450825,35.00180853388544,27.632667174122375,0.27767534758861717,0.022633529871882826,certain_temperate,553.4153518676758,584.7846984863281,POINT (538621.0899823793 8669518.347896796),dronbreen
dronbreen-20220329-DAT_0235_A1_1,5725.0,5206,113.59659576416016,538623.104774368,8669522.406387942,666.1079406738281,2022-03-29 10:28:00.500000+00:00,0,2022-05-04,100 MHz,20220329,31.16089630126953,113.38815307617188,114.01346588134766,0.8188375981186607,0.8498209991455078,10,2.2874078402598874,1.5806077321370442,2.9073615463444655,2.8984565621493363,110.60776543582857,116.79385352169096,31.57776641845703,29.701866149902344,2.8599319099611726,2.0086678161621094,10.0,10.0,1.6699753945416111,1.919331232706706,3.241511467649515,3.827774905716377,34.12190678392783,27.15772578443155,0.2743118848910156,0.025176211406006625,certain_temperate,552.511344909668,583.6722412109375,POINT (538623.104774368 8669522.406387942),dronbreen
dronbreen-20220329-DAT_0235_A1_1,5730.0,5211,114.43032836914062,538625.1909594617,8669526.653010206,665.8333129882812,2022-03-29 10:28:02+00:00,0,2022-05-04,100 MHz,20220329,31.056678771972656,114.01346588134766,114.74298095703125,0.8369111480124907,0.6953080902099609,10,2.303970490320512,1.6935183207194011,2.942743220736635,2.979379900675237,111.15404560393476,117.60240123444414,31.265113830566406,29.59764862060547,3.2344439298072034,2.008650849151611,10.0,10.0,1.6884982022082637,2.145127614339193,3.3892885528468337,4.232520076234461,33.99505863965341,26.867703811518467,0.27140251377927505,0.028265617829682493,certain_temperate,551.4029846191406,582.4596633911133,POINT (538625.1909594617 8669526.653010206),dronbreen
dronbreen-20220329-DAT_0235_A1_1,5735.0,5216,115.15984344482422,538627.6837013769,8669531.1638281,665.5460205078125,2022-03-29 10:28:03.571428608+00:00,0,2022-05-04,100 MHz,20220329,30.74402618408203,114.6387710571289,115.47249603271484,0.747412035029337,0.6953080902099609,10,2.3184641073121166,1.4677219390869143,2.830713134120631,2.8439599605968993,111.89478062212888,118.21648646771487,30.95246124267578,29.07654571533203,3.6463713502232866,2.0086621604919435,10.0,10.0,1.7090851592356677,2.5967451731363935,3.701186465272849,4.791667935015527,34.0611679795242,25.967838978483613,0.26696828742053835,0.031663566406030665,certain_temperate,550.3861770629883,581.1302032470703,POINT (538627.6837013769 8669531.1638281),dronbreen
dronbreen-20220329-DAT_0235_A1_1,5740.0,5222,115.78514862060547,538630.5286520036,8669536.01703297,665.2357940673828,2022-03-29 10:28:05.249999872+00:00,0,2022-05-04,100 MHz,20220329,30.014503479003906,115.36827850341797,116.20201873779297,0.6499999883203571,0.6180572914123534,10,2.3308882977179066,1.241933822631836,2.7124591594534984,2.719915414319289,112.72717269784425,118.84312454336668,30.53559112548828,28.138595581054688,3.753166869890404,2.317687978363037,10.0,10.0,1.735857548073175,2.4838345845540366,3.8150115642915003,4.823784533317411,33.565877526248,25.108309180294967,0.2592258492265945,0.03241492466523879,certain_temperate,549.4506454467773,579.4651489257812,POINT (538630.5286520036 8669536.01703297),dronbreen
dronbreen-20220329-DAT_0235_A1_1,5745.0,5227,116.30624389648438,538633.0574190194,8669539.780134616,664.9903157552084,2022-03-29 10:28:06.666666752+00:00,0,2022-05-04,100 MHz,20220329,29.59765625,115.88937377929688,116.93154907226562,0.6387642599737506,0.54080083694458,10,2.34124260761746,1.241933822631836,2.7048626790948718,2.726139458527414,113.23912538197251,119.58179746958999,30.222946166992188,27.409095764160156,3.604899447018032,2.6267081405639647,10.0,10.0,1.754397807984046,1.3548113505045574,3.4370075821592554,4.231870211528955,32.439570958001084,25.19247097315126,0.2544803723207044,0.03099489181532238,certain_temperate,548.684071858724,578.281728108724,POINT (538633.0574190194 8669539.780134616),dronbreen
dronbreen-20220329-DAT_0235_A1_1,5750.0,5232,116.93154907226562,538636.4460240748,8669543.909039227,664.7119547526041,2022-03-29 10:28:08.333333248+00:00,0,2022-05-04,100 MHz,20220329,29.910308837890625,116.618896484375,117.55684661865234,0.6352591122451527,0.7725588890075683,10,2.353668385175759,1.467730204264323,2.879380846096998,2.845617851992104,113.84509281073736,120.33065029228999,30.327171325683594,26.783790588378906,3.4827323293559282,2.9357339584350584,10.0,10.0,1.7605790242904527,1.2419172922770183,3.6415011926864698,4.0952926073199185,32.48170075496235,24.629261159100153,0.25579331733136934,0.029784368350440155,certain_temperate,547.7804056803385,577.6907145182291,POINT (538636.4460240748 8669543.909039227),dronbreen
dronbreen-20220329-DAT_0235_A1_1,5755.0,5237,117.66107177734375,538640.14295496,8669547.550574824,664.4640808105469,2022-03-29 10:28:10+00:00,0,2022-05-04,100 MHz,20220329,29.80609893798828,117.24420166015625,118.18214416503906,0.6518508313527421,0.9270661422729491,10,2.3681661944883206,1.4677136739095051,2.9362980409772916,2.8613465465814327,114.45809424060147,120.96825158459384,30.63983154296875,26.575355529785156,3.448258173833144,3.090246867370605,10.0,10.0,1.7770645742464044,1.8064371744791667,3.9963482665648233,4.279212334038697,33.17383504856653,24.041352024187375,0.25332166780183624,0.02930670375294953,certain_temperate,546.8030090332031,576.6091079711914,POINT (538640.14295496 8669547.550574824),dronbreen
dronbreen-20220329-DAT_0235_A1_1,5760.0,5242,118.28636169433594,538643.7024009345,8669550.629930079,664.2581176757812,2022-03-29 10:28:11.500000+00:00,0,2022-05-04,100 MHz,20220329,29.597640991210938,117.97370910644531,118.80744934082031,0.7054706569057314,0.9270774536132812,10,2.380593485909198,1.6935183207194011,3.0650778542744477,3.0054814082806387,115.05219757168021,121.72896087558541,30.848251342773438,26.366912841796875,3.3909446760881115,3.3220162307739254,10.0,10.0,1.7935539222400774,2.0322418212890625,4.28749744369655,4.34112292943535,33.55875729041108,23.656406894159232,0.25022023306198454,0.0286672497785557,certain_temperate,545.9717559814453,575.5693969726562,POINT (538643.7024009345 8669550.629930079),dronbreen
dronbreen-20220329-DAT_0235_A1_1,5765.0,5248,119.22431945800781,538647.464318349,8669553.342937302,664.0891723632812,2022-03-29 10:28:13+00:00,0,2022-05-04,100 MHz,20220329,29.493431091308594,118.80744934082031,119.64118957519531,0.7339698754702318,0.8498209991455078,10,2.3992364077118453,2.145135879516602,3.3286842764474036,3.30100818838386,115.58907346443802,122.85956545157761,31.265121459960938,27.096435546875,3.3247986243873155,3.3220105751037594,10.0,10.0,1.8141700391172861,2.2580382029215498,4.407460007508316,4.409561809229096,34.16166240679459,24.199894600041347,0.2473776426268176,0.0278869163565102,certain_temperate,544.8648529052734,574.358283996582,POINT (538647.464318349 8669553.342937302),dronbreen
dronbreen-20220329-DAT_0235_A1_1,5770.0,5254,120.26648712158203,538652.4592436019,8669555.905233068,663.9515991210938,2022-03-29 10:28:15+00:00,0,2022-05-04,100 MHz,20220329,29.493423461914062,119.95384216308594,120.47491455078125,0.7386402582350358,0.7725532333374023,10,2.419952720576636,1.919331232706706,3.18384077004642,3.175782262963761,116.86515254600401,123.56360416786318,31.78620147705078,27.617515563964844,3.2770701087746996,3.0129904129028318,10.0,10.0,1.8347914416807305,2.145127614339193,4.128697536089292,4.325184460123063,34.608971768141686,24.79474527287394,0.24523393147833464,0.027248406328371288,certain_temperate,543.6851119995117,573.1785354614258,POINT (538652.4592436019 8669555.905233068),dronbreen
dronbreen-20220329-DAT_0235_A1_1,5775.0,5259,120.99600982666016,538656.5627106491,8669557.418529924,663.8725891113281,2022-03-29 10:28:16.500000+00:00,0,2022-05-04,100 MHz,20220329,29.285003662109375,120.78756713867188,121.30866241455078,0.7627580007141063,0.7725645446777343,10,2.43445553617011,1.5806242624918623,3.003631600656172,3.0011242200916346,117.88499124530281,124.21123830791984,32.09886169433594,28.451263427734375,3.240409681280828,2.9357339584350584,10.0,10.0,1.8533546505420133,1.806420644124349,3.9136444497313643,4.1470874004224765,34.68692641613181,25.8631987059385,0.24203280508227754,0.02678112845145112,certain_temperate,542.876579284668,572.1615829467773,POINT (538656.5627106491 8669557.418529924),dronbreen
dronbreen-20220329-DAT_0235_A1_1,5780.0,5264,121.72552490234375,538661.2746815238,8669559.13537416,663.7720947265625,2022-03-29 10:28:18+00:00,0,2022-05-04,100 MHz,20220329,29.284996032714844,121.6213150024414,122.14239501953125,0.7925521327965724,0.7725588890075683,10,2.4489592412084864,1.9193229675292969,3.205939683738688,3.210816236097343,118.50985199948188,125.25385802249077,32.4114990234375,29.18077850341797,3.168687790447188,2.6267081405639647,10.0,10.0,1.8677956395384048,0.6774222056070964,3.293502247066679,3.7400726876703003,34.39834612266992,27.193931404185548,0.24058221195767446,0.026031416114157803,certain_temperate,542.0465698242188,571.3315658569336,POINT (538661.2746815238 8669559.13537416),dronbreen
dronbreen-20220329-DAT_0235_A1_1,5785.0,5269,122.76769256591797,538666.714690401,8669560.904135203,663.6455688476562,2022-03-29 10:28:19.666666752+00:00,0,2022-05-04,100 MHz,20220329,30.431373596191406,122.55925750732422,122.97613525390625,0.6909474841599277,0.6180572914123534,10,2.4696806544944025,2.2580382029215498,3.402947821596014,3.416938320617452,119.21290739697457,126.3224853642559,33.03680419921875,29.389205932617188,3.1576227298086117,2.6267081405639647,10.0,10.0,1.865732649752272,0.225796381632487,3.229789154420913,3.674578020686722,34.91615044893166,27.509859682904278,0.24787770267696294,0.025720306896809854,certain_temperate,540.8778762817383,571.3092498779297,POINT (538666.714690401 8669560.904135203),dronbreen
dronbreen-20220329-DAT_0235_A1_1,5790.0,5274,123.80986785888672,538671.2900684493,8669562.027836373,663.5259399414062,2022-03-29 10:28:21+00:00,0,2022-05-04,100 MHz,20220329,31.57776641845703,123.4972152709961,123.9140853881836,0.5842990687784201,0.4635387268066406,10,2.4904042546731238,1.9193394978841147,3.1781827529394158,3.1980279644817635,120.3530178440154,127.05828281516429,33.974761962890625,30.222946166992188,3.1740321707673513,3.0129904129028318,10.0,10.0,1.863669556130347,0.22580464680989584,3.5499807296959234,3.6876458851188696,35.852061074105464,28.34564705577735,0.2550504815532801,0.025636342447154372,certain_temperate,539.7160720825195,571.2938385009766,POINT (538671.2900684493 8669562.027836373),dronbreen
dronbreen-20220329-DAT_0235_A1_1,5795.0,5278,124.53939056396484,538675.871172632,8669563.14286013,663.4054391043527,2022-03-29 10:28:22.285714432+00:00,0,2022-05-04,100 MHz,20220329,32.41150665283203,124.33096313476562,124.74781036376953,0.545301763759125,0.3090201622009277,10,2.504911958695856,1.806420644124349,3.103744983883635,3.1360952596971527,121.24264005187159,127.83613344666357,34.600059509277344,30.84825897216797,3.166420806221575,2.858471848297119,10.0,10.0,1.8616065098664822,0.11290232340494792,3.413090540802375,3.674853256156004,36.465086515035566,28.983231966409747,0.2602510459225759,0.025425054610294283,certain_temperate,538.8660485403879,571.2775551932199,POINT (538675.871172632 8669563.14286013),dronbreen
dronbreen-20220329-DAT_0235_A1_1,5800.0,5283,125.47733306884766,538681.0435728693,8669564.48753121,663.2631399972098,2022-03-29 10:28:23.714285568+00:00,0,2022-05-04,100 MHz,20220329,33.141014099121094,125.26890563964844,125.68577575683594,0.5035362880509284,0.38627661666870117,10,2.523565819555379,1.806428909301758,3.127423775981498,3.144060852364893,122.1654285815748,128.78925281490956,35.43379211425781,31.78620147705078,3.1873885276611666,2.7812210494995115,10.0,10.0,1.865732649752272,0.4516010284423828,3.3793627114325884,3.7207993006218265,37.35340192076586,29.866591670542732,0.26411952891074825,0.025402106099213083,certain_temperate,537.7858069283621,570.9268210274832,POINT (538681.0435728693 8669564.48753121),dronbreen
dronbreen-20220329-DAT_0235_A1_1,5805.0,5287,126.20686340332031,538685.7120669965,8669565.232926942,663.1713256835938,2022-03-29 10:28:25+00:00,0,2022-05-04,100 MHz,20220329,33.66211700439453,125.99842834472656,126.20686340332031,0.5318582591080924,0.38628227233886714,10,2.538075835754665,1.806428909301758,3.1391445246,3.1603619349980105,122.88314114249258,129.3221506055543,36.059104919433594,32.61994171142578,3.075450684732513,2.7812210494995115,10.0,10.0,1.8698588274029124,0.5644950866699219,3.3985610577816963,3.6432710098910785,38.012314262359,30.666732368500377,0.2667217621661369,0.024368331497980976,certain_temperate,536.9644622802734,570.626579284668,POINT (538685.7120669965 8669565.232926942),dronbreen
dronbreen-20220329-DAT_0235_A1_1,5810.0,5292,127.14480590820312,538690.5151574877,8669565.556876164,663.1160888671875,2022-03-29 10:28:26.333333248+00:00,0,2022-05-04,100 MHz,20220329,34.28741455078125,126.93638610839844,127.45745849609375,0.5524492640032268,0.540783869934082,10,2.556732420057652,1.806420644124349,3.1768669165190677,3.1788734483445853,123.80588515626754,130.58795944822467,36.68439483642578,33.66209411621094,2.912881803845762,2.6267081405639647,10.0,10.0,1.8760485206630884,0.22580464680989581,3.235759794253601,3.4720924805625275,38.5739836251317,31.772505327505016,0.26967216085520873,0.022909955173071123,certain_temperate,535.9712829589844,570.2586975097656,POINT (538690.5151574877 8669565.556876164),dronbreen
dronbreen-20220329-DAT_0235_A1_1,5815.0,5296,127.87432861328125,538695.3271425384,8669565.57095923,663.1003011067709,2022-03-29 10:28:27.666666752+00:00,0,2022-05-04,100 MHz,20220329,35.12114715576172,127.56167602539062,128.29119873046875,0.5623015939219783,0.6180629470825195,10,2.571244361650401,1.9193394978841147,3.2675929186502644,3.257505910659906,124.35306858984214,131.49980616601724,36.99705505371094,34.49584197998047,2.7938675707647396,2.47220654296875,10.0,10.0,1.8739853436450933,0.22578811645507815,3.1104029534493516,3.371720235235987,38.884593488214705,32.6083035454767,0.2746536191949474,0.021848541463032663,certain_temperate,535.2259724934896,570.3471196492513,POINT (538695.3271425384 8669565.57095923),dronbreen
dronbreen-20220329-DAT_0235_A1_1,5820.0,5301,128.91650390625,538700.5770484328,8669565.234333312,663.1052769252232,2022-03-29 10:28:29.142856960+00:00,0,2022-05-04,100 MHz,20220329,36.26753234863281,128.70806884765625,129.4375762939453,0.5666829415268613,0.6952854675292969,10,2.591977235965638,2.3709487915039062,3.580944853674144,3.5582121521791588,125.19527164831526,132.9503734932863,37.518150329589844,35.53801727294922,2.660676590315722,2.1631807250976562,10.0,10.0,1.871922213200555,0.22580464680989584,2.8695698911559253,3.2610244447180556,39.40364244328181,33.65252515925725,0.2813257515500661,0.020638758496356727,certain_temperate,534.1887730189732,570.456305367606,POINT (538700.5770484328 8669565.234333312),dronbreen
dronbreen-20220329-DAT_0235_A1_1,5825.0,5306,130.06289672851562,538705.9205899824,8669564.820660545,663.1113688151041,2022-03-29 10:28:30.666666752+00:00,0,2022-05-04,100 MHz,20220329,37.518150329589844,129.64602661132812,130.47975158691406,0.5884121382475216,0.6952967788696288,10,2.6147854294693107,2.0322252909342446,3.3838558015944273,3.36352067329975,126.33437408195887,133.79140411628333,38.56031799316406,36.78862762451172,2.56702453974457,2.008656504821777,10.0,10.0,1.8698588274029124,0.2258129119873047,2.753554876881813,3.1838621975970636,40.44376257839528,34.9051830392805,0.2884615926085566,0.019736793538458558,certain_temperate,533.0484720865885,570.5666224161783,POINT (538705.9205899824 8669564.820660545),dronbreen
dronbreen-20220329-DAT_0235_A1_1,5830.0,5311,130.7924041748047,538710.543984584,8669564.27113475,663.127685546875,2022-03-29 10:28:32+00:00,0,2022-05-04,100 MHz,20220329,38.35187530517578,130.47975158691406,131.417724609375,0.6948694812207806,0.7725758560180663,10,2.629300514572305,1.8064371744791667,3.2822720658977236,3.264855288860825,127.28969885047373,134.60777734581532,39.39405059814453,37.72657012939453,2.5316397008058713,2.1631807250976562,10.0,10.0,1.8677956395384048,0.225796381632487,2.8668790358979264,3.154178836358751,41.27544491009432,35.84517581744474,0.2932270841502257,0.01935616763663372,certain_temperate,532.3352813720703,570.6871566772461,POINT (538710.543984584 8669564.27113475),dronbreen
dronbreen-20220329-DAT_0235_A1_1,5835.0,5316,131.73037719726562,538715.8378841854,8669563.771900274,663.1334533691406,2022-03-29 10:28:33.500000+00:00,0,2022-05-04,100 MHz,20220329,39.39405822753906,131.1050567626953,132.25144958496094,0.8440968576258256,0.9270774536132812,10,2.647964673218574,1.580632527669271,3.22018457594247,3.197282534152009,128.0212091500303,135.33529719762595,40.54045104980469,38.87298583984375,2.4847756326078536,2.2404258682250977,10.0,10.0,1.865732649752272,0.225796381632487,2.9242863056346144,3.115453782470816,42.4197972995176,36.99363959013084,0.29905067506598454,0.018862586485172767,certain_temperate,531.403076171875,570.7971343994141,POINT (538715.8378841854 8669563.771900274),dronbreen
dronbreen-20220329-DAT_0235_A1_1,5840.0,5320,132.25144958496094,538720.0831407123,8669563.242563164,663.125,2022-03-29 10:28:34.666666752+00:00,0,2022-05-04,100 MHz,20220329,40.01934814453125,131.62615966796875,132.4598846435547,1.0354317073540404,1.0043225967407226,10,2.658333757625138,0.9032020568847656,2.981807539197372,2.9924289704326084,128.8185784451917,135.26746586633175,41.0615234375,39.498268127441406,2.335537380067924,2.008656504821777,10.0,10.0,1.863669556130347,0.22580464680989584,2.749354998418877,2.99649575448766,42.93882254871484,37.62096901622657,0.3026004499014737,0.017659824428370663,certain_temperate,530.8735504150391,570.8928985595703,POINT (538720.0831407123 8669563.242563164),dronbreen
dronbreen-20220329-DAT_0235_A1_1,5845.0,5324,132.56410217285156,538724.98967216,8669562.63918929,663.1036376953125,2022-03-29 10:28:36+00:00,0,2022-05-04,100 MHz,20220329,40.43621826171875,131.62615966796875,133.1894073486328,1.2931121664168912,1.236103271484375,10,2.6645555865768107,0.4516092936197917,2.9718275060669037,2.9959884016759553,128.92360394642637,135.8919630701752,41.374176025390625,39.915130615234375,2.1804361146860396,1.7768871414184568,10.0,10.0,1.8616065098664822,0.2258129119873047,2.5833888948696258,2.8759123628901846,43.24942808012818,38.03987856049682,0.3050314345960235,0.016448164163198185,certain_temperate,530.5395355224609,570.9757537841797,POINT (538724.98967216 8669562.63918929),dronbreen
dronbreen-20220329-DAT_0235_A1_1,5850.0,5329,132.66831970214844,538730.5052790691,8669561.774216473,663.0627746582031,2022-03-29 10:28:37.500000+00:00,0,2022-05-04,100 MHz,20220329,40.64466094970703,132.14723205566406,133.91893005371094,1.4360675300899082,1.4678613235473632,10,2.666629562019552,0.6774139404296875,3.1184001880597814,3.1035613122191728,129.39590458192978,136.67025752744522,41.4783935546875,40.123573303222656,1.993064257255993,1.5451177780151366,10.0,10.0,1.8595433600952451,0.22580464680989584,2.4282253179088817,2.7351772118359423,43.351596492597665,38.25037036531249,0.306362973775184,0.015022910230042787,certain_temperate,530.3944549560547,571.0391159057617,POINT (538730.5052790691 8669561.774216473),dronbreen
dronbreen-20220329-DAT_0235_A1_1,5855.0,5334,133.1894073486328,538735.9004538917,8669561.091885226,662.9982299804688,2022-03-29 10:28:39+00:00,0,2022-05-04,100 MHz,20220329,41.26995849609375,132.66831970214844,134.2315673828125,1.4674507115991366,1.7768871414184568,10,2.6769996809771976,1.0161209106445312,3.3698897475050047,3.2174897960947604,129.8049599627861,137.09492712217482,41.791053771972656,40.957305908203125,1.8059303844501808,1.236108927154541,10.0,10.0,1.85748056004412,0.5645033518473307,2.301491547883641,2.6514680120018546,43.73241877247841,39.01594090769737,0.30985916461109164,0.013559114199847956,certain_temperate,529.8088226318359,571.0787811279297,POINT (538735.9004538917 8669561.091885226),dronbreen
dronbreen-20220329-DAT_0235_A1_1,5860.0,5338,133.6062774658203,538740.4475915816,8669560.524764575,662.9372100830078,2022-03-29 10:28:40.249999872+00:00,0,2022-05-04,100 MHz,20220329,42.10369873046875,132.98097229003906,134.44000244140625,1.4854330168867755,1.7768871414184568,10,2.6852960639954593,0.6774139404296875,3.2904456402341973,3.1426447215132876,130.21154913746776,137.20942559397756,42.207923889160156,41.68682861328125,1.7103797056556662,0.8498209991455078,10.0,10.0,1.8492292356783906,0.33870697021484375,2.0631449072589336,2.5416077422132957,44.087916223655114,39.80683627878629,0.3151326384438776,0.012801641794811792,certain_temperate,529.3309326171875,571.4346313476562,POINT (538740.4475915816 8669560.524764575),dronbreen
dronbreen-20220329-DAT_0235_A1_1,5865.0,5343,133.81471252441406,538745.6624039125,8669559.883810017,662.8841349283854,2022-03-29 10:28:41.666666752+00:00,0,2022-05-04,100 MHz,20220329,42.207916259765625,133.2936248779297,134.75265502929688,1.4282759264578164,1.6996306869506834,10,2.6894443506413426,0.5644950866699219,3.2311778177772217,3.097053073515217,130.54557727680063,137.50070263042593,43.1458740234375,42.10370635986328,1.642132931532465,1.4678669792175292,10.0,10.0,1.851291994459308,0.33870697021484375,2.3867630651362184,2.497719965337317,45.027895399623546,40.221684983677235,0.31542059511628756,0.012271691957884402,certain_temperate,529.0694224039713,571.2773386637369,POINT (538745.6624039125 8669559.883810017),dronbreen
dronbreen-20220329-DAT_0235_A1_1,5870.0,5347,134.12734985351562,538750.5817511515,8669559.280900259,662.843994140625,2022-03-29 10:28:43+00:00,0,2022-05-04,100 MHz,20220329,42.93742370605469,133.6062774658203,134.96109008789062,1.2667090819184397,1.5451177780151366,10,2.695666595017075,0.7902997334798177,3.2060226150430777,3.0815165030296168,130.79715090045713,137.7702166532538,43.56272888183594,42.20790100097656,1.6667878036953732,1.0043339080810547,10.0,10.0,1.8430412508437655,1.0161209106445312,2.331949689912325,2.684675835163059,45.66731975831546,40.10331012449704,0.32012429793735503,0.012426904770098869,certain_temperate,528.7166442871094,571.6540679931641,POINT (538750.5817511515 8669559.280900259),dronbreen
dronbreen-20220329-DAT_0235_A1_1,5875.0,5352,134.54421997070312,538755.4412498681,8669558.91554029,662.7908063616071,2022-03-29 10:28:44.285714432+00:00,0,2022-05-04,100 MHz,20220329,43.87538146972656,133.91893005371094,135.27374267578125,1.130216505933766,1.3906048690795898,10,2.7039635446895325,1.0161209106445312,3.2058855965188338,3.101823642044174,131.03034552905893,138.16232720043325,44.188026428222656,42.41633605957031,1.7863085314208957,1.3906161804199217,10.0,10.0,1.832728924321998,0.9032103220621746,2.4715374885224413,2.7139606418209534,46.23123082228756,40.37313166550541,0.3261038005146589,0.013276739289208134,certain_temperate,528.246586390904,572.1219678606305,POINT (538755.4412498681 8669558.91554029),dronbreen
dronbreen-20220329-DAT_0235_A1_1,5880.0,5357,135.0653076171875,538760.8862946333,8669558.407533702,662.7354387555804,2022-03-29 10:28:45.714285568+00:00,0,2022-05-04,100 MHz,20220329,44.70911407470703,134.33578491210938,135.58639526367188,0.9687113534000469,1.0043339080810547,10,2.714335080400022,0.4516092936197917,2.9292068007730907,2.9171848705524495,131.58413706349685,138.3380431122844,44.81333923339844,43.87538146972656,1.8864619739118258,1.3133540702819824,10.0,10.0,1.8265422756110725,0.4516092936197917,2.2945819995381496,2.6643848103630874,46.69488318416819,41.99383751895681,0.3310184892291146,0.013967035704376298,certain_temperate,527.6701311383929,572.3792452130999,POINT (538760.8862946333 8669558.407533702),dronbreen
dronbreen-20220329-DAT_0235_A1_1,5885.0,5361,134.96109008789062,538765.8225300427,8669558.044412455,662.6654663085938,2022-03-29 10:28:47+00:00,0,2022-05-04,100 MHz,20220329,44.70912170410156,134.54421997070312,135.58639526367188,0.8383540602065673,0.8498209991455078,10,2.712260742459082,0.0,2.842279730370211,2.838872287608149,131.83195922824405,138.29865600613095,44.91754913330078,44.50067901611328,1.8944695877158404,0.9270831092834472,10.0,10.0,1.8244799584701892,0.4516010284423828,2.095746573245025,2.668648651758007,46.79708913227648,42.62113901713758,0.3312741596484266,0.014037153867697024,certain_temperate,527.7043762207031,572.4134979248047,POINT (538765.8225300427 8669558.044412455),dronbreen
dronbreen-20220329-DAT_0235_A1_1,5890.0,5364,135.0653076171875,538769.708123493,8669557.784007033,662.592529296875,2022-03-29 10:28:48+00:00,0,2022-05-04,100 MHz,20220329,45.1259765625,134.75265502929688,135.482177734375,0.7643408301064126,0.6953080902099609,10,2.714335080400022,0.4516092936197917,2.8381365758337607,2.855833116157476,132.00100718068435,138.23382558298752,45.230201721191406,44.91754913330078,1.8866834844109401,0.4635387268066406,10.0,10.0,1.8182940653881787,0.7903079986572267,2.036086489375386,2.736851221991518,47.21282121089877,42.93492964359342,0.33410486644282866,0.013968675729509489,certain_temperate,527.5272216796875,572.6531982421875,POINT (538769.708123493 8669557.784007033),dronbreen
dronbreen-20220329-DAT_0235_A1_1,5895.0,5369,135.37796020507812,538775.5967400612,8669557.30211132,662.48974609375,2022-03-29 10:28:49.500000+00:00,0,2022-05-04,100 MHz,20220329,45.855506896972656,134.85687255859375,135.37796020507812,0.6667750322972741,0.8498209991455078,10,2.720558186055775,0.33870697021484375,2.8702534706844056,2.8214797888842367,132.1153110955973,138.11952166807458,46.37659454345703,45.54285430908203,1.975212233576846,0.7725645446777343,10.0,10.0,1.8100463691631687,0.7903245290120443,2.120786810448423,2.7932676361835638,48.35165928155523,43.567789570983834,0.33872209942820947,0.014590353042583031,certain_temperate,527.1117858886719,572.9672927856445,POINT (538775.5967400612 8669557.30211132),dronbreen
dronbreen-20220329-DAT_0235_A1_1,5900.0,5373,135.37796020507812,538779.8654791994,8669556.879969573,662.4454781668527,2022-03-29 10:28:50.571428608+00:00,0,2022-05-04,100 MHz,20220329,46.16815948486328,135.0653076171875,135.482177734375,0.6864806935042953,0.7725645446777343,10,2.720558186055775,0.11290232340494792,2.830378023169067,2.8081024769227105,132.34240773317683,138.20507761838567,47.314544677734375,45.647071838378906,2.1364086693205304,1.236103271484375,10.0,10.0,1.8038612523739672,1.2419172922770183,2.514801239948643,3.0594960338298822,49.504584398532344,43.45703211758094,0.341031578662621,0.015781067066486885,certain_temperate,527.0675179617746,573.2356774466379,POINT (538779.8654791994 8669556.879969573),dronbreen
dronbreen-20220329-DAT_0235_A1_1,5905.0,5378,135.27374267578125,538785.5297739102,8669556.378366146,662.4039306640625,2022-03-29 10:28:52+00:00,0,2022-05-04,100 MHz,20220329,46.897674560546875,135.0653076171875,135.58639526367188,0.7115992307387282,0.38628227233886714,10,2.7184838022334055,0.22580464680989584,2.755060056595793,2.819133800782482,132.33746196144992,138.31424091940946,48.565155029296875,46.37659454345703,2.379155135514122,1.8541492515563964,10.0,10.0,1.7873700697402923,2.145127614339193,3.351735922630409,3.668329784363341,51.357334151058936,43.58441542169497,0.3466871961467745,0.017587708364189988,certain_temperate,527.1301879882812,574.0278625488281,POINT (538785.5297739102 8669556.378366146),dronbreen
dronbreen-20220329-DAT_0235_A1_1,5910.0,5382,135.16952514648438,538790.7635172067,8669555.97073427,662.3848266601562,2022-03-29 10:28:53.333333248+00:00,0,2022-05-04,100 MHz,20220329,47.939842224121094,134.96109008789062,135.482177734375,0.7149803919269119,0.4635387268066406,10,2.7164094336698263,0.5645116170247396,2.812902722871133,2.8650917154475657,132.186643552618,138.25662426964763,49.50310516357422,46.689239501953125,2.5409393544467362,2.317682322692871,10.0,10.0,1.7647002672109544,2.4838345845540366,3.8282179438276707,3.9673636182605363,52.55000543705235,43.642339228474995,0.3546645752596103,0.01879816735091063,certain_temperate,527.2153015136719,575.155143737793,POINT (538790.7635172067 8669555.97073427),dronbreen
dronbreen-20220329-DAT_0235_A1_1,5915.0,5386,134.75265502929688,538795.366910795,8669555.451936431,662.3637390136719,2022-03-29 10:28:54.500000+00:00,0,2022-05-04,100 MHz,20220329,48.66935729980469,134.6484375,135.0653076171875,0.6513887628047903,0.38628227233886714,10,2.708112112704693,0.7903162638346355,2.8473996919615434,2.8953028049182987,131.8273612848191,137.8863838323684,50.23262023925781,47.522972106933594,2.7106235308625743,2.858477503967285,10.0,10.0,1.7420372152149213,2.2580464680989585,4.037865915551801,3.9345835151072635,53.08454371496468,44.671048631226725,0.3611754980948121,0.02011554822629099,certain_temperate,527.611083984375,576.2804412841797,POINT (538795.366910795 8669555.451936431),dronbreen
dronbreen-20220329-DAT_0235_A1_1,5920.0,5390,134.44000244140625,538799.9703082935,8669554.933153935,662.3247477213541,2022-03-29 10:28:55.666666752+00:00,0,2022-05-04,100 MHz,20220329,49.29467010498047,134.12734985351562,134.75265502929688,0.6368692138297861,0.6180516357421875,10,2.701889283923035,0.6774139404296875,2.853258343317373,2.8573935229139815,131.34183457815513,137.53817030465737,50.962135314941406,48.148277282714844,2.9440156313967774,2.7812153938293456,10.0,10.0,1.7234996511378113,2.4838428497314458,4.1079295778418,4.219852413004838,53.98536642579519,45.12504617186106,0.36666668558314586,0.02189836044282939,certain_temperate,527.8847452799479,577.1794153849283,POINT (538799.9703082935 8669554.933153935),dronbreen
dronbreen-20220329-DAT_0235_A1_1,5925.0,5395,134.12734985351562,538804.9462102763,8669554.145985963,662.2772216796875,2022-03-29 10:28:57+00:00,0,2022-05-04,100 MHz,20220329,50.336830139160156,133.50205993652344,134.2315673828125,0.6349699172633932,0.7725532333374023,10,2.695666595017075,0.9032020568847656,2.946053435596832,2.9130017409677773,130.6591050745793,137.07452224475665,51.48322296142578,48.982017517089844,3.205717171731993,2.3949387771606445,10.0,10.0,1.6967322940289422,2.822541554768881,4.072023213630489,4.595896418669073,54.776495088960615,45.68874538955501,0.37529131973556823,0.023900548062964412,certain_temperate,528.1498718261719,578.486701965332,POINT (538804.9462102763 8669554.145985963),dronbreen
dronbreen-20220329-DAT_0235_A1_1,5930.0,5399,133.6062774658203,538809.5750467316,8669553.410875818,662.2438151041666,2022-03-29 10:28:58.333333248+00:00,0,2022-05-04,100 MHz,20220329,51.066368103027344,133.1894073486328,134.0231475830078,0.6577485966869699,0.7725645446777343,10,2.6852960639954593,1.1290067036946614,3.0136899415816,2.98631952489024,130.27642415467218,136.93613077696844,51.69166564941406,49.398895263671875,3.239494312866835,2.3949387771606445,10.0,10.0,1.6720330902967295,2.70965576171875,3.984176294845721,4.542273924496344,54.87567711328521,46.21488379980073,0.38221533502489313,0.024246572648471368,certain_temperate,528.6375376383463,579.7039057413737,POINT (538809.5750467316 8669553.410875818),dronbreen
dronbreen-20220329-DAT_0235_A1_1,5935.0,5404,133.08518981933594,538815.35841978,8669552.58496597,662.2371215820312,2022-03-29 10:29:00+00:00,0,2022-05-04,100 MHz,20220329,51.79589080810547,132.8767547607422,133.6062774658203,0.6465547441393582,0.6180516357421875,10,2.6749256250781013,0.9032185872395834,2.8901589472688407,2.896388087464049,130.0534533393501,136.4295788872124,52.52540588378906,50.232627868652344,3.0390007703696384,2.703958939361572,10.0,10.0,1.6473433320030448,2.2580382029215498,3.8889420830222496,4.12892265144981,55.320486666047074,47.43754708639433,0.3891934998809315,0.02283500346278277,certain_temperate,529.1519317626953,580.9478225708008,POINT (538815.35841978 8669552.58496597),dronbreen
dronbreen-20220329-DAT_0235_A1_1,5940.0,5408,132.7725372314453,538819.6299347576,8669551.591487112,662.2764892578125,2022-03-29 10:29:01.249999872+00:00,0,2022-05-04,100 MHz,20220329,52.31697082519531,132.56410217285156,133.1894073486328,0.6276168479007563,0.5407951812744141,10,2.6687035536286556,0.6774139404296875,2.8059450692998813,2.823963741199163,129.81076450670187,135.9427450147825,53.671791076660156,50.96215057373047,2.926749688733407,3.399267029571533,10.0,10.0,1.6308891030049226,2.0322252909342446,4.283077776289504,3.9186225436898194,56.27750381973314,48.356437830657484,0.39403457910876444,0.022043336293495544,certain_temperate,529.5039520263672,581.8209228515625,POINT (538819.6299347576 8669551.591487112),dronbreen
dronbreen-20220329-DAT_0235_A1_1,5945.0,5413,132.4598846435547,538824.363628014,8669550.549305739,662.3274739583334,2022-03-29 10:29:02.666666752+00:00,0,2022-05-04,100 MHz,20220329,53.046485900878906,132.14723205566406,132.7725372314453,0.5952474505038542,0.5407951812744141,10,2.6624816273382104,0.6774139404296875,2.800028123196556,2.811052754740355,129.39992463518814,135.51984465192123,55.130828857421875,51.58744812011719,2.8114159360386375,3.708298503112793,10.0,10.0,1.6103276560828508,2.3709322611490884,4.686784903864417,4.014789472975491,57.99691939104129,48.721357586497774,0.400472082877207,0.021224659402384865,certain_temperate,529.8675893147787,582.9140752156576,POINT (538824.363628014 8669550.549305739),dronbreen
dronbreen-20220329-DAT_0235_A1_1,5950.0,5418,132.14723205566406,538829.8000871629,8669549.199527355,662.3933890206473,2022-03-29 10:29:04.285714432+00:00,0,2022-05-04,100 MHz,20220329,53.880218505859375,131.62615966796875,132.3556671142578,0.5972659166399383,0.7725419219970703,10,2.6562598472268126,0.7902997334798177,2.8769968832048827,2.834963248422707,128.85482604591462,135.12700073631194,56.48564910888672,52.212745666503906,2.740225303574863,3.6310420486450194,10.0,10.0,1.5877185405487095,2.4838428497314458,4.677049478591431,4.0248180307333286,59.4335849063837,49.264809869006925,0.40772869524170996,0.02073615361402806,certain_temperate,530.2461569649832,584.1263754708426,POINT (538829.8000871629 8669549.199527355),dronbreen
dronbreen-20220329-DAT_0235_A1_1,5955.0,5423,131.73037719726562,538834.5518357996,8669548.007262567,662.4423043387277,2022-03-29 10:29:05.714285568+00:00,0,2022-05-04,100 MHz,20220329,54.60975646972656,131.31350708007812,131.9387969970703,0.5730357398146373,0.7725532333374023,10,2.647964673218574,0.9032020568847656,2.902469528610851,2.8558467790270767,128.51574174571314,134.7365623314353,57.423614501953125,53.46336364746094,2.699470077687953,3.8628057563781737,10.0,10.0,1.5651185439321749,3.1612485249837246,5.231095163040001,4.441872014545753,60.95109069510768,49.93588745430638,0.4145570492669941,0.020492388582821024,certain_temperate,530.7119271414621,585.3216836111886,POINT (538834.5518357996 8669548.007262567),dronbreen
dronbreen-20220329-DAT_0235_A1_1,5960.0,5428,131.31350708007812,538838.7900505605,8669546.933131622,662.4927368164062,2022-03-29 10:29:07+00:00,0,2022-05-04,100 MHz,20220329,55.964569091796875,130.89662170410156,131.62615966796875,0.6117428824897257,0.7725645446777343,10,2.6396694597369366,0.7903162638346355,2.861697158897591,2.8225314892532674,128.14118078592722,134.3816005861431,58.465782165527344,55.02661895751953,2.6837106289753248,3.940067866516113,10.0,10.0,1.5302107640402813,3.7257518768310547,5.63443935301887,4.8399457404158985,62.493532409782176,50.9988687132647,0.4261904988773801,0.020437430152091922,certain_temperate,531.1792297363281,587.143798828125,POINT (538838.7900505605 8669546.933131622),dronbreen
dronbreen-20220329-DAT_0235_A1_1,5965.0,5433,131.0008544921875,538844.2900543892,8669545.72701844,662.5666910807291,2022-03-29 10:29:08.666666752+00:00,0,2022-05-04,100 MHz,20220329,57.31938934326172,130.58396911621094,131.1050567626953,0.6190956080972135,0.7725758560180663,10,2.6334482244907176,0.6774139404296875,2.8268025490054725,2.788766496092322,127.86478924026271,133.82423663864353,59.61216735839844,55.964569091796875,2.6387014178682193,3.6310363929748535,10.0,10.0,1.4973788173327904,3.274159113566081,5.1133830788092345,4.463743540595105,63.21248140352627,52.364255046669044,0.43754973633916316,0.020142627527865352,certain_temperate,531.5658365885416,588.8852259318033,POINT (538844.2900543892 8669545.72701844),dronbreen
dronbreen-20220329-DAT_0235_A1_1,5970.0,5437,130.68820190429688,538848.8347818815,8669544.80352991,662.6489868164062,2022-03-29 10:29:10+00:00,0,2022-05-04,100 MHz,20220329,58.36156463623047,130.37554931640625,130.89662170410156,0.6425366915335297,0.6953080902099609,10,2.6272271403118737,0.9032351175944011,2.863845223603835,2.851492508216343,127.59739235099788,133.67477866950995,60.44590759277344,56.798301696777344,2.5876259751898054,3.244754120635986,10.0,10.0,1.4707198861110775,3.7257684071858725,5.154880843508523,4.768665997411008,64.45144965439093,52.792759635159854,0.4465710277272673,0.019799996766997584,certain_temperate,531.9607849121094,590.3223495483398,POINT (538848.8347818815 8669544.80352991),dronbreen
dronbreen-20220329-DAT_0235_A1_1,5975.0,5443,130.16709899902344,538854.2276310999,8669544.54029222,662.7142181396484,2022-03-29 10:29:11.500000+00:00,0,2022-05-04,100 MHz,20220329,59.9248046875,129.95867919921875,130.47975158691406,0.6808335938338532,0.7725645446777343,10,2.6168587017125375,1.1290232340494792,2.952879764474891,2.930217962924412,127.10865412428481,133.329776661848,61.59227752685547,58.569976806640625,2.381107492032594,2.5494516860961913,10.0,10.0,1.4297384250479777,4.51606814066569,5.379472772952108,5.3017635088532655,66.32926216005774,53.83299217343837,0.460368289285986,0.018292698464843698,certain_temperate,532.547119140625,592.471923828125,POINT (538854.2276310999 8669544.54029222),dronbreen
dronbreen-20220329-DAT_0235_A1_1,5980.0,5448,129.64602661132812,538859.5218877263,8669544.367267469,662.7659301757812,2022-03-29 10:29:13+00:00,0,2022-05-04,100 MHz,20220329,61.488067626953125,129.5417938232422,130.27133178710938,0.6828694993295015,0.8498209991455078,10,2.6064912979793506,0.9032020568847656,2.8864799622709354,2.84180956348547,126.78324876433832,133.02987684601325,62.530242919921875,59.92481231689453,2.3002386009204305,2.5494516860961913,10.0,10.0,1.3887991032421851,3.9515565236409507,4.903393295304219,4.778562496176024,66.71874646041168,55.73630877640473,0.4742765299802907,0.01774245351781141,certain_temperate,533.1199035644531,594.6079711914062,POINT (538859.5218877263 8669544.367267469),dronbreen
dronbreen-20220329-DAT_0235_A1_1,5985.0,5452,129.3333740234375,538864.2242285215,8669544.192708556,662.7995198567709,2022-03-29 10:29:14.333333248+00:00,0,2022-05-04,100 MHz,20220329,62.738670349121094,129.12493896484375,130.06289672851562,0.6979002157557719,0.7725645446777343,10,2.600270880988085,0.6774139404296875,2.7959174302715275,2.77621379082285,126.43787768880202,132.74995800455736,63.25975799560547,61.071205139160156,2.5843835919006475,2.5494516860961913,10.0,10.0,1.3581243768477187,3.838662465413412,4.804116489647237,4.822745058205656,67.33159190017007,56.99937123459556,0.48509265936069784,0.019982341073328153,certain_temperate,533.4661458333334,596.2048161824545,POINT (538864.2242285215 8669544.192708556),dronbreen
dronbreen-20220329-DAT_0235_A1_1,5990.0,5457,129.02072143554688,538869.0703033906,8669543.805212222,662.8399810791016,2022-03-29 10:29:15.750000128+00:00,0,2022-05-04,100 MHz,20220329,64.40614318847656,128.70806884765625,129.8544464111328,0.7254528538941678,0.9270774536132812,10,2.594050620920801,0.6774139404296875,2.8368046946496257,2.777457490909854,126.02702646257762,132.53548879621144,65.44831848144531,62.63445281982422,3.126435059565891,2.6267081405639647,10.0,10.0,1.3193094742397284,3.725760142008464,4.745678221319123,5.039490282387735,69.40076912941015,58.68200217185938,0.49919224192720907,0.024232038270904584,certain_temperate,533.8192596435547,598.2254028320312,POINT (538869.0703033906 8669543.805212222),dronbreen
dronbreen-20220329-DAT_0235_A1_1,5995.0,5462,128.70806884765625,538874.1469395292,8669543.380079689,662.8677804129464,2022-03-29 10:29:17.285714432+00:00,0,2022-05-04,100 MHz,20220329,65.55252838134766,128.39541625976562,129.5417938232422,0.7016913022209532,0.9270717979431152,10,2.5878305189090742,0.7903162638346355,2.8602322825288553,2.795324180679458,125.68959538774199,132.2476146952658,67.63687133789062,64.30192565917969,3.800091170026321,3.0129875850677488,10.0,10.0,1.2907396781057816,3.048350334167481,4.476219706876328,5.039756102924786,70.94722610384179,60.99157089322853,0.5093117235636416,0.029524886854795818,certain_temperate,534.1597115652902,599.7122399466379,POINT (538874.1469395292 8669543.380079689),dronbreen
dronbreen-20220329-DAT_0235_A1_1,6000.0,5467,128.29119873046875,538879.1772131786,8669542.993501617,662.881120954241,2022-03-29 10:29:18.714285568+00:00,0,2022-05-04,100 MHz,20220329,66.49048233032227,128.18698120117188,129.12493896484375,0.6955635905225455,0.9270717979431152,10,2.579537297400495,0.5645116170247396,2.798597533225815,2.7306582984505314,125.54639678963792,131.7655233763777,69.72121047973633,65.7609634399414,4.586090592203166,2.5494488582611083,10.0,10.0,1.2642355077391765,2.8225498199462895,4.008087871541271,5.531483148758727,72.81395665508072,62.66821726459702,0.5182778163139182,0.0357475075265158,certain_temperate,534.5899222237723,601.0804045540946,POINT (538879.1772131786 8669542.993501617),dronbreen
dronbreen-20220329-DAT_0235_A1_1,6005.0,5471,128.18698120117188,538883.9208372518,8669542.465754407,662.9120483398438,2022-03-29 10:29:20+00:00,0,2022-05-04,100 MHz,20220329,67.63687133789062,127.97855377197266,128.81228637695312,0.6495337468479644,0.8498153434753417,10,2.577464036565367,0.22578811645507815,2.723322832740599,2.6676197670609887,125.39121901718731,131.39962113173848,71.70132827758789,67.11578369140625,5.272370060228063,2.703964595031738,10.0,10.0,1.2397928543842198,2.8225498199462895,4.100646088002006,6.10751666881477,74.7841636296398,64.03294833935435,0.5276422824229228,0.041130308326348695,certain_temperate,534.7250671386719,602.3619384765625,POINT (538883.9208372518 8669542.465754407),dronbreen
dronbreen-20220329-DAT_0235_A1_1,6010.0,5475,128.08277893066406,538888.6247071564,8669541.795102423,662.963134765625,2022-03-29 10:29:21.333333248+00:00,0,2022-05-04,100 MHz,20220329,68.88749313354492,127.77011108398438,128.4996337890625,0.6100656595281976,0.6180516357421875,10,2.57539109718127,0.22579638163248697,2.6581217304409637,2.6562762315569595,125.18484063209759,131.08490424094927,73.05617141723633,68.57483291625977,5.927265382921655,3.012984757232666,10.0,10.0,1.213339500816258,3.274154980977377,4.611980131246924,6.879299274147143,76.54791648005235,65.08308785344374,0.5378357161569415,0.04627683309502757,certain_temperate,534.8803558349609,603.7678489685059,POINT (538888.6247071564 8669541.795102423),dronbreen
dronbreen-20220329-DAT_0235_A1_1,6015.0,5480,127.97855377197266,538893.5755211585,8669540.883480988,663.0640869140625,2022-03-29 10:29:22.750000128+00:00,0,2022-05-04,100 MHz,20220329,70.45074081420898,127.45745849609375,128.18698120117188,0.5536505692950758,0.4635387268066406,10,2.5733177204197464,0.45161755879720056,2.6534488238686165,2.6706649850778708,124.84481184764697,130.79962784961867,74.72363662719727,70.1380844116211,6.785056415707916,3.3992726852416992,10.0,10.0,1.18082162305802,6.435399373372396,7.373178391230849,9.425799454933378,81.26647277066618,63.595248268152176,0.5504886462440843,0.05301713619765756,certain_temperate,535.0855331420898,605.5362739562988,POINT (538893.5755211585 8669540.883480988),dronbreen
dronbreen-20220329-DAT_0235_A1_1,6020.0,5485,127.66590118408203,538898.8864747349,8669540.132910887,663.1745256696429,2022-03-29 10:29:24.285714432+00:00,0,2022-05-04,100 MHz,20220329,74.41098403930664,127.3532485961914,127.87432861328125,0.5895390276749105,0.540789525604248,10,2.5670981535690296,0.9032268524169923,2.7745747400255585,2.7844870159755652,124.63188649661983,130.59569071285281,76.2868881225586,71.90977478027344,7.625953194685549,3.940056555175781,10.0,10.0,1.097722405728678,6.774102210998534,7.913122070528018,10.259074878985372,83.14935526237747,65.04730764045456,0.5828571556629919,0.059733673000824654,certain_temperate,535.5086244855609,609.9196085248675,POINT (538898.8864747349 8669540.132910887),dronbreen
dronbreen-20220329-DAT_0235_A1_1,6025.0,5490,127.14480590820312,538903.8970324051,8669539.480022762,663.2851300920759,2022-03-29 10:29:25.714285568+00:00,0,2022-05-04,100 MHz,20220329,75.87001037597656,126.83216094970703,127.3532485961914,0.7122764046691105,0.4635330711364746,10,2.556732420057652,0.9032185872395834,2.750917554589039,2.8035731060126254,124.12057755911972,130.0648319867787,80.24712753295898,73.26458358764648,7.985207537180261,5.40792353439331,10.0,10.0,1.059340296009104,3.9515606562296552,6.781052310405505,8.972211148565957,84.33821949997841,69.17349162062706,0.5967212725209845,0.06280404048078438,certain_temperate,536.1403241838727,612.0103345598493,POINT (538903.8970324051 8669539.480022762),dronbreen
dronbreen-20220329-DAT_0235_A1_1,6030.0,5494,126.83216094970703,538908.3628053904,8669539.077257048,663.3638305664062,2022-03-29 10:29:27+00:00,0,2022-05-04,100 MHz,20220329,77.22483825683594,126.41529083251953,127.04060363769531,0.7221234819248797,0.3090201622009277,10,2.550513442518772,1.3548113505045574,2.904501003024724,2.976927096700934,123.52727549046801,129.92861897974683,82.0188217163086,74.41097640991211,8.183115423347479,6.025972342300415,10.0,10.0,1.027090349434682,4.403174082438151,7.533604665518789,9.349130153013396,86.54019944728363,69.88959867893708,0.6088742609018388,0.06451924623906978,certain_temperate,536.5316696166992,613.7565078735352,POINT (538908.3628053904 8669539.077257048),dronbreen
dronbreen-20220329-DAT_0235_A1_1,6035.0,5500,125.89421081542969,538914.0296905736,8669538.744630631,663.3983764648438,2022-03-29 10:29:28.666666752+00:00,0,2022-05-04,100 MHz,20220329,78.68388366699219,125.26890563964844,126.31108093261719,0.8962387749788279,0.9270774536132812,10,2.531857208994208,1.69352658589681,3.183992121358552,3.1751499438059296,122.2228699826222,129.35711658964343,84.10316848754883,75.76580810546875,8.831537811939967,6.412257442474365,10.0,10.0,0.9808598247379684,4.403169949849447,7.8400916519904325,9.916957785872015,88.6142649843046,71.25471160871298,0.6250000151504078,0.07015046803770557,certain_temperate,537.5041656494141,616.1880493164062,POINT (538914.0296905736 8669538.744630631),dronbreen
dronbreen-20220329-DAT_0235_A1_1,6040.0,5504,125.26890563964844,538918.3647721998,8669538.435599158,663.3881225585938,2022-03-29 10:29:30+00:00,0,2022-05-04,100 MHz,20220329,79.72604751586914,124.53939056396484,125.78998565673828,0.9689638162853904,0.8498266548156738,10,2.5194204667069884,1.6935183207194011,3.15241005167626,3.186592956112322,121.50368903208225,128.82568718862086,85.56220626831055,76.70375442504883,8.602773061396412,6.566767523574828,10.0,10.0,0.9487996471505857,4.403169949849447,7.963074914024566,9.710604034949528,90.06644054038058,72.19952015297879,0.6364392433123909,0.06867444891826036,certain_temperate,538.1192169189453,617.8452644348145,POINT (538918.3647721998 8669538.435599158),dronbreen
dronbreen-20220329-DAT_0235_A1_1,6045.0,5510,124.33096313476562,538923.8986640839,8669538.276397249,663.3259713309152,2022-03-29 10:29:31.714285568+00:00,0,2022-05-04,100 MHz,20220329,81.18510055541992,123.39300537109375,125.26890563964844,1.0921517806051757,1.5451121223449706,10,2.5007669538778257,2.145135879516602,3.639067843530019,3.4710573044932436,120.0982453951324,128.56366561560978,87.64655685424805,77.95437240600586,8.360210748562375,7.184816331481933,10.0,10.0,0.9028766156492887,6.096700668334962,9.466072624879432,10.386436779894256,93.80974963253774,71.79117962771616,0.6529757230901625,0.0672415827705004,certain_temperate,538.9950081961496,620.1801087515695,POINT (538923.8986640839 8669538.276397249),dronbreen
dronbreen-20220329-DAT_0235_A1_1,6050.0,5515,123.28878021240234,538928.2462834669,8669537.97661865,663.28955078125,2022-03-29 10:29:33+00:00,0,2022-05-04,100 MHz,20220329,83.3736457824707,122.87191009521484,124.64360809326172,1.130806829682673,1.5451290893554686,10,2.480042203371713,2.032250086466471,3.559223742225299,3.3999079150036957,119.66556486357683,127.84995332489973,89.10558319091797,78.99652862548828,8.187397964972982,8.111890957260131,10.0,10.0,0.84133654539893,6.999910990397137,10.747528830321187,10.804632640351553,96.15587403996146,71.94623777644479,0.6762468218019052,0.06640829725841803,certain_temperate,540.0007705688477,623.3744163513184,POINT (538928.2462834669 8669537.97661865),dronbreen
dronbreen-20220329-DAT_0235_A1_1,6055.0,5520,122.45503997802734,538933.8694440963,8669537.828896018,663.2065836588541,2022-03-29 10:29:34.666666752+00:00,0,2022-05-04,100 MHz,20220329,85.77063369750977,122.14239501953125,124.12252044677734,1.1884590272830222,1.08157339553833,10,2.463463968968921,1.1290067036946614,2.917723748632126,2.9590109366012998,119.43254062060211,126.83237484570648,90.87726974487305,80.76821517944336,8.00226658187406,9.038962755203247,10.0,10.0,0.780293704743048,6.322501182556152,11.058287713703105,10.228350302784117,97.24773907366551,74.39774585065089,0.7004255089288278,0.06534860944318782,certain_temperate,540.7515436808268,626.5221773783366,POINT (538933.8694440963 8669537.828896018),dronbreen
dronbreen-20220329-DAT_0235_A1_1,6060.0,5524,122.24662017822266,538938.3909936572,8669537.711397303,663.1569213867188,2022-03-29 10:29:36+00:00,0,2022-05-04,100 MHz,20220329,88.16764068603516,121.82974243164062,123.60143280029297,1.18769837740197,1.0043282524108885,10,2.459319917782039,0.6774056752522788,2.7414974275848154,2.8138515139478706,119.27883418027928,126.15234105165432,92.64897727966309,82.64413833618164,7.9246097075287345,9.81152729988098,10.0,10.0,0.7315126364537898,6.999913056691488,12.074765484051493,10.598742027013875,99.68700921611602,75.6061063997287,0.7212276344122729,0.06482477549052473,certain_temperate,540.9103012084961,629.0779418945312,POINT (538938.3909936572 8669537.711397303),dronbreen
dronbreen-20220329-DAT_0235_A1_1,6065.0,5530,121.82974243164062,538944.1566239302,8669537.505808523,663.1442260742188,2022-03-29 10:29:37.666666752+00:00,0,2022-05-04,100 MHz,20220329,91.6067943572998,121.6213150024414,122.87191009521484,1.1213774582335034,0.8498209991455078,10,2.4510313046519743,0.7903245290120443,2.7118928902393504,2.8088529191426703,119.04601554072009,125.44720955693616,95.46282577514648,85.35377502441406,7.721882744098842,9.811524472045898,10.0,10.0,0.6602504343972222,6.99991512298584,12.070656768820953,10.443285664901591,102.49381022720777,78.32279057235277,0.7519247150071002,0.06338257464864654,certain_temperate,541.3144836425781,632.9212779998779,POINT (538944.1566239302 8669537.505808523),dronbreen
dronbreen-20220329-DAT_0235_A1_1,6070.0,5534,121.51708984375,538948.6178144683,8669537.262542306,663.1663208007812,2022-03-29 10:29:39+00:00,0,2022-05-04,100 MHz,20220329,93.89957046508789,121.41287231445312,122.45503997802734,1.083947121340217,0.540783869934082,10,2.444815176989378,0.5645033518473307,2.5667552430774068,2.733263003398359,118.90373196686703,124.96418032561344,95.77547645568848,87.12546157836914,7.510131864610829,8.034635916709899,10.0,10.0,0.6129037042246611,3.9515627225240073,8.974735272685114,8.50838289715129,99.77428864191249,83.12664939214514,0.7727272812888009,0.06180309184714316,certain_temperate,541.6492309570312,635.5488014221191,POINT (538948.6178144683 8669537.262542306),dronbreen
dronbreen-20220329-DAT_0235_A1_1,6075.0,5540,121.30866241455078,538954.0399469909,8669536.985038564,663.2414143880209,2022-03-29 10:29:40.666666752+00:00,0,2022-05-04,100 MHz,20220329,94.73331069946289,121.2044448852539,121.72552490234375,1.0083288424956902,0.38627661666870117,10,2.4406713483635967,0.4516092936197917,2.5119787438176626,2.6790958623041923,118.72234343994457,124.20762634765309,97.75560760498047,89.73089218139648,8.179316906007154,7.6483550582885735,10.0,10.0,0.5941882929781181,1.0161147117614746,7.738403190104452,8.26358117790736,98.93270098911375,88.5537987972632,0.7809278316475756,0.06742566229982648,certain_temperate,541.9327519734701,636.666062672933,POINT (538954.0399469909 8669536.985038564),dronbreen
dronbreen-20220329-DAT_0235_A1_1,6080.0,5544,121.1002197265625,538958.6528148443,8669536.8082192,663.3207397460938,2022-03-29 10:29:42+00:00,0,2022-05-04,100 MHz,20220329,94.42065238952637,121.1002197265625,121.6213150024414,0.9729404144943719,0.4635387268066406,10,2.436527300714828,0.33870697021484375,2.5032490587335343,2.645373461150105,118.6402628775912,124.08127185141271,99.52728843688965,91.29413986206055,9.020921922294866,7.416587108802795,10.0,10.0,0.5960534584385683,0.0,7.440500256553747,9.040592461418482,100.12334189532822,90.69808640362197,0.7796901822533675,0.07449137534732474,certain_temperate,542.2205200195312,636.6411724090576,POINT (538958.6528148443 8669536.8082192),dronbreen
dronbreen-20220329-DAT_0235_A1_1,6085.0,5549,120.99600982666016,538963.8295280249,8669537.050897064,663.3334655761719,2022-03-29 10:29:43.500000+00:00,0,2022-05-04,100 MHz,20220329,94.42065811157227,120.89179229736328,121.41287231445312,0.8857429790172726,0.4635387268066406,10,2.43445553617011,0.225796381632487,2.488458541908453,2.600403504924959,118.44688784860713,123.85777676320927,101.29898643493652,93.37849044799805,13.492145748552069,8.111893785095214,10.0,10.0,0.5941882929781181,2.7096454302469892,8.573100889750277,13.774368769034112,104.07301564984589,90.60446123308868,0.7803617511589023,0.11150901395741086,certain_temperate,542.3374557495117,636.758113861084,POINT (538963.8295280249 8669537.050897064),dronbreen
dronbreen-20220329-DAT_0235_A1_1,6090.0,5554,120.89179229736328,538968.2396608816,8669538.574013812,663.1670532226562,2022-03-29 10:29:45+00:00,0,2022-05-04,100 MHz,20220329,96.71343612670898,120.78756713867188,121.2044448852539,0.8179569605198642,0.38628227233886714,10,2.432383641193866,0.11290232340494792,2.4654515015511955,2.568713822487951,118.35256465149085,123.63944737243493,102.96645736694336,94.0037899017334,21.25423108923499,8.807193391799926,10.0,10.0,0.55172199779056,4.854779243469238,10.071739378390905,21.808613386922815,107.85248629293896,89.1177609757378,0.8000000189327854,0.17581202731244938,certain_temperate,542.275260925293,638.988697052002,POINT (538968.2396608816 8669538.574013812),dronbreen
dronbreen-20220329-DAT_0235_A1_1,6095.0,5559,120.89179229736328,538972.2135066126,8669542.348546108,662.7475992838541,2022-03-29 10:29:46.666666752+00:00,0,2022-05-04,100 MHz,20220329,98.79777526855469,120.68335723876953,120.99600982666016,0.7392961530644426,0.38628227233886714,10,2.432383641193866,0.11290232340494792,2.4654515015511955,2.544758517917496,118.24835475158851,123.43101231384118,104.84236526489258,93.89957046508789,23.046770285133835,8.652684724617004,10.0,10.0,0.5155756349826024,4.62897253036499,9.826604594969812,23.512694985857944,109.49996173971319,89.24197399026728,0.8172413808336724,0.1906396608666749,certain_temperate,541.8558069864908,640.6535822550455,POINT (538972.2135066126 8669542.348546108),dronbreen
dronbreen-20220329-DAT_0235_A1_1,6100.0,5564,120.99600982666016,538974.7877588528,8669545.834508013,662.330322265625,2022-03-29 10:29:48+00:00,0,2022-05-04,100 MHz,20220329,101.09055137634277,120.89179229736328,120.99600982666016,0.5453024117893639,0.15451290893554687,10,2.43445553617011,0.6774056752522787,2.5316647577199114,2.585112555916394,118.3648470651801,123.52295505884334,106.71827220916748,93.89957618713379,25.382115932319294,9.888780219554901,10.0,10.0,0.478592635178316,5.080581823984782,11.127863083778113,25.890020698762456,111.82134604565579,88.79650235064548,0.835486653825741,0.20977647088265072,certain_temperate,541.3343124389648,642.4248638153076,POINT (538974.7877588528 8669545.834508013),dronbreen
dronbreen-20220329-DAT_0235_A1_1,6105.0,5570,121.51708984375,538977.1112586829,8669550.846196162,661.7511858258929,2022-03-29 10:29:49.714285568+00:00,0,2022-05-04,100 MHz,20220329,104.11284065246582,121.2044448852539,121.51708984375,0.32754521334934916,0.23177501907348633,10,2.444815176989378,1.0161209106445312,2.6576949813989548,2.667753515877122,118.55687563126135,124.16465909774256,109.8447790145874,94.31643867492676,28.110856324657455,12.438231905651092,10.0,10.0,0.43786202845751127,9.483752806981403,15.647456770946818,29.67075216042604,119.33863442005322,84.82258326946094,0.8567752962676851,0.23133253405593537,certain_temperate,540.2340959821429,644.3469366346087,POINT (538977.1112586829 8669550.846196162),dronbreen
dronbreen-20220329-DAT_0235_A1_1,6110.0,5575,121.93396759033203,538978.765408733,8669555.672386456,661.1963958740234,2022-03-29 10:29:51.249999872+00:00,0,2022-05-04,100 MHz,20220329,110.78274250030518,121.72552490234375,122.0381851196289,0.2478451406172794,0.30903147354125976,10,2.4531035406048516,1.1290149688720703,2.718067738763025,2.711792579566671,119.02508201628501,124.73862800568764,111.40804481506348,94.31644821166992,24.987059616767855,7.725610098838806,9.0,9.0,0.3468428007085887,4.51607330640157,8.95546031404731,25.39425853079997,115.93741762343288,89.78707540330052,0.9085470167960726,0.20492287842808654,certain_temperate,539.2624282836914,650.0451707839966,POINT (538978.765408733 8669555.672386456),dronbreen
dronbreen-20220329-DAT_0235_A1_1,6115.0,5580,122.55925750732422,538980.2344693152,8669560.196378315,660.6081746419271,2022-03-29 10:29:52.666666752+00:00,0,2022-05-03,100 MHz,20220329,109.32369136810303,122.14239501953125,122.55925750732422,0.3046338948906926,0.1545242202758789,10,2.465536177041141,1.1290149688720703,2.716140860649115,2.728799232291031,119.43065324712079,125.27099927973468,111.40803241729736,94.94173812866211,27.56764113106826,12.206463956165313,8.0,8.0,0.3750094457614093,0.7903131643931073,12.237768967233622,27.581516718875157,112.28280494900108,94.0669655969584,0.8920068021917461,0.2249331604299316,certain_temperate,538.0489171346029,647.3726085027059,POINT (538980.2344693152 8669560.196378315),dronbreen
dronbreen-20220329-DAT_0235_A1_1,6120.0,5585,122.97613525390625,538982.1451089742,8669565.320193276,660.0445120675223,2022-03-29 10:29:54.285714432+00:00,0,2022-05-03,100 MHz,20220329,111.09539031982422,122.55925750732422,123.0803451538086,0.3523929956283432,0.23176370773315427,10,2.473825365056074,1.1290232340494792,2.7291426888384898,2.7420222871425173,119.83997352071701,125.7996291404158,111.92912673950195,95.35861587524414,28.921632647417344,4.944389049339295,9.0,9.0,0.35639983175569306,0.6774108409881591,5.003287854880039,28.931760079188415,112.6945718959722,94.59317071877389,0.9033898332424246,0.23518085511228218,certain_temperate,537.068376813616,648.1637671334403,POINT (538982.1451089742 8669565.320193276),dronbreen
dronbreen-20220329-DAT_0235_A1_1,6125.0,5590,123.60143280029297,538983.9952555267,8669569.627038222,659.603009905134,2022-03-29 10:29:55.714285568+00:00,0,2022-05-03,100 MHz,20220329,110.99116897583008,123.0803451538086,123.60143280029297,0.41989828809887186,0.1545185646057129,10,2.486259374263702,1.2419172922770183,2.7834726914016286,2.8107221152791286,120.30116465643697,126.3806132976646,112.65864086151123,94.73330879211426,30.04416054495518,6.025976584053039,9.0,9.0,0.3662888225008006,1.3548216819763186,6.187253274515089,30.07692291678927,114.06210418181645,93.32984547180904,0.8979763944578399,0.24307291480591936,certain_temperate,536.001577104841,646.992746080671,POINT (538983.9952555267 8669569.627038222),dronbreen
dronbreen-20220329-DAT_0235_A1_1,6130.0,5596,124.12252044677734,538986.2033436566,8669574.201211683,659.1133015950521,2022-03-29 10:29:57.333333248+00:00,0,2022-05-03,100 MHz,20220329,110.99117088317871,123.70565795898438,124.22673797607422,0.49434518121609233,0.2317693634033203,10,2.4966217240151267,1.0161209106445312,2.7054276511645465,2.7404377197931185,121.01017623248848,126.92221970257012,111.3038215637207,93.79535484313965,29.549246402972226,4.326341655349731,9.0,9.0,0.37354107745275994,2.1451348463694253,4.843383999278521,29.62936211647527,113.4812366471747,91.61793975968565,0.8942065507827869,0.23806514963287975,certain_temperate,534.9907811482748,645.9819520314535,POINT (538986.2033436566 8669574.201211683),dronbreen
dronbreen-20220329-DAT_0235_A1_1,6135.0,5600,124.53939056396484,538988.1419054215,8669577.978953956,658.7134806315104,2022-03-29 10:29:58.666666752+00:00,0,2022-05-03,100 MHz,20220329,109.94900226593018,124.12252044677734,124.64360809326172,0.5628367888229291,0.3090201622009277,10,2.504911958695856,1.0161126454671223,2.7207650192073536,2.761132753046874,121.41936140056943,127.34676713946963,110.15743732452393,93.27427291870117,29.20967643640703,4.789880382156372,9.0,9.0,0.39460331001522375,3.387055238087972,5.879694637776745,29.408044009721664,113.56740139444227,89.86430884878283,0.882845192738109,0.23454166833588774,certain_temperate,534.1740900675455,644.1230923334757,POINT (538988.1419054215 8669577.978953956),dronbreen
dronbreen-20220329-DAT_0235_A1_1,6140.0,5605,125.06047058105469,538990.7532081086,8669583.087605633,658.1715000697544,2022-03-29 10:30:00.285714432+00:00,0,2022-05-03,100 MHz,20220329,108.80260848999023,124.64360809326172,125.16468811035156,0.5960550761696433,0.30902581787109373,10,2.515275038794354,1.1290149688720703,2.7743071705977402,2.8207383739983296,121.88656559799271,127.92173060562057,109.32369422912598,92.54474639892578,28.911412142927148,6.798536886978149,9.0,9.0,0.4198657308102535,3.8386614322662354,7.818677166060742,29.1681566253624,113.18524946289864,88.68319116515312,0.8699999926793227,0.2311794606928891,certain_temperate,533.1110294886997,641.91363797869,POINT (538990.7532081086 8669583.087605633),dronbreen
dronbreen-20220329-DAT_0235_A1_1,6145.0,5610,125.58155822753906,538993.0927155475,8669587.541538313,657.6993495396206,2022-03-29 10:30:01.714285568+00:00,0,2022-05-03,100 MHz,20220329,107.44779014587402,125.06047058105469,125.68577575683594,0.675760831114124,0.38628792800903317,10,2.525638752225407,1.0161209106445312,2.749649282202604,2.8049965263186754,122.33809059071686,128.40815574717377,109.63634872436523,91.81523132324219,28.55842292176731,8.807194805717467,9.0,9.0,0.4495480151617238,6.661208152770996,11.051717867297162,29.328438540962306,116.31270907057772,85.13887097702968,0.8556016636709606,0.22740936905738018,certain_temperate,532.1177913120815,639.5655814579555,POINT (538993.0927155475 8669587.541538313),dronbreen
dronbreen-20220329-DAT_0235_A1_1,6150.0,5614,125.99842834472656,538995.1188420275,8669591.640825463,657.2830810546875,2022-03-29 10:30:03+00:00,0,2022-05-03,100 MHz,20220329,103.59175872802734,125.58155822753906,125.99842834472656,0.7207826493778331,0.38628227233886714,10,2.53393006575487,0.9032103220621746,2.7176836567083034,2.7849808063360624,122.89146706476852,128.6885195074971,109.84478378295898,91.1899299621582,27.80916730443972,16.22377908668518,9.0,9.0,0.5209448505597928,7.6773228645324725,17.95615988337042,28.854158384363195,117.53976070973387,83.49495303538332,0.8221670705653924,0.22071043004088092,certain_temperate,531.2846527099609,634.8764114379883,POINT (538995.1188420275 8669591.640825463),dronbreen
dronbreen-20220329-DAT_0235_A1_1,6155.0,5619,126.41529083251953,538997.5520743313,8669596.456353422,656.8175354003906,2022-03-29 10:30:04.500000+00:00,0,2022-05-03,100 MHz,20220329,101.19476318359375,126.1026382446289,126.62373352050781,0.7725062312064407,0.4635443824768066,10,2.5422215289994297,0.7903162638346355,2.702288565996522,2.7720490574018553,123.44040420168871,129.28596756344803,104.11284065246582,80.55978775024414,26.2516388809898,21.78622684135437,9.0,9.0,0.5700789471258274,8.241828282674154,23.300051575693846,27.520924173888837,112.37436130226412,72.29826710044584,0.8004946436239344,0.20766189523519832,certain_temperate,530.4022445678711,631.5970077514648,POINT (538997.5520743313 8669596.456353422),dronbreen
dronbreen-20220329-DAT_0235_A1_1,6160.0,5623,126.72795104980469,538999.497080868,8669600.451397879,656.4698282877604,2022-03-29 10:30:05.666666752+00:00,0,2022-05-03,100 MHz,20220329,96.71343994140625,126.62373352050781,127.04060363769531,0.8470188354829946,0.38627096099853514,10,2.5484405880680594,0.9032103220621747,2.7312165004083924,2.8333335886293556,123.91996978881964,129.74436736938347,97.23452377319336,70.86760711669922,24.794452315072945,18.541464237213134,9.0,9.0,0.6564360980556061,17.499781608581543,25.504100861601312,30.3551993948863,114.74661287469348,53.355518015199095,0.7631579232540215,0.19565101549956102,certain_temperate,529.7418772379557,626.4553171793619,POINT (538999.497080868 8669600.451397879),dronbreen
dronbreen-20220329-DAT_0235_A1_1,6165.0,5628,127.2490234375,539001.9825058142,8669605.563077152,656.0634002685547,2022-03-29 10:30:07.249999872+00:00,0,2022-05-03,100 MHz,20220329,85.87485122680664,127.14480590820312,127.56167602539062,0.8614297724880893,0.30902581787109373,10,2.5588054999000938,1.1290067036946614,2.8138298952526166,2.926465953370265,124.34799670425187,130.35848522934188,85.97906875610352,68.57481384277344,23.14043702122821,19.77755902519226,9.0,9.0,0.8690735587095284,31.499607721964523,37.2039301214678,39.09552916922246,117.49066305864707,37.06321954022988,0.6748566622123051,0.18185158829603068,certain_temperate,528.8143768310547,614.6892280578613,POINT (539001.9825058142 8669605.563077152),dronbreen
dronbreen-20220329-DAT_0235_A1_1,6170.0,5633,127.77011108398438,539004.0489119098,8669609.453093784,655.8316040039062,2022-03-29 10:30:08.666666752+00:00,0,2022-05-03,100 MHz,20220329,68.67903900146484,127.56167602539062,128.08277893066406,0.8873058332867065,0.46355003814697265,10,2.5691711726869197,1.467730204264323,2.994954274265524,3.089042587738131,124.6028126512087,131.041642304846,80.45556259155273,65.23987579345703,18.251975065792717,14.292376208496092,8.0,8.0,1.21130587381743,19.757819811503094,24.415378827881288,26.925328213897185,100.25047874757038,45.44495963743938,0.5375203826528845,0.14285011503038875,certain_temperate,528.0614929199219,596.7405319213867,POINT (539004.0489119098 8669609.453093784),dronbreen
dronbreen-20220329-DAT_0235_A1_1,6175.0,5640,128.60385131835938,539006.7425528896,8669614.55530184,655.5486653645834,2022-03-29 10:30:10.666666752+00:00,0,2022-05-03,100 MHz,20220329,68.99169158935547,128.18698120117188,128.81228637695312,0.6660474338332077,0.4635387268066406,10,2.585757186892434,1.354827880859375,2.9557684225204954,2.9942140872749197,125.26778630937041,131.73148126875458,76.18266677856445,49.398887634277344,20.7007999999078,19.854815479660033,8.0,8.0,1.2214760886003908,1.0161126454671223,19.918287739528424,20.761686091921423,77.77153075741876,47.81002365542305,0.5364667611591681,0.16096563040451162,certain_temperate,526.944814046224,595.9365056355795,POINT (539006.7425528896 8669614.55530184),dronbreen
dronbreen-20220329-DAT_0235_A1_1,6180.0,5644,129.02072143554688,539008.5495280131,8669618.453323843,655.3460693359375,2022-03-29 10:30:12+00:00,0,2022-05-03,100 MHz,20220329,68.99169921875,128.70806884765625,129.22915649414062,0.5510218515748667,0.38628227233886714,10,2.594050620920801,1.0161043802897136,2.8126110163808318,2.839928135790857,125.92210999377066,132.01511534802623,73.68146514892578,49.607322692871094,24.722075361569665,17.84616180267334,8.0,8.0,1.2296151443935117,0.22580464680989584,17.88989749073593,24.753665411913698,74.93164159320987,48.357146248587,0.5347334788638215,0.1916132159741467,certain_temperate,526.3253479003906,595.3170471191406,POINT (539008.5495280131 8669618.453323843),dronbreen
dronbreen-20220329-DAT_0235_A1_1,6185.0,5649,129.5417938232422,539010.8066988882,8669622.904908894,654.8480660574777,2022-03-29 10:30:13.428571392+00:00,0,2022-05-03,100 MHz,20220329,70.13806915283203,129.3333740234375,129.64602661132812,0.46151817754888586,0.30902581787109373,10,2.6044175046979996,1.0161209106445312,2.812648076090808,2.8334592412869597,126.53775383395782,132.4416468008078,70.55493927001953,52.31694793701172,16.609436757100738,22.86780872039795,7.0,7.0,1.217407492127085,0.9032185872395835,22.91799643273667,16.67846738181753,72.07081684364553,50.80107036338572,0.5414319740587688,0.12821681919708525,certain_temperate,525.3062722342355,595.4443413870675,POINT (539010.8066988882 8669622.904908894),dronbreen
dronbreen-20220329-DAT_0235_A1_1,6190.0,5654,129.95867919921875,539013.3935566623,8669627.525539817,654.399169921875,2022-03-29 10:30:15+00:00,0,2022-05-03,100 MHz,20220329,69.09591674804688,129.8544464111328,130.16709899902344,0.38448763005013603,0.3090371292114258,10,2.6127118707737718,1.1290232340494792,2.862946162598411,2.8720702499011574,127.00822843235717,133.0133169777991,70.1380844116211,50.024192810058594,16.05973807895625,20.241089268493653,7.0,7.0,1.2459014171575178,2.0322294235229497,20.380969592888274,16.235683352904644,72.52182658960669,47.640450632073,0.5316760463695314,0.12357572559149858,certain_temperate,524.4404907226562,593.5364074707031,POINT (539013.3935566623 8669627.525539817),dronbreen
dronbreen-20220329-DAT_0235_A1_1,6195.0,5660,130.58396911621094,539016.1178506723,8669632.008378211,653.973388671875,2022-03-29 10:30:16.666666752+00:00,0,2022-05-03,100 MHz,20220329,69.30434036254883,130.27133178710938,130.7924041748047,0.36830263308777245,0.38627096099853514,10,2.6251531757323066,1.2419090270996094,2.929671053712284,2.9273561548244005,127.36723688031846,133.6964990815956,70.24229049682617,50.23262023925781,15.770641749916583,19.314023126220704,7.0,7.0,1.2540483085091503,1.016116778055827,19.381347212898007,15.853020900476137,71.85633215264588,48.61857858343811,0.5307262509448816,0.12077012099304299,certain_temperate,523.3894195556641,592.6937599182129,POINT (539016.1178506723 8669632.008378211),dronbreen
dronbreen-20220329-DAT_0235_A1_1,6200.0,5666,131.1050567626953,539018.8392061311,8669636.149984768,653.5781453450521,2022-03-29 10:30:18.333333248+00:00,0,2022-05-03,100 MHz,20220329,69.30434036254883,130.89662170410156,131.417724609375,0.4379072619437073,0.5408064926147461,10,2.63552164921858,0.9032351175944011,2.8380062902696075,2.8202075830014057,128.110619543091,134.20372677038557,70.1380729675293,50.44105529785156,15.831257678038739,15.605730278778076,7.0,7.0,1.2642355077391765,2.145140012105306,15.803124204553178,16.025873978008946,72.62803623845593,47.951092026924925,0.5286168365572053,0.12075245660961699,certain_temperate,522.4730885823568,591.7774289449056,POINT (539018.8392061311 8669636.149984768),dronbreen
dronbreen-20220329-DAT_0235_A1_1,6205.0,5671,131.417724609375,539021.4674448534,8669640.412955696,653.2013549804688,2022-03-29 10:30:20+00:00,0,2022-05-03,100 MHz,20220329,68.15796661376953,131.1050567626953,131.417724609375,0.3162991399190729,0.15450159759521484,10,2.6417432382050703,0.33507530327016266,2.6673870246222755,2.681627852886628,128.44214805313283,134.0806333189375,69.20013809204102,50.441070556640625,16.220041388494664,19.31402878189087,7.0,7.0,1.2927794833864852,1.6185503433080488,19.424795798005096,16.351780534576886,71.27160713754655,48.36960151113509,0.5186360273422914,0.12342354455387952,certain_temperate,521.7836303710938,589.9415969848633,POINT (539021.4674448534 8669640.412955696),dronbreen
