radar_key,distance,x,thickness,easting,northing,elevation,time,part_idx,elevation_date,antenna,date_str,temperate,thickness_user_lower,thickness_user_upper,thickness_user_std,thickness_user_nmad,thickness_user_count,thickness_gpr_uncertainty,thickness_gnss_uncertainty,thickness_nmad,thickness_std,thickness_lower,thickness_upper,temperate_user_lower,temperate_user_upper,temperate_user_std,temperate_user_nmad,temperate_user_count,temperate_user_temperate_line_count,temperate_gpr_uncertainty,temperate_gnss_uncertainty,temperate_nmad,temperate_std,temperate_lower,temperate_upper,temperate_frac,temperate_frac_std,bed_type,bed_elevation,temperate_elevation,geometry,glacier
ragna_mariebreen-20240317-DAT_0332_A1_2,1410.0,1711,119.43275451660156,556806.9887772398,8638936.509976413,543.2007853190104,2024-03-17 15:26:54.666666752+00:00,0,2024-04-29,100 MHz,20240317,117.68190777301788,119.43275451660156,120.55830383300781,1.9163252432879496,1.1124929443359375,5,2.403379524870994,0.11838252801380081,2.651016430485731,3.076125810426271,117.0264611921068,122.96459715750258,118.18214976787567,117.0566053390503,1.1811430489852617,1.4833174305975436,6.0,6.0,0.2679294416965165,8.587975946235716e-06,1.5073210625862223,1.211150316008612,118.45007920970983,116.78867589721614,0.9853403134619967,0.009889607367475383,certain_temperate,423.7680308024088,541.4499385754267,POINT (556806.9887772398 8638936.509976413),ragna_mariebreen
ragna_mariebreen-20240317-DAT_0332_A1_2,1415.0,1717,119.43275451660156,556802.835586077,8638939.503780771,543.5679077148437,2024-03-17 15:26:55.800000+00:00,0,2024-04-29,100 MHz,20240317,117.68190777301788,118.80744934082031,119.43275451660156,1.5648417523936686,0.9270717979431152,6,2.403379524870994,0.6774139404296875,2.663566200753997,2.9468377113937048,116.31042655613099,121.92977730129088,118.18214976787567,117.0566053390503,1.1811430489852615,1.4833174305975436,6.0,6.0,0.2679294416965165,0.0,1.5073210625617575,1.211150315978164,118.4500792095722,116.78867589735378,0.9853403134619967,0.009889607367475382,certain_temperate,424.13515319824216,541.81706097126,POINT (556802.835586077 8638939.503780771),ragna_mariebreen
ragna_mariebreen-20240317-DAT_0332_A1_2,1420.0,1723,118.80744934082031,556798.3111647374,8638942.66847932,543.9876708984375,2024-03-17 15:26:57+00:00,0,2024-04-29,100 MHz,20240317,117.05660259723663,118.30721282958984,119.05757904052734,1.2831229677340392,0.6489429061889648,8,2.3909504402117236,1.2193368275960288,2.76125935076254,2.974866527595346,115.6232928779742,121.741498992143,117.55684459209442,116.43130016326904,1.1811430489852617,1.4833174305975436,6.0,6.0,0.2679294416965165,0.0,1.5073210625617575,1.2111503159781645,117.82477403379094,116.16337072157253,0.9852631568702307,0.009941658166542593,certain_temperate,425.1802215576172,542.2368241548538,POINT (556798.3111647374 8638942.66847932),ragna_mariebreen
ragna_mariebreen-20240317-DAT_0332_A1_2,1425.0,1728,118.30721282958984,556794.5789577394,8638945.49347291,544.3352661132812,2024-03-17 15:26:58+00:00,0,2024-04-29,100 MHz,20240317,116.55636608600616,118.1821517944336,118.68238830566406,1.2460188502749463,0.3708253257751465,8,2.3810079048592736,0.9483712514241537,2.589617364740669,2.8497665954899993,115.61922247946407,121.24531762063359,117.05660808086395,115.93106365203857,1.1811430489852617,1.4833174305975436,6.0,6.0,0.2679294416965165,0.0,1.5073210625617575,1.2111503159781645,117.32453752256048,115.66313421034206,0.9852008453102044,0.009983694322057816,certain_temperate,426.0280532836914,542.5844193696976,POINT (556794.5789577394 8638945.49347291),ragna_mariebreen
ragna_mariebreen-20240317-DAT_0332_A1_2,1430.0,1734,117.9320297241211,556790.1008468333,8638948.558565436,544.7449229847301,2024-03-17 15:26:59.090908928+00:00,0,2024-04-29,100 MHz,20240317,116.18118298053741,117.80696105957031,118.30721282958984,1.0631379104539003,0.5562521278381347,10,2.3735512326344237,0.8128967285156251,2.5698176929300356,2.724850227409955,115.29806756936955,120.8161063197906,116.6814249753952,115.55588054656982,1.1811430489852617,1.4833174305975436,6.0,6.0,0.2679294416965165,0.0,1.5073210625617575,1.2111503159781645,116.94935441709173,115.28795110487331,0.9851537640140728,0.010015455951604621,certain_temperate,426.81289326060903,542.9940762411464,POINT (556790.1008468333 8638948.558565436),ragna_mariebreen
ragna_mariebreen-20240317-DAT_0332_A1_2,1435.0,1739,117.55684661865234,556786.369087745,8638951.11280921,545.0863037109375,2024-03-17 15:27:00+00:00,0,2024-04-29,100 MHz,20240317,115.80599987506866,117.18167114257812,118.05709838867188,1.0793569582762994,0.6489542175292968,10,2.3660948575170315,0.9483795166015627,2.6303935368547076,2.768183524562167,114.63258727140442,120.60618225984558,116.30624186992645,115.18069744110107,1.1811430489852617,1.4833174305975436,6.0,6.0,0.2679294416965165,0.0,1.5073210625617575,1.2111503159781645,116.57417131162298,114.91276799940456,0.9851063821976841,0.010047420315864902,certain_temperate,427.52945709228516,543.3354569673538,POINT (556786.369087745 8638951.11280921),ragna_mariebreen
ragna_mariebreen-20240317-DAT_0332_A1_2,1440.0,1744,117.05660247802734,556782.3699176704,8638953.740683883,545.4517822265625,2024-03-17 15:27:01+00:00,0,2024-04-29,100 MHz,20240317,115.30575573444366,116.80648803710938,117.6819076538086,1.0569893976058908,0.7416619628906249,10,2.356153491069622,0.9483795166015627,2.6459299779449483,2.751019732324769,114.26662918650587,120.2217665044121,115.80599772930145,114.68045330047607,1.1811430489852617,1.4833174305975436,6.0,6.0,0.2679294416965165,0.0,1.5073210625617575,1.2111503159781645,116.07392717099798,114.41252385877956,0.9850427339721197,0.010090358202622305,certain_temperate,428.39517974853516,543.7009354829788,POINT (556782.3699176704 8638953.740683883),ragna_mariebreen
ragna_mariebreen-20240317-DAT_0332_A1_2,1445.0,1749,116.6814193725586,556778.2846422049,8638956.551189965,545.8492431640625,2024-03-17 15:27:02+00:00,0,2024-04-29,100 MHz,20240317,114.93057262897491,116.43131256103516,117.30672454833984,1.0413354159985975,0.6489429061889648,10,2.3486978202225073,0.8128884633382162,2.5687148537818096,2.6947260627305507,113.94592142390074,119.79211568547426,115.4308146238327,114.30527019500732,1.181143048985262,1.4833174305975436,6.0,6.0,0.2679294416965165,0.0,1.5073210625617575,1.2111503159781645,115.69874406552923,114.03734075331081,0.9849946396521514,0.01012280323068341,certain_temperate,429.1678237915039,544.0983964204788,POINT (556778.2846422049 8638956.551189965),ragna_mariebreen
ragna_mariebreen-20240317-DAT_0332_A1_2,1450.0,1755,116.30624389648438,556773.4950551604,8638959.66782299,546.2906372070313,2024-03-17 15:27:03.200000+00:00,0,2024-04-29,100 MHz,20240317,114.5553971529007,116.30624389648438,116.93154907226562,0.9794192223744712,0.5562521278381347,10,2.34124260761746,0.54193115234375,2.46668253963263,2.595066152289888,113.9030988068978,119.3346941618522,115.05563914775848,113.9300947189331,1.1811430489852617,1.4833174305975436,6.0,6.0,0.2679294416965165,0.0,1.5073210625617575,1.2111503159781645,115.32356858945501,113.6621652772366,0.9849462360323322,0.010155456916281383,certain_temperate,429.9843933105469,544.5397904634476,POINT (556773.4950551604 8638959.66782299),ragna_mariebreen
ragna_mariebreen-20240317-DAT_0332_A1_2,1455.0,1760,116.1811752319336,556769.5124035473,8638962.044058768,546.6285129123264,2024-03-17 15:27:04.222222336+00:00,0,2024-04-29,100 MHz,20240317,114.43032848834991,116.05612182617188,116.6814193725586,1.0030011515111095,0.4635330711364746,10,2.3387574032612495,0.270965576171875,2.399598183616722,2.559144357927483,113.70171987774008,119.0358213209904,114.9305704832077,113.80502605438232,1.1811430489852617,1.4833174305975436,6.0,6.0,0.2679294416965165,0.0,1.5073210625617575,1.2111503159781645,115.19849992490423,113.53709661268581,0.9849300307034384,0.010166389233258612,certain_temperate,430.4473376803928,544.8776661687427,POINT (556769.5124035473 8638962.044058768),ragna_mariebreen
ragna_mariebreen-20240317-DAT_0332_A1_2,1460.0,1765,116.05612182617188,556765.4081086037,8638964.150537774,546.9668172200521,2024-03-17 15:27:05.333333248+00:00,0,2024-04-29,100 MHz,20240317,114.3052750825882,115.93106079101562,116.30624389648438,0.8804703908419005,0.3708253257751465,10,2.3362725366130768,0.2709573109944662,2.3809869071353784,2.511337360623447,113.57912813260172,118.65817655489828,114.80551707744598,113.6799726486206,1.1811430489852617,1.4833174305975436,6.0,6.0,0.2679294416965165,0.0,1.5073210625617575,1.2111503159781645,115.07344651914251,113.4120432069241,0.9849137924304753,0.010177343774715911,certain_temperate,430.91069539388025,545.2159704764684,POINT (556765.4081086037 8638964.150537774),ragna_mariebreen
ragna_mariebreen-20240317-DAT_0332_A1_2,1465.0,1772,115.93106079101562,556760.5301838143,8638966.804373309,547.3806966145834,2024-03-17 15:27:06.666666752+00:00,0,2024-04-29,100 MHz,20240317,114.18021404743195,115.8060073852539,116.05612182617188,0.866043320043176,0.4635330711364746,10,2.333787552981647,0.40644836425781256,2.4138408239353994,2.5222600277234153,113.43709104750369,118.4250381639221,114.68045604228973,113.55491161346436,1.1811430489852617,1.4833174305975436,6.0,6.0,0.2679294416965165,0.0,1.5073210625617575,1.2111503159781645,114.94838548398626,113.28698217176785,0.9848975181315742,0.010188322619720197,certain_temperate,431.44963582356775,545.6298498709997,POINT (556760.5301838143 8638966.804373309),ragna_mariebreen
ragna_mariebreen-20240317-DAT_0332_A1_2,1470.0,1778,115.68093872070312,556756.3865967972,8638969.314680804,547.7206665039063,2024-03-17 15:27:07.800000+00:00,0,2024-04-29,100 MHz,20240317,113.93009197711945,115.5558853149414,116.1811752319336,0.8461484104127966,0.5562351608276367,10,2.328817690013804,0.270965576171875,2.4096082110858466,2.4925451468800897,113.21135675320636,118.52570379366864,114.43033397197723,113.30478954315186,1.2084146644288376,1.4833174305975436,6.0,6.0,0.2679294416965165,0.0,1.5073210625617575,1.2377609571053965,114.69826341367376,113.03686010145535,0.9848648639702788,0.010446100090408158,certain_temperate,432.03972778320315,545.9698197603226,POINT (556756.3865967972 8638969.314680804),ragna_mariebreen
ragna_mariebreen-20240317-DAT_0332_A1_2,1475.0,1783,115.68093872070312,556752.4969919367,8638971.574817538,547.992138671875,2024-03-17 15:27:08.800000+00:00,0,2024-04-29,100 MHz,20240317,113.93009197711945,115.5558853149414,116.1811752319336,0.8291386073921085,0.46352741546630855,10,2.328817690013804,0.13549105326334634,2.3783623196906976,2.475726254880326,113.22312950713905,118.51393103973595,114.43033397197723,113.30478954315186,1.2084146644288376,1.4833174305975436,6.0,6.0,0.2679294416965165,0.0,1.5073210625617575,1.2377609571053965,114.69826341367376,113.03686010145535,0.9848648639702788,0.010446100090408158,certain_temperate,432.31119995117183,546.2412919282913,POINT (556752.4969919367 8638971.574817538),ragna_mariebreen
ragna_mariebreen-20240317-DAT_0332_A1_2,1480.0,1789,115.8060073852539,556747.5826699721,8638973.904519953,548.2863159179688,2024-03-17 15:27:10+00:00,0,2024-04-29,100 MHz,20240317,114.05516064167023,115.5558853149414,116.30624389648438,0.8275647400267504,0.5562408164978027,10,2.3313027556723287,0.270965576171875,2.4120113449181146,2.488625781633529,113.20888832259661,118.65324088882917,114.55540263652802,113.42985820770264,1.2084146644288376,1.4833174305975436,6.0,6.0,0.2679294416965165,0.0,1.5073210625617575,1.2377609571053965,114.82333207822454,113.16192876600613,0.9848812096788804,0.01043481846678975,certain_temperate,432.48030853271484,546.5354691743851,POINT (556747.5826699721 8638973.904519953),ragna_mariebreen
ragna_mariebreen-20240317-DAT_0332_A1_2,1485.0,1794,115.93106079101562,556743.1078837977,8638975.995828174,548.6371324327257,2024-03-17 15:27:11.111111168+00:00,0,2024-04-29,100 MHz,20240317,114.18021404743195,115.68093872070312,116.43131256103516,0.8275654446083748,0.6489542175292968,10,2.333787552981647,0.2709573109944662,2.4374420574205407,2.490952984691456,113.33147448244935,118.78077679928893,114.68045604228973,113.55491161346436,1.2397187769686215,1.4833174305975436,6.0,6.0,0.2679294416965165,0.0,1.5073210625617575,1.2683409761165891,114.94838548398626,113.28698217176785,0.9848975181315742,0.010693586071841557,certain_temperate,432.7060716417101,546.886285689142,POINT (556743.1078837977 8638975.995828174),ragna_mariebreen
ragna_mariebreen-20240317-DAT_0332_A1_2,1490.0,1799,116.05612182617188,556738.7029786918,8638978.044507336,548.9901489257812,2024-03-17 15:27:12.200000+00:00,0,2024-04-29,100 MHz,20240317,114.3052750825882,115.8060073852539,116.55636596679688,0.8157211533867578,0.6489542175292968,10,2.3362725366130768,0.40644836425781256,2.4585587677721708,2.507742139499788,113.4346428754958,118.92773047655498,114.80551707744598,113.6799726486206,1.2397187769686215,1.4833174305975436,6.0,6.0,0.2679294416965165,0.0,1.5073210625617575,1.2683409761165891,115.07344651914251,113.4120432069241,0.9849137924304753,0.010682062759476528,certain_temperate,432.93402709960935,547.2393021821975,POINT (556738.7029786918 8638978.044507336),ragna_mariebreen
ragna_mariebreen-20240317-DAT_0332_A1_2,1495.0,1805,116.30624389648438,556733.7839150227,8638980.299597843,549.4145874023437,2024-03-17 15:27:13.400000+00:00,0,2024-04-29,100 MHz,20240317,114.5553971529007,115.93106079101562,116.80648803710938,0.8066164694034184,0.6489542175292968,10,2.34124260761746,0.4064566294352214,2.4632834826272654,2.509433017246741,113.55479819203056,119.18275063609444,115.05563914775848,113.9300947189331,1.2397187769686218,1.4833174305975436,6.0,6.0,0.2679294416965165,0.0,1.5073210625617575,1.2683409761165891,115.32356858945501,113.6621652772366,0.9849462360323322,0.010659090479028832,certain_temperate,433.10834350585935,547.66374065876,POINT (556733.7839150227 8638980.299597843),ragna_mariebreen
ragna_mariebreen-20240317-DAT_0332_A1_2,1500.0,1810,116.43131256103516,556729.7339659231,8638982.255342651,549.7362060546875,2024-03-17 15:27:14.400000+00:00,0,2024-04-29,100 MHz,20240317,114.68046581745148,116.1811752319336,116.80648803710938,0.7970818421551327,0.4635330711364746,10,2.3437278463751254,0.270965576171875,2.4044428604942043,2.490345764033131,113.82183579867174,119.16582747037123,115.18070781230927,114.05516338348389,1.2397187769686218,1.4833174305975436,6.0,6.0,0.2679294416965165,0.0,1.5073210625617575,1.2683409761165891,115.44863725400579,113.78723394178738,0.9849624065462127,0.010647640653529019,certain_temperate,433.30489349365234,547.9853593111038,POINT (556729.7339659231 8638982.255342651),ragna_mariebreen
ragna_mariebreen-20240317-DAT_0332_A1_2,1505.0,1816,116.55636596679688,556725.2936108486,8638984.530142577,550.0580749511719,2024-03-17 15:27:15.500000+00:00,0,2024-04-29,100 MHz,20240317,114.8055192232132,116.30624389648438,116.6814193725586,0.8057539693365164,0.4635330711364746,10,2.3462128162113416,0.13547452290852866,2.3953978444819684,2.4844128852534153,113.95612306441815,119.03154020462482,115.30576121807098,114.05515646934509,1.242449204583561,1.5760246457397937,6.0,6.0,0.2679294416965165,0.0,1.5986368786272416,1.271009918017216,115.57369065976751,113.78722702764858,0.9849785403906429,0.010659642605342502,certain_temperate,433.501708984375,548.3072282075882,POINT (556725.2936108486 8638984.530142577),ragna_mariebreen
ragna_mariebreen-20240317-DAT_0332_A1_2,1510.0,1822,116.55636596679688,556721.0134775644,8638986.923240032,550.3846313476563,2024-03-17 15:27:16.600000+00:00,0,2024-04-29,100 MHz,20240317,114.8055192232132,116.30624389648438,116.55636596679688,0.8071556615411053,0.37083098144531246,10,2.3462128162113416,0.0,2.375337911909387,2.4811720699927715,113.96003108027304,118.90257878300821,115.30576121807098,114.05515646934509,1.242449204583561,1.5760246457397937,6.0,6.0,0.2679294416965165,0.0,1.5986368786272416,1.271009918017216,115.57369065976751,113.78722702764858,0.9849785403906429,0.010659642605342502,certain_temperate,433.8282653808594,548.6337846040726,POINT (556721.0134775644 8638986.923240032),ragna_mariebreen
ragna_mariebreen-20240317-DAT_0332_A1_2,1515.0,1828,116.55636596679688,556716.3551669236,8638989.33803768,550.7405883789063,2024-03-17 15:27:17.800000+00:00,0,2024-04-29,100 MHz,20240317,114.8055192232132,116.43131256103516,116.6814193725586,0.8362351535808232,0.1854041793823242,10,2.3462128162113416,0.0,2.35352698915623,2.4907837744450436,114.08509974482382,119.02763218876993,115.30576121807098,114.05515646934509,1.242449204583561,1.5760246457397937,6.0,6.0,0.2679294416965165,0.0,1.5986368786272416,1.271009918017216,115.57369065976751,113.78722702764858,0.9849785403906429,0.010659642605342502,certain_temperate,434.1842224121094,548.9897416353226,POINT (556716.3551669236 8638989.33803768),ragna_mariebreen
ragna_mariebreen-20240317-DAT_0332_A1_2,1520.0,1833,116.55636596679688,556711.6718036466,8638991.789052762,551.0946044921875,2024-03-17 15:27:19+00:00,0,2024-04-29,100 MHz,20240317,114.8055192232132,116.43131256103516,116.6814193725586,0.8445049892268625,0.2781062690734863,10,2.3462128162113416,0.13547452290852866,2.3665187559386935,2.497249807716623,114.08119172896893,119.03154020462482,115.30576121807098,114.05515646934509,1.2424492045835607,1.5760246457397937,6.0,6.0,0.2679294416965165,0.0,1.5986368786272416,1.2710099180172159,115.57369065976751,113.78722702764858,0.9849785403906429,0.0106596426053425,certain_temperate,434.5382385253906,549.3437577486038,POINT (556711.6718036466 8638991.789052762),ragna_mariebreen
ragna_mariebreen-20240317-DAT_0332_A1_2,1525.0,1838,116.6814193725586,556707.6642115231,8638993.672135122,551.4085083007812,2024-03-17 15:27:20+00:00,0,2024-04-29,100 MHz,20240317,114.93057262897491,116.30624389648438,116.93154907226562,0.8832295723466699,0.4635387268066406,10,2.3486978202225073,0.0,2.3940028408436524,2.509277969493543,113.95754607626186,119.28024689248814,115.4308146238327,114.18020987510681,1.242449204583561,1.5760246457397937,6.0,6.0,0.2679294416965165,0.0,1.5986368786272416,1.271009918017216,115.69874406552923,113.9122804334103,0.9849946396521514,0.010648218124742516,certain_temperate,434.72708892822266,549.6576615571976,POINT (556707.6642115231 8638993.672135122),ragna_mariebreen
ragna_mariebreen-20240317-DAT_0332_A1_2,1530.0,1844,116.55636596679688,556702.9257407807,8638995.9347535,551.8747192382813,2024-03-17 15:27:21.200000+00:00,0,2024-04-29,100 MHz,20240317,114.8055192232132,116.30624389648438,116.6814193725586,0.8964110745372342,0.4635387268066406,10,2.3462128162113416,0.2709490458170573,2.406864374166739,2.526198879529584,113.9444378154558,119.04322545358717,115.30576121807098,114.05515646934509,1.242449204583561,1.5760246457397937,6.0,6.0,0.2679294416965165,0.0,1.5986368786272416,1.271009918017216,115.57369065976751,113.78722702764858,0.9849785403906429,0.010659642605342502,certain_temperate,435.3183532714844,550.1238724946976,POINT (556702.9257407807 8638995.9347535),ragna_mariebreen
ragna_mariebreen-20240317-DAT_0332_A1_2,1535.0,1850,116.43131256103516,556698.2923525136,8638998.127239099,552.3462280273437,2024-03-17 15:27:22.400000+00:00,0,2024-04-29,100 MHz,20240317,114.68046581745148,116.1811752319336,116.80648803710938,0.8518821129459963,0.4635443824768066,10,2.3437278463751254,0.270965576171875,2.4044450411415403,2.508422949923253,113.82183579867174,119.16582747037123,115.18070781230927,113.93010306358337,1.242449204583561,1.5760246457397937,6.0,6.0,0.2679294416965165,0.0,1.5986368786272416,1.271009918017216,115.44863725400579,113.66217362188686,0.9849624065462127,0.010671091626938837,certain_temperate,435.91491546630857,550.59538128376,POINT (556698.2923525136 8638998.127239099),ragna_mariebreen
ragna_mariebreen-20240317-DAT_0332_A1_2,1540.0,1856,116.30624389648438,556693.8989616409,8639000.079129651,552.7952159534801,2024-03-17 15:27:23.545454592+00:00,0,2024-04-29,100 MHz,20240317,114.5553971529007,116.05612182617188,116.6814193725586,0.7979511649943725,0.5562351608276367,10,2.34124260761746,0.2709821065266927,2.4216204913078343,2.488287425418721,113.69924926920554,119.03829192952493,115.05563914775848,113.80503439903259,1.242449204583561,1.5760246457397937,6.0,6.0,0.2679294416965165,0.0,1.5986368786272416,1.271009918017216,115.32356858945501,113.53710495733608,0.9849462360323322,0.010682566670189896,certain_temperate,436.48897205699575,551.0443692098964,POINT (556693.8989616409 8639000.079129651),ragna_mariebreen
ragna_mariebreen-20240317-DAT_0332_A1_2,1545.0,1863,116.1811752319336,556689.0828185328,8639002.250594027,553.2832475142045,2024-03-17 15:27:24.818181632+00:00,0,2024-04-29,100 MHz,20240317,114.43032848834991,115.93106079101562,116.30624389648438,0.7794438312680498,0.3708366371154785,10,2.3387574032612495,0.40644836425781256,2.4026040613351736,2.4985033820707487,113.55724814800499,118.68005653949501,114.9305704832077,113.67996573448181,1.242449204583561,1.5760246457397937,6.0,6.0,0.2679294416965165,0.0,1.5986368786272416,1.271009918017216,115.19849992490423,113.4120362927853,0.9849300307034384,0.010694066419135869,certain_temperate,437.1020722822709,551.5324007706208,POINT (556689.0828185328 8639002.250594027),ragna_mariebreen
ragna_mariebreen-20240317-DAT_0332_A1_2,1550.0,1869,115.93106079101562,556684.669553102,8639004.26938765,553.7356567382812,2024-03-17 15:27:26+00:00,0,2024-04-29,100 MHz,20240317,114.18021404743195,115.68093872070312,116.05612182617188,0.7320758140384281,0.2781119247436523,10,2.333787552981647,0.4064318339029948,2.3851828904187693,2.479452797607134,113.31202521910333,118.42503532777167,114.68045604228973,113.42985129356384,1.242449204583561,1.5760246457397937,6.0,6.0,0.2679294416965165,0.0,1.5986368786272416,1.271009918017216,114.94838548398626,113.16192185186733,0.9848975181315742,0.010717138238071291,certain_temperate,437.8045959472656,551.9848099946976,POINT (556684.669553102 8639004.26938765),ragna_mariebreen
ragna_mariebreen-20240317-DAT_0332_A1_2,1555.0,1875,115.8060073852539,556680.1537169204,8639006.280597994,554.2304809570312,2024-03-17 15:27:27.200000+00:00,0,2024-04-29,100 MHz,20240317,114.05516064167023,115.5558853149414,115.8060073852539,0.6936817843594729,0.1854041793823242,10,2.3313027556723287,0.4064400990804037,2.3737187707220744,2.4660414657296466,113.18941830846406,118.17247439173126,114.55540263652802,113.30479788780212,1.242449204583561,1.5760246457397937,6.0,6.0,0.2679294416965165,0.0,1.5986368786272416,1.271009918017216,114.82333207822454,113.03686844610561,0.9848812096788804,0.010728711166513867,certain_temperate,438.4244735717773,552.4796342134475,POINT (556680.1537169204 8639006.280597994),ragna_mariebreen
ragna_mariebreen-20240317-DAT_0332_A1_2,1560.0,1881,115.5558853149414,556675.6424739648,8639008.180314165,554.7830932617187,2024-03-17 15:27:28.400000+00:00,0,2024-04-29,100 MHz,20240317,113.80503857135773,115.30575561523438,115.68093872070312,0.670109489636073,0.37083098144531246,10,2.326332962490098,0.6774139404296875,2.451169173242868,2.513913567956693,112.88279983787143,118.10389449806607,114.30528056621552,113.05467581748962,1.242449204583561,1.5760246457397937,6.0,6.0,0.2679294416965165,0.0,1.5986368786272416,1.271009918017216,114.57321000791204,112.78674637579311,0.984848484879746,0.010751933587781632,certain_temperate,439.2272079467773,553.032246518135,POINT (556675.6424739648 8639008.180314165),ragna_mariebreen
ragna_mariebreen-20240317-DAT_0332_A1_2,1565.0,1888,115.18070220947266,556670.6515803516,8639010.310820935,555.4445578835227,2024-03-17 15:27:29.727272704+00:00,0,2024-04-29,100 MHz,20240317,113.42985546588898,115.18070220947266,115.43082427978516,0.6664644697206922,0.18541549072265623,10,2.318878535970974,0.5419394175211589,2.3885717282614696,2.4728669366244,112.79933789529264,117.81218859396517,113.93009746074677,112.67949271202087,1.2424492045835607,1.5760246457397937,6.0,6.0,0.2679294416965165,0.0,1.5986368786272416,1.2710099180172159,114.19802690244329,112.41156327032436,0.9847991311912693,0.010786956328187583,certain_temperate,440.2638556740501,553.6937111399391,POINT (556670.6515803516 8639010.310820935),ragna_mariebreen
ragna_mariebreen-20240317-DAT_0332_A1_2,1570.0,1895,115.05563354492188,556665.8701915134,8639012.246854415,556.0725708007812,2024-03-17 15:27:31+00:00,0,2024-04-29,100 MHz,20240317,113.3047868013382,114.93058013916016,115.05563354492188,0.6404047147465765,0.1854041793823242,10,2.316393646202938,0.40644836425781256,2.359079164994178,2.437416254078658,112.57879787947343,117.4074158046086,113.80502879619598,112.55442404747009,1.242449204583561,1.5760246457397937,6.0,6.0,0.2679294416965165,0.0,1.5986368786272416,1.271009918017216,114.07295823789251,112.28649460577358,0.9847826074253019,0.010798682048875633,certain_temperate,441.0169372558594,554.3217240571976,POINT (556665.8701915134 8639012.246854415),ragna_mariebreen
ragna_mariebreen-20240317-DAT_0332_A1_2,1575.0,1900,114.8055191040039,556661.2364895389,8639014.067122098,556.6772827148437,2024-03-17 15:27:32.200000+00:00,0,2024-04-29,100 MHz,20240317,113.05467236042023,114.68045806884766,114.93058013916016,0.6216818034968686,0.27812323608398437,10,2.3114244280737197,0.5419228871663412,2.3903380172645985,2.454149866477136,112.30635543788777,117.30468277012004,113.55491435527802,112.30430960655212,1.242449204583561,1.5760246457397937,6.0,6.0,0.2679294416965165,0.0,1.5986368786272416,1.271009918017216,113.82284379697454,112.03638016485561,0.984749454928229,0.01082220797641278,certain_temperate,441.8717636108398,554.92643597126,POINT (556661.2364895389 8639014.067122098),ragna_mariebreen
ragna_mariebreen-20240317-DAT_0332_A1_2,1580.0,1906,114.5553970336914,556656.6969640953,8639015.891271371,557.2254516601563,2024-03-17 15:27:33.400000+00:00,0,2024-04-29,100 MHz,20240317,112.80455029010773,114.43032836914062,114.8055191040039,0.6371399648275794,0.3708422927856445,10,2.306455201346575,0.54193115234375,2.398113628629346,2.453440911144954,112.06106161132307,117.17478586182146,113.30479228496552,112.05418753623962,1.242449204583561,1.5760246457397937,6.0,6.0,0.2679294416965165,0.0,1.5986368786272416,1.271009918017216,113.57272172666204,111.78625809454311,0.9847161566463015,0.010845837356909072,certain_temperate,442.6700546264649,555.4746049165726,POINT (556656.6969640953 8639015.891271371),ragna_mariebreen
ragna_mariebreen-20240317-DAT_0332_A1_2,1585.0,1912,114.3052749633789,556652.1842604924,8639017.82823359,557.7756469726562,2024-03-17 15:27:34.600000+00:00,0,2024-04-29,100 MHz,20240317,112.55442821979523,114.0551528930664,114.68045806884766,0.6389117817472642,0.5562408164978027,10,2.301486118528952,0.4064400990804037,2.402381267380366,2.4228578523672026,111.71805385624278,117.01755710567129,113.05467021465302,111.80406546592712,1.242449204583561,1.5760246457397937,6.0,6.0,0.2679294416965165,0.0,1.5986368786272416,1.271009918017216,113.32259965634954,111.53613602423061,0.9846827126381996,0.010869570148723376,certain_temperate,443.4703720092773,556.0248002290725,POINT (556652.1842604924 8639017.82823359),ragna_mariebreen
ragna_mariebreen-20240317-DAT_0332_A1_2,1590.0,1918,114.18022155761719,556647.300898802,8639019.944432437,558.3853556315104,2024-03-17 15:27:35.888888832+00:00,0,2024-04-29,100 MHz,20240317,112.42937481403351,113.80503845214844,114.43032836914062,0.6328956217294428,0.6489485618591309,10,2.299001782943767,0.5419228871663412,2.4495354354555388,2.4453315688506576,111.44302879644985,116.79233802483921,112.9296168088913,111.6790120601654,1.2745537331016306,1.5760246457397937,6.0,6.0,0.2679294416965165,0.0,1.5986368786272416,1.3024106127835067,113.19754625058782,111.4110826184689,0.9846659367121636,0.01116264897470417,certain_temperate,444.2051340738932,556.6345088879267,POINT (556647.300898802 8639019.944432437),ragna_mariebreen
ragna_mariebreen-20240317-DAT_0332_A1_2,1595.0,1923,113.80503845214844,556643.0788952621,8639021.736148473,558.91015625,2024-03-17 15:27:37+00:00,0,2024-04-29,100 MHz,20240317,112.05419170856476,113.55491638183594,114.18022155761719,0.6622803836579026,0.6489429061889648,10,2.2915485399262208,0.8129049936930338,2.516572298802887,2.520044552421073,111.12345401535583,116.61168392409729,112.55443370342255,111.30382895469666,1.2745537331016306,1.5760246457397937,6.0,6.0,0.2679294416965165,0.0,1.5986368786272416,1.3024106127835067,112.82236314511907,111.03589951300015,0.9846153846314998,0.01119944907920348,certain_temperate,445.10511779785156,557.1593095064163,POINT (556643.0788952621 8639021.736148473),ragna_mariebreen
ragna_mariebreen-20240317-DAT_0332_A1_2,1600.0,1930,113.42984771728516,556638.3983936608,8639023.740731705,559.4950317382812,2024-03-17 15:27:38.200000+00:00,0,2024-04-29,100 MHz,20240317,111.67900097370148,113.17973327636719,113.93009185791016,0.7273135496448054,0.5562464721679687,10,2.2840954755146727,0.6774139404296875,2.446506064933089,2.4909770748547655,110.79730137010941,116.31252376416793,112.17924296855927,110.92863821983337,1.2745537331016306,1.5760246457397937,6.0,6.0,0.2679294416965165,0.0,1.5986368786272416,1.3024106127835067,112.44717241025579,110.66070877813686,0.9845644970982635,0.011236493381163254,certain_temperate,446.06518402099607,557.7441849946975,POINT (556638.3983936608 8639023.740731705),ragna_mariebreen
ragna_mariebreen-20240317-DAT_0332_A1_2,1605.0,1936,113.17973327636719,556633.6392174202,8639025.555937827,560.1393920898438,2024-03-17 15:27:39.400000+00:00,0,2024-04-29,100 MHz,20240317,111.42888653278351,112.92961120605469,113.67998504638672,0.7434967380414368,0.6489542175292968,10,2.2791272035153827,0.6773974100748698,2.4646358021884396,2.4911996026930976,110.55194679302664,116.05764945941476,111.9291285276413,110.6785237789154,1.2745537331016306,1.5760246457397937,6.0,6.0,0.2679294416965165,0.0,1.5986368786272416,1.3024106127835067,112.19705796933782,110.4105943372189,0.9845303863783776,0.011261324763766406,certain_temperate,446.9596588134766,558.3885453462601,POINT (556633.6392174202 8639025.555937827),ragna_mariebreen
ragna_mariebreen-20240317-DAT_0332_A1_2,1610.0,1942,112.80455780029297,556629.0324162312,8639027.489110604,560.7916870117188,2024-03-17 15:27:40.600000+00:00,0,2024-04-29,100 MHz,20240317,111.05371105670929,112.55442810058594,113.42984771728516,0.7913909820817765,0.6489485618591309,10,2.271674999688084,0.6774139404296875,2.4577492115420085,2.499139179280876,110.18390137622775,115.80037444164334,111.55395305156708,110.30334830284119,1.2745537331016306,1.5760246457397937,6.0,6.0,0.2679294416965165,0.13548214236895245,1.604367564060035,1.3094383586835963,111.85418895319893,110.00311240120934,0.9844789361553693,0.011298778683730812,certain_temperate,447.9871292114258,559.0408402681351,POINT (556629.0324162312 8639027.489110604),ragna_mariebreen
ragna_mariebreen-20240317-DAT_0332_A1_2,1615.0,1948,112.55442810058594,556624.6660520313,8639029.692791749,561.4092407226562,2024-03-17 15:27:41.800000+00:00,0,2024-04-29,100 MHz,20240317,110.92864179611206,112.42936706542969,112.92961120605469,0.7619683780135259,0.4635443824768066,10,2.266706799305986,0.4064566294352214,2.3490508934796694,2.4256468239882722,110.12650651697439,115.23247175450999,111.30382335186005,110.05321860313416,1.2869688364591192,1.4833173422276973,6.0,6.0,0.26761403633428116,0.13548214236895245,1.5133416736142062,1.3214618682962238,111.60377782064491,109.7532641343493,0.9855555544823081,0.01143419106806709,certain_temperate,448.8548126220703,559.7834544181824,POINT (556624.6660520313 8639029.692791749),ragna_mariebreen
ragna_mariebreen-20240317-DAT_0332_A1_2,1620.0,1954,112.42936706542969,556620.4143550212,8639031.97565588,561.9833984375,2024-03-17 15:27:43+00:00,0,2024-04-29,100 MHz,20240317,110.80358076095581,112.30430603027344,112.67948913574219,0.797517499367464,0.4635330711364746,10,2.264222831678289,0.4064400990804037,2.34664899242962,2.434734635936958,110.00389333129229,114.97990183472334,111.1787623167038,109.9281575679779,1.3132341378391867,1.4833173422276973,6.0,6.0,0.26761403633428116,0.0,1.5072649435970327,1.34022429959666,111.44637635303808,109.66054353164363,0.985539487173954,0.011680525934784757,certain_temperate,449.5540313720703,560.3576121330261,POINT (556620.4143550212 8639031.97565588),ragna_mariebreen
ragna_mariebreen-20240317-DAT_0332_A1_2,1625.0,1960,112.17925262451172,556616.0292763448,8639034.253062177,562.5498901367188,2024-03-17 15:27:44.200000+00:00,0,2024-04-29,100 MHz,20240317,110.55346632003784,111.80406188964844,112.55442810058594,0.8379982364741119,0.6489485618591309,10,2.2592551621624346,0.5419228871663412,2.412270411734834,2.4698492560733403,109.4807206957227,114.87776929451168,110.92864787578583,109.67804312705994,1.3132341378391867,1.4833173422276973,6.0,6.0,0.26761403633428116,0.0,1.5072649435970327,1.34022429959666,111.19626191212011,109.41042909072566,0.9855072460687919,0.011706568791600584,certain_temperate,450.37063751220705,560.9241038322449,POINT (556616.0292763448 8639034.253062177),ragna_mariebreen
ragna_mariebreen-20240317-DAT_0332_A1_2,1630.0,1966,111.92913055419922,556610.964914963,8639036.707388503,563.2040100097656,2024-03-17 15:27:45.500000+00:00,0,2024-04-29,100 MHz,20240317,110.30334424972534,111.42888641357422,112.30430603027344,0.9167336801435185,0.6489485618591309,10,2.2542874942312903,0.5419394175211588,2.407622203513208,2.493172893968696,109.11037170822712,114.62282073562054,110.67852580547333,109.42792105674744,1.3132341378391865,1.4833173422276973,6.0,6.0,0.26761403633428116,0.0,1.5072649435970327,1.3402242995966598,110.94613984180761,109.16030702041316,0.9854748598829987,0.01173272883776473,certain_temperate,451.2748794555664,561.5782237052917,POINT (556610.964914963 8639036.707388503),ragna_mariebreen
ragna_mariebreen-20240317-DAT_0332_A1_2,1635.0,1971,111.67900085449219,556606.595449304,8639038.892381204,563.7697509765625,2024-03-17 15:27:46.600000+00:00,0,2024-04-29,100 MHz,20240317,110.05321455001831,111.17876434326172,111.92913055419922,0.9890433341597746,0.6489542175292968,10,2.2493198289134133,0.6774139404296875,2.4371029760518135,2.5488303310101728,108.82965188545312,114.27824301200782,110.4283961057663,109.1777913570404,1.3132341378391867,1.4833173422276973,6.0,6.0,0.26761403633428116,0.0,1.5072649435970327,1.34022429959666,110.69601014210058,108.91017732070613,0.9854423276351466,0.011759006866028593,certain_temperate,452.0907501220703,562.1439646720886,POINT (556606.595449304 8639038.892381204),ragna_mariebreen
ragna_mariebreen-20240317-DAT_0332_A1_2,1640.0,1977,111.30382537841797,556602.3859471343,8639040.978457982,564.2762044270834,2024-03-17 15:27:47.666666752+00:00,0,2024-04-29,100 MHz,20240317,109.67803907394409,110.55345916748047,111.42888641357422,1.0025669333111296,0.6489485618591309,10,2.2418690009783675,1.2193368275960288,2.6332286555896975,2.741878803384383,108.0014484079656,113.98089717308909,110.05322062969208,108.80261588096619,1.3132341378391867,1.4833173422276973,6.0,6.0,0.26761403633428116,0.0,1.5072649435970327,1.34022429959666,110.32083466602636,108.5350018446319,0.9853932576086543,0.011798643338397113,certain_temperate,452.9723790486654,562.6504181226095,POINT (556602.3859471343 8639040.978457982),ragna_mariebreen
ragna_mariebreen-20240317-DAT_0332_A1_2,1645.0,1983,110.55345916748047,556598.0871719168,8639043.197407145,564.7482055664062,2024-03-17 15:27:48.800000+00:00,0,2024-04-29,100 MHz,20240317,108.92767286300659,109.92816162109375,111.0537109375,1.048072315656138,0.7416619628906249,10,2.2269681033993973,1.6257851918538415,2.8552805275153466,2.949749142292334,107.1708868027977,113.81098575579605,109.30285441875458,108.05224967002869,1.3132341378391867,1.4833173422276973,6.0,6.0,0.26761403633428116,0.0,1.5072649435970327,1.34022429959666,109.57046845508886,107.7846356336944,0.985294116378476,0.011878724987245603,certain_temperate,454.19474639892576,563.1224192619324,POINT (556598.0871719168 8639043.197407145),ragna_mariebreen
ragna_mariebreen-20240317-DAT_0332_A1_2,1650.0,1989,109.8031005859375,556593.6034250868,8639045.582525112,565.2293701171875,2024-03-17 15:27:50+00:00,0,2024-04-29,100 MHz,20240317,108.17731428146362,109.17778778076172,110.17828369140625,1.0484081299302372,0.8343697082519531,10,2.2120687962435084,1.8967425028483074,3.0310152245533035,3.0967789860319836,106.26387623759068,113.09219523457729,108.67755627632141,107.30189108848572,1.3346945945276052,1.5760246457397937,6.0,6.0,0.26761403633428116,0.0,1.5985840473438888,1.3612593188310353,108.94517031265569,107.03427705215144,0.9851936211655384,0.012155345226185168,certain_temperate,455.42626953125,563.6035838127136,POINT (556593.6034250868 8639045.582525112),ragna_mariebreen
ragna_mariebreen-20240317-DAT_0332_A1_2,1655.0,1995,108.80261993408203,556589.1231981234,8639048.265666608,565.7671875,2024-03-17 15:27:51.200000+00:00,0,2024-04-29,100 MHz,20240317,107.17683362960815,108.67755126953125,109.17778778076172,0.9795077072660852,0.4635387268066406,10,2.1922052918940147,1.7612679799397788,2.8500345770216176,2.977795205779426,105.86546504415172,111.98987400614125,107.67707562446594,106.30141043663025,1.3346945945276052,1.5760246457397937,6.0,6.0,0.26761403633428116,0.0,1.5985840473438888,1.3612593188310353,107.94468966080022,106.03379640029597,0.9850574709923451,0.012267118157046482,certain_temperate,456.96456756591795,564.1414011955261,POINT (556589.1231981234 8639048.265666608),ragna_mariebreen
ragna_mariebreen-20240317-DAT_0332_A1_2,1660.0,2001,108.17731475830078,556584.9706549956,8639050.68922153,566.264892578125,2024-03-17 15:27:52.333333248+00:00,0,2024-04-29,100 MHz,20240317,106.5515284538269,107.92719268798828,108.3023681640625,0.8506576291965123,0.2781288917541504,10,2.1797918642215803,1.7612679799397788,2.8161876977424876,2.9286815925596916,105.12477275719851,111.10478809485227,107.05177044868469,105.676105260849,1.3346945945276052,1.5760246457397937,6.0,6.0,0.26761403633428116,0.0,1.5985840473438888,1.3612593188310353,107.31938448501897,105.40849122451472,0.9849710976085295,0.012338026669544318,certain_temperate,458.0875778198242,564.6391062736511,POINT (556584.9706549956 8639050.68922153),ragna_mariebreen
ragna_mariebreen-20240317-DAT_0332_A1_2,1665.0,2007,107.17683410644531,556581.0692989522,8639053.185142685,566.7166259765625,2024-03-17 15:27:53.400000+00:00,0,2024-04-29,100 MHz,20240317,105.55104780197144,106.92670440673828,107.17683410644531,0.8333180185241901,0.4635387268066406,10,2.1599327553496197,2.032233556111654,3.0016913374742478,3.080535936199333,103.96102021346712,110.14251829971647,106.05128979682922,104.67562460899353,1.3346945945276054,1.5760246457397937,6.0,6.0,0.26761403633428116,0.0,1.5985840473438888,1.3612593188310356,106.3189038331635,104.40801057265925,0.9848308049213398,0.01245320041084644,certain_temperate,459.53979187011714,565.0908396720886,POINT (556581.0692989522 8639053.185142685),ragna_mariebreen
ragna_mariebreen-20240317-DAT_0332_A1_2,1670.0,2013,106.30140686035156,556576.8099352578,8639056.138007384,567.1761108398438,2024-03-17 15:27:54.600000+00:00,0,2024-04-29,100 MHz,20240317,104.67562055587769,106.17634582519531,106.55152893066406,0.8905793216009955,0.6489542175292968,10,2.142558199955371,1.4903024037679036,2.689367671279153,2.7576599541886377,103.56644987039704,109.16142488546234,105.17586255073547,103.80019736289978,1.3346945945276054,1.5760246457397937,6.0,6.0,0.26761403633428116,0.0,1.5985840473438888,1.3612593188310356,105.44347658706975,103.5325833265655,0.9847058815824548,0.012555756635290793,certain_temperate,460.8747039794922,565.5503245353699,POINT (556576.8099352578 8639056.138007384),ragna_mariebreen
ragna_mariebreen-20240317-DAT_0332_A1_2,1675.0,2019,105.8011703491211,556572.6565145456,8639059.095223311,567.6114624023437,2024-03-17 15:27:55.800000+00:00,0,2024-04-29,100 MHz,20240317,104.17538404464722,105.17586517333984,105.92622375488281,0.9730990823083292,1.0197795433044432,10,2.1326310179910393,1.2193368275960288,2.6598585817617564,2.64231322556936,102.71926236498244,108.38282656324022,104.675626039505,103.29996085166931,1.3346945945276052,1.5760246457397937,6.0,6.0,0.26761403633428116,0.0,1.5985840473438888,1.3612593188310353,104.94324007583928,103.03234681533503,0.9846335697506073,0.012615121270619221,certain_temperate,461.8102920532226,565.9856760978698,POINT (556572.6565145456 8639059.095223311),ragna_mariebreen
ragna_mariebreen-20240317-DAT_0332_A1_2,1680.0,2025,105.17586517333984,556568.4758759202,8639062.237497892,568.0738525390625,2024-03-17 15:27:57+00:00,0,2024-04-29,100 MHz,20240317,103.55007886886597,104.42550659179688,105.42597961425781,0.927008632520606,1.1124816329956053,10,2.120222876488277,1.4903024037679036,2.8202768808067735,2.7523973741864274,101.8339151308099,108.01757107524479,104.05032086372375,102.67465567588806,1.3346945945276054,1.5760246457397937,6.0,6.0,0.26761403633428116,0.0,1.5985840473438888,1.3612593188310356,104.31793490005803,102.40704163955378,0.9845422112592616,0.012690122323480787,certain_temperate,462.89798736572266,566.4480662345886,POINT (556568.4758759202 8639062.237497892),ragna_mariebreen
ragna_mariebreen-20240317-DAT_0332_A1_2,1685.0,2031,104.42550659179688,556564.5082244826,8639065.649145208,568.5144653320312,2024-03-17 15:27:58.200000+00:00,0,2024-04-29,100 MHz,20240317,102.799720287323,103.55007934570312,104.92574310302734,0.9395747058334172,1.2051893783569336,10,2.1053347882893507,1.354827880859375,2.778574201859587,2.6740968167546257,101.04648330050429,107.42933914822618,103.29996228218079,101.92429709434509,1.3346945945276052,1.5760246457397937,6.0,6.0,0.26761403633428116,0.0,1.5985840473438888,1.3612593188310353,103.56757631851507,101.65668305801081,0.9844311379706384,0.012781308303774625,certain_temperate,464.0889587402344,566.8886790275574,POINT (556564.5082244826 8639065.649145208),ragna_mariebreen
ragna_mariebreen-20240317-DAT_0332_A1_2,1690.0,2036,103.92525482177734,556561.1691674624,8639068.490852287,568.8548583984375,2024-03-17 15:27:59.200000+00:00,0,2024-04-29,100 MHz,20240317,102.29946851730347,102.92477416992188,104.5505599975586,0.9255033530312173,1.1124872886657715,10,2.0954100877652904,1.2193533579508464,2.6674321012722078,2.595018786815728,100.50040496382834,106.97492920365212,102.79971051216125,101.42404532432556,1.3669210144103827,1.5760246457397937,6.0,6.0,0.26761403633428116,0.0,1.5985840473438888,1.3928712546677944,103.06732454849553,101.15643128799128,0.9843561961213185,0.013152924346969673,certain_temperate,464.92960357666016,567.2290720939636,POINT (556561.1691674624 8639068.490852287),ragna_mariebreen
ragna_mariebreen-20240317-DAT_0332_A1_2,1695.0,2042,103.2999496459961,556557.0156118923,8639071.985911636,569.2808837890625,2024-03-17 15:28:00.444444416+00:00,0,2024-04-29,100 MHz,20240317,101.67416334152222,102.67465209960938,103.67513275146484,0.950239505297727,1.1124872886657715,10,2.0830054821690056,1.0838540395100913,2.5983224174746664,2.533102156474733,100.32653553144065,106.02324931963356,102.17440533638,100.79874014854431,1.366921014410383,1.5760246457397937,6.0,6.0,0.26761403633428116,0.0,1.5985840473438888,1.3928712546677946,102.44201937271428,100.53112611221003,0.9842614995453012,0.013232542891789927,certain_temperate,465.9809341430664,567.6550974845886,POINT (556557.0156118923 8639071.985911636),ragna_mariebreen
ragna_mariebreen-20240317-DAT_0332_A1_2,1700.0,2047,102.92477416992188,556553.309815234,8639075.040134754,569.6690673828125,2024-03-17 15:28:01.555555584+00:00,0,2024-04-29,100 MHz,20240317,101.298987865448,102.54959106445312,103.42501831054688,0.8628273438644067,0.834364052581787,10,2.0755634548651525,0.9483629862467449,2.4297159054291337,2.4396366602784765,100.26762787262584,105.70698150237416,101.79922986030579,100.42356467247009,1.366921014410383,1.5760246457397937,6.0,6.0,0.26761403633428116,0.0,1.5985840473438888,1.3928712546677946,102.06684389664007,100.15595063613581,0.9842041304672691,0.01328077739722497,certain_temperate,466.7442932128906,568.0432810783386,POINT (556553.309815234 8639075.040134754),ragna_mariebreen
ragna_mariebreen-20240317-DAT_0332_A1_2,1705.0,2053,102.4245376586914,556549.156291832,8639078.535214297,570.1009521484375,2024-03-17 15:28:02.800000+00:00,0,2024-04-29,100 MHz,20240317,100.79875135421753,102.17440795898438,103.17489624023438,0.7975153724648456,0.741667618560791,10,2.0656413933300906,0.8128967285156251,2.34045856906114,2.358750988635262,99.95457115032701,105.39473304889174,101.29899334907532,99.92332816123962,1.366921014410383,1.5760246457397937,6.0,6.0,0.26761403633428116,0.0,1.5985840473438888,1.3928712546677946,101.5666073854096,99.65571412490534,0.984126984200881,0.013345640074699332,certain_temperate,467.6764144897461,568.4751658439636,POINT (556549.156291832 8639078.535214297),ragna_mariebreen
ragna_mariebreen-20240317-DAT_0332_A1_2,1710.0,2058,102.17440795898438,556545.7920036071,8639081.22699227,570.4665893554687,2024-03-17 15:28:03.800000+00:00,0,2024-04-29,100 MHz,20240317,100.5486216545105,102.04934692382812,102.92477416992188,0.7596834639672264,0.5562464721679687,10,2.0606804353677908,0.2709738413492839,2.1515670608192727,2.2129052498533275,99.97092668734966,105.00319440640034,101.04886364936829,99.67319846153259,1.3669210144103827,1.5760246457397937,6.0,6.0,0.26761403633428116,0.0,1.5985840473438888,1.3928712546677944,101.31647768570257,99.40558442519831,0.9840881260097293,0.013378311083134463,certain_temperate,468.29218139648435,568.8408030509949,POINT (556545.7920036071 8639081.22699227),ragna_mariebreen
ragna_mariebreen-20240317-DAT_0332_A1_2,1715.0,2064,102.17440795898438,556541.7004366226,8639084.596387254,570.929931640625,2024-03-17 15:28:05+00:00,0,2024-04-29,100 MHz,20240317,100.5486216545105,101.79923248291016,102.92477416992188,0.7259398809199746,0.7416619628906249,9,2.0606804353677908,0.1354827880859375,2.194270245383166,2.189006202203464,99.73410308198267,104.98990357084936,101.04886364936829,99.67319846153259,1.366921014410383,1.5760246457397937,6.0,6.0,0.26761403633428116,0.0,1.5985840473438888,1.3928712546677946,101.31647768570257,99.40558442519831,0.9840881260097293,0.013378311083134465,certain_temperate,468.7555236816406,569.3041453361511,POINT (556541.7004366226 8639084.596387254),ragna_mariebreen
ragna_mariebreen-20240317-DAT_0332_A1_2,1720.0,2069,102.04934692382812,556537.9299080669,8639087.420465155,571.3264770507812,2024-03-17 15:28:06+00:00,0,2024-04-29,100 MHz,20240317,100.42356061935425,101.67416381835938,102.79971313476562,0.71143040777903,0.9270887649536133,9,2.0582001076260616,0.4064400990804037,2.293659699100029,2.215291055885221,99.57621690836083,104.89766004476417,100.92380261421204,99.54813742637634,1.366921014410383,1.5760246457397937,6.0,6.0,0.26761403633428116,0.0,1.5985840473438888,1.3928712546677946,101.19141665054632,99.28052339004206,0.9840686260766823,0.013394706145750083,certain_temperate,469.2771301269531,569.7006907463074,POINT (556537.9299080669 8639087.420465155),ragna_mariebreen
ragna_mariebreen-20240317-DAT_0332_A1_2,1725.0,2074,101.79923248291016,556533.9632302346,8639090.23651555,571.7081298828125,2024-03-17 15:28:07+00:00,0,2024-04-29,100 MHz,20240317,100.17344617843628,101.4240493774414,102.67465209960938,0.7318962178006175,0.9270661422729491,9,2.053239755519028,0.2709573109944662,2.2690665459994857,2.196561729534601,99.35300824843765,104.74569322861313,100.67368817329407,99.29802298545837,1.366921014410383,1.5760246457397937,6.0,6.0,0.26761403633428116,0.0,1.5985840473438888,1.3928712546677946,100.94130220962835,99.0304089491241,0.9840294836727103,0.01342761611331263,certain_temperate,469.90889739990234,570.0823435783386,POINT (556533.9632302346 8639090.23651555),ragna_mariebreen
ragna_mariebreen-20240317-DAT_0332_A1_2,1730.0,2080,101.79923248291016,556529.3592711928,8639093.740086125,572.1522318522135,2024-03-17 15:28:08.166666752+00:00,0,2024-04-29,100 MHz,20240317,100.17344617843628,101.29898071289062,102.4245376586914,0.6341742285876113,0.8343753639221191,8,2.053239755519028,0.270965576171875,2.232800502739589,2.1659623240764567,99.22793850252552,104.49557986905651,100.67368817329407,99.29802298545837,1.3669210144103827,1.5760246457397937,6.0,6.0,0.26761403633428116,0.0,1.5985840473438888,1.3928712546677944,100.94130220962835,99.0304089491241,0.9840294836727103,0.013427616113312628,certain_temperate,470.35299936930335,570.5264455477396,POINT (556529.3592711928 8639093.740086125),ragna_mariebreen
ragna_mariebreen-20240317-DAT_0332_A1_2,1735.0,2086,101.54911041259766,556525.4395495644,8639096.849736318,572.5854125976563,2024-03-17 15:28:09.200000+00:00,0,2024-04-29,100 MHz,20240317,99.92332410812378,101.04885864257812,102.29947662353516,0.6261989201050482,0.8343753639221191,8,2.048279456088934,0.40644836425781256,2.248739925150083,2.1800857989043827,98.96064193853522,104.38769332757806,100.42356610298157,99.04790091514587,1.366921014410383,1.5760246457397937,6.0,6.0,0.26761403633428116,0.0,1.5985840473438888,1.3928712546677946,100.69118013931585,98.7802868788116,0.9839901472512339,0.013460689206006179,certain_temperate,471.0363021850586,570.9596262931824,POINT (556525.4395495644 8639096.849736318),ragna_mariebreen
ragna_mariebreen-20240317-DAT_0332_A1_2,1740.0,2091,101.4240493774414,556521.6536272533,8639099.85938687,573.0253784179688,2024-03-17 15:28:10.200000+00:00,0,2024-04-29,100 MHz,20240317,99.79826307296753,100.9238052368164,102.17440795898438,0.6339518401972416,0.8343697082519531,8,2.0457993833333386,0.40644836425781256,2.246479067274692,2.1799977810411617,98.83802111815625,104.26019207764453,100.29850506782532,98.92283987998962,1.366921014410383,1.5760246457397937,6.0,6.0,0.26761403633428116,0.0,1.5985840473438888,1.3928712546677946,100.5661191041596,98.65522584365534,0.9839704062847694,0.0134772869235727,certain_temperate,471.6013290405274,571.3995921134949,POINT (556521.6536272533 8639099.85938687),ragna_mariebreen
ragna_mariebreen-20240317-DAT_0332_A1_2,1745.0,2096,101.1739273071289,556517.9731218313,8639103.078142619,573.4680786132812,2024-03-17 15:28:11.249999872+00:00,0,2024-04-29,100 MHz,20240317,99.54814100265503,100.79874420166016,101.92428588867188,0.5806030513117134,0.741650651550293,8,2.0408393926762787,0.4064566294352214,2.209135149160435,2.160400963132445,98.71782315118489,104.00520693914714,100.04838299751282,98.54765725135803,1.370919820574224,1.6687320376217365,6.0,6.0,0.26761403633428116,0.0,1.6900544032155647,1.3967957713590016,100.3159970338471,98.28004321502375,0.9839307779410543,0.013550129534979772,certain_temperate,472.29415130615234,571.8422923088074,POINT (556517.9731218313 8639103.078142619),ragna_mariebreen
ragna_mariebreen-20240317-DAT_0332_A1_2,1750.0,2100,101.04885864257812,556514.6282756574,8639106.161727197,573.8198364257812,2024-03-17 15:28:12.200000+00:00,0,2024-04-29,100 MHz,20240317,99.42307233810425,100.67369079589844,101.79923248291016,0.5856336513663767,0.6489372505187988,8,2.03835932386493,0.40644836425781256,2.1774362358300747,2.159415610670549,98.59520360421432,103.87771967459427,99.92331433296204,98.42258858680725,1.3709198205742237,1.6687320376217365,6.0,6.0,0.26761403633428116,0.0,1.6900544032155647,1.3967957713590013,100.19092836929632,98.15497455047297,0.9839108889866388,0.013566900596307878,certain_temperate,472.7709777832031,572.1940501213073,POINT (556514.6282756574 8639106.161727197),ragna_mariebreen
ragna_mariebreen-20240317-DAT_0332_A1_2,1755.0,2106,100.79874420166016,556510.4382971963,8639110.105974514,574.2053167169744,2024-03-17 15:28:13.363636224+00:00,0,2024-04-29,100 MHz,20240317,99.17295789718628,100.42355346679688,101.54911041259766,0.5894368744439089,0.741667618560791,8,2.033399796658957,0.4064318339029948,2.2022652939834644,2.1557684007371116,98.34993306550294,103.6227308138916,99.67319989204407,98.17247414588928,1.3709198205742237,1.6687320376217365,6.0,6.0,0.26761403633428116,0.0,1.6900544032155647,1.3967957713590013,99.94081392837835,97.904860109555,0.9838709666737385,0.013600564485521086,certain_temperate,473.4065725153142,572.5795304125005,POINT (556510.4382971963 8639110.105974514),ragna_mariebreen
ragna_mariebreen-20240317-DAT_0332_A1_2,1760.0,2111,100.67369079589844,556507.0790721724,8639113.18391125,574.5115467418324,2024-03-17 15:28:14.272727296+00:00,0,2024-04-29,100 MHz,20240317,99.04790449142456,100.29850006103516,101.29898071289062,0.5711482922884973,0.5562577835083008,8,2.0309201873503713,0.4064566294352214,2.1445900588953304,2.1485004470055795,98.22730625093455,103.37017452299123,99.54814648628235,98.04742074012756,1.370919820574224,1.6687320376217365,6.0,6.0,0.26761403633428116,0.0,1.6900544032155647,1.3967957713590016,99.81576052261663,97.77980670379328,0.9838509317417404,0.013617458640247614,certain_temperate,473.83785594593394,572.8857604373585,POINT (556507.0790721724 8639113.18391125),ragna_mariebreen
ragna_mariebreen-20240317-DAT_0332_A1_2,1765.0,2116,100.42355346679688,556503.6236833184,8639116.359454997,574.8289428710938,2024-03-17 15:28:15.200000+00:00,0,2024-04-29,100 MHz,20240317,98.797767162323,100.17344665527344,101.1739273071289,0.5471714401391226,0.4635217597961426,8,2.0259605219153323,0.54193115234375,2.147803024498425,2.16739520972618,98.07625677110937,103.27111719129297,99.29800915718079,97.797283411026,1.370919820574224,1.6687320376217365,6.0,6.0,0.26761403633428116,0.0,1.6900544032155647,1.3967957713590016,99.56562319351507,97.52966937469172,0.9838107072658865,0.01365137732382167,certain_temperate,474.4053894042969,573.2031565666199,POINT (556503.6236833184 8639116.359454997),ragna_mariebreen
ragna_mariebreen-20240317-DAT_0332_A1_2,1770.0,2121,100.17344665527344,556499.7679502396,8639119.924786543,575.1759643554688,2024-03-17 15:28:16.200000+00:00,0,2024-04-29,100 MHz,20240317,98.54766035079956,100.04837799072266,100.9238052368164,0.559038658780507,0.4635387268066406,8,2.0210016739030094,0.4064400990804037,2.112938586733835,2.135922644214992,97.98691217241296,102.9852710551261,99.04790234565735,97.54717659950256,1.370919820574224,1.6687320376217365,6.0,6.0,0.26761403633428116,0.0,1.6900544032155647,1.3967957713590016,99.31551638199163,97.27956256316828,0.9837702868498805,0.013685461230978364,certain_temperate,475.0025177001953,573.5501780509949,POINT (556499.7679502396 8639119.924786543),ragna_mariebreen
ragna_mariebreen-20240317-DAT_0332_A1_2,1775.0,2126,100.04837799072266,556495.8573119246,8639123.487880375,575.4500610351563,2024-03-17 15:28:17.200000+00:00,0,2024-04-29,100 MHz,20240317,98.42259168624878,99.9233169555664,100.79874420166016,0.6013960875339386,0.6489485618591309,8,2.018522027481941,0.40644836425781256,2.1588806553806283,2.145066130061912,97.8642804215929,102.85778073563367,98.92283368110657,97.42210793495178,1.3709198205742237,1.6687320376217365,6.0,6.0,0.26761403633428116,0.0,1.6900544032155647,1.3967957713590013,99.19044771744085,97.1544938986175,0.9837499983795376,0.013702569178096492,certain_temperate,475.40168304443364,573.8242747306824,POINT (556495.8573119246 8639123.487880375),ragna_mariebreen
ragna_mariebreen-20240317-DAT_0332_A1_2,1780.0,2131,99.79826354980469,556492.0423718065,8639127.017669661,575.6776611328125,2024-03-17 15:28:18.200000+00:00,0,2024-04-29,100 MHz,20240317,98.17247724533081,99.67321014404297,100.54862213134766,0.5901433741843535,0.6489429061889648,8,2.013563349642248,0.4064318339029948,2.1542402591459573,2.1372630630612495,97.61903775628379,102.60279451910684,98.6727192401886,97.17199349403381,1.370919820574224,1.6687320376217365,6.0,6.0,0.26761403633428116,0.0,1.6900544032155647,1.3967957713590016,98.94033327652288,96.90437945769953,0.9837092726201341,0.013736910561475465,certain_temperate,475.87939758300786,574.0518748283387,POINT (556492.0423718065 8639127.017669661),ragna_mariebreen
ragna_mariebreen-20240317-DAT_0332_A1_2,1785.0,2136,99.67321014404297,556488.5443596077,8639130.381053884,575.9242276278409,2024-03-17 15:28:19.181818368+00:00,0,2024-04-29,100 MHz,20240317,98.04742383956909,99.54814147949219,100.42355346679688,0.6261914648479106,0.6489429061889648,8,2.011084167350392,0.13547452290852866,2.117531527514453,2.1106701838925677,97.5324994292946,102.43919551699446,98.54766583442688,97.0469400882721,1.3970995305685476,1.6687320376217365,6.0,6.0,0.26761403633428116,0.0,1.6900544032155647,1.422499339457837,98.81527987076116,96.77932605193782,0.9836888337184649,0.014016800788792957,certain_temperate,476.2510174837979,574.298441323367,POINT (556488.5443596077 8639130.381053884),ragna_mariebreen
ragna_mariebreen-20240317-DAT_0332_A1_2,1790.0,2141,99.67321014404297,556485.2853123664,8639133.632379962,576.173417524858,2024-03-17 15:28:20.090908928+00:00,0,2024-04-29,100 MHz,20240317,98.04742383956909,99.29801940917969,100.17344665527344,0.6044080738954393,0.6489542175292968,8,2.011084167350392,0.13549105326334634,2.117536051672059,2.1043114012597623,97.28237624788306,102.18908981657006,98.54766583442688,97.0469400882721,1.3970995305685479,1.6687320376217365,6.0,6.0,0.26761403633428116,0.0,1.6900544032155647,1.4224993394578371,98.81527987076116,96.77932605193782,0.9836888337184649,0.01401680078879296,certain_temperate,476.500207380815,574.5476312203841,POINT (556485.2853123664 8639133.632379962),ragna_mariebreen
ragna_mariebreen-20240317-DAT_0332_A1_2,1795.0,2147,99.54814147949219,556481.2818181033,8639137.597876599,576.4764282226563,2024-03-17 15:28:21.200000+00:00,0,2024-04-29,100 MHz,20240317,97.92235517501831,99.29801940917969,100.04837799072266,0.5098242093591051,0.5562238494873046,7,2.008604736828129,0.2709821065266927,2.101739579872948,2.089938997988859,97.2712179164661,102.07517948343624,98.4225971698761,96.92187142372131,1.3970995305685479,1.6687320376217365,6.0,6.0,0.26761403633428116,0.0,1.6900544032155647,1.4224993394578371,98.69021120621038,96.65425738738703,0.9836683409623593,0.014034410987535743,certain_temperate,476.9282867431641,574.8506419181824,POINT (556481.2818181033 8639137.597876599),ragna_mariebreen
ragna_mariebreen-20240317-DAT_0332_A1_2,1800.0,2151,99.4230728149414,556478.3040300154,8639140.454558836,576.6917114257812,2024-03-17 15:28:22+00:00,0,2024-04-29,100 MHz,20240317,97.79728651046753,99.17295837402344,99.79826354980469,0.49949462693459307,0.5562351608276367,7,2.0061253607853264,0.270965576171875,2.099371063151333,2.0850554402683734,97.14861618292623,101.82260574090189,98.29752850532532,96.79680275917053,1.3970995305685479,1.6687320376217365,6.0,6.0,0.26761403633428116,0.0,1.6900544032155647,1.4224993394578371,98.5651425416596,96.52918872283625,0.9836477966487719,0.014052065491568575,certain_temperate,477.26863861083984,575.0659251213074,POINT (556478.3040300154 8639140.454558836),ragna_mariebreen
ragna_mariebreen-20240317-DAT_0332_A1_2,1805.0,2156,99.29801940917969,556474.581814045,8639144.025420522,576.9183349609375,2024-03-17 15:28:23+00:00,0,2024-04-29,100 MHz,20240317,97.67223310470581,99.04790496826172,99.67321014404297,0.4663389715672551,0.5562238494873046,7,2.0036463419062582,0.2709573109944662,2.0969982113855408,2.074967123647526,97.02602056805094,101.69509454425375,98.1724750995636,96.67174935340881,1.3970995305685479,1.6687320376217365,6.0,6.0,0.26761403633428116,0.0,1.6900544032155647,1.4224993394578371,98.44008913589788,96.40413531707453,0.9836272030988407,0.014069762306249905,certain_temperate,477.6203155517578,575.2925486564636,POINT (556474.581814045 8639144.025420522),ragna_mariebreen
ragna_mariebreen-20240317-DAT_0332_A1_2,1810.0,2161,99.17295837402344,556470.8203853144,8639147.594686432,577.1017456054688,2024-03-17 15:28:24+00:00,0,2024-04-29,100 MHz,20240317,97.54717206954956,98.79778289794922,99.54814147949219,0.4647375476854591,0.5562351608276367,7,2.001167226661059,0.2709573109944662,2.094632590118041,2.0722135801293167,96.77835522322461,101.5675691542168,98.04741406440735,96.54668831825256,1.4290132538801463,1.6687320376217365,6.0,6.0,0.26761403633428116,0.0,1.6900544032155647,1.4538556160115246,98.31502810074163,96.27907428191828,0.9836065563523643,0.014409303476565952,certain_temperate,477.9287872314453,575.4759593009949,POINT (556470.8203853144 8639147.594686432),ragna_mariebreen
ragna_mariebreen-20240317-DAT_0332_A1_2,1815.0,2166,99.04790496826172,556467.1842759415,8639150.982930187,577.2957763671875,2024-03-17 15:28:25+00:00,0,2024-04-29,100 MHz,20240317,97.42211866378784,98.79778289794922,99.29801940917969,0.35686617950432376,0.37081967010498046,7,1.9986883177325876,0.270965576171875,2.05077657550686,2.0482994910375996,96.78081057912308,101.31499172800582,97.92236065864563,96.42163491249084,1.4290132538801463,1.6687320376217365,6.0,6.0,0.26761403633428116,0.0,1.6900544032155647,1.4538556160115246,98.18997469497991,96.15402087615657,0.9835858587317436,0.014427496011531492,certain_temperate,478.2478713989258,575.6699900627136,POINT (556467.1842759415 8639150.982930187),ragna_mariebreen
ragna_mariebreen-20240317-DAT_0332_A1_2,1820.0,2170,98.92283630371094,556463.4855434482,8639154.461704763,577.4825744628906,2024-03-17 15:28:26+00:00,0,2024-04-29,100 MHz,20240317,97.29704999923706,98.79778289794922,99.17295837402344,0.3364615745859891,0.37081967010498046,7,1.9962091616231792,0.270965576171875,2.0483604634329473,2.0424200722650947,96.7832672339698,101.18747403800286,97.79729199409485,96.29656624794006,1.4290132538801463,1.6687320376217365,6.0,6.0,0.26761403633428116,0.0,1.6900544032155647,1.4538556160115246,98.06490603042913,96.02895221160578,0.9835651062462218,0.014445736770959722,certain_temperate,478.5597381591797,575.8567881584167,POINT (556463.4855434482 8639154.461704763),ragna_mariebreen
ragna_mariebreen-20240317-DAT_0332_A1_2,1825.0,2174,98.79778289794922,556459.786810955,8639157.940479338,577.6693725585938,2024-03-17 15:28:27+00:00,0,2024-04-29,100 MHz,20240317,97.17199659347534,98.79778289794922,99.04790496826172,0.32174977142143474,0.18542680206298828,7,1.9937303634694745,0.13547452290852866,2.006912356706372,2.024064481183137,96.79945506984458,101.04623279636635,97.67223858833313,96.17151284217834,1.4290132538801463,1.6687320376217365,6.0,6.0,0.26761403633428116,0.0,1.6900544032155647,1.4538556160115246,97.93985262466741,95.90389880584407,0.9835443037608121,0.014464021478662239,certain_temperate,478.87158966064453,576.0435862541199,POINT (556459.786810955 8639157.940479338),ragna_mariebreen
ragna_mariebreen-20240317-DAT_0332_A1_2,1830.0,2179,98.79778289794922,556456.2140065035,8639161.703662643,577.8167114257812,2024-03-17 15:28:28+00:00,0,2024-04-29,100 MHz,20240317,97.17199659347534,98.67271423339844,98.79778289794922,0.27830680077005254,0.1854041793823242,7,1.9937303634694745,0.2709738413492839,2.0205846417926034,2.031216940720654,96.66065370127826,100.80984343006939,97.67223858833313,96.17151284217834,1.429013253880146,1.6687320376217365,6.0,6.0,0.26761403633428116,0.0,1.6900544032155647,1.4538556160115244,97.93985262466741,95.90389880584407,0.9835443037608121,0.014464021478662237,certain_temperate,479.01892852783203,576.1909251213074,POINT (556456.2140065035 8639161.703662643),ragna_mariebreen
ragna_mariebreen-20240317-DAT_0332_A1_2,1835.0,2184,98.54765319824219,556452.6880565179,8639165.282609867,577.984619140625,2024-03-17 15:28:29+00:00,0,2024-04-29,100 MHz,20240317,96.92186689376831,98.54765319824219,98.67271423339844,0.28622615496053366,0.18541549072265623,7,1.9887724807912055,0.4064566294352214,2.038333112168904,2.0499630200927377,96.51777069623272,100.70259673540791,97.4221088886261,95.92138314247131,1.4290132538801463,1.6687320376217365,6.0,6.0,0.26761403633428116,0.0,1.6900544032155647,1.4538556160115246,97.68972292496038,95.65376910613703,0.9835025365728052,0.014500733477696209,certain_temperate,479.4369659423828,576.3588328361511,POINT (556452.6880565179 8639165.282609867),ragna_mariebreen
ragna_mariebreen-20240317-DAT_0332_A1_2,1840.0,2189,98.42259216308594,556449.6780582959,8639168.417273575,578.1136067708334,2024-03-17 15:28:29.833333248+00:00,0,2024-04-29,100 MHz,20240317,96.79680585861206,98.29753112792969,98.54765319824219,0.3095112069165829,0.18541549072265623,8,1.9862936991392937,0.270965576171875,2.0132471052780723,2.0284432922607363,96.29284037803568,100.5523439481362,97.29704785346985,95.79632210731506,1.4290132538801466,1.6687320376217365,6.0,6.0,0.26761403633428116,0.0,1.6900544032155647,1.4538556160115248,97.56466188980413,95.52870807098078,0.9834815740091467,0.014519158888970084,certain_temperate,479.69101460774743,576.4878204663595,POINT (556449.6780582959 8639168.417273575),ragna_mariebreen
ragna_mariebreen-20240317-DAT_0332_A1_2,1845.0,2194,98.29753112792969,556446.1237068237,8639172.050922941,578.293603515625,2024-03-17 15:28:30.800000+00:00,0,2024-04-29,100 MHz,20240317,96.67174482345581,97.92235565185547,98.42259216308594,0.3954778899822725,0.3708253257751465,8,1.9838149738164903,0.4064400990804037,2.0586954186365825,2.063278499365474,95.89733332988492,100.44761448505649,97.1719868183136,95.67126107215881,1.4290132538801463,1.6687320376217365,6.0,6.0,0.26761403633428116,0.0,1.6900544032155647,1.4538556160115246,97.43960085464788,95.40364703582453,0.9834605581053913,0.014537631184453165,certain_temperate,479.99607238769534,576.6678172111511,POINT (556446.1237068237 8639172.050922941),ragna_mariebreen
ragna_mariebreen-20240317-DAT_0332_A1_2,1850.0,2199,98.04741668701172,556442.4393652596,8639175.660647007,578.4979248046875,2024-03-17 15:28:31.800000+00:00,0,2024-04-29,100 MHz,20240317,96.42163038253784,97.67222595214844,98.17247772216797,0.4604150981642627,0.3708366371154785,8,1.9788578442118074,0.4064400990804037,2.0539210630319285,2.07196862533116,95.6520596417326,100.1926440325838,96.92187237739563,95.42114663124084,1.4290132538801463,1.6687320376217365,6.0,6.0,0.26761403633428116,0.0,1.6900544032155647,1.4538556160115246,97.18948641372991,95.15353259490657,0.9834183667514287,0.014574716011558587,certain_temperate,480.4505081176758,576.8721385002136,POINT (556442.4393652596 8639175.660647007),ragna_mariebreen
ragna_mariebreen-20240317-DAT_0332_A1_2,1855.0,2204,97.92235565185547,556438.7879475802,8639179.234493945,578.7197875976562,2024-03-17 15:28:32.800000+00:00,0,2024-04-29,100 MHz,20240317,96.29656934738159,97.54717254638672,98.04741668701172,0.5066226232121368,0.37083098144531246,8,1.9763792891455296,0.2709738413492839,2.029043502258803,2.0581954230853112,95.5523036491258,100.04228558427263,96.79681134223938,95.2960855960846,1.4290132538801463,1.6687320376217365,6.0,6.0,0.26761403633428116,0.0,1.6900544032155647,1.4538556160115246,97.06442537857366,95.02847155975032,0.9833971896034236,0.014593330035489897,certain_temperate,480.7974319458008,577.0940012931824,POINT (556438.7879475802 8639179.234493945),ragna_mariebreen
ragna_mariebreen-20240317-DAT_0332_A1_2,1860.0,2209,97.79728698730469,556435.1757785935,8639182.809955021,578.92158203125,2024-03-17 15:28:33.800000+00:00,0,2024-04-29,100 MHz,20240317,96.17150068283081,97.422119140625,97.92235565185547,0.5662347300222992,0.4635330711364746,8,1.9739006400604093,0.2709738413492839,2.045623002306068,2.0713117411461526,95.42970589043655,99.91476890204392,96.6717426776886,95.17101693153381,1.429013253880146,1.6687320376217365,6.0,6.0,0.26761403633428116,0.0,1.6900544032155647,1.4538556160115244,96.93935671402288,94.90340289519953,0.9833759569967936,0.01461199280574777,certain_temperate,481.12429504394527,577.2957957267761,POINT (556435.1757785935 8639182.809955021),ragna_mariebreen
ragna_mariebreen-20240317-DAT_0332_A1_2,1865.0,2214,97.67222595214844,556431.7344762012,8639186.243485356,579.0767700195313,2024-03-17 15:28:34.800000+00:00,0,2024-04-29,100 MHz,20240317,96.04643964767456,97.29705047607422,97.79728698730469,0.5957993573852114,0.46352741546630855,8,1.9714221995754782,0.2709573109944662,2.04322808767138,2.0772337922393325,95.30709486014698,99.78724260323193,96.54668164253235,95.04595589637756,1.4290132538801463,1.6687320376217365,6.0,6.0,0.26761403633428116,0.0,1.6900544032155647,1.4538556160115246,96.81429567886663,94.77834186004328,0.9833546713139273,0.014630702228290039,certain_temperate,481.40454406738286,577.4509837150574,POINT (556431.7344762012 8639186.243485356),ragna_mariebreen
ragna_mariebreen-20240317-DAT_0332_A1_2,1870.0,2219,97.54717254638672,556428.4280933202,8639189.64530985,579.2000122070312,2024-03-17 15:28:35.800000+00:00,0,2024-04-29,100 MHz,20240317,95.92138624191284,97.17198944091797,97.67222595214844,0.6270861739472354,0.46352741546630855,8,1.968943967896958,0.4064400990804037,2.0631993524008245,2.1059845612952834,95.16153329793491,99.6826820951315,96.42162823677063,94.92090249061584,1.429013253880146,1.6687320376217365,6.0,6.0,0.26761403633428116,0.0,1.6900544032155647,1.4538556160115244,96.68924227310491,94.65328845428157,0.9833333323556789,0.014649458478159435,certain_temperate,481.65283966064453,577.5742259025574,POINT (556428.4280933202 8639189.64530985),ragna_mariebreen
ragna_mariebreen-20240317-DAT_0332_A1_2,1875.0,2225,97.29705047607422,556424.4886990318,8639193.728663161,579.317626953125,2024-03-17 15:28:37+00:00,0,2024-04-29,100 MHz,20240317,95.67126417160034,97.04693603515625,97.67222595214844,0.6765762095866692,0.46352741546630855,8,1.9639873758600113,0.40644836425781256,2.058471362500392,2.1166487787831048,95.04133221452135,99.67782977278334,96.17150616645813,94.67078042030334,1.4290132538801463,1.6687320376217365,6.0,6.0,0.26761403633428116,0.0,1.6900544032155647,1.4538556160115246,96.43912020279241,94.40316638396907,0.9832904872602107,0.014687117922773487,certain_temperate,482.0205764770508,577.6918406486511,POINT (556424.4886990318 8639193.728663161),ragna_mariebreen
ragna_mariebreen-20240317-DAT_0332_A1_2,1880.0,2230,97.17198944091797,556421.1982884357,8639197.317318287,579.4623413085938,2024-03-17 15:28:38+00:00,0,2024-04-29,100 MHz,20240317,95.54620313644409,96.92186737060547,97.54717254638672,0.7213294287688694,0.4635387268066406,8,1.9615091671369649,0.2709573109944662,2.033667678946888,2.107427868742303,94.94173200221681,99.52730791477538,96.04644513130188,94.5457193851471,1.429013253880146,1.6687320376217365,6.0,6.0,0.26761403633428116,0.0,1.6900544032155647,1.4538556160115244,96.31405916763616,94.27810534881282,0.983268981999567,0.014706020347036403,certain_temperate,482.2903518676758,577.8365550041199,POINT (556421.1982884357 8639197.317318287),ragna_mariebreen
ragna_mariebreen-20240317-DAT_0332_A1_2,1885.0,2235,97.04693603515625,556417.6725245876,8639200.896359053,579.6252746582031,2024-03-17 15:28:39+00:00,0,2024-04-29,100 MHz,20240317,95.42114973068237,96.79681396484375,97.422119140625,0.7456968437907616,0.4635387268066406,8,1.9590311680840313,0.4064400990804037,2.0537440986926034,2.1351956478282443,94.79606493718806,99.42286816828069,95.92139172554016,94.42066597938538,1.4290132538801463,1.6687320376217365,6.0,6.0,0.26761403633428116,0.0,1.6900544032155647,1.4538556160115246,96.18900576187444,94.1530519430511,0.9832474226297581,0.014724970331494768,certain_temperate,482.5783386230469,577.9994883537292,POINT (556417.6725245876 8639200.896359053),ragna_mariebreen
ragna_mariebreen-20240317-DAT_0332_A1_2,1890.0,2240,96.79681396484375,556414.1467607395,8639204.475399816,579.7882080078125,2024-03-17 15:28:40+00:00,0,2024-04-29,100 MHz,20240317,95.17102766036987,96.67174530029297,97.29705047607422,0.7937733607932719,0.4635387268066406,8,1.9540750439780525,0.4064566294352214,2.049020356257885,2.147950748368015,94.67584543579333,99.29295034057385,95.67126965522766,94.17054390907288,1.4290132538801463,1.6687320376217365,6.0,6.0,0.26761403633428116,0.0,1.6900544032155647,1.4538556160115246,95.93888369156194,93.9029298727386,0.983204134125072,0.014763019518381656,certain_temperate,482.99139404296875,578.1624217033386,POINT (556414.1467607395 8639204.475399816),ragna_mariebreen
ragna_mariebreen-20240317-DAT_0332_A1_2,1895.0,2245,96.67174530029297,556410.3071871444,8639208.041622775,579.9971923828125,2024-03-17 15:28:41+00:00,0,2024-04-29,100 MHz,20240317,95.04595899581909,96.67174530029297,97.17198944091797,0.8207585302855391,0.37083098144531246,8,1.951596919387271,0.270965576171875,2.004911094296138,2.13443141006417,94.70142733630034,99.1423074049106,95.54620099067688,94.0454752445221,1.4290132538801463,1.6687320376217365,6.0,6.0,0.26761403633428116,0.0,1.6900544032155647,1.4538556160115246,95.81381502701116,93.77786120818782,0.9831824045441233,0.014782119112892603,certain_temperate,483.32544708251953,578.3714060783386,POINT (556410.3071871444 8639208.041622775),ragna_mariebreen
ragna_mariebreen-20240317-DAT_0332_A1_2,1900.0,2249,96.54669189453125,556407.3924615516,8639210.9010245,580.1629638671875,2024-03-17 15:28:41.800000+00:00,0,2024-04-29,100 MHz,20240317,94.92090559005737,96.54669189453125,97.17198944091797,0.858508637087255,0.4635330711364746,8,1.9491191565194312,0.13547452290852866,2.00805421757121,2.134117127203127,94.59287029759147,99.12581103785774,95.42114758491516,93.92042183876038,1.4290132538801463,1.6687320376217365,6.0,6.0,0.26761403633428116,0.0,1.6900544032155647,1.4538556160115246,95.68876162124944,93.6528078024261,0.983160621326623,0.014801265852187016,certain_temperate,483.61627197265625,578.5371775627136,POINT (556407.3924615516 8639210.9010245),ragna_mariebreen
ragna_mariebreen-20240317-DAT_0332_A1_2,1905.0,2254,96.54669189453125,556403.6863025668,8639214.47271819,580.3231567382812,2024-03-17 15:28:42.800000+00:00,0,2024-04-29,100 MHz,20240317,94.92090559005737,96.421630859375,97.04693603515625,0.9041427691128322,0.4635387268066406,8,1.9491191565194312,0.0,2.0034803811269377,2.148613421081149,94.47251170285557,98.99605519167568,95.42114758491516,93.92042183876038,1.4290132538801463,1.6687320376217365,6.0,6.0,0.26761403633428116,0.0,1.6900544032155647,1.4538556160115246,95.68876162124944,93.6528078024261,0.983160621326623,0.014801265852187016,certain_temperate,483.77646484375,578.6973704338074,POINT (556403.6863025668 8639214.47271819),ragna_mariebreen
ragna_mariebreen-20240317-DAT_0332_A1_2,1910.0,2259,96.54669189453125,556399.9017036654,8639218.041215187,580.4516723632812,2024-03-17 15:28:43.800000+00:00,0,2024-04-29,100 MHz,20240317,94.92090559005737,96.29656219482422,96.92186737060547,0.8987223025682575,0.4635387268066406,8,1.9491191565194312,0.40644836425781256,2.0442930099103678,2.1844833568266115,94.30551579679155,98.91291376863813,95.42114758491516,93.92042183876038,1.429013253880146,1.6687320376217365,6.0,6.0,0.26761403633428116,0.0,1.6900544032155647,1.4538556160115244,95.68876162124944,93.6528078024261,0.983160621326623,0.014801265852187013,certain_temperate,483.90498046874995,578.8258860588073,POINT (556399.9017036654 8639218.041215187),ragna_mariebreen
ragna_mariebreen-20240317-DAT_0332_A1_2,1915.0,2265,96.1715087890625,556396.0147377007,8639221.84247186,580.6238625266335,2024-03-17 15:28:44.909091072+00:00,0,2024-04-29,100 MHz,20240317,94.54572248458862,96.04644012451172,96.79681396484375,1.0802422125374718,0.5562577835083008,9,1.9416857730090857,0.5419394175211589,2.091235207977006,2.2870866208162988,94.03054281230331,98.81271127705216,95.04596447944641,93.54523873329163,1.4290132538801463,1.6687320376217365,6.0,6.0,0.26761403633428116,0.0,1.6900544032155647,1.4538556160115246,95.31357851578069,93.27762469695735,0.9830949277499661,0.014859008368210885,certain_temperate,484.452353737571,578.9980762221596,POINT (556396.0147377007 8639221.84247186),ragna_mariebreen
ragna_mariebreen-20240317-DAT_0332_A1_2,1920.0,2270,96.04644012451172,556392.8878291121,8639224.930156989,580.7713456587358,2024-03-17 15:28:45.818181632+00:00,0,2024-04-29,100 MHz,20240317,94.42065382003784,95.92138671875,96.79681396484375,1.048403200312835,0.7416619628906249,9,1.9392079476519701,0.270965576171875,2.0938033037765265,2.221058098774752,93.96333927098304,98.75486141261071,94.92089581489563,93.42017006874084,1.4290132538801463,1.6687320376217365,6.0,6.0,0.26761403633428116,0.0,1.6900544032155647,1.4538556160115246,95.18850985122991,93.15255603240657,0.9830729144946314,0.014878357303275545,certain_temperate,484.72490553422404,579.1455593542619,POINT (556392.8878291121 8639224.930156989),ragna_mariebreen
ragna_mariebreen-20240317-DAT_0332_A1_2,1925.0,2276,95.92138671875,556388.9873849632,8639228.764723897,581.0068969726562,2024-03-17 15:28:47+00:00,0,2024-04-29,100 MHz,20240317,94.29560041427612,95.79632568359375,96.67174530029297,1.0159936091839321,0.7416619628906249,9,1.936730485126724,0.2709573109944662,2.0915079018735074,2.2037662875865807,93.84073297640737,98.62733800747935,94.79584240913391,93.29511666297913,1.4290132538801463,1.6687320376217365,6.0,6.0,0.26761403633428116,0.0,1.6900544032155647,1.4538556160115246,95.06345644546819,93.02750262664485,0.9830508465308073,0.014897754325322045,certain_temperate,485.08551025390625,579.3811106681824,POINT (556388.9873849632 8639228.764723897),ragna_mariebreen
ragna_mariebreen-20240317-DAT_0332_A1_2,1930.0,2281,95.79632568359375,556385.4845602678,8639231.7862906,581.2122802734375,2024-03-17 15:28:48+00:00,0,2024-04-29,100 MHz,20240317,94.17053937911987,95.6712646484375,96.54669189453125,0.978309167306219,0.741673274230957,9,1.9342529322172073,0.1354827880859375,2.0759983712341565,2.1718146372316838,93.73227264441624,98.48568389855251,94.67078137397766,93.17005562782288,1.4290132538801463,1.6687320376217365,6.0,6.0,0.26761403633428116,0.0,1.6900544032155647,1.4538556160115246,94.93839541031194,92.9024415914886,0.9830287195999177,0.014917203177500175,certain_temperate,485.41595458984375,579.5864939689636,POINT (556385.4845602678 8639231.7862906),ragna_mariebreen
ragna_mariebreen-20240317-DAT_0332_A1_2,1935.0,2287,95.79632568359375,556381.4525296157,8639235.642578892,581.3981323242188,2024-03-17 15:28:49.200000+00:00,0,2024-04-29,100 MHz,20240317,94.17053937911987,95.42115020751953,96.421630859375,0.9395720683517618,0.741650651550293,9,1.9342529322172073,0.1354827880859375,2.075990289139951,2.1546428157087223,93.48215820349827,98.36062286339626,94.67078137397766,93.17005562782288,1.462013580084071,1.6687320376217365,6.0,6.0,0.26761403633428116,0.0,1.6900544032155647,1.4863044710937825,94.93839541031194,92.9024415914886,0.9830287195999177,0.015261687435830935,certain_temperate,485.601806640625,579.7723460197449,POINT (556381.4525296157 8639235.642578892),ragna_mariebreen
ragna_mariebreen-20240317-DAT_0332_A1_2,1940.0,2292,95.6712646484375,556377.9939993429,8639238.905915491,581.5384318033854,2024-03-17 15:28:50.222222336+00:00,0,2024-04-29,100 MHz,20240317,94.04547834396362,95.42115020751953,96.421630859375,0.9217399465100404,0.8343527412414551,10,1.9317754403068041,0.270965576171875,2.121632199995992,2.1574946637790404,93.47046348350598,98.37231758338855,94.54572033882141,93.04499459266663,1.462013580084071,1.6687320376217365,6.0,6.0,0.26761403633428116,0.0,1.6900544032155647,1.4863044710937825,94.81333437515569,92.77738055633235,0.9830065348205844,0.015281637443139501,certain_temperate,485.8671671549479,579.9126454989115,POINT (556377.9939993429 8639238.905915491),ragna_mariebreen
ragna_mariebreen-20240317-DAT_0332_A1_2,1945.0,2297,95.54620361328125,556374.2721610584,8639242.37362092,581.7272338867188,2024-03-17 15:28:51.333333248+00:00,0,2024-04-29,100 MHz,20240317,93.92041730880737,95.42115020751953,96.29656219482422,0.8941786012358788,0.6489429061889648,10,1.929298009630508,0.1354827880859375,2.0400179634809,2.130751455881218,93.48710098481816,98.2306114175256,94.42065930366516,92.91993355751038,1.462013580084071,1.6687320376217365,6.0,6.0,0.26761403633428116,0.0,1.6900544032155647,1.4863044710937825,94.68827333999944,92.6523195211761,0.9829842919656528,0.015301639675831622,certain_temperate,486.1810302734375,580.1014475822449,POINT (556374.2721610584 8639242.37362092),ragna_mariebreen
ragna_mariebreen-20240317-DAT_0332_A1_2,1950.0,2302,95.54620361328125,556370.7133778352,8639245.740434103,581.9199340820312,2024-03-17 15:28:52.400000+00:00,0,2024-04-29,100 MHz,20240317,93.92041730880737,95.42115020751953,96.29656219482422,0.8832275798356615,0.6489429061889648,10,1.929298009630508,0.0,2.035514113303374,2.121858093216085,93.49185219788902,98.22586020445473,94.42065930366516,92.91993355751038,1.462013580084071,1.6687320376217365,6.0,6.0,0.26761403633428116,0.0,1.6900544032155647,1.4863044710937825,94.68827333999944,92.6523195211761,0.9829842919656528,0.015301639675831622,certain_temperate,486.37373046874995,580.2941477775573,POINT (556370.7133778352 8639245.740434103),ragna_mariebreen
ragna_mariebreen-20240317-DAT_0332_A1_2,1955.0,2307,95.54620361328125,556367.4589112202,8639249.032816464,582.11533203125,2024-03-17 15:28:53.400000+00:00,0,2024-04-29,100 MHz,20240317,93.92041730880737,95.42115020751953,96.29656219482422,0.8832275798356627,0.6489429061889648,10,1.929298009630508,0.1354827880859375,2.0400179634809,2.1261790502246374,93.48710098481816,98.2306114175256,94.42065930366516,92.91993355751038,1.462013580084071,1.6687320376217365,6.0,6.0,0.26761403633428116,0.0,1.6900544032155647,1.4863044710937825,94.68827333999944,92.6523195211761,0.9829842919656528,0.015301639675831622,certain_temperate,486.5691284179687,580.4895457267761,POINT (556367.4589112202 8639249.032816464),ragna_mariebreen
ragna_mariebreen-20240317-DAT_0332_A1_2,1960.0,2313,95.6712646484375,556363.5950266623,8639253.00771847,582.356298828125,2024-03-17 15:28:54.600000+00:00,0,2024-04-29,100 MHz,20240317,94.04547834396362,95.42115020751953,96.1715087890625,0.8295553081557054,0.6489429061889648,10,1.9317754403068041,0.1354827880859375,2.0423610927387608,2.1067211364889737,93.48462963245711,98.10802936412492,94.54572033882141,93.04499459266663,1.4876415992476149,1.6687320376217365,6.0,6.0,0.26761403633428116,0.0,1.6900544032155647,1.5115206913089636,94.81333437515569,92.77738055633235,0.9830065348205844,0.01554951327040821,certain_temperate,486.6850341796875,580.7305125236511,POINT (556363.5950266623 8639253.00771847),ragna_mariebreen
ragna_mariebreen-20240317-DAT_0332_A1_2,1965.0,2318,95.6712646484375,556360.4142411349,8639256.228662316,582.5593994140625,2024-03-17 15:28:55.600000+00:00,0,2024-04-29,100 MHz,20240317,94.04547834396362,95.42115020751953,96.1715087890625,0.7853293535678844,0.6489372505187988,10,1.9317754403068041,0.0,2.0378606200826015,2.085305384193859,93.48937476721272,98.10328422936931,94.54572033882141,93.04499459266663,1.4876415992476149,1.6687320376217365,6.0,6.0,0.26761403633428116,0.0,1.6900544032155647,1.5115206913089636,94.81333437515569,92.77738055633235,0.9830065348205844,0.01554951327040821,certain_temperate,486.88813476562495,580.9336131095886,POINT (556360.4142411349 8639256.228662316),ragna_mariebreen
ragna_mariebreen-20240317-DAT_0332_A1_2,1970.0,2324,95.6712646484375,556356.6412526995,8639260.095599227,582.7831787109375,2024-03-17 15:28:56.800000+00:00,0,2024-04-29,100 MHz,20240317,94.04547834396362,95.42115020751953,96.04644012451172,0.7970790490617127,0.5562408164978027,10,1.9317754403068041,0.1354827880859375,2.0148240080905895,2.0941458755524196,93.48462963245711,97.98296069957414,94.54572033882141,93.04499459266663,1.4876415992476149,1.6687320376217365,6.0,6.0,0.26761403633428116,0.0,1.6900544032155647,1.5115206913089636,94.81333437515569,92.77738055633235,0.9830065348205844,0.01554951327040821,certain_temperate,487.1119140625,581.1573924064636,POINT (556356.6412526995 8639260.095599227),ragna_mariebreen
ragna_mariebreen-20240317-DAT_0332_A1_2,1975.0,2329,95.79632568359375,556353.4840359285,8639263.317520576,582.929931640625,2024-03-17 15:28:57.800000+00:00,0,2024-04-29,100 MHz,20240317,94.17053937911987,95.54620361328125,96.04644012451172,0.7433841970879712,0.4635387268066406,10,1.9342529322172073,0.1354827880859375,1.9936293895576291,2.0766102321183264,93.60721160925999,97.98543212853298,94.67078137397766,93.17005562782288,1.4876415992476149,1.6687320376217365,6.0,6.0,0.26761403633428116,0.0,1.6900544032155647,1.5115206913089636,94.93839541031194,92.9024415914886,0.9830287195999177,0.015529213554193667,certain_temperate,487.13360595703125,581.3041453361511,POINT (556353.4840359285 8639263.317520576),ragna_mariebreen
ragna_mariebreen-20240317-DAT_0332_A1_2,1980.0,2335,95.79632568359375,556349.6637569709,8639266.996382842,583.1045532226562,2024-03-17 15:28:59+00:00,0,2024-04-29,100 MHz,20240317,94.17053937911987,95.6712646484375,95.92138671875,0.6824440850371242,0.37083098144531246,10,1.9342529322172073,0.0,1.969479632438619,2.051112950325511,93.7370117162203,97.8556396509672,94.67078137397766,93.17005562782288,1.4876415992476149,1.6687320376217365,6.0,6.0,0.26761403633428116,0.0,1.6900544032155647,1.5115206913089636,94.93839541031194,92.9024415914886,0.9830287195999177,0.015529213554193667,certain_temperate,487.3082275390625,581.4787669181824,POINT (556349.6637569709 8639266.996382842),ragna_mariebreen
ragna_mariebreen-20240317-DAT_0332_A1_2,1985.0,2341,95.79632568359375,556346.0049657414,8639270.570154035,583.3022216796875,2024-03-17 15:29:00.200000+00:00,0,2024-04-29,100 MHz,20240317,94.17053937911987,95.79632568359375,95.92138671875,0.6188783429585618,0.18541549072265623,10,1.9342529322172073,0.0,1.9431194790827424,2.030848297922324,93.86207275137654,97.8556396509672,94.67078137397766,93.17005562782288,1.4876415992476149,1.6687320376217365,6.0,6.0,0.26761403633428116,0.0,1.6900544032155647,1.5115206913089636,94.93839541031194,92.9024415914886,0.9830287195999177,0.015529213554193667,certain_temperate,487.5058959960937,581.6764353752136,POINT (556346.0049657414 8639270.570154035),ragna_mariebreen
ragna_mariebreen-20240317-DAT_0332_A1_2,1990.0,2347,95.79632568359375,556342.6854856305,8639273.661363691,583.5203450520834,2024-03-17 15:29:01.333333248+00:00,0,2024-04-29,100 MHz,20240317,94.17053937911987,95.79632568359375,95.92138671875,0.5955532940929904,0.09270774536132811,10,1.9342529322172073,0.0,1.9364733749372454,2.023862182041029,93.86207275137654,97.8556396509672,94.67078137397766,93.17005562782288,1.4876415992476149,1.6687320376217365,6.0,6.0,0.26761403633428116,0.0,1.6900544032155647,1.5115206913089636,94.93839541031194,92.9024415914886,0.9830287195999177,0.015529213554193667,certain_temperate,487.7240193684896,581.8945587476095,POINT (556342.6854856305 8639273.661363691),ragna_mariebreen
ragna_mariebreen-20240317-DAT_0332_A1_2,1995.0,2354,95.79632568359375,556339.1024832623,8639277.176193593,583.7949462890625,2024-03-17 15:29:02.600000+00:00,0,2024-04-29,100 MHz,20240317,94.17053937911987,95.79632568359375,96.04644012451172,0.5668478979122006,0.18540983505249023,10,1.9342529322172073,0.1354827880859375,1.9478364404108972,2.020150125863393,93.85733367957249,97.98543212853298,94.67078137397766,93.17005562782288,1.4876415992476149,1.6687320376217365,6.0,6.0,0.26761403633428116,0.0,1.6900544032155647,1.5115206913089636,94.93839541031194,92.9024415914886,0.9830287195999177,0.015529213554193667,certain_temperate,487.9986206054688,582.1691599845886,POINT (556339.1024832623 8639277.176193593),ragna_mariebreen
ragna_mariebreen-20240317-DAT_0332_A1_2,2000.0,2361,95.92138671875,556335.0908288162,8639280.82866313,584.0877075195312,2024-03-17 15:29:04+00:00,0,2024-04-29,100 MHz,20240317,94.29560041427612,95.6712646484375,96.1715087890625,0.5660831358067643,0.4635330711364746,10,1.936730485126724,0.2709573109944662,2.0097775360566055,2.035876458198131,93.71567194125112,98.12710149624888,94.79584240913391,93.29511666297913,1.4876415992476149,1.6687320376217365,6.0,6.0,0.26761403633428116,0.0,1.6900544032155647,1.5115206913089636,95.06345644546819,93.02750262664485,0.9830508465308073,0.015508966770982072,certain_temperate,488.16632080078125,582.4619212150574,POINT (556335.0908288162 8639280.82866313),ragna_mariebreen
ragna_mariebreen-20240317-DAT_0332_A1_2,2005.0,2367,96.04644012451172,556331.4316563307,8639284.076670516,584.3276519775391,2024-03-17 15:29:05.249999872+00:00,0,2024-04-29,100 MHz,20240317,94.42065382003784,95.6712646484375,96.29656219482422,0.5498890656888249,0.4635387268066406,10,1.9392079476519701,0.13547452290852866,1.9984366294289597,2.020212561875108,93.72733028468087,98.24049655858084,94.92089581489563,93.42017006874084,1.4876415992476149,1.6687320376217365,6.0,6.0,0.26761403633428116,0.0,1.6900544032155647,1.5115206913089636,95.18850985122991,93.15255603240657,0.9830729144946314,0.01548877394434485,certain_temperate,488.28121185302734,582.7018656730652,POINT (556331.4316563307 8639284.076670516),ragna_mariebreen
ragna_mariebreen-20240317-DAT_0332_A1_2,2010.0,2373,96.04644012451172,556327.7687112425,8639287.417615764,584.5152282714844,2024-03-17 15:29:06.500000+00:00,0,2024-04-29,100 MHz,20240317,94.42065382003784,95.6712646484375,96.421630859375,0.5721908441907303,0.5562408164978027,10,1.9392079476519701,0.13549105326334634,2.0219518133944536,2.0263977032968326,93.72732913259574,98.36556637521676,94.92089581489563,93.29510974884033,1.4916662726690202,1.7614392527639864,6.0,6.0,0.26761403633428116,0.0,1.781652467127323,1.5154819502262022,95.18850985122991,93.02749571250605,0.9830729144946314,0.015530677354988575,certain_temperate,488.46878814697266,582.8894419670105,POINT (556327.7687112425 8639287.417615764),ragna_mariebreen
ragna_mariebreen-20240317-DAT_0332_A1_2,2015.0,2380,96.1715087890625,556323.9882940807,8639290.893393885,584.7487548828125,2024-03-17 15:29:07.800000+00:00,0,2024-04-29,100 MHz,20240317,94.54572248458862,95.79632568359375,96.67174530029297,0.6323489385483618,0.6489542175292968,10,1.9416857730090857,0.270965576171875,2.0651168395577786,2.0599590201407616,93.83582422106534,98.63224676282138,95.04596447944641,93.42017841339111,1.4916662726690202,1.7614392527639864,6.0,6.0,0.26761403633428116,0.0,1.781652467127323,1.5154819502262022,95.31357851578069,93.15256437705683,0.9830949277499661,0.015510480093857757,certain_temperate,488.57724609375,583.1229685783386,POINT (556323.9882940807 8639290.893393885),ragna_mariebreen
ragna_mariebreen-20240317-DAT_0332_A1_2,2020.0,2386,96.29656219482422,556320.3840305635,8639294.097132064,585.0260009765625,2024-03-17 15:29:09+00:00,0,2024-04-29,100 MHz,20240317,94.67077589035034,95.92138671875,96.67174530029297,0.6513027746448624,0.6489542175292968,10,1.9441633563609464,0.13547452290852866,2.05408521707913,2.0548284129907417,93.97250896409889,98.62062305494408,95.17101788520813,93.54523181915283,1.4916662726690202,1.7614392527639864,6.0,6.0,0.26761403633428116,0.0,1.781652467127323,1.5154819502262022,95.43863192154241,93.27761778281855,0.983116881149042,0.015490337751114388,certain_temperate,488.7294387817383,583.4002146720886,POINT (556320.3840305635 8639294.097132064),ragna_mariebreen
ragna_mariebreen-20240317-DAT_0332_A1_2,2025.0,2392,96.29656219482422,556316.4725606774,8639297.511734083,585.3182373046875,2024-03-17 15:29:10.200000+00:00,0,2024-04-29,100 MHz,20240317,94.67077589035034,96.04644012451172,96.67174530029297,0.6470191261089011,0.6489542175292968,10,1.9441633563609464,0.13549105326334634,2.0540863073834394,2.053475768369765,94.09756122069777,98.62062420410692,95.17101788520813,93.54523181915283,1.4916662726690202,1.7614392527639864,6.0,6.0,0.26761403633428116,0.0,1.781652467127323,1.5154819502262022,95.43863192154241,93.27761778281855,0.983116881149042,0.015490337751114388,certain_temperate,489.0216751098633,583.6924510002136,POINT (556316.4725606774 8639297.511734083),ragna_mariebreen
ragna_mariebreen-20240317-DAT_0332_A1_2,2030.0,2398,96.421630859375,556312.6678994547,8639301.005164837,585.5764404296875,2024-03-17 15:29:11.400000+00:00,0,2024-04-29,100 MHz,20240317,94.79584455490112,96.1715087890625,96.67174530029297,0.661887583392313,0.4635387268066406,10,1.9466413020977005,0.13549105326334634,2.0056515988068724,2.0605497707155624,94.22015792759575,98.62309616175972,95.29608654975891,93.67030048370361,1.4916662726690202,1.7614392527639864,6.0,6.0,0.26761403633428116,0.0,1.781652467127323,1.5154819502262022,95.56370058609319,93.40268644736933,0.9831387802717734,0.015470245207162316,certain_temperate,489.1548095703125,583.9506541252136,POINT (556312.6678994547 8639301.005164837),ragna_mariebreen
ragna_mariebreen-20240317-DAT_0332_A1_2,2035.0,2404,96.421630859375,556309.1801108193,8639304.437078143,585.787451171875,2024-03-17 15:29:12.600000+00:00,0,2024-04-29,100 MHz,20240317,94.79584455490112,96.1715087890625,96.54669189453125,0.716721472537112,0.2781288917541504,10,1.9466413020977005,0.13549105326334634,1.9710722627482316,2.078812125648397,94.22015792759575,98.498042755998,95.29608654975891,93.67030048370361,1.4916662726690202,1.7614392527639864,6.0,6.0,0.26761403633428116,0.0,1.781652467127323,1.5154819502262022,95.56370058609319,93.40268644736933,0.9831387802717734,0.015470245207162316,certain_temperate,489.3658203125,584.1616648674011,POINT (556309.1801108193 8639304.437078143),ragna_mariebreen
ragna_mariebreen-20240317-DAT_0332_A1_2,2040.0,2411,96.29656219482422,556305.4664278257,8639307.8845997,586.0767923990885,2024-03-17 15:29:13.833333248+00:00,0,2024-04-29,100 MHz,20240317,94.67077589035034,96.1715087890625,96.54669189453125,0.7674222579405763,0.3708253257751465,10,1.9441633563609464,0.13549105326334634,1.9838448538046807,2.094532383066369,94.22262988524855,98.4955707983452,95.17101788520813,93.54523181915283,1.5243361652202847,1.7614392527639864,6.0,6.0,0.26761403633428116,0.0,1.781652467127323,1.5476491905601895,95.43863192154241,93.27761778281855,0.983116881149042,0.015829601083123767,certain_temperate,489.7802302042643,584.4510060946146,POINT (556305.4664278257 8639307.8845997),ragna_mariebreen
ragna_mariebreen-20240317-DAT_0332_A1_2,2045.0,2417,96.29656219482422,556302.0504511978,8639311.034013549,586.3399047851562,2024-03-17 15:29:15+00:00,0,2024-04-29,100 MHz,20240317,94.67077589035034,95.92138671875,96.54669189453125,0.8127326212981087,0.5562464721679687,10,1.9441633563609464,0.0,2.022172419457839,2.107203234132568,93.97722336238905,98.4908552508922,95.17101788520813,93.54523181915283,1.5243361652202847,1.7614392527639864,6.0,6.0,0.26761403633428116,0.0,1.781652467127323,1.5476491905601895,95.43863192154241,93.27761778281855,0.983116881149042,0.015829601083123767,certain_temperate,490.04334259033203,584.7141184806824,POINT (556302.0504511978 8639311.034013549),ragna_mariebreen
ragna_mariebreen-20240317-DAT_0332_A1_2,2050.0,2423,96.29656219482422,556298.4788927113,8639315.107891127,586.6189168294271,2024-03-17 15:29:16.333333248+00:00,0,2024-04-29,100 MHz,20240317,94.67077589035034,95.79632568359375,96.421630859375,0.8787898560077755,0.6489485618591309,10,1.9441633563609464,0.13547452290852866,2.0540834302707833,2.1378484776981086,93.84744792894264,98.37050861402611,95.17101788520813,93.54523181915283,1.5243361652202847,1.7614392527639864,6.0,6.0,0.26761403633428116,0.0,1.781652467127323,1.5476491905601895,95.43863192154241,93.27761778281855,0.983116881149042,0.015829601083123767,certain_temperate,490.3223546346029,584.9931305249532,POINT (556298.4788927113 8639315.107891127),ragna_mariebreen
ragna_mariebreen-20240317-DAT_0332_A1_2,2055.0,2428,96.1715087890625,556295.6216527268,8639318.366996069,586.83720703125,2024-03-17 15:29:17.400000+00:00,0,2024-04-29,100 MHz,20240317,94.54572248458862,95.79632568359375,96.421630859375,0.8404812098779798,0.6489485618591309,10,1.9416857730090857,0.4064400990804037,2.0872161917696532,2.1544711321817083,93.81255725072504,98.40539929224371,95.04596447944641,93.42017841339111,1.4986398930271996,1.6687319934368132,6.0,6.0,0.26761403633428116,0.0,1.6900543595880952,1.5223464787674659,95.31357851578069,93.15256437705683,0.9830949277499661,0.015582992425690617,certain_temperate,490.66569824218755,585.2114207267762,POINT (556295.6216527268 8639318.366996069),ragna_mariebreen
ragna_mariebreen-20240317-DAT_0332_A1_2,2060.0,2434,95.92138671875,556292.352830283,8639322.645605283,587.0626831054688,2024-03-17 15:29:18.750000128+00:00,0,2024-04-29,100 MHz,20240317,94.29560041427612,95.6712646484375,96.04644012451172,0.7865458639526559,0.741650651550293,10,1.936730485126724,0.54193115234375,2.1435158116619513,2.1594602895170008,93.66014199034332,98.0575627826059,94.79584240913391,93.17005634307861,1.4986398930271996,1.6687319934368132,6.0,6.0,0.26761403633428116,0.0,1.6900543595880952,1.5223464787674659,95.06345644546819,92.90244230674433,0.9830508465308073,0.015623626224476345,certain_temperate,491.14129638671875,585.4368968009949,POINT (556292.352830283 8639322.645605283),ragna_mariebreen
ragna_mariebreen-20240317-DAT_0332_A1_2,2065.0,2440,95.6712646484375,556289.4733596346,8639326.530556701,587.2802734375,2024-03-17 15:29:20+00:00,0,2024-04-29,100 MHz,20240317,94.04547834396362,95.42115020751953,96.04644012451172,0.7782174723245875,0.7416563072204589,10,1.9317754403068041,0.5419228871663412,2.1390397016996054,2.1519895914335923,93.41480109348,98.05278923855126,94.54572033882141,92.91993427276611,1.4986398930271996,1.6687319934368132,6.0,6.0,0.26761403633428116,0.0,1.6900543595880952,1.5223464787674659,94.81333437515569,92.65232023643183,0.9830065348205844,0.01566447248851827,certain_temperate,491.6090087890625,585.6544871330261,POINT (556289.4733596346 8639326.530556701),ragna_mariebreen
ragna_mariebreen-20240317-DAT_0332_A1_2,2070.0,2446,95.42115020751953,556286.5622116973,8639330.470068786,587.5446655273438,2024-03-17 15:29:21.200000+00:00,0,2024-04-29,100 MHz,20240317,93.79536390304565,95.29608917236328,95.79632568359375,0.765950375718512,0.6489542175292968,10,1.9268207915554578,0.5419228871663412,2.1041531205818096,2.1431282641196336,93.2945101011285,97.79790475482854,94.29560589790344,92.66981983184814,1.4986398930271996,1.6687319934368132,6.0,6.0,0.26761403633428116,0.0,1.6900543595880952,1.5223464787674659,94.56321993423772,92.40220579551386,0.982961992169051,0.015705531632850735,certain_temperate,492.12351531982426,585.9188792228699,POINT (556286.5622116973 8639330.470068786),ragna_mariebreen
ragna_mariebreen-20240317-DAT_0332_A1_2,2075.0,2452,95.17102813720703,556283.7054026417,8639334.362160124,587.8137613932291,2024-03-17 15:29:22.333333248+00:00,0,2024-04-29,100 MHz,20240317,93.54524183273315,94.9208984375,95.79632568359375,0.7831151757409405,0.8343697082519531,10,1.9218662384976801,0.6774139404296875,2.2019610113292534,2.1830549383470546,92.88313999122485,97.8340841298689,94.04548382759094,92.41969776153564,1.4986398930271996,1.6687319934368132,6.0,6.0,0.26761403633428116,0.0,1.6900543595880952,1.5223464787674659,94.31309786392522,92.15208372520136,0.9829172140272563,0.01574680785066887,certain_temperate,492.6427332560221,586.1879750887553,POINT (556283.7054026417 8639334.362160124),ragna_mariebreen
ragna_mariebreen-20240317-DAT_0332_A1_2,2080.0,2459,94.79584503173828,556280.5129775768,8639338.712171141,588.0651000976562,2024-03-17 15:29:23.600000+00:00,0,2024-04-29,100 MHz,20240317,93.1700587272644,94.54572296142578,95.29608917236328,0.8673456426199914,0.6489542175292968,10,1.9144348759131338,0.8128967285156251,2.17876193325315,2.253475193809736,92.46585229589296,97.3759598378961,93.67030072212219,92.0445146560669,1.4986398930271996,1.6687319934368132,6.0,6.0,0.26761403633428116,0.0,1.6900543595880952,1.5223464787674659,93.93791475845647,91.77690061973261,0.9828496037571103,0.015809130585053014,certain_temperate,493.26925506591795,586.4393137931824,POINT (556280.5129775768 8639338.712171141),ragna_mariebreen
ragna_mariebreen-20240317-DAT_0332_A1_2,2085.0,2465,94.42066192626953,556277.4748385058,8639342.68375114,588.2768432617188,2024-03-17 15:29:24.800000+00:00,0,2024-04-29,100 MHz,20240317,92.79487562179565,94.17053985595703,94.79584503173828,0.9447371688179551,0.5562408164978027,10,1.9070040795546173,0.6774139404296875,2.0987991928873453,2.2334015591184215,92.14679229113418,96.81959259656114,93.29511761665344,91.66933155059814,1.4986398930271996,1.6687319934368132,6.0,6.0,0.26761403633428116,0.0,1.6900543595880952,1.5223464787674659,93.56273165298772,91.40171751426386,0.9827814561844164,0.015871948601646594,certain_temperate,493.85618133544926,586.6510569572449,POINT (556277.4748385058 8639342.68375114),ragna_mariebreen
ragna_mariebreen-20240317-DAT_0332_A1_2,2090.0,2471,94.17053985595703,556274.3775144145,8639346.950778529,588.5535888671875,2024-03-17 15:29:26+00:00,0,2024-04-29,100 MHz,20240317,92.54475355148315,94.04547119140625,94.42066192626953,1.0647724521683979,0.4635443824768066,10,1.902050533162817,0.54193115234375,2.031344136061486,2.246158048642678,92.06772358248706,96.39840953518872,93.04499554634094,91.41920948028564,1.4986398930271996,1.6687319934368132,6.0,6.0,0.26761403633428116,0.0,1.6900543595880952,1.5223464787674659,93.31260958267522,91.15159544395136,0.9827357227965278,0.015914105359484128,certain_temperate,494.38304901123047,586.9278025627136,POINT (556274.3775144145 8639346.950778529),ragna_mariebreen
ragna_mariebreen-20240317-DAT_0332_A1_2,2095.0,2477,93.92041778564453,556271.6830791072,8639350.973623306,588.84443359375,2024-03-17 15:29:27.200000+00:00,0,2024-04-29,100 MHz,20240317,92.29463148117065,93.79535675048828,94.29560089111328,1.1483965015276951,0.37081967010498046,10,1.8970972433726232,0.40644836425781256,1.9752684504534122,2.254549344844975,91.85520772950565,96.23574991209591,92.79487347602844,91.16908740997314,1.4986398930271996,1.6687319934368132,6.0,6.0,0.26761403633428116,0.0,1.6900543595880952,1.5223464787674659,93.06248751236272,90.90147337363886,0.9826897458209308,0.015956486654984434,certain_temperate,494.9240158081054,587.2186472892761,POINT (556271.6830791072 8639350.973623306),ragna_mariebreen
ragna_mariebreen-20240317-DAT_0332_A1_2,2100.0,2483,93.79535675048828,556269.7691935635,8639355.546176033,589.065185546875,2024-03-17 15:29:28.363636224+00:00,0,2024-04-29,100 MHz,20240317,92.1695704460144,93.54523468017578,94.04547119140625,1.2165145189349296,0.37083098144531246,10,1.8946206953320621,0.2709573109944662,1.949492513543356,2.267799157408209,91.63133670913294,95.9593691624491,92.66981244087219,91.0440263748169,1.4986398930271996,1.6687319934368132,6.0,6.0,0.26761403633428116,0.0,1.6900543595880952,1.5223464787674659,92.93742647720647,90.77641233848261,0.9826666653787698,0.015977762065704792,certain_temperate,495.2698287963867,587.4393992424011,POINT (556269.7691935635 8639355.546176033),ragna_mariebreen
ragna_mariebreen-20240317-DAT_0332_A1_2,2105.0,2489,93.67030334472656,556268.8342664168,8639360.077429557,589.169189453125,2024-03-17 15:29:29.454545408+00:00,0,2024-04-29,100 MHz,20240317,92.04451704025269,93.42017364501953,93.79535675048828,1.2674456511601537,0.3708422927856445,10,1.8921443632760258,0.40644836425781256,1.9705163207656013,2.3134020495646395,91.48486732190551,95.7306630736023,92.54475903511047,90.91897296905518,1.4986398930271996,1.6687319934368132,6.0,6.0,0.26761403633428116,0.0,1.6900543595880952,1.5223464787674659,92.81237307144475,90.6513589327209,0.9826435247199891,0.01599909298373773,certain_temperate,495.49888610839844,587.5434031486511,POINT (556268.8342664168 8639360.077429557),ragna_mariebreen
ragna_mariebreen-20240317-DAT_0332_A1_2,2110.0,2495,93.42017364501953,556268.6341976481,8639365.0346724,589.2262817382813,2024-03-17 15:29:30.600000+00:00,0,2024-04-29,100 MHz,20240317,91.79438734054565,93.17005920410156,93.54523468017578,1.3839148631423717,0.46352741546630855,10,1.8871914416789413,0.54193115234375,2.017433660945445,2.402165951772116,91.20659774244083,95.50869614183651,92.29462933540344,90.66884326934814,1.5243361989621036,1.6687319934368132,6.0,6.0,0.26761403633428116,0.0,1.6900543595880952,1.547649223793738,92.56224337173772,90.40122923301386,0.9825970532804661,0.016316991710530502,certain_temperate,495.80610809326174,587.6004954338074,POINT (556268.6341976481 8639365.0346724),ragna_mariebreen
ragna_mariebreen-20240317-DAT_0332_A1_2,2115.0,2500,93.17005920410156,556269.3820508153,8639370.203203602,589.2272033691406,2024-03-17 15:29:31.750000128+00:00,0,2024-04-29,100 MHz,20240317,91.54427289962769,93.04499053955078,94.17053985595703,1.4886655731026024,0.5562464721679687,9,1.882239084930051,0.54193115234375,2.036154091545689,2.460211075346959,91.08628858501075,96.12924181049706,92.04451489448547,90.41872882843018,1.5243361989621036,1.6687319934368132,6.0,6.0,0.26761403633428116,0.0,1.6900543595880952,1.547649223793738,92.31212893081975,90.1511147920959,0.9825503351788972,0.016360794572673178,certain_temperate,496.05714416503906,587.6014170646667,POINT (556269.3820508153 8639370.203203602),ragna_mariebreen
ragna_mariebreen-20240317-DAT_0332_A1_2,2120.0,2505,92.91992950439453,556270.5995400484,8639374.646251978,589.1933715820312,2024-03-17 15:29:32.800000+00:00,0,2024-04-29,100 MHz,20240317,91.29414319992065,92.79487609863281,93.92041778564453,1.5544758583942402,0.5562238494873046,9,1.8772866908494983,0.5419228871663412,2.0315685334277647,2.4968542067181,90.84093502089394,95.8743588633834,91.79438519477844,90.16859912872314,1.5243361989621036,1.6687319934368132,6.0,6.0,0.26761403633428116,0.0,1.6900543595880952,1.547649223793738,92.06199923111272,89.90098509238886,0.9825033627000654,0.016404835938774707,certain_temperate,496.2734420776367,587.5675852775573,POINT (556270.5995400484 8639374.646251978),ragna_mariebreen
ragna_mariebreen-20240317-DAT_0332_A1_2,2125.0,2511,92.6698226928711,556273.3012315136,8639379.112615198,589.0341796875,2024-03-17 15:29:34+00:00,0,2024-04-29,100 MHz,20240317,91.04403638839722,92.6698226928711,93.79535675048828,1.6449126378014671,0.5562577835083008,9,1.872335016809563,0.54193115234375,2.027005306052616,2.550502965113131,90.72063625000528,95.74454319335409,91.544278383255,89.9184923171997,1.5243361989621036,1.6687319934368132,6.0,6.0,0.26761403633428116,0.0,1.6900543595880952,1.547649223793738,91.81189241958928,89.65087828086543,0.9824561409827868,0.01644911099068465,certain_temperate,496.3643569946289,587.4083933830261,POINT (556273.3012315136 8639379.112615198),ragna_mariebreen
ragna_mariebreen-20240317-DAT_0332_A1_2,2130.0,2516,92.41968536376953,556276.7395853197,8639382.383770747,588.7890125621449,2024-03-17 15:29:34.909091072+00:00,0,2024-04-29,100 MHz,20240317,90.79389905929565,92.41968536376953,93.79535675048828,1.7216968144011529,0.741650651550293,9,1.8673830076059015,0.5419394175211588,2.0810726364794214,2.5971248622423824,90.47525289403487,95.73978922022295,91.29414105415344,89.66835498809814,1.5243361989621036,1.6687319934368132,6.0,6.0,0.26761403633428116,0.0,1.6900543595880952,1.547649223793738,91.56175509048772,89.40074095176386,0.9824086578733234,0.016493631123739742,certain_temperate,496.36932719837534,587.163226257671,POINT (556276.7395853197 8639382.383770747),ragna_mariebreen
ragna_mariebreen-20240317-DAT_0332_A1_2,2135.0,2522,92.16957092285156,556280.8656098869,8639386.309157405,588.4948120117188,2024-03-17 15:29:36+00:00,0,2024-04-29,100 MHz,20240317,90.54378461837769,92.04451751708984,93.79535675048828,1.8036481405622715,0.9270774536132812,9,1.8624317226789886,0.5419228871663412,2.1498383525916114,2.648674942726923,90.10484426180282,95.7350300057753,91.04402661323547,89.41824054718018,1.5243361989621034,1.6687319934368132,6.0,6.0,0.26761403633428116,0.0,1.6900543595880952,1.5476492237937378,91.31164064956975,89.1506265108459,0.9823609214169533,0.016538388794692493,certain_temperate,496.3252410888672,586.8690257072449,POINT (556280.8656098869 8639386.309157405),ragna_mariebreen
ragna_mariebreen-20240317-DAT_0332_A1_2,2140.0,2527,91.91944885253906,556284.9805227009,8639389.455620633,588.2036743164062,2024-03-17 15:29:37+00:00,0,2024-04-29,100 MHz,20240317,90.29366254806519,91.79439544677734,93.67030334472656,1.8409610502559253,0.9270774536132812,9,1.85748056004412,0.54193115234375,2.145552611757756,2.6707790985743918,89.85947337991718,95.60522541158673,90.79390454292297,89.16811847686768,1.5243361989621036,1.6687319934368132,6.0,6.0,0.26761403633428116,0.0,1.6900543595880952,1.547649223793738,91.06151857925725,88.9005044405334,0.9823129237090833,0.016583391414884418,certain_temperate,496.2842254638672,586.5778880119324,POINT (556284.9805227009 8639389.455620633),ragna_mariebreen
ragna_mariebreen-20240317-DAT_0332_A1_2,2145.0,2532,91.66932678222656,556288.742397825,8639392.587689646,587.971435546875,2024-03-17 15:29:38+00:00,0,2024-04-29,100 MHz,20240317,90.04354047775269,91.54426574707031,93.67030334472656,1.8960655887219091,0.9270887649536133,9,1.8525296729290617,0.54193115234375,2.141272785300018,2.705664480252243,89.6140959195776,95.60047317221928,90.54378247261047,88.91799640655518,1.5573251808593964,1.6687319934368132,6.0,6.0,0.26761403633428116,0.0,1.6900543595880952,1.5801515722809245,90.81139650894475,88.6503823702209,0.9822646640753001,0.016988508975952693,certain_temperate,496.30210876464844,586.3456492424011,POINT (556288.742397825 8639392.587689646),ragna_mariebreen
ragna_mariebreen-20240317-DAT_0332_A1_2,2150.0,2536,91.41920471191406,556292.4543660168,8639394.824165313,587.739697265625,2024-03-17 15:29:38.800000+00:00,0,2024-04-29,100 MHz,20240317,89.79341840744019,91.29414367675781,93.67030334472656,1.99390285596049,0.9270774536132812,9,1.847579063548713,0.5419228871663412,2.136984187282706,2.771800391569646,89.36872714735483,95.59571987412954,90.29366040229797,88.66787433624268,1.5573251808593964,1.6687319934368132,6.0,6.0,0.26761403633428116,0.0,1.6900543595880952,1.5801515722809245,90.56127443863225,88.4002602999084,0.9822161403657234,0.017034989374135744,certain_temperate,496.3204925537109,586.1139109611511,POINT (556292.4543660168 8639394.824165313),ragna_mariebreen
ragna_mariebreen-20240317-DAT_0332_A1_2,2155.0,2541,91.1690902709961,556297.2572762233,8639397.477493912,587.4301513671875,2024-03-17 15:29:39.800000+00:00,0,2024-04-29,100 MHz,20240317,89.54330396652222,91.1690902709961,93.67030334472656,2.028136915161578,0.9270774536132812,9,1.8426288851356951,0.4064400990804037,2.1023670867560185,2.7701649967317876,89.28216823697431,95.55722537874834,90.04354596138,88.4177598953247,1.5573251808593964,1.6687319934368132,6.0,6.0,0.26761403633428116,0.0,1.6900543595880952,1.5801515722809245,90.31115999771428,88.15014585899043,0.9821673518991876,0.01708172338048253,certain_temperate,496.2610610961914,585.8043650627136,POINT (556297.2572762233 8639397.477493912),ragna_mariebreen
ragna_mariebreen-20240317-DAT_0332_A1_2,2160.0,2545,91.04402923583984,556301.9645683492,8639399.456768526,587.1072998046875,2024-03-17 15:29:40.666666752+00:00,0,2024-04-29,100 MHz,20240317,89.41824293136597,91.04402923583984,93.67030334472656,2.048283281379384,1.1124816329956053,9,1.8401538261239423,0.270965576171875,2.1673033546371188,2.766776616940196,89.18403234141536,95.53030023915105,89.91848492622375,88.29269886016846,1.5573251808593964,1.6687319934368132,6.0,6.0,0.26761403633428116,0.0,1.6900543595880952,1.5801515722809245,90.18609896255803,88.02508482383418,0.9821428563946522,0.017105187390436243,certain_temperate,496.06327056884766,585.4815135002136,POINT (556301.9645683492 8639399.456768526),ragna_mariebreen
ragna_mariebreen-20240317-DAT_0332_A1_2,2165.0,2549,90.9189682006836,556306.9493184645,8639401.397731446,586.7607014973959,2024-03-17 15:29:41.555555584+00:00,0,2024-04-29,100 MHz,20240317,89.29318189620972,90.79389953613281,93.67030334472656,2.118148140092942,0.9270774536132812,9,1.8376788379558506,0.1354827880859375,2.0627388837020524,2.807484753425652,88.95123323499787,95.5129696458615,89.7934238910675,88.1676378250122,1.5573251808593964,1.6687319934368132,6.0,6.0,0.26761403633428116,0.0,1.6900543595880952,1.5801515722809245,90.06103792740178,87.90002378867793,0.9821182935019092,0.017128715950910752,certain_temperate,495.8417332967123,585.134915192922,POINT (556306.9493184645 8639401.397731446),ragna_mariebreen
ragna_mariebreen-20240317-DAT_0332_A1_2,2170.0,2552,90.9189682006836,556310.5280842779,8639402.896580843,586.5292846679688,2024-03-17 15:29:42.200000+00:00,0,2024-04-29,100 MHz,20240317,89.29318189620972,90.66883850097656,93.67030334472656,2.119069486035886,0.9270774536132812,9,1.8376788379558506,0.13549105326334634,2.0627394265837995,2.8081803402975334,88.82617159212266,95.51297025358046,89.7934238910675,88.1676378250122,1.5573251808593964,1.6687319934368132,6.0,6.0,0.26761403633428116,0.0,1.6900543595880952,1.5801515722809245,90.06103792740178,87.90002378867793,0.9821182935019092,0.017128715950910752,certain_temperate,495.6103164672852,584.9034983634949,POINT (556310.5280842779 8639402.896580843),ragna_mariebreen
ragna_mariebreen-20240317-DAT_0332_A1_2,2175.0,2557,90.79389953613281,556315.726671034,8639405.448227447,586.2559916178385,2024-03-17 15:29:43.166666752+00:00,0,2024-04-29,100 MHz,20240317,89.16811323165894,90.54378509521484,93.67030334472656,2.170417580126552,1.1124816329956053,9,1.8352037699369932,0.13549105326334634,2.150336272878717,2.845530385504214,88.70358654540959,95.51050189453181,89.66835522651672,88.04256916046143,1.5573251808593964,1.6687319934368132,6.0,6.0,0.26761403633428116,0.13548240065574646,1.6954761040044684,1.5859490761904438,89.96830981196354,87.74261457501461,0.9820936614378274,0.017152310769950302,certain_temperate,495.4620920817057,584.6302053133646,POINT (556315.726671034 8639405.448227447),ragna_mariebreen
ragna_mariebreen-20240317-DAT_0332_A1_2,2180.0,2562,90.79389953613281,556319.9917896988,8639407.639101764,586.0518798828125,2024-03-17 15:29:44+00:00,0,2024-04-29,100 MHz,20240317,89.29317390918732,90.41873168945312,93.67030334472656,2.211661614689121,1.1124929443359375,9,1.8352037699369932,0.0,2.1460692972008606,2.873920662628014,88.58352791951613,95.50550711466356,89.66835522651672,88.04256916046143,1.5728147303243551,1.5760245131850241,6.0,6.0,0.2673216619785018,0.13548240065574646,1.6042660683348273,1.601112902882138,89.96804898996601,87.74287539701214,0.9834710742174009,0.01732291198373333,certain_temperate,495.2579803466797,584.551154255867,POINT (556319.9917896988 8639407.639101764),ragna_mariebreen
ragna_mariebreen-20240317-DAT_0332_A1_2,2185.0,2567,90.79389953613281,556324.4582854015,8639409.869240044,585.8306274414062,2024-03-17 15:29:45+00:00,0,2024-04-29,100 MHz,20240317,89.29317390918732,90.29366302490234,93.67030334472656,2.200143032641123,1.2978971237182617,9,1.8352037699369932,0.2709573109944662,2.2640511666763277,2.877849910202334,88.43856444488772,95.52540192474119,89.66835522651672,88.04256916046143,1.5728147303243551,1.5760245131850241,6.0,6.0,0.2673216619785018,0.0,1.598534997153031,1.5953705045813724,89.93567688849522,87.77524749848293,0.9834710742174009,0.01732291198373333,certain_temperate,495.03672790527344,584.3299018144608,POINT (556324.4582854015 8639409.869240044),ragna_mariebreen
ragna_mariebreen-20240317-DAT_0332_A1_2,2190.0,2571,90.54378509521484,556328.8779540068,8639412.283642232,585.6193237304688,2024-03-17 15:29:46+00:00,0,2024-04-29,100 MHz,20240317,89.04305946826935,90.29366302490234,93.67030334472656,2.1903454239847435,1.1124703216552734,9,1.830254301387482,0.4064318339029948,2.1800476737725067,2.8831633182544545,88.41882499366947,95.54514137595943,89.41824078559875,87.79245471954346,1.572814730324355,1.5760245131850241,6.0,6.0,0.2673216619785018,0.0,1.598534997153031,1.595370504581372,89.68556244757725,87.52513305756496,0.983425415390274,0.01737076408580004,certain_temperate,495.0755386352539,584.1185981035233,POINT (556328.8779540068 8639412.283642232),ragna_mariebreen
ragna_mariebreen-20240317-DAT_0332_A1_2,2195.0,2576,90.41873168945312,556332.9762277044,8639414.871094855,585.4522705078125,2024-03-17 15:29:47+00:00,0,2024-04-29,100 MHz,20240317,88.91800606250763,90.29366302490234,93.67030334472656,2.1337795043001857,0.9270661422729491,9,1.8277797504436155,0.270965576171875,2.067281497946211,2.8226257514189563,88.44590731604852,95.51805905358039,89.29318737983704,87.66740131378174,1.5728147303243551,1.5760245131850241,6.0,6.0,0.2673216619785018,0.0,1.598534997153031,1.5953705045813724,89.56050904181554,87.40007965180324,0.9834024919515594,0.01739478867859209,certain_temperate,495.0335388183594,583.951544880867,POINT (556332.9762277044 8639414.871094855),ragna_mariebreen
ragna_mariebreen-20240317-DAT_0332_A1_2,2200.0,2581,90.29366302490234,556336.9644058394,8639417.267902656,585.2821655273438,2024-03-17 15:29:48+00:00,0,2024-04-29,100 MHz,20240317,88.79293739795685,90.1686019897461,93.67030334472656,2.1153770399857814,0.9270661422729491,9,1.8253049698562285,0.13547452290852866,2.0517171372993865,2.7973043453721917,88.33827645057576,95.5006288838969,89.16811871528625,87.54233264923096,1.572814730324355,1.5760245131850241,6.0,6.0,0.2673216619785018,0.0,1.598534997153031,1.595370504581372,89.43544037726475,87.27501098725246,0.9833795022079057,0.017418882761358168,certain_temperate,494.9885025024414,583.7814399003983,POINT (556336.9644058394 8639417.267902656),ragna_mariebreen
ragna_mariebreen-20240317-DAT_0332_A1_2,2205.0,2586,90.54378509521484,556341.4156621837,8639419.869797062,585.1371459960938,2024-03-17 15:29:49+00:00,0,2024-04-29,100 MHz,20240317,89.04305946826935,90.29366302490234,93.67030334472656,2.0515702817081283,0.741650651550293,9,1.830254301387482,0.13549105326334637,1.979453036120525,2.752658579273819,88.45840047331421,95.50556589631469,89.41824078559875,87.79245471954346,1.5728147303243551,1.5760245131850241,6.0,6.0,0.2673216619785018,0.0,1.598534997153031,1.5953705045813724,89.68556244757725,87.52513305756496,0.983425415390274,0.01737076408580004,certain_temperate,494.5933609008789,583.6364203691483,POINT (556341.4156621837 8639419.869797062),ragna_mariebreen
ragna_mariebreen-20240317-DAT_0332_A1_2,2210.0,2591,90.41873168945312,556345.6239691119,8639422.647944715,585.0142822265625,2024-03-17 15:29:50+00:00,0,2024-04-29,100 MHz,20240317,88.91800606250763,90.41873168945312,93.67030334472656,2.0213819402933075,0.741650651550293,9,1.8277797504436155,0.0,1.9725173015912179,2.725208939636677,88.59095193900951,95.49808309517017,89.29318737983704,87.66740131378174,1.5728147303243551,1.5760245131850241,6.0,6.0,0.2673216619785018,0.0,1.598534997153031,1.5953705045813724,89.56050904181554,87.40007965180324,0.9834024919515594,0.01739478867859209,certain_temperate,494.5955505371094,583.513556599617,POINT (556345.6239691119 8639422.647944715),ragna_mariebreen
ragna_mariebreen-20240317-DAT_0332_A1_2,2215.0,2596,90.54378509521484,556349.6994045664,8639425.792998089,584.9412841796875,2024-03-17 15:29:51+00:00,0,2024-04-29,100 MHz,20240317,89.04305946826935,90.54378509521484,93.67030334472656,1.9364217833145987,1.1124929443359375,9,1.830254301387482,0.4064318339029948,2.1800592181301806,2.695319455324808,88.66894706398197,95.54514137595943,89.41824078559875,87.79245471954346,1.549270005959159,1.4833171213030814,6.0,6.0,0.2673216619785018,0.0,1.507212842737816,1.5721636118189612,89.68556244757725,87.52513305756496,0.983425415390274,0.017110727194914195,certain_temperate,494.39749908447266,583.440558552742,POINT (556349.6994045664 8639425.792998089),ragna_mariebreen
ragna_mariebreen-20240317-DAT_0332_A1_2,2220.0,2601,90.79389953613281,556353.5470746295,8639428.742598975,584.889892578125,2024-03-17 15:29:52+00:00,0,2024-04-29,100 MHz,20240317,89.29317390918732,90.66883850097656,93.67030334472656,1.8331570819552705,1.2978858123779295,9,1.8352037699369932,0.54193115234375,2.312178590213891,2.6499296477820575,88.75529146704415,95.58385037865898,89.66835522651672,88.04256916046143,1.5492700059591589,1.4833171213030814,6.0,6.0,0.2673216619785018,0.0,1.507212842737816,1.572163611818961,89.93567688849522,87.77524749848293,0.9834710742174009,0.01706359142931848,certain_temperate,494.0959930419922,583.3891669511795,POINT (556353.5470746295 8639428.742598975),ragna_mariebreen
ragna_mariebreen-20240317-DAT_0332_A1_2,2225.0,2606,91.04402923583984,556357.4807676629,8639431.509565825,584.8423461914062,2024-03-17 15:29:53+00:00,0,2024-04-29,100 MHz,20240317,89.54330360889435,90.79389953613281,93.67030334472656,1.7936250383912031,2.0395590866088864,9,1.8401538261239423,0.6774139404296875,2.8292856021009856,2.6574699488105042,88.83301816529799,95.63118471556139,89.91848492622375,88.29269886016846,1.5492700059591589,1.4833171213030814,6.0,6.0,0.2673216619785018,0.0,1.507212842737816,1.572163611818961,90.18580658820225,88.02537719818996,0.9835164849409507,0.017016711792773805,certain_temperate,493.7983169555664,583.3416205644608,POINT (556357.4807676629 8639431.509565825),ragna_mariebreen
ragna_mariebreen-20240317-DAT_0332_A1_2,2230.0,2612,91.41920471191406,556361.62710773,8639434.928339262,584.8371859463779,2024-03-17 15:29:54.090908928+00:00,0,2024-04-29,100 MHz,20240317,89.91847908496857,90.9189682006836,93.67030334472656,1.7463762596434018,2.5958055587768554,9,1.847579063548713,0.6774056752522787,3.257396712699323,2.631018222128766,88.95111992275983,95.63815162265033,90.29366040229797,88.66787433624268,1.5492700059591589,1.4833171213030814,6.0,6.0,0.2673216619785018,0.0,1.507212842737816,1.572163611818961,90.56098206427647,88.40055267426418,0.9835841316747977,0.01694687687167391,certain_temperate,493.4179812344638,583.3364603194324,POINT (556361.62710773 8639434.928339262),ragna_mariebreen
ragna_mariebreen-20240317-DAT_0332_A1_2,2235.0,2618,91.66932678222656,556365.8832901896,8639438.36852821,584.8248291015625,2024-03-17 15:29:55.200000+00:00,0,2024-04-29,100 MHz,20240317,90.16860115528107,91.04402923583984,93.54523468017578,1.7752416961788227,2.5957942474365234,9,1.8525296729290617,0.54193115234375,3.2347648041222143,2.6224108455417783,89.11385940834712,95.4754045076685,90.54378247261047,88.91799640655518,1.5492700059591589,1.4833171213030814,6.0,6.0,0.2673216619785018,0.0,1.507212842737816,1.572163611818961,90.81110413458897,88.65067474457668,0.9836289227855826,0.016900636890676297,certain_temperate,493.15550231933594,583.324103474617,POINT (556365.8832901896 8639438.36852821),ragna_mariebreen
ragna_mariebreen-20240317-DAT_0332_A1_2,2240.0,2623,91.91944885253906,556369.8829757211,8639441.249925215,584.7863159179688,2024-03-17 15:29:56.200000+00:00,0,2024-04-29,100 MHz,20240317,90.41872322559357,91.1690902709961,93.42017364501953,1.7761011124260049,2.224974577331543,9,1.85748056004412,0.13549105326334637,2.901569183429529,2.573543669343328,89.30667467385989,95.28258924215574,90.79390454292297,89.16811847686768,1.5492700059591589,1.4833171213030814,6.0,6.0,0.2673216619785018,0.0,1.507212842737816,1.572163611818961,91.06122620490147,88.90079681488918,0.9836734701341278,0.016854648556961664,certain_temperate,492.8668670654297,583.2855902910233,POINT (556369.8829757211 8639441.249925215),ragna_mariebreen
ragna_mariebreen-20240317-DAT_0332_A1_2,2245.0,2628,91.79439544677734,556373.8947973008,8639443.833973136,584.7522094726562,2024-03-17 15:29:57.200000+00:00,0,2024-04-29,100 MHz,20240317,90.29366981983185,91.29414367675781,93.29511260986328,1.823530833873402,1.668728105163574,9,1.8550052329240838,0.13547452290852866,2.4988099666632997,2.6047384633816986,89.43419804300046,95.15505824362063,90.66885113716125,89.04306507110596,1.5492700059591589,1.4833171213030814,6.0,6.0,0.2673216619785018,0.0,1.507212842737816,1.572163611818961,90.93617279913975,88.77574340912746,0.9836512281644078,0.016877609993710675,certain_temperate,492.95781402587886,583.2514838457107,POINT (556373.8947973008 8639443.833973136),ragna_mariebreen
ragna_mariebreen-20240317-DAT_0332_A1_2,2250.0,2633,91.79439544677734,556378.2057670997,8639446.644344766,584.715087890625,2024-03-17 15:29:58.249999872+00:00,0,2024-04-29,100 MHz,20240317,90.29366981983185,91.41920471191406,93.17005920410156,1.839544223050975,1.4833126144409179,9,1.8550052329240838,0.0,2.3751338333524044,2.6124638490773324,89.56419947898998,95.02506443702565,90.66885113716125,89.04306507110596,1.549270005959159,1.4833171213030814,6.0,6.0,0.2673216619785018,0.0,1.507212842737816,1.5721636118189612,90.93617279913975,88.77574340912746,0.9836512281644078,0.016877609993710675,certain_temperate,492.92069244384766,583.2143622636795,POINT (556378.2057670997 8639446.644344766),ragna_mariebreen
ragna_mariebreen-20240317-DAT_0332_A1_2,2255.0,2637,91.79439544677734,556381.9677756256,8639449.34936666,584.7057495117188,2024-03-17 15:29:59.181818368+00:00,0,2024-04-29,100 MHz,20240317,90.29366981983185,91.41920471191406,93.17005920410156,1.8883719035862008,1.4833126144409179,9,1.8550052329240838,0.0,2.3751338333524044,2.6470725075882426,89.56419947898998,95.02506443702565,90.66885113716125,89.04306507110596,1.5492700059591589,1.4833171213030814,6.0,6.0,0.2673216619785018,0.0,1.507212842737816,1.572163611818961,90.93617279913975,88.77574340912746,0.9836512281644078,0.016877609993710675,certain_temperate,492.9113540649414,583.2050238847733,POINT (556381.9677756256 8639449.34936666),ragna_mariebreen
ragna_mariebreen-20240317-DAT_0332_A1_2,2260.0,2643,91.79439544677734,556386.5198198276,8639452.277089925,584.6727905273438,2024-03-17 15:30:00.272727296+00:00,0,2024-04-29,100 MHz,20240317,90.29366981983185,91.54426574707031,93.04499053955078,1.95550825597743,1.2978971237182617,9,1.8550052329240838,0.0,2.2639746813804855,2.6953769594198924,89.68926051414623,94.89999577247487,90.66885113716125,89.04306507110596,1.5492700059591589,1.4833171213030814,6.0,6.0,0.2673216619785018,0.0,1.507212842737816,1.572163611818961,90.93617279913975,88.77574340912746,0.9836512281644078,0.016877609993710675,certain_temperate,492.8783950805664,583.1720649003983,POINT (556386.5198198276 8639452.277089925),ragna_mariebreen
ragna_mariebreen-20240317-DAT_0332_A1_2,2265.0,2648,91.79439544677734,556390.3867730893,8639454.821413629,584.6429321289063,2024-03-17 15:30:01.200000+00:00,0,2024-04-29,100 MHz,20240317,90.29366981983185,91.66932678222656,93.17005920410156,2.003354156785385,1.2979084350585937,9,1.8550052329240838,0.0,2.263981165993212,2.730287950324107,89.81432154930248,95.02506443702565,90.66885113716125,88.91800427436829,1.5534706379441265,1.5760246899247168,6.0,6.0,0.2673216619785018,0.0,1.598535171403885,1.5763032366640246,90.93617279913975,88.65068261238979,0.9836512281644078,0.016923371305874915,certain_temperate,492.84853668212895,583.1422065019608,POINT (556390.3867730893 8639454.821413629),ragna_mariebreen
ragna_mariebreen-20240317-DAT_0332_A1_2,2270.0,2653,91.79439544677734,556394.4415175483,8639457.891297745,584.617578125,2024-03-17 15:30:02.200000+00:00,0,2024-04-29,100 MHz,20240317,90.29366981983185,91.79439544677734,93.42017364501953,1.9955316013132713,1.8541435958862305,9,1.8550052329240838,0.13547452290852866,2.626260884736882,2.7279193779092767,89.93444981302,95.28011927877688,90.66885113716125,88.91800427436829,1.5871681065025995,1.5760246899247168,6.0,6.0,0.2673216619785018,0.0,1.598535171403885,1.609522745804481,90.93617279913975,88.65068261238979,0.9836512281644078,0.017290468538712085,certain_temperate,492.8231826782227,583.1168524980545,POINT (556394.4415175483 8639457.891297745),ragna_mariebreen
ragna_mariebreen-20240317-DAT_0332_A1_2,2275.0,2658,91.91944885253906,556398.033911025,8639461.31461253,584.6465087890625,2024-03-17 15:30:03.200000+00:00,0,2024-04-29,100 MHz,20240317,90.41872322559357,91.54426574707031,93.42017364501953,1.9909549930263237,2.0395477752685545,9,1.85748056004412,0.13547452290852866,2.7619454203336495,2.726259188256971,89.68185135244727,95.28258803964258,90.79390454292297,89.04305768013,1.5871681065025995,1.5760246899247168,6.0,6.0,0.2673216619785018,0.0,1.598535171403885,1.609522745804481,91.06122620490147,88.7757360181515,0.9836734701341278,0.01726694542140695,certain_temperate,492.72705993652346,583.145783162117,POINT (556398.033911025 8639461.31461253),ragna_mariebreen
ragna_mariebreen-20240317-DAT_0332_A1_2,2280.0,2663,91.91944885253906,556401.5944184011,8639464.364311812,584.6675537109375,2024-03-17 15:30:04.200000+00:00,0,2024-04-29,100 MHz,20240317,90.41872322559357,91.29414367675781,93.29511260986328,1.9684602508804263,1.8541322845458983,9,1.85748056004412,0.13547452290852866,2.628001884682449,2.709875114575456,89.43172928213477,95.15752700448633,90.79390454292297,89.04305768013,1.5871681065025995,1.5760246899247168,6.0,6.0,0.2673216619785018,0.0,1.598535171403885,1.609522745804481,91.06122620490147,88.7757360181515,0.9836734701341278,0.01726694542140695,certain_temperate,492.7481048583984,583.166828083992,POINT (556401.5944184011 8639464.364311812),ragna_mariebreen
ragna_mariebreen-20240317-DAT_0332_A1_2,2285.0,2668,91.79439544677734,556405.5508077616,8639467.24404886,584.7035949707031,2024-03-17 15:30:05.200000+00:00,0,2024-04-29,100 MHz,20240317,90.29366981983185,91.1690902709961,93.29511260986328,1.9579493761921496,1.668728105163574,9,1.8550052329240838,0.40644836425781256,2.528022582167018,2.727601592372833,89.27007876840229,95.19412411245709,90.66885113716125,88.91800427436829,1.5871681065025995,1.5760246899247168,6.0,6.0,0.2673216619785018,0.0,1.598535171403885,1.609522745804481,90.93617279913975,88.65068261238979,0.9836512281644078,0.017290468538712085,certain_temperate,492.90919952392574,583.2028693437576,POINT (556405.5508077616 8639467.24404886),ragna_mariebreen
ragna_mariebreen-20240317-DAT_0332_A1_2,2290.0,2673,91.54426574707031,556409.284980768,8639470.561499765,584.7968872070312,2024-03-17 15:30:06.200000+00:00,0,2024-04-29,100 MHz,20240317,90.04354012012482,90.9189682006836,93.29511260986328,1.9585040526962743,1.8541435958862305,9,1.8500543333826962,0.4064566294352214,2.650614363170519,2.7246368845238194,89.02479079925575,95.18929001129112,90.41872143745422,88.66787457466125,1.6121003635944762,1.5760246899247168,6.0,6.0,0.2673216619785018,0.0,1.598535171403885,1.634113965812786,90.68604309943272,88.40055291268276,0.9836065578253489,0.017610063835659398,certain_temperate,493.2526214599609,583.2961615800857,POINT (556409.284980768 8639470.561499765),ragna_mariebreen
ragna_mariebreen-20240317-DAT_0332_A1_2,2295.0,2678,91.41920471191406,556413.0951903453,8639473.844831714,584.891552734375,2024-03-17 15:30:07.200000+00:00,0,2024-04-29,100 MHz,20240317,89.91847908496857,90.66883850097656,93.29511260986328,1.975401475489764,1.8541435958862305,9,1.847579063548713,0.4064400990804037,2.6488847510546676,2.7351330752947223,88.77708218733466,95.18686892350519,90.29366040229797,88.542813539505,1.6121003635944762,1.5760246899247168,6.0,6.0,0.2673216619785018,0.0,1.598535171403885,1.634113965812786,90.56098206427647,88.2754918775265,0.9835841316747977,0.01763415431882861,certain_temperate,493.4723480224609,583.3908271074295,POINT (556413.0951903453 8639473.844831714),ragna_mariebreen
ragna_mariebreen-20240317-DAT_0332_A1_2,2300.0,2683,91.1690902709961,556417.1812057798,8639476.916066548,584.98916015625,2024-03-17 15:30:08.200000+00:00,0,2024-04-29,100 MHz,20240317,89.6683646440506,90.41873168945312,93.17005920410156,1.9684611193197494,1.8541322845458983,9,1.8426288851356951,0.5419228871663412,2.6696007477835537,2.7502364993295902,88.4980647157247,95.09072617782999,90.04354596138,88.29269909858704,1.6121003635944762,1.5760246899247168,6.0,6.0,0.2673216619785018,0.0,1.598535171403885,1.634113965812786,90.3108676233585,88.02537743660854,0.983539096173005,0.017682532081899457,certain_temperate,493.82006988525393,583.4884345293045,POINT (556417.1812057798 8639476.916066548),ragna_mariebreen
ragna_mariebreen-20240317-DAT_0332_A1_2,2305.0,2689,90.9189682006836,556421.8729813701,8639480.161022063,585.0876708984375,2024-03-17 15:30:09.400000+00:00,0,2024-04-29,100 MHz,20240317,89.4182425737381,90.04354858398438,93.17005920410156,2.000423878290983,1.4833126144409179,9,1.8376788379558506,0.4064566294352214,2.3963486422559965,2.746628150281604,88.1614565290937,95.05215125899224,89.7934238910675,88.04257702827454,1.6121003635944762,1.5760246899247168,6.0,6.0,0.2673216619785018,0.0,1.598535171403885,1.634113965812786,90.060745553046,87.77525536629604,0.983493811504405,0.017731177503423925,certain_temperate,494.16870269775393,583.586945271492,POINT (556421.8729813701 8639480.161022063),ragna_mariebreen
ragna_mariebreen-20240317-DAT_0332_A1_2,2310.0,2694,90.79389953613281,556425.6257299454,8639482.734631512,585.1594360351562,2024-03-17 15:30:10.400000+00:00,0,2024-04-29,100 MHz,20240317,89.29317390918732,90.04354858398438,93.17005920410156,1.983303944389109,1.4833126144409179,9,1.8352037699369932,0.40644836425781256,2.3944497201149066,2.732520390743352,88.16387490219842,95.04973288588752,89.66835522651672,87.91750836372375,1.6121003635944762,1.5760246899247168,6.0,6.0,0.2673216619785018,0.0,1.598535171403885,1.634113965812786,89.93567688849522,87.65018670174526,0.9834710742174009,0.017755602213702874,certain_temperate,494.3655364990234,583.6587104082107,POINT (556425.6257299454 8639482.734631512),ragna_mariebreen
ragna_mariebreen-20240317-DAT_0332_A1_2,2315.0,2700,90.54378509521484,556429.8652958695,8639485.70049012,585.2497436523438,2024-03-17 15:30:11.600000+00:00,0,2024-04-29,100 MHz,20240317,89.04305946826935,90.04354858398438,93.17005920410156,1.9654788002124328,1.4833126144409179,9,1.830254301387482,0.4064318339029948,2.390655549324637,2.716270339535746,88.1687105527515,95.04489723533443,89.41824078559875,87.66739392280579,1.6121003635944762,1.5760246899247168,6.0,6.0,0.2673216619785018,0.0,1.598535171403885,1.634113965812786,89.68556244757725,87.40007226082729,0.983425415390274,0.017804649561526605,certain_temperate,494.70595855712895,583.7490180253983,POINT (556429.8652958695 8639485.70049012),ragna_mariebreen
ragna_mariebreen-20240317-DAT_0332_A1_2,2320.0,2705,90.41873168945312,556433.9060936469,8639488.434836995,585.3471221923828,2024-03-17 15:30:12.750000128+00:00,0,2024-04-29,100 MHz,20240317,88.91800606250763,90.04354858398438,93.04499053955078,1.9354055000813963,1.4833126144409179,9,1.8277797504436155,0.13547452290852866,2.3578270663152057,2.665506820894356,88.21075504337784,94.87778408015731,89.29318737983704,87.54234051704407,1.6121003635944762,1.5760246899247168,6.0,6.0,0.2673216619785018,0.0,1.598535171403885,1.634113965812786,89.56050904181554,87.27501885506557,0.9834024919515594,0.017829274238564875,certain_temperate,494.9283905029297,583.8463965654373,POINT (556433.9060936469 8639488.434836995),ragna_mariebreen
ragna_mariebreen-20240317-DAT_0332_A1_2,2325.0,2710,90.41873168945312,556437.9071744727,8639490.79524925,585.4427734375,2024-03-17 15:30:13.800000+00:00,0,2024-04-29,100 MHz,20240317,88.91800606250763,90.04354858398438,93.04499053955078,1.915552045064632,1.4833126144409179,9,1.8277797504436155,0.0,2.3539318444447956,2.6476628285117836,88.21576883354076,94.87277028999439,89.29318737983704,87.54234051704407,1.6121003635944762,1.5760246899247168,6.0,6.0,0.2673216619785018,0.0,1.598535171403885,1.634113965812786,89.56050904181554,87.27501885506557,0.9834024919515594,0.017829274238564875,certain_temperate,495.0240417480469,583.9420478105545,POINT (556437.9071744727 8639490.79524925),ragna_mariebreen
ragna_mariebreen-20240317-DAT_0332_A1_2,2330.0,2716,90.41873168945312,556442.0429539869,8639493.60797158,585.5702514648438,2024-03-17 15:30:15+00:00,0,2024-04-29,100 MHz,20240317,88.91800606250763,90.04354858398438,92.91992950439453,1.8459058895892537,1.4833126144409179,9,1.8277797504436155,0.13547452290852866,2.3578270663152057,2.601249837233885,88.21075504337784,94.75272304500106,89.29318737983704,87.54234051704407,1.6121003635944762,1.5760246899247168,6.0,6.0,0.2673216619785018,0.0,1.598535171403885,1.634113965812786,89.56050904181554,87.27501885506557,0.9834024919515594,0.017829274238564875,certain_temperate,495.1515197753906,584.0695258378983,POINT (556442.0429539869 8639493.60797158),ragna_mariebreen
ragna_mariebreen-20240317-DAT_0332_A1_2,2335.0,2723,90.54378509521484,556446.4049152852,8639496.653358584,585.7462890625,2024-03-17 15:30:16.200000+00:00,0,2024-04-29,100 MHz,20240317,89.04305946826935,90.04354858398438,92.79487609863281,1.7630883324726903,1.8541662185668943,9,1.830254301387482,0.2709490458170573,2.6193847673167854,2.5557239016133737,88.1933474616259,94.64507722099128,89.41824078559875,87.66739392280579,1.6121003635944762,1.5760246899247168,6.0,6.0,0.2673216619785018,0.0,1.598535171403885,1.634113965812786,89.68556244757725,87.40007226082729,0.983425415390274,0.017804649561526605,certain_temperate,495.2025039672851,584.2455634355545,POINT (556446.4049152852 8639496.653358584),ragna_mariebreen
ragna_mariebreen-20240317-DAT_0332_A1_2,2340.0,2729,90.66883850097656,556450.5783565505,8639499.504884526,585.9096923828125,2024-03-17 15:30:17.400000+00:00,0,2024-04-29,100 MHz,20240317,89.16811287403107,90.04354858398438,92.6698226928711,1.6568882692857052,1.8541662185668943,9,1.832728924321998,0.40644836425781256,2.6385655096906304,2.503871865681409,88.16629112086049,94.54708015599498,89.54329419136047,87.7924473285675,1.6121003635944762,1.5760246899247168,6.0,6.0,0.2673216619785018,0.0,1.598535171403885,1.634113965812786,89.81061585333897,87.525125666589,0.9834482755954866,0.017780092810796434,certain_temperate,495.24085388183596,584.408966755867,POINT (556450.5783565505 8639499.504884526),ragna_mariebreen
ragna_mariebreen-20240317-DAT_0332_A1_2,2345.0,2735,90.9189682006836,556454.798852476,8639502.358344812,586.0828369140625,2024-03-17 15:30:18.600000+00:00,0,2024-04-29,100 MHz,20240317,89.4182425737381,90.04354858398438,92.41968536376953,1.5432558884923473,2.0395590866088864,9,1.8376788379558506,0.4064566294352214,2.7752606671899276,2.4339082235057488,88.1614565290937,94.30177741866021,89.7934238910675,88.04257702827454,1.6121003635944762,1.5760246899247168,6.0,6.0,0.2673216619785018,0.0,1.598535171403885,1.634113965812786,90.060745553046,87.77525536629604,0.983493811504405,0.017731177503423925,certain_temperate,495.16386871337886,584.582111287117,POINT (556454.798852476 8639502.358344812),ragna_mariebreen
ragna_mariebreen-20240317-DAT_0332_A1_2,2350.0,2741,91.04402923583984,556459.0603072792,8639505.362427155,586.26640625,2024-03-17 15:30:19.800000+00:00,0,2024-04-29,100 MHz,20240317,89.54330360889435,90.04354858398438,92.41968536376953,1.4518727428434575,1.668728105163574,9,1.8401538261239423,0.4064400990804037,2.517143847081824,2.3789270941646903,88.15904343463109,94.30419051312282,89.91848492622375,88.16763806343079,1.6121003635944762,1.5760246899247168,6.0,6.0,0.2673216619785018,0.0,1.598535171403885,1.634113965812786,90.18580658820225,87.90031640145229,0.9835164849409507,0.017706821382196324,certain_temperate,495.2223770141602,584.7656806230545,POINT (556459.0603072792 8639505.362427155),ragna_mariebreen
ragna_mariebreen-20240317-DAT_0332_A1_2,2355.0,2748,91.29414367675781,556463.1378116796,8639508.06113381,586.42333984375,2024-03-17 15:30:21+00:00,0,2024-04-29,100 MHz,20240317,89.79341804981232,90.1686019897461,92.41968536376953,1.4065817774207625,1.1125042556762694,9,1.8451038637076773,0.4064400990804037,2.192548184398076,2.3554350168454317,88.27926299898517,94.30902435453045,90.16859936714172,88.41775250434875,1.6121003635944762,1.5760246899247168,6.0,6.0,0.2673216619785018,0.0,1.598535171403885,1.634113965812786,90.43592102912022,88.15043084237026,0.9835616440824609,0.01765831080361942,certain_temperate,495.1291961669922,584.9226142168045,POINT (556463.1378116796 8639508.06113381),ragna_mariebreen
ragna_mariebreen-20240317-DAT_0332_A1_2,2360.0,2754,91.41920471191406,556467.1621465955,8639510.906607369,586.6198120117188,2024-03-17 15:30:22.200000+00:00,0,2024-04-29,100 MHz,20240317,89.91847908496857,90.41873168945312,92.41968536376953,1.3398253496373058,0.9270774536132812,9,1.847579063548713,0.1354827880859375,2.071563802282991,2.2862711889585206,88.56619181621663,94.27222523700603,90.29366040229797,88.542813539505,1.6121003635944762,1.5760246899247168,6.0,6.0,0.2673216619785018,0.0,1.598535171403885,1.634113965812786,90.56098206427647,88.2754918775265,0.9835841316747977,0.01763415431882861,certain_temperate,495.2006072998047,585.1190863847733,POINT (556467.1621465955 8639510.906607369),ragna_mariebreen
ragna_mariebreen-20240317-DAT_0332_A1_2,2365.0,2760,91.41920471191406,556470.9478592657,8639513.630628068,586.7951293945313,2024-03-17 15:30:23.400000+00:00,0,2024-04-29,100 MHz,20240317,89.91847908496857,90.54378509521484,92.29463195800781,1.336742381289172,0.741650651550293,9,1.847579063548713,0.0,1.9908777172414467,2.2804448228357086,88.69620603166614,94.14221102155652,90.29366040229797,88.542813539505,1.6121003635944762,1.5760246899247168,6.0,6.0,0.2673216619785018,0.0,1.598535171403885,1.634113965812786,90.56098206427647,88.2754918775265,0.9835841316747977,0.01763415431882861,certain_temperate,495.3759246826172,585.2944037675858,POINT (556470.9478592657 8639513.630628068),ragna_mariebreen
ragna_mariebreen-20240317-DAT_0332_A1_2,2370.0,2767,91.41920471191406,556475.4483750532,8639516.551469894,586.998583984375,2024-03-17 15:30:24.800000+00:00,0,2024-04-29,100 MHz,20240317,89.91847908496857,90.66883850097656,92.16957092285156,1.3339758714084218,1.1124929443359375,9,1.847579063548713,0.0,2.1566615282099284,2.2788242629837425,88.82125943742786,94.01714998640027,90.16859996318817,88.542813539505,1.589793813614611,1.4833173864126206,6.0,6.0,0.2673216619785018,0.0,1.5072131036442444,1.612112043491468,90.43592162516667,88.2754918775265,0.9835841316747977,0.017390151430702872,certain_temperate,495.579379272461,585.4978583574295,POINT (556475.4483750532 8639516.551469894),ragna_mariebreen
ragna_mariebreen-20240317-DAT_0332_A1_2,2375.0,2772,91.41920471191406,556479.5450751305,8639518.971771397,587.152587890625,2024-03-17 15:30:26+00:00,0,2024-04-29,100 MHz,20240317,89.91847908496857,90.79389953613281,91.91944885253906,1.3101512239896174,1.1124929443359375,9,1.847579063548713,0.2709573109944662,2.1736160681321195,2.281109925051045,88.92655750521162,93.78679088346026,90.16859996318817,88.542813539505,1.5897938136146108,1.4833173864126206,6.0,6.0,0.2673216619785018,0.0,1.5072131036442444,1.612112043491468,90.43592162516667,88.2754918775265,0.9835841316747977,0.01739015143070287,certain_temperate,495.73338317871094,585.6518622636795,POINT (556479.5450751305 8639518.971771397),ragna_mariebreen
ragna_mariebreen-20240317-DAT_0332_A1_2,2380.0,2778,91.1690902709961,556483.9730290265,8639520.977480758,587.2580688476562,2024-03-17 15:30:27.200000+00:00,0,2024-04-29,100 MHz,20240317,89.6683646440506,90.9189682006836,91.79439544677734,1.3548209850644046,0.741650651550293,9,1.8426288851356951,0.4064400990804037,2.027441849085166,2.3229323416853505,89.03204616666181,93.68131748079912,89.9184855222702,88.29269909858704,1.6237005713597685,1.4833173864126206,6.0,6.0,0.2673216619785018,0.0,1.5072131036442444,1.6455589981513843,90.1858071842487,88.02537743660854,0.983539096173005,0.017809770466431004,certain_temperate,496.0889785766601,585.7573432207107,POINT (556483.9730290265 8639520.977480758),ragna_mariebreen
ragna_mariebreen-20240317-DAT_0332_A1_2,2385.0,2785,91.04402923583984,556488.8216254284,8639523.167978238,587.350341796875,2024-03-17 15:30:28.500000+00:00,0,2024-04-29,100 MHz,20240317,89.54330360889435,91.04402923583984,91.54426574707031,1.3954185338769722,0.5562351608276367,9,1.8401538261239423,0.1354827880859375,1.9271531448764185,2.3133773091204732,89.19889463650404,93.38940034640612,89.79342448711395,88.16763806343079,1.6237005713597688,1.4833173864126206,6.0,6.0,0.2673216619785018,0.0,1.5072131036442444,1.6455589981513843,90.06074614909245,87.90031640145229,0.9835164849409507,0.017834234545504854,certain_temperate,496.30631256103516,585.8496161699295,POINT (556488.8216254284 8639523.167978238),ragna_mariebreen
ragna_mariebreen-20240317-DAT_0332_A1_2,2390.0,2791,91.04402923583984,556493.0171563051,8639524.996656047,587.4049011230469,2024-03-17 15:30:29.600000+00:00,0,2024-04-29,100 MHz,20240317,89.54330360889435,90.9189682006836,91.29414367675781,1.4545665388624982,0.37081967010498046,9,1.8401538261239423,0.1354827880859375,1.8820278737050866,2.3495287837446366,89.07383360134779,93.13927827609362,89.79342448711395,88.16763806343079,1.6237005713597685,1.4833173864126206,6.0,6.0,0.2673216619785018,0.0,1.5072131036442444,1.6455589981513843,90.06074614909245,87.90031640145229,0.9835164849409507,0.01783423454550485,certain_temperate,496.36087188720705,585.9041754961014,POINT (556493.0171563051 8639524.996656047),ragna_mariebreen
ragna_mariebreen-20240317-DAT_0332_A1_2,2395.0,2797,90.9189682006836,556497.5002157365,8639527.190826252,587.4628723144531,2024-03-17 15:30:30.800000+00:00,0,2024-04-29,100 MHz,20240317,89.4182425737381,90.9189682006836,91.1690902709961,1.4557608008800538,0.18541549072265623,9,1.8376788379558506,0.1354827880859375,1.851971382483603,2.348331025796244,89.07630189954865,93.01175657213103,89.6683634519577,88.04257702827454,1.6237005713597688,1.4833173864126206,6.0,6.0,0.2673216619785018,0.0,1.5072131036442444,1.6455589981513843,89.9356851139362,87.77525536629604,0.983493811504405,0.01785876592633352,certain_temperate,496.5439041137695,585.9621466875076,POINT (556497.5002157365 8639527.190826252),ragna_mariebreen
ragna_mariebreen-20240317-DAT_0332_A1_2,2400.0,2803,90.9189682006836,556501.8187654878,8639529.56443523,587.5437622070312,2024-03-17 15:30:32+00:00,0,2024-04-29,100 MHz,20240317,89.4182425737381,90.79389953613281,91.29414367675781,1.4692778860091262,0.5562577835083008,9,1.8376788379558506,0.13549105326334634,1.9247971474154735,2.3567347842514277,88.95123262727891,93.13681058561171,89.6683634519577,88.04257702827454,1.6237005713597688,1.4833173864126206,6.0,6.0,0.2673216619785018,0.0,1.5072131036442444,1.6455589981513843,89.9356851139362,87.77525536629604,0.983493811504405,0.01785876592633352,certain_temperate,496.62479400634766,586.0430365800858,POINT (556501.8187654878 8639529.56443523),ragna_mariebreen
ragna_mariebreen-20240317-DAT_0332_A1_2,2405.0,2808,90.79389953613281,556506.3166493129,8639532.354963358,587.6488891601563,2024-03-17 15:30:33.200000+00:00,0,2024-04-29,100 MHz,20240317,89.29317390918732,90.79389953613281,91.66932678222656,1.4571030085249415,0.741650651550293,9,1.8352037699369932,0.0,1.9793985364589737,2.3433143311650246,88.95869576619582,93.50453055216356,89.54329478740692,87.91750836372375,1.6237005713597685,1.4833173864126206,6.0,6.0,0.2673216619785018,0.0,1.5072131036442444,1.6455589981513843,89.81061644938542,87.65018670174526,0.9834710742174009,0.017883366389760496,certain_temperate,496.85498962402346,586.1481635332108,POINT (556506.3166493129 8639532.354963358),ragna_mariebreen
ragna_mariebreen-20240317-DAT_0332_A1_2,2410.0,2814,90.9189682006836,556510.4676242974,8639534.982363326,587.7441528320312,2024-03-17 15:30:34.400000+00:00,0,2024-04-29,100 MHz,20240317,89.4182425737381,90.66883850097656,92.04451751708984,1.4731172720275312,1.1125042556762694,9,1.8376788379558506,0.2709738413492839,2.1652150131255237,2.370773045087232,88.81128895004491,93.9020670680215,89.6683634519577,88.04257702827454,1.6237005713597688,1.4833173864126206,6.0,6.0,0.2673216619785018,0.0,1.5072131036442444,1.6455589981513843,89.9356851139362,87.77525536629604,0.983493811504405,0.01785876592633352,certain_temperate,496.8251846313476,586.2434272050857,POINT (556510.4676242974 8639534.982363326),ragna_mariebreen
ragna_mariebreen-20240317-DAT_0332_A1_2,2415.0,2820,91.04402923583984,556514.5094544602,8639538.163790012,587.8589233398437,2024-03-17 15:30:35.600000+00:00,0,2024-04-29,100 MHz,20240317,89.54330360889435,90.54378509521484,92.16957092285156,1.4714909228818296,1.2978858123779295,9,1.8401538261239423,0.270965576171875,2.268059970380117,2.3716816783439465,88.68378820079036,94.02956781727605,89.79342448711395,88.16763806343079,1.6237005713597685,1.4833173864126206,6.0,6.0,0.2673216619785018,0.13548240065574646,1.5132900649526384,1.651126856811563,90.09311825056324,87.8679442999815,0.9835164849409507,0.01783423454550485,certain_temperate,496.8148941040039,586.3581977128982,POINT (556514.5094544602 8639538.163790012),ragna_mariebreen
ragna_mariebreen-20240317-DAT_0332_A1_2,2420.0,2826,91.1690902709961,556518.6172934351,8639541.459631326,587.9674682617188,2024-03-17 15:30:36.800000+00:00,0,2024-04-29,100 MHz,20240317,89.54330396652222,90.66883850097656,92.29463195800781,1.4855960440882312,1.2979084350585937,9,1.8426288851356951,0.2709573109944662,2.270080478422299,2.3823716500429497,88.80639411986937,94.15707633911501,89.9184855222702,88.29269909858704,1.6067554338453127,1.5760248666644094,6.0,6.0,0.26761403633428116,0.13548240065574646,1.604315160333262,1.634513926989308,90.21844010771702,87.99274451314022,0.9821673518991876,0.017623905526196467,certain_temperate,496.79837799072266,586.3416819572449,POINT (556518.6172934351 8639541.459631326),ragna_mariebreen
ragna_mariebreen-20240317-DAT_0332_A1_2,2425.0,2832,91.29414367675781,556522.7167264356,8639544.320771698,588.0235392252604,2024-03-17 15:30:38+00:00,0,2024-04-29,100 MHz,20240317,89.66835737228394,90.79389953613281,92.41968536376953,1.5354956572043563,1.668728105163574,9,1.8451038637076773,0.2709573109944662,2.502494679557414,2.415693077678493,88.92900647425222,94.28457842565012,90.04353892803192,88.41775250434875,1.6067554338453127,1.5760248666644094,6.0,6.0,0.26761403633428116,0.0,1.5985842651507913,1.628889283111214,90.3111529643662,88.15013846801448,0.9821917788042326,0.017599764553729746,certain_temperate,496.72939554850257,586.3977529207865,POINT (556522.7167264356 8639544.320771698),ragna_mariebreen
ragna_mariebreen-20240317-DAT_0332_A1_2,2430.0,2838,91.41920471191406,556526.8144793393,8639547.094971113,588.070243326823,2024-03-17 15:30:39.200000+00:00,0,2024-04-29,100 MHz,20240317,89.79341840744019,91.04402923583984,92.6698226928711,1.5202832588291961,1.6687394165039062,9,1.847579063548713,0.40644836425781256,2.522585956724803,2.4269342504377227,89.1522711464237,94.56158078228724,90.16859996318817,88.542813539505,1.6067554338453127,1.5760248666644094,6.0,6.0,0.26761403633428116,0.0,1.5985842651507913,1.628889283111214,90.43621399952245,88.27519950317073,0.9822161403657234,0.017575688159928993,certain_temperate,496.6510386149089,586.4444570223491,POINT (556526.8144793393 8639547.094971113),ragna_mariebreen
ragna_mariebreen-20240317-DAT_0332_A1_2,2435.0,2844,91.66932678222656,556530.956088967,8639549.821332008,588.1020874023437,2024-03-17 15:30:40.400000+00:00,0,2024-04-29,100 MHz,20240317,90.04354047775269,91.1690902709961,92.91992950439453,1.4986973580893292,1.483335237121582,9,1.8525296729290617,0.4064566294352214,2.4077700484849123,2.4172643529077313,89.27249511633222,94.8165246590584,90.41872203350067,88.7929356098175,1.6067554338453127,1.5760248666644094,6.0,6.0,0.26761403633428116,0.0,1.5985842651507913,1.628889283111214,90.68633606983495,88.52532157348323,0.9822646640753001,0.01752773245147079,certain_temperate,496.43276062011716,586.4763010978699,POINT (556530.956088967 8639549.821332008),ragna_mariebreen
ragna_mariebreen-20240317-DAT_0332_A1_2,2440.0,2850,91.79439544677734,556535.3501284549,8639552.458774105,588.10146484375,2024-03-17 15:30:41.600000+00:00,0,2024-04-29,100 MHz,20240317,90.16860914230347,91.41920471191406,93.29511260986328,1.5034737010690191,1.1125042556762694,9,1.8550052329240838,0.270965576171875,2.1799386405455774,2.4031021466954052,89.54451360198532,95.16980371979203,90.54379069805145,88.91800427436829,1.6320272885005638,1.5760248666644094,6.0,6.0,0.26761403633428116,0.0,1.5985842651507913,1.6538229478555522,90.81140473438573,88.650390238034,0.9822888282387947,0.01777916048749205,certain_temperate,496.3070693969727,586.4756785392761,POINT (556535.3501284549 8639552.458774105),ragna_mariebreen
ragna_mariebreen-20240317-DAT_0332_A1_2,2445.0,2856,91.91944885253906,556539.371122324,8639554.932008825,588.0812581380209,2024-03-17 15:30:42.666666752+00:00,0,2024-04-29,100 MHz,20240317,90.29366254806519,91.54426574707031,93.54523468017578,1.4952141626666546,0.9270774536132812,9,1.85748056004412,0.270965576171875,2.0935923622830828,2.399858697225926,89.66712526899948,95.42237515824661,90.66884410381317,89.04305768013,1.6320272885005636,1.5760248666644094,6.0,6.0,0.26761403633428116,0.0,1.5985842651507913,1.653822947855552,90.93645814014745,88.77544364379573,0.9823129237090833,0.017754972520763572,certain_temperate,496.1618092854818,586.455471833547,POINT (556539.371122324 8639554.932008825),ragna_mariebreen
ragna_mariebreen-20240317-DAT_0332_A1_2,2450.0,2862,92.04451751708984,556543.7742899029,8639557.79324646,588.0394897460938,2024-03-17 15:30:43.800000+00:00,0,2024-04-29,100 MHz,20240317,90.41873121261597,91.79439544677734,93.79535675048828,1.4617150996081907,0.9270548309326171,9,1.8599562580828464,0.270965576171875,2.0957791594075945,2.381065025965121,89.91480516550547,95.67494703176015,90.79391276836395,89.16812634468079,1.6320272885005636,1.5760248666644094,6.0,6.0,0.26761403633428116,0.13548214236895245,1.604315138521287,1.6593630566438766,91.09386723714881,88.86817187589592,0.9823369566343588,0.017730847339142673,certain_temperate,495.9949722290039,586.4137034416199,POINT (556543.7742899029 8639557.79324646),ragna_mariebreen
ragna_mariebreen-20240317-DAT_0332_A1_2,2455.0,2867,92.16957092285156,556547.2882328542,8639560.43188348,588.0033325195312,2024-03-17 15:30:44.800000+00:00,0,2024-04-29,100 MHz,20240317,90.41872417926788,92.04451751708984,94.04547119140625,1.4651293205469904,0.9270774536132812,9,1.8624317226789886,0.4064318339029948,2.119743230263718,2.4042551202352183,90.13825448244567,95.95173422605042,90.91896617412567,89.2931797504425,1.6164601307848032,1.6687321701765059,6.0,6.0,0.2679294416965165,0.13548214236895245,1.6955260695166792,1.644106125238122,91.21920207575752,88.99294384881065,0.9810040697157071,0.017537893630185437,certain_temperate,495.83376159667966,586.2524857759475,POINT (556547.2882328542 8639560.43188348),ragna_mariebreen
ragna_mariebreen-20240317-DAT_0332_A1_2,2460.0,2873,92.41968536376953,556551.376973546,8639563.615343893,587.961181640625,2024-03-17 15:30:46+00:00,0,2024-04-29,100 MHz,20240317,90.66883862018585,92.29463195800781,94.29560089111328,1.463495796925118,1.1124816329956053,9,1.8673830076059015,0.5419394175211588,2.2401859327098284,2.4336469704901575,90.35019948827315,96.24003336084795,91.16908061504364,89.54329419136047,1.6164601307848032,1.6687321701765059,6.0,6.0,0.2679294416965165,0.0,1.6901045060912057,1.6385144308624902,91.43701005674016,89.27536474966396,0.9810554782058364,0.017490431009609234,certain_temperate,495.54149627685547,586.2103348970413,POINT (556551.376973546 8639563.615343893),ragna_mariebreen
ragna_mariebreen-20240317-DAT_0332_A1_2,2465.0,2879,92.6698226928711,556555.0545350807,8639566.670264982,587.9208618164063,2024-03-17 15:30:47.200000+00:00,0,2024-04-29,100 MHz,20240317,90.91897594928741,92.54475402832031,94.54572296142578,1.459039306647804,0.9270661422729491,9,1.872335016809563,0.54193115234375,2.15842058487236,2.4347738062077133,90.5955675854545,96.49490940429159,91.4192179441452,89.79343152046204,1.6164601307848032,1.6687321701765059,6.0,6.0,0.2679294416965165,0.0,1.6901045060912057,1.6385144308624902,91.68714738584173,89.52550207876553,0.9811066138608424,0.017443220282638505,certain_temperate,495.2510391235352,586.1700150728226,POINT (556555.0545350807 8639566.670264982),ragna_mariebreen
ragna_mariebreen-20240317-DAT_0332_A1_2,2470.0,2886,92.91992950439453,556559.305127793,8639570.121019015,587.8596435546875,2024-03-17 15:30:48.600000+00:00,0,2024-04-29,100 MHz,20240317,91.16908276081085,92.6698226928711,94.6707763671875,1.4807645150757922,0.7416619628906249,9,1.8772866908494983,0.4064318339029948,2.058993594562447,2.4252949726493185,90.74904364382604,96.59155541623255,91.66932475566864,90.04353833198547,1.6164601307848032,1.6687321701765059,6.0,6.0,0.2679294416965165,0.0,1.6901045060912057,1.6385144308624902,91.93725419736516,89.77560889028896,0.9811574680165801,0.017396269448400246,certain_temperate,494.939714050293,586.1087968111038,POINT (556559.305127793 8639570.121019015),ragna_mariebreen
ragna_mariebreen-20240317-DAT_0332_A1_2,2475.0,2892,93.04499053955078,556563.1390884521,8639572.810051013,587.797705078125,2024-03-17 15:30:49.800000+00:00,0,2024-04-29,100 MHz,20240317,91.2941437959671,92.79487609863281,94.6707763671875,1.5082350412058547,0.9270548309326171,9,1.8797627791298663,0.2709738413492839,2.1133777674739385,2.425223261479003,90.89568286767982,96.56996959814049,91.79438579082489,90.16859936714172,1.6164601307848032,1.6687321701765059,6.0,6.0,0.2679294416965165,0.0,1.6901045060912057,1.6385144308624902,92.06231523252141,89.90066992544521,0.9811827941146445,0.017372887260359193,certain_temperate,494.7527145385742,586.0468583345413,POINT (556563.1390884521 8639572.810051013),ragna_mariebreen
ragna_mariebreen-20240317-DAT_0332_A1_2,2480.0,2898,93.17005920410156,556567.3329720731,8639575.439396018,587.7291259765625,2024-03-17 15:30:51+00:00,0,2024-04-29,100 MHz,20240317,91.41921246051788,92.91992950439453,94.6707763671875,1.5550339853011241,1.1124816329956053,9,1.882239084930051,0.13549105326334634,2.1906157084494065,2.4452632769896625,91.0328201280327,96.55788574354933,91.91945445537567,90.2936680316925,1.650450934740013,1.6687321701765059,6.0,6.0,0.2679294416965165,0.0,1.6901045060912057,1.6720569588719127,92.1873838970722,90.025738589996,0.9812080537616895,0.01771439182113728,certain_temperate,494.55906677246094,585.9782792329788,POINT (556567.3329720731 8639575.439396018),ragna_mariebreen
ragna_mariebreen-20240317-DAT_0332_A1_2,2485.0,2904,93.17005920410156,556571.6553995834,8639577.999554126,587.6540161132813,2024-03-17 15:30:52.200000+00:00,0,2024-04-29,100 MHz,20240317,91.41921246051788,93.17005920410156,94.6707763671875,1.550837519159643,0.9270887649536133,9,1.882239084930051,0.13547452290852866,2.102539154759983,2.4425958179831646,91.28295101451741,96.55788455677165,91.91945445537567,90.2936680316925,1.650450934740013,1.6687321701765059,6.0,6.0,0.2679294416965165,0.13548201322555542,1.6955260591973949,1.6775368400186146,92.21969029873128,89.9934321883369,0.9812080537616895,0.01771439182113728,certain_temperate,494.4839569091797,585.9031693696976,POINT (556571.6553995834 8639577.999554126),ragna_mariebreen
ragna_mariebreen-20240317-DAT_0332_A1_2,2490.0,2910,93.29511260986328,556576.3512512337,8639579.979329642,587.5423217773438,2024-03-17 15:30:53.400000+00:00,0,2024-04-29,100 MHz,20240317,91.41920554637909,93.29511260986328,94.6707763671875,1.6081897271438117,0.9270661422729491,9,1.8847151548058472,0.2709573109944662,2.117786748302347,2.492356972351085,91.39101989175941,96.57486908529137,92.04450786113739,90.41872143745422,1.6363341069765711,1.761439385318756,6.0,6.0,0.2682677970318688,0.13548201322555542,1.7868944274870013,1.6637043897540194,92.34504569042346,90.11818360816815,0.9798927616784304,0.017539333639258352,certain_temperate,494.2472091674805,585.6664147138596,POINT (556576.3512512337 8639579.979329642),ragna_mariebreen
ragna_mariebreen-20240317-DAT_0332_A1_2,2495.0,2916,93.42017364501953,556581.1431684184,8639580.957785822,587.3946655273437,2024-03-17 15:30:54.600000+00:00,0,2024-04-29,100 MHz,20240317,91.54426658153534,93.42017364501953,94.6707763671875,1.6496637026290986,0.9270774536132812,9,1.8871914416789413,0.270965576171875,2.119996812736869,2.5211711986274046,91.5136286334826,96.57732137872443,92.16956889629364,90.54378247261047,1.6363341069765711,1.761439385318756,6.0,6.0,0.2682677970318688,0.0,1.7817509138699632,1.6581787963241914,92.43783669332551,90.2755146755786,0.9799196791197122,0.017515853836820697,certain_temperate,493.9744918823242,585.5187584638595,POINT (556581.1431684184 8639580.957785822),ragna_mariebreen
ragna_mariebreen-20240317-DAT_0332_A1_2,2500.0,2923,93.54523468017578,556586.5514633352,8639580.50948143,587.1714477539062,2024-03-17 15:30:56+00:00,0,2024-04-29,100 MHz,20240317,91.66932761669159,93.54523468017578,94.6707763671875,1.6871608683811645,1.1124816329956053,9,1.8896677942293623,0.40644836425781256,2.230170403603295,2.5656493215465357,91.61234962271492,96.60366142464837,92.29462993144989,90.66884350776672,1.6363341069765711,1.761439385318756,6.0,6.0,0.2682677970318688,0.0,1.7817509138699632,1.6581787963241914,92.56289772848176,90.40057571073486,0.9799465245889031,0.017492436814885076,certain_temperate,493.62621307373047,585.2955406904221,POINT (556586.5514633352 8639580.50948143),ragna_mariebreen
ragna_mariebreen-20240317-DAT_0332_A1_2,2505.0,2929,93.79535675048828,556590.4498308868,8639577.98869572,586.9627075195312,2024-03-17 15:30:57.200000+00:00,0,2024-04-29,100 MHz,20240317,91.91944968700409,93.79535675048828,95.04595947265625,1.7026639657195068,0.9270774536132812,9,1.8946206953320621,0.40644836425781256,2.1480829725563404,2.5795062380517857,91.85762925365381,96.98368696949072,92.54475200176239,90.79390549659729,1.6390399677101812,1.8541464237213134,6.0,6.0,0.2682677970318688,0.0,1.8734531143113426,1.6608490679997758,92.81301979879426,90.52563769956542,0.9800000007625705,0.017474638665433178,certain_temperate,493.16735076904297,585.0868004560471,POINT (556590.4498308868 8639577.98869572),ragna_mariebreen
ragna_mariebreen-20240317-DAT_0332_A1_2,2510.0,2935,93.92041778564453,556594.1137617156,8639574.862574676,586.7541625976562,2024-03-17 15:30:58.400000+00:00,0,2024-04-29,100 MHz,20240317,92.04451072216034,93.92041778564453,95.29608917236328,1.732639866159492,0.741650651550293,9,1.8970972433726232,0.2709573109944662,2.054858025299639,2.5834931238535432,92.00406817891998,97.21243877908783,92.66981303691864,90.91896653175354,1.639039967710181,1.8541464237213134,6.0,6.0,0.2682677970318688,0.0,1.8734531143113426,1.6608490679997756,92.93808083395051,90.65069873472167,0.9800266320389929,0.017451370067911937,certain_temperate,492.8337448120117,584.878255534172,POINT (556594.1137617156 8639574.862574676),ragna_mariebreen
ragna_mariebreen-20240317-DAT_0332_A1_2,2515.0,2940,94.04547119140625,556596.119610386,8639570.402521867,586.5979614257812,2024-03-17 15:30:59.400000+00:00,0,2024-04-29,100 MHz,20240317,92.16956412792206,94.04547119140625,95.54620361328125,1.7393929731899773,0.5562464721679687,9,1.899573704978422,0.40644836425781256,2.0206411535086115,2.6075023391429526,92.10290059205772,97.48877421262978,92.66980600357056,91.04401993751526,1.6164601627573545,1.761439120209217,6.0,6.0,0.2682677970318688,0.0,1.7817506517826092,1.6385698241777387,92.93807380060242,90.77575214048339,0.9800531908690611,0.017188070220494196,certain_temperate,492.552490234375,584.7220543622971,POINT (556596.119610386 8639570.402521867),ragna_mariebreen
ragna_mariebreen-20240317-DAT_0332_A1_2,2520.0,2945,94.29560089111328,556597.2131859066,8639565.197620202,586.448486328125,2024-03-17 15:31:00.400000+00:00,0,2024-04-29,100 MHz,20240317,92.41969382762909,94.17053985595703,95.79632568359375,1.747491331270236,0.5562351608276367,9,1.9045272744086523,0.4064566294352214,2.025297184296477,2.6165162111943645,92.22312332871427,97.74374221083652,92.91993570327759,91.29414963722229,1.6164601627573545,1.761439120209217,6.0,6.0,0.2682677970318688,0.13548214236895245,1.7868941759456918,1.644161330164028,93.22047359078134,90.99361174971854,0.980106102026431,0.017142476928737563,certain_temperate,492.1528854370117,584.5725792646408,POINT (556597.2131859066 8639565.197620202),ragna_mariebreen
ragna_mariebreen-20240317-DAT_0332_A1_2,2525.0,2951,94.42066192626953,556597.9348292351,8639562.546495851,586.341552734375,2024-03-17 15:31:01+00:00,0,2024-04-29,100 MHz,20240317,92.41969442367554,94.42066192626953,95.6712646484375,1.6760487161989752,0.5562464721679687,9,1.9070040795546173,0.1354827880859375,1.9910877135638205,2.542471129507221,92.5088512281863,97.58307534652073,93.04499673843384,91.41921067237854,1.6030197935169126,1.8541464237213134,6.0,6.0,0.26862901626327507,0.13548214236895245,1.8783971677677733,1.6310087117138463,93.34585710351946,91.11835030729291,0.9788079487924317,0.016977425923667706,certain_temperate,491.92089080810547,584.340585231781,POINT (556597.9348292351 8639562.546495851),ragna_mariebreen
ragna_mariebreen-20240317-DAT_0332_A1_2,2530.0,2952,94.42066192626953,556598.4588649678,8639554.56302048,586.1388549804688,2024-03-17 15:31:05+00:00,0,2024-04-29,100 MHz,20240317,92.41969442367554,94.42066192626953,95.6712646484375,1.6760487161989772,0.5562464721679687,9,1.9070040795546173,0.8128967285156251,2.1463633868636203,2.66582162751779,92.34762896689108,97.74429760781595,93.04499673843384,91.41921067237854,1.6030197935169126,1.8541464237213134,6.0,6.0,0.26862901626327507,0.0,1.873504872952593,1.6253719595174454,93.31362575469711,91.15058165611526,0.9788079487924317,0.016977425923667706,certain_temperate,491.7181930541992,584.1378874778748,POINT (556598.4588649678 8639554.56302048),ragna_mariebreen
ragna_mariebreen-20240317-DAT_0332_A1_2,2535.0,2990,95.17102813720703,556598.0141652806,8639549.89071415,586.1091552734375,2024-03-17 15:31:13.200000+00:00,0,2024-04-29,100 MHz,20240317,93.17006063461304,95.17102813720703,95.6712646484375,1.3334886901755076,0.5562351608276367,9,1.9218662384976801,0.8128967285156251,2.159575996358909,2.476401222890713,93.08431518859416,97.75797759705037,93.79536294937134,92.16957688331604,1.6299496516225527,1.9468538156032562,6.0,6.0,0.26862901626327507,0.1354825297991435,1.9699636655502832,1.6574839157843528,94.09622348892306,91.86871634376432,0.9789750353467946,0.017126531923903062,certain_temperate,490.9381271362305,584.1081877708435,POINT (556598.0141652806 8639549.89071415),ragna_mariebreen
ragna_mariebreen-20240317-DAT_0332_A1_2,2540.0,2997,95.17102813720703,556600.5739310617,8639545.527862087,585.941552734375,2024-03-17 15:31:14.600000+00:00,0,2024-04-29,100 MHz,20240317,93.04499983787537,95.04595947265625,95.92138671875,1.2606397706973838,0.9270661422729491,9,1.9218662384976801,0.13549105326334634,2.1380784121122596,2.3024205297155396,93.11932311252193,97.84802307888432,93.79536294937134,92.16957688331604,1.6185551629217745,2.0395613842248914,6.0,6.0,0.26901300810894563,0.1354825297991435,2.0616823602179735,1.6463427133599284,94.09656639293166,91.86837343975571,0.9776609716113753,0.017006805480637672,certain_temperate,490.770524597168,583.8155244350434,POINT (556600.5739310617 8639545.527862087),ragna_mariebreen
ragna_mariebreen-20240317-DAT_0332_A1_2,2545.0,3003,95.04595947265625,556603.0883930058,8639541.312085668,585.68974609375,2024-03-17 15:31:15.800000+00:00,0,2024-04-29,100 MHz,20240317,92.91993117332458,94.9208984375,96.04644012451172,1.2459062798240308,1.1124703216552734,9,1.9193889040085454,0.2709738413492839,2.2349655040045917,2.304292309068376,92.98247624728273,97.98486231472899,93.67029428482056,92.04450821876526,1.6185551629217745,2.0395613842248914,6.0,6.0,0.26901300810894563,0.0,2.057225957096881,1.6407586092879585,93.9393072929295,91.77549521065632,0.9776315762276744,0.01702918432200599,certain_temperate,490.6437866210938,583.5637177944184,POINT (556603.0883930058 8639541.312085668),ragna_mariebreen
ragna_mariebreen-20240317-DAT_0332_A1_2,2550.0,3009,94.9208984375,556605.6154981963,8639537.171294596,585.4111328125,2024-03-17 15:31:17+00:00,0,2024-04-29,100 MHz,20240317,92.79487013816833,94.6707763671875,96.1715087890625,1.2497365442177588,1.1125042556762694,9,1.9169117830700704,0.2709573109944662,2.2328534137627662,2.3043025145166105,92.73480925784544,98.10747589840456,93.5452332496643,91.91944718360901,1.6185551629217745,2.0395613842248914,6.0,6.0,0.26901300810894563,0.0,2.057225957096881,1.6407586092879585,93.81424625777325,91.65043417550007,0.9776021051809625,0.0170516207659739,certain_temperate,490.490234375,583.2851045131683,POINT (556605.6154981963 8639537.171294596),ragna_mariebreen
ragna_mariebreen-20240317-DAT_0332_A1_2,2555.0,3015,94.79584503173828,556608.0328063068,8639533.026002083,585.15498046875,2024-03-17 15:31:18.200000+00:00,0,2024-04-29,100 MHz,20240317,92.66981673240662,94.29560089111328,96.1715087890625,1.2770732252246364,1.2979084350585937,9,1.9144348759131338,0.13547452290852866,2.316890274973348,2.3052831199346175,92.3763785901617,98.09073109001407,93.42017984390259,91.79439377784729,1.6185551629217745,2.0395613842248914,6.0,6.0,0.26901300810894563,0.0,2.057225957096881,1.6407586092879585,93.68919285201153,91.52538076973835,0.9775725581788964,0.01707411503510382,certain_temperate,490.3591354370117,583.0289521694183,POINT (556608.0328063068 8639533.026002083),ragna_mariebreen
ragna_mariebreen-20240317-DAT_0332_A1_2,2560.0,3021,94.79584503173828,556610.4658160597,8639528.881358093,584.8941650390625,2024-03-17 15:31:19.400000+00:00,0,2024-04-29,100 MHz,20240317,92.66981673240662,94.04547119140625,96.1715087890625,1.2647683776393042,1.2978971237182617,9,1.9144348759131338,0.9483712514241537,2.4998011657722876,2.4827621661602444,91.9090094143926,98.30797056607615,93.42017984390259,91.79439377784729,1.652818197460253,2.0395613842248914,6.0,6.0,0.26901300810894563,0.0,2.057225957096881,1.6745674045518693,93.68919285201153,91.52538076973835,0.9775725581788964,0.017435555291551844,certain_temperate,490.0983200073242,582.7681367397308,POINT (556610.4658160597 8639528.881358093),ragna_mariebreen
ragna_mariebreen-20240317-DAT_0332_A1_2,2565.0,3028,95.6712646484375,556613.5492528199,8639524.204927936,584.5759887695312,2024-03-17 15:31:20.800000+00:00,0,2024-04-29,100 MHz,20240317,93.54523634910583,94.04547119140625,95.79632568359375,1.2589832612684724,0.9270717979431152,10,1.9317754403068041,0.9483712514241537,2.343208590979865,2.493231484330037,91.8934571621071,97.9483397128929,94.2955994606018,92.66981339454651,1.652818197460253,2.0395613842248914,6.0,6.0,0.26901300810894563,0.13548201322555542,2.061682326271637,1.6800390972519756,94.59680267180559,92.36861018334272,0.9777777757287502,0.017276014940681008,certain_temperate,488.90472412109375,582.4499604701996,POINT (556613.5492528199 8639524.204927936),ragna_mariebreen
ragna_mariebreen-20240317-DAT_0332_A1_2,2570.0,3034,95.6712646484375,556616.2160899119,8639520.107122056,584.3323364257812,2024-03-17 15:31:22+00:00,0,2024-04-29,100 MHz,20240317,93.42017602920532,94.29560089111328,95.92138671875,1.2864943950961745,0.7416563072204589,10,1.9317754403068041,0.0,2.0692535924367594,2.3209532912978705,92.36382545080647,97.85316215905681,94.2955994606018,92.66981339454651,1.666638984564731,2.1322685993671415,6.0,6.0,0.26941967260884025,0.13548201322555542,2.153488266915661,1.6937024061998796,94.59716593071462,92.36824692443369,0.9764705878248371,0.01742047615539647,certain_temperate,488.66107177734375,582.0812478065491,POINT (556616.2160899119 8639520.107122056),ragna_mariebreen
ragna_mariebreen-20240317-DAT_0332_A1_2,2575.0,3039,95.6712646484375,556618.6118790157,8639516.296054836,584.116455078125,2024-03-17 15:31:23+00:00,0,2024-04-29,100 MHz,20240317,93.42017602920532,94.54572296142578,95.92138671875,1.3423548976844215,0.5562464721679687,10,1.9317754403068041,0.0,2.010265278407767,2.352376037777528,92.61394752111897,97.85316215905681,94.2955994606018,92.66981339454651,1.6666389845647311,2.1322685993671415,6.0,6.0,0.26941967260884025,0.0,2.149222263944743,1.6882749968117199,94.56501913321064,92.40039372193768,0.9764705878248371,0.017420476155396474,certain_temperate,488.4451904296875,581.8653664588928,POINT (556618.6118790157 8639516.296054836),ragna_mariebreen
ragna_mariebreen-20240317-DAT_0332_A1_2,2580.0,3044,95.6712646484375,556621.7820858269,8639511.995527804,583.82861328125,2024-03-17 15:31:24.200000+00:00,0,2024-04-29,100 MHz,20240317,93.42017602920532,94.42066192626953,96.04644012451172,1.361057065955343,0.4635330711364746,10,1.9317754403068041,0.0,1.9866099918730298,2.3630981123430983,92.48888648596272,97.97821556481853,94.2955994606018,92.66981339454651,1.6666389845647311,2.1322685993671415,6.0,6.0,0.26941967260884025,0.0,2.149222263944743,1.6882749968117199,94.56501913321064,92.40039372193768,0.9764705878248371,0.017420476155396474,certain_temperate,488.1573486328125,581.5775246620178,POINT (556621.7820858269 8639511.995527804),ragna_mariebreen
ragna_mariebreen-20240317-DAT_0332_A1_2,2585.0,3050,95.6712646484375,556624.9869542271,8639507.808126956,583.5296142578125,2024-03-17 15:31:25.400000+00:00,0,2024-04-29,100 MHz,20240317,93.42017602920532,94.29560089111328,96.04644012451172,1.4105276701586742,0.4635330711364746,10,1.9317754403068041,0.0,1.9866099918730298,2.391933247408005,92.36382545080647,97.97821556481853,94.2955994606018,92.66981339454651,1.6666389845647311,2.1322685993671415,6.0,6.0,0.26941967260884025,0.0,2.149222263944743,1.6882749968117199,94.56501913321064,92.40039372193768,0.9764705878248371,0.017420476155396474,certain_temperate,487.85834960937495,581.2785256385803,POINT (556624.9869542271 8639507.808126956),ragna_mariebreen
ragna_mariebreen-20240317-DAT_0332_A1_2,2590.0,3056,95.6712646484375,556627.9322493696,8639503.715005217,583.2083074396306,2024-03-17 15:31:26.545454592+00:00,0,2024-04-29,100 MHz,20240317,93.42017602920532,94.29560089111328,95.92138671875,1.4811411543205493,0.6489429061889648,10,1.9317754403068041,0.0,2.0378624210838,2.4342422785734694,92.36382545080647,97.85316215905681,94.2955994606018,92.66981339454651,1.666638984564731,2.1322685993671415,6.0,6.0,0.26941967260884025,0.0,2.149222263944743,1.6882749968117197,94.56501913321064,92.40039372193768,0.9764705878248371,0.01742047615539647,certain_temperate,487.53704279119313,580.9572188203985,POINT (556627.9322493696 8639503.715005217),ragna_mariebreen
ragna_mariebreen-20240317-DAT_0332_A1_2,2595.0,3062,95.6712646484375,556630.7687413142,8639499.871277887,582.8613725142045,2024-03-17 15:31:27.636363776+00:00,0,2024-04-29,100 MHz,20240317,93.42017602920532,94.17053985595703,95.92138671875,1.5722059194765676,0.7416563072204589,10,1.9317754403068041,0.1354827880859375,2.073684164881425,2.494382366614478,92.23401928089461,97.85790729381242,94.2955994606018,92.66981339454651,1.6666389845647307,2.1322685993671415,6.0,6.0,0.26941967260884025,0.0,2.149222263944743,1.6882749968117194,94.56501913321064,92.40039372193768,0.9764705878248371,0.01742047615539647,certain_temperate,487.190107865767,580.6102838949723,POINT (556630.7687413142 8639499.871277887),ragna_mariebreen
ragna_mariebreen-20240317-DAT_0332_A1_2,2600.0,3068,95.54620361328125,556633.718957519,8639495.693746796,582.5104736328125,2024-03-17 15:31:28.800000+00:00,0,2024-04-29,100 MHz,20240317,93.29511499404907,94.04547119140625,95.79632568359375,1.6188771890321,0.8343583969116211,10,1.929298009630508,0.1354827880859375,2.1063476280824847,2.522163703846412,92.11142196870487,97.73037490629513,94.17053842544556,92.54475235939026,1.6666389845647311,2.1322685993671415,6.0,6.0,0.26941967260884025,0.13548227151234946,2.153488283165226,1.6937024268606806,94.47210501159661,92.2431857732392,0.9764397900272066,0.017443277927717292,certain_temperate,486.9642700195312,580.2593850135803,POINT (556633.718957519 8639495.693746796),ragna_mariebreen
ragna_mariebreen-20240317-DAT_0332_A1_2,2605.0,3073,95.54620361328125,556636.5072611772,8639492.084986106,582.21904296875,2024-03-17 15:31:29.800000+00:00,0,2024-04-29,100 MHz,20240317,93.17005443572998,94.04547119140625,95.79632568359375,1.5897934939483074,0.834364052581787,10,1.929298009630508,0.13547452290852866,2.106349336782063,2.503594917258361,92.11142254767427,97.73037432732573,94.17053842544556,92.54475235939026,1.6580144561332837,2.2249759912490843,6.0,6.0,0.2698489095134369,0.13548227151234946,2.2453712480332917,1.6852850846686698,94.47248855354577,92.24280223129004,0.9751308886413884,0.01735301240061844,certain_temperate,486.6728393554688,579.8428937911988,POINT (556636.5072611772 8639492.084986106),ragna_mariebreen
ragna_mariebreen-20240317-DAT_0332_A1_2,2610.0,3079,95.42115020751953,556639.6949999939,8639487.93414409,581.8740844726562,2024-03-17 15:31:31+00:00,0,2024-04-29,100 MHz,20240317,93.04500102996826,93.92041778564453,95.54620361328125,1.521428349288894,1.1124816329956053,10,1.9268207915554578,0.13547452290852866,2.2290372569520374,2.458807827209687,91.98884026736376,97.47778113156203,94.04548501968384,92.41969895362854,1.6580144561332837,2.2249759912490843,6.0,6.0,0.2698489095134369,0.0,2.241280124304063,1.679830458919155,94.31533392919728,92.1498500441151,0.9750982966314734,0.01737575424869094,certain_temperate,486.4529342651367,579.497935295105,POINT (556639.6949999939 8639487.93414409),ragna_mariebreen
ragna_mariebreen-20240317-DAT_0332_A1_2,2615.0,3085,95.42115020751953,556642.7480626557,8639483.74675237,581.4777526855469,2024-03-17 15:31:32.166666752+00:00,0,2024-04-29,100 MHz,20240317,93.04500102996826,94.17053985595703,95.54620361328125,1.482082764595544,1.483306958770752,10,1.9268207915554578,0.0,2.4316327635373187,2.4308861931159123,92.24371906440157,97.4730244048367,94.04548501968384,92.41969895362854,1.6580144561332837,2.2249759912490843,6.0,6.0,0.2698489095134369,0.0,2.241280124304063,1.679830458919155,94.31533392919728,92.1498500441151,0.9750982966314734,0.01737575424869094,certain_temperate,486.05660247802734,579.1016035079956,POINT (556642.7480626557 8639483.74675237),ragna_mariebreen
ragna_mariebreen-20240317-DAT_0332_A1_2,2620.0,3091,95.42115020751953,556645.5777410034,8639480.152117718,581.1499755859375,2024-03-17 15:31:33.200000+00:00,0,2024-04-29,100 MHz,20240317,93.04500102996826,94.6707763671875,95.54620361328125,1.4680037369829715,1.2051950340270996,10,1.9268207915554578,0.13547452290852866,2.27672720789542,2.426113493001443,92.73919884890672,97.47778113156203,94.04548501968384,92.41969895362854,1.6580144561332837,2.2249759912490843,6.0,6.0,0.2698489095134369,0.0,2.241280124304063,1.679830458919155,94.31533392919728,92.1498500441151,0.9750982966314734,0.01737575424869094,certain_temperate,485.7288253784179,578.7738264083862,POINT (556645.5777410034 8639480.152117718),ragna_mariebreen
ragna_mariebreen-20240317-DAT_0332_A1_2,2625.0,3097,95.54620361328125,556648.4953506154,8639475.692341989,580.7827392578125,2024-03-17 15:31:34.400000+00:00,0,2024-04-29,100 MHz,20240317,93.17005443572998,95.17102813720703,96.421630859375,1.4648334682620332,1.1124929443359375,9,1.929298009630508,0.2709573109944662,2.2434904112883642,2.437487592601482,93.22279594510425,98.36986305147778,94.17053842544556,92.54475235939026,1.6580144561332837,2.2249759912490843,6.0,6.0,0.2698489095134369,0.0,2.241280124304063,1.679830458919155,94.440387334959,92.27490344987682,0.9751308886413884,0.01735301240061844,certain_temperate,485.2365356445313,578.4065900802613,POINT (556648.4953506154 8639475.692341989),ragna_mariebreen
ragna_mariebreen-20240317-DAT_0332_A1_2,2630.0,3102,95.6712646484375,556650.9439149899,8639471.939339254,580.4388916015625,2024-03-17 15:31:35.400000+00:00,0,2024-04-29,100 MHz,20240317,93.29511547088623,95.54620361328125,96.54669189453125,1.4313848059314827,1.1124929443359375,9,1.9317754403068041,0.270965576171875,2.245622240369013,2.419512586843518,93.5955168892677,98.4973786185448,94.2955994606018,92.66981339454651,1.6580144561332837,2.2249759912490843,6.0,6.0,0.2698489095134369,0.0,2.241280124304063,1.679830458919155,94.56544837011525,92.39996448503307,0.9751633974288635,0.017330328622977623,certain_temperate,484.76762695312505,578.0627424240113,POINT (556650.9439149899 8639471.939339254),ragna_mariebreen
ragna_mariebreen-20240317-DAT_0332_A1_2,2635.0,3107,95.79632568359375,556653.6657601476,8639467.75077556,580.0020141601562,2024-03-17 15:31:36.500000+00:00,0,2024-04-29,100 MHz,20240317,93.42017650604248,95.79632568359375,96.67174530029297,1.3827519696743462,1.1124816329956053,9,1.9342529322172073,0.270965576171875,2.247748236127345,2.393064929938029,93.84318545584229,98.62488552804443,94.29560005664825,92.79487442970276,1.635696604738377,2.132268687736988,6.0,6.0,0.2698489095134369,0.0,2.149276201577919,1.6578063266613037,94.5654489661617,92.52502552018932,0.9751958213366192,0.017074732178569446,certain_temperate,484.2056884765625,577.625864982605,POINT (556653.6657601476 8639467.75077556),ragna_mariebreen
ragna_mariebreen-20240317-DAT_0332_A1_2,2640.0,3112,95.92138671875,556656.6935552271,8639463.574783646,579.569970703125,2024-03-17 15:31:37.600000+00:00,0,2024-04-29,100 MHz,20240317,93.54523754119873,95.79632568359375,96.67174530029297,1.3378837140109112,0.741650651550293,9,1.936730485126724,0.2709573109944662,2.091503890827249,2.3694462789048787,93.84073297640737,98.62733800747935,94.4206610918045,92.91993546485901,1.635696604738377,2.132268687736988,6.0,6.0,0.2698489095134369,0.13548201322555542,2.153542097702494,1.6633331574359644,94.72261110401388,92.61798545264963,0.975228160696651,0.017052470368619507,certain_temperate,483.648583984375,577.1938215255738,POINT (556656.6935552271 8639463.574783646),ragna_mariebreen
ragna_mariebreen-20240317-DAT_0332_A1_2,2645.0,3117,96.04644012451172,556659.847195206,8639459.68321063,579.2037109375,2024-03-17 15:31:38.600000+00:00,0,2024-04-29,100 MHz,20240317,93.54523062705994,95.92138671875,96.79681396484375,1.3440370274971478,0.9270774536132812,9,1.9392079476519701,0.270965576171875,2.166430800349923,2.374949544514597,93.96333927098304,98.75486141261071,94.54571449756622,93.04498887062073,1.6281893508532248,2.224975902879238,6.0,6.0,0.2703006096553561,0.13548201322555542,2.2454254750227154,1.6560248662745232,94.84806825641124,92.74263511177571,0.9739583320921703,0.016952105135208437,certain_temperate,483.15727081298826,576.7025014400482,POINT (556659.847195206 8639459.68321063),ragna_mariebreen
ragna_mariebreen-20240317-DAT_0332_A1_2,2650.0,3122,96.1715087890625,556662.8950601664,8639455.880381722,578.8458557128906,2024-03-17 15:31:39.600000+00:00,0,2024-04-29,100 MHz,20240317,93.67029929161072,95.92138671875,97.04693603515625,1.32351357079018,1.2979084350585937,9,1.9416857730090857,0.270965576171875,2.351198054263463,2.3654289582741264,93.96088525622159,99.00743749768466,94.670783162117,93.17005753517151,1.6281893508532248,2.224975902879238,6.0,6.0,0.2703006096553561,0.0,2.2413344658870837,1.6504735628939662,94.94108377177236,92.89975692551616,0.9739921986361074,0.016930059342465026,certain_temperate,482.6743469238281,576.3446462154388,POINT (556662.8950601664 8639455.880381722),ragna_mariebreen
ragna_mariebreen-20240317-DAT_0332_A1_2,2655.0,3128,96.29656219482422,556666.3775716925,8639451.443843016,578.4091491699219,2024-03-17 15:31:40.800000+00:00,0,2024-04-29,100 MHz,20240317,93.79535269737244,96.04644012451172,97.54717254638672,1.3338166370007067,1.483335237121582,9,1.9441633563609464,0.270965576171875,2.4603814593215736,2.3732383615698387,94.08348482708725,99.51012784381119,94.79583656787872,93.29511094093323,1.6281893508532248,2.224975902879238,6.0,6.0,0.2703006096553561,0.0,2.2413344658870837,1.6504735628939662,95.06613717753407,93.02481033127788,0.9740259730935004,0.016908073494452714,certain_temperate,482.11258697509766,575.9079396724701,POINT (556666.3775716925 8639451.443843016),ragna_mariebreen
ragna_mariebreen-20240317-DAT_0332_A1_2,2660.0,3133,96.421630859375,556669.376871562,8639447.676262422,578.0163452148438,2024-03-17 15:31:41.800000+00:00,0,2024-04-29,100 MHz,20240317,93.92042136192322,96.1715087890625,97.92235565185547,1.3236804419248491,1.4833126144409179,9,1.9466413020977005,0.2709738413492839,2.462327251582894,2.369592600862558,94.20609809871603,99.88776634220194,94.9209052324295,93.42017960548401,1.6281893508532248,2.224975902879238,6.0,6.0,0.2703006096553561,0.0,2.2413344658870837,1.6504735628939662,95.19120584208486,93.14987899582866,0.974059664048831,0.016886142003010078,certain_temperate,481.5947143554688,575.515135717392,POINT (556669.376871562 8639447.676262422),ragna_mariebreen
ragna_mariebreen-20240317-DAT_0332_A1_2,2665.0,3138,96.54669189453125,556672.3752162227,8639443.741102152,577.6064575195312,2024-03-17 15:31:42.800000+00:00,0,2024-04-29,100 MHz,20240317,94.04548239707947,96.421630859375,98.29753112792969,1.276564193209206,1.4833126144409179,9,1.9491191565194312,0.40644836425781256,2.4828375040019073,2.365138875098615,94.43058446134233,100.28857752596235,95.04596626758575,93.54524064064026,1.6281893508532248,2.224975902879238,6.0,6.0,0.2703006096553561,0.0,2.2413344658870837,1.6504735628939662,95.3162668772411,93.27494003098491,0.9740932656689664,0.01686426866527833,certain_temperate,481.05976562499995,575.1052480220794,POINT (556672.3752162227 8639443.741102152),ragna_mariebreen
ragna_mariebreen-20240317-DAT_0332_A1_2,2670.0,3143,96.79681396484375,556675.2731245343,8639439.764589217,577.1969360351562,2024-03-17 15:31:43.800000+00:00,0,2024-04-29,100 MHz,20240317,94.29560446739197,96.67174530029297,98.67271423339844,1.3033378657746078,1.4833239257812498,9,1.9540750439780525,0.54193115234375,2.5124387594871944,2.410557662396891,94.64391427888648,100.70054525480492,95.29608833789825,93.79536271095276,1.6622540733469136,2.224975902879238,6.0,6.0,0.2703006096553561,0.0,2.2413344658870837,1.6840875939031388,95.5663889475536,93.52506210129741,0.9741602084304116,0.017172611424490048,certain_temperate,480.4001220703125,574.6957265377044,POINT (556675.2731245343 8639439.764589217),ragna_mariebreen
ragna_mariebreen-20240317-DAT_0332_A1_2,2675.0,3148,97.04693603515625,556678.090867114,8639435.635856543,576.7935913085937,2024-03-17 15:31:44.800000+00:00,0,2024-04-29,100 MHz,20240317,94.54572653770447,96.92186737060547,99.04790496826172,1.2806397660502802,1.4833126144409179,9,1.9590311680840313,0.6774139404296875,2.548903504719767,2.4365407804103087,94.84902083402511,101.12075150484208,95.54621040821075,94.04548478126526,1.6622540733469138,2.224975902879238,6.0,6.0,0.2703006096553561,0.0,2.2413344658870837,1.684087593903139,95.8165110178661,93.77518417160991,0.9742268061245571,0.017128351921844757,certain_temperate,479.74665527343745,574.2923818111419,POINT (556678.090867114 8639435.635856543),ragna_mariebreen
ragna_mariebreen-20240317-DAT_0332_A1_2,2680.0,3153,97.422119140625,556680.9136235114,8639431.76796312,576.4301879882812,2024-03-17 15:31:45.800000+00:00,0,2024-04-29,100 MHz,20240317,94.92090964317322,97.17198944091797,99.4230728149414,1.272300500895413,1.483301303100586,9,1.966465794042717,0.8128801981608074,2.593828192360069,2.479215702652903,95.04413560766203,101.55092664819735,95.9213935136795,94.42066788673401,1.6622540733469136,2.224975902879238,6.0,6.0,0.2703006096553561,0.13548227151234946,2.245425490606955,1.6895284755909292,96.2237473882606,94.11831401215291,0.9743260614784884,0.017062388788192086,certain_temperate,479.0080688476562,573.9289784908294,POINT (556680.9136235114 8639431.76796312),ragna_mariebreen
ragna_mariebreen-20240317-DAT_0332_A1_2,2685.0,3158,97.79728698730469,556683.778673331,8639427.827348445,576.0953735351562,2024-03-17 15:31:46.800000+00:00,0,2024-04-29,100 MHz,20240317,95.17101693153381,97.422119140625,99.79826354980469,1.2890933218016738,1.4833126144409179,9,1.9739006400604093,0.8128884633382161,2.599478352058122,2.493758806094313,95.28738932384273,101.93299336658696,96.29656136035919,94.7958357334137,1.656126937479606,2.224976079618931,6.0,6.0,0.2707746623344502,0.13548227151234946,2.2454827807250957,1.6835767866961282,96.59933910666246,94.49305798711043,0.9731457779998356,0.016934283030720393,certain_temperate,478.29808654785154,573.4691034793854,POINT (556683.778673331 8639427.827348445),ragna_mariebreen
ragna_mariebreen-20240317-DAT_0332_A1_2,2690.0,3164,98.17247772216797,556686.7879764278,8639423.563778536,575.7381184895834,2024-03-17 15:31:47.833333248+00:00,0,2024-04-29,100 MHz,20240317,95.5462076663971,97.79728698730469,99.9233169555664,1.2301127060837667,1.4833239257812498,9,1.9813364562445788,0.8128967285156251,2.6051382137749104,2.469751508501201,95.65567655492553,102.06492738794556,96.67175209522247,95.17102646827698,1.656126937479606,2.224976079618931,6.0,6.0,0.2707746623344502,0.0,2.241391860572078,1.6781166082271857,96.94252675755692,94.90025180594253,0.9732484081414007,0.01686956442279588,certain_temperate,477.5656407674154,573.1118484338125,POINT (556686.7879764278 8639423.563778536),ragna_mariebreen
ragna_mariebreen-20240317-DAT_0332_A1_2,2695.0,3170,98.54765319824219,556690.1024556162,8639419.076950328,575.2987060546875,2024-03-17 15:31:49+00:00,0,2024-04-29,100 MHz,20240317,95.92138314247131,98.04741668701172,100.17344665527344,1.2707644610552071,1.8541549072265624,9,1.9887724807912055,0.6774139404296875,2.802141332451528,2.4553916067547785,95.94643938417362,102.27442395811154,97.04692757129669,95.5462019443512,1.656126937479606,2.224976079618931,6.0,6.0,0.2707746623344502,0.0,2.241391860572078,1.6781166082271857,97.31770223363114,95.27542728201675,0.9733502526895514,0.01680534121038964,certain_temperate,476.7510528564453,572.6724359989166,POINT (556690.1024556162 8639419.076950328),ragna_mariebreen
ragna_mariebreen-20240317-DAT_0332_A1_2,2700.0,3175,98.79778289794922,556693.173046416,8639415.107567856,574.9110717773438,2024-03-17 15:31:50+00:00,0,2024-04-29,100 MHz,20240317,96.17151284217834,98.29753112792969,100.29850006103516,1.2348724996666536,1.8541549072265624,9,1.9937303634694745,0.40644836425781256,2.7528260851387465,2.3801409885678924,96.26279256117769,102.33323862778715,97.29705727100372,95.79633164405823,1.656126937479606,2.224976079618931,6.0,6.0,0.2707746623344502,0.0,2.241391860572078,1.6781166082271857,97.56783193333817,95.52555698172378,0.9734177227591877,0.01676279455775098,certain_temperate,476.11328887939453,572.2848017215729,POINT (556693.173046416 8639415.107567856),ragna_mariebreen
ragna_mariebreen-20240317-DAT_0332_A1_2,2705.0,3179,98.92283630371094,556695.857431846,8639411.825601263,574.5747273763021,2024-03-17 15:31:50.888888832+00:00,0,2024-04-29,100 MHz,20240317,96.29656624794006,98.67271423339844,100.42355346679688,1.2189383847603428,1.8541322845458983,9,1.9962091616231792,0.4064400990804037,2.7546054344831665,2.373995652256119,96.63554841513798,102.46071928505734,97.42211067676544,95.92138504981995,1.656126937479606,2.224976079618931,6.0,6.0,0.2707746623344502,0.0,2.241391860572078,1.6781166082271857,97.69288533909989,95.6506103874855,0.9734513267724375,0.016741603853684478,certain_temperate,475.6518910725912,571.9484573205312,POINT (556695.857431846 8639411.825601263),ragna_mariebreen
ragna_mariebreen-20240317-DAT_0332_A1_2,2710.0,3184,99.17295837402344,556699.2129136333,8639407.723143023,574.154296875,2024-03-17 15:31:52+00:00,0,2024-04-29,100 MHz,20240317,96.54668831825256,99.04790496826172,100.67369079589844,1.241890869023581,1.6687394165039062,9,2.001167226661059,0.6774139404296875,2.6922576317924305,2.4506841588248243,96.93519109370351,102.78640467045665,97.67223274707794,96.17150712013245,1.656126937479606,2.224976079618931,6.0,6.0,0.2707746623344502,0.0,2.241391860572078,1.6781166082271857,97.94300740941239,95.900732457798,0.973518284632933,0.0166993802003329,certain_temperate,474.98133850097656,571.5280268192291,POINT (556699.2129136333 8639407.723143023),ragna_mariebreen
ragna_mariebreen-20240317-DAT_0332_A1_2,2715.0,3190,99.54814147949219,556702.5839307503,8639403.455856694,573.6942036946615,2024-03-17 15:31:53.166666752+00:00,0,2024-04-29,100 MHz,20240317,96.92187142372131,99.4230728149414,100.79874420166016,1.2580534484996426,1.2979084350585937,9,2.008604736828129,0.9483712514241537,2.5726382033104573,2.5527631105564916,97.20183419215992,103.01998282444164,98.04741585254669,96.5466902256012,1.656126937479606,2.224976079618931,6.0,6.0,0.2707746623344502,0.0,2.241391860572078,1.6781166082271857,98.31819051488114,96.27591556326675,0.9736180905365078,0.016636442558003787,certain_temperate,474.1460622151693,571.0679336388906,POINT (556702.5839307503 8639403.455856694),ragna_mariebreen
ragna_mariebreen-20240317-DAT_0332_A1_2,2720.0,3195,100.04837799072266,556705.1428108526,8639400.148059111,573.3517456054688,2024-03-17 15:31:54+00:00,0,2024-04-29,100 MHz,20240317,97.42210793495178,99.67321014404297,101.04885864257812,1.2616709202700511,1.1124816329956053,9,2.018522027481941,1.2193450927734375,2.607460261337273,2.6745181139329652,97.3149833460652,103.40708544055589,98.54765236377716,97.04692673683167,1.656126937479606,2.224976079618931,6.0,6.0,0.2707746623344502,0.13548201322555542,2.2454827651412543,1.6835767659110659,98.85042999450636,96.74414910610247,0.9737499986655016,0.016553261239609263,certain_temperate,473.3033676147461,570.7254755496979,POINT (556705.1428108526 8639400.148059111),ragna_mariebreen
ragna_mariebreen-20240317-DAT_0332_A1_2,2725.0,3201,100.67369079589844,556708.7620108777,8639395.642771317,572.9337768554688,2024-03-17 15:31:55.200000+00:00,0,2024-04-29,100 MHz,20240317,97.92236042022705,100.04837799072266,101.1739273071289,1.1324698712322938,0.9270887649536133,9,2.0309201873503713,0.9483795166015627,2.4256038615157043,2.5112842380235594,97.8069363754008,103.41536892245077,99.17296516895294,97.67223954200745,1.6515561348826453,2.224976079618931,6.0,6.0,0.27127094856330786,0.13548201322555542,2.245542664550935,1.6791607934056192,99.47618671080326,97.36901800015713,0.9726708104776915,0.0164050420902015,certain_temperate,472.2600860595703,570.1824464797974,POINT (556708.7620108777 8639395.642771317),ragna_mariebreen
ragna_mariebreen-20240317-DAT_0332_A1_2,2730.0,3206,100.9238052368164,556711.6997500682,8639392.040289797,572.6223999023438,2024-03-17 15:31:56.200000+00:00,0,2024-04-29,100 MHz,20240317,98.17247486114502,100.67369079589844,101.4240493774414,1.0270552477069408,0.5562577835083008,9,2.035879609748951,0.6773974100748698,2.216550418619267,2.378763443138062,98.52807362674461,103.56966654659523,99.42307960987091,97.79729342460632,1.652345106281505,2.224976079618931,6.0,6.0,0.27127094856330786,0.0,2.2414518693049965,1.6744647735282088,99.69435055843422,97.52602247604301,0.9727385390472008,0.01637220378684988,certain_temperate,471.69859466552737,569.8710695266724,POINT (556711.6997500682 8639392.040289797),ragna_mariebreen
ragna_mariebreen-20240317-DAT_0332_A1_2,2735.0,3211,101.29898071289062,556714.4806091049,8639388.431364419,572.2788940429688,2024-03-17 15:31:57.200000+00:00,0,2024-04-29,100 MHz,20240317,98.54765033721924,101.1739273071289,101.67416381835938,0.9071094971867388,0.37083098144531246,9,2.0433192108401066,0.9483795166015625,2.283000815089067,2.4284613945426488,98.92124510475378,103.9268460207345,99.79825508594513,98.17246890068054,1.6753748862346565,2.3176834715008736,6.0,6.0,0.27127094856330786,0.0,2.3335047892821597,1.6971944311009934,100.06952603450844,97.90119795211723,0.9728395058241561,0.016538911590661835,certain_temperate,470.97991333007815,569.5275636672974,POINT (556714.4806091049 8639388.431364419),ragna_mariebreen
ragna_mariebreen-20240317-DAT_0332_A1_2,2740.0,3217,101.79923248291016,556717.6389464183,8639384.242239874,571.8784301757812,2024-03-17 15:31:58.400000+00:00,0,2024-04-29,100 MHz,20240317,99.04790210723877,101.79923248291016,102.17440795898438,0.8067226696698727,0.37083098144531246,9,2.053239755519028,0.9483795166015625,2.2918841196607094,2.401253561561656,99.53754788926027,104.43609255263426,100.29850685596466,98.67272067070007,1.6753748862346565,2.3176834715008736,6.0,6.0,0.27127094856330786,0.0,2.3335047892821597,1.6971944311009934,100.56977780452797,98.40144972213676,0.9729729752517213,0.016457637698947435,certain_temperate,470.07919769287105,569.1270998001098,POINT (556717.6389464183 8639384.242239874),ragna_mariebreen
ragna_mariebreen-20240317-DAT_0332_A1_2,2745.0,3224,102.17440795898438,556721.0261357159,8639379.83913873,571.438623046875,2024-03-17 15:31:59.800000+00:00,0,2024-04-29,100 MHz,20240317,99.42307758331299,102.04934692382812,102.67465209960938,0.7635638314908676,0.5562351608276367,9,2.0606804353677908,0.6774139404296875,2.239350588348553,2.2996354554922562,99.8801780730016,104.8438209504359,100.67368233203888,99.04789614677429,1.6753748862346565,2.3176834715008736,6.0,6.0,0.27127094856330786,0.0,2.3335047892821597,1.6971944311009934,100.94495328060219,98.77662519821098,0.973072216119169,0.016397206694921083,certain_temperate,469.26421508789065,568.6872926712036,POINT (556721.0261357159 8639379.83913873),ragna_mariebreen
ragna_mariebreen-20240317-DAT_0332_A1_2,2750.0,3231,102.4245376586914,556724.0923094931,8639375.981332863,571.0680541992188,2024-03-17 15:32:01+00:00,0,2024-04-29,100 MHz,20240317,99.67320728302002,102.29947662353516,102.79971313476562,0.8469200290377277,0.741650651550293,9,2.0656413933300906,0.54193115234375,2.2606657047569585,2.297354407857997,100.16392897955264,104.93526077874814,100.92381203174591,99.29802584648132,1.6753748862346565,2.3176834715008736,6.0,6.0,0.27127094856330786,0.0,2.3335047892821597,1.6971944311009934,101.19508298030922,99.02675489791801,0.9731379761279506,0.016357163278759402,certain_temperate,468.64351654052734,568.3167238235474,POINT (556724.0923094931 8639375.981332863),ragna_mariebreen
ragna_mariebreen-20240317-DAT_0332_A1_2,2755.0,3237,102.67465209960938,556727.1850938868,8639372.050162738,570.6891845703125,2024-03-17 15:32:02.200000+00:00,0,2024-04-29,100 MHz,20240317,99.92332172393799,101.92428588867188,103.0498275756836,0.8006043651283488,0.5562408164978027,8,2.070602248987074,0.4064400990804037,2.18219867876162,2.2568904663526284,99.81417043504123,105.15994302931423,101.17392647266388,99.54814028739929,1.6753748862346565,2.3176834715008736,6.0,6.0,0.27127094856330786,0.1354825297991435,2.3374345161915344,1.7025934490773187,101.47714824532412,99.24491851473906,0.9732034117534463,0.016317317390170446,certain_temperate,468.0145324707031,567.9378541946411,POINT (556727.1850938868 8639372.050162738),ragna_mariebreen
ragna_mariebreen-20240317-DAT_0332_A1_2,2760.0,3242,102.79971313476562,556730.0068071744,8639368.428982355,570.3117446899414,2024-03-17 15:32:03.249999872+00:00,0,2024-04-29,100 MHz,20240317,99.92332196235657,102.04934692382812,103.2999496459961,0.9834522706537786,0.834364052581787,8,2.0730828271528474,0.1354827880859375,2.2387923901836646,2.298522647867028,99.97184169059679,105.37745487922743,101.29898750782013,99.67320132255554,1.6717925170354666,2.3176834715008736,6.0,6.0,0.27178934944306615,0.1354825297991435,2.3374947359127467,1.6991513135584015,101.60267314520105,99.36951568517462,0.9720194630442378,0.016262618504040226,certain_temperate,467.5120315551758,567.4353535175323,POINT (556730.0068071744 8639368.428982355),ragna_mariebreen
ragna_mariebreen-20240317-DAT_0332_A1_2,2765.0,3246,102.79971313476562,556732.9212233443,8639364.9186643,569.921516418457,2024-03-17 15:32:04.249999872+00:00,0,2024-04-29,100 MHz,20240317,99.92332196235657,102.04934692382812,103.55007934570312,1.0673395868282236,1.1124872886657715,8,2.0730828271528474,0.0,2.352721907850344,2.331713147419014,99.97626409667528,105.62316217285597,101.29898750782013,99.67320132255554,1.6717925170354664,2.3176834715008736,6.0,6.0,0.27178934944306615,0.0,2.3335651104134687,1.6937413233686145,101.5707768572632,99.40141197311247,0.9720194630442378,0.016262618504040226,certain_temperate,467.1218032836914,567.045125246048,POINT (556732.9212233443 8639364.9186643),ragna_mariebreen
ragna_mariebreen-20240317-DAT_0332_A1_2,2770.0,3251,102.79971313476562,556736.3323124018,8639360.772551747,569.4568237304687,2024-03-17 15:32:05.400000+00:00,0,2024-04-29,100 MHz,20240317,99.92332196235657,102.17440795898438,103.80018615722656,1.1787494035184751,1.2051893783569336,8,2.0730828271528474,0.1354827880859375,2.4017721440236484,2.3886142740925633,100.09690272575304,105.8776913904579,101.29898750782013,99.67320132255554,1.6717925170354664,2.3176834715008736,6.0,6.0,0.27178934944306615,0.0,2.3335651104134687,1.6937413233686145,101.5707768572632,99.40141197311247,0.9720194630442378,0.016262618504040226,certain_temperate,466.6571105957031,566.5804325580597,POINT (556736.3323124018 8639360.772551747),ragna_mariebreen
ragna_mariebreen-20240317-DAT_0332_A1_2,2775.0,3256,102.92477416992188,556739.4112013964,8639356.98976481,569.0325805664063,2024-03-17 15:32:06.400000+00:00,0,2024-04-29,100 MHz,20240317,100.04838299751282,102.17440795898438,103.92525482177734,1.2874729222851233,1.2051950340270996,8,2.0755634548651525,0.1354827880859375,2.4039164526003995,2.446202315152347,100.09442737228667,106.00523540847504,101.42404854297638,99.79826235771179,1.6717925170354664,2.3176834715008736,6.0,6.0,0.27178934944306615,0.0,2.3335651104134687,1.6937413233686145,101.69583789241945,99.52647300826872,0.9720534614177503,0.01624285824786411,certain_temperate,466.1078063964844,566.1561893939972,POINT (556739.4112013964 8639356.98976481),ragna_mariebreen
ragna_mariebreen-20240317-DAT_0332_A1_2,2780.0,3262,102.92477416992188,556743.0824744718,8639352.561164334,568.5393310546875,2024-03-17 15:32:07.600000+00:00,0,2024-04-29,100 MHz,20240317,100.04838299751282,102.29947662353516,103.92525482177734,1.4081684835781008,1.2051893783569336,8,2.0755634548651525,0.0,2.4000927258912603,2.5081670864028207,100.22391316867001,106.00081827664249,101.42404854297638,99.79826235771179,1.6717925170354664,2.3176834715008736,6.0,6.0,0.27178934944306615,0.0,2.3335651104134687,1.6937413233686145,101.69583789241945,99.52647300826872,0.9720534614177503,0.01624285824786411,certain_temperate,465.61455688476565,565.6629398822785,POINT (556743.0824744718 8639352.561164334),ragna_mariebreen
ragna_mariebreen-20240317-DAT_0332_A1_2,2785.0,3267,102.92477416992188,556745.8244591284,8639349.136858081,568.1523132324219,2024-03-17 15:32:08.500000+00:00,0,2024-04-29,100 MHz,20240317,100.04838299751282,102.29947662353516,103.92525482177734,1.4491277643053668,1.2051893783569336,8,2.0755634548651525,0.0,2.4000927258912603,2.5313899210616366,100.22391316867001,106.00081827664249,101.42404854297638,99.79826235771179,1.7049860431674513,2.3176834715008736,6.0,6.0,0.27178934944306615,0.0,2.3335651104134687,1.7265129185344912,101.69583789241945,99.52647300826872,0.9720534614177503,0.01656536103108309,certain_temperate,465.2275390625,565.2759220600128,POINT (556745.8244591284 8639349.136858081),ragna_mariebreen
ragna_mariebreen-20240317-DAT_0332_A1_2,2790.0,3273,102.92477416992188,556749.1789082268,8639344.769704506,567.6684204101563,2024-03-17 15:32:09.600000+00:00,0,2024-04-29,100 MHz,20240317,100.04838299751282,102.29947662353516,104.17537689208984,1.486892026049553,1.3906048690795898,8,2.0755634548651525,0.13547452290852866,2.5020189654430927,2.556788004246501,100.21949657518635,106.25535694043865,101.42404854297638,99.79826235771179,1.7049860431674515,2.3176834715008736,6.0,6.0,0.27178934944306615,0.0,2.3335651104134687,1.7265129185344914,101.69583789241945,99.52647300826872,0.9720534614177503,0.01656536103108309,certain_temperate,464.7436462402344,564.7920292377472,POINT (556749.1789082268 8639344.769704506),ragna_mariebreen
ragna_mariebreen-20240317-DAT_0332_A1_2,2795.0,3278,103.0498275756836,556752.1354009798,8639340.907442782,567.2489990234375,2024-03-17 15:32:10.600000+00:00,0,2024-04-29,100 MHz,20240317,100.17343640327454,102.17440795898438,104.17537689208984,1.5220691493845717,1.4833182701110839,8,2.0780439806104316,0.13547452290852866,2.556727052728523,2.579401990232778,100.09195264572828,106.25783220534593,101.42404127120972,99.92331576347351,1.6823616387743512,2.2249759912490843,6.0,6.0,0.27178934944306615,0.1354817549387614,2.2456052453685658,1.7095512393641474,101.72772656290488,99.61963047177835,0.9720873752040339,0.016325710370924812,certain_temperate,464.1991714477539,564.3726078510284,POINT (556752.1354009798 8639340.907442782),ragna_mariebreen
ragna_mariebreen-20240317-DAT_0332_A1_2,2800.0,3283,103.0498275756836,556755.0182445641,8639337.116621587,566.8466796875,2024-03-17 15:32:11.600000+00:00,0,2024-04-29,100 MHz,20240317,100.0483763217926,102.04934692382812,104.05032348632812,1.570561705389854,1.4833239257812498,8,2.0780439806104316,0.13549105326334634,2.5567312098968786,2.608311461712873,99.96689053512135,106.1327798750349,101.42404127120972,99.92331576347351,1.6797255661336292,2.2249759912490843,6.0,6.0,0.27232973369023356,0.1354817549387614,2.245670713040522,1.7070432821976194,101.72821028635275,99.61914674833048,0.9708737867447026,0.016300129807592125,certain_temperate,463.7968521118164,563.845228433609,POINT (556755.0182445641 8639337.116621587),ragna_mariebreen
ragna_mariebreen-20240317-DAT_0332_A1_2,2805.0,3288,103.17489624023438,556757.7206635444,8639333.318382187,566.4652221679687,2024-03-17 15:32:12.600000+00:00,0,2024-04-29,100 MHz,20240317,100.17344498634338,101.92428588867188,103.92525482177734,1.644148389570033,1.3906048690795898,8,2.0805248582204565,0.13549105326334634,2.506137149697822,2.655214763086669,99.83935387270884,106.01018683774038,101.5491099357605,100.04838442802429,1.6797255661336292,2.2249759912490843,6.0,6.0,0.27232973369023356,0.0,2.2415801670889755,1.7016584443932146,101.82143966945073,99.77605469433406,0.9709090935560298,0.01628037078149829,certain_temperate,463.29032592773433,563.4637709140777,POINT (556757.7206635444 8639333.318382187),ragna_mariebreen
ragna_mariebreen-20240317-DAT_0332_A1_2,2810.0,3294,103.17489624023438,556760.7376418147,8639328.75120503,566.0244262695312,2024-03-17 15:32:13.800000+00:00,0,2024-04-29,100 MHz,20240317,100.17344498634338,101.79923248291016,103.80018615722656,1.6549819209407588,1.2051893783569336,8,2.0805248582204565,0.13549105326334634,2.408199109063043,2.6619366389582653,99.71430046694712,105.8851181731896,101.5491099357605,100.04838442802429,1.6797255661336292,2.2249759912490843,6.0,6.0,0.27232973369023356,0.0,2.2415801670889755,1.7016584443932146,101.82143966945073,99.77605469433406,0.9709090935560298,0.01628037078149829,certain_temperate,462.84953002929683,563.0229750156402,POINT (556760.7376418147 8639328.75120503),ragna_mariebreen
ragna_mariebreen-20240317-DAT_0332_A1_2,2815.0,3300,103.0498275756836,556763.543021389,8639324.361491464,565.5400890003551,2024-03-17 15:32:14.909091072+00:00,0,2024-04-29,100 MHz,20240317,100.0483763217926,101.79923248291016,103.67513275146484,1.6441473221926988,1.1124929443359375,8,2.0780439806104316,0.13549105326334634,2.3609881749095867,2.653270628477065,99.71677609420338,105.75758914017162,101.42404127120972,99.92331576347351,1.6797255661336292,2.2249759912490843,6.0,6.0,0.27232973369023356,0.0,2.2415801670889755,1.7016584443932146,101.69637100489994,99.65098602978328,0.9708737867447026,0.016300129807592125,certain_temperate,462.49026142467153,562.5386377464641,POINT (556763.543021389 8639324.361491464),ragna_mariebreen
ragna_mariebreen-20240317-DAT_0332_A1_2,2820.0,3305,103.0498275756836,556765.8534156006,8639320.733296575,565.1288230202415,2024-03-17 15:32:15.818181632+00:00,0,2024-04-29,100 MHz,20240317,100.0483763217926,101.79923248291016,103.55007934570312,1.642110352408916,0.7416563072204589,8,2.0780439806104316,0.0,2.206427171558385,2.6485454866472997,99.72118850229973,105.62812332631356,101.42404127120972,99.92331576347351,1.6797255661336292,2.2249759912490843,6.0,6.0,0.27232973369023356,0.0,2.2415801670889755,1.7016584443932146,101.69637100489994,99.65098602978328,0.9708737867447026,0.016300129807592125,certain_temperate,462.0789954445579,562.1273717663505,POINT (556765.8534156006 8639320.733296575),ragna_mariebreen
ragna_mariebreen-20240317-DAT_0332_A1_2,2825.0,3310,103.0498275756836,556768.9626631846,8639315.834838064,564.5567626953125,2024-03-17 15:32:17+00:00,0,2024-04-29,100 MHz,20240317,100.0483763217926,101.92428588867188,103.80018615722656,1.623379224838294,0.8343527412414551,8,2.0780439806104316,0.13549105326334634,2.243383406304591,2.6404516126038438,99.8418294999651,105.88264254593334,101.42404127120972,99.92331576347351,1.6797255661336292,2.2249759912490843,6.0,6.0,0.27232973369023356,0.0,2.2415801670889755,1.7016584443932146,101.69637100489994,99.65098602978328,0.9708737867447026,0.016300129807592125,certain_temperate,461.5069351196289,561.5553114414215,POINT (556768.9626631846 8639315.834838064),ragna_mariebreen
ragna_mariebreen-20240317-DAT_0332_A1_2,2830.0,3315,103.17489624023438,556771.7198786704,8639311.852714261,564.10009765625,2024-03-17 15:32:18+00:00,0,2024-04-29,100 MHz,20240317,100.17344498634338,102.17440795898438,103.55007934570312,1.6305887118631899,0.8343697082519531,8,2.0805248582204565,0.270965576171875,2.2579147103448918,2.657221401464143,100.07631214869748,105.64817515599002,101.5491099357605,100.04838442802429,1.6797255661336292,2.2249759912490843,6.0,6.0,0.27232973369023356,0.0,2.2415801670889755,1.7016584443932146,101.82143966945073,99.77605469433406,0.9709090935560298,0.01628037078149829,certain_temperate,460.9252014160156,561.098646402359,POINT (556771.7198786704 8639311.852714261),ragna_mariebreen
ragna_mariebreen-20240317-DAT_0332_A1_2,2835.0,3320,103.2999496459961,556774.4847579771,8639307.684748227,563.6251831054688,2024-03-17 15:32:19+00:00,0,2024-04-29,100 MHz,20240317,100.2984983921051,102.29947662353516,103.42501831054688,1.6318753997000746,0.9270661422729491,8,2.0830054821690056,0.270965576171875,2.2960369801824045,2.6599532895076496,100.19892093938482,105.52557399469721,101.67416334152222,100.17343783378601,1.6797255661336292,2.2249759912490843,6.0,6.0,0.27232973369023356,0.13548227151234946,2.245670744205567,1.7070433231962452,101.97833258675576,99.86926858855247,0.9709443105812072,0.016260662003127466,certain_temperate,460.32523345947266,560.6237318515778,POINT (556774.4847579771 8639307.684748227),ragna_mariebreen
ragna_mariebreen-20240317-DAT_0332_A1_2,2840.0,3325,103.42501831054688,556777.2104261474,8639303.5151732,563.1151123046875,2024-03-17 15:32:20+00:00,0,2024-04-29,100 MHz,20240317,100.29850649833679,102.54959106445312,103.55007934570312,1.6644956577476497,0.8343697082519531,8,2.085486457643584,0.40644836425781256,2.2826797514918917,2.699073884220922,100.4248666028293,105.67480380732695,101.799232006073,100.29850649833679,1.678638915543633,2.2249759912490843,6.0,6.0,0.27289197577934693,0.13548227151234946,2.2457389959596257,1.706063915894245,102.10390474252787,99.99383376188192,0.9697702561403245,0.016230491838089934,certain_temperate,459.6900939941406,559.9886004924774,POINT (556777.2104261474 8639303.5151732),ragna_mariebreen
ragna_mariebreen-20240317-DAT_0332_A1_2,2845.0,3331,103.67513275146484,556780.0858037741,8639299.267146777,562.5304066051136,2024-03-17 15:32:21.090908928+00:00,0,2024-04-29,100 MHz,20240317,100.54862093925476,102.79971313476562,104.05032348632812,1.7282910521778363,1.1124872886657715,8,2.090448100387461,0.4064318339029948,2.402662702808327,2.742653834712151,100.6701216020948,106.17991501899895,102.04934644699097,100.54862093925476,1.678638915543633,2.2249759912490843,6.0,6.0,0.27289197577934693,0.0,2.2416485433893514,1.7006759359802384,102.32223842277031,100.27572896347542,0.9698431848676277,0.01619133606096024,certain_temperate,458.8552738536488,559.4038947929035,POINT (556780.0858037741 8639299.267146777),ragna_mariebreen
ragna_mariebreen-20240317-DAT_0332_A1_2,2850.0,3336,103.80018615722656,556782.4819517963,8639295.727124758,562.0431518554688,2024-03-17 15:32:22+00:00,0,2024-04-29,100 MHz,20240317,100.67367434501648,102.92477416992188,104.5505599975586,1.7949554057497143,1.2978971237182617,8,2.092928918647252,0.6774139404296875,2.5541687589027022,2.8392086950114384,100.72494665277458,106.75038751470589,102.17439985275269,100.67367434501648,1.678638915543633,2.2249759912490843,6.0,6.0,0.27289197577934693,0.0,2.2416485433893514,1.7006759359802384,102.44729182853203,100.40078236923713,0.9698795163288595,0.016171829528330437,certain_temperate,458.2429656982422,558.9166400432587,POINT (556782.4819517963 8639295.727124758),ragna_mariebreen
ragna_mariebreen-20240317-DAT_0332_A1_2,2855.0,3342,104.3004379272461,556785.5318037918,8639290.937952504,561.3904174804687,2024-03-17 15:32:23.200000+00:00,0,2024-04-29,100 MHz,20240317,101.17392611503601,103.42501831054688,105.0508041381836,1.9452921484203352,1.2978971237182617,7,2.1028534282555515,1.3548361460367837,2.818175024211603,3.1688696827164944,100.92350406446833,107.55231838426214,102.67465162277222,101.17392611503601,1.678638915543633,2.2249759912490843,6.0,6.0,0.27289197577934693,0.0,2.2416485433893514,1.7006759359802384,102.94754359855156,100.90103413925667,0.9700239819281395,0.016094265267750398,certain_temperate,457.08997955322263,558.2639056682586,POINT (556785.5318037918 8639290.937952504),ragna_mariebreen
ragna_mariebreen-20240317-DAT_0332_A1_2,2860.0,3347,105.0508041381836,556788.1714298002,8639286.95101808,560.8308227539062,2024-03-17 15:32:24.200000+00:00,0,2024-04-29,100 MHz,20240317,101.92429232597351,104.5505599975586,105.55104064941406,1.1916918008306139,0.9270774536132812,6,2.117741386485046,1.4903024037679036,2.7505094872961413,2.8506068095889527,101.96099829049155,108.14060235648111,103.42501783370972,101.92429232597351,1.678638915543633,2.2249759912490843,6.0,6.0,0.27289197577934693,0.0,2.2416485433893514,1.7006759359802384,103.69790980948906,101.65140035019417,0.9702380972915021,0.01597930572083537,certain_temperate,455.7800186157226,557.7043109416961,POINT (556788.1714298002 8639286.95101808),ragna_mariebreen
ragna_mariebreen-20240317-DAT_0332_A1_2,2865.0,3352,105.67610168457031,556790.7561516941,8639282.961826881,560.3006591796875,2024-03-17 15:32:25.200000+00:00,0,2024-04-29,100 MHz,20240317,102.54958987236023,105.67610168457031,107.05176544189453,1.058958759925557,1.483301303100586,5,2.1301491466324745,1.2193368275960288,2.867838984638242,2.673146337418526,103.22165313427821,109.50621399218663,104.05031538009644,102.54958987236023,1.678638915543633,2.2249759912490843,6.0,6.0,0.27289197577934693,0.0,2.2416485433893514,1.7006759359802384,104.32320735587578,102.27669789658088,0.9704142018642746,0.015884754346390976,certain_temperate,454.6245574951172,557.1741473674774,POINT (556790.7561516941 8639282.961826881),ragna_mariebreen
ragna_mariebreen-20240317-DAT_0332_A1_2,2870.0,3357,106.17634582519531,556793.1563373253,8639278.874030214,559.7732272677952,2024-03-17 15:32:26.222222336+00:00,0,2024-04-29,100 MHz,20240317,103.04983401298523,106.17634582519531,107.80213165283203,1.499159688218963,1.8541435958862305,5,2.1400762989007163,1.083870569864909,3.031921907223501,2.828812780676135,103.77744983384099,110.20102764418635,104.55055952072144,103.04983401298523,1.678638915543633,2.2249759912490843,6.0,6.0,0.27289197577934693,0.0,2.2416485433893514,1.7006759359802384,104.82345149650078,102.77694203720588,0.9705535937603518,0.015809914180954013,certain_temperate,453.59688144259985,556.6467154555851,POINT (556793.1563373253 8639278.874030214),ragna_mariebreen
ragna_mariebreen-20240317-DAT_0332_A1_2,2875.0,3362,106.67659759521484,556795.6970293293,8639274.427969912,559.1905110677084,2024-03-17 15:32:27.333333248+00:00,0,2024-04-29,100 MHz,20240317,103.55008578300476,106.67659759521484,108.17731475830078,1.7517379984263803,1.8541549072265624,5,2.1500043232041555,1.090998415361371,3.0414941315264645,2.9801647852507154,104.26562349080858,110.58828886270705,105.05081129074097,103.55008578300476,1.678638915543633,2.2249759912490843,6.0,6.0,0.27289197577934693,0.007130632275029233,2.2416598845490014,1.7006908846521467,105.32379641187653,103.2771006618692,0.9706916804370378,0.015735774793954726,certain_temperate,452.5139134724935,556.0639992554983,POINT (556795.6970293293 8639274.427969912),ragna_mariebreen
ragna_mariebreen-20240317-DAT_0332_A1_2,3065.0,3596,125.93589782714844,556877.7033915733,8639102.874701114,548.5958251953125,2024-03-17 15:33:14+00:00,0,2024-04-29,100 MHz,20240317,123.05950665473938,125.93589782714844,127.31157684326172,2.6726115599412745,1.668728105163574,5,2.5326863494345266,0.9555073620980248,3.1799603696584535,3.8039909324244254,123.22896331304665,130.0185113573635,124.18505108356476,122.68432521820068,1.7746547852621268,2.317683118021488,6.0,6.0,0.27178934944306615,0.007130632275029233,2.3335756537873658,1.795360661048663,124.45693395611713,122.41244234564832,0.9771598787793055,0.01409173091931186,certain_temperate,422.65992736816406,545.7194340229034,POINT (556877.7033915733 8639102.874701114),ragna_mariebreen
ragna_mariebreen-20240317-DAT_0332_A1_2,3070.0,3603,126.31108093261719,556879.1018808681,8639098.609217623,548.5212470160591,2024-03-17 15:33:15.222222336+00:00,0,2024-04-29,100 MHz,20240317,123.43468976020813,126.31108093261719,127.68675231933594,2.6283547349220844,1.8541549072265624,5,2.5401487489016206,0.9483712514241537,3.2847608919168874,3.7762431475822136,123.59966733504962,130.3981659169035,124.56023418903351,123.05950832366943,1.7746547852621266,2.317683118021488,6.0,6.0,0.27178934944306615,0.0,2.3335647593397724,1.7953465006300175,124.83202353847658,122.78771897422637,0.9772277210267599,0.014049874105731441,certain_temperate,422.2101660834419,545.64485584365,POINT (556879.1018808681 8639098.609217623),ragna_mariebreen
ragna_mariebreen-20240317-DAT_0332_A1_2,3075.0,3610,126.81131744384766,556880.7319880895,8639093.174245266,548.4550713433159,2024-03-17 15:33:16.777777664+00:00,0,2024-04-29,100 MHz,20240317,123.9349262714386,126.81131744384766,128.06192016601562,2.6197145005267215,1.8541435958862305,5,2.5500988397977284,0.8128884633382162,3.25601600437283,3.7452230655644607,124.13479138446283,130.73844622540045,125.06047070026398,123.5597448348999,1.7746547852621266,2.317683118021488,6.0,6.0,0.27178934944306615,0.0,2.3335647593397724,1.7953465006300175,125.33226004970705,123.28795548545683,0.9773175515372851,0.013994451134441907,certain_temperate,421.64375389946827,545.5786801709069,POINT (556880.7319880895 8639093.174245266),ragna_mariebreen
ragna_mariebreen-20240317-DAT_0332_A1_2,3080.0,3616,127.06143951416016,556882.0127933247,8639088.903912121,548.3814697265625,2024-03-17 15:33:18+00:00,0,2024-04-29,100 MHz,20240317,124.1850483417511,127.06143951416016,128.56216430664062,2.6328105972680484,2.0395590866088864,5,2.555074121148784,0.8129049936930338,3.36883059252082,3.757779920966932,124.38016774626058,131.2434360745402,125.31059277057648,123.8098669052124,1.7746547852621268,2.317683118021488,6.0,6.0,0.27178934944306615,0.0,2.3335647593397724,1.7953465006300178,125.58238212001955,123.53807755576933,0.9773622022274625,0.013966902878228082,certain_temperate,421.32003021240234,545.5050785541534,POINT (556882.0127933247 8639088.903912121),ragna_mariebreen
ragna_mariebreen-20240317-DAT_0332_A1_2,3085.0,3623,127.56169128417969,556883.6066172048,8639083.60810377,548.2955322265625,2024-03-17 15:33:19.400000+00:00,0,2024-04-29,100 MHz,20240317,124.68530011177063,127.56169128417969,129.0624237060547,2.5881756802237774,2.0395477752685545,5,2.565025152569102,0.9483795166015625,3.4115294031305767,3.765292962376682,124.82695587818122,131.79715911205315,125.6857842206955,124.31011867523193,1.7544162744149439,2.224975902879238,6.0,6.0,0.27178934944306615,0.0,2.241514492227067,1.7753438862380146,125.95757357013856,124.03832932578887,0.9774509796518683,0.0137534729804302,certain_temperate,420.7338409423828,545.4191410541534,POINT (556883.6066172048 8639083.60810377),ragna_mariebreen
ragna_mariebreen-20240317-DAT_0332_A1_2,3090.0,3629,127.9368667602539,556885.0754573019,8639078.865635986,548.243017578125,2024-03-17 15:33:20.600000+00:00,0,2024-04-29,100 MHz,20240317,125.06047558784485,127.9368667602539,129.68771362304688,2.567553515143258,2.224997200012207,5,2.5724884354594066,0.8128801981608074,3.497010653000145,3.7243525639040724,125.23900261112884,132.38557777217196,126.06095969676971,124.68529415130615,1.7544162744149439,2.224975902879238,6.0,6.0,0.27178934944306615,0.0,2.241514492227067,1.7753438862380146,126.33274904621278,124.41350480186308,0.9775171047623102,0.013713140854876614,certain_temperate,420.30615081787107,545.3666264057159,POINT (556885.0754573019 8639078.865635986),ragna_mariebreen
ragna_mariebreen-20240317-DAT_0332_A1_2,3095.0,3635,128.31204223632812,556886.247664675,8639074.073705845,548.177001953125,2024-03-17 15:33:21.800000+00:00,0,2024-04-29,100 MHz,20240317,125.43565106391907,128.31204223632812,130.1879425048828,2.5369038606670635,2.224985888671875,5,2.579951951712067,0.8128884633382162,3.5024993835488742,3.7084795975222407,125.60705799848657,132.89292674272437,126.43613517284393,125.06046962738037,1.7887001365651096,2.224975902879238,6.0,6.0,0.27178934944306615,0.0,2.241514492227067,1.8092312259682914,126.707924522287,124.7886802779373,0.977582843182316,0.0139402358920501,certain_temperate,419.8649597167969,545.3006107807159,POINT (556886.247664675 8639074.073705845),ragna_mariebreen
ragna_mariebreen-20240317-DAT_0332_A1_2,3100.0,3642,128.68722534179688,556887.4229437048,8639069.207437383,548.112060546875,2024-03-17 15:33:23+00:00,0,2024-04-29,100 MHz,20240317,125.81083416938782,128.68722534179688,130.6881866455078,2.5547226449193317,2.410401379394531,5,2.5874158510892995,0.6774139404296875,3.600506248146738,3.6986779023889422,126.01260192285419,133.36281006445049,126.81131827831268,125.43565273284912,1.7887001365651094,2.224975902879238,6.0,6.0,0.27178934944306615,0.0,2.241514492227067,1.8092312259682912,127.08310762775575,125.16386338340605,0.9776481996191209,0.0138995936217777,certain_temperate,419.4248352050781,545.2356693744659,POINT (556887.4229437048 8639069.207437383),ragna_mariebreen
ragna_mariebreen-20240317-DAT_0332_A1_2,3105.0,3647,128.93734741210938,556888.562061563,8639064.265214384,548.0206909179688,2024-03-17 15:33:24.200000+00:00,0,2024-04-29,100 MHz,20240317,126.06095623970032,128.93734741210938,130.93832397460938,2.5623669865250807,2.5957942474365234,5,2.5923919115497167,0.54193115234375,3.7084138080820437,3.685092912069198,126.28891670753185,133.5867546791869,127.06144034862518,125.68577480316162,1.7887001365651096,2.224975902879238,6.0,6.0,0.27178934944306615,0.0,2.241514492227067,1.8092312259682914,127.33322969806825,125.41398545371855,0.9776915592716862,0.013872630176329505,certain_temperate,419.0833435058594,545.1442997455597,POINT (556888.562061563 8639064.265214384),ragna_mariebreen
ragna_mariebreen-20240317-DAT_0332_A1_2,3110.0,3652,129.18746948242188,556889.4804958599,8639059.909616295,547.9131958007813,2024-03-17 15:33:25.200000+00:00,0,2024-04-29,100 MHz,20240317,126.31107831001282,129.18746948242188,131.18844604492188,2.5332090687893425,2.7812323608398435,5,2.597368073359776,0.6774139404296875,3.865289639882103,3.6908479705067396,126.50321715538607,133.87269837195768,127.31156241893768,125.93589687347412,1.7887001365651094,2.224975902879238,6.0,6.0,0.27178934944306615,0.0,2.241514492227067,1.8092312259682912,127.58335176838075,125.66410752403105,0.9777347510255208,0.013845771139657567,certain_temperate,418.7257263183594,545.0368046283722,POINT (556889.4804958599 8639059.909616295),ragna_mariebreen
ragna_mariebreen-20240317-DAT_0332_A1_2,3115.0,3658,129.56265258789062,556890.4862303312,8639054.961893862,547.7959838867188,2024-03-17 15:33:26.400000+00:00,0,2024-04-29,100 MHz,20240317,126.68626141548157,129.56265258789062,131.43856811523438,2.4845874859842914,2.7812323608398435,5,2.6048325048348455,0.6774139404296875,3.8703094798627435,3.662951951697209,126.87117677991229,134.13004392321272,127.68674552440643,126.31107997894287,1.7887001365651094,2.224975902879238,6.0,6.0,0.27178934944306615,0.0,2.241514492227067,1.8092312259682912,127.9585348738495,126.0392906294998,0.9777992259732579,0.013805677028352902,certain_temperate,418.23333129882815,544.9195927143097,POINT (556890.4862303312 8639054.961893862),ragna_mariebreen
ragna_mariebreen-20240317-DAT_0332_A1_2,3120.0,3664,129.81277465820312,556891.3333174617,8639049.858699348,547.6771850585938,2024-03-17 15:33:27.600000+00:00,0,2024-04-29,100 MHz,20240317,126.93638348579407,129.81277465820312,131.81373596191406,2.5068320464212497,2.9666252288818358,5,2.6098089174850654,0.6773974100748698,4.008844607315044,3.6815997536295635,127.1164864990924,134.5100241210248,127.93686759471893,126.56120204925537,1.7887001365651096,2.224975902879238,6.0,6.0,0.27178934944306615,0.0,2.241514492227067,1.8092312259682914,128.208656944162,126.2894126998123,0.9778420022221804,0.013779076375763132,certain_temperate,417.8644104003906,544.8007938861847,POINT (556891.3333174617 8639049.858699348),ragna_mariebreen
ragna_mariebreen-20240317-DAT_0332_A1_2,3125.0,3670,130.1879425048828,556892.0199286034,8639045.060289824,547.5755226828835,2024-03-17 15:33:28.727272704+00:00,0,2024-04-29,100 MHz,20240317,127.31155133247375,130.1879425048828,132.31398010253906,2.4833241883630315,2.7812323608398435,5,2.6172734189346496,0.8128801981608074,3.904631584542464,3.698350090314968,127.44734140913323,135.05458119828864,128.31203544139862,126.93636989593506,1.7887001365651094,2.224975902879238,6.0,6.0,0.27178934944306615,0.0,2.241514492227067,1.8092312259682912,128.58382479084167,126.66458054649199,0.9779058558183975,0.013739368655419242,certain_temperate,417.3875801780007,544.6991315104744,POINT (556892.0199286034 8639045.060289824),ragna_mariebreen
ragna_mariebreen-20240317-DAT_0332_A1_2,3130.0,3677,130.56312561035156,556892.768558525,8639039.641635487,547.4717407226562,2024-03-17 15:33:30+00:00,0,2024-04-29,100 MHz,20240317,127.6867344379425,130.56312561035156,132.81422424316406,2.5220728661462317,2.410401379394531,5,2.624738445570868,0.6774304707845054,3.6274231570347775,3.702568769456708,127.85237590770377,135.52497394581187,128.68721854686737,127.31155300140381,1.7887001365651096,2.224975902879238,6.0,6.0,0.27178934944306615,0.0,2.241514492227067,1.8092312259682914,128.95900789631042,127.03976365196074,0.9779693450278353,0.013699887531057194,certain_temperate,416.9086151123047,544.5953495502472,POINT (556892.768558525 8639039.641635487),ragna_mariebreen
ragna_mariebreen-20240317-DAT_0332_A1_2,3135.0,3682,130.81326293945312,556893.109410345,8639035.187758015,547.3803100585938,2024-03-17 15:33:31+00:00,0,2024-04-29,100 MHz,20240317,127.93687176704407,130.81326293945312,133.1894073486328,2.517723459124738,2.039570397949219,5,2.629715555786709,0.6774304707845054,3.396198368070489,3.703140203087233,128.09769376392217,135.90497652416377,128.93735587596893,127.56169033050537,1.7887001365651096,2.224975902879238,6.0,6.0,0.27178934944306615,0.0,2.241514492227067,1.8092312259682914,129.209145225412,127.2899009810623,0.9780114714076019,0.013673691003281594,certain_temperate,416.5670471191406,544.5039188861847,POINT (556893.109410345 8639035.187758015),ragna_mariebreen
ragna_mariebreen-20240317-DAT_0332_A1_2,3140.0,3688,131.18844604492188,556893.5731784869,8639029.659198243,547.266796875,2024-03-17 15:33:32.200000+00:00,0,2024-04-29,100 MHz,20240317,128.31205487251282,131.18844604492188,133.6896514892578,2.5021508966875223,1.8541549072265624,5,2.6371809475787873,0.6774139404296875,3.2941620204466826,3.697887519483955,128.46565097423422,136.41244655994547,129.31253898143768,127.93687343597412,1.7887001365651094,2.224975902879238,6.0,6.0,0.27178934944306615,0.0,2.241514492227067,1.8092312259682912,129.58432833088074,127.66508408653105,0.9780743559427169,0.013634585899070854,certain_temperate,416.0783508300781,544.3904057025909,POINT (556893.5731784869 8639029.659198243),ragna_mariebreen
ragna_mariebreen-20240317-DAT_0332_A1_2,3145.0,3693,131.43856811523438,556893.8998710857,8639025.167504162,547.1546142578125,2024-03-17 15:33:33.200000+00:00,0,2024-04-29,100 MHz,20240317,128.56217694282532,131.43856811523438,133.93975830078125,2.5021451386619886,1.8541322845458983,5,2.6421579958952575,0.5419146219889324,3.2729920350337003,3.6790488754199058,128.74140843646143,136.6369179795542,129.56266105175018,128.18699550628662,1.7887001365651096,2.224975902879238,6.0,6.0,0.27178934944306615,0.0,2.241514492227067,1.8092312259682914,129.83445040119324,127.91520615684355,0.9781160795217483,0.013608639855213019,certain_temperate,415.7160461425781,544.2782230854034,POINT (556893.8998710857 8639025.167504162),ragna_mariebreen
ragna_mariebreen-20240317-DAT_0332_A1_2,3150.0,3699,131.6886749267578,556893.8731542077,8639019.784575442,546.9638117009944,2024-03-17 15:33:34.363636224+00:00,0,2024-04-29,100 MHz,20240317,128.81228375434875,131.6886749267578,134.31495666503906,2.5192740273581906,1.8541322845458983,5,2.64713483630625,0.6773974100748698,3.3021200192236577,3.716575267323913,128.9562419279887,137.04738966380816,129.81276786327362,128.43710231781006,1.7887001365651096,2.224975902879238,6.0,6.0,0.27178934944306615,0.0,2.241514492227067,1.8092312259682914,130.08455721271667,128.165312968367,0.9781576420750772,0.013582793946100097,certain_temperate,415.27513677423656,544.0874205285853,POINT (556893.8731542077 8639019.784575442),ragna_mariebreen
ragna_mariebreen-20240317-DAT_0332_A1_2,3155.0,3705,132.06385803222656,556893.5215426009,8639014.794426573,546.7479469992898,2024-03-17 15:33:35.454545408+00:00,0,2024-04-29,100 MHz,20240317,129.1874668598175,132.06385803222656,134.56507873535156,2.4570441497379214,1.8541322845458983,5,2.6546007306829473,0.6774139404296875,3.308111427178097,3.680062586396087,129.32418748888912,137.304749278689,130.18795096874237,128.8122854232788,1.7887001365651096,2.224975902879238,6.0,6.0,0.27178934944306615,0.1354825297991435,2.245605204559506,1.8142968734194256,130.4916366061233,128.50859978589787,0.978219694507886,0.013544206289419672,certain_temperate,414.6840889670632,543.8715558268807,POINT (556893.5215426009 8639014.794426573),ragna_mariebreen
ragna_mariebreen-20240317-DAT_0332_A1_2,3160.0,3710,132.31398010253906,556893.1314731088,8639009.870387536,546.5506286621094,2024-03-17 15:33:36.500000+00:00,0,2024-04-29,100 MHz,20240317,129.56264972686768,132.31398010253906,134.6901397705078,2.395162310087166,1.8541322845458983,5,2.659578111699305,0.54193115234375,3.2870734148640577,3.6199237005457388,129.59974998957688,137.40436988347,130.43807303905487,129.0624074935913,1.7949556390131305,2.224975902879238,6.0,6.0,0.27127094856330786,0.1354825297991435,2.245542520596859,1.8203870987897735,130.7412948117151,128.75918572093107,0.9792060493264643,0.013565880473265922,certain_temperate,414.2366485595703,543.799298286438,POINT (556893.1314731088 8639009.870387536),ragna_mariebreen
ragna_mariebreen-20240317-DAT_0332_A1_2,3165.0,3715,132.56410217285156,556892.6084101141,8639004.636233808,546.3740478515625,2024-03-17 15:33:37.600000+00:00,0,2024-04-29,100 MHz,20240317,129.81277179718018,132.56410217285156,134.9402618408203,2.381738317983996,2.0395477752685545,5,2.6645555865768107,0.54193115234375,3.3990147065644223,3.614723124001553,129.84499462664485,137.65936938702703,130.68819510936737,129.3125295639038,1.7949556390131305,2.224975902879238,6.0,6.0,0.27127094856330786,0.0,2.241451693864429,1.8153384460093034,130.95946605793068,129.0412586153405,0.9792452833717842,0.013540284357470104,certain_temperate,413.80994567871096,543.6227174758911,POINT (556892.6084101141 8639004.636233808),ragna_mariebreen
ragna_mariebreen-20240317-DAT_0332_A1_2,3170.0,3720,132.81422424316406,556891.9995763147,8638999.957035502,546.2019897460938,2024-03-17 15:33:38.600000+00:00,0,2024-04-29,100 MHz,20240317,130.06289386749268,132.81422424316406,135.0653076171875,2.304303525538038,2.2249632659912106,5,2.669533154790438,0.5419476826985677,3.517182976519421,3.567902646249582,130.09023552158175,137.78929633876982,130.93831717967987,129.5626516342163,1.7949556390131305,2.224975902879238,6.0,6.0,0.27127094856330786,0.0,2.241451693864429,1.8153384460093034,131.20958812824318,129.291380685653,0.97928436964226,0.013514784649322053,certain_temperate,413.3877655029297,543.4506593704224,POINT (556891.9995763147 8638999.957035502),ragna_mariebreen
ragna_mariebreen-20240317-DAT_0332_A1_2,3175.0,3725,133.06436157226562,556891.2762797836,8638995.384816367,546.0023681640625,2024-03-17 15:33:39.600000+00:00,0,2024-04-29,100 MHz,20240317,130.31303119659424,133.06436157226562,135.3154296875,2.260796996450212,2.2249632659912106,5,2.674511119485925,0.6774139404296875,3.544342098324117,3.566945813171351,130.30539448747786,138.07439677228777,131.18845450878143,129.81278896331787,1.7949556390131305,2.224975902879238,6.0,6.0,0.27127094856330786,0.0,2.241451693864429,1.8153384460093034,131.45972545734475,129.54151801475456,0.9793233113422547,0.013489379258309613,certain_temperate,412.9380065917969,543.2510377883912,POINT (556891.2762797836 8638995.384816367),ragna_mariebreen
ragna_mariebreen-20240317-DAT_0332_A1_2,3180.0,3730,133.4395294189453,556890.6118696139,8638990.591629414,545.8287760416666,2024-03-17 15:33:40.666666752+00:00,0,2024-04-29,100 MHz,20240317,130.68819904327393,133.4395294189453,135.44049072265625,2.211482952091276,2.039570397949219,5,2.681977480259637,0.6773974100748698,3.4368179852862015,3.541543068097057,130.67332797006347,138.2066921715381,131.56362235546112,130.18795680999756,1.7949556390131305,2.224975902879238,6.0,6.0,0.27127094856330786,0.0,2.241451693864429,1.8153384460093034,131.83489330402443,129.91668586143425,0.9793814442567964,0.013451453604708894,certain_temperate,412.3892466227213,543.0774456659952,POINT (556890.6118696139 8638990.591629414),ragna_mariebreen
ragna_mariebreen-20240317-DAT_0332_A1_2,3185.0,3735,133.6896514892578,556890.0096876281,8638985.602433741,545.6768663194445,2024-03-17 15:33:41.777777664+00:00,0,2024-04-29,100 MHz,20240317,130.93832111358643,133.6896514892578,135.5655517578125,2.186589943787787,1.8541549072265624,5,2.6869553710710727,0.38375581331717956,3.2870789632095483,3.485422968974683,130.97543011096488,138.27977313610543,131.81374442577362,130.43807888031006,1.7949556390131305,2.224975902879238,6.0,6.0,0.27127094856330786,0.3931259048786088,2.275665545069034,1.8574180064396106,132.29138017047984,129.96044313560384,0.9794200198368199,0.013426287068729162,certain_temperate,411.98721483018664,542.9255359437731,POINT (556890.0096876281 8638985.602433741),ragna_mariebreen
